INMA 
  Ergo, version 3.8.2, a program for linear scaling electronic structure
  calculations.
  Copyright (C) 2023 Elias Rudberg, Emanuel H. Rubensson, Pawel Salek,
  and Anastasia Kruchinina.
  
  This program is free software: you can redistribute it and/or modify
  it under the terms of the GNU General Public License as published by
  the Free Software Foundation, either version 3 of the License, or
  (at your option) any later version.
  
  This program is distributed in the hope that it will be useful,
  but WITHOUT ANY WARRANTY; without even the implied warranty of
  MERCHANTABILITY or FITNESS FOR A PARTICULAR PURPOSE.  See the
  GNU General Public License for more details.
  
  You should have received a copy of the GNU General Public License
  along with this program.  If not, see <http://www.gnu.org/licenses/>.
  
  Primary academic reference:
  Ergo: An open-source program for linear-scaling electronic structure
  calculations,
  Elias Rudberg, Emanuel H. Rubensson, Pawel Salek, and Anastasia
  Kruchinina,
  SoftwareX 7, 107 (2018),
  <http://dx.doi.org/10.1016/j.softx.2018.03.005>
  
  For further information about Ergo, see <http://www.ergoscf.org>.

INMA  threads_J := 8

INMA  threads_K := 8

INMA  threads := 8

INMA  no_of_threads_for_V := 8

INMA  threads := 1

INMA ERGO version 3.8.2

INMA Reading molecule file: /home/emanuel/clones/articles/sp8_acc_project/sp8_acc/plots/aspirin/aspirin.xyz

INMA read_molecule_file_in_xyz_format: File '/home/emanuel/clones/articles/sp8_acc_project/sp8_acc/plots/aspirin/aspirin.xyz' read OK, nBytes = 715
INMA read_molecule_file_in_xyz_format: nAtoms =     21
INMA Not using CHT, so values numWorkers_CHT=1 and numThreads_CHT=1 will be ignored.
INMA  initial_density := density.bin

INMA  basis := 6-311++Gss

INMA Basis really set to 6-311++Gss

INMA  calculation_identifier := Aspirin

INMA  create_mtx_file_S := 1

INMA  create_mtx_files_F := 1

INMA  create_mtx_files_D := 1

INMA running HF

ININ IntegralInfo::init() calling boysFunctionManager.init().
TIIN BoysFunctionManager::init took      0.05 usr cpu s       0.10 sys cpu s       0.02 wall s
ININ IntegralInfo::init() calling multipolePrep.init().
ININ IntegralInfo::init() calling mmLimitTable.init().
ININ IntegralInfo::init() calling monomial_info.init().
ININ IntegralInfo::init() calling hermite_conversion_info.init().
TIIN hermite_conversion_info_struct constructor took      0.18 usr cpu s       0.33 sys cpu s       0.34 wall s
ININ IntegralInfo::init() calling setup_basis_func_polys
WAIN Trying basis set file './6-311++Gss'...
WAIN Trying basis set file './6-311++Gss'...
WAIN Trying basis set file 'basis/6-311++Gss'...
WAIN Trying basis set file 'basis/6-311++Gss'...
WAIN Trying basis set file '../basis/6-311++Gss'...
WAIN Trying basis set file '../basis/6-311++Gss'...
WAIN Trying basis set file '/usr/local/share/ergo/basis/6-311++Gss'...
WAIN Trying basis set file '/usr/local/share/ergo/basis/6-311++Gss'...
WAIN Trying basis set file '/usr/local/share/ergo/6-311++Gss'...
WAIN Trying basis set file '/usr/local/share/ergo/6-311++Gss'...
WAIN Trying basis set file '/home/emanuel/clones/articles/sp8_acc_project/sp8_acc/plots/aspirin/ergo-3.8.2/basis/6-311++Gss'...
ININ total number of shells in basis set: 87
ININ Basis set file '6-311++Gss' processed OK, noOfAtomTypes = 10
ININ setup_shells_multi_basis_getcount, noOfShells = 170
ININ BasisInfoStruct::addBasisfuncsForAtomList, noOfShellsNew = 170
ININ BasisInfoStruct::normalizeShells finished, normalizationFactor min max :   0.99999981795   1.00000070408
ININ get_basis_funcs returned OK, number of basis funcs: 342
ININ getSimplePrimitivesAll returned OK, n = 566
ERMA Variable store_all_eigenvalues_to_file not found.

ERMA Undefined integer variable store_all_eigenvalues_to_file

IN   creating matrix SizesAndBlocks using blockSizeVector:
IN   blockSizeVector[0] =        65536
IN   blockSizeVector[1] =         8192
IN   blockSizeVector[2] =         1024
IN   blockSizeVector[3] =           32
IN   blockSizeVector[4] =            1
IN   creating matrix permutation using blockSizeVector:
IN   blockSizeVector[0] =        65536
IN   blockSizeVector[1] =         8192
IN   blockSizeVector[2] =         1024
IN   blockSizeVector[3] =           32
IN   blockSizeVector[4] =            1
INMA OpenMP not used in matrix library. Number of threads set to 1.
INMA Calling grid_set_tmpdir with tmpdir = '/tmp'
INMA Running HF (restarted)
INDE Create object from GetDensFromFock.
INSC SCF_general constructor, number of basis functions: 342
INSC ************** Some general info here **********************
INSC VERSION: 3.8.2  time :  Thu Dec 18 15:47:42 2025
INSC machine_epsilon =   1.1e-16
INSC sizeof(ergo_real) = 8
INSC sizeof(size_t)    = 8
INSC sizeof(int)       = 4
INSC sizeof(long)      = 8
INSC sizeof(char*)     = 8
INSC Host name:         'cheetah'
INSC Working directory: '/home/emanuel/clones/articles/sp8_acc_project/sp8_acc/plots/aspirin/aspirin_mtx'
INSC Process ID (PID):     188902
INSC ************************************************************
INSC Min internuclear distance:      1.85385 a.u.  =      0.98101 Angstrom
INSC Max internuclear distance:     15.20283 a.u.  =      8.04499 Angstrom
ININ compute_operator_matrix_sparse, nBastA =    342, nBastB =    342, pows (x y z) = (0 0 0)
ININ create_box_system end OK, toplevelBoxSize:   7.0, #levels:  3, #boxes at top level:      6
ININ compute_operator_matrix_sparse finished.
TIIN compute_operator_matrix_sparse took      0.14 usr cpu s       0.00 sys cpu s       0.14 wall s
IN   diag elements of ovl matrix differ from 1 by at most 4.44089e-16
INSC Matrix 'S_symm before trunc' ( symm ): n =    342, nnz =       116964 <-> 100.00 %, mem usage  0.0005 G
INSC truncating S using threshold value  1e-09
INSC Truncated S (eucl), selected threshold =      1e-09, returned error =          0, nnz before = 100.0000 %, nnz after = 100.0000 %
INSC Computing Euclidean norm of overlap matrix (just for fun)...
TISC S_symm.eucl() took      0.02 usr cpu s       0.03 sys cpu s       0.01 wall s
INSC Euclidean norm of overlap matrix =         15.36732802770  (acc 1.49e-08)
INSC Calling invCholFactor.inch with matOpts.threshold_inch = 1e-10
TISC invCholFactor.inch took      0.01 usr cpu s       0.03 sys cpu s       0.01 wall s
INSC Matrix 'invCholFactor before truncation' (triang): n =    342, nnz =        63844 <->  54.58 %, mem usage  0.0005 G
INSC truncating Z using threshold value  1e-08
INSC Truncated Z (eucl), selected threshold =      1e-08, returned error =          0, nnz before = 54.5843 %, nnz after = 54.5843 %
INSC Matrix 'invCholFactor after truncation' (triang): n =    342, nnz =        63844 <->  54.58 %, mem usage  0.0005 G
INSC Frobenius norm of invCholFactor after truncation =       1534.98128408718
INSC Euclidean norm of invCholFactor after truncation =       1185.38986007010
TISC invCholFactor.eucl() took      0.01 usr cpu s       0.03 sys cpu s       0.00 wall s
INSC testing invCholFactor by computing ZT*S*Z
INSC Truncating tmp matrix S*Z using eucl_thresh() with threshold value  1e-08
INSC frobenius_error for ZT*S*Z is 4.9096e-08
TISC testing invCholFactor by computing ZT*S*Z took      0.02 usr cpu s       0.04 sys cpu s       0.01 wall s
INSC entering compute_h_core_matrix_sparse, nAtoms = 21, n = 342, threshold = 1e-12
ININ get_basis_func_pair_list_simple, n =    342
ININ create_box_system end OK, toplevelBoxSize:   6.5, #levels:  3, #boxes at top level:      6
TIIN get_basis_func_pair_list_simple took      0.02 usr cpu s       0.05 sys cpu s       0.01 wall s
ININ get_basis_func_pair_list_simple, n =    342
ININ create_box_system end OK, toplevelBoxSize:   6.5, #levels:  3, #boxes at top level:      6
TIIN get_basis_func_pair_list_simple took      0.01 usr cpu s       0.06 sys cpu s       0.01 wall s
IN   compute_T_matrix_sparse_linear: n = 342, threshold = 1e-12, boxSize = 6.500000
IN   compute_T_matrix_sparse_linear: noOfBasisFuncIndexPairs = 57201 ==> storing  48.90 % of a full matrix
INSC compute_T_sparse_linear returned OK.
TISC compute_T_sparse_linear took      0.61 usr cpu s       0.40 sys cpu s       0.52 wall s
IN   compute_V_sparse, no of atoms =    21, maxCharge =   8.00
ININ get_basis_func_pair_list_1el_for_V, n =    342
ININ create_box_system end OK, toplevelBoxSize:   6.5, #levels:  3, #boxes at top level:      6
TIIN get_basis_func_pair_list_1el_for_V took      0.06 usr cpu s       0.00 sys cpu s       0.06 wall s
ININ get_basis_func_pair_list_1el_for_V, n =    342
ININ create_box_system end OK, toplevelBoxSize:   6.5, #levels:  3, #boxes at top level:      6
TIIN get_basis_func_pair_list_1el_for_V took      0.06 usr cpu s       0.00 sys cpu s       0.06 wall s
IN   noOfBasisFuncIndexPairs = 52378 ==> storing  44.78 % of a full matrix
ININ compute_V_and_gradient_linear start, compute_gradient_also = 0.
ININ compute_V_and_gradient_linear nDistrs    =    360064
ININ compute_V_and_gradient_linear groupCount =     14531
ININ create_box_system end OK, toplevelBoxSize:   6.5, #levels:  3, #boxes at top level:      6
TIIN compute_V_and_gradient_linear init part (including create_nuclei_mm_tree) took      0.20 usr cpu s       0.02 sys cpu s       0.22 wall s
ININ get_nucl_repulsion_energy_using_multipoles() gave nuclRepEnergy =        782.16048385763
TIIN get_nucl_repulsion_energy_using_multipoles took      0.00 usr cpu s       0.00 sys cpu s       0.00 wall s
TIIN compute_V_and_gradient_linear main part took      0.94 usr cpu s       0.00 sys cpu s       0.94 wall s
TIIN compute_V_and_gradient_linear total took      1.15 usr cpu s       0.02 sys cpu s       1.16 wall s
TISC Computation of V took      1.28 usr cpu s       0.02 sys cpu s       1.30 wall s
INSC compute_h_core_matrix_sparse ending OK.
TISC compute_h_core_matrix_sparse took      1.88 usr cpu s       0.42 sys cpu s       1.82 wall s
INSC Matrix 'H_core_Matrix before trunc' ( symm ): n =    342, nnz =       116964 <-> 100.00 %, mem usage  0.0005 G
INSC Truncated H_core_Matrix (eucl with Z), selected threshold =      5e-11, returned error =          0, nnz before = 100.0000 %, nnz after = 100.0000 %
INSC Matrix 'H_core_Matrix after trunc' ( symm ): n =    342, nnz =       116964 <-> 100.00 %, mem usage  0.0005 G
INMA get_nuclear_electric_field_energy, N = 21
INMA get_nuclear_electric_field_energy returning energy          0.0000000000000000000000
INSC SCF_general::do_SCF_iterations
INSC getting starting guess density from file 'density.bin'
INMA ddf_load_density_sparse("density.bin")
INMA get_basis_funcs for starting guess basis set returned OK, number of basis funcs: 222
INMA getSimplePrimitivesAll for starting guess basis set returned OK, n = 446
IN   creating matrix SizesAndBlocks using blockSizeVector:
IN   blockSizeVector[0] =        10240
IN   blockSizeVector[1] =         1280
IN   blockSizeVector[2] =          160
IN   blockSizeVector[3] =           20
IN   blockSizeVector[4] =            1
IN   creating matrix permutation using blockSizeVector:
IN   blockSizeVector[0] =        10240
IN   blockSizeVector[1] =         1280
IN   blockSizeVector[2] =          160
IN   blockSizeVector[3] =           20
IN   blockSizeVector[4] =            1
ININ compute_operator_matrix_sparse, nBastA =    342, nBastB =    222, pows (x y z) = (0 0 0)
ININ create_box_system end OK, toplevelBoxSize:   7.0, #levels:  3, #boxes at top level:      6
ININ compute_operator_matrix_sparse finished.
TIIN compute_operator_matrix_sparse took      0.16 usr cpu s       0.19 sys cpu s       0.12 wall s
IN   trying to create PR_sparse
TI   PR_sparse = P * R multiplication took      0.03 usr cpu s       0.02 sys cpu s       0.01 wall s
IN   calling get_dens_from_fock_general for SDS to force idempotency and correct trace of starting guess
INDE get_dens_from_fock_general, n = 342, use_diagonalization = 0, use_diag_on_error = 0
INDE Before writeAndReadAll(): AllocatorManager statistics:  noOfRealsPerBuffer: 1024 noOfBuffers: 20000 list.size(): 1. Allocated: 0.164 GB, Used: 0.0027 GB, Peak alloc: 0.164 GB.
TIDE FileWritable::writeAndReadAll took      0.00 usr cpu s       0.00 sys cpu s       0.00 wall s
INDE writeAndReadAll sizesStr: '0 MB (2 MatrixGeneral, 0 > 1 MB) + 0 MB (15 MatrixSymmetric, 0 > 1 MB) = 0 MB (17 total, 0 > 1 MB)
INDE After writeAndReadAll(): AllocatorManager statistics:  noOfRealsPerBuffer: 1024 noOfBuffers: 20000 list.size(): 1. Allocated: 0.164 GB, Used: 0.0027 GB, Peak alloc: 0.164 GB.
INDE calling get_dens_from_fock_sparse, n =    342, subspaceErrorLimit = 1e-06
INDE get_dens_from_fock_sparse() start!
INDE After F.readFromFile(): AllocatorManager statistics:  noOfRealsPerBuffer: 1024 noOfBuffers: 20000 list.size(): 1. Allocated: 0.164 GB, Used: 0.00315 GB, Peak alloc: 0.164 GB.
INDE After creating wrapper MatrixType F_w(F): AllocatorManager statistics:  noOfRealsPerBuffer: 1024 noOfBuffers: 20000 list.size(): 1. Allocated: 0.164 GB, Used: 0.0036 GB, Peak alloc: 0.164 GB.
TIDE  F_w to orthogonal basis took      0.03 usr cpu s       0.03 sys cpu s       0.01 wall s
TIDE MatrixType::mixed_diff for maxEigValMovement_mixed took      0.00 usr cpu s       0.01 sys cpu s       0.00 wall s
TIDE symmMatrixWrap::eucl_diff for maxEigValMovement_eucl  took      0.12 usr cpu s       0.32 sys cpu s       0.06 wall s
INDE maxEigValMovement_frob  =         13.70992123862
INDE maxEigValMovement_mixed =         10.37095645984
INDE maxEigValMovement_eucl  =          1.99997548563
INDE lumo before truncation: [ -10000000000000000000000.000000000000 , 10000000000000000000000.000000000000 ]
INDE homo before truncation: [ -10000000000000000000000.000000000000 , 10000000000000000000000.000000000000 ]
INDE Truncate matrix F and update intervals for homo and lumo.
INDE Truncating F_ort ( mixed ), selected threshold =      5e-09
INDE Truncated F_ort ( mixed ), selected threshold =      5e-09, returned error =          0, nnz before = 100.0000 %, nnz after = 100.0000 %
TIDE Truncation of F_ort took      0.00 usr cpu s       0.00 sys cpu s       0.00 wall s
INDE Chosen Ergo Wrapper
INDE Creating purification object: N = 342 , nocc = 47 , NNZ = 116964  <-> 100.00000 %
INDE Chosen norm for the truncation: 
INDE mixed
INDE Chosen norm for the stopping criterion: 
INDE mixed
INDE Chosen the NEW stopping criterion.
INDE Allowed error in subspace 7.000000e-07
INDE Chosen SP2 purification method
INDE calling Puri->PurificationStart(), number of threads = 1, trunc norm 'mixed'
TIDE gershgorin took      0.00 usr cpu s       0.01 sys cpu s       0.00 wall s
INDE Gershgorin bounds: [ -12.246917599393 , 10.746082287504 ]
INDE EXPANDED Gershgorin bounds: [ -12.246917614295 , 10.746082302405 ]
INDE Trying to impove bounds using Lanczos algorithm...
TIDE compute_spectrum_bounds took      0.03 usr cpu s       0.12 sys cpu s       0.02 wall s
INDE Spectrum of F: 	 [ -1.999988582469 , 0.000014901165 ]
INDE Transform homo and lumo bounds...
INDE Bounds for homo and lumo of F are overlapping.
INDE HOMO bounds of X: 	 [ 0.000000000000 , 1.000000000000 ]
INDE LUMO bounds of X: 	 [ -0.000000000000 , 1.000000000000 ]
INDE ESTIMATED NUMBER OF ITERATIONS IS 100
INDE Put eigenvalues of F to the interval [0,1] in reverse order.
TIDE compute_X() took      0.00 usr cpu s       0.00 sys cpu s       0.00 wall s
TIDE prepare_to_purification() took      0.03 usr cpu s       0.13 sys cpu s       0.02 wall s
INDE (EIGV,PARAMS) Requested 0 occipied eigenpair(s).
INDE (EIGV,PARAMS) Requested 0 unoccipied eigenpair(s).
TIDE prepare_to_purification_eigenvectors() took      0.00 usr cpu s       0.00 sys cpu s       0.00 wall s
INDE Starting recursive expansion
INDE     BEFORE ITERATIONS:
TIDE truncate_matrix took      0.00 usr cpu s       0.00 sys cpu s       0.00 wall s
INDE Actual introduced error   0.000000e+00 : nnz before  116964 <-> 100.00 % , nnz after  116964 <-> 100.00 %
TIDE square took      0.01 usr cpu s       0.04 sys cpu s       0.01 wall s
INDE NNZ Xsq = 116964 <-> 100.00 %
TIDE Frobenius norm of X-X^2 took      0.00 usr cpu s       0.00 sys cpu s       0.00 wall s
TIDE Mixed norm of X-X^2 took      0.00 usr cpu s       0.02 sys cpu s       0.00 wall s
TIDE Trace of X-X^2 took      0.00 usr cpu s       0.00 sys cpu s       0.00 wall s
INDE ||X-X^2||_F = 8.411123e-04 , ||X-X^2||_mixed = 6.703276e-04
INDE trace(X-X^2) = 6.686716e-03
INDE trace(X) = 4.699771e+01
TIDE Iteration 0 took      0.01 usr cpu s       0.06 sys cpu s       0.01 wall s
TIDE FileWritable::writeAndReadAll took      0.00 usr cpu s       0.00 sys cpu s       0.00 wall s
INDE writeAndReadAll sizesStr: '0 MB (2 MatrixGeneral, 0 > 1 MB) + 0 MB (21 MatrixSymmetric, 0 > 1 MB) + 0 MB (2 VectorGeneral, 0 > 1 MB) = 0 MB (25 total, 0 > 1 MB)
INDE     ITERATION 1 :
TIDE purify_X took      0.00 usr cpu s       0.00 sys cpu s       0.00 wall s
TIDE truncate_matrix took      0.00 usr cpu s       0.00 sys cpu s       0.00 wall s
INDE Actual introduced error   0.000000e+00 : nnz before  116964 <-> 100.00 % , nnz after  116964 <-> 100.00 %
TIDE square took      0.02 usr cpu s       0.03 sys cpu s       0.01 wall s
INDE NNZ Xsq = 116964 <-> 100.00 %
TIDE Frobenius norm of X-X^2 took      0.00 usr cpu s       0.00 sys cpu s       0.00 wall s
TIDE Mixed norm of X-X^2 took      0.00 usr cpu s       0.01 sys cpu s       0.00 wall s
TIDE Trace of X-X^2 took      0.00 usr cpu s       0.00 sys cpu s       0.00 wall s
INDE ||X-X^2||_F = 2.559307e-04 , ||X-X^2||_mixed = 1.257413e-04
INDE trace(X-X^2) = 4.396445e-03
INDE trace(X) = 4.700440e+01
TIDE Iteration 1 took      0.03 usr cpu s       0.05 sys cpu s       0.01 wall s
INDE     ITERATION 2 :
TIDE purify_X took      0.00 usr cpu s       0.00 sys cpu s       0.00 wall s
TIDE truncate_matrix took      0.00 usr cpu s       0.00 sys cpu s       0.00 wall s
INDE Actual introduced error   0.000000e+00 : nnz before  116964 <-> 100.00 % , nnz after  116964 <-> 100.00 %
TIDE square took      0.01 usr cpu s       0.04 sys cpu s       0.01 wall s
INDE NNZ Xsq = 116964 <-> 100.00 %
TIDE Frobenius norm of X-X^2 took      0.00 usr cpu s       0.00 sys cpu s       0.00 wall s
TIDE Mixed norm of X-X^2 took      0.00 usr cpu s       0.01 sys cpu s       0.00 wall s
TIDE Trace of X-X^2 took      0.00 usr cpu s       0.00 sys cpu s       0.00 wall s
INDE ||X-X^2||_F = 3.244000e-07 , ||X-X^2||_mixed = 2.702862e-07
INDE trace(X-X^2) = 1.448201e-06
INDE trace(X) = 4.700000e+01
INDE Checking stopping criterion...   
INDE e_i =2.702862e-07, C*e_{i-1}^q = 3.094688e-06
INDE Order of convergence = 2.333613, stop = 0
TIDE stopping_criterion took      0.00 usr cpu s       0.00 sys cpu s       0.00 wall s
TIDE Iteration 2 took      0.02 usr cpu s       0.05 sys cpu s       0.01 wall s
INDE     ITERATION 3 :
TIDE purify_X took      0.00 usr cpu s       0.00 sys cpu s       0.00 wall s
TIDE truncate_matrix took      0.00 usr cpu s       0.00 sys cpu s       0.00 wall s
INDE Actual introduced error   0.000000e+00 : nnz before  116964 <-> 100.00 % , nnz after  116964 <-> 100.00 %
TIDE square took      0.02 usr cpu s       0.03 sys cpu s       0.01 wall s
INDE NNZ Xsq = 116964 <-> 100.00 %
TIDE Frobenius norm of X-X^2 took      0.00 usr cpu s       0.00 sys cpu s       0.00 wall s
TIDE Mixed norm of X-X^2 took      0.00 usr cpu s       0.01 sys cpu s       0.00 wall s
TIDE Trace of X-X^2 took      0.00 usr cpu s       0.00 sys cpu s       0.00 wall s
INDE ||X-X^2||_F = 7.627402e-09 , ||X-X^2||_mixed = 3.749206e-09
INDE trace(X-X^2) = 1.310050e-07
INDE trace(X) = 4.700000e+01
INDE Checking stopping criterion...   
INDE e_i =3.749206e-09, C*e_{i-1}^q = 1.088926e-07
INDE Order of convergence = 2.375093, stop = 0
TIDE stopping_criterion took      0.00 usr cpu s       0.00 sys cpu s       0.00 wall s
TIDE Iteration 3 took      0.03 usr cpu s       0.05 sys cpu s       0.01 wall s
INDE     ITERATION 4 :
TIDE purify_X took      0.00 usr cpu s       0.00 sys cpu s       0.00 wall s
TIDE truncate_matrix took      0.00 usr cpu s       0.00 sys cpu s       0.00 wall s
INDE Actual introduced error   0.000000e+00 : nnz before  116964 <-> 100.00 % , nnz after  116964 <-> 100.00 %
TIDE square took      0.02 usr cpu s       0.04 sys cpu s       0.01 wall s
INDE NNZ Xsq = 116964 <-> 100.00 %
TIDE Frobenius norm of X-X^2 took      0.00 usr cpu s       0.00 sys cpu s       0.00 wall s
TIDE Mixed norm of X-X^2 took      0.00 usr cpu s       0.00 sys cpu s       0.00 wall s
TIDE Trace of X-X^2 took      0.00 usr cpu s       0.00 sys cpu s       0.00 wall s
INDE ||X-X^2||_F = 7.198555e-14 , ||X-X^2||_mixed = 0.000000e+00
INDE trace(X-X^2) = 2.060574e-13
INDE trace(X) = 4.700000e+01
INDE Checking stopping criterion...   
INDE ************************************************************************************************************
INDE The norm value went much below machine precision, therefore we stop here since n_max can be underestimated.
INDE ************************************************************************************************************
INDE e_i =0.000000e+00, C*e_{i-1}^q = 5.031419e-13
INDE Order of convergence = inf, stop = 1
TIDE stopping_criterion took      0.00 usr cpu s       0.00 sys cpu s       0.00 wall s
INDE PURIFICATION CONVERGED after 4 iterations
TIDE Iteration 4 took      0.02 usr cpu s       0.04 sys cpu s       0.01 wall s
INDE Number of non-zeros in D is  116964 <-> 100.00 %
TIDE FileWritable::writeAndReadAll took      0.00 usr cpu s       0.00 sys cpu s       0.00 wall s
INDE writeAndReadAll sizesStr: '0 MB (2 MatrixGeneral, 0 > 1 MB) + 0 MB (21 MatrixSymmetric, 0 > 1 MB) + 0 MB (2 VectorGeneral, 0 > 1 MB) = 0 MB (25 total, 0 > 1 MB)
INDE TOTAL X square time: 0.034323 wall s
INDE TOTAL X trunction time: 0.001156 wall s
INDE TOTAL X purify (exl. X^2 computation) time: 0.000992 wall s
INDE TOTAL time to get number of non-zero elements: 0.000194 wall s
INDE TOTAL time to get mixed norm: 0.008067 wall s
INDE TOTAL time to get Frobenius norm: 0.001229 wall s
INDE TOTAL time for stopping criterion: 0.000208 wall s
INDE TOTAL time to get matrix trace: 0.000118 wall s
INDE Estimated bounds for the eigenvalues for the Fock matrix:
INDE LUMO: [ -0.000028396065 , 0.000000002339 ]
INDE HOMO: [ -1.999776955144 , -1.999253344757 ]
TIDE eigenvalue_bounds_estimation() took      0.00 usr cpu s       0.00 sys cpu s       0.00 wall s
TIDE Recursive expansion took      0.14 usr cpu s       0.39 sys cpu s       0.07 wall s
TIDE Puri->PurificationStart() took      0.14 usr cpu s       0.39 sys cpu s       0.07 wall s
TIDE Accumulated wall times for writeToFile in PurificationStart()          : 0 s (MatrixGeneral) + 0 s (MatrixSymmetric) + 9.5e-06 s (VectorGeneral) = 9.5e-06 s
TIDE Accumulated wall times for readFromFile in PurificationStart()         : 0 s (MatrixGeneral) + 2.9e-06 s (MatrixSymmetric) + 3.1e-06 s (VectorGeneral) = 6e-06 s
TIDE Accumulated wall times for copy and assign in PurificationStart()      : 9.5e-07 s (MatrixSymmetric) + 7.2e-06 s (VectorGeneral) = 8.1e-06 s
INDE Number of calls to writeToFile in PurificationStart()                  : 4 (MatrixGeneral) + 43 (MatrixSymmetric) + 147 (VectorGeneral) = 194 
INDE Number of calls to readFromFile in PurificationStart()                 : 4 (MatrixGeneral) + 42 (MatrixSymmetric) + 61 (VectorGeneral) = 107 
INDE Number of calls to FileWritable copy and assign in PurificationStart() : 2 (MatrixSymmetric) + 6 (VectorGeneral) = 8 
TIDE mat::Gblas::time after purification :     0.321083
INDE Created .m files with results of the purification
INDE Purification converged OK
INDE E(LUMO) - E(HOMO) >=          1.99922494869 =         54.40168253149 eV
INDE E(LUMO) - E(HOMO) <=          1.99977695748 =         54.41670345600 eV
INDE HOMO interval : [   -1.999776955144   -1.999253344757 ]
INDE LUMO interval : [   -0.000028396065    0.000000002339 ]
INDE Trace of resulting density matrix is         47.00000000000, error is  -0.00000000000022.
INDE Truncated D_ort ( mixed ), selected threshold = 9.99999e-08, returned error =          0, nnz before = 116964 <-> 100.0000 %, nnz after = 116964 <-> 100.0000 %
TIDE FileWritable::writeAndReadAll took      0.00 usr cpu s       0.00 sys cpu s       0.00 wall s
INDE writeAndReadAll sizesStr: '0 MB (2 MatrixGeneral, 0 > 1 MB) + 0 MB (20 MatrixSymmetric, 0 > 1 MB) + 0 MB (1 MatrixTriangular, 0 > 1 MB) = 0 MB (23 total, 0 > 1 MB)
TIDE D_w to non-orthogonal basis took      0.02 usr cpu s       0.03 sys cpu s       0.01 wall s
INDE Truncated D_S (eucl with Z), selected threshold = 9.99999e-08, returned error =          0, nnz before = 100.0000 %, nnz after = 100.0000 %
INDE get_dens_from_fock_sparse ending OK
TIDE get_dens_from_fock_sparse took      0.50 usr cpu s       1.42 sys cpu s       0.25 wall s
ERDE get_dens_from_fock  (GetDensFromFock class) : purification finished OK.
TIDE get_dens_from_fock took      0.50 usr cpu s       1.43 sys cpu s       0.25 wall s
IN   get_dens_from_fock_general finished OK.
TI   load_density_and_project_sparse took      0.71 usr cpu s       1.69 sys cpu s       0.39 wall s
INSC Matrix 'starting guess density matrix' ( symm ): n =    342, nnz =       116964 <-> 100.00 %, mem usage  0.0005 G
INSC Beginning of SCF cycle 1:  Thu Dec 18 15:47:45 2025
INDE compute_J_by_boxes_sparse() start.
TIDE FileWritable::writeAndReadAll took      0.00 usr cpu s       0.00 sys cpu s       0.00 wall s
INDE writeAndReadAll: '0 MB (1 MatrixGeneral, 0 > 1 MB) + 0 MB (11 MatrixSymmetric, 0 > 1 MB) = 0 MB (12 total, 0 > 1 MB)
IN   compute_J_by_boxes_sparse, maxDensityMatrixElement =          3.66937579829
ININ get_basis_func_pair_list, n =    342
ININ create_box_system end OK, toplevelBoxSize:   7.0, #levels:  3, #boxes at top level:      6
TIIN get_basis_func_pair_list_2el took      0.23 usr cpu s       0.21 sys cpu s       0.18 wall s
IN   compute_J_by_boxes_sparse: noOfBasisFuncIndexPairs = 51936 ==> storing  44.40 % of a full matrix
ININ entering compute_J_by_boxes_linear, no of basis funcs =   342, threshold_J =   1e-12
ININ use_fmm = 1, fmm_box_size =   5.00
TIIN Compute extent for all distrs took      0.45 usr cpu s       0.00 sys cpu s       0.45 wall s
ININ extent_min =    0.000, extent_max =   19.146
ININ Creating list of distributions etc done, distrCount =    345467
TIIN Creating list of distributions etc took      0.65 usr cpu s       0.01 sys cpu s       0.67 wall s
ININ create_box_system end OK, toplevelBoxSize:   5.0, #levels:  3, #boxes at top level:     10
TIIN Creating boxes took      0.04 usr cpu s       0.01 sys cpu s       0.05 wall s
ININ noOfBranches = 5, splitters:  10.00  5.00  2.50  0.00
ININ J org done, groupCount =    15277
TIIN J org took      1.56 usr cpu s       0.00 sys cpu s       1.57 wall s
TIIN Generate group multipoles took      0.63 usr cpu s       0.00 sys cpu s       0.63 wall s
ININ totChargeWholeSystem =          0.00000000000
ININ Generating multipole for each branch at top level, MAX_MULTIPOLE_DEGREE = 15
TIIN Translate multipoles (step 1) took      0.43 usr cpu s       0.00 sys cpu s       0.43 wall s
TIIN Translate multipoles (step 2) took      0.08 usr cpu s       0.00 sys cpu s       0.08 wall s
ININ job lists for J created OK, noOfJobs_J_standard =     1253, noOfJobs_J_multipole =       44
TIIN Creating job lists for J took      0.00 usr cpu s       0.00 sys cpu s       0.00 wall s
ININ execute_joblist_J_std_threaded, noOfThreads =  8
ININ 8 threads started OK.
ININ all 8 threads have finished.
TIIN execute_joblist_J_std_threaded took    223.07 usr cpu s       0.21 sys cpu s      33.82 wall s
TIIN sort_list_of_multipole_jobs init part took      0.00 usr cpu s       0.00 sys cpu s       0.00 wall s
TIIN sort_list_of_multipole_jobs complete took      0.00 usr cpu s       0.00 sys cpu s       0.00 wall s
TIIN sort_list_of_multipole_jobs took      0.00 usr cpu s       0.00 sys cpu s       0.00 wall s
ININ execute_joblist_J_fmm_shared: Allocating multipoleList_4, maxnoOfMinimalDistrsPerBoxBranch =     64865
ININ execute_joblist_J_fmm_shared: jobIndexLo =            0, jobIndexHi =            5
ININ execute_joblist_J_fmm_shared: Allocating multipoleList_4, maxnoOfMinimalDistrsPerBoxBranch =     64865
ININ execute_joblist_J_fmm_shared: jobIndexLo =            5, jobIndexHi =           11
ININ execute_joblist_J_fmm_shared: Allocating multipoleList_4, maxnoOfMinimalDistrsPerBoxBranch =     64865
ININ execute_joblist_J_fmm_shared: Allocating multipoleList_4, maxnoOfMinimalDistrsPerBoxBranch =     64865
ININ execute_joblist_J_fmm_shared: jobIndexLo =           16, jobIndexHi =           22
ININ execute_joblist_J_fmm_shared: jobIndexLo =           11, jobIndexHi =           16
ININ execute_joblist_J_fmm_shared: Allocating multipoleList_4, maxnoOfMinimalDistrsPerBoxBranch =     64865
ININ execute_joblist_J_fmm_shared: jobIndexLo =           22, jobIndexHi =           27
ININ execute_joblist_J_fmm_shared: Allocating multipoleList_4, maxnoOfMinimalDistrsPerBoxBranch =     64865
ININ execute_joblist_J_fmm_shared: jobIndexLo =           27, jobIndexHi =           33
ININ execute_joblist_J_fmm_shared: Allocating multipoleList_4, maxnoOfMinimalDistrsPerBoxBranch =     64865
ININ execute_joblist_J_fmm_shared: jobIndexLo =           33, jobIndexHi =           38
ININ execute_joblist_J_fmm_shared: Allocating multipoleList_4, maxnoOfMinimalDistrsPerBoxBranch =     64865
ININ execute_joblist_J_fmm_shared: jobIndexLo =           38, jobIndexHi =           44
ININ execute_joblist_J_fmm_shared: done!
ININ execute_joblist_J_fmm_shared: done!
ININ execute_joblist_J_fmm_shared: done!
ININ execute_joblist_J_fmm_shared: done!
ININ execute_joblist_J_fmm_shared: done!
ININ execute_joblist_J_fmm_shared: done!
ININ execute_joblist_J_fmm_shared: done!
ININ execute_joblist_J_fmm_shared: done!
ININ multipole job list for J executed, largest L used: 13
TIIN Executing multipole job list for J took      0.31 usr cpu s       0.12 sys cpu s       0.15 wall s
ININ compute_J_by_boxes_linear ending OK.
TIIN compute_J_by_boxes_linear took    226.79 usr cpu s       0.35 sys cpu s      37.42 wall s
TI   compute_J_by_boxes_sparse total took    227.03 usr cpu s       0.57 sys cpu s      37.61 wall s
ININ entering create_CSR_for_K, no of basis funcs =   342, threshold_K =   1e-12
ININ create_box_system end OK, toplevelBoxSize:   7.0, #levels:  3, #boxes at top level:      6
ININ create_box_system end OK, toplevelBoxSize:   7.0, #levels:  3, #boxes at top level:      6
ININ create_box_system end OK, toplevelBoxSize:   7.0, #levels:  3, #boxes at top level:      6
TIIN create_CSR_for_K getting list of distrs took      0.44 usr cpu s       0.02 sys cpu s       0.47 wall s
ININ list of neighbors complete.
TIIN create_CSR_for_K getting list of neighbors took      0.00 usr cpu s       0.00 sys cpu s       0.00 wall s
TIIN create_CSR_for_K sort each list of neighbors took      0.06 usr cpu s       0.00 sys cpu s       0.06 wall s
ININ 8 threads started OK.
TIIN identify_needed_elements() took    586.38 usr cpu s       0.65 sys cpu s      80.68 wall s
ININ computing nnz..
ININ create_CSR_for_K: predicted nnz =        58653, <->  50.15% of a full matrix
TIIN create_CSR_for_K last part took      0.00 usr cpu s       0.00 sys cpu s       0.00 wall s
TIIN create_CSR_for_K total took    586.89 usr cpu s       0.67 sys cpu s      81.22 wall s
ININ entering compute_K_by_boxes, no of basis funcs =   342, threshold_K =   1e-12, exchange_box_size =   5.00
ININ create_box_system end OK, toplevelBoxSize:   7.0, #levels:  3, #boxes at top level:      6
ININ create_box_system end OK, toplevelBoxSize:   7.0, #levels:  3, #boxes at top level:      6
ININ create_box_system end OK, toplevelBoxSize:   7.0, #levels:  3, #boxes at top level:      6
TIIN Compute extent for all distrs took      0.49 usr cpu s       0.00 sys cpu s       0.50 wall s
ININ Creating list of distributions done, distrCountTot =    345467
TIIN Creating list of distributions took      0.79 usr cpu s       0.00 sys cpu s       0.81 wall s
ININ create_box_system end OK, toplevelBoxSize:   5.0, #levels:  3, #boxes at top level:     10
ININ create_box_system end OK, toplevelBoxSize:   2.5, #levels:  4, #boxes at top level:     16
ININ noOfLevelsBasisFuncs = 4, noOfLevelsDiff = 1
TIIN Creating boxes etc took      0.04 usr cpu s       0.00 sys cpu s       0.04 wall s
TIIN getting multipoleNormVectorList took      0.80 usr cpu s       0.01 sys cpu s       0.81 wall s
TIIN K organize_distributions for all boxes took      1.98 usr cpu s       0.01 sys cpu s       2.00 wall s
ININ starting loop to setup basisFuncGroupInfoList, with added index checks.
TIIN GetLimitsAllLevels took      0.30 usr cpu s       0.00 sys cpu s       0.30 wall s
ININ getDmatLimitMatrixCSRList start.
TIIN getting densityMatrixLimitMatrixList took      0.02 usr cpu s       0.00 sys cpu s       0.02 wall s
ININ job list for K created,       55 jobs
TIIN creating job list for K took      0.00 usr cpu s       0.00 sys cpu s       0.00 wall s
ININ execute_joblist_K_threaded, noOfThreads =  8, basisFuncListCount_max =   324
ININ 8 threads started OK.
ININ all 8 threads have finished, took       33 wall s.
TIIN Executing job list for K took    153.27 usr cpu s       0.17 sys cpu s      32.64 wall s
TIIN compute_K_by_boxes took    157.21 usr cpu s       0.18 sys cpu s      36.61 wall s
TI   compute_K_by_boxes_sparse total took    744.13 usr cpu s       0.86 sys cpu s     117.87 wall s
INSC About to truncate FockMatrix, gap of Fprev >= -20000000000000000000000.00000000000
TISC symmMatrix::mixed_diff for F vs Fprev maxEigValMovement_mixed took      0.00 usr cpu s       0.00 sys cpu s       0.00 wall s
TISC symmMatrix::eucl_diff for maxEigValMovement_eucl  took      0.06 usr cpu s       0.25 sys cpu s       0.05 wall s
INSC maxEigValMovement_frob  =        122.46420494310
INSC maxEigValMovement_mixed =         74.76392129354
INSC maxEigValMovement_eucl  =         45.28519100716
TISC FockMatrix.eucl_thresh() (with Z) took      0.15 usr cpu s       0.44 sys cpu s       0.10 wall s
INSC Truncated FockMatrix (eucl with Z), selected threshold =      5e-09, returned error =          0, nnz before = 100.0000 %, nnz after = 100.0000 %
INSC Matrix 'S' ( symm ): n =    342, nnz =       116964 <-> 100.00 %, mem usage  0.0005 G
INSC Matrix 'F' ( symm ): n =    342, nnz =       116964 <-> 100.00 %, mem usage  0.0005 G
INSC Matrix 'D' ( symm ): n =    342, nnz =       116964 <-> 100.00 %, mem usage  0.0005 G
INSC nuclearEnergy, energy_2el, energy = 782.160484, 1007.696887, -645.085995
INSC Energy   1 =       -645.08599487298
INSC calling compute_FDSminusSDF_sparse, n = 342
INDE compute_FDSminusSDF_sparse() start.
TIDE FileWritable::writeAndReadAll took      0.00 usr cpu s       0.00 sys cpu s       0.00 wall s
INDE writeAndReadAll: '0 MB (1 MatrixGeneral, 0 > 1 MB) + 0 MB (9 MatrixSymmetric, 0 > 1 MB) = 0 MB (10 total, 0 > 1 MB)
TISC compute_FDSminusSDF_sparse, F*D mult took      0.04 usr cpu s       0.15 sys cpu s       0.03 wall s
INSC Matrix 'FD before eucl truncation' (normal): n =    342, nnz =       116964 <-> 100.00 %, mem usage  0.0009 G
INSC Matrix 'FD after  eucl truncation' (normal): n =    342, nnz =       116964 <-> 100.00 %, mem usage  0.0009 G
INSC Matrix 'FDS before eucl truncation' (normal): n =    342, nnz =       116964 <-> 100.00 %, mem usage  0.0009 G
INSC Matrix 'FDS after  eucl truncation' (normal): n =    342, nnz =       116964 <-> 100.00 %, mem usage  0.0009 G
INSC compute_FDSminusSDF_sparse ending OK.
TISC compute_FDSminusSDF_sparse took      0.13 usr cpu s       0.51 sys cpu s       0.09 wall s
INSC Matrix 'FDS-SDF' (normal): n =    342, nnz =       116964 <-> 100.00 %, mem usage  0.0009 G
INSC SCF_restricted::get_FDSminusSDF finished.
TISC get_FDSminusSDF took      0.13 usr cpu s       0.52 sys cpu s       0.09 wall s
INSC maxabs FDS-SDF is    0.032
INSC frob   FDS-SDF is     0.57
TISC get_error_measure took      0.00 usr cpu s       0.02 sys cpu s       0.00 wall s
INSC entering DIISManagerRestricted::AddIterationToList, IterCount =  0
INSC DIISManagerRestricted::AddIterationToList ending OK.
TISC DIISManagerRestricted::AddIterationToList took      0.00 usr cpu s       0.01 sys cpu s       0.00 wall s
TISC clear_error_matrices took      0.00 usr cpu s       0.00 sys cpu s       0.00 wall s
TISC save_current_fock_as_fprev took      0.00 usr cpu s       0.00 sys cpu s       0.00 wall s
INDE get_dens_from_fock_general, n = 342, use_diagonalization = 0, use_diag_on_error = 1
INDE Before writeAndReadAll(): AllocatorManager statistics:  noOfRealsPerBuffer: 1024 noOfBuffers: 20000 list.size(): 1. Allocated: 0.164 GB, Used: 0.00532 GB, Peak alloc: 0.164 GB.
TIDE FileWritable::writeAndReadAll took      0.00 usr cpu s       0.00 sys cpu s       0.00 wall s
INDE writeAndReadAll sizesStr: '0 MB (1 MatrixGeneral, 0 > 1 MB) + 0 MB (7 MatrixSymmetric, 0 > 1 MB) = 0 MB (8 total, 0 > 1 MB)
INDE After writeAndReadAll(): AllocatorManager statistics:  noOfRealsPerBuffer: 1024 noOfBuffers: 20000 list.size(): 1. Allocated: 0.164 GB, Used: 0.00532 GB, Peak alloc: 0.164 GB.
INDE calling get_dens_from_fock_sparse, n =    342, subspaceErrorLimit = 1e-06
INDE get_dens_from_fock_sparse() start!
INDE After F.readFromFile(): AllocatorManager statistics:  noOfRealsPerBuffer: 1024 noOfBuffers: 20000 list.size(): 1. Allocated: 0.164 GB, Used: 0.00532 GB, Peak alloc: 0.164 GB.
INDE After creating wrapper MatrixType F_w(F): AllocatorManager statistics:  noOfRealsPerBuffer: 1024 noOfBuffers: 20000 list.size(): 1. Allocated: 0.164 GB, Used: 0.00578 GB, Peak alloc: 0.164 GB.
TIDE  F_w to orthogonal basis took      0.04 usr cpu s       0.12 sys cpu s       0.02 wall s
TIDE MatrixType::mixed_diff for maxEigValMovement_mixed took      0.00 usr cpu s       0.03 sys cpu s       0.00 wall s
TIDE symmMatrixWrap::eucl_diff for maxEigValMovement_eucl  took      0.10 usr cpu s       0.44 sys cpu s       0.08 wall s
INDE maxEigValMovement_frob  =        144.36737410592
INDE maxEigValMovement_mixed =         82.09166955752
INDE maxEigValMovement_eucl  =         51.71793333967
INDE lumo before truncation: [ -10000000000000000000000.000000000000 , 10000000000000000000000.000000000000 ]
INDE homo before truncation: [ -10000000000000000000000.000000000000 , 10000000000000000000000.000000000000 ]
INDE Truncate matrix F and update intervals for homo and lumo.
INDE Truncating F_ort ( mixed ), selected threshold =      5e-09
INDE Truncated F_ort ( mixed ), selected threshold =      5e-09, returned error =          0, nnz before = 100.0000 %, nnz after = 100.0000 %
TIDE Truncation of F_ort took      0.00 usr cpu s       0.00 sys cpu s       0.00 wall s
INDE Chosen Ergo Wrapper
INDE Creating purification object: N = 342 , nocc = 47 , NNZ = 116964  <-> 100.00000 %
INDE Chosen norm for the truncation: 
INDE mixed
INDE Chosen norm for the stopping criterion: 
INDE mixed
INDE Chosen the NEW stopping criterion.
INDE Allowed error in subspace 7.000000e-07
INDE Chosen SP2 purification method
INDE calling Puri->PurificationStart(), number of threads = 1, trunc norm 'mixed'
TIDE gershgorin took      0.00 usr cpu s       0.02 sys cpu s       0.00 wall s
INDE Gershgorin bounds: [ -59.819065948795 , 100.438771451823 ]
INDE EXPANDED Gershgorin bounds: [ -59.819065963696 , 100.438771466724 ]
INDE Trying to impove bounds using Lanczos algorithm...
TIDE compute_spectrum_bounds took      0.06 usr cpu s       0.31 sys cpu s       0.06 wall s
INDE Spectrum of F: 	 [ -20.622872276272 , 51.717948230352 ]
INDE Transform homo and lumo bounds...
INDE Bounds for homo and lumo of F are overlapping.
INDE HOMO bounds of X: 	 [ 0.000000000000 , 1.000000000000 ]
INDE LUMO bounds of X: 	 [ -0.000000000000 , 1.000000000000 ]
INDE ESTIMATED NUMBER OF ITERATIONS IS 100
INDE Put eigenvalues of F to the interval [0,1] in reverse order.
TIDE compute_X() took      0.00 usr cpu s       0.00 sys cpu s       0.00 wall s
TIDE prepare_to_purification() took      0.06 usr cpu s       0.31 sys cpu s       0.06 wall s
INDE (EIGV,PARAMS) Requested 0 occipied eigenpair(s).
INDE (EIGV,PARAMS) Requested 0 unoccipied eigenpair(s).
TIDE prepare_to_purification_eigenvectors() took      0.00 usr cpu s       0.00 sys cpu s       0.00 wall s
INDE Starting recursive expansion
INDE     BEFORE ITERATIONS:
TIDE truncate_matrix took      0.00 usr cpu s       0.00 sys cpu s       0.00 wall s
INDE Actual introduced error   0.000000e+00 : nnz before  116964 <-> 100.00 % , nnz after  116964 <-> 100.00 %
TIDE square took      0.02 usr cpu s       0.04 sys cpu s       0.01 wall s
INDE NNZ Xsq = 116964 <-> 100.00 %
TIDE Frobenius norm of X-X^2 took      0.00 usr cpu s       0.00 sys cpu s       0.00 wall s
TIDE Mixed norm of X-X^2 took      0.00 usr cpu s       0.01 sys cpu s       0.00 wall s
TIDE Trace of X-X^2 took      0.00 usr cpu s       0.00 sys cpu s       0.00 wall s
INDE ||X-X^2||_F = 3.852203e+00 , ||X-X^2||_mixed = 1.286105e+00
INDE trace(X-X^2) = 7.013305e+01
INDE trace(X) = 2.342363e+02
TIDE Iteration 0 took      0.02 usr cpu s       0.05 sys cpu s       0.01 wall s
TIDE FileWritable::writeAndReadAll took      0.00 usr cpu s       0.00 sys cpu s       0.00 wall s
INDE writeAndReadAll sizesStr: '0 MB (1 MatrixGeneral, 0 > 1 MB) + 0 MB (13 MatrixSymmetric, 0 > 1 MB) + 0 MB (2 VectorGeneral, 0 > 1 MB) = 0 MB (16 total, 0 > 1 MB)
INDE     ITERATION 1 :
TIDE purify_X took      0.00 usr cpu s       0.00 sys cpu s       0.00 wall s
TIDE truncate_matrix took      0.00 usr cpu s       0.00 sys cpu s       0.00 wall s
INDE Actual introduced error   0.000000e+00 : nnz before  116964 <-> 100.00 % , nnz after  116964 <-> 100.00 %
TIDE square took      0.02 usr cpu s       0.06 sys cpu s       0.01 wall s
INDE NNZ Xsq = 116964 <-> 100.00 %
TIDE Frobenius norm of X-X^2 took      0.00 usr cpu s       0.00 sys cpu s       0.00 wall s
TIDE Mixed norm of X-X^2 took      0.01 usr cpu s       0.01 sys cpu s       0.00 wall s
TIDE Trace of X-X^2 took      0.00 usr cpu s       0.00 sys cpu s       0.00 wall s
INDE ||X-X^2||_F = 4.467901e+00 , ||X-X^2||_mixed = 1.460655e+00
INDE trace(X-X^2) = 8.127563e+01
INDE trace(X) = 1.641033e+02
TIDE Iteration 1 took      0.03 usr cpu s       0.07 sys cpu s       0.02 wall s
INDE     ITERATION 2 :
TIDE purify_X took      0.00 usr cpu s       0.00 sys cpu s       0.00 wall s
TIDE truncate_matrix took      0.00 usr cpu s       0.00 sys cpu s       0.00 wall s
INDE Actual introduced error   0.000000e+00 : nnz before  116964 <-> 100.00 % , nnz after  116964 <-> 100.00 %
TIDE square took      0.02 usr cpu s       0.06 sys cpu s       0.01 wall s
INDE NNZ Xsq = 116964 <-> 100.00 %
TIDE Frobenius norm of X-X^2 took      0.00 usr cpu s       0.00 sys cpu s       0.00 wall s
TIDE Mixed norm of X-X^2 took      0.00 usr cpu s       0.02 sys cpu s       0.00 wall s
TIDE Trace of X-X^2 took      0.00 usr cpu s       0.00 sys cpu s       0.00 wall s
INDE ||X-X^2||_F = 3.254360e+00 , ||X-X^2||_mixed = 1.135500e+00
INDE trace(X-X^2) = 5.848385e+01
INDE trace(X) = 8.282766e+01
INDE Checking stopping criterion...   
INDE Order of convergence cannot be computed
TIDE stopping_criterion took      0.00 usr cpu s       0.00 sys cpu s       0.00 wall s
TIDE Iteration 2 took      0.02 usr cpu s       0.08 sys cpu s       0.02 wall s
INDE     ITERATION 3 :
TIDE purify_X took      0.00 usr cpu s       0.00 sys cpu s       0.00 wall s
TIDE truncate_matrix took      0.00 usr cpu s       0.00 sys cpu s       0.00 wall s
INDE Actual introduced error   0.000000e+00 : nnz before  116964 <-> 100.00 % , nnz after  116964 <-> 100.00 %
TIDE square took      0.01 usr cpu s       0.05 sys cpu s       0.01 wall s
INDE NNZ Xsq = 116964 <-> 100.00 %
TIDE Frobenius norm of X-X^2 took      0.00 usr cpu s       0.00 sys cpu s       0.00 wall s
TIDE Mixed norm of X-X^2 took      0.00 usr cpu s       0.02 sys cpu s       0.00 wall s
TIDE Trace of X-X^2 took      0.00 usr cpu s       0.00 sys cpu s       0.00 wall s
INDE ||X-X^2||_F = 1.155442e+00 , ||X-X^2||_mixed = 5.156086e-01
INDE trace(X-X^2) = 1.837347e+01
INDE trace(X) = 2.434381e+01
INDE Checking stopping criterion...   
INDE Order of convergence cannot be computed
TIDE stopping_criterion took      0.00 usr cpu s       0.00 sys cpu s       0.00 wall s
TIDE Iteration 3 took      0.02 usr cpu s       0.07 sys cpu s       0.01 wall s
INDE     ITERATION 4 :
TIDE purify_X took      0.00 usr cpu s       0.00 sys cpu s       0.00 wall s
TIDE truncate_matrix took      0.00 usr cpu s       0.00 sys cpu s       0.00 wall s
INDE Actual introduced error   0.000000e+00 : nnz before  116964 <-> 100.00 % , nnz after  116964 <-> 100.00 %
TIDE square took      0.02 usr cpu s       0.04 sys cpu s       0.01 wall s
INDE NNZ Xsq = 116964 <-> 100.00 %
TIDE Frobenius norm of X-X^2 took      0.00 usr cpu s       0.00 sys cpu s       0.00 wall s
TIDE Mixed norm of X-X^2 took      0.00 usr cpu s       0.02 sys cpu s       0.00 wall s
TIDE Trace of X-X^2 took      0.00 usr cpu s       0.00 sys cpu s       0.00 wall s
INDE ||X-X^2||_F = 1.874572e+00 , ||X-X^2||_mixed = 7.596415e-01
INDE trace(X-X^2) = 3.215690e+01
INDE trace(X) = 4.271728e+01
INDE Checking stopping criterion...   
INDE Order of convergence cannot be computed
TIDE stopping_criterion took      0.00 usr cpu s       0.00 sys cpu s       0.00 wall s
TIDE Iteration 4 took      0.02 usr cpu s       0.06 sys cpu s       0.01 wall s
INDE     ITERATION 5 :
TIDE purify_X took      0.00 usr cpu s       0.00 sys cpu s       0.00 wall s
TIDE truncate_matrix took      0.00 usr cpu s       0.00 sys cpu s       0.00 wall s
INDE Actual introduced error   0.000000e+00 : nnz before  116964 <-> 100.00 % , nnz after  116964 <-> 100.00 %
TIDE square took      0.02 usr cpu s       0.03 sys cpu s       0.01 wall s
INDE NNZ Xsq = 116964 <-> 100.00 %
TIDE Frobenius norm of X-X^2 took      0.00 usr cpu s       0.00 sys cpu s       0.00 wall s
TIDE Mixed norm of X-X^2 took      0.00 usr cpu s       0.02 sys cpu s       0.00 wall s
TIDE Trace of X-X^2 took      0.00 usr cpu s       0.00 sys cpu s       0.00 wall s
INDE ||X-X^2||_F = 2.906207e+00 , ||X-X^2||_mixed = 1.090186e+00
INDE trace(X-X^2) = 5.162206e+01
INDE trace(X) = 7.487418e+01
INDE Checking stopping criterion...   
INDE Order of convergence cannot be computed
TIDE stopping_criterion took      0.00 usr cpu s       0.00 sys cpu s       0.00 wall s
TIDE Iteration 5 took      0.03 usr cpu s       0.05 sys cpu s       0.01 wall s
INDE     ITERATION 6 :
TIDE purify_X took      0.00 usr cpu s       0.00 sys cpu s       0.00 wall s
TIDE truncate_matrix took      0.00 usr cpu s       0.00 sys cpu s       0.00 wall s
INDE Actual introduced error   0.000000e+00 : nnz before  116964 <-> 100.00 % , nnz after  116964 <-> 100.00 %
TIDE square took      0.00 usr cpu s       0.05 sys cpu s       0.01 wall s
INDE NNZ Xsq = 116964 <-> 100.00 %
TIDE Frobenius norm of X-X^2 took      0.00 usr cpu s       0.00 sys cpu s       0.00 wall s
TIDE Mixed norm of X-X^2 took      0.00 usr cpu s       0.02 sys cpu s       0.00 wall s
TIDE Trace of X-X^2 took      0.00 usr cpu s       0.00 sys cpu s       0.00 wall s
INDE ||X-X^2||_F = 1.039949e+00 , ||X-X^2||_mixed = 5.106332e-01
INDE trace(X-X^2) = 1.488332e+01
INDE trace(X) = 2.325212e+01
INDE Checking stopping criterion...   
INDE e_i =5.106332e-01, C*e_{i-1}^q = 3.974295e+00
INDE Order of convergence = 9.464119, stop = 0
TIDE stopping_criterion took      0.00 usr cpu s       0.00 sys cpu s       0.00 wall s
TIDE Iteration 6 took      0.01 usr cpu s       0.07 sys cpu s       0.01 wall s
INDE     ITERATION 7 :
TIDE purify_X took      0.00 usr cpu s       0.00 sys cpu s       0.00 wall s
TIDE truncate_matrix took      0.00 usr cpu s       0.00 sys cpu s       0.00 wall s
INDE Actual introduced error   0.000000e+00 : nnz before  116964 <-> 100.00 % , nnz after  116964 <-> 100.00 %
TIDE square took      0.02 usr cpu s       0.04 sys cpu s       0.01 wall s
INDE NNZ Xsq = 116964 <-> 100.00 %
TIDE Frobenius norm of X-X^2 took      0.00 usr cpu s       0.00 sys cpu s       0.00 wall s
TIDE Mixed norm of X-X^2 took      0.00 usr cpu s       0.01 sys cpu s       0.00 wall s
TIDE Trace of X-X^2 took      0.00 usr cpu s       0.00 sys cpu s       0.00 wall s
INDE ||X-X^2||_F = 1.467850e+00 , ||X-X^2||_mixed = 6.551138e-01
INDE trace(X-X^2) = 2.475118e+01
INDE trace(X) = 3.813544e+01
INDE Checking stopping criterion...   
INDE Order of convergence cannot be computed
TIDE stopping_criterion took      0.00 usr cpu s       0.00 sys cpu s       0.00 wall s
TIDE Iteration 7 took      0.03 usr cpu s       0.06 sys cpu s       0.01 wall s
INDE     ITERATION 8 :
TIDE purify_X took      0.00 usr cpu s       0.00 sys cpu s       0.00 wall s
TIDE truncate_matrix took      0.00 usr cpu s       0.00 sys cpu s       0.00 wall s
INDE Actual introduced error   0.000000e+00 : nnz before  116964 <-> 100.00 % , nnz after  116964 <-> 100.00 %
TIDE square took      0.02 usr cpu s       0.04 sys cpu s       0.01 wall s
INDE NNZ Xsq = 116964 <-> 100.00 %
TIDE Frobenius norm of X-X^2 took      0.00 usr cpu s       0.00 sys cpu s       0.00 wall s
TIDE Mixed norm of X-X^2 took      0.00 usr cpu s       0.02 sys cpu s       0.00 wall s
TIDE Trace of X-X^2 took      0.00 usr cpu s       0.00 sys cpu s       0.00 wall s
INDE ||X-X^2||_F = 2.423281e+00 , ||X-X^2||_mixed = 1.058598e+00
INDE trace(X-X^2) = 4.101312e+01
INDE trace(X) = 6.288662e+01
INDE Checking stopping criterion...   
INDE Order of convergence cannot be computed
TIDE stopping_criterion took      0.00 usr cpu s       0.00 sys cpu s       0.00 wall s
TIDE Iteration 8 took      0.02 usr cpu s       0.06 sys cpu s       0.01 wall s
INDE     ITERATION 9 :
TIDE purify_X took      0.00 usr cpu s       0.00 sys cpu s       0.00 wall s
TIDE truncate_matrix took      0.00 usr cpu s       0.00 sys cpu s       0.00 wall s
INDE Actual introduced error   0.000000e+00 : nnz before  116964 <-> 100.00 % , nnz after  116964 <-> 100.00 %
TIDE square took      0.02 usr cpu s       0.04 sys cpu s       0.01 wall s
INDE NNZ Xsq = 116964 <-> 100.00 %
TIDE Frobenius norm of X-X^2 took      0.00 usr cpu s       0.00 sys cpu s       0.00 wall s
TIDE Mixed norm of X-X^2 took      0.01 usr cpu s       0.01 sys cpu s       0.00 wall s
TIDE Trace of X-X^2 took      0.00 usr cpu s       0.00 sys cpu s       0.00 wall s
INDE ||X-X^2||_F = 6.062195e-01 , ||X-X^2||_mixed = 3.351992e-01
INDE trace(X-X^2) = 9.060897e+00
INDE trace(X) = 2.187350e+01
INDE Checking stopping criterion...   
INDE e_i =3.351992e-01, C*e_{i-1}^q = 2.955808e+00
INDE Order of convergence = 7.146759, stop = 0
TIDE stopping_criterion took      0.00 usr cpu s       0.00 sys cpu s       0.00 wall s
TIDE Iteration 9 took      0.03 usr cpu s       0.06 sys cpu s       0.01 wall s
INDE     ITERATION 10 :
TIDE purify_X took      0.00 usr cpu s       0.00 sys cpu s       0.00 wall s
TIDE truncate_matrix took      0.00 usr cpu s       0.00 sys cpu s       0.00 wall s
INDE Actual introduced error   0.000000e+00 : nnz before  116964 <-> 100.00 % , nnz after  116964 <-> 100.00 %
TIDE square took      0.01 usr cpu s       0.05 sys cpu s       0.01 wall s
INDE NNZ Xsq = 116964 <-> 100.00 %
TIDE Frobenius norm of X-X^2 took      0.00 usr cpu s       0.00 sys cpu s       0.00 wall s
TIDE Mixed norm of X-X^2 took      0.00 usr cpu s       0.02 sys cpu s       0.00 wall s
TIDE Trace of X-X^2 took      0.00 usr cpu s       0.00 sys cpu s       0.00 wall s
INDE ||X-X^2||_F = 1.103775e+00 , ||X-X^2||_mixed = 6.038160e-01
INDE trace(X-X^2) = 1.643847e+01
INDE trace(X) = 3.093439e+01
INDE Checking stopping criterion...   
INDE Order of convergence cannot be computed
TIDE stopping_criterion took      0.00 usr cpu s       0.00 sys cpu s       0.00 wall s
TIDE Iteration 10 took      0.01 usr cpu s       0.07 sys cpu s       0.01 wall s
INDE     ITERATION 11 :
TIDE purify_X took      0.00 usr cpu s       0.00 sys cpu s       0.00 wall s
TIDE truncate_matrix took      0.00 usr cpu s       0.00 sys cpu s       0.00 wall s
INDE Actual introduced error   0.000000e+00 : nnz before  116964 <-> 100.00 % , nnz after  116964 <-> 100.00 %
TIDE square took      0.01 usr cpu s       0.04 sys cpu s       0.01 wall s
INDE NNZ Xsq = 116964 <-> 100.00 %
TIDE Frobenius norm of X-X^2 took      0.00 usr cpu s       0.00 sys cpu s       0.00 wall s
TIDE Mixed norm of X-X^2 took      0.01 usr cpu s       0.01 sys cpu s       0.00 wall s
TIDE Trace of X-X^2 took      0.00 usr cpu s       0.00 sys cpu s       0.00 wall s
INDE ||X-X^2||_F = 1.891306e+00 , ||X-X^2||_mixed = 9.855270e-01
INDE trace(X-X^2) = 2.892376e+01
INDE trace(X) = 4.737287e+01
INDE Checking stopping criterion...   
INDE Order of convergence cannot be computed
TIDE stopping_criterion took      0.00 usr cpu s       0.00 sys cpu s       0.00 wall s
TIDE Iteration 11 took      0.02 usr cpu s       0.06 sys cpu s       0.01 wall s
INDE     ITERATION 12 :
TIDE purify_X took      0.00 usr cpu s       0.00 sys cpu s       0.00 wall s
TIDE truncate_matrix took      0.00 usr cpu s       0.00 sys cpu s       0.00 wall s
INDE Actual introduced error   0.000000e+00 : nnz before  116964 <-> 100.00 % , nnz after  116964 <-> 100.00 %
TIDE square took      0.03 usr cpu s       0.03 sys cpu s       0.01 wall s
INDE NNZ Xsq = 116964 <-> 100.00 %
TIDE Frobenius norm of X-X^2 took      0.00 usr cpu s       0.00 sys cpu s       0.00 wall s
TIDE Mixed norm of X-X^2 took      0.00 usr cpu s       0.02 sys cpu s       0.00 wall s
TIDE Trace of X-X^2 took      0.00 usr cpu s       0.00 sys cpu s       0.00 wall s
INDE ||X-X^2||_F = 4.512695e-01 , ||X-X^2||_mixed = 3.117044e-01
INDE trace(X-X^2) = 5.216986e+00
INDE trace(X) = 1.844911e+01
INDE Checking stopping criterion...   
INDE e_i =3.117044e-01, C*e_{i-1}^q = 2.511030e+00
INDE Order of convergence = 6.135684, stop = 0
TIDE stopping_criterion took      0.00 usr cpu s       0.00 sys cpu s       0.00 wall s
TIDE Iteration 12 took      0.03 usr cpu s       0.05 sys cpu s       0.01 wall s
INDE     ITERATION 13 :
TIDE purify_X took      0.00 usr cpu s       0.00 sys cpu s       0.00 wall s
TIDE truncate_matrix took      0.00 usr cpu s       0.00 sys cpu s       0.00 wall s
INDE Actual introduced error   0.000000e+00 : nnz before  116964 <-> 100.00 % , nnz after  116964 <-> 100.00 %
TIDE square took      0.01 usr cpu s       0.04 sys cpu s       0.01 wall s
INDE NNZ Xsq = 116964 <-> 100.00 %
TIDE Frobenius norm of X-X^2 took      0.00 usr cpu s       0.00 sys cpu s       0.00 wall s
TIDE Mixed norm of X-X^2 took      0.00 usr cpu s       0.01 sys cpu s       0.00 wall s
TIDE Trace of X-X^2 took      0.00 usr cpu s       0.00 sys cpu s       0.00 wall s
INDE ||X-X^2||_F = 8.221219e-01 , ||X-X^2||_mixed = 5.528423e-01
INDE trace(X-X^2) = 9.795664e+00
INDE trace(X) = 2.366609e+01
INDE Checking stopping criterion...   
INDE e_i =5.528423e-01, C*e_{i-1}^q = 6.689286e+00
INDE Order of convergence = 173.015121, stop = 0
TIDE stopping_criterion took      0.00 usr cpu s       0.00 sys cpu s       0.00 wall s
TIDE Iteration 13 took      0.02 usr cpu s       0.06 sys cpu s       0.01 wall s
INDE     ITERATION 14 :
TIDE purify_X took      0.00 usr cpu s       0.00 sys cpu s       0.00 wall s
TIDE truncate_matrix took      0.00 usr cpu s       0.00 sys cpu s       0.00 wall s
INDE Actual introduced error   0.000000e+00 : nnz before  116964 <-> 100.00 % , nnz after  116964 <-> 100.00 %
TIDE square took      0.02 usr cpu s       0.04 sys cpu s       0.01 wall s
INDE NNZ Xsq = 116964 <-> 100.00 %
TIDE Frobenius norm of X-X^2 took      0.00 usr cpu s       0.00 sys cpu s       0.00 wall s
TIDE Mixed norm of X-X^2 took      0.00 usr cpu s       0.02 sys cpu s       0.00 wall s
TIDE Trace of X-X^2 took      0.00 usr cpu s       0.00 sys cpu s       0.00 wall s
INDE ||X-X^2||_F = 1.385909e+00 , ||X-X^2||_mixed = 8.836766e-01
INDE trace(X-X^2) = 1.738497e+01
INDE trace(X) = 3.346176e+01
INDE Checking stopping criterion...   
INDE Order of convergence cannot be computed
TIDE stopping_criterion took      0.00 usr cpu s       0.00 sys cpu s       0.00 wall s
TIDE Iteration 14 took      0.02 usr cpu s       0.06 sys cpu s       0.01 wall s
INDE     ITERATION 15 :
TIDE purify_X took      0.00 usr cpu s       0.00 sys cpu s       0.00 wall s
TIDE truncate_matrix took      0.00 usr cpu s       0.00 sys cpu s       0.00 wall s
INDE Actual introduced error   0.000000e+00 : nnz before  116964 <-> 100.00 % , nnz after  116964 <-> 100.00 %
TIDE square took      0.02 usr cpu s       0.03 sys cpu s       0.01 wall s
INDE NNZ Xsq = 116964 <-> 100.00 %
TIDE Frobenius norm of X-X^2 took      0.00 usr cpu s       0.00 sys cpu s       0.00 wall s
TIDE Mixed norm of X-X^2 took      0.00 usr cpu s       0.02 sys cpu s       0.00 wall s
TIDE Trace of X-X^2 took      0.00 usr cpu s       0.00 sys cpu s       0.00 wall s
INDE ||X-X^2||_F = 2.077585e+00 , ||X-X^2||_mixed = 1.205069e+00
INDE trace(X-X^2) = 2.802990e+01
INDE trace(X) = 5.084673e+01
INDE Checking stopping criterion...   
INDE Order of convergence cannot be computed
TIDE stopping_criterion took      0.00 usr cpu s       0.00 sys cpu s       0.00 wall s
TIDE Iteration 15 took      0.03 usr cpu s       0.05 sys cpu s       0.01 wall s
INDE     ITERATION 16 :
TIDE purify_X took      0.00 usr cpu s       0.00 sys cpu s       0.00 wall s
TIDE truncate_matrix took      0.00 usr cpu s       0.00 sys cpu s       0.00 wall s
INDE Actual introduced error   0.000000e+00 : nnz before  116964 <-> 100.00 % , nnz after  116964 <-> 100.00 %
TIDE square took      0.02 usr cpu s       0.04 sys cpu s       0.01 wall s
INDE NNZ Xsq = 116964 <-> 100.00 %
TIDE Frobenius norm of X-X^2 took      0.00 usr cpu s       0.00 sys cpu s       0.00 wall s
TIDE Mixed norm of X-X^2 took      0.01 usr cpu s       0.01 sys cpu s       0.00 wall s
TIDE Trace of X-X^2 took      0.00 usr cpu s       0.00 sys cpu s       0.00 wall s
INDE ||X-X^2||_F = 9.342590e-01 , ||X-X^2||_mixed = 7.211566e-01
INDE trace(X-X^2) = 8.311052e+00
INDE trace(X) = 2.281683e+01
INDE Checking stopping criterion...   
INDE e_i =7.211566e-01, C*e_{i-1}^q = 5.378107e+00
INDE Order of convergence = 18.247527, stop = 0
TIDE stopping_criterion took      0.00 usr cpu s       0.00 sys cpu s       0.00 wall s
TIDE Iteration 16 took      0.03 usr cpu s       0.05 sys cpu s       0.01 wall s
INDE     ITERATION 17 :
TIDE purify_X took      0.00 usr cpu s       0.00 sys cpu s       0.00 wall s
TIDE truncate_matrix took      0.00 usr cpu s       0.00 sys cpu s       0.00 wall s
INDE Actual introduced error   0.000000e+00 : nnz before  116964 <-> 100.00 % , nnz after  116964 <-> 100.00 %
TIDE square took      0.01 usr cpu s       0.04 sys cpu s       0.01 wall s
INDE NNZ Xsq = 116964 <-> 100.00 %
TIDE Frobenius norm of X-X^2 took      0.00 usr cpu s       0.00 sys cpu s       0.00 wall s
TIDE Mixed norm of X-X^2 took      0.01 usr cpu s       0.01 sys cpu s       0.00 wall s
TIDE Trace of X-X^2 took      0.00 usr cpu s       0.00 sys cpu s       0.00 wall s
INDE ||X-X^2||_F = 1.353276e+00 , ||X-X^2||_mixed = 9.777228e-01
INDE trace(X-X^2) = 1.348244e+01
INDE trace(X) = 3.112788e+01
INDE Checking stopping criterion...   
INDE Order of convergence cannot be computed
TIDE stopping_criterion took      0.00 usr cpu s       0.00 sys cpu s       0.00 wall s
TIDE Iteration 17 took      0.02 usr cpu s       0.07 sys cpu s       0.01 wall s
INDE     ITERATION 18 :
TIDE purify_X took      0.00 usr cpu s       0.00 sys cpu s       0.00 wall s
TIDE truncate_matrix took      0.00 usr cpu s       0.00 sys cpu s       0.00 wall s
INDE Actual introduced error   0.000000e+00 : nnz before  116964 <-> 100.00 % , nnz after  116964 <-> 100.00 %
TIDE square took      0.02 usr cpu s       0.03 sys cpu s       0.01 wall s
INDE NNZ Xsq = 116964 <-> 100.00 %
TIDE Frobenius norm of X-X^2 took      0.00 usr cpu s       0.00 sys cpu s       0.00 wall s
TIDE Mixed norm of X-X^2 took      0.00 usr cpu s       0.01 sys cpu s       0.00 wall s
TIDE Trace of X-X^2 took      0.00 usr cpu s       0.00 sys cpu s       0.00 wall s
INDE ||X-X^2||_F = 1.729401e+00 , ||X-X^2||_mixed = 1.128171e+00
INDE trace(X-X^2) = 1.953583e+01
INDE trace(X) = 4.461032e+01
INDE Checking stopping criterion...   
INDE Order of convergence cannot be computed
TIDE stopping_criterion took      0.00 usr cpu s       0.00 sys cpu s       0.00 wall s
TIDE Iteration 18 took      0.03 usr cpu s       0.05 sys cpu s       0.01 wall s
INDE     ITERATION 19 :
TIDE purify_X took      0.00 usr cpu s       0.00 sys cpu s       0.00 wall s
TIDE truncate_matrix took      0.00 usr cpu s       0.00 sys cpu s       0.00 wall s
INDE Actual introduced error   0.000000e+00 : nnz before  116964 <-> 100.00 % , nnz after  116964 <-> 100.00 %
TIDE square took      0.02 usr cpu s       0.03 sys cpu s       0.01 wall s
INDE NNZ Xsq = 116964 <-> 100.00 %
TIDE Frobenius norm of X-X^2 took      0.00 usr cpu s       0.00 sys cpu s       0.00 wall s
TIDE Mixed norm of X-X^2 took      0.00 usr cpu s       0.02 sys cpu s       0.00 wall s
TIDE Trace of X-X^2 took      0.00 usr cpu s       0.00 sys cpu s       0.00 wall s
INDE ||X-X^2||_F = 2.060023e+00 , ||X-X^2||_mixed = 1.244156e+00
INDE trace(X-X^2) = 2.539042e+01
INDE trace(X) = 6.414615e+01
INDE Checking stopping criterion...   
INDE Order of convergence cannot be computed
TIDE stopping_criterion took      0.00 usr cpu s       0.00 sys cpu s       0.00 wall s
TIDE Iteration 19 took      0.03 usr cpu s       0.06 sys cpu s       0.01 wall s
INDE     ITERATION 20 :
TIDE purify_X took      0.00 usr cpu s       0.00 sys cpu s       0.00 wall s
TIDE truncate_matrix took      0.00 usr cpu s       0.00 sys cpu s       0.00 wall s
INDE Actual introduced error   0.000000e+00 : nnz before  116964 <-> 100.00 % , nnz after  116964 <-> 100.00 %
TIDE square took      0.02 usr cpu s       0.04 sys cpu s       0.01 wall s
INDE NNZ Xsq = 116964 <-> 100.00 %
TIDE Frobenius norm of X-X^2 took      0.00 usr cpu s       0.00 sys cpu s       0.00 wall s
TIDE Mixed norm of X-X^2 took      0.00 usr cpu s       0.01 sys cpu s       0.00 wall s
TIDE Trace of X-X^2 took      0.00 usr cpu s       0.00 sys cpu s       0.00 wall s
INDE ||X-X^2||_F = 1.385058e+00 , ||X-X^2||_mixed = 1.015493e+00
INDE trace(X-X^2) = 1.219043e+01
INDE trace(X) = 3.875573e+01
INDE Checking stopping criterion...   
INDE Order of convergence cannot be computed
TIDE stopping_criterion took      0.00 usr cpu s       0.00 sys cpu s       0.00 wall s
TIDE Iteration 20 took      0.03 usr cpu s       0.05 sys cpu s       0.01 wall s
INDE     ITERATION 21 :
TIDE purify_X took      0.00 usr cpu s       0.00 sys cpu s       0.00 wall s
TIDE truncate_matrix took      0.00 usr cpu s       0.00 sys cpu s       0.00 wall s
INDE Actual introduced error   0.000000e+00 : nnz before  116964 <-> 100.00 % , nnz after  116964 <-> 100.00 %
TIDE square took      0.02 usr cpu s       0.04 sys cpu s       0.01 wall s
INDE NNZ Xsq = 116964 <-> 100.00 %
TIDE Frobenius norm of X-X^2 took      0.00 usr cpu s       0.00 sys cpu s       0.00 wall s
TIDE Mixed norm of X-X^2 took      0.01 usr cpu s       0.01 sys cpu s       0.00 wall s
TIDE Trace of X-X^2 took      0.00 usr cpu s       0.00 sys cpu s       0.00 wall s
INDE ||X-X^2||_F = 1.402132e+00 , ||X-X^2||_mixed = 9.629682e-01
INDE trace(X-X^2) = 1.422681e+01
INDE trace(X) = 5.094616e+01
INDE Checking stopping criterion...   
INDE Order of convergence cannot be computed
TIDE stopping_criterion took      0.00 usr cpu s       0.00 sys cpu s       0.00 wall s
TIDE Iteration 21 took      0.02 usr cpu s       0.06 sys cpu s       0.01 wall s
INDE     ITERATION 22 :
TIDE purify_X took      0.00 usr cpu s       0.00 sys cpu s       0.00 wall s
TIDE truncate_matrix took      0.00 usr cpu s       0.00 sys cpu s       0.00 wall s
INDE Actual introduced error   0.000000e+00 : nnz before  116964 <-> 100.00 % , nnz after  116964 <-> 100.00 %
TIDE square took      0.01 usr cpu s       0.04 sys cpu s       0.01 wall s
INDE NNZ Xsq = 116964 <-> 100.00 %
TIDE Frobenius norm of X-X^2 took      0.00 usr cpu s       0.00 sys cpu s       0.00 wall s
TIDE Mixed norm of X-X^2 took      0.00 usr cpu s       0.02 sys cpu s       0.00 wall s
TIDE Trace of X-X^2 took      0.00 usr cpu s       0.00 sys cpu s       0.00 wall s
INDE ||X-X^2||_F = 1.175751e+00 , ||X-X^2||_mixed = 9.253745e-01
INDE trace(X-X^2) = 7.501877e+00
INDE trace(X) = 3.671935e+01
INDE Checking stopping criterion...   
INDE Order of convergence cannot be computed
TIDE stopping_criterion took      0.00 usr cpu s       0.00 sys cpu s       0.00 wall s
TIDE Iteration 22 took      0.02 usr cpu s       0.06 sys cpu s       0.01 wall s
INDE     ITERATION 23 :
TIDE purify_X took      0.00 usr cpu s       0.00 sys cpu s       0.00 wall s
TIDE truncate_matrix took      0.00 usr cpu s       0.00 sys cpu s       0.00 wall s
INDE Actual introduced error   0.000000e+00 : nnz before  116964 <-> 100.00 % , nnz after  116964 <-> 100.00 %
TIDE square took      0.03 usr cpu s       0.03 sys cpu s       0.01 wall s
INDE NNZ Xsq = 116964 <-> 100.00 %
TIDE Frobenius norm of X-X^2 took      0.00 usr cpu s       0.00 sys cpu s       0.00 wall s
TIDE Mixed norm of X-X^2 took      0.00 usr cpu s       0.02 sys cpu s       0.00 wall s
TIDE Trace of X-X^2 took      0.00 usr cpu s       0.00 sys cpu s       0.00 wall s
INDE ||X-X^2||_F = 9.311845e-01 , ||X-X^2||_mixed = 7.321408e-01
INDE trace(X-X^2) = 6.729258e+00
INDE trace(X) = 4.422123e+01
INDE Checking stopping criterion...   
INDE e_i =7.321408e-01, C*e_{i-1}^q = 6.386554e+00
INDE Order of convergence = 59.399886, stop = 0
TIDE stopping_criterion took      0.00 usr cpu s       0.00 sys cpu s       0.00 wall s
TIDE Iteration 23 took      0.03 usr cpu s       0.05 sys cpu s       0.01 wall s
INDE     ITERATION 24 :
TIDE purify_X took      0.00 usr cpu s       0.00 sys cpu s       0.00 wall s
TIDE truncate_matrix took      0.00 usr cpu s       0.00 sys cpu s       0.00 wall s
INDE Actual introduced error   0.000000e+00 : nnz before  116964 <-> 100.00 % , nnz after  116964 <-> 100.00 %
TIDE square took      0.01 usr cpu s       0.05 sys cpu s       0.01 wall s
INDE NNZ Xsq = 116964 <-> 100.00 %
TIDE Frobenius norm of X-X^2 took      0.00 usr cpu s       0.00 sys cpu s       0.00 wall s
TIDE Mixed norm of X-X^2 took      0.00 usr cpu s       0.02 sys cpu s       0.00 wall s
TIDE Trace of X-X^2 took      0.00 usr cpu s       0.00 sys cpu s       0.00 wall s
INDE ||X-X^2||_F = 7.860153e-01 , ||X-X^2||_mixed = 5.947212e-01
INDE trace(X-X^2) = 6.515047e+00
INDE trace(X) = 5.095049e+01
INDE Checking stopping criterion...   
INDE Order of convergence cannot be computed
TIDE stopping_criterion took      0.00 usr cpu s       0.00 sys cpu s       0.00 wall s
TIDE Iteration 24 took      0.02 usr cpu s       0.07 sys cpu s       0.01 wall s
INDE     ITERATION 25 :
TIDE purify_X took      0.00 usr cpu s       0.00 sys cpu s       0.00 wall s
TIDE truncate_matrix took      0.00 usr cpu s       0.00 sys cpu s       0.00 wall s
INDE Actual introduced error   0.000000e+00 : nnz before  116964 <-> 100.00 % , nnz after  116964 <-> 100.00 %
TIDE square took      0.02 usr cpu s       0.04 sys cpu s       0.01 wall s
INDE NNZ Xsq = 116964 <-> 100.00 %
TIDE Frobenius norm of X-X^2 took      0.00 usr cpu s       0.00 sys cpu s       0.00 wall s
TIDE Mixed norm of X-X^2 took      0.00 usr cpu s       0.02 sys cpu s       0.00 wall s
TIDE Trace of X-X^2 took      0.00 usr cpu s       0.00 sys cpu s       0.00 wall s
INDE ||X-X^2||_F = 6.128029e-01 , ||X-X^2||_mixed = 5.252642e-01
INDE trace(X-X^2) = 2.957295e+00
INDE trace(X) = 4.443544e+01
INDE Checking stopping criterion...   
INDE e_i =5.252642e-01, C*e_{i-1}^q = 3.691747e+00
INDE Order of convergence = 8.254214, stop = 0
TIDE stopping_criterion took      0.00 usr cpu s       0.00 sys cpu s       0.00 wall s
TIDE Iteration 25 took      0.02 usr cpu s       0.06 sys cpu s       0.01 wall s
INDE     ITERATION 26 :
TIDE purify_X took      0.00 usr cpu s       0.00 sys cpu s       0.00 wall s
TIDE truncate_matrix took      0.00 usr cpu s       0.00 sys cpu s       0.00 wall s
INDE Actual introduced error   0.000000e+00 : nnz before  116964 <-> 100.00 % , nnz after  116964 <-> 100.00 %
TIDE square took      0.02 usr cpu s       0.04 sys cpu s       0.01 wall s
INDE NNZ Xsq = 116964 <-> 100.00 %
TIDE Frobenius norm of X-X^2 took      0.00 usr cpu s       0.00 sys cpu s       0.00 wall s
TIDE Mixed norm of X-X^2 took      0.00 usr cpu s       0.02 sys cpu s       0.00 wall s
TIDE Trace of X-X^2 took      0.00 usr cpu s       0.00 sys cpu s       0.00 wall s
INDE ||X-X^2||_F = 3.399897e-01 , ||X-X^2||_mixed = 2.997588e-01
INDE trace(X-X^2) = 1.854813e+00
INDE trace(X) = 4.739274e+01
INDE Checking stopping criterion...   
INDE e_i =2.997588e-01, C*e_{i-1}^q = 2.435957e+00
INDE Order of convergence = 6.031688, stop = 0
TIDE stopping_criterion took      0.00 usr cpu s       0.00 sys cpu s       0.00 wall s
TIDE Iteration 26 took      0.03 usr cpu s       0.06 sys cpu s       0.01 wall s
INDE     ITERATION 27 :
TIDE purify_X took      0.00 usr cpu s       0.00 sys cpu s       0.00 wall s
TIDE truncate_matrix took      0.00 usr cpu s       0.00 sys cpu s       0.00 wall s
INDE Actual introduced error   0.000000e+00 : nnz before  116964 <-> 100.00 % , nnz after  116964 <-> 100.00 %
TIDE square took      0.01 usr cpu s       0.05 sys cpu s       0.01 wall s
INDE NNZ Xsq = 116964 <-> 100.00 %
TIDE Frobenius norm of X-X^2 took      0.00 usr cpu s       0.00 sys cpu s       0.00 wall s
TIDE Mixed norm of X-X^2 took      0.00 usr cpu s       0.02 sys cpu s       0.00 wall s
TIDE Trace of X-X^2 took      0.00 usr cpu s       0.00 sys cpu s       0.00 wall s
INDE ||X-X^2||_F = 4.061105e-01 , ||X-X^2||_mixed = 3.767917e-01
INDE trace(X-X^2) = 1.194370e+00
INDE trace(X) = 4.553793e+01
INDE Checking stopping criterion...   
INDE e_i =3.767917e-01, C*e_{i-1}^q = 1.900196e+00
INDE Order of convergence = 4.513023, stop = 0
TIDE stopping_criterion took      0.00 usr cpu s       0.00 sys cpu s       0.00 wall s
TIDE Iteration 27 took      0.01 usr cpu s       0.07 sys cpu s       0.01 wall s
INDE     ITERATION 28 :
TIDE purify_X took      0.00 usr cpu s       0.00 sys cpu s       0.00 wall s
TIDE truncate_matrix took      0.00 usr cpu s       0.00 sys cpu s       0.00 wall s
INDE Actual introduced error   0.000000e+00 : nnz before  116964 <-> 100.00 % , nnz after  116964 <-> 100.00 %
TIDE square took      0.01 usr cpu s       0.04 sys cpu s       0.01 wall s
INDE NNZ Xsq = 116964 <-> 100.00 %
TIDE Frobenius norm of X-X^2 took      0.00 usr cpu s       0.00 sys cpu s       0.00 wall s
TIDE Mixed norm of X-X^2 took      0.00 usr cpu s       0.02 sys cpu s       0.00 wall s
TIDE Trace of X-X^2 took      0.00 usr cpu s       0.00 sys cpu s       0.00 wall s
INDE ||X-X^2||_F = 1.822784e-01 , ||X-X^2||_mixed = 1.788555e-01
INDE trace(X-X^2) = 4.123128e-01
INDE trace(X) = 4.673230e+01
INDE Checking stopping criterion...   
INDE e_i =1.788555e-01, C*e_{i-1}^q = 6.188516e-01
INDE Order of convergence = 3.030305, stop = 0
TIDE stopping_criterion took      0.00 usr cpu s       0.00 sys cpu s       0.00 wall s
TIDE Iteration 28 took      0.02 usr cpu s       0.06 sys cpu s       0.01 wall s
INDE     ITERATION 29 :
TIDE purify_X took      0.00 usr cpu s       0.00 sys cpu s       0.00 wall s
TIDE truncate_matrix took      0.00 usr cpu s       0.00 sys cpu s       0.00 wall s
INDE Actual introduced error   0.000000e+00 : nnz before  116964 <-> 100.00 % , nnz after  116964 <-> 100.00 %
TIDE square took      0.01 usr cpu s       0.05 sys cpu s       0.01 wall s
INDE NNZ Xsq = 116964 <-> 100.00 %
TIDE Frobenius norm of X-X^2 took      0.00 usr cpu s       0.00 sys cpu s       0.00 wall s
TIDE Mixed norm of X-X^2 took      0.01 usr cpu s       0.01 sys cpu s       0.00 wall s
TIDE Trace of X-X^2 took      0.00 usr cpu s       0.00 sys cpu s       0.00 wall s
INDE ||X-X^2||_F = 5.699033e-02 , ||X-X^2||_mixed = 4.960282e-02
INDE trace(X-X^2) = 2.308876e-01
INDE trace(X) = 4.714461e+01
INDE Checking stopping criterion...   
INDE Order of convergence cannot be computed
TIDE stopping_criterion took      0.00 usr cpu s       0.00 sys cpu s       0.00 wall s
TIDE Iteration 29 took      0.02 usr cpu s       0.07 sys cpu s       0.01 wall s
INDE     ITERATION 30 :
TIDE purify_X took      0.00 usr cpu s       0.00 sys cpu s       0.00 wall s
TIDE truncate_matrix took      0.00 usr cpu s       0.00 sys cpu s       0.00 wall s
INDE Actual introduced error   0.000000e+00 : nnz before  116964 <-> 100.00 % , nnz after  116964 <-> 100.00 %
TIDE square took      0.01 usr cpu s       0.05 sys cpu s       0.01 wall s
INDE NNZ Xsq = 116964 <-> 100.00 %
TIDE Frobenius norm of X-X^2 took      0.00 usr cpu s       0.00 sys cpu s       0.00 wall s
TIDE Mixed norm of X-X^2 took      0.00 usr cpu s       0.01 sys cpu s       0.00 wall s
TIDE Trace of X-X^2 took      0.00 usr cpu s       0.00 sys cpu s       0.00 wall s
INDE ||X-X^2||_F = 5.946550e-02 , ||X-X^2||_mixed = 5.884834e-02
INDE trace(X-X^2) = 8.715086e-02
INDE trace(X) = 4.691372e+01
INDE Checking stopping criterion...   
INDE e_i =5.884834e-02, C*e_{i-1}^q = 2.203166e-01
INDE Order of convergence = 2.766976, stop = 0
TIDE stopping_criterion took      0.00 usr cpu s       0.00 sys cpu s       0.00 wall s
TIDE Iteration 30 took      0.02 usr cpu s       0.07 sys cpu s       0.01 wall s
INDE     ITERATION 31 :
TIDE purify_X took      0.00 usr cpu s       0.00 sys cpu s       0.00 wall s
TIDE truncate_matrix took      0.00 usr cpu s       0.00 sys cpu s       0.00 wall s
INDE Actual introduced error   0.000000e+00 : nnz before  116964 <-> 100.00 % , nnz after  116964 <-> 100.00 %
TIDE square took      0.02 usr cpu s       0.04 sys cpu s       0.01 wall s
INDE NNZ Xsq = 116964 <-> 100.00 %
TIDE Frobenius norm of X-X^2 took      0.00 usr cpu s       0.00 sys cpu s       0.00 wall s
TIDE Mixed norm of X-X^2 took      0.00 usr cpu s       0.01 sys cpu s       0.00 wall s
TIDE Trace of X-X^2 took      0.00 usr cpu s       0.00 sys cpu s       0.00 wall s
INDE ||X-X^2||_F = 3.389914e-03 , ||X-X^2||_mixed = 3.233098e-03
INDE trace(X-X^2) = 8.631394e-03
INDE trace(X) = 4.700087e+01
INDE Checking stopping criterion...   
INDE e_i =3.233098e-03, C*e_{i-1}^q = 1.694554e-02
INDE Order of convergence = 2.551506, stop = 0
TIDE stopping_criterion took      0.00 usr cpu s       0.00 sys cpu s       0.00 wall s
TIDE Iteration 31 took      0.02 usr cpu s       0.06 sys cpu s       0.01 wall s
INDE     ITERATION 32 :
TIDE purify_X took      0.00 usr cpu s       0.00 sys cpu s       0.00 wall s
TIDE truncate_matrix took      0.00 usr cpu s       0.00 sys cpu s       0.00 wall s
INDE Actual introduced error   0.000000e+00 : nnz before  116964 <-> 100.00 % , nnz after  116964 <-> 100.00 %
TIDE square took      0.01 usr cpu s       0.05 sys cpu s       0.01 wall s
INDE NNZ Xsq = 116964 <-> 100.00 %
TIDE Frobenius norm of X-X^2 took      0.00 usr cpu s       0.00 sys cpu s       0.00 wall s
TIDE Mixed norm of X-X^2 took      0.00 usr cpu s       0.01 sys cpu s       0.00 wall s
TIDE Trace of X-X^2 took      0.00 usr cpu s       0.00 sys cpu s       0.00 wall s
INDE ||X-X^2||_F = 5.797080e-03 , ||X-X^2||_mixed = 5.758598e-03
INDE trace(X-X^2) = 7.731985e-03
INDE trace(X) = 4.699224e+01
INDE Checking stopping criterion...   
INDE e_i =5.758598e-03, C*e_{i-1}^q = 2.385125e-02
INDE Order of convergence = 2.501676, stop = 0
TIDE stopping_criterion took      0.00 usr cpu s       0.00 sys cpu s       0.00 wall s
TIDE Iteration 32 took      0.01 usr cpu s       0.06 sys cpu s       0.01 wall s
INDE     ITERATION 33 :
TIDE purify_X took      0.00 usr cpu s       0.00 sys cpu s       0.00 wall s
TIDE truncate_matrix took      0.00 usr cpu s       0.00 sys cpu s       0.00 wall s
INDE Actual introduced error   0.000000e+00 : nnz before  116964 <-> 100.00 % , nnz after  116964 <-> 100.00 %
TIDE square took      0.03 usr cpu s       0.02 sys cpu s       0.01 wall s
INDE NNZ Xsq = 116964 <-> 100.00 %
TIDE Frobenius norm of X-X^2 took      0.00 usr cpu s       0.00 sys cpu s       0.00 wall s
TIDE Mixed norm of X-X^2 took      0.00 usr cpu s       0.01 sys cpu s       0.00 wall s
TIDE Trace of X-X^2 took      0.00 usr cpu s       0.00 sys cpu s       0.00 wall s
INDE ||X-X^2||_F = 2.854087e-05 , ||X-X^2||_mixed = 2.846568e-05
INDE trace(X-X^2) = 3.999657e-05
INDE trace(X) = 4.699997e+01
INDE Checking stopping criterion...   
INDE e_i =2.846568e-05, C*e_{i-1}^q = 7.199137e-05
INDE Order of convergence = 2.161806, stop = 0
TIDE stopping_criterion took      0.00 usr cpu s       0.00 sys cpu s       0.00 wall s
TIDE Iteration 33 took      0.04 usr cpu s       0.04 sys cpu s       0.01 wall s
INDE     ITERATION 34 :
TIDE purify_X took      0.00 usr cpu s       0.00 sys cpu s       0.00 wall s
TIDE truncate_matrix took      0.00 usr cpu s       0.00 sys cpu s       0.00 wall s
INDE Actual introduced error   0.000000e+00 : nnz before  116964 <-> 100.00 % , nnz after  116964 <-> 100.00 %
TIDE square took      0.05 usr cpu s       0.12 sys cpu s       0.02 wall s
INDE NNZ Xsq = 116964 <-> 100.00 %
TIDE Frobenius norm of X-X^2 took      0.00 usr cpu s       0.00 sys cpu s       0.00 wall s
TIDE Mixed norm of X-X^2 took      0.00 usr cpu s       0.02 sys cpu s       0.00 wall s
TIDE Trace of X-X^2 took      0.00 usr cpu s       0.00 sys cpu s       0.00 wall s
INDE ||X-X^2||_F = 6.036480e-06 , ||X-X^2||_mixed = 5.381440e-06
INDE trace(X-X^2) = 1.213976e-05
INDE trace(X) = 4.700001e+01
INDE Checking stopping criterion...   
INDE Order of convergence cannot be computed
TIDE stopping_criterion took      0.00 usr cpu s       0.00 sys cpu s       0.00 wall s
TIDE Iteration 34 took      0.05 usr cpu s       0.14 sys cpu s       0.03 wall s
INDE     ITERATION 35 :
TIDE purify_X took      0.00 usr cpu s       0.00 sys cpu s       0.00 wall s
TIDE truncate_matrix took      0.00 usr cpu s       0.00 sys cpu s       0.00 wall s
INDE Actual introduced error   0.000000e+00 : nnz before  116964 <-> 100.00 % , nnz after  116964 <-> 100.00 %
TIDE square took      0.03 usr cpu s       0.08 sys cpu s       0.02 wall s
INDE NNZ Xsq = 116964 <-> 100.00 %
TIDE Frobenius norm of X-X^2 took      0.00 usr cpu s       0.00 sys cpu s       0.00 wall s
TIDE Mixed norm of X-X^2 took      0.00 usr cpu s       0.01 sys cpu s       0.00 wall s
TIDE Trace of X-X^2 took      0.00 usr cpu s       0.00 sys cpu s       0.00 wall s
INDE ||X-X^2||_F = 1.535295e-09 , ||X-X^2||_mixed = 1.535226e-09
INDE trace(X-X^2) = 1.647464e-09
INDE trace(X) = 4.700000e+01
INDE Checking stopping criterion...   
INDE e_i =1.535226e-09, C*e_{i-1}^q = 5.580663e-09
INDE Order of convergence = 2.123307, stop = 0
TIDE stopping_criterion took      0.00 usr cpu s       0.00 sys cpu s       0.00 wall s
TIDE Iteration 35 took      0.04 usr cpu s       0.10 sys cpu s       0.02 wall s
INDE     ITERATION 36 :
TIDE purify_X took      0.00 usr cpu s       0.00 sys cpu s       0.00 wall s
TIDE truncate_matrix took      0.00 usr cpu s       0.00 sys cpu s       0.00 wall s
INDE Actual introduced error   0.000000e+00 : nnz before  116964 <-> 100.00 % , nnz after  116964 <-> 100.00 %
TIDE square took      0.01 usr cpu s       0.05 sys cpu s       0.01 wall s
INDE NNZ Xsq = 116964 <-> 100.00 %
TIDE Frobenius norm of X-X^2 took      0.00 usr cpu s       0.00 sys cpu s       0.00 wall s
TIDE Mixed norm of X-X^2 took      0.00 usr cpu s       0.01 sys cpu s       0.00 wall s
TIDE Trace of X-X^2 took      0.00 usr cpu s       0.00 sys cpu s       0.00 wall s
INDE ||X-X^2||_F = 4.802018e-11 , ||X-X^2||_mixed = 4.607228e-11
INDE trace(X-X^2) = 7.286616e-11
INDE trace(X) = 4.700000e+01
INDE Checking stopping criterion...   
INDE e_i =4.607228e-11, C*e_{i-1}^q = 1.994526e-10
INDE Order of convergence = 2.120780, stop = 0
TIDE stopping_criterion took      0.00 usr cpu s       0.00 sys cpu s       0.00 wall s
TIDE Iteration 36 took      0.02 usr cpu s       0.06 sys cpu s       0.01 wall s
INDE     ITERATION 37 :
TIDE purify_X took      0.00 usr cpu s       0.00 sys cpu s       0.00 wall s
TIDE truncate_matrix took      0.00 usr cpu s       0.00 sys cpu s       0.00 wall s
INDE Actual introduced error   0.000000e+00 : nnz before  116964 <-> 100.00 % , nnz after  116964 <-> 100.00 %
TIDE square took      0.01 usr cpu s       0.10 sys cpu s       0.02 wall s
INDE NNZ Xsq = 116964 <-> 100.00 %
TIDE Frobenius norm of X-X^2 took      0.00 usr cpu s       0.00 sys cpu s       0.00 wall s
TIDE Mixed norm of X-X^2 took      0.00 usr cpu s       0.00 sys cpu s       0.00 wall s
TIDE Trace of X-X^2 took      0.00 usr cpu s       0.00 sys cpu s       0.00 wall s
INDE ||X-X^2||_F = 2.260759e-15 , ||X-X^2||_mixed = 0.000000e+00
INDE trace(X-X^2) = 7.105427e-15
INDE trace(X) = 4.700000e+01
INDE Checking stopping criterion...   
INDE ************************************************************************************************************
INDE The norm value went much below machine precision, therefore we stop here since n_max can be underestimated.
INDE ************************************************************************************************************
INDE e_i =0.000000e+00, C*e_{i-1}^q = 1.623258e-17
INDE Order of convergence = inf, stop = 1
TIDE stopping_criterion took      0.00 usr cpu s       0.00 sys cpu s       0.00 wall s
INDE PURIFICATION CONVERGED after 37 iterations
TIDE Iteration 37 took      0.02 usr cpu s       0.11 sys cpu s       0.02 wall s
INDE Number of non-zeros in D is  116964 <-> 100.00 %
TIDE FileWritable::writeAndReadAll took      0.00 usr cpu s       0.00 sys cpu s       0.00 wall s
INDE writeAndReadAll sizesStr: '0 MB (1 MatrixGeneral, 0 > 1 MB) + 0 MB (13 MatrixSymmetric, 0 > 1 MB) + 0 MB (2 VectorGeneral, 0 > 1 MB) = 0 MB (16 total, 0 > 1 MB)
INDE TOTAL X square time: 0.325550 wall s
INDE TOTAL X trunction time: 0.009539 wall s
INDE TOTAL X purify (exl. X^2 computation) time: 0.010581 wall s
INDE TOTAL time to get number of non-zero elements: 0.001667 wall s
INDE TOTAL time to get mixed norm: 0.090828 wall s
INDE TOTAL time to get Frobenius norm: 0.009846 wall s
INDE TOTAL time for stopping criterion: 0.001972 wall s
INDE TOTAL time to get matrix trace: 0.000884 wall s
INDE Estimated bounds for the eigenvalues for the Fock matrix:
INDE LUMO: [ 0.035091207107 , 0.063215965660 ]
INDE HOMO: [ -0.381646973159 , -0.345229781910 ]
TIDE eigenvalue_bounds_estimation() took      0.00 usr cpu s       0.00 sys cpu s       0.00 wall s
TIDE Recursive expansion took      1.02 usr cpu s       2.77 sys cpu s       0.52 wall s
TIDE Puri->PurificationStart() took      1.02 usr cpu s       2.77 sys cpu s       0.52 wall s
TIDE Accumulated wall times for writeToFile in PurificationStart()          : 1.2e-06 s (MatrixGeneral) + 5e-06 s (MatrixSymmetric) + 0.00011 s (VectorGeneral) = 0.00012 s
TIDE Accumulated wall times for readFromFile in PurificationStart()         : 0 s (MatrixGeneral) + 0 s (MatrixSymmetric) + 5.7e-05 s (VectorGeneral) = 5.7e-05 s
TIDE Accumulated wall times for copy and assign in PurificationStart()      : 9.5e-07 s (MatrixSymmetric) + 7.2e-05 s (VectorGeneral) = 7.3e-05 s
INDE Number of calls to writeToFile in PurificationStart()                  : 2 (MatrixGeneral) + 27 (MatrixSymmetric) + 1570 (VectorGeneral) = 1599 
INDE Number of calls to readFromFile in PurificationStart()                 : 2 (MatrixGeneral) + 26 (MatrixSymmetric) + 628 (VectorGeneral) = 656 
INDE Number of calls to FileWritable copy and assign in PurificationStart() : 2 (MatrixSymmetric) + 39 (VectorGeneral) = 41 
TIDE mat::Gblas::time after purification :     2.557305
INDE Created .m files with results of the purification
INDE Purification converged OK
INDE E(LUMO) - E(HOMO) >=          0.38032098902 =         10.34906137906 eV
INDE E(LUMO) - E(HOMO) <=          0.44486293882 =         12.10533731259 eV
INDE HOMO interval : [   -0.381646973159   -0.345229781910 ]
INDE LUMO interval : [    0.035091207107    0.063215965660 ]
INDE Trace of resulting density matrix is         47.00000000000, error is   0.00000000000001.
INDE Truncated D_ort ( mixed ), selected threshold = 9.99999e-08, returned error =          0, nnz before = 116964 <-> 100.0000 %, nnz after = 116964 <-> 100.0000 %
TIDE FileWritable::writeAndReadAll took      0.00 usr cpu s       0.00 sys cpu s       0.00 wall s
INDE writeAndReadAll sizesStr: '0 MB (1 MatrixGeneral, 0 > 1 MB) + 0 MB (12 MatrixSymmetric, 0 > 1 MB) + 0 MB (1 MatrixTriangular, 0 > 1 MB) = 0 MB (14 total, 0 > 1 MB)
TIDE D_w to non-orthogonal basis took      0.01 usr cpu s       0.08 sys cpu s       0.01 wall s
INDE Truncated D_S (eucl with Z), selected threshold = 9.99999e-08, returned error =          0, nnz before = 100.0000 %, nnz after = 100.0000 %
INDE get_dens_from_fock_sparse ending OK
TIDE get_dens_from_fock_sparse took      1.39 usr cpu s       4.09 sys cpu s       0.76 wall s
ERDE get_dens_from_fock  (GetDensFromFock class) : purification finished OK.
TIDE get_dens_from_fock took      1.39 usr cpu s       4.09 sys cpu s       0.76 wall s
INSC Matrix 'new density matrix' ( symm ): n =    342, nnz =       116964 <-> 100.00 %, mem usage  0.0005 G
INSC Tr( D * S ) =         93.99999999996
TISC get_new_density_matrix took      1.39 usr cpu s       4.09 sys cpu s       0.76 wall s
INMA ddf_writeShellListAndDensityMatricesToFile_sparse, n =    342, densityMatrixList[0].nvalues =       58653
INMA opened temporary file 'density.bin.EhTJ4t' for writing
INMA Choosing matrixStorageType = MATRIX_STORAGE_TYPE_TRIANGLE.
INMA fileSize =          560392 bytes =      0.560 MegaBytes
INMA renamed file 'density.bin.EhTJ4t' to 'density.bin'
INMA ddf_writeShellListAndDensityMatricesToFile_sparse freeing buffer.
INMA ddf_writeShellListAndDensityMatricesToFile_sparse returning OK.
TISC write_density_to_file took      0.01 usr cpu s       0.04 sys cpu s       0.01 wall s
INSC Creating mtx file for Fock matrix
INSC Creating mtx file for density matrix
INSC SCF cycle   1 finished.
TISC SCF cycle   1 took    973.17 usr cpu s       7.19 sys cpu s     156.85 wall s
INSC Beginning of SCF cycle 2:  Thu Dec 18 15:50:21 2025
INDE compute_J_by_boxes_sparse() start.
TIDE FileWritable::writeAndReadAll took      0.00 usr cpu s       0.00 sys cpu s       0.00 wall s
INDE writeAndReadAll: '0 MB (1 MatrixGeneral, 0 > 1 MB) + 0 MB (11 MatrixSymmetric, 0 > 1 MB) = 0 MB (12 total, 0 > 1 MB)
IN   compute_J_by_boxes_sparse, maxDensityMatrixElement =         17.44651509597
ININ get_basis_func_pair_list, n =    342
ININ create_box_system end OK, toplevelBoxSize:   7.0, #levels:  3, #boxes at top level:      6
TIIN get_basis_func_pair_list_2el took      0.18 usr cpu s       0.00 sys cpu s       0.18 wall s
IN   compute_J_by_boxes_sparse: noOfBasisFuncIndexPairs = 52523 ==> storing  44.91 % of a full matrix
ININ entering compute_J_by_boxes_linear, no of basis funcs =   342, threshold_J =   1e-12
ININ use_fmm = 1, fmm_box_size =   5.00
TIIN Compute extent for all distrs took      0.49 usr cpu s       0.00 sys cpu s       0.49 wall s
ININ extent_min =    0.000, extent_max =   19.696
ININ Creating list of distributions etc done, distrCount =    352508
TIIN Creating list of distributions etc took      0.71 usr cpu s       0.01 sys cpu s       0.73 wall s
ININ create_box_system end OK, toplevelBoxSize:   5.0, #levels:  3, #boxes at top level:     10
TIIN Creating boxes took      0.06 usr cpu s       0.01 sys cpu s       0.06 wall s
ININ noOfBranches = 5, splitters:  10.00  5.00  2.50  0.00
ININ J org done, groupCount =    15514
TIIN J org took      1.78 usr cpu s       0.00 sys cpu s       1.78 wall s
TIIN Generate group multipoles took      0.68 usr cpu s       0.00 sys cpu s       0.68 wall s
ININ totChargeWholeSystem =          0.00000000000
ININ Generating multipole for each branch at top level, MAX_MULTIPOLE_DEGREE = 15
TIIN Translate multipoles (step 1) took      0.43 usr cpu s       0.00 sys cpu s       0.43 wall s
TIIN Translate multipoles (step 2) took      0.08 usr cpu s       0.00 sys cpu s       0.08 wall s
ININ job lists for J created OK, noOfJobs_J_standard =     1255, noOfJobs_J_multipole =       40
TIIN Creating job lists for J took      0.00 usr cpu s       0.00 sys cpu s       0.00 wall s
ININ execute_joblist_J_std_threaded, noOfThreads =  8
ININ 8 threads started OK.
ININ all 8 threads have finished.
TIIN execute_joblist_J_std_threaded took    218.50 usr cpu s       0.37 sys cpu s      34.74 wall s
TIIN sort_list_of_multipole_jobs init part took      0.00 usr cpu s       0.00 sys cpu s       0.00 wall s
TIIN sort_list_of_multipole_jobs complete took      0.00 usr cpu s       0.00 sys cpu s       0.00 wall s
TIIN sort_list_of_multipole_jobs took      0.00 usr cpu s       0.00 sys cpu s       0.00 wall s
ININ execute_joblist_J_fmm_shared: Allocating multipoleList_4, maxnoOfMinimalDistrsPerBoxBranch =     65347
ININ execute_joblist_J_fmm_shared: jobIndexLo =            0, jobIndexHi =            5
ININ execute_joblist_J_fmm_shared: Allocating multipoleList_4, maxnoOfMinimalDistrsPerBoxBranch =     65347
ININ execute_joblist_J_fmm_shared: Allocating multipoleList_4, maxnoOfMinimalDistrsPerBoxBranch =     65347
ININ execute_joblist_J_fmm_shared: jobIndexLo =            5, jobIndexHi =           10
ININ execute_joblist_J_fmm_shared: Allocating multipoleList_4, maxnoOfMinimalDistrsPerBoxBranch =     65347
ININ execute_joblist_J_fmm_shared: jobIndexLo =           10, jobIndexHi =           15
ININ execute_joblist_J_fmm_shared: jobIndexLo =           15, jobIndexHi =           20
ININ execute_joblist_J_fmm_shared: Allocating multipoleList_4, maxnoOfMinimalDistrsPerBoxBranch =     65347
ININ execute_joblist_J_fmm_shared: jobIndexLo =           20, jobIndexHi =           25
ININ execute_joblist_J_fmm_shared: Allocating multipoleList_4, maxnoOfMinimalDistrsPerBoxBranch =     65347
ININ execute_joblist_J_fmm_shared: jobIndexLo =           25, jobIndexHi =           30
ININ execute_joblist_J_fmm_shared: Allocating multipoleList_4, maxnoOfMinimalDistrsPerBoxBranch =     65347
ININ execute_joblist_J_fmm_shared: jobIndexLo =           30, jobIndexHi =           35
ININ execute_joblist_J_fmm_shared: Allocating multipoleList_4, maxnoOfMinimalDistrsPerBoxBranch =     65347
ININ execute_joblist_J_fmm_shared: jobIndexLo =           35, jobIndexHi =           40
ININ execute_joblist_J_fmm_shared: done!
ININ execute_joblist_J_fmm_shared: done!
ININ execute_joblist_J_fmm_shared: done!
ININ execute_joblist_J_fmm_shared: done!
ININ execute_joblist_J_fmm_shared: done!
ININ execute_joblist_J_fmm_shared: done!
ININ execute_joblist_J_fmm_shared: done!
ININ execute_joblist_J_fmm_shared: done!
ININ multipole job list for J executed, largest L used: 12
TIIN Executing multipole job list for J took      0.32 usr cpu s       0.00 sys cpu s       0.13 wall s
ININ compute_J_by_boxes_linear ending OK.
TIIN compute_J_by_boxes_linear took    222.58 usr cpu s       0.39 sys cpu s      38.66 wall s
TI   compute_J_by_boxes_sparse total took    222.77 usr cpu s       0.40 sys cpu s      38.85 wall s
ININ entering create_CSR_for_K, no of basis funcs =   342, threshold_K =   1e-12
ININ create_box_system end OK, toplevelBoxSize:   7.0, #levels:  3, #boxes at top level:      6
ININ create_box_system end OK, toplevelBoxSize:   7.0, #levels:  3, #boxes at top level:      6
ININ create_box_system end OK, toplevelBoxSize:   7.0, #levels:  3, #boxes at top level:      6
TIIN create_CSR_for_K getting list of distrs took      0.48 usr cpu s       0.02 sys cpu s       0.50 wall s
ININ list of neighbors complete.
TIIN create_CSR_for_K getting list of neighbors took      0.00 usr cpu s       0.00 sys cpu s       0.00 wall s
TIIN create_CSR_for_K sort each list of neighbors took      0.06 usr cpu s       0.00 sys cpu s       0.06 wall s
ININ 8 threads started OK.
TIIN identify_needed_elements() took    588.56 usr cpu s       0.83 sys cpu s      80.86 wall s
ININ computing nnz..
ININ create_CSR_for_K: predicted nnz =        58653, <->  50.15% of a full matrix
TIIN create_CSR_for_K last part took      0.00 usr cpu s       0.00 sys cpu s       0.00 wall s
TIIN create_CSR_for_K total took    589.11 usr cpu s       0.85 sys cpu s      81.44 wall s
ININ entering compute_K_by_boxes, no of basis funcs =   342, threshold_K =   1e-12, exchange_box_size =   5.00
ININ create_box_system end OK, toplevelBoxSize:   7.0, #levels:  3, #boxes at top level:      6
ININ create_box_system end OK, toplevelBoxSize:   7.0, #levels:  3, #boxes at top level:      6
ININ create_box_system end OK, toplevelBoxSize:   7.0, #levels:  3, #boxes at top level:      6
TIIN Compute extent for all distrs took      0.46 usr cpu s       0.00 sys cpu s       0.46 wall s
ININ Creating list of distributions done, distrCountTot =    352508
TIIN Creating list of distributions took      0.74 usr cpu s       0.00 sys cpu s       0.75 wall s
ININ create_box_system end OK, toplevelBoxSize:   5.0, #levels:  3, #boxes at top level:     10
ININ create_box_system end OK, toplevelBoxSize:   2.5, #levels:  4, #boxes at top level:     16
ININ noOfLevelsBasisFuncs = 4, noOfLevelsDiff = 1
TIIN Creating boxes etc took      0.04 usr cpu s       0.00 sys cpu s       0.04 wall s
TIIN getting multipoleNormVectorList took      0.82 usr cpu s       0.00 sys cpu s       0.82 wall s
TIIN K organize_distributions for all boxes took      2.09 usr cpu s       0.02 sys cpu s       2.11 wall s
ININ starting loop to setup basisFuncGroupInfoList, with added index checks.
TIIN GetLimitsAllLevels took      0.32 usr cpu s       0.00 sys cpu s       0.32 wall s
ININ getDmatLimitMatrixCSRList start.
TIIN getting densityMatrixLimitMatrixList took      0.02 usr cpu s       0.00 sys cpu s       0.02 wall s
ININ job list for K created,       55 jobs
TIIN creating job list for K took      0.00 usr cpu s       0.00 sys cpu s       0.00 wall s
ININ execute_joblist_K_threaded, noOfThreads =  8, basisFuncListCount_max =   325
ININ 8 threads started OK.
ININ all 8 threads have finished, took       32 wall s.
TIIN Executing job list for K took    144.65 usr cpu s       0.11 sys cpu s      32.28 wall s
TIIN compute_K_by_boxes took    148.67 usr cpu s       0.13 sys cpu s      36.33 wall s
TI   compute_K_by_boxes_sparse total took    737.81 usr cpu s       0.98 sys cpu s     117.81 wall s
INSC About to truncate FockMatrix, gap of Fprev >=          0.38032098902
TISC symmMatrix::mixed_diff for F vs Fprev maxEigValMovement_mixed took      0.00 usr cpu s       0.00 sys cpu s       0.00 wall s
TISC symmMatrix::eucl_diff for maxEigValMovement_eucl  took      0.06 usr cpu s       0.22 sys cpu s       0.05 wall s
INSC maxEigValMovement_frob  =          0.17135749018
INSC maxEigValMovement_mixed =          0.14915273824
INSC maxEigValMovement_eucl  =          0.08130376973
TISC FockMatrix.eucl_thresh() (with Z) took      0.14 usr cpu s       0.49 sys cpu s       0.11 wall s
INSC Truncated FockMatrix (eucl with Z), selected threshold = 2.17713e-08, returned error =          0, nnz before = 100.0000 %, nnz after = 100.0000 %
INSC Matrix 'S' ( symm ): n =    342, nnz =       116964 <-> 100.00 %, mem usage  0.0005 G
INSC Matrix 'F' ( symm ): n =    342, nnz =       116964 <-> 100.00 %, mem usage  0.0005 G
INSC Matrix 'D' ( symm ): n =    342, nnz =       116964 <-> 100.00 %, mem usage  0.0005 G
INSC nuclearEnergy, energy_2el, energy = 782.160484, 1007.388587, -645.111648
INSC Energy   2 =       -645.11164849306
INSC calling compute_FDSminusSDF_sparse, n = 342
INDE compute_FDSminusSDF_sparse() start.
TIDE FileWritable::writeAndReadAll took      0.00 usr cpu s       0.00 sys cpu s       0.00 wall s
INDE writeAndReadAll: '0 MB (1 MatrixGeneral, 0 > 1 MB) + 0 MB (9 MatrixSymmetric, 0 > 1 MB) = 0 MB (10 total, 0 > 1 MB)
TISC compute_FDSminusSDF_sparse, F*D mult took      0.03 usr cpu s       0.08 sys cpu s       0.02 wall s
INSC Matrix 'FD before eucl truncation' (normal): n =    342, nnz =       116964 <-> 100.00 %, mem usage  0.0009 G
INSC Matrix 'FD after  eucl truncation' (normal): n =    342, nnz =       116964 <-> 100.00 %, mem usage  0.0009 G
INSC Matrix 'FDS before eucl truncation' (normal): n =    342, nnz =       116964 <-> 100.00 %, mem usage  0.0009 G
INSC Matrix 'FDS after  eucl truncation' (normal): n =    342, nnz =       116964 <-> 100.00 %, mem usage  0.0009 G
INSC compute_FDSminusSDF_sparse ending OK.
TISC compute_FDSminusSDF_sparse took      0.12 usr cpu s       0.38 sys cpu s       0.07 wall s
INSC Matrix 'FDS-SDF' (normal): n =    342, nnz =       116964 <-> 100.00 %, mem usage  0.0009 G
INSC SCF_restricted::get_FDSminusSDF finished.
TISC get_FDSminusSDF took      0.12 usr cpu s       0.38 sys cpu s       0.07 wall s
INSC maxabs FDS-SDF is  0.00605
INSC frob   FDS-SDF is   0.0967
TISC get_error_measure took      0.00 usr cpu s       0.01 sys cpu s       0.00 wall s
INSC entering DIISManagerRestricted::AddIterationToList, IterCount =  1
INSC DIISManagerRestricted::AddIterationToList ending OK.
TISC DIISManagerRestricted::AddIterationToList took      0.00 usr cpu s       0.01 sys cpu s       0.00 wall s
INSC using DIIS to get combined Fock matrix, number of iters used for DIIS:  2
TISC clear_error_matrices took      0.00 usr cpu s       0.00 sys cpu s       0.00 wall s
TISC save_current_fock_as_fprev took      0.00 usr cpu s       0.00 sys cpu s       0.00 wall s
INDE get_dens_from_fock_general, n = 342, use_diagonalization = 0, use_diag_on_error = 1
INDE Before writeAndReadAll(): AllocatorManager statistics:  noOfRealsPerBuffer: 1024 noOfBuffers: 20000 list.size(): 1. Allocated: 0.164 GB, Used: 0.00795 GB, Peak alloc: 0.164 GB.
TIDE FileWritable::writeAndReadAll took      0.00 usr cpu s       0.00 sys cpu s       0.00 wall s
INDE writeAndReadAll sizesStr: '0 MB (1 MatrixGeneral, 0 > 1 MB) + 0 MB (7 MatrixSymmetric, 0 > 1 MB) = 0 MB (8 total, 0 > 1 MB)
INDE After writeAndReadAll(): AllocatorManager statistics:  noOfRealsPerBuffer: 1024 noOfBuffers: 20000 list.size(): 1. Allocated: 0.164 GB, Used: 0.00795 GB, Peak alloc: 0.164 GB.
INDE calling get_dens_from_fock_sparse, n =    342, subspaceErrorLimit = 1e-06
INDE get_dens_from_fock_sparse() start!
INDE After F.readFromFile(): AllocatorManager statistics:  noOfRealsPerBuffer: 1024 noOfBuffers: 20000 list.size(): 1. Allocated: 0.164 GB, Used: 0.00795 GB, Peak alloc: 0.164 GB.
INDE After creating wrapper MatrixType F_w(F): AllocatorManager statistics:  noOfRealsPerBuffer: 1024 noOfBuffers: 20000 list.size(): 1. Allocated: 0.164 GB, Used: 0.0084 GB, Peak alloc: 0.164 GB.
TIDE  F_w to orthogonal basis took      0.03 usr cpu s       0.05 sys cpu s       0.01 wall s
TIDE MatrixType::mixed_diff for maxEigValMovement_mixed took      0.00 usr cpu s       0.01 sys cpu s       0.00 wall s
TIDE symmMatrixWrap::eucl_diff for maxEigValMovement_eucl  took      0.16 usr cpu s       0.62 sys cpu s       0.11 wall s
INDE maxEigValMovement_frob  =          0.08695006571
INDE maxEigValMovement_mixed =          0.05557944557
INDE maxEigValMovement_eucl  =          0.01276706346
INDE lumo before truncation: [ 0.022324143642 , 0.075983029124 ]
INDE homo before truncation: [ -0.394414036624 , -0.332462718445 ]
INDE Truncate matrix F and update intervals for homo and lumo.
INDE Truncating F_ort ( mixed ), selected threshold = 3.54787e-08
INDE Truncated F_ort ( mixed ), selected threshold = 3.54787e-08, returned error =          0, nnz before = 100.0000 %, nnz after = 100.0000 %
TIDE Truncation of F_ort took      0.00 usr cpu s       0.00 sys cpu s       0.00 wall s
INDE Chosen Ergo Wrapper
INDE Creating purification object: N = 342 , nocc = 47 , NNZ = 116964  <-> 100.00000 %
INDE Chosen norm for the truncation: 
INDE mixed
INDE Chosen norm for the stopping criterion: 
INDE mixed
INDE Chosen the NEW stopping criterion.
INDE Allowed error in subspace 7.000000e-07
INDE Chosen SP2 purification method
INDE calling Puri->PurificationStart(), number of threads = 1, trunc norm 'mixed'
TIDE gershgorin took      0.00 usr cpu s       0.01 sys cpu s       0.00 wall s
INDE Gershgorin bounds: [ -59.817087026659 , 100.441408758596 ]
INDE EXPANDED Gershgorin bounds: [ -59.817087041560 , 100.441408773497 ]
INDE Trying to impove bounds using Lanczos algorithm...
TIDE compute_spectrum_bounds took      0.11 usr cpu s       0.37 sys cpu s       0.08 wall s
INDE Spectrum of F: 	 [ -20.619210924654 , 51.717613944788 ]
INDE Transform homo and lumo bounds...
INDE HOMO bounds of X: 	 [ 0.719551580501 , 0.720408008998 ]
INDE LUMO bounds of X: 	 [ 0.713905137651 , 0.714646929755 ]
INDE INIT LUMO: [ 0.713905137651 , 0.714646929755 ]
INDE INIT HOMO: [ 0.279591991002 , 0.280448419499 ]
INDE ESTIMATED NUMBER OF ITERATIONS IS 35
INDE Put eigenvalues of F to the interval [0,1] in reverse order.
TIDE compute_X() took      0.00 usr cpu s       0.00 sys cpu s       0.00 wall s
TIDE prepare_to_purification() took      0.11 usr cpu s       0.38 sys cpu s       0.08 wall s
INDE (EIGV,PARAMS) Requested 0 occipied eigenpair(s).
INDE (EIGV,PARAMS) Requested 0 unoccipied eigenpair(s).
TIDE prepare_to_purification_eigenvectors() took      0.00 usr cpu s       0.00 sys cpu s       0.00 wall s
INDE Starting recursive expansion
INDE     BEFORE ITERATIONS:
TIDE truncate_matrix took      0.00 usr cpu s       0.00 sys cpu s       0.00 wall s
INDE Actual introduced error   0.000000e+00 : nnz before  116964 <-> 100.00 % , nnz after  116964 <-> 100.00 %
TIDE square took      0.01 usr cpu s       0.05 sys cpu s       0.01 wall s
INDE NNZ Xsq = 116964 <-> 100.00 %
TIDE Frobenius norm of X-X^2 took      0.00 usr cpu s       0.00 sys cpu s       0.00 wall s
TIDE Mixed norm of X-X^2 took      0.00 usr cpu s       0.02 sys cpu s       0.00 wall s
TIDE Trace of X-X^2 took      0.00 usr cpu s       0.00 sys cpu s       0.00 wall s
INDE ||X-X^2||_F = 3.851648e+00 , ||X-X^2||_mixed = 1.285963e+00
INDE trace(X-X^2) = 7.012247e+01
INDE trace(X) = 2.342635e+02
TIDE Iteration 0 took      0.01 usr cpu s       0.07 sys cpu s       0.01 wall s
TIDE FileWritable::writeAndReadAll took      0.00 usr cpu s       0.00 sys cpu s       0.00 wall s
INDE writeAndReadAll sizesStr: '0 MB (1 MatrixGeneral, 0 > 1 MB) + 0 MB (13 MatrixSymmetric, 0 > 1 MB) + 0 MB (2 VectorGeneral, 0 > 1 MB) = 0 MB (16 total, 0 > 1 MB)
INDE     ITERATION 1 :
TIDE purify_X took      0.00 usr cpu s       0.00 sys cpu s       0.00 wall s
TIDE truncate_matrix took      0.00 usr cpu s       0.00 sys cpu s       0.00 wall s
INDE Actual introduced error   0.000000e+00 : nnz before  116964 <-> 100.00 % , nnz after  116964 <-> 100.00 %
TIDE square took      0.01 usr cpu s       0.05 sys cpu s       0.01 wall s
INDE NNZ Xsq = 116964 <-> 100.00 %
TIDE Frobenius norm of X-X^2 took      0.00 usr cpu s       0.00 sys cpu s       0.00 wall s
TIDE Mixed norm of X-X^2 took      0.01 usr cpu s       0.01 sys cpu s       0.00 wall s
TIDE Trace of X-X^2 took      0.00 usr cpu s       0.00 sys cpu s       0.00 wall s
INDE ||X-X^2||_F = 4.467961e+00 , ||X-X^2||_mixed = 1.460712e+00
INDE trace(X-X^2) = 8.127637e+01
INDE trace(X) = 1.641410e+02
TIDE Iteration 1 took      0.02 usr cpu s       0.07 sys cpu s       0.01 wall s
INDE     ITERATION 2 :
TIDE purify_X took      0.00 usr cpu s       0.00 sys cpu s       0.00 wall s
TIDE truncate_matrix took      0.00 usr cpu s       0.00 sys cpu s       0.00 wall s
INDE Actual introduced error   0.000000e+00 : nnz before  116964 <-> 100.00 % , nnz after  116964 <-> 100.00 %
TIDE square took      0.02 usr cpu s       0.04 sys cpu s       0.01 wall s
INDE NNZ Xsq = 116964 <-> 100.00 %
TIDE Frobenius norm of X-X^2 took      0.00 usr cpu s       0.00 sys cpu s       0.00 wall s
TIDE Mixed norm of X-X^2 took      0.00 usr cpu s       0.02 sys cpu s       0.00 wall s
TIDE Trace of X-X^2 took      0.00 usr cpu s       0.00 sys cpu s       0.00 wall s
INDE ||X-X^2||_F = 3.255337e+00 , ||X-X^2||_mixed = 1.135828e+00
INDE trace(X-X^2) = 5.850146e+01
INDE trace(X) = 8.286461e+01
INDE Checking stopping criterion...   
INDE Order of convergence cannot be computed
TIDE stopping_criterion took      0.00 usr cpu s       0.00 sys cpu s       0.00 wall s
TIDE Iteration 2 took      0.02 usr cpu s       0.06 sys cpu s       0.01 wall s
INDE     ITERATION 3 :
TIDE purify_X took      0.00 usr cpu s       0.00 sys cpu s       0.00 wall s
TIDE truncate_matrix took      0.00 usr cpu s       0.00 sys cpu s       0.00 wall s
INDE Actual introduced error   0.000000e+00 : nnz before  116964 <-> 100.00 % , nnz after  116964 <-> 100.00 %
TIDE square took      0.01 usr cpu s       0.05 sys cpu s       0.01 wall s
INDE NNZ Xsq = 116964 <-> 100.00 %
TIDE Frobenius norm of X-X^2 took      0.00 usr cpu s       0.00 sys cpu s       0.00 wall s
TIDE Mixed norm of X-X^2 took      0.01 usr cpu s       0.01 sys cpu s       0.00 wall s
TIDE Trace of X-X^2 took      0.00 usr cpu s       0.00 sys cpu s       0.00 wall s
INDE ||X-X^2||_F = 4.290674e+00 , ||X-X^2||_mixed = 1.444795e+00
INDE trace(X-X^2) = 7.742126e+01
INDE trace(X) = 1.413661e+02
INDE Checking stopping criterion...   
INDE Order of convergence cannot be computed
TIDE stopping_criterion took      0.00 usr cpu s       0.00 sys cpu s       0.00 wall s
TIDE Iteration 3 took      0.02 usr cpu s       0.06 sys cpu s       0.01 wall s
INDE     ITERATION 4 :
TIDE purify_X took      0.00 usr cpu s       0.00 sys cpu s       0.00 wall s
TIDE truncate_matrix took      0.00 usr cpu s       0.00 sys cpu s       0.00 wall s
INDE Actual introduced error   0.000000e+00 : nnz before  116964 <-> 100.00 % , nnz after  116964 <-> 100.00 %
TIDE square took      0.01 usr cpu s       0.05 sys cpu s       0.01 wall s
INDE NNZ Xsq = 116964 <-> 100.00 %
TIDE Frobenius norm of X-X^2 took      0.00 usr cpu s       0.00 sys cpu s       0.00 wall s
TIDE Mixed norm of X-X^2 took      0.00 usr cpu s       0.02 sys cpu s       0.00 wall s
TIDE Trace of X-X^2 took      0.00 usr cpu s       0.00 sys cpu s       0.00 wall s
INDE ||X-X^2||_F = 4.002603e+00 , ||X-X^2||_mixed = 1.405808e+00
INDE trace(X-X^2) = 7.176650e+01
INDE trace(X) = 2.187873e+02
INDE Checking stopping criterion...   
INDE Order of convergence cannot be computed
TIDE stopping_criterion took      0.00 usr cpu s       0.00 sys cpu s       0.00 wall s
TIDE Iteration 4 took      0.01 usr cpu s       0.07 sys cpu s       0.01 wall s
INDE     ITERATION 5 :
TIDE purify_X took      0.00 usr cpu s       0.00 sys cpu s       0.00 wall s
TIDE truncate_matrix took      0.00 usr cpu s       0.00 sys cpu s       0.00 wall s
INDE Actual introduced error   0.000000e+00 : nnz before  116964 <-> 100.00 % , nnz after  116964 <-> 100.00 %
TIDE square took      0.02 usr cpu s       0.04 sys cpu s       0.01 wall s
INDE NNZ Xsq = 116964 <-> 100.00 %
TIDE Frobenius norm of X-X^2 took      0.00 usr cpu s       0.00 sys cpu s       0.00 wall s
TIDE Mixed norm of X-X^2 took      0.00 usr cpu s       0.02 sys cpu s       0.00 wall s
TIDE Trace of X-X^2 took      0.00 usr cpu s       0.00 sys cpu s       0.00 wall s
INDE ||X-X^2||_F = 4.269230e+00 , ||X-X^2||_mixed = 1.493316e+00
INDE trace(X-X^2) = 7.626714e+01
INDE trace(X) = 1.470208e+02
INDE Checking stopping criterion...   
INDE Order of convergence cannot be computed
TIDE stopping_criterion took      0.00 usr cpu s       0.00 sys cpu s       0.00 wall s
TIDE Iteration 5 took      0.03 usr cpu s       0.06 sys cpu s       0.01 wall s
INDE     ITERATION 6 :
TIDE purify_X took      0.00 usr cpu s       0.00 sys cpu s       0.00 wall s
TIDE truncate_matrix took      0.00 usr cpu s       0.00 sys cpu s       0.00 wall s
INDE Actual introduced error   0.000000e+00 : nnz before  116964 <-> 100.00 % , nnz after  116964 <-> 100.00 %
TIDE square took      0.01 usr cpu s       0.04 sys cpu s       0.01 wall s
INDE NNZ Xsq = 116964 <-> 100.00 %
TIDE Frobenius norm of X-X^2 took      0.00 usr cpu s       0.00 sys cpu s       0.00 wall s
TIDE Mixed norm of X-X^2 took      0.01 usr cpu s       0.01 sys cpu s       0.00 wall s
TIDE Trace of X-X^2 took      0.00 usr cpu s       0.00 sys cpu s       0.00 wall s
INDE ||X-X^2||_F = 2.735722e+00 , ||X-X^2||_mixed = 1.097320e+00
INDE trace(X-X^2) = 4.782229e+01
INDE trace(X) = 7.075368e+01
INDE Checking stopping criterion...   
INDE Order of convergence cannot be computed
TIDE stopping_criterion took      0.00 usr cpu s       0.00 sys cpu s       0.00 wall s
TIDE Iteration 6 took      0.02 usr cpu s       0.06 sys cpu s       0.01 wall s
INDE     ITERATION 7 :
TIDE purify_X took      0.00 usr cpu s       0.00 sys cpu s       0.00 wall s
TIDE truncate_matrix took      0.00 usr cpu s       0.00 sys cpu s       0.00 wall s
INDE Actual introduced error   0.000000e+00 : nnz before  116964 <-> 100.00 % , nnz after  116964 <-> 100.00 %
TIDE square took      0.01 usr cpu s       0.05 sys cpu s       0.01 wall s
INDE NNZ Xsq = 116964 <-> 100.00 %
TIDE Frobenius norm of X-X^2 took      0.00 usr cpu s       0.00 sys cpu s       0.00 wall s
TIDE Mixed norm of X-X^2 took      0.01 usr cpu s       0.01 sys cpu s       0.00 wall s
TIDE Trace of X-X^2 took      0.00 usr cpu s       0.00 sys cpu s       0.00 wall s
INDE ||X-X^2||_F = 3.851943e+00 , ||X-X^2||_mixed = 1.464689e+00
INDE trace(X-X^2) = 6.766072e+01
INDE trace(X) = 1.185760e+02
INDE Checking stopping criterion...   
INDE Order of convergence cannot be computed
TIDE stopping_criterion took      0.00 usr cpu s       0.00 sys cpu s       0.00 wall s
TIDE Iteration 7 took      0.02 usr cpu s       0.07 sys cpu s       0.01 wall s
INDE     ITERATION 8 :
TIDE purify_X took      0.00 usr cpu s       0.00 sys cpu s       0.00 wall s
TIDE truncate_matrix took      0.00 usr cpu s       0.00 sys cpu s       0.00 wall s
INDE Actual introduced error   0.000000e+00 : nnz before  116964 <-> 100.00 % , nnz after  116964 <-> 100.00 %
TIDE square took      0.02 usr cpu s       0.04 sys cpu s       0.01 wall s
INDE NNZ Xsq = 116964 <-> 100.00 %
TIDE Frobenius norm of X-X^2 took      0.00 usr cpu s       0.00 sys cpu s       0.00 wall s
TIDE Mixed norm of X-X^2 took      0.00 usr cpu s       0.02 sys cpu s       0.00 wall s
TIDE Trace of X-X^2 took      0.00 usr cpu s       0.00 sys cpu s       0.00 wall s
INDE ||X-X^2||_F = 4.119824e+00 , ||X-X^2||_mixed = 1.498012e+00
INDE trace(X-X^2) = 7.298711e+01
INDE trace(X) = 1.862367e+02
INDE Checking stopping criterion...   
INDE Order of convergence cannot be computed
TIDE stopping_criterion took      0.00 usr cpu s       0.00 sys cpu s       0.00 wall s
TIDE Iteration 8 took      0.02 usr cpu s       0.07 sys cpu s       0.01 wall s
INDE     ITERATION 9 :
TIDE purify_X took      0.00 usr cpu s       0.00 sys cpu s       0.00 wall s
TIDE truncate_matrix took      0.00 usr cpu s       0.00 sys cpu s       0.00 wall s
INDE Actual introduced error   0.000000e+00 : nnz before  116964 <-> 100.00 % , nnz after  116964 <-> 100.00 %
TIDE square took      0.02 usr cpu s       0.05 sys cpu s       0.01 wall s
INDE NNZ Xsq = 116964 <-> 100.00 %
TIDE Frobenius norm of X-X^2 took      0.00 usr cpu s       0.00 sys cpu s       0.00 wall s
TIDE Mixed norm of X-X^2 took      0.01 usr cpu s       0.01 sys cpu s       0.00 wall s
TIDE Trace of X-X^2 took      0.00 usr cpu s       0.00 sys cpu s       0.00 wall s
INDE ||X-X^2||_F = 3.667264e+00 , ||X-X^2||_mixed = 1.505194e+00
INDE trace(X-X^2) = 6.287430e+01
INDE trace(X) = 1.132496e+02
INDE Checking stopping criterion...   
INDE Order of convergence cannot be computed
TIDE stopping_criterion took      0.00 usr cpu s       0.00 sys cpu s       0.00 wall s
TIDE Iteration 9 took      0.02 usr cpu s       0.06 sys cpu s       0.01 wall s
INDE     ITERATION 10 :
TIDE purify_X took      0.00 usr cpu s       0.00 sys cpu s       0.00 wall s
TIDE truncate_matrix took      0.00 usr cpu s       0.00 sys cpu s       0.00 wall s
INDE Actual introduced error   0.000000e+00 : nnz before  116964 <-> 100.00 % , nnz after  116964 <-> 100.00 %
TIDE square took      0.02 usr cpu s       0.04 sys cpu s       0.01 wall s
INDE NNZ Xsq = 116964 <-> 100.00 %
TIDE Frobenius norm of X-X^2 took      0.00 usr cpu s       0.00 sys cpu s       0.00 wall s
TIDE Mixed norm of X-X^2 took      0.00 usr cpu s       0.02 sys cpu s       0.00 wall s
TIDE Trace of X-X^2 took      0.00 usr cpu s       0.00 sys cpu s       0.00 wall s
INDE ||X-X^2||_F = 3.887460e+00 , ||X-X^2||_mixed = 1.520128e+00
INDE trace(X-X^2) = 6.811040e+01
INDE trace(X) = 1.761239e+02
INDE Checking stopping criterion...   
INDE Order of convergence cannot be computed
TIDE stopping_criterion took      0.00 usr cpu s       0.00 sys cpu s       0.00 wall s
TIDE Iteration 10 took      0.02 usr cpu s       0.06 sys cpu s       0.01 wall s
INDE     ITERATION 11 :
TIDE purify_X took      0.00 usr cpu s       0.00 sys cpu s       0.00 wall s
TIDE truncate_matrix took      0.00 usr cpu s       0.00 sys cpu s       0.00 wall s
INDE Actual introduced error   0.000000e+00 : nnz before  116964 <-> 100.00 % , nnz after  116964 <-> 100.00 %
TIDE square took      0.01 usr cpu s       0.05 sys cpu s       0.01 wall s
INDE NNZ Xsq = 116964 <-> 100.00 %
TIDE Frobenius norm of X-X^2 took      0.00 usr cpu s       0.00 sys cpu s       0.00 wall s
TIDE Mixed norm of X-X^2 took      0.00 usr cpu s       0.02 sys cpu s       0.00 wall s
TIDE Trace of X-X^2 took      0.00 usr cpu s       0.00 sys cpu s       0.00 wall s
INDE ||X-X^2||_F = 3.438012e+00 , ||X-X^2||_mixed = 1.550608e+00
INDE trace(X-X^2) = 5.638677e+01
INDE trace(X) = 1.080135e+02
INDE Checking stopping criterion...   
INDE Order of convergence cannot be computed
TIDE stopping_criterion took      0.00 usr cpu s       0.00 sys cpu s       0.00 wall s
TIDE Iteration 11 took      0.01 usr cpu s       0.07 sys cpu s       0.01 wall s
INDE     ITERATION 12 :
TIDE purify_X took      0.00 usr cpu s       0.00 sys cpu s       0.00 wall s
TIDE truncate_matrix took      0.00 usr cpu s       0.00 sys cpu s       0.00 wall s
INDE Actual introduced error   0.000000e+00 : nnz before  116964 <-> 100.00 % , nnz after  116964 <-> 100.00 %
TIDE square took      0.03 usr cpu s       0.04 sys cpu s       0.01 wall s
INDE NNZ Xsq = 116964 <-> 100.00 %
TIDE Frobenius norm of X-X^2 took      0.00 usr cpu s       0.00 sys cpu s       0.00 wall s
TIDE Mixed norm of X-X^2 took      0.00 usr cpu s       0.01 sys cpu s       0.00 wall s
TIDE Trace of X-X^2 took      0.00 usr cpu s       0.00 sys cpu s       0.00 wall s
INDE ||X-X^2||_F = 2.137965e+00 , ||X-X^2||_mixed = 1.205386e+00
INDE trace(X-X^2) = 2.964714e+01
INDE trace(X) = 5.162671e+01
INDE Checking stopping criterion...   
INDE Order of convergence cannot be computed
TIDE stopping_criterion took      0.00 usr cpu s       0.00 sys cpu s       0.00 wall s
TIDE Iteration 12 took      0.03 usr cpu s       0.06 sys cpu s       0.01 wall s
INDE     ITERATION 13 :
TIDE purify_X took      0.00 usr cpu s       0.00 sys cpu s       0.00 wall s
TIDE truncate_matrix took      0.00 usr cpu s       0.00 sys cpu s       0.00 wall s
INDE Actual introduced error   0.000000e+00 : nnz before  116964 <-> 100.00 % , nnz after  116964 <-> 100.00 %
TIDE square took      0.01 usr cpu s       0.05 sys cpu s       0.01 wall s
INDE NNZ Xsq = 116964 <-> 100.00 %
TIDE Frobenius norm of X-X^2 took      0.00 usr cpu s       0.00 sys cpu s       0.00 wall s
TIDE Mixed norm of X-X^2 took      0.00 usr cpu s       0.02 sys cpu s       0.00 wall s
TIDE Trace of X-X^2 took      0.00 usr cpu s       0.00 sys cpu s       0.00 wall s
INDE ||X-X^2||_F = 2.859689e+00 , ||X-X^2||_mixed = 1.477540e+00
INDE trace(X-X^2) = 4.209665e+01
INDE trace(X) = 8.127385e+01
INDE Checking stopping criterion...   
INDE Order of convergence cannot be computed
TIDE stopping_criterion took      0.00 usr cpu s       0.00 sys cpu s       0.00 wall s
TIDE Iteration 13 took      0.02 usr cpu s       0.07 sys cpu s       0.01 wall s
INDE     ITERATION 14 :
TIDE purify_X took      0.00 usr cpu s       0.00 sys cpu s       0.00 wall s
TIDE truncate_matrix took      0.00 usr cpu s       0.00 sys cpu s       0.00 wall s
INDE Actual introduced error   0.000000e+00 : nnz before  116964 <-> 100.00 % , nnz after  116964 <-> 100.00 %
TIDE square took      0.02 usr cpu s       0.04 sys cpu s       0.01 wall s
INDE NNZ Xsq = 116964 <-> 100.00 %
TIDE Frobenius norm of X-X^2 took      0.00 usr cpu s       0.00 sys cpu s       0.00 wall s
TIDE Mixed norm of X-X^2 took      0.00 usr cpu s       0.02 sys cpu s       0.00 wall s
TIDE Trace of X-X^2 took      0.00 usr cpu s       0.00 sys cpu s       0.00 wall s
INDE ||X-X^2||_F = 3.137701e+00 , ||X-X^2||_mixed = 1.633479e+00
INDE trace(X-X^2) = 4.811569e+01
INDE trace(X) = 1.233705e+02
INDE Checking stopping criterion...   
INDE Order of convergence cannot be computed
TIDE stopping_criterion took      0.00 usr cpu s       0.00 sys cpu s       0.00 wall s
TIDE Iteration 14 took      0.02 usr cpu s       0.07 sys cpu s       0.01 wall s
INDE     ITERATION 15 :
TIDE purify_X took      0.00 usr cpu s       0.00 sys cpu s       0.00 wall s
TIDE truncate_matrix took      0.00 usr cpu s       0.00 sys cpu s       0.00 wall s
INDE Actual introduced error   0.000000e+00 : nnz before  116964 <-> 100.00 % , nnz after  116964 <-> 100.00 %
TIDE square took      0.01 usr cpu s       0.04 sys cpu s       0.01 wall s
INDE NNZ Xsq = 116964 <-> 100.00 %
TIDE Frobenius norm of X-X^2 took      0.00 usr cpu s       0.00 sys cpu s       0.00 wall s
TIDE Mixed norm of X-X^2 took      0.00 usr cpu s       0.02 sys cpu s       0.00 wall s
TIDE Trace of X-X^2 took      0.00 usr cpu s       0.00 sys cpu s       0.00 wall s
INDE ||X-X^2||_F = 2.542291e+00 , ||X-X^2||_mixed = 1.429645e+00
INDE trace(X-X^2) = 3.395104e+01
INDE trace(X) = 7.525481e+01
INDE Checking stopping criterion...   
INDE Order of convergence cannot be computed
TIDE stopping_criterion took      0.00 usr cpu s       0.00 sys cpu s       0.00 wall s
TIDE Iteration 15 took      0.02 usr cpu s       0.06 sys cpu s       0.01 wall s
INDE     ITERATION 16 :
TIDE purify_X took      0.00 usr cpu s       0.00 sys cpu s       0.00 wall s
TIDE truncate_matrix took      0.00 usr cpu s       0.00 sys cpu s       0.00 wall s
INDE Actual introduced error   0.000000e+00 : nnz before  116964 <-> 100.00 % , nnz after  116964 <-> 100.00 %
TIDE square took      0.02 usr cpu s       0.04 sys cpu s       0.01 wall s
INDE NNZ Xsq = 116964 <-> 100.00 %
TIDE Frobenius norm of X-X^2 took      0.00 usr cpu s       0.00 sys cpu s       0.00 wall s
TIDE Mixed norm of X-X^2 took      0.01 usr cpu s       0.01 sys cpu s       0.00 wall s
TIDE Trace of X-X^2 took      0.00 usr cpu s       0.00 sys cpu s       0.00 wall s
INDE ||X-X^2||_F = 2.741886e+00 , ||X-X^2||_mixed = 1.620190e+00
INDE trace(X-X^2) = 3.726953e+01
INDE trace(X) = 1.092059e+02
INDE Checking stopping criterion...   
INDE Order of convergence cannot be computed
TIDE stopping_criterion took      0.00 usr cpu s       0.00 sys cpu s       0.00 wall s
TIDE Iteration 16 took      0.03 usr cpu s       0.05 sys cpu s       0.01 wall s
INDE     ITERATION 17 :
TIDE purify_X took      0.00 usr cpu s       0.00 sys cpu s       0.00 wall s
TIDE truncate_matrix took      0.00 usr cpu s       0.00 sys cpu s       0.00 wall s
INDE Actual introduced error   0.000000e+00 : nnz before  116964 <-> 100.00 % , nnz after  116964 <-> 100.00 %
TIDE square took      0.02 usr cpu s       0.03 sys cpu s       0.01 wall s
INDE NNZ Xsq = 116964 <-> 100.00 %
TIDE Frobenius norm of X-X^2 took      0.00 usr cpu s       0.00 sys cpu s       0.00 wall s
TIDE Mixed norm of X-X^2 took      0.01 usr cpu s       0.01 sys cpu s       0.00 wall s
TIDE Trace of X-X^2 took      0.00 usr cpu s       0.00 sys cpu s       0.00 wall s
INDE ||X-X^2||_F = 2.202256e+00 , ||X-X^2||_mixed = 1.351375e+00
INDE trace(X-X^2) = 2.641523e+01
INDE trace(X) = 7.193633e+01
INDE Checking stopping criterion...   
INDE Order of convergence cannot be computed
TIDE stopping_criterion took      0.00 usr cpu s       0.00 sys cpu s       0.00 wall s
TIDE Iteration 17 took      0.03 usr cpu s       0.05 sys cpu s       0.01 wall s
INDE     ITERATION 18 :
TIDE purify_X took      0.00 usr cpu s       0.00 sys cpu s       0.00 wall s
TIDE truncate_matrix took      0.00 usr cpu s       0.00 sys cpu s       0.00 wall s
INDE Actual introduced error   0.000000e+00 : nnz before  116964 <-> 100.00 % , nnz after  116964 <-> 100.00 %
TIDE square took      0.01 usr cpu s       0.05 sys cpu s       0.01 wall s
INDE NNZ Xsq = 116964 <-> 100.00 %
TIDE Frobenius norm of X-X^2 took      0.00 usr cpu s       0.00 sys cpu s       0.00 wall s
TIDE Mixed norm of X-X^2 took      0.01 usr cpu s       0.01 sys cpu s       0.00 wall s
TIDE Trace of X-X^2 took      0.00 usr cpu s       0.00 sys cpu s       0.00 wall s
INDE ||X-X^2||_F = 1.507433e+00 , ||X-X^2||_mixed = 1.050089e+00
INDE trace(X-X^2) = 1.472823e+01
INDE trace(X) = 4.552110e+01
INDE Checking stopping criterion...   
INDE Order of convergence cannot be computed
TIDE stopping_criterion took      0.00 usr cpu s       0.00 sys cpu s       0.00 wall s
TIDE Iteration 18 took      0.02 usr cpu s       0.06 sys cpu s       0.01 wall s
INDE     ITERATION 19 :
TIDE purify_X took      0.00 usr cpu s       0.00 sys cpu s       0.00 wall s
TIDE truncate_matrix took      0.00 usr cpu s       0.00 sys cpu s       0.00 wall s
INDE Actual introduced error   0.000000e+00 : nnz before  116964 <-> 100.00 % , nnz after  116964 <-> 100.00 %
TIDE square took      0.02 usr cpu s       0.04 sys cpu s       0.01 wall s
INDE NNZ Xsq = 116964 <-> 100.00 %
TIDE Frobenius norm of X-X^2 took      0.00 usr cpu s       0.00 sys cpu s       0.00 wall s
TIDE Mixed norm of X-X^2 took      0.00 usr cpu s       0.02 sys cpu s       0.00 wall s
TIDE Trace of X-X^2 took      0.00 usr cpu s       0.00 sys cpu s       0.00 wall s
INDE ||X-X^2||_F = 1.614541e+00 , ||X-X^2||_mixed = 1.082629e+00
INDE trace(X-X^2) = 1.676452e+01
INDE trace(X) = 6.024933e+01
INDE Checking stopping criterion...   
INDE Order of convergence cannot be computed
TIDE stopping_criterion took      0.00 usr cpu s       0.00 sys cpu s       0.00 wall s
TIDE Iteration 19 took      0.02 usr cpu s       0.06 sys cpu s       0.01 wall s
INDE     ITERATION 20 :
TIDE purify_X took      0.00 usr cpu s       0.00 sys cpu s       0.00 wall s
TIDE truncate_matrix took      0.00 usr cpu s       0.00 sys cpu s       0.00 wall s
INDE Actual introduced error   0.000000e+00 : nnz before  116964 <-> 100.00 % , nnz after  116964 <-> 100.00 %
TIDE square took      0.02 usr cpu s       0.03 sys cpu s       0.01 wall s
INDE NNZ Xsq = 116964 <-> 100.00 %
TIDE Frobenius norm of X-X^2 took      0.00 usr cpu s       0.00 sys cpu s       0.00 wall s
TIDE Mixed norm of X-X^2 took      0.00 usr cpu s       0.02 sys cpu s       0.00 wall s
TIDE Trace of X-X^2 took      0.00 usr cpu s       0.00 sys cpu s       0.00 wall s
INDE ||X-X^2||_F = 1.109108e+00 , ||X-X^2||_mixed = 8.455176e-01
INDE trace(X-X^2) = 8.695663e+00
INDE trace(X) = 4.348481e+01
INDE Checking stopping criterion...   
INDE Order of convergence cannot be computed
TIDE stopping_criterion took      0.00 usr cpu s       0.00 sys cpu s       0.00 wall s
TIDE Iteration 20 took      0.03 usr cpu s       0.06 sys cpu s       0.01 wall s
INDE     ITERATION 21 :
TIDE purify_X took      0.00 usr cpu s       0.00 sys cpu s       0.00 wall s
TIDE truncate_matrix took      0.00 usr cpu s       0.00 sys cpu s       0.00 wall s
INDE Actual introduced error   0.000000e+00 : nnz before  116964 <-> 100.00 % , nnz after  116964 <-> 100.00 %
TIDE square took      0.01 usr cpu s       0.05 sys cpu s       0.01 wall s
INDE NNZ Xsq = 116964 <-> 100.00 %
TIDE Frobenius norm of X-X^2 took      0.00 usr cpu s       0.00 sys cpu s       0.00 wall s
TIDE Mixed norm of X-X^2 took      0.00 usr cpu s       0.02 sys cpu s       0.00 wall s
TIDE Trace of X-X^2 took      0.00 usr cpu s       0.00 sys cpu s       0.00 wall s
INDE ||X-X^2||_F = 9.786788e-01 , ||X-X^2||_mixed = 7.221811e-01
INDE trace(X-X^2) = 8.485484e+00
INDE trace(X) = 5.218047e+01
INDE Checking stopping criterion...   
INDE Order of convergence cannot be computed
TIDE stopping_criterion took      0.00 usr cpu s       0.00 sys cpu s       0.00 wall s
TIDE Iteration 21 took      0.01 usr cpu s       0.08 sys cpu s       0.01 wall s
INDE     ITERATION 22 :
TIDE purify_X took      0.00 usr cpu s       0.00 sys cpu s       0.00 wall s
TIDE truncate_matrix took      0.00 usr cpu s       0.00 sys cpu s       0.00 wall s
INDE Actual introduced error   0.000000e+00 : nnz before  116964 <-> 100.00 % , nnz after  116964 <-> 100.00 %
TIDE square took      0.01 usr cpu s       0.05 sys cpu s       0.01 wall s
INDE NNZ Xsq = 116964 <-> 100.00 %
TIDE Frobenius norm of X-X^2 took      0.00 usr cpu s       0.00 sys cpu s       0.00 wall s
TIDE Mixed norm of X-X^2 took      0.00 usr cpu s       0.01 sys cpu s       0.00 wall s
TIDE Trace of X-X^2 took      0.00 usr cpu s       0.00 sys cpu s       0.00 wall s
INDE ||X-X^2||_F = 1.324484e+00 , ||X-X^2||_mixed = 9.867200e-01
INDE trace(X-X^2) = 1.075276e+01
INDE trace(X) = 6.066595e+01
INDE Checking stopping criterion...   
INDE Order of convergence cannot be computed
TIDE stopping_criterion took      0.00 usr cpu s       0.00 sys cpu s       0.00 wall s
TIDE Iteration 22 took      0.02 usr cpu s       0.06 sys cpu s       0.01 wall s
INDE     ITERATION 23 :
TIDE purify_X took      0.00 usr cpu s       0.00 sys cpu s       0.00 wall s
TIDE truncate_matrix took      0.00 usr cpu s       0.00 sys cpu s       0.00 wall s
INDE Actual introduced error   0.000000e+00 : nnz before  116964 <-> 100.00 % , nnz after  116964 <-> 100.00 %
TIDE square took      0.01 usr cpu s       0.04 sys cpu s       0.01 wall s
INDE NNZ Xsq = 116964 <-> 100.00 %
TIDE Frobenius norm of X-X^2 took      0.00 usr cpu s       0.00 sys cpu s       0.00 wall s
TIDE Mixed norm of X-X^2 took      0.01 usr cpu s       0.01 sys cpu s       0.00 wall s
TIDE Trace of X-X^2 took      0.00 usr cpu s       0.00 sys cpu s       0.00 wall s
INDE ||X-X^2||_F = 5.656820e-01 , ||X-X^2||_mixed = 4.509958e-01
INDE trace(X-X^2) = 3.803201e+00
INDE trace(X) = 4.991319e+01
INDE Checking stopping criterion...   
INDE e_i =4.509958e-01, C*e_{i-1}^q = 3.591988e+00
INDE Order of convergence = 8.375223, stop = 0
TIDE stopping_criterion took      0.00 usr cpu s       0.00 sys cpu s       0.00 wall s
TIDE Iteration 23 took      0.02 usr cpu s       0.05 sys cpu s       0.01 wall s
INDE     ITERATION 24 :
TIDE purify_X took      0.00 usr cpu s       0.00 sys cpu s       0.00 wall s
TIDE truncate_matrix took      0.00 usr cpu s       0.00 sys cpu s       0.00 wall s
INDE Actual introduced error   0.000000e+00 : nnz before  116964 <-> 100.00 % , nnz after  116964 <-> 100.00 %
TIDE square took      0.02 usr cpu s       0.04 sys cpu s       0.01 wall s
INDE NNZ Xsq = 116964 <-> 100.00 %
TIDE Frobenius norm of X-X^2 took      0.00 usr cpu s       0.00 sys cpu s       0.00 wall s
TIDE Mixed norm of X-X^2 took      0.00 usr cpu s       0.01 sys cpu s       0.00 wall s
TIDE Trace of X-X^2 took      0.00 usr cpu s       0.00 sys cpu s       0.00 wall s
INDE ||X-X^2||_F = 3.483356e-01 , ||X-X^2||_mixed = 3.153284e-01
INDE trace(X-X^2) = 1.448682e+00
INDE trace(X) = 4.610999e+01
INDE Checking stopping criterion...   
INDE Order of convergence cannot be computed
TIDE stopping_criterion took      0.00 usr cpu s       0.00 sys cpu s       0.00 wall s
TIDE Iteration 24 took      0.03 usr cpu s       0.06 sys cpu s       0.01 wall s
INDE     ITERATION 25 :
TIDE purify_X took      0.00 usr cpu s       0.00 sys cpu s       0.00 wall s
TIDE truncate_matrix took      0.00 usr cpu s       0.00 sys cpu s       0.00 wall s
INDE Actual introduced error   0.000000e+00 : nnz before  116964 <-> 100.00 % , nnz after  116964 <-> 100.00 %
TIDE square took      0.01 usr cpu s       0.05 sys cpu s       0.01 wall s
INDE NNZ Xsq = 116964 <-> 100.00 %
TIDE Frobenius norm of X-X^2 took      0.00 usr cpu s       0.00 sys cpu s       0.00 wall s
TIDE Mixed norm of X-X^2 took      0.00 usr cpu s       0.01 sys cpu s       0.00 wall s
TIDE Trace of X-X^2 took      0.00 usr cpu s       0.00 sys cpu s       0.00 wall s
INDE ||X-X^2||_F = 1.849905e-01 , ||X-X^2||_mixed = 1.577068e-01
INDE trace(X-X^2) = 8.796567e-01
INDE trace(X) = 4.755867e+01
INDE Checking stopping criterion...   
INDE e_i =1.577068e-01, C*e_{i-1}^q = 1.400837e+00
INDE Order of convergence = 4.742805, stop = 0
TIDE stopping_criterion took      0.00 usr cpu s       0.00 sys cpu s       0.00 wall s
TIDE Iteration 25 took      0.02 usr cpu s       0.06 sys cpu s       0.01 wall s
INDE     ITERATION 26 :
TIDE purify_X took      0.00 usr cpu s       0.00 sys cpu s       0.00 wall s
TIDE truncate_matrix took      0.00 usr cpu s       0.00 sys cpu s       0.00 wall s
INDE Actual introduced error   0.000000e+00 : nnz before  116964 <-> 100.00 % , nnz after  116964 <-> 100.00 %
TIDE square took      0.01 usr cpu s       0.04 sys cpu s       0.01 wall s
INDE NNZ Xsq = 116964 <-> 100.00 %
TIDE Frobenius norm of X-X^2 took      0.00 usr cpu s       0.00 sys cpu s       0.00 wall s
TIDE Mixed norm of X-X^2 took      0.00 usr cpu s       0.02 sys cpu s       0.00 wall s
TIDE Trace of X-X^2 took      0.00 usr cpu s       0.00 sys cpu s       0.00 wall s
INDE ||X-X^2||_F = 3.006807e-01 , ||X-X^2||_mixed = 2.511662e-01
INDE trace(X-X^2) = 1.343834e+00
INDE trace(X) = 4.843833e+01
INDE Checking stopping criterion...   
INDE Order of convergence cannot be computed
TIDE stopping_criterion took      0.00 usr cpu s       0.00 sys cpu s       0.00 wall s
TIDE Iteration 26 took      0.02 usr cpu s       0.06 sys cpu s       0.01 wall s
INDE     ITERATION 27 :
TIDE purify_X took      0.00 usr cpu s       0.00 sys cpu s       0.00 wall s
TIDE truncate_matrix took      0.00 usr cpu s       0.00 sys cpu s       0.00 wall s
INDE Actual introduced error   0.000000e+00 : nnz before  116964 <-> 100.00 % , nnz after  116964 <-> 100.00 %
TIDE square took      0.01 usr cpu s       0.05 sys cpu s       0.01 wall s
INDE NNZ Xsq = 116964 <-> 100.00 %
TIDE Frobenius norm of X-X^2 took      0.00 usr cpu s       0.00 sys cpu s       0.00 wall s
TIDE Mixed norm of X-X^2 took      0.00 usr cpu s       0.02 sys cpu s       0.00 wall s
TIDE Trace of X-X^2 took      0.00 usr cpu s       0.00 sys cpu s       0.00 wall s
INDE ||X-X^2||_F = 3.758710e-02 , ||X-X^2||_mixed = 3.199857e-02
INDE trace(X-X^2) = 1.281063e-01
INDE trace(X) = 4.709449e+01
INDE Checking stopping criterion...   
INDE e_i =3.199857e-02, C*e_{i-1}^q = 1.712945e-01
INDE Order of convergence = 2.908325, stop = 0
TIDE stopping_criterion took      0.00 usr cpu s       0.00 sys cpu s       0.00 wall s
TIDE Iteration 27 took      0.02 usr cpu s       0.07 sys cpu s       0.01 wall s
INDE     ITERATION 28 :
TIDE purify_X took      0.00 usr cpu s       0.00 sys cpu s       0.00 wall s
TIDE truncate_matrix took      0.00 usr cpu s       0.00 sys cpu s       0.00 wall s
INDE Actual introduced error   0.000000e+00 : nnz before  116964 <-> 100.00 % , nnz after  116964 <-> 100.00 %
TIDE square took      0.02 usr cpu s       0.04 sys cpu s       0.01 wall s
INDE NNZ Xsq = 116964 <-> 100.00 %
TIDE Frobenius norm of X-X^2 took      0.00 usr cpu s       0.00 sys cpu s       0.00 wall s
TIDE Mixed norm of X-X^2 took      0.01 usr cpu s       0.01 sys cpu s       0.00 wall s
TIDE Trace of X-X^2 took      0.00 usr cpu s       0.00 sys cpu s       0.00 wall s
INDE ||X-X^2||_F = 2.352220e-02 , ||X-X^2||_mixed = 2.327900e-02
INDE trace(X-X^2) = 3.566196e-02
INDE trace(X) = 4.696638e+01
INDE Checking stopping criterion...   
INDE Order of convergence cannot be computed
TIDE stopping_criterion took      0.00 usr cpu s       0.00 sys cpu s       0.00 wall s
TIDE Iteration 28 took      0.03 usr cpu s       0.05 sys cpu s       0.01 wall s
INDE     ITERATION 29 :
TIDE purify_X took      0.00 usr cpu s       0.00 sys cpu s       0.00 wall s
TIDE truncate_matrix took      0.00 usr cpu s       0.00 sys cpu s       0.00 wall s
INDE Actual introduced error   0.000000e+00 : nnz before  116964 <-> 100.00 % , nnz after  116964 <-> 100.00 %
TIDE square took      0.01 usr cpu s       0.04 sys cpu s       0.01 wall s
INDE NNZ Xsq = 116964 <-> 100.00 %
TIDE Frobenius norm of X-X^2 took      0.00 usr cpu s       0.00 sys cpu s       0.00 wall s
TIDE Mixed norm of X-X^2 took      0.01 usr cpu s       0.01 sys cpu s       0.00 wall s
TIDE Trace of X-X^2 took      0.00 usr cpu s       0.00 sys cpu s       0.00 wall s
INDE ||X-X^2||_F = 1.222513e-03 , ||X-X^2||_mixed = 1.079309e-03
INDE trace(X-X^2) = 3.191104e-03
INDE trace(X) = 4.700205e+01
INDE Checking stopping criterion...   
INDE e_i =1.079309e-03, C*e_{i-1}^q = 7.051862e-03
INDE Order of convergence = 2.545304, stop = 0
TIDE stopping_criterion took      0.00 usr cpu s       0.00 sys cpu s       0.00 wall s
TIDE Iteration 29 took      0.02 usr cpu s       0.06 sys cpu s       0.01 wall s
INDE     ITERATION 30 :
TIDE purify_X took      0.00 usr cpu s       0.00 sys cpu s       0.00 wall s
TIDE truncate_matrix took      0.00 usr cpu s       0.00 sys cpu s       0.00 wall s
INDE Actual introduced error   0.000000e+00 : nnz before  116964 <-> 100.00 % , nnz after  116964 <-> 100.00 %
TIDE square took      0.01 usr cpu s       0.05 sys cpu s       0.01 wall s
INDE NNZ Xsq = 116964 <-> 100.00 %
TIDE Frobenius norm of X-X^2 took      0.00 usr cpu s       0.00 sys cpu s       0.00 wall s
TIDE Mixed norm of X-X^2 took      0.00 usr cpu s       0.01 sys cpu s       0.00 wall s
TIDE Trace of X-X^2 took      0.00 usr cpu s       0.00 sys cpu s       0.00 wall s
INDE ||X-X^2||_F = 8.560933e-04 , ||X-X^2||_mixed = 8.503571e-04
INDE trace(X-X^2) = 1.146452e-03
INDE trace(X) = 4.699886e+01
INDE Checking stopping criterion...   
INDE e_i =8.503571e-04, C*e_{i-1}^q = 3.732255e-03
INDE Order of convergence = 2.393359, stop = 0
TIDE stopping_criterion took      0.00 usr cpu s       0.00 sys cpu s       0.00 wall s
TIDE Iteration 30 took      0.02 usr cpu s       0.06 sys cpu s       0.01 wall s
INDE     ITERATION 31 :
TIDE purify_X took      0.00 usr cpu s       0.00 sys cpu s       0.00 wall s
TIDE truncate_matrix took      0.00 usr cpu s       0.00 sys cpu s       0.00 wall s
INDE Actual introduced error   0.000000e+00 : nnz before  116964 <-> 100.00 % , nnz after  116964 <-> 100.00 %
TIDE square took      0.02 usr cpu s       0.04 sys cpu s       0.01 wall s
INDE NNZ Xsq = 116964 <-> 100.00 %
TIDE Frobenius norm of X-X^2 took      0.00 usr cpu s       0.00 sys cpu s       0.00 wall s
TIDE Mixed norm of X-X^2 took      0.00 usr cpu s       0.01 sys cpu s       0.00 wall s
TIDE Trace of X-X^2 took      0.00 usr cpu s       0.00 sys cpu s       0.00 wall s
INDE ||X-X^2||_F = 1.646125e-06 , ||X-X^2||_mixed = 1.543152e-06
INDE trace(X-X^2) = 3.359496e-06
INDE trace(X) = 4.700000e+01
INDE Checking stopping criterion...   
INDE e_i =1.543152e-06, C*e_{i-1}^q = 8.022960e-06
INDE Order of convergence = 2.241308, stop = 0
TIDE stopping_criterion took      0.00 usr cpu s       0.00 sys cpu s       0.00 wall s
TIDE Iteration 31 took      0.03 usr cpu s       0.05 sys cpu s       0.01 wall s
INDE     ITERATION 32 :
TIDE purify_X took      0.00 usr cpu s       0.00 sys cpu s       0.00 wall s
TIDE truncate_matrix took      0.00 usr cpu s       0.00 sys cpu s       0.00 wall s
INDE Actual introduced error   0.000000e+00 : nnz before  116964 <-> 100.00 % , nnz after  116964 <-> 100.00 %
TIDE square took      0.01 usr cpu s       0.04 sys cpu s       0.01 wall s
INDE NNZ Xsq = 116964 <-> 100.00 %
TIDE Frobenius norm of X-X^2 took      0.00 usr cpu s       0.00 sys cpu s       0.00 wall s
TIDE Mixed norm of X-X^2 took      0.00 usr cpu s       0.01 sys cpu s       0.00 wall s
TIDE Trace of X-X^2 took      0.00 usr cpu s       0.00 sys cpu s       0.00 wall s
INDE ||X-X^2||_F = 1.221321e-06 , ||X-X^2||_mixed = 1.219346e-06
INDE trace(X-X^2) = 1.467832e-06
INDE trace(X) = 4.700000e+01
INDE Checking stopping criterion...   
INDE e_i =1.219346e-06, C*e_{i-1}^q = 4.980183e-06
INDE Order of convergence = 2.199035, stop = 0
TIDE stopping_criterion took      0.00 usr cpu s       0.00 sys cpu s       0.00 wall s
TIDE Iteration 32 took      0.02 usr cpu s       0.05 sys cpu s       0.01 wall s
INDE     ITERATION 33 :
TIDE purify_X took      0.00 usr cpu s       0.00 sys cpu s       0.00 wall s
TIDE truncate_matrix took      0.00 usr cpu s       0.00 sys cpu s       0.00 wall s
INDE Actual introduced error   0.000000e+00 : nnz before  116964 <-> 100.00 % , nnz after  116964 <-> 100.00 %
TIDE square took      0.01 usr cpu s       0.05 sys cpu s       0.01 wall s
INDE NNZ Xsq = 116964 <-> 100.00 %
TIDE Frobenius norm of X-X^2 took      0.00 usr cpu s       0.00 sys cpu s       0.00 wall s
TIDE Mixed norm of X-X^2 took      0.01 usr cpu s       0.01 sys cpu s       0.00 wall s
TIDE Trace of X-X^2 took      0.00 usr cpu s       0.00 sys cpu s       0.00 wall s
INDE ||X-X^2||_F = 3.879224e-12 , ||X-X^2||_mixed = 3.811945e-12
INDE trace(X-X^2) = 6.160406e-12
INDE trace(X) = 4.700000e+01
INDE Checking stopping criterion...   
INDE e_i =3.811945e-12, C*e_{i-1}^q = 1.640062e-11
INDE Order of convergence = 2.109043, stop = 0
TIDE stopping_criterion took      0.00 usr cpu s       0.00 sys cpu s       0.00 wall s
TIDE Iteration 33 took      0.01 usr cpu s       0.06 sys cpu s       0.01 wall s
INDE     ITERATION 34 :
TIDE purify_X took      0.00 usr cpu s       0.00 sys cpu s       0.00 wall s
TIDE truncate_matrix took      0.00 usr cpu s       0.00 sys cpu s       0.00 wall s
INDE Actual introduced error   0.000000e+00 : nnz before  116964 <-> 100.00 % , nnz after  116964 <-> 100.00 %
TIDE square took      0.02 usr cpu s       0.04 sys cpu s       0.01 wall s
INDE NNZ Xsq = 116964 <-> 100.00 %
TIDE Frobenius norm of X-X^2 took      0.00 usr cpu s       0.00 sys cpu s       0.00 wall s
TIDE Mixed norm of X-X^2 took      0.00 usr cpu s       0.01 sys cpu s       0.00 wall s
TIDE Trace of X-X^2 took      0.00 usr cpu s       0.00 sys cpu s       0.00 wall s
INDE ||X-X^2||_F = 7.223057e-12 , ||X-X^2||_mixed = 7.123454e-12
INDE trace(X-X^2) = 9.336532e-12
INDE trace(X) = 4.700000e+01
INDE Checking stopping criterion...   
INDE Order of convergence cannot be computed
TIDE stopping_criterion took      0.00 usr cpu s       0.00 sys cpu s       0.00 wall s
TIDE Iteration 34 took      0.02 usr cpu s       0.06 sys cpu s       0.01 wall s
INDE     ITERATION 35 :
TIDE purify_X took      0.00 usr cpu s       0.00 sys cpu s       0.00 wall s
TIDE truncate_matrix took      0.00 usr cpu s       0.00 sys cpu s       0.00 wall s
INDE Actual introduced error   0.000000e+00 : nnz before  116964 <-> 100.00 % , nnz after  116964 <-> 100.00 %
TIDE square took      0.01 usr cpu s       0.04 sys cpu s       0.01 wall s
INDE NNZ Xsq = 116964 <-> 100.00 %
TIDE Frobenius norm of X-X^2 took      0.00 usr cpu s       0.00 sys cpu s       0.00 wall s
TIDE Mixed norm of X-X^2 took      0.00 usr cpu s       0.00 sys cpu s       0.00 wall s
TIDE Trace of X-X^2 took      0.00 usr cpu s       0.00 sys cpu s       0.00 wall s
INDE ||X-X^2||_F = 1.920103e-15 , ||X-X^2||_mixed = 0.000000e+00
INDE trace(X-X^2) = 0.000000e+00
INDE trace(X) = 4.700000e+01
INDE Checking stopping criterion...   
INDE ************************************************************************************************************
INDE The norm value went much below machine precision, therefore we stop here since n_max can be underestimated.
INDE ************************************************************************************************************
INDE e_i =0.000000e+00, C*e_{i-1}^q = 1.000774e-22
INDE Order of convergence = inf, stop = 1
TIDE stopping_criterion took      0.00 usr cpu s       0.00 sys cpu s       0.00 wall s
INDE PURIFICATION CONVERGED after 35 iterations
TIDE Iteration 35 took      0.02 usr cpu s       0.05 sys cpu s       0.01 wall s
INDE Number of non-zeros in D is  116964 <-> 100.00 %
TIDE FileWritable::writeAndReadAll took      0.00 usr cpu s       0.00 sys cpu s       0.00 wall s
INDE writeAndReadAll sizesStr: '0 MB (1 MatrixGeneral, 0 > 1 MB) + 0 MB (13 MatrixSymmetric, 0 > 1 MB) + 0 MB (2 VectorGeneral, 0 > 1 MB) = 0 MB (16 total, 0 > 1 MB)
INDE TOTAL accumulated subspace error is 0.000000e+00
INDE TOTAL X square time: 0.269755 wall s
INDE TOTAL X trunction time: 0.008025 wall s
INDE TOTAL X purify (exl. X^2 computation) time: 0.007549 wall s
INDE TOTAL time to get number of non-zero elements: 0.001456 wall s
INDE TOTAL time to get mixed norm: 0.083002 wall s
INDE TOTAL time to get Frobenius norm: 0.008932 wall s
INDE TOTAL time for stopping criterion: 0.001595 wall s
INDE TOTAL time to get matrix trace: 0.000754 wall s
INDE Estimated bounds for the eigenvalues for the Fock matrix:
INDE LUMO: [ 0.035032291511 , 0.058019410416 ]
INDE HOMO: [ -0.357573707900 , -0.349754147951 ]
TIDE eigenvalue_bounds_estimation() took      0.00 usr cpu s       0.00 sys cpu s       0.00 wall s
TIDE Recursive expansion took      0.89 usr cpu s       2.59 sys cpu s       0.47 wall s
TIDE Puri->PurificationStart() took      0.89 usr cpu s       2.59 sys cpu s       0.47 wall s
TIDE Accumulated wall times for writeToFile in PurificationStart()          : 0 s (MatrixGeneral) + 9.5e-07 s (MatrixSymmetric) + 0.00012 s (VectorGeneral) = 0.00012 s
TIDE Accumulated wall times for readFromFile in PurificationStart()         : 0 s (MatrixGeneral) + 9.5e-07 s (MatrixSymmetric) + 5.6e-05 s (VectorGeneral) = 5.7e-05 s
TIDE Accumulated wall times for copy and assign in PurificationStart()      : 1.9e-06 s (MatrixSymmetric) + 5.6e-05 s (VectorGeneral) = 5.8e-05 s
INDE Number of calls to writeToFile in PurificationStart()                  : 2 (MatrixGeneral) + 27 (MatrixSymmetric) + 1508 (VectorGeneral) = 1537 
INDE Number of calls to readFromFile in PurificationStart()                 : 2 (MatrixGeneral) + 26 (MatrixSymmetric) + 603 (VectorGeneral) = 631 
INDE Number of calls to FileWritable copy and assign in PurificationStart() : 2 (MatrixSymmetric) + 37 (VectorGeneral) = 39 
TIDE mat::Gblas::time after purification :     2.317459
INDE Created .m files with results of the purification
INDE Purification converged OK, subspaceError <=          0.00000000000
INDE E(LUMO) - E(HOMO) >=          0.38478643946 =         10.47057247648 eV
INDE E(LUMO) - E(HOMO) <=          0.41559311832 =         11.30886491772 eV
INDE HOMO interval : [   -0.357573707900   -0.349754147951 ]
INDE LUMO interval : [    0.035032291511    0.058019410416 ]
INDE Trace of resulting density matrix is         47.00000000000, error is   0.00000000000000.
INDE Truncated D_ort ( mixed ), selected threshold = 9.99999e-08, returned error =          0, nnz before = 116964 <-> 100.0000 %, nnz after = 116964 <-> 100.0000 %
TIDE FileWritable::writeAndReadAll took      0.00 usr cpu s       0.00 sys cpu s       0.00 wall s
INDE writeAndReadAll sizesStr: '0 MB (1 MatrixGeneral, 0 > 1 MB) + 0 MB (12 MatrixSymmetric, 0 > 1 MB) + 0 MB (1 MatrixTriangular, 0 > 1 MB) = 0 MB (14 total, 0 > 1 MB)
TIDE D_w to non-orthogonal basis took      0.01 usr cpu s       0.06 sys cpu s       0.01 wall s
INDE Truncated D_S (eucl with Z), selected threshold = 9.99999e-08, returned error =          0, nnz before = 100.0000 %, nnz after = 100.0000 %
INDE get_dens_from_fock_sparse ending OK
TIDE get_dens_from_fock_sparse took      1.29 usr cpu s       3.98 sys cpu s       0.71 wall s
ERDE get_dens_from_fock  (GetDensFromFock class) : purification finished OK.
TIDE get_dens_from_fock took      1.29 usr cpu s       3.98 sys cpu s       0.71 wall s
INSC Matrix 'new density matrix' ( symm ): n =    342, nnz =       116964 <-> 100.00 %, mem usage  0.0005 G
INSC Tr( D * S ) =         93.99999999995
TISC get_new_density_matrix took      1.29 usr cpu s       3.98 sys cpu s       0.71 wall s
INSC SCF_restricted::report_density_difference, diff_eucl =          9.76031055208
TISC SCF_restricted::report_density_difference took      0.02 usr cpu s       0.09 sys cpu s       0.02 wall s
INMA ddf_writeShellListAndDensityMatricesToFile_sparse, n =    342, densityMatrixList[0].nvalues =       58653
INMA opened temporary file 'density.bin.jo7jzd' for writing
INMA Choosing matrixStorageType = MATRIX_STORAGE_TYPE_TRIANGLE.
INMA fileSize =          560392 bytes =      0.560 MegaBytes
INMA renamed file 'density.bin.jo7jzd' to 'density.bin'
INMA ddf_writeShellListAndDensityMatricesToFile_sparse freeing buffer.
INMA ddf_writeShellListAndDensityMatricesToFile_sparse returning OK.
TISC write_density_to_file took      0.00 usr cpu s       0.05 sys cpu s       0.01 wall s
INSC Creating mtx file for Fock matrix
INSC Creating mtx file for density matrix
INSC SCF cycle   2 finished.
TISC SCF cycle   2 took    962.48 usr cpu s       7.08 sys cpu s     157.93 wall s
INSC Beginning of SCF cycle 3:  Thu Dec 18 15:52:59 2025
INDE compute_J_by_boxes_sparse() start.
TIDE FileWritable::writeAndReadAll took      0.00 usr cpu s       0.00 sys cpu s       0.00 wall s
INDE writeAndReadAll: '0 MB (1 MatrixGeneral, 0 > 1 MB) + 0 MB (11 MatrixSymmetric, 0 > 1 MB) = 0 MB (12 total, 0 > 1 MB)
IN   compute_J_by_boxes_sparse, maxDensityMatrixElement =         21.92094147297
ININ get_basis_func_pair_list, n =    342
ININ create_box_system end OK, toplevelBoxSize:   7.0, #levels:  3, #boxes at top level:      6
TIIN get_basis_func_pair_list_2el took      0.16 usr cpu s       0.00 sys cpu s       0.16 wall s
IN   compute_J_by_boxes_sparse: noOfBasisFuncIndexPairs = 52601 ==> storing  44.97 % of a full matrix
ININ entering compute_J_by_boxes_linear, no of basis funcs =   342, threshold_J =   1e-12
ININ use_fmm = 1, fmm_box_size =   5.00
TIIN Compute extent for all distrs took      0.51 usr cpu s       0.00 sys cpu s       0.51 wall s
ININ extent_min =    0.000, extent_max =   19.773
ININ Creating list of distributions etc done, distrCount =    353620
TIIN Creating list of distributions etc took      0.73 usr cpu s       0.02 sys cpu s       0.74 wall s
ININ create_box_system end OK, toplevelBoxSize:   5.0, #levels:  3, #boxes at top level:     10
TIIN Creating boxes took      0.04 usr cpu s       0.01 sys cpu s       0.04 wall s
ININ noOfBranches = 5, splitters:  10.00  5.00  2.50  0.00
ININ J org done, groupCount =    15566
TIIN J org took      1.62 usr cpu s       0.00 sys cpu s       1.62 wall s
TIIN Generate group multipoles took      0.72 usr cpu s       0.00 sys cpu s       0.72 wall s
ININ totChargeWholeSystem =          0.00000000000
ININ Generating multipole for each branch at top level, MAX_MULTIPOLE_DEGREE = 15
TIIN Translate multipoles (step 1) took      0.48 usr cpu s       0.00 sys cpu s       0.48 wall s
TIIN Translate multipoles (step 2) took      0.09 usr cpu s       0.00 sys cpu s       0.09 wall s
ININ job lists for J created OK, noOfJobs_J_standard =     1255, noOfJobs_J_multipole =       40
TIIN Creating job lists for J took      0.00 usr cpu s       0.00 sys cpu s       0.00 wall s
ININ execute_joblist_J_std_threaded, noOfThreads =  8
ININ 8 threads started OK.
ININ all 8 threads have finished.
TIIN execute_joblist_J_std_threaded took    219.74 usr cpu s       0.13 sys cpu s      36.43 wall s
TIIN sort_list_of_multipole_jobs init part took      0.00 usr cpu s       0.00 sys cpu s       0.00 wall s
TIIN sort_list_of_multipole_jobs complete took      0.00 usr cpu s       0.00 sys cpu s       0.00 wall s
TIIN sort_list_of_multipole_jobs took      0.00 usr cpu s       0.00 sys cpu s       0.00 wall s
ININ execute_joblist_J_fmm_shared: Allocating multipoleList_4, maxnoOfMinimalDistrsPerBoxBranch =     65431
ININ execute_joblist_J_fmm_shared: jobIndexLo =            0, jobIndexHi =            5
ININ execute_joblist_J_fmm_shared: Allocating multipoleList_4, maxnoOfMinimalDistrsPerBoxBranch =     65431
ININ execute_joblist_J_fmm_shared: jobIndexLo =            5, jobIndexHi =           10
ININ execute_joblist_J_fmm_shared: Allocating multipoleList_4, maxnoOfMinimalDistrsPerBoxBranch =     65431
ININ execute_joblist_J_fmm_shared: jobIndexLo =           10, jobIndexHi =           15
ININ execute_joblist_J_fmm_shared: Allocating multipoleList_4, maxnoOfMinimalDistrsPerBoxBranch =     65431
ININ execute_joblist_J_fmm_shared: jobIndexLo =           15, jobIndexHi =           20
ININ execute_joblist_J_fmm_shared: Allocating multipoleList_4, maxnoOfMinimalDistrsPerBoxBranch =     65431
ININ execute_joblist_J_fmm_shared: jobIndexLo =           20, jobIndexHi =           25
ININ execute_joblist_J_fmm_shared: Allocating multipoleList_4, maxnoOfMinimalDistrsPerBoxBranch =     65431
ININ execute_joblist_J_fmm_shared: jobIndexLo =           25, jobIndexHi =           30
ININ execute_joblist_J_fmm_shared: Allocating multipoleList_4, maxnoOfMinimalDistrsPerBoxBranch =     65431
ININ execute_joblist_J_fmm_shared: jobIndexLo =           30, jobIndexHi =           35
ININ execute_joblist_J_fmm_shared: Allocating multipoleList_4, maxnoOfMinimalDistrsPerBoxBranch =     65431
ININ execute_joblist_J_fmm_shared: jobIndexLo =           35, jobIndexHi =           40
ININ execute_joblist_J_fmm_shared: done!
ININ execute_joblist_J_fmm_shared: done!
ININ execute_joblist_J_fmm_shared: done!
ININ execute_joblist_J_fmm_shared: done!
ININ execute_joblist_J_fmm_shared: done!
ININ execute_joblist_J_fmm_shared: done!
ININ execute_joblist_J_fmm_shared: done!
ININ execute_joblist_J_fmm_shared: done!
ININ multipole job list for J executed, largest L used: 12
TIIN Executing multipole job list for J took      0.34 usr cpu s       0.01 sys cpu s       0.14 wall s
ININ compute_J_by_boxes_linear ending OK.
TIIN compute_J_by_boxes_linear took    223.78 usr cpu s       0.16 sys cpu s      40.30 wall s
TI   compute_J_by_boxes_sparse total took    223.95 usr cpu s       0.17 sys cpu s      40.47 wall s
ININ entering create_CSR_for_K, no of basis funcs =   342, threshold_K =   1e-12
ININ create_box_system end OK, toplevelBoxSize:   7.0, #levels:  3, #boxes at top level:      6
ININ create_box_system end OK, toplevelBoxSize:   7.0, #levels:  3, #boxes at top level:      6
ININ create_box_system end OK, toplevelBoxSize:   7.0, #levels:  3, #boxes at top level:      6
TIIN create_CSR_for_K getting list of distrs took      0.48 usr cpu s       0.02 sys cpu s       0.50 wall s
ININ list of neighbors complete.
TIIN create_CSR_for_K getting list of neighbors took      0.00 usr cpu s       0.00 sys cpu s       0.00 wall s
TIIN create_CSR_for_K sort each list of neighbors took      0.07 usr cpu s       0.00 sys cpu s       0.07 wall s
ININ 8 threads started OK.
TIIN identify_needed_elements() took    581.79 usr cpu s       0.80 sys cpu s      77.13 wall s
ININ computing nnz..
ININ create_CSR_for_K: predicted nnz =        58653, <->  50.15% of a full matrix
TIIN create_CSR_for_K last part took      0.00 usr cpu s       0.00 sys cpu s       0.00 wall s
TIIN create_CSR_for_K total took    582.35 usr cpu s       0.82 sys cpu s      77.70 wall s
ININ entering compute_K_by_boxes, no of basis funcs =   342, threshold_K =   1e-12, exchange_box_size =   5.00
ININ create_box_system end OK, toplevelBoxSize:   7.0, #levels:  3, #boxes at top level:      6
ININ create_box_system end OK, toplevelBoxSize:   7.0, #levels:  3, #boxes at top level:      6
ININ create_box_system end OK, toplevelBoxSize:   7.0, #levels:  3, #boxes at top level:      6
TIIN Compute extent for all distrs took      0.46 usr cpu s       0.00 sys cpu s       0.46 wall s
ININ Creating list of distributions done, distrCountTot =    353620
TIIN Creating list of distributions took      0.74 usr cpu s       0.00 sys cpu s       0.74 wall s
ININ create_box_system end OK, toplevelBoxSize:   5.0, #levels:  3, #boxes at top level:     10
ININ create_box_system end OK, toplevelBoxSize:   2.5, #levels:  4, #boxes at top level:     16
ININ noOfLevelsBasisFuncs = 4, noOfLevelsDiff = 1
TIIN Creating boxes etc took      0.04 usr cpu s       0.00 sys cpu s       0.04 wall s
TIIN getting multipoleNormVectorList took      0.76 usr cpu s       0.00 sys cpu s       0.76 wall s
TIIN K organize_distributions for all boxes took      2.27 usr cpu s       0.01 sys cpu s       2.29 wall s
ININ starting loop to setup basisFuncGroupInfoList, with added index checks.
TIIN GetLimitsAllLevels took      0.33 usr cpu s       0.00 sys cpu s       0.33 wall s
ININ getDmatLimitMatrixCSRList start.
TIIN getting densityMatrixLimitMatrixList took      0.02 usr cpu s       0.00 sys cpu s       0.02 wall s
ININ job list for K created,       55 jobs
TIIN creating job list for K took      0.00 usr cpu s       0.00 sys cpu s       0.00 wall s
ININ execute_joblist_K_threaded, noOfThreads =  8, basisFuncListCount_max =   325
ININ 8 threads started OK.
ININ all 8 threads have finished, took       44 wall s.
TIIN Executing job list for K took    192.74 usr cpu s       0.48 sys cpu s      44.63 wall s
TIIN compute_K_by_boxes took    196.90 usr cpu s       0.49 sys cpu s      48.81 wall s
TI   compute_K_by_boxes_sparse total took    779.28 usr cpu s       1.32 sys cpu s     126.55 wall s
INSC About to truncate FockMatrix, gap of Fprev >=          0.38478643946
TISC symmMatrix::mixed_diff for F vs Fprev maxEigValMovement_mixed took      0.00 usr cpu s       0.00 sys cpu s       0.00 wall s
TISC symmMatrix::eucl_diff for maxEigValMovement_eucl  took      0.08 usr cpu s       0.26 sys cpu s       0.06 wall s
INSC maxEigValMovement_frob  =          0.04649694171
INSC maxEigValMovement_mixed =          0.03741122073
INSC maxEigValMovement_eucl  =          0.02208277832
TISC FockMatrix.eucl_thresh() (with Z) took      0.16 usr cpu s       0.49 sys cpu s       0.11 wall s
INSC Truncated FockMatrix (eucl with Z), selected threshold = 3.40621e-08, returned error =          0, nnz before = 100.0000 %, nnz after = 100.0000 %
INSC Matrix 'S' ( symm ): n =    342, nnz =       116964 <-> 100.00 %, mem usage  0.0005 G
INSC Matrix 'F' ( symm ): n =    342, nnz =       116964 <-> 100.00 %, mem usage  0.0005 G
INSC Matrix 'D' ( symm ): n =    342, nnz =       116964 <-> 100.00 %, mem usage  0.0005 G
INSC nuclearEnergy, energy_2el, energy = 782.160484, 1007.253950, -645.112772
INSC Energy   3 =       -645.11277154216  ( diff     -0.001123049109083 )
INSC calling compute_FDSminusSDF_sparse, n = 342
INDE compute_FDSminusSDF_sparse() start.
TIDE FileWritable::writeAndReadAll took      0.00 usr cpu s       0.00 sys cpu s       0.00 wall s
INDE writeAndReadAll: '0 MB (1 MatrixGeneral, 0 > 1 MB) + 0 MB (9 MatrixSymmetric, 0 > 1 MB) = 0 MB (10 total, 0 > 1 MB)
TISC compute_FDSminusSDF_sparse, F*D mult took      0.04 usr cpu s       0.15 sys cpu s       0.03 wall s
INSC Matrix 'FD before eucl truncation' (normal): n =    342, nnz =       116964 <-> 100.00 %, mem usage  0.0009 G
INSC Matrix 'FD after  eucl truncation' (normal): n =    342, nnz =       116964 <-> 100.00 %, mem usage  0.0009 G
INSC Matrix 'FDS before eucl truncation' (normal): n =    342, nnz =       116964 <-> 100.00 %, mem usage  0.0009 G
INSC Matrix 'FDS after  eucl truncation' (normal): n =    342, nnz =       116964 <-> 100.00 %, mem usage  0.0009 G
INSC compute_FDSminusSDF_sparse ending OK.
TISC compute_FDSminusSDF_sparse took      0.17 usr cpu s       0.67 sys cpu s       0.15 wall s
INSC Matrix 'FDS-SDF' (normal): n =    342, nnz =       116964 <-> 100.00 %, mem usage  0.0009 G
INSC SCF_restricted::get_FDSminusSDF finished.
TISC get_FDSminusSDF took      0.17 usr cpu s       0.67 sys cpu s       0.15 wall s
INSC maxabs FDS-SDF is  0.00256
INSC frob   FDS-SDF is   0.0307
TISC get_error_measure took      0.00 usr cpu s       0.01 sys cpu s       0.00 wall s
INSC entering DIISManagerRestricted::AddIterationToList, IterCount =  2
INSC DIISManagerRestricted::AddIterationToList ending OK.
TISC DIISManagerRestricted::AddIterationToList took      0.00 usr cpu s       0.01 sys cpu s       0.00 wall s
INSC using DIIS to get combined Fock matrix, number of iters used for DIIS:  3
TISC clear_error_matrices took      0.00 usr cpu s       0.00 sys cpu s       0.00 wall s
TISC save_current_fock_as_fprev took      0.00 usr cpu s       0.01 sys cpu s       0.00 wall s
INDE get_dens_from_fock_general, n = 342, use_diagonalization = 0, use_diag_on_error = 1
INDE Before writeAndReadAll(): AllocatorManager statistics:  noOfRealsPerBuffer: 1024 noOfBuffers: 20000 list.size(): 1. Allocated: 0.164 GB, Used: 0.00922 GB, Peak alloc: 0.164 GB.
TIDE FileWritable::writeAndReadAll took      0.00 usr cpu s       0.00 sys cpu s       0.00 wall s
INDE writeAndReadAll sizesStr: '0 MB (1 MatrixGeneral, 0 > 1 MB) + 0 MB (7 MatrixSymmetric, 0 > 1 MB) = 0 MB (8 total, 0 > 1 MB)
INDE After writeAndReadAll(): AllocatorManager statistics:  noOfRealsPerBuffer: 1024 noOfBuffers: 20000 list.size(): 1. Allocated: 0.164 GB, Used: 0.00922 GB, Peak alloc: 0.164 GB.
INDE calling get_dens_from_fock_sparse, n =    342, subspaceErrorLimit = 1e-06
INDE get_dens_from_fock_sparse() start!
INDE After F.readFromFile(): AllocatorManager statistics:  noOfRealsPerBuffer: 1024 noOfBuffers: 20000 list.size(): 1. Allocated: 0.164 GB, Used: 0.00922 GB, Peak alloc: 0.164 GB.
INDE After creating wrapper MatrixType F_w(F): AllocatorManager statistics:  noOfRealsPerBuffer: 1024 noOfBuffers: 20000 list.size(): 1. Allocated: 0.164 GB, Used: 0.00967 GB, Peak alloc: 0.164 GB.
TIDE  F_w to orthogonal basis took      0.02 usr cpu s       0.07 sys cpu s       0.01 wall s
TIDE MatrixType::mixed_diff for maxEigValMovement_mixed took      0.00 usr cpu s       0.02 sys cpu s       0.00 wall s
TIDE symmMatrixWrap::eucl_diff for maxEigValMovement_eucl  took      0.10 usr cpu s       0.43 sys cpu s       0.09 wall s
INDE maxEigValMovement_frob  =          0.03127627166
INDE maxEigValMovement_mixed =          0.02163070054
INDE maxEigValMovement_eucl  =          0.00922510185
INDE lumo before truncation: [ 0.025807189663 , 0.067244512264 ]
INDE homo before truncation: [ -0.366798809748 , -0.340529046103 ]
INDE Truncate matrix F and update intervals for homo and lumo.
INDE Truncating F_ort ( mixed ), selected threshold = 3.66336e-08
INDE Truncated F_ort ( mixed ), selected threshold = 3.66336e-08, returned error =          0, nnz before = 100.0000 %, nnz after = 100.0000 %
TIDE Truncation of F_ort took      0.00 usr cpu s       0.00 sys cpu s       0.00 wall s
INDE Chosen Ergo Wrapper
INDE Creating purification object: N = 342 , nocc = 47 , NNZ = 116964  <-> 100.00000 %
INDE Chosen norm for the truncation: 
INDE mixed
INDE Chosen norm for the stopping criterion: 
INDE mixed
INDE Chosen the NEW stopping criterion.
INDE Allowed error in subspace 7.000000e-07
INDE Chosen SP2 purification method
INDE calling Puri->PurificationStart(), number of threads = 1, trunc norm 'mixed'
TIDE gershgorin took      0.00 usr cpu s       0.01 sys cpu s       0.00 wall s
INDE Gershgorin bounds: [ -59.824064761687 , 100.434196185684 ]
INDE EXPANDED Gershgorin bounds: [ -59.824064776588 , 100.434196200585 ]
INDE Trying to impove bounds using Lanczos algorithm...
TIDE compute_spectrum_bounds took      0.13 usr cpu s       0.44 sys cpu s       0.10 wall s
INDE Spectrum of F: 	 [ -20.628083141993 , 51.713343033316 ]
INDE Transform homo and lumo bounds...
INDE HOMO bounds of X: 	 [ 0.719558278451 , 0.719921414279 ]
INDE LUMO bounds of X: 	 [ 0.713921486644 , 0.714494288769 ]
INDE INIT LUMO: [ 0.713921486644 , 0.714494288769 ]
INDE INIT HOMO: [ 0.280078585721 , 0.280441721549 ]
INDE ESTIMATED NUMBER OF ITERATIONS IS 35
INDE Put eigenvalues of F to the interval [0,1] in reverse order.
TIDE compute_X() took      0.00 usr cpu s       0.00 sys cpu s       0.00 wall s
TIDE prepare_to_purification() took      0.13 usr cpu s       0.44 sys cpu s       0.10 wall s
INDE (EIGV,PARAMS) Requested 0 occipied eigenpair(s).
INDE (EIGV,PARAMS) Requested 0 unoccipied eigenpair(s).
TIDE prepare_to_purification_eigenvectors() took      0.00 usr cpu s       0.00 sys cpu s       0.00 wall s
INDE Starting recursive expansion
INDE     BEFORE ITERATIONS:
TIDE truncate_matrix took      0.00 usr cpu s       0.00 sys cpu s       0.00 wall s
INDE Actual introduced error   0.000000e+00 : nnz before  116964 <-> 100.00 % , nnz after  116964 <-> 100.00 %
TIDE square took      0.02 usr cpu s       0.05 sys cpu s       0.01 wall s
INDE NNZ Xsq = 116964 <-> 100.00 %
TIDE Frobenius norm of X-X^2 took      0.00 usr cpu s       0.00 sys cpu s       0.00 wall s
TIDE Mixed norm of X-X^2 took      0.01 usr cpu s       0.01 sys cpu s       0.00 wall s
TIDE Trace of X-X^2 took      0.00 usr cpu s       0.00 sys cpu s       0.00 wall s
INDE ||X-X^2||_F = 3.852283e+00 , ||X-X^2||_mixed = 1.286118e+00
INDE trace(X-X^2) = 7.013472e+01
INDE trace(X) = 2.342322e+02
TIDE Iteration 0 took      0.03 usr cpu s       0.06 sys cpu s       0.02 wall s
TIDE FileWritable::writeAndReadAll took      0.00 usr cpu s       0.00 sys cpu s       0.00 wall s
INDE writeAndReadAll sizesStr: '0 MB (1 MatrixGeneral, 0 > 1 MB) + 0 MB (13 MatrixSymmetric, 0 > 1 MB) + 0 MB (2 VectorGeneral, 0 > 1 MB) = 0 MB (16 total, 0 > 1 MB)
INDE     ITERATION 1 :
TIDE purify_X took      0.00 usr cpu s       0.00 sys cpu s       0.00 wall s
TIDE truncate_matrix took      0.00 usr cpu s       0.00 sys cpu s       0.00 wall s
INDE Actual introduced error   0.000000e+00 : nnz before  116964 <-> 100.00 % , nnz after  116964 <-> 100.00 %
TIDE square took      0.02 usr cpu s       0.04 sys cpu s       0.01 wall s
INDE NNZ Xsq = 116964 <-> 100.00 %
TIDE Frobenius norm of X-X^2 took      0.00 usr cpu s       0.00 sys cpu s       0.00 wall s
TIDE Mixed norm of X-X^2 took      0.00 usr cpu s       0.02 sys cpu s       0.00 wall s
TIDE Trace of X-X^2 took      0.00 usr cpu s       0.00 sys cpu s       0.00 wall s
INDE ||X-X^2||_F = 4.467918e+00 , ||X-X^2||_mixed = 1.460653e+00
INDE trace(X-X^2) = 8.127604e+01
INDE trace(X) = 1.640975e+02
TIDE Iteration 1 took      0.02 usr cpu s       0.06 sys cpu s       0.01 wall s
INDE     ITERATION 2 :
TIDE purify_X took      0.00 usr cpu s       0.00 sys cpu s       0.00 wall s
TIDE truncate_matrix took      0.00 usr cpu s       0.00 sys cpu s       0.00 wall s
INDE Actual introduced error   0.000000e+00 : nnz before  116964 <-> 100.00 % , nnz after  116964 <-> 100.00 %
TIDE square took      0.03 usr cpu s       0.04 sys cpu s       0.01 wall s
INDE NNZ Xsq = 116964 <-> 100.00 %
TIDE Frobenius norm of X-X^2 took      0.00 usr cpu s       0.00 sys cpu s       0.00 wall s
TIDE Mixed norm of X-X^2 took      0.00 usr cpu s       0.01 sys cpu s       0.00 wall s
TIDE Trace of X-X^2 took      0.00 usr cpu s       0.00 sys cpu s       0.00 wall s
INDE ||X-X^2||_F = 3.254228e+00 , ||X-X^2||_mixed = 1.135483e+00
INDE trace(X-X^2) = 5.848180e+01
INDE trace(X) = 8.282147e+01
INDE Checking stopping criterion...   
INDE Order of convergence cannot be computed
TIDE stopping_criterion took      0.00 usr cpu s       0.00 sys cpu s       0.00 wall s
TIDE Iteration 2 took      0.04 usr cpu s       0.06 sys cpu s       0.02 wall s
INDE     ITERATION 3 :
TIDE purify_X took      0.00 usr cpu s       0.00 sys cpu s       0.00 wall s
TIDE truncate_matrix took      0.00 usr cpu s       0.00 sys cpu s       0.00 wall s
INDE Actual introduced error   0.000000e+00 : nnz before  116964 <-> 100.00 % , nnz after  116964 <-> 100.00 %
TIDE square took      0.02 usr cpu s       0.08 sys cpu s       0.02 wall s
INDE NNZ Xsq = 116964 <-> 100.00 %
TIDE Frobenius norm of X-X^2 took      0.00 usr cpu s       0.00 sys cpu s       0.00 wall s
TIDE Mixed norm of X-X^2 took      0.00 usr cpu s       0.01 sys cpu s       0.00 wall s
TIDE Trace of X-X^2 took      0.00 usr cpu s       0.00 sys cpu s       0.00 wall s
INDE ||X-X^2||_F = 4.290161e+00 , ||X-X^2||_mixed = 1.444600e+00
INDE trace(X-X^2) = 7.741230e+01
INDE trace(X) = 1.413033e+02
INDE Checking stopping criterion...   
INDE Order of convergence cannot be computed
TIDE stopping_criterion took      0.00 usr cpu s       0.00 sys cpu s       0.00 wall s
TIDE Iteration 3 took      0.03 usr cpu s       0.10 sys cpu s       0.02 wall s
INDE     ITERATION 4 :
TIDE purify_X took      0.00 usr cpu s       0.00 sys cpu s       0.00 wall s
TIDE truncate_matrix took      0.00 usr cpu s       0.00 sys cpu s       0.00 wall s
INDE Actual introduced error   0.000000e+00 : nnz before  116964 <-> 100.00 % , nnz after  116964 <-> 100.00 %
TIDE square took      0.03 usr cpu s       0.08 sys cpu s       0.02 wall s
INDE NNZ Xsq = 116964 <-> 100.00 %
TIDE Frobenius norm of X-X^2 took      0.00 usr cpu s       0.00 sys cpu s       0.00 wall s
TIDE Mixed norm of X-X^2 took      0.01 usr cpu s       0.01 sys cpu s       0.00 wall s
TIDE Trace of X-X^2 took      0.00 usr cpu s       0.00 sys cpu s       0.00 wall s
INDE ||X-X^2||_F = 4.003781e+00 , ||X-X^2||_mixed = 1.406114e+00
INDE trace(X-X^2) = 7.178837e+01
INDE trace(X) = 2.187156e+02
INDE Checking stopping criterion...   
INDE Order of convergence cannot be computed
TIDE stopping_criterion took      0.00 usr cpu s       0.00 sys cpu s       0.00 wall s
TIDE Iteration 4 took      0.04 usr cpu s       0.10 sys cpu s       0.03 wall s
INDE     ITERATION 5 :
TIDE purify_X took      0.00 usr cpu s       0.00 sys cpu s       0.00 wall s
TIDE truncate_matrix took      0.00 usr cpu s       0.00 sys cpu s       0.00 wall s
INDE Actual introduced error   0.000000e+00 : nnz before  116964 <-> 100.00 % , nnz after  116964 <-> 100.00 %
TIDE square took      0.02 usr cpu s       0.11 sys cpu s       0.03 wall s
INDE NNZ Xsq = 116964 <-> 100.00 %
TIDE Frobenius norm of X-X^2 took      0.00 usr cpu s       0.00 sys cpu s       0.00 wall s
TIDE Mixed norm of X-X^2 took      0.00 usr cpu s       0.01 sys cpu s       0.00 wall s
TIDE Trace of X-X^2 took      0.00 usr cpu s       0.00 sys cpu s       0.00 wall s
INDE ||X-X^2||_F = 4.268601e+00 , ||X-X^2||_mixed = 1.493120e+00
INDE trace(X-X^2) = 7.625644e+01
INDE trace(X) = 1.469272e+02
INDE Checking stopping criterion...   
INDE Order of convergence cannot be computed
TIDE stopping_criterion took      0.00 usr cpu s       0.00 sys cpu s       0.00 wall s
TIDE Iteration 5 took      0.03 usr cpu s       0.12 sys cpu s       0.03 wall s
INDE     ITERATION 6 :
TIDE purify_X took      0.00 usr cpu s       0.00 sys cpu s       0.00 wall s
TIDE truncate_matrix took      0.00 usr cpu s       0.00 sys cpu s       0.00 wall s
INDE Actual introduced error   0.000000e+00 : nnz before  116964 <-> 100.00 % , nnz after  116964 <-> 100.00 %
TIDE square took      0.04 usr cpu s       0.09 sys cpu s       0.03 wall s
INDE NNZ Xsq = 116964 <-> 100.00 %
TIDE Frobenius norm of X-X^2 took      0.00 usr cpu s       0.00 sys cpu s       0.00 wall s
TIDE Mixed norm of X-X^2 took      0.00 usr cpu s       0.02 sys cpu s       0.01 wall s
TIDE Trace of X-X^2 took      0.00 usr cpu s       0.00 sys cpu s       0.00 wall s
INDE ||X-X^2||_F = 3.857691e+00 , ||X-X^2||_mixed = 1.410703e+00
INDE trace(X-X^2) = 6.829426e+01
INDE trace(X) = 2.231836e+02
INDE Checking stopping criterion...   
INDE Order of convergence cannot be computed
TIDE stopping_criterion took      0.00 usr cpu s       0.00 sys cpu s       0.00 wall s
TIDE Iteration 6 took      0.05 usr cpu s       0.11 sys cpu s       0.03 wall s
INDE     ITERATION 7 :
TIDE purify_X took      0.00 usr cpu s       0.00 sys cpu s       0.00 wall s
TIDE truncate_matrix took      0.00 usr cpu s       0.00 sys cpu s       0.00 wall s
INDE Actual introduced error   0.000000e+00 : nnz before  116964 <-> 100.00 % , nnz after  116964 <-> 100.00 %
TIDE square took      0.03 usr cpu s       0.12 sys cpu s       0.04 wall s
INDE NNZ Xsq = 116964 <-> 100.00 %
TIDE Frobenius norm of X-X^2 took      0.00 usr cpu s       0.00 sys cpu s       0.00 wall s
TIDE Mixed norm of X-X^2 took      0.00 usr cpu s       0.02 sys cpu s       0.00 wall s
TIDE Trace of X-X^2 took      0.00 usr cpu s       0.00 sys cpu s       0.00 wall s
INDE ||X-X^2||_F = 4.214151e+00 , ||X-X^2||_mixed = 1.520300e+00
INDE trace(X-X^2) = 7.468251e+01
INDE trace(X) = 1.548894e+02
INDE Checking stopping criterion...   
INDE Order of convergence cannot be computed
TIDE stopping_criterion took      0.00 usr cpu s       0.00 sys cpu s       0.00 wall s
TIDE Iteration 7 took      0.03 usr cpu s       0.14 sys cpu s       0.04 wall s
INDE     ITERATION 8 :
TIDE purify_X took      0.00 usr cpu s       0.00 sys cpu s       0.00 wall s
TIDE truncate_matrix took      0.00 usr cpu s       0.00 sys cpu s       0.00 wall s
INDE Actual introduced error   0.000000e+00 : nnz before  116964 <-> 100.00 % , nnz after  116964 <-> 100.00 %
TIDE square took      0.02 usr cpu s       0.16 sys cpu s       0.05 wall s
INDE NNZ Xsq = 116964 <-> 100.00 %
TIDE Frobenius norm of X-X^2 took      0.00 usr cpu s       0.00 sys cpu s       0.00 wall s
TIDE Mixed norm of X-X^2 took      0.01 usr cpu s       0.02 sys cpu s       0.01 wall s
TIDE Trace of X-X^2 took      0.00 usr cpu s       0.00 sys cpu s       0.00 wall s
INDE ||X-X^2||_F = 2.989123e+00 , ||X-X^2||_mixed = 1.291929e+00
INDE trace(X-X^2) = 5.055022e+01
INDE trace(X) = 8.020687e+01
INDE Checking stopping criterion...   
INDE Order of convergence cannot be computed
TIDE stopping_criterion took      0.00 usr cpu s       0.00 sys cpu s       0.00 wall s
TIDE Iteration 8 took      0.03 usr cpu s       0.18 sys cpu s       0.05 wall s
INDE     ITERATION 9 :
TIDE purify_X took      0.00 usr cpu s       0.00 sys cpu s       0.00 wall s
TIDE truncate_matrix took      0.00 usr cpu s       0.00 sys cpu s       0.00 wall s
INDE Actual introduced error   0.000000e+00 : nnz before  116964 <-> 100.00 % , nnz after  116964 <-> 100.00 %
TIDE square took      0.05 usr cpu s       0.14 sys cpu s       0.05 wall s
INDE NNZ Xsq = 116964 <-> 100.00 %
TIDE Frobenius norm of X-X^2 took      0.00 usr cpu s       0.00 sys cpu s       0.00 wall s
TIDE Mixed norm of X-X^2 took      0.01 usr cpu s       0.01 sys cpu s       0.00 wall s
TIDE Trace of X-X^2 took      0.00 usr cpu s       0.00 sys cpu s       0.00 wall s
INDE ||X-X^2||_F = 3.883428e+00 , ||X-X^2||_mixed = 1.532338e+00
INDE trace(X-X^2) = 6.740156e+01
INDE trace(X) = 1.307571e+02
INDE Checking stopping criterion...   
INDE Order of convergence cannot be computed
TIDE stopping_criterion took      0.00 usr cpu s       0.00 sys cpu s       0.00 wall s
TIDE Iteration 9 took      0.06 usr cpu s       0.15 sys cpu s       0.05 wall s
INDE     ITERATION 10 :
TIDE purify_X took      0.00 usr cpu s       0.00 sys cpu s       0.00 wall s
TIDE truncate_matrix took      0.00 usr cpu s       0.00 sys cpu s       0.00 wall s
INDE Actual introduced error   0.000000e+00 : nnz before  116964 <-> 100.00 % , nnz after  116964 <-> 100.00 %
TIDE square took      0.02 usr cpu s       0.08 sys cpu s       0.02 wall s
INDE NNZ Xsq = 116964 <-> 100.00 %
TIDE Frobenius norm of X-X^2 took      0.00 usr cpu s       0.00 sys cpu s       0.00 wall s
TIDE Mixed norm of X-X^2 took      0.01 usr cpu s       0.01 sys cpu s       0.00 wall s
TIDE Trace of X-X^2 took      0.00 usr cpu s       0.00 sys cpu s       0.00 wall s
INDE ||X-X^2||_F = 2.494581e+00 , ||X-X^2||_mixed = 1.239113e+00
INDE trace(X-X^2) = 3.893456e+01
INDE trace(X) = 6.335552e+01
INDE Checking stopping criterion...   
INDE Order of convergence cannot be computed
TIDE stopping_criterion took      0.00 usr cpu s       0.00 sys cpu s       0.00 wall s
TIDE Iteration 10 took      0.03 usr cpu s       0.09 sys cpu s       0.02 wall s
INDE     ITERATION 11 :
TIDE purify_X took      0.00 usr cpu s       0.00 sys cpu s       0.00 wall s
TIDE truncate_matrix took      0.00 usr cpu s       0.00 sys cpu s       0.00 wall s
INDE Actual introduced error   0.000000e+00 : nnz before  116964 <-> 100.00 % , nnz after  116964 <-> 100.00 %
TIDE square took      0.02 usr cpu s       0.11 sys cpu s       0.03 wall s
INDE NNZ Xsq = 116964 <-> 100.00 %
TIDE Frobenius norm of X-X^2 took      0.00 usr cpu s       0.00 sys cpu s       0.00 wall s
TIDE Mixed norm of X-X^2 took      0.01 usr cpu s       0.03 sys cpu s       0.01 wall s
TIDE Trace of X-X^2 took      0.00 usr cpu s       0.00 sys cpu s       0.00 wall s
INDE ||X-X^2||_F = 3.363204e+00 , ||X-X^2||_mixed = 1.529507e+00
INDE trace(X-X^2) = 5.489568e+01
INDE trace(X) = 1.022901e+02
INDE Checking stopping criterion...   
INDE Order of convergence cannot be computed
TIDE stopping_criterion took      0.00 usr cpu s       0.00 sys cpu s       0.00 wall s
TIDE Iteration 11 took      0.04 usr cpu s       0.14 sys cpu s       0.04 wall s
INDE     ITERATION 12 :
TIDE purify_X took      0.00 usr cpu s       0.00 sys cpu s       0.00 wall s
TIDE truncate_matrix took      0.00 usr cpu s       0.00 sys cpu s       0.00 wall s
INDE Actual introduced error   0.000000e+00 : nnz before  116964 <-> 100.00 % , nnz after  116964 <-> 100.00 %
TIDE square took      0.02 usr cpu s       0.11 sys cpu s       0.03 wall s
INDE NNZ Xsq = 116964 <-> 100.00 %
TIDE Frobenius norm of X-X^2 took      0.00 usr cpu s       0.00 sys cpu s       0.00 wall s
TIDE Mixed norm of X-X^2 took      0.01 usr cpu s       0.01 sys cpu s       0.00 wall s
TIDE Trace of X-X^2 took      0.00 usr cpu s       0.00 sys cpu s       0.00 wall s
INDE ||X-X^2||_F = 3.555695e+00 , ||X-X^2||_mixed = 1.585938e+00
INDE trace(X-X^2) = 6.009063e+01
INDE trace(X) = 1.571858e+02
INDE Checking stopping criterion...   
INDE Order of convergence cannot be computed
TIDE stopping_criterion took      0.00 usr cpu s       0.00 sys cpu s       0.00 wall s
TIDE Iteration 12 took      0.04 usr cpu s       0.12 sys cpu s       0.03 wall s
INDE     ITERATION 13 :
TIDE purify_X took      0.00 usr cpu s       0.00 sys cpu s       0.00 wall s
TIDE truncate_matrix took      0.00 usr cpu s       0.00 sys cpu s       0.00 wall s
INDE Actual introduced error   0.000000e+00 : nnz before  116964 <-> 100.00 % , nnz after  116964 <-> 100.00 %
TIDE square took      0.02 usr cpu s       0.04 sys cpu s       0.01 wall s
INDE NNZ Xsq = 116964 <-> 100.00 %
TIDE Frobenius norm of X-X^2 took      0.00 usr cpu s       0.00 sys cpu s       0.00 wall s
TIDE Mixed norm of X-X^2 took      0.00 usr cpu s       0.01 sys cpu s       0.00 wall s
TIDE Trace of X-X^2 took      0.00 usr cpu s       0.00 sys cpu s       0.00 wall s
INDE ||X-X^2||_F = 3.092860e+00 , ||X-X^2||_mixed = 1.553529e+00
INDE trace(X-X^2) = 4.696696e+01
INDE trace(X) = 9.709513e+01
INDE Checking stopping criterion...   
INDE Order of convergence cannot be computed
TIDE stopping_criterion took      0.00 usr cpu s       0.00 sys cpu s       0.00 wall s
TIDE Iteration 13 took      0.03 usr cpu s       0.05 sys cpu s       0.01 wall s
INDE     ITERATION 14 :
TIDE purify_X took      0.00 usr cpu s       0.00 sys cpu s       0.00 wall s
TIDE truncate_matrix took      0.00 usr cpu s       0.00 sys cpu s       0.00 wall s
INDE Actual introduced error   0.000000e+00 : nnz before  116964 <-> 100.00 % , nnz after  116964 <-> 100.00 %
TIDE square took      0.02 usr cpu s       0.06 sys cpu s       0.01 wall s
INDE NNZ Xsq = 116964 <-> 100.00 %
TIDE Frobenius norm of X-X^2 took      0.00 usr cpu s       0.00 sys cpu s       0.00 wall s
TIDE Mixed norm of X-X^2 took      0.00 usr cpu s       0.02 sys cpu s       0.00 wall s
TIDE Trace of X-X^2 took      0.00 usr cpu s       0.00 sys cpu s       0.00 wall s
INDE ||X-X^2||_F = 2.063295e+00 , ||X-X^2||_mixed = 1.244559e+00
INDE trace(X-X^2) = 2.591962e+01
INDE trace(X) = 5.012817e+01
INDE Checking stopping criterion...   
INDE Order of convergence cannot be computed
TIDE stopping_criterion took      0.00 usr cpu s       0.00 sys cpu s       0.00 wall s
TIDE Iteration 14 took      0.02 usr cpu s       0.08 sys cpu s       0.02 wall s
INDE     ITERATION 15 :
TIDE purify_X took      0.00 usr cpu s       0.00 sys cpu s       0.00 wall s
TIDE truncate_matrix took      0.00 usr cpu s       0.00 sys cpu s       0.00 wall s
INDE Actual introduced error   0.000000e+00 : nnz before  116964 <-> 100.00 % , nnz after  116964 <-> 100.00 %
TIDE square took      0.02 usr cpu s       0.06 sys cpu s       0.01 wall s
INDE NNZ Xsq = 116964 <-> 100.00 %
TIDE Frobenius norm of X-X^2 took      0.00 usr cpu s       0.00 sys cpu s       0.00 wall s
TIDE Mixed norm of X-X^2 took      0.01 usr cpu s       0.01 sys cpu s       0.00 wall s
TIDE Trace of X-X^2 took      0.00 usr cpu s       0.00 sys cpu s       0.00 wall s
INDE ||X-X^2||_F = 2.555664e+00 , ||X-X^2||_mixed = 1.432173e+00
INDE trace(X-X^2) = 3.431966e+01
INDE trace(X) = 7.604779e+01
INDE Checking stopping criterion...   
INDE Order of convergence cannot be computed
TIDE stopping_criterion took      0.00 usr cpu s       0.00 sys cpu s       0.00 wall s
TIDE Iteration 15 took      0.03 usr cpu s       0.08 sys cpu s       0.02 wall s
INDE     ITERATION 16 :
TIDE purify_X took      0.00 usr cpu s       0.00 sys cpu s       0.00 wall s
TIDE truncate_matrix took      0.00 usr cpu s       0.00 sys cpu s       0.00 wall s
INDE Actual introduced error   0.000000e+00 : nnz before  116964 <-> 100.00 % , nnz after  116964 <-> 100.00 %
TIDE square took      0.05 usr cpu s       0.21 sys cpu s       0.05 wall s
INDE NNZ Xsq = 116964 <-> 100.00 %
TIDE Frobenius norm of X-X^2 took      0.00 usr cpu s       0.00 sys cpu s       0.00 wall s
TIDE Mixed norm of X-X^2 took      0.01 usr cpu s       0.02 sys cpu s       0.00 wall s
TIDE Trace of X-X^2 took      0.00 usr cpu s       0.00 sys cpu s       0.00 wall s
INDE ||X-X^2||_F = 1.685951e+00 , ||X-X^2||_mixed = 1.138499e+00
INDE trace(X-X^2) = 1.789916e+01
INDE trace(X) = 4.172813e+01
INDE Checking stopping criterion...   
INDE Order of convergence cannot be computed
TIDE stopping_criterion took      0.00 usr cpu s       0.00 sys cpu s       0.00 wall s
TIDE Iteration 16 took      0.06 usr cpu s       0.23 sys cpu s       0.06 wall s
INDE     ITERATION 17 :
TIDE purify_X took      0.00 usr cpu s       0.00 sys cpu s       0.00 wall s
TIDE truncate_matrix took      0.00 usr cpu s       0.00 sys cpu s       0.00 wall s
INDE Actual introduced error   0.000000e+00 : nnz before  116964 <-> 100.00 % , nnz after  116964 <-> 100.00 %
TIDE square took      0.03 usr cpu s       0.15 sys cpu s       0.03 wall s
INDE NNZ Xsq = 116964 <-> 100.00 %
TIDE Frobenius norm of X-X^2 took      0.00 usr cpu s       0.00 sys cpu s       0.00 wall s
TIDE Mixed norm of X-X^2 took      0.00 usr cpu s       0.03 sys cpu s       0.01 wall s
TIDE Trace of X-X^2 took      0.00 usr cpu s       0.00 sys cpu s       0.00 wall s
INDE ||X-X^2||_F = 1.952196e+00 , ||X-X^2||_mixed = 1.214898e+00
INDE trace(X-X^2) = 2.275524e+01
INDE trace(X) = 5.962729e+01
INDE Checking stopping criterion...   
INDE Order of convergence cannot be computed
TIDE stopping_criterion took      0.00 usr cpu s       0.00 sys cpu s       0.00 wall s
TIDE Iteration 17 took      0.04 usr cpu s       0.18 sys cpu s       0.04 wall s
INDE     ITERATION 18 :
TIDE purify_X took      0.00 usr cpu s       0.00 sys cpu s       0.00 wall s
TIDE truncate_matrix took      0.00 usr cpu s       0.00 sys cpu s       0.00 wall s
INDE Actual introduced error   0.000000e+00 : nnz before  116964 <-> 100.00 % , nnz after  116964 <-> 100.00 %
TIDE square took      0.07 usr cpu s       0.19 sys cpu s       0.05 wall s
INDE NNZ Xsq = 116964 <-> 100.00 %
TIDE Frobenius norm of X-X^2 took      0.00 usr cpu s       0.00 sys cpu s       0.00 wall s
TIDE Mixed norm of X-X^2 took      0.00 usr cpu s       0.01 sys cpu s       0.00 wall s
TIDE Trace of X-X^2 took      0.00 usr cpu s       0.00 sys cpu s       0.00 wall s
INDE ||X-X^2||_F = 2.256505e+00 , ||X-X^2||_mixed = 1.443669e+00
INDE trace(X-X^2) = 2.634323e+01
INDE trace(X) = 8.238252e+01
INDE Checking stopping criterion...   
INDE Order of convergence cannot be computed
TIDE stopping_criterion took      0.00 usr cpu s       0.00 sys cpu s       0.00 wall s
TIDE Iteration 18 took      0.07 usr cpu s       0.20 sys cpu s       0.05 wall s
INDE     ITERATION 19 :
TIDE purify_X took      0.00 usr cpu s       0.00 sys cpu s       0.00 wall s
TIDE truncate_matrix took      0.00 usr cpu s       0.00 sys cpu s       0.00 wall s
INDE Actual introduced error   0.000000e+00 : nnz before  116964 <-> 100.00 % , nnz after  116964 <-> 100.00 %
TIDE square took      0.03 usr cpu s       0.18 sys cpu s       0.04 wall s
INDE NNZ Xsq = 116964 <-> 100.00 %
TIDE Frobenius norm of X-X^2 took      0.00 usr cpu s       0.00 sys cpu s       0.00 wall s
TIDE Mixed norm of X-X^2 took      0.00 usr cpu s       0.02 sys cpu s       0.00 wall s
TIDE Trace of X-X^2 took      0.00 usr cpu s       0.00 sys cpu s       0.00 wall s
INDE ||X-X^2||_F = 1.497180e+00 , ||X-X^2||_mixed = 1.012590e+00
INDE trace(X-X^2) = 1.535346e+01
INDE trace(X) = 5.603929e+01
INDE Checking stopping criterion...   
INDE Order of convergence cannot be computed
TIDE stopping_criterion took      0.00 usr cpu s       0.00 sys cpu s       0.00 wall s
TIDE Iteration 19 took      0.04 usr cpu s       0.19 sys cpu s       0.04 wall s
INDE     ITERATION 20 :
TIDE purify_X took      0.00 usr cpu s       0.00 sys cpu s       0.00 wall s
TIDE truncate_matrix took      0.00 usr cpu s       0.00 sys cpu s       0.00 wall s
INDE Actual introduced error   0.000000e+00 : nnz before  116964 <-> 100.00 % , nnz after  116964 <-> 100.00 %
TIDE square took      0.05 usr cpu s       0.21 sys cpu s       0.05 wall s
INDE NNZ Xsq = 116964 <-> 100.00 %
TIDE Frobenius norm of X-X^2 took      0.00 usr cpu s       0.00 sys cpu s       0.00 wall s
TIDE Mixed norm of X-X^2 took      0.00 usr cpu s       0.05 sys cpu s       0.01 wall s
TIDE Trace of X-X^2 took      0.00 usr cpu s       0.00 sys cpu s       0.00 wall s
INDE ||X-X^2||_F = 1.832030e+00 , ||X-X^2||_mixed = 1.269276e+00
INDE trace(X-X^2) = 1.806618e+01
INDE trace(X) = 7.139276e+01
INDE Checking stopping criterion...   
INDE Order of convergence cannot be computed
TIDE stopping_criterion took      0.00 usr cpu s       0.00 sys cpu s       0.00 wall s
TIDE Iteration 20 took      0.06 usr cpu s       0.26 sys cpu s       0.06 wall s
INDE     ITERATION 21 :
TIDE purify_X took      0.00 usr cpu s       0.00 sys cpu s       0.00 wall s
TIDE truncate_matrix took      0.00 usr cpu s       0.00 sys cpu s       0.00 wall s
INDE Actual introduced error   0.000000e+00 : nnz before  116964 <-> 100.00 % , nnz after  116964 <-> 100.00 %
TIDE square took      0.02 usr cpu s       0.12 sys cpu s       0.02 wall s
INDE NNZ Xsq = 116964 <-> 100.00 %
TIDE Frobenius norm of X-X^2 took      0.00 usr cpu s       0.00 sys cpu s       0.00 wall s
TIDE Mixed norm of X-X^2 took      0.01 usr cpu s       0.04 sys cpu s       0.01 wall s
TIDE Trace of X-X^2 took      0.00 usr cpu s       0.00 sys cpu s       0.00 wall s
INDE ||X-X^2||_F = 1.029865e+00 , ||X-X^2||_mixed = 7.575106e-01
INDE trace(X-X^2) = 8.921417e+00
INDE trace(X) = 5.332658e+01
INDE Checking stopping criterion...   
INDE Order of convergence cannot be computed
TIDE stopping_criterion took      0.00 usr cpu s       0.00 sys cpu s       0.00 wall s
TIDE Iteration 21 took      0.04 usr cpu s       0.16 sys cpu s       0.03 wall s
INDE     ITERATION 22 :
TIDE purify_X took      0.00 usr cpu s       0.00 sys cpu s       0.00 wall s
TIDE truncate_matrix took      0.00 usr cpu s       0.00 sys cpu s       0.00 wall s
INDE Actual introduced error   0.000000e+00 : nnz before  116964 <-> 100.00 % , nnz after  116964 <-> 100.00 %
TIDE square took      0.04 usr cpu s       0.28 sys cpu s       0.06 wall s
INDE NNZ Xsq = 116964 <-> 100.00 %
TIDE Frobenius norm of X-X^2 took      0.00 usr cpu s       0.00 sys cpu s       0.00 wall s
TIDE Mixed norm of X-X^2 took      0.02 usr cpu s       0.04 sys cpu s       0.01 wall s
TIDE Trace of X-X^2 took      0.00 usr cpu s       0.00 sys cpu s       0.00 wall s
INDE ||X-X^2||_F = 7.154069e-01 , ||X-X^2||_mixed = 5.882270e-01
INDE trace(X-X^2) = 4.308500e+00
INDE trace(X) = 4.440516e+01
INDE Checking stopping criterion...   
INDE Order of convergence cannot be computed
TIDE stopping_criterion took      0.00 usr cpu s       0.00 sys cpu s       0.00 wall s
TIDE Iteration 22 took      0.06 usr cpu s       0.32 sys cpu s       0.08 wall s
INDE     ITERATION 23 :
TIDE purify_X took      0.00 usr cpu s       0.00 sys cpu s       0.00 wall s
TIDE truncate_matrix took      0.00 usr cpu s       0.00 sys cpu s       0.00 wall s
INDE Actual introduced error   0.000000e+00 : nnz before  116964 <-> 100.00 % , nnz after  116964 <-> 100.00 %
TIDE square took      0.05 usr cpu s       0.20 sys cpu s       0.05 wall s
INDE NNZ Xsq = 116964 <-> 100.00 %
TIDE Frobenius norm of X-X^2 took      0.00 usr cpu s       0.00 sys cpu s       0.00 wall s
TIDE Mixed norm of X-X^2 took      0.01 usr cpu s       0.02 sys cpu s       0.01 wall s
TIDE Trace of X-X^2 took      0.00 usr cpu s       0.00 sys cpu s       0.00 wall s
INDE ||X-X^2||_F = 4.833881e-01 , ||X-X^2||_mixed = 3.923546e-01
INDE trace(X-X^2) = 3.215971e+00
INDE trace(X) = 4.871366e+01
INDE Checking stopping criterion...   
INDE e_i =3.923546e-01, C*e_{i-1}^q = 3.952029e+00
INDE Order of convergence = 10.317144, stop = 0
TIDE stopping_criterion took      0.00 usr cpu s       0.00 sys cpu s       0.00 wall s
TIDE Iteration 23 took      0.07 usr cpu s       0.22 sys cpu s       0.05 wall s
INDE     ITERATION 24 :
TIDE purify_X took      0.00 usr cpu s       0.00 sys cpu s       0.00 wall s
TIDE truncate_matrix took      0.00 usr cpu s       0.00 sys cpu s       0.00 wall s
INDE Actual introduced error   0.000000e+00 : nnz before  116964 <-> 100.00 % , nnz after  116964 <-> 100.00 %
TIDE square took      0.07 usr cpu s       0.37 sys cpu s       0.09 wall s
INDE NNZ Xsq = 116964 <-> 100.00 %
TIDE Frobenius norm of X-X^2 took      0.00 usr cpu s       0.00 sys cpu s       0.00 wall s
TIDE Mixed norm of X-X^2 took      0.02 usr cpu s       0.04 sys cpu s       0.01 wall s
TIDE Trace of X-X^2 took      0.00 usr cpu s       0.00 sys cpu s       0.00 wall s
INDE ||X-X^2||_F = 7.035710e-01 , ||X-X^2||_mixed = 5.655067e-01
INDE trace(X-X^2) = 4.354867e+00
INDE trace(X) = 5.192963e+01
INDE Checking stopping criterion...   
INDE Order of convergence cannot be computed
TIDE stopping_criterion took      0.00 usr cpu s       0.00 sys cpu s       0.00 wall s
TIDE Iteration 24 took      0.09 usr cpu s       0.42 sys cpu s       0.11 wall s
INDE     ITERATION 25 :
TIDE purify_X took      0.00 usr cpu s       0.00 sys cpu s       0.00 wall s
TIDE truncate_matrix took      0.00 usr cpu s       0.00 sys cpu s       0.00 wall s
INDE Actual introduced error   0.000000e+00 : nnz before  116964 <-> 100.00 % , nnz after  116964 <-> 100.00 %
TIDE square took      0.15 usr cpu s       0.61 sys cpu s       0.16 wall s
INDE NNZ Xsq = 116964 <-> 100.00 %
TIDE Frobenius norm of X-X^2 took      0.00 usr cpu s       0.00 sys cpu s       0.00 wall s
TIDE Mixed norm of X-X^2 took      0.01 usr cpu s       0.07 sys cpu s       0.02 wall s
TIDE Trace of X-X^2 took      0.00 usr cpu s       0.00 sys cpu s       0.00 wall s
INDE ||X-X^2||_F = 1.879359e-01 , ||X-X^2||_mixed = 1.598228e-01
INDE trace(X-X^2) = 8.880571e-01
INDE trace(X) = 4.757476e+01
INDE Checking stopping criterion...   
INDE e_i =1.598228e-01, C*e_{i-1}^q = 1.060230e+00
INDE Order of convergence = 4.022442, stop = 0
TIDE stopping_criterion took      0.00 usr cpu s       0.00 sys cpu s       0.00 wall s
TIDE Iteration 25 took      0.17 usr cpu s       0.69 sys cpu s       0.18 wall s
INDE     ITERATION 26 :
TIDE purify_X took      0.00 usr cpu s       0.00 sys cpu s       0.00 wall s
TIDE truncate_matrix took      0.00 usr cpu s       0.00 sys cpu s       0.00 wall s
INDE Actual introduced error   0.000000e+00 : nnz before  116964 <-> 100.00 % , nnz after  116964 <-> 100.00 %
TIDE square took      0.14 usr cpu s       0.55 sys cpu s       0.15 wall s
INDE NNZ Xsq = 116964 <-> 100.00 %
TIDE Frobenius norm of X-X^2 took      0.00 usr cpu s       0.00 sys cpu s       0.00 wall s
TIDE Mixed norm of X-X^2 took      0.01 usr cpu s       0.04 sys cpu s       0.01 wall s
TIDE Trace of X-X^2 took      0.00 usr cpu s       0.00 sys cpu s       0.00 wall s
INDE ||X-X^2||_F = 1.562840e-01 , ||X-X^2||_mixed = 1.527091e-01
INDE trace(X-X^2) = 3.446925e-01
INDE trace(X) = 4.668671e+01
INDE Checking stopping criterion...   
INDE Order of convergence cannot be computed
TIDE stopping_criterion took      0.00 usr cpu s       0.00 sys cpu s       0.00 wall s
TIDE Iteration 26 took      0.16 usr cpu s       0.60 sys cpu s       0.16 wall s
INDE     ITERATION 27 :
TIDE purify_X took      0.00 usr cpu s       0.00 sys cpu s       0.00 wall s
TIDE truncate_matrix took      0.00 usr cpu s       0.00 sys cpu s       0.00 wall s
INDE Actual introduced error   0.000000e+00 : nnz before  116964 <-> 100.00 % , nnz after  116964 <-> 100.00 %
TIDE square took      0.06 usr cpu s       0.24 sys cpu s       0.05 wall s
INDE NNZ Xsq = 116964 <-> 100.00 %
TIDE Frobenius norm of X-X^2 took      0.00 usr cpu s       0.00 sys cpu s       0.00 wall s
TIDE Mixed norm of X-X^2 took      0.01 usr cpu s       0.04 sys cpu s       0.01 wall s
TIDE Trace of X-X^2 took      0.00 usr cpu s       0.00 sys cpu s       0.00 wall s
INDE ||X-X^2||_F = 2.925951e-02 , ||X-X^2||_mixed = 2.678683e-02
INDE trace(X-X^2) = 9.295551e-02
INDE trace(X) = 4.703140e+01
INDE Checking stopping criterion...   
INDE e_i =2.678683e-02, C*e_{i-1}^q = 1.759220e-01
INDE Order of convergence = 3.026417, stop = 0
TIDE stopping_criterion took      0.00 usr cpu s       0.00 sys cpu s       0.00 wall s
TIDE Iteration 27 took      0.08 usr cpu s       0.28 sys cpu s       0.07 wall s
INDE     ITERATION 28 :
TIDE purify_X took      0.00 usr cpu s       0.00 sys cpu s       0.00 wall s
TIDE truncate_matrix took      0.00 usr cpu s       0.00 sys cpu s       0.00 wall s
INDE Actual introduced error   0.000000e+00 : nnz before  116964 <-> 100.00 % , nnz after  116964 <-> 100.00 %
TIDE square took      0.04 usr cpu s       0.23 sys cpu s       0.05 wall s
INDE NNZ Xsq = 116964 <-> 100.00 %
TIDE Frobenius norm of X-X^2 took      0.00 usr cpu s       0.00 sys cpu s       0.00 wall s
TIDE Mixed norm of X-X^2 took      0.01 usr cpu s       0.04 sys cpu s       0.01 wall s
TIDE Trace of X-X^2 took      0.00 usr cpu s       0.00 sys cpu s       0.00 wall s
INDE ||X-X^2||_F = 4.036649e-02 , ||X-X^2||_mixed = 3.402368e-02
INDE trace(X-X^2) = 1.235697e-01
INDE trace(X) = 4.712435e+01
INDE Checking stopping criterion...   
INDE Order of convergence cannot be computed
TIDE stopping_criterion took      0.00 usr cpu s       0.00 sys cpu s       0.00 wall s
TIDE Iteration 28 took      0.05 usr cpu s       0.28 sys cpu s       0.06 wall s
INDE     ITERATION 29 :
TIDE purify_X took      0.00 usr cpu s       0.00 sys cpu s       0.00 wall s
TIDE truncate_matrix took      0.00 usr cpu s       0.00 sys cpu s       0.00 wall s
INDE Actual introduced error   0.000000e+00 : nnz before  116964 <-> 100.00 % , nnz after  116964 <-> 100.00 %
TIDE square took      0.09 usr cpu s       0.31 sys cpu s       0.07 wall s
INDE NNZ Xsq = 116964 <-> 100.00 %
TIDE Frobenius norm of X-X^2 took      0.00 usr cpu s       0.00 sys cpu s       0.00 wall s
TIDE Mixed norm of X-X^2 took      0.01 usr cpu s       0.03 sys cpu s       0.01 wall s
TIDE Trace of X-X^2 took      0.00 usr cpu s       0.00 sys cpu s       0.00 wall s
INDE ||X-X^2||_F = 1.007535e-03 , ||X-X^2||_mixed = 9.300441e-04
INDE trace(X-X^2) = 2.590276e-03
INDE trace(X) = 4.700078e+01
INDE Checking stopping criterion...   
INDE e_i =9.300441e-04, C*e_{i-1}^q = 4.941801e-03
INDE Order of convergence = 2.461416, stop = 0
TIDE stopping_criterion took      0.00 usr cpu s       0.00 sys cpu s       0.00 wall s
TIDE Iteration 29 took      0.10 usr cpu s       0.34 sys cpu s       0.08 wall s
INDE     ITERATION 30 :
TIDE purify_X took      0.00 usr cpu s       0.00 sys cpu s       0.00 wall s
TIDE truncate_matrix took      0.00 usr cpu s       0.00 sys cpu s       0.00 wall s
INDE Actual introduced error   0.000000e+00 : nnz before  116964 <-> 100.00 % , nnz after  116964 <-> 100.00 %
TIDE square took      0.05 usr cpu s       0.26 sys cpu s       0.06 wall s
INDE NNZ Xsq = 116964 <-> 100.00 %
TIDE Frobenius norm of X-X^2 took      0.00 usr cpu s       0.00 sys cpu s       0.00 wall s
TIDE Mixed norm of X-X^2 took      0.01 usr cpu s       0.03 sys cpu s       0.01 wall s
TIDE Trace of X-X^2 took      0.00 usr cpu s       0.00 sys cpu s       0.00 wall s
INDE ||X-X^2||_F = 1.501897e-03 , ||X-X^2||_mixed = 1.309237e-03
INDE trace(X-X^2) = 3.372731e-03
INDE trace(X) = 4.700337e+01
INDE Checking stopping criterion...   
INDE e_i =1.309237e-03, C*e_{i-1}^q = 7.972696e-03
INDE Order of convergence = 2.534380, stop = 0
TIDE stopping_criterion took      0.00 usr cpu s       0.00 sys cpu s       0.00 wall s
TIDE Iteration 30 took      0.07 usr cpu s       0.30 sys cpu s       0.07 wall s
INDE     ITERATION 31 :
TIDE purify_X took      0.00 usr cpu s       0.00 sys cpu s       0.00 wall s
TIDE truncate_matrix took      0.00 usr cpu s       0.00 sys cpu s       0.00 wall s
INDE Actual introduced error   0.000000e+00 : nnz before  116964 <-> 100.00 % , nnz after  116964 <-> 100.00 %
TIDE square took      0.03 usr cpu s       0.17 sys cpu s       0.03 wall s
INDE NNZ Xsq = 116964 <-> 100.00 %
TIDE Frobenius norm of X-X^2 took      0.00 usr cpu s       0.00 sys cpu s       0.00 wall s
TIDE Mixed norm of X-X^2 took      0.00 usr cpu s       0.03 sys cpu s       0.00 wall s
TIDE Trace of X-X^2 took      0.00 usr cpu s       0.00 sys cpu s       0.00 wall s
INDE ||X-X^2||_F = 1.531409e-06 , ||X-X^2||_mixed = 1.445849e-06
INDE trace(X-X^2) = 3.161471e-06
INDE trace(X) = 4.700000e+01
INDE Checking stopping criterion...   
INDE e_i =1.445849e-06, C*e_{i-1}^q = 5.957304e-06
INDE Order of convergence = 2.202846, stop = 0
TIDE stopping_criterion took      0.00 usr cpu s       0.00 sys cpu s       0.00 wall s
TIDE Iteration 31 took      0.04 usr cpu s       0.20 sys cpu s       0.04 wall s
INDE     ITERATION 32 :
TIDE purify_X took      0.00 usr cpu s       0.00 sys cpu s       0.00 wall s
TIDE truncate_matrix took      0.00 usr cpu s       0.00 sys cpu s       0.00 wall s
INDE Actual introduced error   0.000000e+00 : nnz before  116964 <-> 100.00 % , nnz after  116964 <-> 100.00 %
TIDE square took      0.03 usr cpu s       0.08 sys cpu s       0.02 wall s
INDE NNZ Xsq = 116964 <-> 100.00 %
TIDE Frobenius norm of X-X^2 took      0.00 usr cpu s       0.00 sys cpu s       0.00 wall s
TIDE Mixed norm of X-X^2 took      0.00 usr cpu s       0.03 sys cpu s       0.01 wall s
TIDE Trace of X-X^2 took      0.00 usr cpu s       0.00 sys cpu s       0.00 wall s
INDE ||X-X^2||_F = 1.482635e-06 , ||X-X^2||_mixed = 1.479724e-06
INDE trace(X-X^2) = 1.803882e-06
INDE trace(X) = 4.700000e+01
INDE Checking stopping criterion...   
INDE Order of convergence cannot be computed
TIDE stopping_criterion took      0.00 usr cpu s       0.00 sys cpu s       0.00 wall s
TIDE Iteration 32 took      0.03 usr cpu s       0.12 sys cpu s       0.02 wall s
INDE     ITERATION 33 :
TIDE purify_X took      0.00 usr cpu s       0.01 sys cpu s       0.00 wall s
TIDE truncate_matrix took      0.00 usr cpu s       0.00 sys cpu s       0.00 wall s
INDE Actual introduced error   0.000000e+00 : nnz before  116964 <-> 100.00 % , nnz after  116964 <-> 100.00 %
TIDE square took      0.04 usr cpu s       0.14 sys cpu s       0.03 wall s
INDE NNZ Xsq = 116964 <-> 100.00 %
TIDE Frobenius norm of X-X^2 took      0.00 usr cpu s       0.00 sys cpu s       0.00 wall s
TIDE Mixed norm of X-X^2 took      0.00 usr cpu s       0.02 sys cpu s       0.00 wall s
TIDE Trace of X-X^2 took      0.00 usr cpu s       0.00 sys cpu s       0.00 wall s
INDE ||X-X^2||_F = 3.501193e-12 , ||X-X^2||_mixed = 3.420114e-12
INDE trace(X-X^2) = 5.805134e-12
INDE trace(X) = 4.700000e+01
INDE Checking stopping criterion...   
INDE e_i =3.420114e-12, C*e_{i-1}^q = 1.439755e-11
INDE Order of convergence = 2.106894, stop = 0
TIDE stopping_criterion took      0.00 usr cpu s       0.00 sys cpu s       0.00 wall s
TIDE Iteration 33 took      0.05 usr cpu s       0.17 sys cpu s       0.03 wall s
INDE     ITERATION 34 :
TIDE purify_X took      0.00 usr cpu s       0.00 sys cpu s       0.00 wall s
TIDE truncate_matrix took      0.00 usr cpu s       0.00 sys cpu s       0.00 wall s
INDE Actual introduced error   0.000000e+00 : nnz before  116964 <-> 100.00 % , nnz after  116964 <-> 100.00 %
TIDE square took      0.07 usr cpu s       0.18 sys cpu s       0.04 wall s
INDE NNZ Xsq = 116964 <-> 100.00 %
TIDE Frobenius norm of X-X^2 took      0.00 usr cpu s       0.00 sys cpu s       0.00 wall s
TIDE Mixed norm of X-X^2 took      0.00 usr cpu s       0.01 sys cpu s       0.00 wall s
TIDE Trace of X-X^2 took      0.00 usr cpu s       0.00 sys cpu s       0.00 wall s
INDE ||X-X^2||_F = 4.135100e-12 , ||X-X^2||_mixed = 4.134799e-12
INDE trace(X-X^2) = 4.391154e-12
INDE trace(X) = 4.700000e+01
INDE Checking stopping criterion...   
INDE e_i =4.134799e-12, C*e_{i-1}^q = 1.508010e-11
INDE Order of convergence = 2.096392, stop = 0
TIDE stopping_criterion took      0.00 usr cpu s       0.00 sys cpu s       0.00 wall s
TIDE Iteration 34 took      0.08 usr cpu s       0.20 sys cpu s       0.05 wall s
INDE     ITERATION 35 :
TIDE purify_X took      0.00 usr cpu s       0.00 sys cpu s       0.00 wall s
TIDE truncate_matrix took      0.00 usr cpu s       0.00 sys cpu s       0.00 wall s
INDE Actual introduced error   0.000000e+00 : nnz before  116964 <-> 100.00 % , nnz after  116964 <-> 100.00 %
TIDE square took      0.04 usr cpu s       0.09 sys cpu s       0.02 wall s
INDE NNZ Xsq = 116964 <-> 100.00 %
TIDE Frobenius norm of X-X^2 took      0.00 usr cpu s       0.00 sys cpu s       0.00 wall s
TIDE Mixed norm of X-X^2 took      0.00 usr cpu s       0.00 sys cpu s       0.00 wall s
TIDE Trace of X-X^2 took      0.00 usr cpu s       0.00 sys cpu s       0.00 wall s
INDE ||X-X^2||_F = 2.270489e-15 , ||X-X^2||_mixed = 0.000000e+00
INDE trace(X-X^2) = 0.000000e+00
INDE trace(X) = 4.700000e+01
INDE Checking stopping criterion...   
INDE ************************************************************************************************************
INDE The norm value went much below machine precision, therefore we stop here since n_max can be underestimated.
INDE ************************************************************************************************************
INDE e_i =0.000000e+00, C*e_{i-1}^q = 8.056083e-23
INDE Order of convergence = inf, stop = 1
TIDE stopping_criterion took      0.00 usr cpu s       0.00 sys cpu s       0.00 wall s
INDE PURIFICATION CONVERGED after 35 iterations
TIDE Iteration 35 took      0.05 usr cpu s       0.10 sys cpu s       0.02 wall s
INDE Number of non-zeros in D is  116964 <-> 100.00 %
TIDE FileWritable::writeAndReadAll took      0.00 usr cpu s       0.00 sys cpu s       0.00 wall s
INDE writeAndReadAll sizesStr: '0 MB (1 MatrixGeneral, 0 > 1 MB) + 0 MB (13 MatrixSymmetric, 0 > 1 MB) + 0 MB (2 VectorGeneral, 0 > 1 MB) = 0 MB (16 total, 0 > 1 MB)
INDE TOTAL accumulated subspace error is 0.000000e+00
INDE TOTAL X square time: 1.505568 wall s
INDE TOTAL X trunction time: 0.011776 wall s
INDE TOTAL X purify (exl. X^2 computation) time: 0.011591 wall s
INDE TOTAL time to get number of non-zero elements: 0.001930 wall s
INDE TOTAL time to get mixed norm: 0.207171 wall s
INDE TOTAL time to get Frobenius norm: 0.011381 wall s
INDE TOTAL time for stopping criterion: 0.001916 wall s
INDE TOTAL time to get matrix trace: 0.001174 wall s
INDE Estimated bounds for the eigenvalues for the Fock matrix:
INDE LUMO: [ 0.034393829615 , 0.077485701372 ]
INDE HOMO: [ -0.387108597755 , -0.349633509603 ]
TIDE eigenvalue_bounds_estimation() took      0.00 usr cpu s       0.00 sys cpu s       0.00 wall s
TIDE Recursive expansion took      2.07 usr cpu s       7.55 sys cpu s       1.86 wall s
TIDE Puri->PurificationStart() took      2.07 usr cpu s       7.55 sys cpu s       1.86 wall s
TIDE Accumulated wall times for writeToFile in PurificationStart()          : 0 s (MatrixGeneral) + 3.8e-06 s (MatrixSymmetric) + 0.00016 s (VectorGeneral) = 0.00017 s
TIDE Accumulated wall times for readFromFile in PurificationStart()         : 0 s (MatrixGeneral) + 0 s (MatrixSymmetric) + 5.4e-05 s (VectorGeneral) = 5.4e-05 s
TIDE Accumulated wall times for copy and assign in PurificationStart()      : 2.1e-06 s (MatrixSymmetric) + 0.00018 s (VectorGeneral) = 0.00018 s
INDE Number of calls to writeToFile in PurificationStart()                  : 2 (MatrixGeneral) + 27 (MatrixSymmetric) + 1504 (VectorGeneral) = 1533 
INDE Number of calls to readFromFile in PurificationStart()                 : 2 (MatrixGeneral) + 26 (MatrixSymmetric) + 597 (VectorGeneral) = 625 
INDE Number of calls to FileWritable copy and assign in PurificationStart() : 2 (MatrixSymmetric) + 37 (VectorGeneral) = 39 
TIDE mat::Gblas::time after purification :     8.519068
INDE Created .m files with results of the purification
INDE Purification converged OK, subspaceError <=          0.00000000000
INDE E(LUMO) - E(HOMO) >=          0.38402733922 =         10.44991630642 eV
INDE E(LUMO) - E(HOMO) <=          0.46459429913 =         12.64225498165 eV
INDE HOMO interval : [   -0.387108597755   -0.349633509603 ]
INDE LUMO interval : [    0.034393829615    0.077485701372 ]
INDE Trace of resulting density matrix is         47.00000000000, error is   0.00000000000000.
INDE Truncated D_ort ( mixed ), selected threshold = 9.99999e-08, returned error =          0, nnz before = 116964 <-> 100.0000 %, nnz after = 116964 <-> 100.0000 %
TIDE FileWritable::writeAndReadAll took      0.00 usr cpu s       0.00 sys cpu s       0.00 wall s
INDE writeAndReadAll sizesStr: '0 MB (1 MatrixGeneral, 0 > 1 MB) + 0 MB (12 MatrixSymmetric, 0 > 1 MB) + 0 MB (1 MatrixTriangular, 0 > 1 MB) = 0 MB (14 total, 0 > 1 MB)
TIDE D_w to non-orthogonal basis took      0.02 usr cpu s       0.13 sys cpu s       0.02 wall s
INDE Truncated D_S (eucl with Z), selected threshold = 9.99999e-08, returned error =          0, nnz before = 100.0000 %, nnz after = 100.0000 %
INDE get_dens_from_fock_sparse ending OK
TIDE get_dens_from_fock_sparse took      2.41 usr cpu s       8.98 sys cpu s       2.14 wall s
ERDE get_dens_from_fock  (GetDensFromFock class) : purification finished OK.
TIDE get_dens_from_fock took      2.41 usr cpu s       8.98 sys cpu s       2.14 wall s
INSC Matrix 'new density matrix' ( symm ): n =    342, nnz =       116964 <-> 100.00 %, mem usage  0.0005 G
INSC Tr( D * S ) =         93.99999999997
TISC get_new_density_matrix took      2.41 usr cpu s       8.98 sys cpu s       2.14 wall s
INSC SCF_restricted::report_density_difference, diff_eucl =          0.81573802247
TISC SCF_restricted::report_density_difference took      0.02 usr cpu s       0.06 sys cpu s       0.01 wall s
INMA ddf_writeShellListAndDensityMatricesToFile_sparse, n =    342, densityMatrixList[0].nvalues =       58653
INMA opened temporary file 'density.bin.eu4jOR' for writing
INMA Choosing matrixStorageType = MATRIX_STORAGE_TYPE_TRIANGLE.
INMA fileSize =          560392 bytes =      0.560 MegaBytes
INMA renamed file 'density.bin.eu4jOR' to 'density.bin'
INMA ddf_writeShellListAndDensityMatricesToFile_sparse freeing buffer.
INMA ddf_writeShellListAndDensityMatricesToFile_sparse returning OK.
TISC write_density_to_file took      0.01 usr cpu s       0.05 sys cpu s       0.01 wall s
INSC Creating mtx file for Fock matrix
INSC Creating mtx file for density matrix
INSC SCF cycle   3 finished.
TISC SCF cycle   3 took   1006.36 usr cpu s      12.49 sys cpu s     169.88 wall s
INSC Beginning of SCF cycle 4:  Thu Dec 18 15:55:49 2025
INDE compute_J_by_boxes_sparse() start.
TIDE FileWritable::writeAndReadAll took      0.00 usr cpu s       0.00 sys cpu s       0.00 wall s
INDE writeAndReadAll: '0 MB (1 MatrixGeneral, 0 > 1 MB) + 0 MB (11 MatrixSymmetric, 0 > 1 MB) = 0 MB (12 total, 0 > 1 MB)
IN   compute_J_by_boxes_sparse, maxDensityMatrixElement =         22.31401937197
ININ get_basis_func_pair_list, n =    342
ININ create_box_system end OK, toplevelBoxSize:   7.0, #levels:  3, #boxes at top level:      6
TIIN get_basis_func_pair_list_2el took      0.18 usr cpu s       0.00 sys cpu s       0.18 wall s
IN   compute_J_by_boxes_sparse: noOfBasisFuncIndexPairs = 52605 ==> storing  44.98 % of a full matrix
ININ entering compute_J_by_boxes_linear, no of basis funcs =   342, threshold_J =   1e-12
ININ use_fmm = 1, fmm_box_size =   5.00
TIIN Compute extent for all distrs took      0.49 usr cpu s       0.00 sys cpu s       0.49 wall s
ININ extent_min =    0.000, extent_max =   19.778
ININ Creating list of distributions etc done, distrCount =    353695
TIIN Creating list of distributions etc took      0.72 usr cpu s       0.02 sys cpu s       0.74 wall s
ININ create_box_system end OK, toplevelBoxSize:   5.0, #levels:  3, #boxes at top level:     10
TIIN Creating boxes took      0.04 usr cpu s       0.01 sys cpu s       0.05 wall s
ININ noOfBranches = 5, splitters:  10.00  5.00  2.50  0.00
ININ J org done, groupCount =    15566
TIIN J org took      1.71 usr cpu s       0.00 sys cpu s       1.71 wall s
TIIN Generate group multipoles took      0.70 usr cpu s       0.00 sys cpu s       0.70 wall s
ININ totChargeWholeSystem =          0.00000000000
ININ Generating multipole for each branch at top level, MAX_MULTIPOLE_DEGREE = 15
TIIN Translate multipoles (step 1) took      0.48 usr cpu s       0.00 sys cpu s       0.48 wall s
TIIN Translate multipoles (step 2) took      0.09 usr cpu s       0.00 sys cpu s       0.09 wall s
ININ job lists for J created OK, noOfJobs_J_standard =     1255, noOfJobs_J_multipole =       40
TIIN Creating job lists for J took      0.00 usr cpu s       0.00 sys cpu s       0.00 wall s
ININ execute_joblist_J_std_threaded, noOfThreads =  8
ININ 8 threads started OK.
ININ all 8 threads have finished.
TIIN execute_joblist_J_std_threaded took    234.46 usr cpu s       0.64 sys cpu s      43.37 wall s
TIIN sort_list_of_multipole_jobs init part took      0.00 usr cpu s       0.00 sys cpu s       0.00 wall s
TIIN sort_list_of_multipole_jobs complete took      0.00 usr cpu s       0.00 sys cpu s       0.00 wall s
TIIN sort_list_of_multipole_jobs took      0.00 usr cpu s       0.00 sys cpu s       0.00 wall s
ININ execute_joblist_J_fmm_shared: Allocating multipoleList_4, maxnoOfMinimalDistrsPerBoxBranch =     65422
ININ execute_joblist_J_fmm_shared: jobIndexLo =            0, jobIndexHi =            5
ININ execute_joblist_J_fmm_shared: Allocating multipoleList_4, maxnoOfMinimalDistrsPerBoxBranch =     65422
ININ execute_joblist_J_fmm_shared: jobIndexLo =            5, jobIndexHi =           10
ININ execute_joblist_J_fmm_shared: Allocating multipoleList_4, maxnoOfMinimalDistrsPerBoxBranch =     65422
ININ execute_joblist_J_fmm_shared: jobIndexLo =           10, jobIndexHi =           15
ININ execute_joblist_J_fmm_shared: Allocating multipoleList_4, maxnoOfMinimalDistrsPerBoxBranch =     65422
ININ execute_joblist_J_fmm_shared: jobIndexLo =           15, jobIndexHi =           20
ININ execute_joblist_J_fmm_shared: Allocating multipoleList_4, maxnoOfMinimalDistrsPerBoxBranch =     65422
ININ execute_joblist_J_fmm_shared: jobIndexLo =           20, jobIndexHi =           25
ININ execute_joblist_J_fmm_shared: Allocating multipoleList_4, maxnoOfMinimalDistrsPerBoxBranch =     65422
ININ execute_joblist_J_fmm_shared: jobIndexLo =           25, jobIndexHi =           30
ININ execute_joblist_J_fmm_shared: Allocating multipoleList_4, maxnoOfMinimalDistrsPerBoxBranch =     65422
ININ execute_joblist_J_fmm_shared: jobIndexLo =           30, jobIndexHi =           35
ININ execute_joblist_J_fmm_shared: Allocating multipoleList_4, maxnoOfMinimalDistrsPerBoxBranch =     65422
ININ execute_joblist_J_fmm_shared: jobIndexLo =           35, jobIndexHi =           40
ININ execute_joblist_J_fmm_shared: done!
ININ execute_joblist_J_fmm_shared: done!
ININ execute_joblist_J_fmm_shared: done!
ININ execute_joblist_J_fmm_shared: done!
ININ execute_joblist_J_fmm_shared: done!
ININ execute_joblist_J_fmm_shared: done!
ININ execute_joblist_J_fmm_shared: done!
ININ execute_joblist_J_fmm_shared: done!
ININ multipole job list for J executed, largest L used: 12
TIIN Executing multipole job list for J took      0.37 usr cpu s       0.00 sys cpu s       0.17 wall s
ININ compute_J_by_boxes_linear ending OK.
TIIN compute_J_by_boxes_linear took    238.58 usr cpu s       0.67 sys cpu s      47.33 wall s
TI   compute_J_by_boxes_sparse total took    238.77 usr cpu s       0.67 sys cpu s      47.53 wall s
ININ entering create_CSR_for_K, no of basis funcs =   342, threshold_K =   1e-12
ININ create_box_system end OK, toplevelBoxSize:   7.0, #levels:  3, #boxes at top level:      6
ININ create_box_system end OK, toplevelBoxSize:   7.0, #levels:  3, #boxes at top level:      6
ININ create_box_system end OK, toplevelBoxSize:   7.0, #levels:  3, #boxes at top level:      6
TIIN create_CSR_for_K getting list of distrs took      0.46 usr cpu s       0.02 sys cpu s       0.48 wall s
ININ list of neighbors complete.
TIIN create_CSR_for_K getting list of neighbors took      0.00 usr cpu s       0.00 sys cpu s       0.00 wall s
TIIN create_CSR_for_K sort each list of neighbors took      0.06 usr cpu s       0.00 sys cpu s       0.06 wall s
ININ 8 threads started OK.
TIIN identify_needed_elements() took    582.86 usr cpu s       0.76 sys cpu s      77.72 wall s
ININ computing nnz..
ININ create_CSR_for_K: predicted nnz =        58653, <->  50.15% of a full matrix
TIIN create_CSR_for_K last part took      0.00 usr cpu s       0.00 sys cpu s       0.00 wall s
TIIN create_CSR_for_K total took    583.39 usr cpu s       0.78 sys cpu s      78.27 wall s
ININ entering compute_K_by_boxes, no of basis funcs =   342, threshold_K =   1e-12, exchange_box_size =   5.00
ININ create_box_system end OK, toplevelBoxSize:   7.0, #levels:  3, #boxes at top level:      6
ININ create_box_system end OK, toplevelBoxSize:   7.0, #levels:  3, #boxes at top level:      6
ININ create_box_system end OK, toplevelBoxSize:   7.0, #levels:  3, #boxes at top level:      6
TIIN Compute extent for all distrs took      0.46 usr cpu s       0.00 sys cpu s       0.46 wall s
ININ Creating list of distributions done, distrCountTot =    353695
TIIN Creating list of distributions took      0.74 usr cpu s       0.00 sys cpu s       0.74 wall s
ININ create_box_system end OK, toplevelBoxSize:   5.0, #levels:  3, #boxes at top level:     10
ININ create_box_system end OK, toplevelBoxSize:   2.5, #levels:  4, #boxes at top level:     16
ININ noOfLevelsBasisFuncs = 4, noOfLevelsDiff = 1
TIIN Creating boxes etc took      0.04 usr cpu s       0.00 sys cpu s       0.04 wall s
TIIN getting multipoleNormVectorList took      0.72 usr cpu s       0.00 sys cpu s       0.72 wall s
TIIN K organize_distributions for all boxes took      1.94 usr cpu s       0.02 sys cpu s       1.96 wall s
ININ starting loop to setup basisFuncGroupInfoList, with added index checks.
TIIN GetLimitsAllLevels took      0.31 usr cpu s       0.00 sys cpu s       0.31 wall s
ININ getDmatLimitMatrixCSRList start.
TIIN getting densityMatrixLimitMatrixList took      0.02 usr cpu s       0.00 sys cpu s       0.02 wall s
ININ job list for K created,       55 jobs
TIIN creating job list for K took      0.00 usr cpu s       0.00 sys cpu s       0.00 wall s
ININ execute_joblist_K_threaded, noOfThreads =  8, basisFuncListCount_max =   325
ININ 8 threads started OK.
ININ all 8 threads have finished, took       34 wall s.
TIIN Executing job list for K took    151.03 usr cpu s       0.08 sys cpu s      33.64 wall s
TIIN compute_K_by_boxes took    154.80 usr cpu s       0.10 sys cpu s      37.44 wall s
TI   compute_K_by_boxes_sparse total took    738.23 usr cpu s       0.89 sys cpu s     115.74 wall s
INSC About to truncate FockMatrix, gap of Fprev >=          0.38402733922
TISC symmMatrix::mixed_diff for F vs Fprev maxEigValMovement_mixed took      0.00 usr cpu s       0.00 sys cpu s       0.00 wall s
TISC symmMatrix::eucl_diff for maxEigValMovement_eucl  took      0.03 usr cpu s       0.11 sys cpu s       0.02 wall s
INSC maxEigValMovement_frob  =          0.02813063175
INSC maxEigValMovement_mixed =          0.02275041967
INSC maxEigValMovement_eucl  =          0.01278724020
TISC FockMatrix.eucl_thresh() (with Z) took      0.12 usr cpu s       0.36 sys cpu s       0.08 wall s
INSC Truncated FockMatrix (eucl with Z), selected threshold = 3.58453e-08, returned error =          0, nnz before = 100.0000 %, nnz after = 100.0000 %
INSC Matrix 'S' ( symm ): n =    342, nnz =       116964 <-> 100.00 %, mem usage  0.0005 G
INSC Matrix 'F' ( symm ): n =    342, nnz =       116964 <-> 100.00 %, mem usage  0.0005 G
INSC Matrix 'D' ( symm ): n =    342, nnz =       116964 <-> 100.00 %, mem usage  0.0005 G
INSC nuclearEnergy, energy_2el, energy = 782.160484, 1007.260626, -645.112834
INSC Energy   4 =       -645.11283421144  ( diff     -0.000062669273120 )
INSC calling compute_FDSminusSDF_sparse, n = 342
INDE compute_FDSminusSDF_sparse() start.
TIDE FileWritable::writeAndReadAll took      0.00 usr cpu s       0.00 sys cpu s       0.00 wall s
INDE writeAndReadAll: '0 MB (1 MatrixGeneral, 0 > 1 MB) + 0 MB (9 MatrixSymmetric, 0 > 1 MB) = 0 MB (10 total, 0 > 1 MB)
TISC compute_FDSminusSDF_sparse, F*D mult took      0.05 usr cpu s       0.06 sys cpu s       0.02 wall s
INSC Matrix 'FD before eucl truncation' (normal): n =    342, nnz =       116964 <-> 100.00 %, mem usage  0.0009 G
INSC Matrix 'FD after  eucl truncation' (normal): n =    342, nnz =       116964 <-> 100.00 %, mem usage  0.0009 G
INSC Matrix 'FDS before eucl truncation' (normal): n =    342, nnz =       116964 <-> 100.00 %, mem usage  0.0009 G
INSC Matrix 'FDS after  eucl truncation' (normal): n =    342, nnz =       116964 <-> 100.00 %, mem usage  0.0009 G
INSC compute_FDSminusSDF_sparse ending OK.
TISC compute_FDSminusSDF_sparse took      0.13 usr cpu s       0.26 sys cpu s       0.05 wall s
INSC Matrix 'FDS-SDF' (normal): n =    342, nnz =       116964 <-> 100.00 %, mem usage  0.0009 G
INSC SCF_restricted::get_FDSminusSDF finished.
TISC get_FDSminusSDF took      0.13 usr cpu s       0.26 sys cpu s       0.05 wall s
INSC maxabs FDS-SDF is  0.00167
INSC frob   FDS-SDF is    0.016
TISC get_error_measure took      0.00 usr cpu s       0.01 sys cpu s       0.00 wall s
INSC entering DIISManagerRestricted::AddIterationToList, IterCount =  3
INSC DIISManagerRestricted::AddIterationToList ending OK.
TISC DIISManagerRestricted::AddIterationToList took      0.00 usr cpu s       0.01 sys cpu s       0.00 wall s
INSC using DIIS to get combined Fock matrix, number of iters used for DIIS:  4
TISC clear_error_matrices took      0.00 usr cpu s       0.00 sys cpu s       0.00 wall s
TISC save_current_fock_as_fprev took      0.00 usr cpu s       0.00 sys cpu s       0.00 wall s
INDE get_dens_from_fock_general, n = 342, use_diagonalization = 0, use_diag_on_error = 1
INDE Before writeAndReadAll(): AllocatorManager statistics:  noOfRealsPerBuffer: 1024 noOfBuffers: 20000 list.size(): 1. Allocated: 0.164 GB, Used: 0.0105 GB, Peak alloc: 0.164 GB.
TIDE FileWritable::writeAndReadAll took      0.00 usr cpu s       0.00 sys cpu s       0.00 wall s
INDE writeAndReadAll sizesStr: '0 MB (1 MatrixGeneral, 0 > 1 MB) + 0 MB (7 MatrixSymmetric, 0 > 1 MB) = 0 MB (8 total, 0 > 1 MB)
INDE After writeAndReadAll(): AllocatorManager statistics:  noOfRealsPerBuffer: 1024 noOfBuffers: 20000 list.size(): 1. Allocated: 0.164 GB, Used: 0.0105 GB, Peak alloc: 0.164 GB.
INDE calling get_dens_from_fock_sparse, n =    342, subspaceErrorLimit = 1e-06
INDE get_dens_from_fock_sparse() start!
INDE After F.readFromFile(): AllocatorManager statistics:  noOfRealsPerBuffer: 1024 noOfBuffers: 20000 list.size(): 1. Allocated: 0.164 GB, Used: 0.0105 GB, Peak alloc: 0.164 GB.
INDE After creating wrapper MatrixType F_w(F): AllocatorManager statistics:  noOfRealsPerBuffer: 1024 noOfBuffers: 20000 list.size(): 1. Allocated: 0.164 GB, Used: 0.0109 GB, Peak alloc: 0.164 GB.
TIDE  F_w to orthogonal basis took      0.01 usr cpu s       0.06 sys cpu s       0.01 wall s
TIDE MatrixType::mixed_diff for maxEigValMovement_mixed took      0.01 usr cpu s       0.01 sys cpu s       0.00 wall s
TIDE symmMatrixWrap::eucl_diff for maxEigValMovement_eucl  took      0.08 usr cpu s       0.33 sys cpu s       0.05 wall s
INDE maxEigValMovement_frob  =          0.01244165235
INDE maxEigValMovement_mixed =          0.00874422770
INDE maxEigValMovement_eucl  =          0.00380729317
INDE lumo before truncation: [ 0.030586536442 , 0.081292994545 ]
INDE homo before truncation: [ -0.390915890928 , -0.345826216430 ]
INDE Truncate matrix F and update intervals for homo and lumo.
INDE Truncating F_ort ( mixed ), selected threshold = 3.76413e-08
INDE Truncated F_ort ( mixed ), selected threshold = 3.76413e-08, returned error =          0, nnz before = 100.0000 %, nnz after = 100.0000 %
TIDE Truncation of F_ort took      0.00 usr cpu s       0.00 sys cpu s       0.00 wall s
INDE Chosen Ergo Wrapper
INDE Creating purification object: N = 342 , nocc = 47 , NNZ = 116964  <-> 100.00000 %
INDE Chosen norm for the truncation: 
INDE mixed
INDE Chosen norm for the stopping criterion: 
INDE mixed
INDE Chosen the NEW stopping criterion.
INDE Allowed error in subspace 7.000000e-07
INDE Chosen SP2 purification method
INDE calling Puri->PurificationStart(), number of threads = 1, trunc norm 'mixed'
TIDE gershgorin took      0.00 usr cpu s       0.01 sys cpu s       0.00 wall s
INDE Gershgorin bounds: [ -59.820533611985 , 100.436227743734 ]
INDE EXPANDED Gershgorin bounds: [ -59.820533626887 , 100.436227758635 ]
INDE Trying to impove bounds using Lanczos algorithm...
TIDE compute_spectrum_bounds took      0.08 usr cpu s       0.37 sys cpu s       0.07 wall s
INDE Spectrum of F: 	 [ -20.624457123046 , 51.715313043246 ]
INDE Transform homo and lumo bounds...
INDE HOMO bounds of X: 	 [ 0.719675209639 , 0.720298513728 ]
INDE LUMO bounds of X: 	 [ 0.713770861174 , 0.714471809739 ]
INDE INIT LUMO: [ 0.713770861174 , 0.714471809739 ]
INDE INIT HOMO: [ 0.279701486272 , 0.280324790361 ]
INDE ESTIMATED NUMBER OF ITERATIONS IS 35
INDE Put eigenvalues of F to the interval [0,1] in reverse order.
TIDE compute_X() took      0.00 usr cpu s       0.00 sys cpu s       0.00 wall s
TIDE prepare_to_purification() took      0.08 usr cpu s       0.38 sys cpu s       0.07 wall s
INDE (EIGV,PARAMS) Requested 0 occipied eigenpair(s).
INDE (EIGV,PARAMS) Requested 0 unoccipied eigenpair(s).
TIDE prepare_to_purification_eigenvectors() took      0.00 usr cpu s       0.00 sys cpu s       0.00 wall s
INDE Starting recursive expansion
INDE     BEFORE ITERATIONS:
TIDE truncate_matrix took      0.00 usr cpu s       0.00 sys cpu s       0.00 wall s
INDE Actual introduced error   0.000000e+00 : nnz before  116964 <-> 100.00 % , nnz after  116964 <-> 100.00 %
TIDE square took      0.02 usr cpu s       0.03 sys cpu s       0.01 wall s
INDE NNZ Xsq = 116964 <-> 100.00 %
TIDE Frobenius norm of X-X^2 took      0.00 usr cpu s       0.00 sys cpu s       0.00 wall s
TIDE Mixed norm of X-X^2 took      0.01 usr cpu s       0.01 sys cpu s       0.00 wall s
TIDE Trace of X-X^2 took      0.00 usr cpu s       0.00 sys cpu s       0.00 wall s
INDE ||X-X^2||_F = 3.851980e+00 , ||X-X^2||_mixed = 1.286045e+00
INDE trace(X-X^2) = 7.012889e+01
INDE trace(X) = 2.342473e+02
TIDE Iteration 0 took      0.03 usr cpu s       0.05 sys cpu s       0.01 wall s
TIDE FileWritable::writeAndReadAll took      0.00 usr cpu s       0.00 sys cpu s       0.00 wall s
INDE writeAndReadAll sizesStr: '0 MB (1 MatrixGeneral, 0 > 1 MB) + 0 MB (13 MatrixSymmetric, 0 > 1 MB) + 0 MB (2 VectorGeneral, 0 > 1 MB) = 0 MB (16 total, 0 > 1 MB)
INDE     ITERATION 1 :
TIDE purify_X took      0.00 usr cpu s       0.00 sys cpu s       0.00 wall s
TIDE truncate_matrix took      0.00 usr cpu s       0.00 sys cpu s       0.00 wall s
INDE Actual introduced error   0.000000e+00 : nnz before  116964 <-> 100.00 % , nnz after  116964 <-> 100.00 %
TIDE square took      0.02 usr cpu s       0.04 sys cpu s       0.01 wall s
INDE NNZ Xsq = 116964 <-> 100.00 %
TIDE Frobenius norm of X-X^2 took      0.00 usr cpu s       0.00 sys cpu s       0.00 wall s
TIDE Mixed norm of X-X^2 took      0.00 usr cpu s       0.02 sys cpu s       0.00 wall s
TIDE Trace of X-X^2 took      0.00 usr cpu s       0.00 sys cpu s       0.00 wall s
INDE ||X-X^2||_F = 4.467941e+00 , ||X-X^2||_mixed = 1.460682e+00
INDE trace(X-X^2) = 8.127625e+01
INDE trace(X) = 1.641185e+02
TIDE Iteration 1 took      0.03 usr cpu s       0.06 sys cpu s       0.01 wall s
INDE     ITERATION 2 :
TIDE purify_X took      0.00 usr cpu s       0.00 sys cpu s       0.00 wall s
TIDE truncate_matrix took      0.00 usr cpu s       0.00 sys cpu s       0.00 wall s
INDE Actual introduced error   0.000000e+00 : nnz before  116964 <-> 100.00 % , nnz after  116964 <-> 100.00 %
TIDE square took      0.01 usr cpu s       0.04 sys cpu s       0.01 wall s
INDE NNZ Xsq = 116964 <-> 100.00 %
TIDE Frobenius norm of X-X^2 took      0.00 usr cpu s       0.00 sys cpu s       0.00 wall s
TIDE Mixed norm of X-X^2 took      0.00 usr cpu s       0.02 sys cpu s       0.00 wall s
TIDE Trace of X-X^2 took      0.00 usr cpu s       0.00 sys cpu s       0.00 wall s
INDE ||X-X^2||_F = 3.254758e+00 , ||X-X^2||_mixed = 1.135645e+00
INDE trace(X-X^2) = 5.849124e+01
INDE trace(X) = 8.284221e+01
INDE Checking stopping criterion...   
INDE Order of convergence cannot be computed
TIDE stopping_criterion took      0.00 usr cpu s       0.00 sys cpu s       0.00 wall s
TIDE Iteration 2 took      0.02 usr cpu s       0.07 sys cpu s       0.01 wall s
INDE     ITERATION 3 :
TIDE purify_X took      0.00 usr cpu s       0.00 sys cpu s       0.00 wall s
TIDE truncate_matrix took      0.00 usr cpu s       0.00 sys cpu s       0.00 wall s
INDE Actual introduced error   0.000000e+00 : nnz before  116964 <-> 100.00 % , nnz after  116964 <-> 100.00 %
TIDE square took      0.02 usr cpu s       0.04 sys cpu s       0.01 wall s
INDE NNZ Xsq = 116964 <-> 100.00 %
TIDE Frobenius norm of X-X^2 took      0.00 usr cpu s       0.00 sys cpu s       0.00 wall s
TIDE Mixed norm of X-X^2 took      0.00 usr cpu s       0.02 sys cpu s       0.00 wall s
TIDE Trace of X-X^2 took      0.00 usr cpu s       0.00 sys cpu s       0.00 wall s
INDE ||X-X^2||_F = 4.290411e+00 , ||X-X^2||_mixed = 1.444694e+00
INDE trace(X-X^2) = 7.741667e+01
INDE trace(X) = 1.413334e+02
INDE Checking stopping criterion...   
INDE Order of convergence cannot be computed
TIDE stopping_criterion took      0.00 usr cpu s       0.00 sys cpu s       0.00 wall s
TIDE Iteration 3 took      0.02 usr cpu s       0.07 sys cpu s       0.01 wall s
INDE     ITERATION 4 :
TIDE purify_X took      0.00 usr cpu s       0.00 sys cpu s       0.00 wall s
TIDE truncate_matrix took      0.00 usr cpu s       0.00 sys cpu s       0.00 wall s
INDE Actual introduced error   0.000000e+00 : nnz before  116964 <-> 100.00 % , nnz after  116964 <-> 100.00 %
TIDE square took      0.02 usr cpu s       0.04 sys cpu s       0.01 wall s
INDE NNZ Xsq = 116964 <-> 100.00 %
TIDE Frobenius norm of X-X^2 took      0.00 usr cpu s       0.00 sys cpu s       0.00 wall s
TIDE Mixed norm of X-X^2 took      0.00 usr cpu s       0.02 sys cpu s       0.00 wall s
TIDE Trace of X-X^2 took      0.00 usr cpu s       0.00 sys cpu s       0.00 wall s
INDE ||X-X^2||_F = 4.003223e+00 , ||X-X^2||_mixed = 1.405971e+00
INDE trace(X-X^2) = 7.177803e+01
INDE trace(X) = 2.187501e+02
INDE Checking stopping criterion...   
INDE Order of convergence cannot be computed
TIDE stopping_criterion took      0.00 usr cpu s       0.00 sys cpu s       0.00 wall s
TIDE Iteration 4 took      0.02 usr cpu s       0.06 sys cpu s       0.01 wall s
INDE     ITERATION 5 :
TIDE purify_X took      0.00 usr cpu s       0.00 sys cpu s       0.00 wall s
TIDE truncate_matrix took      0.00 usr cpu s       0.00 sys cpu s       0.00 wall s
INDE Actual introduced error   0.000000e+00 : nnz before  116964 <-> 100.00 % , nnz after  116964 <-> 100.00 %
TIDE square took      0.01 usr cpu s       0.04 sys cpu s       0.01 wall s
INDE NNZ Xsq = 116964 <-> 100.00 %
TIDE Frobenius norm of X-X^2 took      0.00 usr cpu s       0.00 sys cpu s       0.00 wall s
TIDE Mixed norm of X-X^2 took      0.00 usr cpu s       0.02 sys cpu s       0.00 wall s
TIDE Trace of X-X^2 took      0.00 usr cpu s       0.00 sys cpu s       0.00 wall s
INDE ||X-X^2||_F = 4.268913e+00 , ||X-X^2||_mixed = 1.493215e+00
INDE trace(X-X^2) = 7.626176e+01
INDE trace(X) = 1.469721e+02
INDE Checking stopping criterion...   
INDE Order of convergence cannot be computed
TIDE stopping_criterion took      0.00 usr cpu s       0.00 sys cpu s       0.00 wall s
TIDE Iteration 5 took      0.02 usr cpu s       0.06 sys cpu s       0.01 wall s
INDE     ITERATION 6 :
TIDE purify_X took      0.00 usr cpu s       0.00 sys cpu s       0.00 wall s
TIDE truncate_matrix took      0.00 usr cpu s       0.00 sys cpu s       0.00 wall s
INDE Actual introduced error   0.000000e+00 : nnz before  116964 <-> 100.00 % , nnz after  116964 <-> 100.00 %
TIDE square took      0.02 usr cpu s       0.03 sys cpu s       0.01 wall s
INDE NNZ Xsq = 116964 <-> 100.00 %
TIDE Frobenius norm of X-X^2 took      0.00 usr cpu s       0.00 sys cpu s       0.00 wall s
TIDE Mixed norm of X-X^2 took      0.00 usr cpu s       0.02 sys cpu s       0.00 wall s
TIDE Trace of X-X^2 took      0.00 usr cpu s       0.00 sys cpu s       0.00 wall s
INDE ||X-X^2||_F = 2.734364e+00 , ||X-X^2||_mixed = 1.096838e+00
INDE trace(X-X^2) = 4.779847e+01
INDE trace(X) = 7.071033e+01
INDE Checking stopping criterion...   
INDE Order of convergence cannot be computed
TIDE stopping_criterion took      0.00 usr cpu s       0.00 sys cpu s       0.00 wall s
TIDE Iteration 6 took      0.03 usr cpu s       0.06 sys cpu s       0.01 wall s
INDE     ITERATION 7 :
TIDE purify_X took      0.00 usr cpu s       0.00 sys cpu s       0.00 wall s
TIDE truncate_matrix took      0.00 usr cpu s       0.00 sys cpu s       0.00 wall s
INDE Actual introduced error   0.000000e+00 : nnz before  116964 <-> 100.00 % , nnz after  116964 <-> 100.00 %
TIDE square took      0.01 usr cpu s       0.04 sys cpu s       0.01 wall s
INDE NNZ Xsq = 116964 <-> 100.00 %
TIDE Frobenius norm of X-X^2 took      0.00 usr cpu s       0.00 sys cpu s       0.00 wall s
TIDE Mixed norm of X-X^2 took      0.00 usr cpu s       0.02 sys cpu s       0.00 wall s
TIDE Trace of X-X^2 took      0.00 usr cpu s       0.00 sys cpu s       0.00 wall s
INDE ||X-X^2||_F = 3.850916e+00 , ||X-X^2||_mixed = 1.464433e+00
INDE trace(X-X^2) = 6.764192e+01
INDE trace(X) = 1.185088e+02
INDE Checking stopping criterion...   
INDE Order of convergence cannot be computed
TIDE stopping_criterion took      0.00 usr cpu s       0.00 sys cpu s       0.00 wall s
TIDE Iteration 7 took      0.02 usr cpu s       0.07 sys cpu s       0.01 wall s
INDE     ITERATION 8 :
TIDE purify_X took      0.00 usr cpu s       0.00 sys cpu s       0.00 wall s
TIDE truncate_matrix took      0.00 usr cpu s       0.00 sys cpu s       0.00 wall s
INDE Actual introduced error   0.000000e+00 : nnz before  116964 <-> 100.00 % , nnz after  116964 <-> 100.00 %
TIDE square took      0.02 usr cpu s       0.04 sys cpu s       0.01 wall s
INDE NNZ Xsq = 116964 <-> 100.00 %
TIDE Frobenius norm of X-X^2 took      0.00 usr cpu s       0.00 sys cpu s       0.00 wall s
TIDE Mixed norm of X-X^2 took      0.00 usr cpu s       0.02 sys cpu s       0.00 wall s
TIDE Trace of X-X^2 took      0.00 usr cpu s       0.00 sys cpu s       0.00 wall s
INDE ||X-X^2||_F = 4.120429e+00 , ||X-X^2||_mixed = 1.498151e+00
INDE trace(X-X^2) = 7.299830e+01
INDE trace(X) = 1.861507e+02
INDE Checking stopping criterion...   
INDE Order of convergence cannot be computed
TIDE stopping_criterion took      0.00 usr cpu s       0.00 sys cpu s       0.00 wall s
TIDE Iteration 8 took      0.03 usr cpu s       0.06 sys cpu s       0.01 wall s
INDE     ITERATION 9 :
TIDE purify_X took      0.00 usr cpu s       0.00 sys cpu s       0.00 wall s
TIDE truncate_matrix took      0.00 usr cpu s       0.00 sys cpu s       0.00 wall s
INDE Actual introduced error   0.000000e+00 : nnz before  116964 <-> 100.00 % , nnz after  116964 <-> 100.00 %
TIDE square took      0.02 usr cpu s       0.04 sys cpu s       0.01 wall s
INDE NNZ Xsq = 116964 <-> 100.00 %
TIDE Frobenius norm of X-X^2 took      0.00 usr cpu s       0.00 sys cpu s       0.00 wall s
TIDE Mixed norm of X-X^2 took      0.01 usr cpu s       0.01 sys cpu s       0.00 wall s
TIDE Trace of X-X^2 took      0.00 usr cpu s       0.00 sys cpu s       0.00 wall s
INDE ||X-X^2||_F = 3.665847e+00 , ||X-X^2||_mixed = 1.504913e+00
INDE trace(X-X^2) = 6.284652e+01
INDE trace(X) = 1.131524e+02
INDE Checking stopping criterion...   
INDE Order of convergence cannot be computed
TIDE stopping_criterion took      0.00 usr cpu s       0.00 sys cpu s       0.00 wall s
TIDE Iteration 9 took      0.03 usr cpu s       0.05 sys cpu s       0.01 wall s
INDE     ITERATION 10 :
TIDE purify_X took      0.00 usr cpu s       0.01 sys cpu s       0.00 wall s
TIDE truncate_matrix took      0.00 usr cpu s       0.00 sys cpu s       0.00 wall s
INDE Actual introduced error   0.000000e+00 : nnz before  116964 <-> 100.00 % , nnz after  116964 <-> 100.00 %
TIDE square took      0.01 usr cpu s       0.04 sys cpu s       0.01 wall s
INDE NNZ Xsq = 116964 <-> 100.00 %
TIDE Frobenius norm of X-X^2 took      0.00 usr cpu s       0.00 sys cpu s       0.00 wall s
TIDE Mixed norm of X-X^2 took      0.01 usr cpu s       0.01 sys cpu s       0.00 wall s
TIDE Trace of X-X^2 took      0.00 usr cpu s       0.00 sys cpu s       0.00 wall s
INDE ||X-X^2||_F = 3.888139e+00 , ||X-X^2||_mixed = 1.520328e+00
INDE trace(X-X^2) = 6.812211e+01
INDE trace(X) = 1.759989e+02
INDE Checking stopping criterion...   
INDE Order of convergence cannot be computed
TIDE stopping_criterion took      0.00 usr cpu s       0.00 sys cpu s       0.00 wall s
TIDE Iteration 10 took      0.02 usr cpu s       0.06 sys cpu s       0.01 wall s
INDE     ITERATION 11 :
TIDE purify_X took      0.00 usr cpu s       0.00 sys cpu s       0.00 wall s
TIDE truncate_matrix took      0.00 usr cpu s       0.00 sys cpu s       0.00 wall s
INDE Actual introduced error   0.000000e+00 : nnz before  116964 <-> 100.00 % , nnz after  116964 <-> 100.00 %
TIDE square took      0.02 usr cpu s       0.04 sys cpu s       0.01 wall s
INDE NNZ Xsq = 116964 <-> 100.00 %
TIDE Frobenius norm of X-X^2 took      0.00 usr cpu s       0.00 sys cpu s       0.00 wall s
TIDE Mixed norm of X-X^2 took      0.00 usr cpu s       0.02 sys cpu s       0.00 wall s
TIDE Trace of X-X^2 took      0.00 usr cpu s       0.00 sys cpu s       0.00 wall s
INDE ||X-X^2||_F = 3.436324e+00 , ||X-X^2||_mixed = 1.550253e+00
INDE trace(X-X^2) = 5.635108e+01
INDE trace(X) = 1.078768e+02
INDE Checking stopping criterion...   
INDE Order of convergence cannot be computed
TIDE stopping_criterion took      0.00 usr cpu s       0.00 sys cpu s       0.00 wall s
TIDE Iteration 11 took      0.02 usr cpu s       0.06 sys cpu s       0.01 wall s
INDE     ITERATION 12 :
TIDE purify_X took      0.00 usr cpu s       0.00 sys cpu s       0.00 wall s
TIDE truncate_matrix took      0.00 usr cpu s       0.00 sys cpu s       0.00 wall s
INDE Actual introduced error   0.000000e+00 : nnz before  116964 <-> 100.00 % , nnz after  116964 <-> 100.00 %
TIDE square took      0.02 usr cpu s       0.03 sys cpu s       0.01 wall s
INDE NNZ Xsq = 116964 <-> 100.00 %
TIDE Frobenius norm of X-X^2 took      0.00 usr cpu s       0.00 sys cpu s       0.00 wall s
TIDE Mixed norm of X-X^2 took      0.00 usr cpu s       0.02 sys cpu s       0.00 wall s
TIDE Trace of X-X^2 took      0.00 usr cpu s       0.00 sys cpu s       0.00 wall s
INDE ||X-X^2||_F = 2.134359e+00 , ||X-X^2||_mixed = 1.203980e+00
INDE trace(X-X^2) = 2.958653e+01
INDE trace(X) = 5.152575e+01
INDE Checking stopping criterion...   
INDE Order of convergence cannot be computed
TIDE stopping_criterion took      0.00 usr cpu s       0.00 sys cpu s       0.00 wall s
TIDE Iteration 12 took      0.03 usr cpu s       0.05 sys cpu s       0.01 wall s
INDE     ITERATION 13 :
TIDE purify_X took      0.00 usr cpu s       0.00 sys cpu s       0.00 wall s
TIDE truncate_matrix took      0.00 usr cpu s       0.00 sys cpu s       0.00 wall s
INDE Actual introduced error   0.000000e+00 : nnz before  116964 <-> 100.00 % , nnz after  116964 <-> 100.00 %
TIDE square took      0.01 usr cpu s       0.05 sys cpu s       0.01 wall s
INDE NNZ Xsq = 116964 <-> 100.00 %
TIDE Frobenius norm of X-X^2 took      0.00 usr cpu s       0.00 sys cpu s       0.00 wall s
TIDE Mixed norm of X-X^2 took      0.00 usr cpu s       0.02 sys cpu s       0.00 wall s
TIDE Trace of X-X^2 took      0.00 usr cpu s       0.00 sys cpu s       0.00 wall s
INDE ||X-X^2||_F = 2.856714e+00 , ||X-X^2||_mixed = 1.476541e+00
INDE trace(X-X^2) = 4.204014e+01
INDE trace(X) = 8.111229e+01
INDE Checking stopping criterion...   
INDE Order of convergence cannot be computed
TIDE stopping_criterion took      0.00 usr cpu s       0.00 sys cpu s       0.00 wall s
TIDE Iteration 13 took      0.01 usr cpu s       0.07 sys cpu s       0.01 wall s
INDE     ITERATION 14 :
TIDE purify_X took      0.00 usr cpu s       0.00 sys cpu s       0.00 wall s
TIDE truncate_matrix took      0.00 usr cpu s       0.00 sys cpu s       0.00 wall s
INDE Actual introduced error   0.000000e+00 : nnz before  116964 <-> 100.00 % , nnz after  116964 <-> 100.00 %
TIDE square took      0.02 usr cpu s       0.05 sys cpu s       0.01 wall s
INDE NNZ Xsq = 116964 <-> 100.00 %
TIDE Frobenius norm of X-X^2 took      0.00 usr cpu s       0.00 sys cpu s       0.00 wall s
TIDE Mixed norm of X-X^2 took      0.00 usr cpu s       0.02 sys cpu s       0.00 wall s
TIDE Trace of X-X^2 took      0.00 usr cpu s       0.00 sys cpu s       0.00 wall s
INDE ||X-X^2||_F = 3.137480e+00 , ||X-X^2||_mixed = 1.633264e+00
INDE trace(X-X^2) = 4.810232e+01
INDE trace(X) = 1.231524e+02
INDE Checking stopping criterion...   
INDE Order of convergence cannot be computed
TIDE stopping_criterion took      0.00 usr cpu s       0.00 sys cpu s       0.00 wall s
TIDE Iteration 14 took      0.03 usr cpu s       0.07 sys cpu s       0.01 wall s
INDE     ITERATION 15 :
TIDE purify_X took      0.00 usr cpu s       0.00 sys cpu s       0.00 wall s
TIDE truncate_matrix took      0.00 usr cpu s       0.00 sys cpu s       0.00 wall s
INDE Actual introduced error   0.000000e+00 : nnz before  116964 <-> 100.00 % , nnz after  116964 <-> 100.00 %
TIDE square took      0.01 usr cpu s       0.04 sys cpu s       0.01 wall s
INDE NNZ Xsq = 116964 <-> 100.00 %
TIDE Frobenius norm of X-X^2 took      0.00 usr cpu s       0.00 sys cpu s       0.00 wall s
TIDE Mixed norm of X-X^2 took      0.00 usr cpu s       0.02 sys cpu s       0.00 wall s
TIDE Trace of X-X^2 took      0.00 usr cpu s       0.00 sys cpu s       0.00 wall s
INDE ||X-X^2||_F = 2.538629e+00 , ||X-X^2||_mixed = 1.428019e+00
INDE trace(X-X^2) = 3.388727e+01
INDE trace(X) = 7.505011e+01
INDE Checking stopping criterion...   
INDE Order of convergence cannot be computed
TIDE stopping_criterion took      0.00 usr cpu s       0.00 sys cpu s       0.00 wall s
TIDE Iteration 15 took      0.02 usr cpu s       0.06 sys cpu s       0.01 wall s
INDE     ITERATION 16 :
TIDE purify_X took      0.00 usr cpu s       0.00 sys cpu s       0.00 wall s
TIDE truncate_matrix took      0.00 usr cpu s       0.00 sys cpu s       0.00 wall s
INDE Actual introduced error   0.000000e+00 : nnz before  116964 <-> 100.00 % , nnz after  116964 <-> 100.00 %
TIDE square took      0.01 usr cpu s       0.04 sys cpu s       0.01 wall s
INDE NNZ Xsq = 116964 <-> 100.00 %
TIDE Frobenius norm of X-X^2 took      0.00 usr cpu s       0.00 sys cpu s       0.00 wall s
TIDE Mixed norm of X-X^2 took      0.00 usr cpu s       0.01 sys cpu s       0.00 wall s
TIDE Trace of X-X^2 took      0.00 usr cpu s       0.00 sys cpu s       0.00 wall s
INDE ||X-X^2||_F = 2.741358e+00 , ||X-X^2||_mixed = 1.619563e+00
INDE trace(X-X^2) = 3.725159e+01
INDE trace(X) = 1.089374e+02
INDE Checking stopping criterion...   
INDE Order of convergence cannot be computed
TIDE stopping_criterion took      0.00 usr cpu s       0.00 sys cpu s       0.00 wall s
TIDE Iteration 16 took      0.02 usr cpu s       0.06 sys cpu s       0.01 wall s
INDE     ITERATION 17 :
TIDE purify_X took      0.00 usr cpu s       0.00 sys cpu s       0.00 wall s
TIDE truncate_matrix took      0.00 usr cpu s       0.00 sys cpu s       0.00 wall s
INDE Actual introduced error   0.000000e+00 : nnz before  116964 <-> 100.00 % , nnz after  116964 <-> 100.00 %
TIDE square took      0.01 usr cpu s       0.05 sys cpu s       0.01 wall s
INDE NNZ Xsq = 116964 <-> 100.00 %
TIDE Frobenius norm of X-X^2 took      0.00 usr cpu s       0.00 sys cpu s       0.00 wall s
TIDE Mixed norm of X-X^2 took      0.00 usr cpu s       0.02 sys cpu s       0.00 wall s
TIDE Trace of X-X^2 took      0.00 usr cpu s       0.00 sys cpu s       0.00 wall s
INDE ||X-X^2||_F = 2.197256e+00 , ||X-X^2||_mixed = 1.348462e+00
INDE trace(X-X^2) = 2.634362e+01
INDE trace(X) = 7.168579e+01
INDE Checking stopping criterion...   
INDE Order of convergence cannot be computed
TIDE stopping_criterion took      0.00 usr cpu s       0.00 sys cpu s       0.00 wall s
TIDE Iteration 17 took      0.02 usr cpu s       0.07 sys cpu s       0.01 wall s
INDE     ITERATION 18 :
TIDE purify_X took      0.00 usr cpu s       0.00 sys cpu s       0.00 wall s
TIDE truncate_matrix took      0.00 usr cpu s       0.00 sys cpu s       0.00 wall s
INDE Actual introduced error   0.000000e+00 : nnz before  116964 <-> 100.00 % , nnz after  116964 <-> 100.00 %
TIDE square took      0.02 usr cpu s       0.04 sys cpu s       0.01 wall s
INDE NNZ Xsq = 116964 <-> 100.00 %
TIDE Frobenius norm of X-X^2 took      0.00 usr cpu s       0.00 sys cpu s       0.00 wall s
TIDE Mixed norm of X-X^2 took      0.00 usr cpu s       0.02 sys cpu s       0.00 wall s
TIDE Trace of X-X^2 took      0.00 usr cpu s       0.00 sys cpu s       0.00 wall s
INDE ||X-X^2||_F = 1.503886e+00 , ||X-X^2||_mixed = 1.049206e+00
INDE trace(X-X^2) = 1.465579e+01
INDE trace(X) = 4.534217e+01
INDE Checking stopping criterion...   
INDE Order of convergence cannot be computed
TIDE stopping_criterion took      0.00 usr cpu s       0.00 sys cpu s       0.00 wall s
TIDE Iteration 18 took      0.02 usr cpu s       0.06 sys cpu s       0.01 wall s
INDE     ITERATION 19 :
TIDE purify_X took      0.00 usr cpu s       0.00 sys cpu s       0.00 wall s
TIDE truncate_matrix took      0.00 usr cpu s       0.00 sys cpu s       0.00 wall s
INDE Actual introduced error   0.000000e+00 : nnz before  116964 <-> 100.00 % , nnz after  116964 <-> 100.00 %
TIDE square took      0.02 usr cpu s       0.03 sys cpu s       0.01 wall s
INDE NNZ Xsq = 116964 <-> 100.00 %
TIDE Frobenius norm of X-X^2 took      0.00 usr cpu s       0.00 sys cpu s       0.00 wall s
TIDE Mixed norm of X-X^2 took      0.01 usr cpu s       0.01 sys cpu s       0.00 wall s
TIDE Trace of X-X^2 took      0.00 usr cpu s       0.00 sys cpu s       0.00 wall s
INDE ||X-X^2||_F = 1.606688e+00 , ||X-X^2||_mixed = 1.077770e+00
INDE trace(X-X^2) = 1.667468e+01
INDE trace(X) = 5.999796e+01
INDE Checking stopping criterion...   
INDE Order of convergence cannot be computed
TIDE stopping_criterion took      0.00 usr cpu s       0.00 sys cpu s       0.00 wall s
TIDE Iteration 19 took      0.04 usr cpu s       0.05 sys cpu s       0.01 wall s
INDE     ITERATION 20 :
TIDE purify_X took      0.00 usr cpu s       0.00 sys cpu s       0.00 wall s
TIDE truncate_matrix took      0.00 usr cpu s       0.00 sys cpu s       0.00 wall s
INDE Actual introduced error   0.000000e+00 : nnz before  116964 <-> 100.00 % , nnz after  116964 <-> 100.00 %
TIDE square took      0.01 usr cpu s       0.04 sys cpu s       0.01 wall s
INDE NNZ Xsq = 116964 <-> 100.00 %
TIDE Frobenius norm of X-X^2 took      0.00 usr cpu s       0.00 sys cpu s       0.00 wall s
TIDE Mixed norm of X-X^2 took      0.00 usr cpu s       0.02 sys cpu s       0.00 wall s
TIDE Trace of X-X^2 took      0.00 usr cpu s       0.00 sys cpu s       0.00 wall s
INDE ||X-X^2||_F = 1.109464e+00 , ||X-X^2||_mixed = 8.470040e-01
INDE trace(X-X^2) = 8.651691e+00
INDE trace(X) = 4.332328e+01
INDE Checking stopping criterion...   
INDE Order of convergence cannot be computed
TIDE stopping_criterion took      0.00 usr cpu s       0.00 sys cpu s       0.00 wall s
TIDE Iteration 20 took      0.02 usr cpu s       0.06 sys cpu s       0.01 wall s
INDE     ITERATION 21 :
TIDE purify_X took      0.00 usr cpu s       0.00 sys cpu s       0.00 wall s
TIDE truncate_matrix took      0.00 usr cpu s       0.00 sys cpu s       0.00 wall s
INDE Actual introduced error   0.000000e+00 : nnz before  116964 <-> 100.00 % , nnz after  116964 <-> 100.00 %
TIDE square took      0.01 usr cpu s       0.05 sys cpu s       0.01 wall s
INDE NNZ Xsq = 116964 <-> 100.00 %
TIDE Frobenius norm of X-X^2 took      0.00 usr cpu s       0.00 sys cpu s       0.00 wall s
TIDE Mixed norm of X-X^2 took      0.00 usr cpu s       0.02 sys cpu s       0.00 wall s
TIDE Trace of X-X^2 took      0.00 usr cpu s       0.00 sys cpu s       0.00 wall s
INDE ||X-X^2||_F = 9.699450e-01 , ||X-X^2||_mixed = 7.165526e-01
INDE trace(X-X^2) = 8.400315e+00
INDE trace(X) = 5.197497e+01
INDE Checking stopping criterion...   
INDE Order of convergence cannot be computed
TIDE stopping_criterion took      0.00 usr cpu s       0.00 sys cpu s       0.00 wall s
TIDE Iteration 21 took      0.02 usr cpu s       0.06 sys cpu s       0.01 wall s
INDE     ITERATION 22 :
TIDE purify_X took      0.00 usr cpu s       0.00 sys cpu s       0.00 wall s
TIDE truncate_matrix took      0.00 usr cpu s       0.00 sys cpu s       0.00 wall s
INDE Actual introduced error   0.000000e+00 : nnz before  116964 <-> 100.00 % , nnz after  116964 <-> 100.00 %
TIDE square took      0.01 usr cpu s       0.04 sys cpu s       0.01 wall s
INDE NNZ Xsq = 116964 <-> 100.00 %
TIDE Frobenius norm of X-X^2 took      0.00 usr cpu s       0.00 sys cpu s       0.00 wall s
TIDE Mixed norm of X-X^2 took      0.00 usr cpu s       0.02 sys cpu s       0.00 wall s
TIDE Trace of X-X^2 took      0.00 usr cpu s       0.00 sys cpu s       0.00 wall s
INDE ||X-X^2||_F = 1.309320e+00 , ||X-X^2||_mixed = 9.759678e-01
INDE trace(X-X^2) = 1.061436e+01
INDE trace(X) = 6.037529e+01
INDE Checking stopping criterion...   
INDE Order of convergence cannot be computed
TIDE stopping_criterion took      0.00 usr cpu s       0.00 sys cpu s       0.00 wall s
TIDE Iteration 22 took      0.02 usr cpu s       0.07 sys cpu s       0.01 wall s
INDE     ITERATION 23 :
TIDE purify_X took      0.00 usr cpu s       0.00 sys cpu s       0.00 wall s
TIDE truncate_matrix took      0.00 usr cpu s       0.00 sys cpu s       0.00 wall s
INDE Actual introduced error   0.000000e+00 : nnz before  116964 <-> 100.00 % , nnz after  116964 <-> 100.00 %
TIDE square took      0.01 usr cpu s       0.04 sys cpu s       0.01 wall s
INDE NNZ Xsq = 116964 <-> 100.00 %
TIDE Frobenius norm of X-X^2 took      0.00 usr cpu s       0.00 sys cpu s       0.00 wall s
TIDE Mixed norm of X-X^2 took      0.01 usr cpu s       0.01 sys cpu s       0.00 wall s
TIDE Trace of X-X^2 took      0.00 usr cpu s       0.00 sys cpu s       0.00 wall s
INDE ||X-X^2||_F = 5.536953e-01 , ||X-X^2||_mixed = 4.421237e-01
INDE trace(X-X^2) = 3.719444e+00
INDE trace(X) = 4.976092e+01
INDE Checking stopping criterion...   
INDE e_i =4.421237e-01, C*e_{i-1}^q = 3.536216e+00
INDE Order of convergence = 8.238223, stop = 0
TIDE stopping_criterion took      0.00 usr cpu s       0.00 sys cpu s       0.00 wall s
TIDE Iteration 23 took      0.02 usr cpu s       0.05 sys cpu s       0.01 wall s
INDE     ITERATION 24 :
TIDE purify_X took      0.00 usr cpu s       0.00 sys cpu s       0.00 wall s
TIDE truncate_matrix took      0.00 usr cpu s       0.00 sys cpu s       0.00 wall s
INDE Actual introduced error   0.000000e+00 : nnz before  116964 <-> 100.00 % , nnz after  116964 <-> 100.00 %
TIDE square took      0.01 usr cpu s       0.04 sys cpu s       0.01 wall s
INDE NNZ Xsq = 116964 <-> 100.00 %
TIDE Frobenius norm of X-X^2 took      0.00 usr cpu s       0.00 sys cpu s       0.00 wall s
TIDE Mixed norm of X-X^2 took      0.00 usr cpu s       0.02 sys cpu s       0.00 wall s
TIDE Trace of X-X^2 took      0.00 usr cpu s       0.00 sys cpu s       0.00 wall s
INDE ||X-X^2||_F = 3.553756e-01 , ||X-X^2||_mixed = 3.218423e-01
INDE trace(X-X^2) = 1.457578e+00
INDE trace(X) = 4.604148e+01
INDE Checking stopping criterion...   
INDE Order of convergence cannot be computed
TIDE stopping_criterion took      0.00 usr cpu s       0.00 sys cpu s       0.00 wall s
TIDE Iteration 24 took      0.02 usr cpu s       0.06 sys cpu s       0.01 wall s
INDE     ITERATION 25 :
TIDE purify_X took      0.00 usr cpu s       0.00 sys cpu s       0.00 wall s
TIDE truncate_matrix took      0.00 usr cpu s       0.00 sys cpu s       0.00 wall s
INDE Actual introduced error   0.000000e+00 : nnz before  116964 <-> 100.00 % , nnz after  116964 <-> 100.00 %
TIDE square took      0.02 usr cpu s       0.04 sys cpu s       0.01 wall s
INDE NNZ Xsq = 116964 <-> 100.00 %
TIDE Frobenius norm of X-X^2 took      0.00 usr cpu s       0.00 sys cpu s       0.00 wall s
TIDE Mixed norm of X-X^2 took      0.00 usr cpu s       0.01 sys cpu s       0.00 wall s
TIDE Trace of X-X^2 took      0.00 usr cpu s       0.00 sys cpu s       0.00 wall s
INDE ||X-X^2||_F = 1.795342e-01 , ||X-X^2||_mixed = 1.542429e-01
INDE trace(X-X^2) = 8.463713e-01
INDE trace(X) = 4.749906e+01
INDE Checking stopping criterion...   
INDE e_i =1.542429e-01, C*e_{i-1}^q = 1.346264e+00
INDE Order of convergence = 4.654560, stop = 0
TIDE stopping_criterion took      0.00 usr cpu s       0.00 sys cpu s       0.00 wall s
TIDE Iteration 25 took      0.03 usr cpu s       0.05 sys cpu s       0.01 wall s
INDE     ITERATION 26 :
TIDE purify_X took      0.00 usr cpu s       0.00 sys cpu s       0.00 wall s
TIDE truncate_matrix took      0.00 usr cpu s       0.00 sys cpu s       0.00 wall s
INDE Actual introduced error   0.000000e+00 : nnz before  116964 <-> 100.00 % , nnz after  116964 <-> 100.00 %
TIDE square took      0.03 usr cpu s       0.04 sys cpu s       0.01 wall s
INDE NNZ Xsq = 116964 <-> 100.00 %
TIDE Frobenius norm of X-X^2 took      0.00 usr cpu s       0.00 sys cpu s       0.00 wall s
TIDE Mixed norm of X-X^2 took      0.00 usr cpu s       0.02 sys cpu s       0.00 wall s
TIDE Trace of X-X^2 took      0.00 usr cpu s       0.00 sys cpu s       0.00 wall s
INDE ||X-X^2||_F = 2.847380e-01 , ||X-X^2||_mixed = 2.379003e-01
INDE trace(X-X^2) = 1.266076e+00
INDE trace(X) = 4.834543e+01
INDE Checking stopping criterion...   
INDE Order of convergence cannot be computed
TIDE stopping_criterion took      0.00 usr cpu s       0.00 sys cpu s       0.00 wall s
TIDE Iteration 26 took      0.04 usr cpu s       0.07 sys cpu s       0.01 wall s
INDE     ITERATION 27 :
TIDE purify_X took      0.00 usr cpu s       0.00 sys cpu s       0.00 wall s
TIDE truncate_matrix took      0.00 usr cpu s       0.00 sys cpu s       0.00 wall s
INDE Actual introduced error   0.000000e+00 : nnz before  116964 <-> 100.00 % , nnz after  116964 <-> 100.00 %
TIDE square took      0.02 usr cpu s       0.04 sys cpu s       0.01 wall s
INDE NNZ Xsq = 116964 <-> 100.00 %
TIDE Frobenius norm of X-X^2 took      0.00 usr cpu s       0.00 sys cpu s       0.00 wall s
TIDE Mixed norm of X-X^2 took      0.00 usr cpu s       0.02 sys cpu s       0.00 wall s
TIDE Trace of X-X^2 took      0.00 usr cpu s       0.00 sys cpu s       0.00 wall s
INDE ||X-X^2||_F = 3.454050e-02 , ||X-X^2||_mixed = 2.968525e-02
INDE trace(X-X^2) = 1.179009e-01
INDE trace(X) = 4.707935e+01
INDE Checking stopping criterion...   
INDE e_i =2.968525e-02, C*e_{i-1}^q = 1.638524e-01
INDE Order of convergence = 2.913916, stop = 0
TIDE stopping_criterion took      0.00 usr cpu s       0.00 sys cpu s       0.00 wall s
TIDE Iteration 27 took      0.02 usr cpu s       0.06 sys cpu s       0.01 wall s
INDE     ITERATION 28 :
TIDE purify_X took      0.00 usr cpu s       0.00 sys cpu s       0.00 wall s
TIDE truncate_matrix took      0.00 usr cpu s       0.00 sys cpu s       0.00 wall s
INDE Actual introduced error   0.000000e+00 : nnz before  116964 <-> 100.00 % , nnz after  116964 <-> 100.00 %
TIDE square took      0.02 usr cpu s       0.06 sys cpu s       0.01 wall s
INDE NNZ Xsq = 116964 <-> 100.00 %
TIDE Frobenius norm of X-X^2 took      0.00 usr cpu s       0.00 sys cpu s       0.00 wall s
TIDE Mixed norm of X-X^2 took      0.00 usr cpu s       0.01 sys cpu s       0.00 wall s
TIDE Trace of X-X^2 took      0.00 usr cpu s       0.00 sys cpu s       0.00 wall s
INDE ||X-X^2||_F = 2.656740e-02 , ||X-X^2||_mixed = 2.629311e-02
INDE trace(X-X^2) = 3.988967e-02
INDE trace(X) = 4.696145e+01
INDE Checking stopping criterion...   
INDE Order of convergence cannot be computed
TIDE stopping_criterion took      0.00 usr cpu s       0.00 sys cpu s       0.00 wall s
TIDE Iteration 28 took      0.03 usr cpu s       0.07 sys cpu s       0.01 wall s
INDE     ITERATION 29 :
TIDE purify_X took      0.00 usr cpu s       0.00 sys cpu s       0.00 wall s
TIDE truncate_matrix took      0.00 usr cpu s       0.00 sys cpu s       0.00 wall s
INDE Actual introduced error   0.000000e+00 : nnz before  116964 <-> 100.00 % , nnz after  116964 <-> 100.00 %
TIDE square took      0.03 usr cpu s       0.03 sys cpu s       0.01 wall s
INDE NNZ Xsq = 116964 <-> 100.00 %
TIDE Frobenius norm of X-X^2 took      0.00 usr cpu s       0.00 sys cpu s       0.00 wall s
TIDE Mixed norm of X-X^2 took      0.00 usr cpu s       0.02 sys cpu s       0.00 wall s
TIDE Trace of X-X^2 took      0.00 usr cpu s       0.00 sys cpu s       0.00 wall s
INDE ||X-X^2||_F = 1.064950e-03 , ||X-X^2||_mixed = 9.590342e-04
INDE trace(X-X^2) = 2.811416e-03
INDE trace(X) = 4.700134e+01
INDE Checking stopping criterion...   
INDE e_i =9.590342e-04, C*e_{i-1}^q = 6.069096e-03
INDE Order of convergence = 2.524590, stop = 0
TIDE stopping_criterion took      0.00 usr cpu s       0.00 sys cpu s       0.00 wall s
TIDE Iteration 29 took      0.03 usr cpu s       0.05 sys cpu s       0.01 wall s
INDE     ITERATION 30 :
TIDE purify_X took      0.00 usr cpu s       0.00 sys cpu s       0.00 wall s
TIDE truncate_matrix took      0.00 usr cpu s       0.00 sys cpu s       0.00 wall s
INDE Actual introduced error   0.000000e+00 : nnz before  116964 <-> 100.00 % , nnz after  116964 <-> 100.00 %
TIDE square took      0.01 usr cpu s       0.04 sys cpu s       0.01 wall s
INDE NNZ Xsq = 116964 <-> 100.00 %
TIDE Frobenius norm of X-X^2 took      0.00 usr cpu s       0.00 sys cpu s       0.00 wall s
TIDE Mixed norm of X-X^2 took      0.00 usr cpu s       0.01 sys cpu s       0.00 wall s
TIDE Trace of X-X^2 took      0.00 usr cpu s       0.00 sys cpu s       0.00 wall s
INDE ||X-X^2||_F = 1.095003e-03 , ||X-X^2||_mixed = 1.087542e-03
INDE trace(X-X^2) = 1.468649e-03
INDE trace(X) = 4.699853e+01
INDE Checking stopping criterion...   
INDE e_i =1.087542e-03, C*e_{i-1}^q = 4.761311e-03
INDE Order of convergence = 2.405833, stop = 0
TIDE stopping_criterion took      0.00 usr cpu s       0.00 sys cpu s       0.00 wall s
TIDE Iteration 30 took      0.02 usr cpu s       0.06 sys cpu s       0.01 wall s
INDE     ITERATION 31 :
TIDE purify_X took      0.00 usr cpu s       0.00 sys cpu s       0.00 wall s
TIDE truncate_matrix took      0.00 usr cpu s       0.00 sys cpu s       0.00 wall s
INDE Actual introduced error   0.000000e+00 : nnz before  116964 <-> 100.00 % , nnz after  116964 <-> 100.00 %
TIDE square took      0.03 usr cpu s       0.03 sys cpu s       0.01 wall s
INDE NNZ Xsq = 116964 <-> 100.00 %
TIDE Frobenius norm of X-X^2 took      0.00 usr cpu s       0.00 sys cpu s       0.00 wall s
TIDE Mixed norm of X-X^2 took      0.00 usr cpu s       0.01 sys cpu s       0.00 wall s
TIDE Trace of X-X^2 took      0.00 usr cpu s       0.00 sys cpu s       0.00 wall s
INDE ||X-X^2||_F = 1.395318e-06 , ||X-X^2||_mixed = 1.332028e-06
INDE trace(X-X^2) = 2.870782e-06
INDE trace(X) = 4.700000e+01
INDE Checking stopping criterion...   
INDE e_i =1.332028e-06, C*e_{i-1}^q = 6.334479e-06
INDE Order of convergence = 2.224374, stop = 0
TIDE stopping_criterion took      0.00 usr cpu s       0.00 sys cpu s       0.00 wall s
TIDE Iteration 31 took      0.03 usr cpu s       0.05 sys cpu s       0.01 wall s
INDE     ITERATION 32 :
TIDE purify_X took      0.00 usr cpu s       0.00 sys cpu s       0.00 wall s
TIDE truncate_matrix took      0.00 usr cpu s       0.00 sys cpu s       0.00 wall s
INDE Actual introduced error   0.000000e+00 : nnz before  116964 <-> 100.00 % , nnz after  116964 <-> 100.00 %
TIDE square took      0.02 usr cpu s       0.03 sys cpu s       0.01 wall s
INDE NNZ Xsq = 116964 <-> 100.00 %
TIDE Frobenius norm of X-X^2 took      0.00 usr cpu s       0.00 sys cpu s       0.00 wall s
TIDE Mixed norm of X-X^2 took      0.00 usr cpu s       0.01 sys cpu s       0.00 wall s
TIDE Trace of X-X^2 took      0.00 usr cpu s       0.00 sys cpu s       0.00 wall s
INDE ||X-X^2||_F = 1.956045e-06 , ||X-X^2||_mixed = 1.824321e-06
INDE trace(X-X^2) = 3.339245e-06
INDE trace(X) = 4.700000e+01
INDE Checking stopping criterion...   
INDE Order of convergence cannot be computed
TIDE stopping_criterion took      0.00 usr cpu s       0.00 sys cpu s       0.00 wall s
TIDE Iteration 32 took      0.03 usr cpu s       0.05 sys cpu s       0.01 wall s
INDE     ITERATION 33 :
TIDE purify_X took      0.00 usr cpu s       0.00 sys cpu s       0.00 wall s
TIDE truncate_matrix took      0.00 usr cpu s       0.00 sys cpu s       0.00 wall s
INDE Actual introduced error   0.000000e+00 : nnz before  116964 <-> 100.00 % , nnz after  116964 <-> 100.00 %
TIDE square took      0.02 usr cpu s       0.04 sys cpu s       0.01 wall s
INDE NNZ Xsq = 116964 <-> 100.00 %
TIDE Frobenius norm of X-X^2 took      0.00 usr cpu s       0.00 sys cpu s       0.00 wall s
TIDE Mixed norm of X-X^2 took      0.00 usr cpu s       0.01 sys cpu s       0.00 wall s
TIDE Trace of X-X^2 took      0.00 usr cpu s       0.00 sys cpu s       0.00 wall s
INDE ||X-X^2||_F = 3.517236e-12 , ||X-X^2||_mixed = 3.439015e-12
INDE trace(X-X^2) = 5.798029e-12
INDE trace(X) = 4.700000e+01
INDE Checking stopping criterion...   
INDE e_i =3.439015e-12, C*e_{i-1}^q = 1.221994e-11
INDE Order of convergence = 2.093717, stop = 0
TIDE stopping_criterion took      0.00 usr cpu s       0.00 sys cpu s       0.00 wall s
TIDE Iteration 33 took      0.02 usr cpu s       0.06 sys cpu s       0.01 wall s
INDE     ITERATION 34 :
TIDE purify_X took      0.00 usr cpu s       0.00 sys cpu s       0.00 wall s
TIDE truncate_matrix took      0.00 usr cpu s       0.00 sys cpu s       0.00 wall s
INDE Actual introduced error   0.000000e+00 : nnz before  116964 <-> 100.00 % , nnz after  116964 <-> 100.00 %
TIDE square took      0.03 usr cpu s       0.04 sys cpu s       0.01 wall s
INDE NNZ Xsq = 116964 <-> 100.00 %
TIDE Frobenius norm of X-X^2 took      0.00 usr cpu s       0.00 sys cpu s       0.00 wall s
TIDE Mixed norm of X-X^2 took      0.00 usr cpu s       0.01 sys cpu s       0.00 wall s
TIDE Trace of X-X^2 took      0.00 usr cpu s       0.00 sys cpu s       0.00 wall s
INDE ||X-X^2||_F = 3.749266e-12 , ||X-X^2||_mixed = 3.749053e-12
INDE trace(X-X^2) = 3.971934e-12
INDE trace(X) = 4.700000e+01
INDE Checking stopping criterion...   
INDE Order of convergence cannot be computed
TIDE stopping_criterion took      0.00 usr cpu s       0.00 sys cpu s       0.00 wall s
TIDE Iteration 34 took      0.03 usr cpu s       0.05 sys cpu s       0.01 wall s
INDE     ITERATION 35 :
TIDE purify_X took      0.00 usr cpu s       0.00 sys cpu s       0.00 wall s
TIDE truncate_matrix took      0.00 usr cpu s       0.00 sys cpu s       0.00 wall s
INDE Actual introduced error   0.000000e+00 : nnz before  116964 <-> 100.00 % , nnz after  116964 <-> 100.00 %
TIDE square took      0.02 usr cpu s       0.04 sys cpu s       0.01 wall s
INDE NNZ Xsq = 116964 <-> 100.00 %
TIDE Frobenius norm of X-X^2 took      0.00 usr cpu s       0.00 sys cpu s       0.00 wall s
TIDE Mixed norm of X-X^2 took      0.00 usr cpu s       0.00 sys cpu s       0.00 wall s
TIDE Trace of X-X^2 took      0.00 usr cpu s       0.00 sys cpu s       0.00 wall s
INDE ||X-X^2||_F = 2.281732e-15 , ||X-X^2||_mixed = 0.000000e+00
INDE trace(X-X^2) = 0.000000e+00
INDE trace(X) = 4.700000e+01
INDE Checking stopping criterion...   
INDE ************************************************************************************************************
INDE The norm value went much below machine precision, therefore we stop here since n_max can be underestimated.
INDE ************************************************************************************************************
INDE e_i =0.000000e+00, C*e_{i-1}^q = 8.145370e-23
INDE Order of convergence = inf, stop = 1
TIDE stopping_criterion took      0.00 usr cpu s       0.00 sys cpu s       0.00 wall s
INDE PURIFICATION CONVERGED after 35 iterations
TIDE Iteration 35 took      0.03 usr cpu s       0.05 sys cpu s       0.01 wall s
INDE Number of non-zeros in D is  116964 <-> 100.00 %
TIDE FileWritable::writeAndReadAll took      0.00 usr cpu s       0.00 sys cpu s       0.00 wall s
INDE writeAndReadAll sizesStr: '0 MB (1 MatrixGeneral, 0 > 1 MB) + 0 MB (13 MatrixSymmetric, 0 > 1 MB) + 0 MB (2 VectorGeneral, 0 > 1 MB) = 0 MB (16 total, 0 > 1 MB)
INDE TOTAL accumulated subspace error is 0.000000e+00
INDE TOTAL X square time: 0.266369 wall s
INDE TOTAL X trunction time: 0.008995 wall s
INDE TOTAL X purify (exl. X^2 computation) time: 0.009603 wall s
INDE TOTAL time to get number of non-zero elements: 0.001488 wall s
INDE TOTAL time to get mixed norm: 0.084009 wall s
INDE TOTAL time to get Frobenius norm: 0.008929 wall s
INDE TOTAL time for stopping criterion: 0.001633 wall s
INDE TOTAL time to get matrix trace: 0.000855 wall s
INDE Estimated bounds for the eigenvalues for the Fock matrix:
INDE LUMO: [ 0.035564134898 , 0.056655358445 ]
INDE HOMO: [ -0.357391137755 , -0.348292091185 ]
TIDE eigenvalue_bounds_estimation() took      0.00 usr cpu s       0.00 sys cpu s       0.00 wall s
TIDE Recursive expansion took      0.96 usr cpu s       2.51 sys cpu s       0.45 wall s
TIDE Puri->PurificationStart() took      0.96 usr cpu s       2.51 sys cpu s       0.45 wall s
TIDE Accumulated wall times for writeToFile in PurificationStart()          : 1.2e-06 s (MatrixGeneral) + 9.5e-07 s (MatrixSymmetric) + 0.00014 s (VectorGeneral) = 0.00014 s
TIDE Accumulated wall times for readFromFile in PurificationStart()         : 0 s (MatrixGeneral) + 4.1e-06 s (MatrixSymmetric) + 5.3e-05 s (VectorGeneral) = 5.7e-05 s
TIDE Accumulated wall times for copy and assign in PurificationStart()      : 1.9e-06 s (MatrixSymmetric) + 5.8e-05 s (VectorGeneral) = 6e-05 s
INDE Number of calls to writeToFile in PurificationStart()                  : 2 (MatrixGeneral) + 27 (MatrixSymmetric) + 1429 (VectorGeneral) = 1458 
INDE Number of calls to readFromFile in PurificationStart()                 : 2 (MatrixGeneral) + 26 (MatrixSymmetric) + 532 (VectorGeneral) = 560 
INDE Number of calls to FileWritable copy and assign in PurificationStart() : 2 (MatrixSymmetric) + 37 (VectorGeneral) = 39 
TIDE mat::Gblas::time after purification :     2.285453
INDE Created .m files with results of the purification
INDE Purification converged OK, subspaceError <=          0.00000000000
INDE E(LUMO) - E(HOMO) >=          0.38385622608 =         10.44526008077 eV
INDE E(LUMO) - E(HOMO) <=          0.41404649620 =         11.26677918576 eV
INDE HOMO interval : [   -0.357391137755   -0.348292091185 ]
INDE LUMO interval : [    0.035564134898    0.056655358445 ]
INDE Trace of resulting density matrix is         47.00000000000, error is   0.00000000000001.
INDE Truncated D_ort ( mixed ), selected threshold = 9.99999e-08, returned error =          0, nnz before = 116964 <-> 100.0000 %, nnz after = 116964 <-> 100.0000 %
TIDE FileWritable::writeAndReadAll took      0.00 usr cpu s       0.00 sys cpu s       0.00 wall s
INDE writeAndReadAll sizesStr: '0 MB (1 MatrixGeneral, 0 > 1 MB) + 0 MB (12 MatrixSymmetric, 0 > 1 MB) + 0 MB (1 MatrixTriangular, 0 > 1 MB) = 0 MB (14 total, 0 > 1 MB)
TIDE D_w to non-orthogonal basis took      0.01 usr cpu s       0.05 sys cpu s       0.01 wall s
INDE Truncated D_S (eucl with Z), selected threshold = 9.99999e-08, returned error =          0, nnz before = 100.0000 %, nnz after = 100.0000 %
INDE get_dens_from_fock_sparse ending OK
TIDE get_dens_from_fock_sparse took      1.27 usr cpu s       3.58 sys cpu s       0.63 wall s
ERDE get_dens_from_fock  (GetDensFromFock class) : purification finished OK.
TIDE get_dens_from_fock took      1.27 usr cpu s       3.58 sys cpu s       0.63 wall s
INSC Matrix 'new density matrix' ( symm ): n =    342, nnz =       116964 <-> 100.00 %, mem usage  0.0005 G
INSC Tr( D * S ) =         93.99999999996
TISC get_new_density_matrix took      1.27 usr cpu s       3.58 sys cpu s       0.63 wall s
INSC SCF_restricted::report_density_difference, diff_eucl =          0.18613915826
TISC SCF_restricted::report_density_difference took      0.02 usr cpu s       0.04 sys cpu s       0.01 wall s
INMA ddf_writeShellListAndDensityMatricesToFile_sparse, n =    342, densityMatrixList[0].nvalues =       58653
INMA opened temporary file 'density.bin.rkFtqf' for writing
INMA Choosing matrixStorageType = MATRIX_STORAGE_TYPE_TRIANGLE.
INMA fileSize =          560392 bytes =      0.560 MegaBytes
INMA renamed file 'density.bin.rkFtqf' to 'density.bin'
INMA ddf_writeShellListAndDensityMatricesToFile_sparse freeing buffer.
INMA ddf_writeShellListAndDensityMatricesToFile_sparse returning OK.
TISC write_density_to_file took      0.00 usr cpu s       0.02 sys cpu s       0.00 wall s
INSC Creating mtx file for Fock matrix
INSC Creating mtx file for density matrix
INSC SCF cycle   4 finished.
TISC SCF cycle   4 took    978.85 usr cpu s       6.43 sys cpu s     164.36 wall s
INSC Beginning of SCF cycle 5:  Thu Dec 18 15:58:34 2025
INDE compute_J_by_boxes_sparse() start.
TIDE FileWritable::writeAndReadAll took      0.00 usr cpu s       0.00 sys cpu s       0.00 wall s
INDE writeAndReadAll: '0 MB (1 MatrixGeneral, 0 > 1 MB) + 0 MB (11 MatrixSymmetric, 0 > 1 MB) = 0 MB (12 total, 0 > 1 MB)
IN   compute_J_by_boxes_sparse, maxDensityMatrixElement =         22.40141695599
ININ get_basis_func_pair_list, n =    342
ININ create_box_system end OK, toplevelBoxSize:   7.0, #levels:  3, #boxes at top level:      6
TIIN get_basis_func_pair_list_2el took      0.16 usr cpu s       0.00 sys cpu s       0.16 wall s
IN   compute_J_by_boxes_sparse: noOfBasisFuncIndexPairs = 52606 ==> storing  44.98 % of a full matrix
ININ entering compute_J_by_boxes_linear, no of basis funcs =   342, threshold_J =   1e-12
ININ use_fmm = 1, fmm_box_size =   5.00
TIIN Compute extent for all distrs took      0.46 usr cpu s       0.00 sys cpu s       0.46 wall s
ININ extent_min =    0.000, extent_max =   19.783
ININ Creating list of distributions etc done, distrCount =    353701
TIIN Creating list of distributions etc took      0.68 usr cpu s       0.02 sys cpu s       0.70 wall s
ININ create_box_system end OK, toplevelBoxSize:   5.0, #levels:  3, #boxes at top level:     10
TIIN Creating boxes took      0.04 usr cpu s       0.00 sys cpu s       0.05 wall s
ININ noOfBranches = 5, splitters:  10.00  5.00  2.50  0.00
ININ J org done, groupCount =    15566
TIIN J org took      1.58 usr cpu s       0.00 sys cpu s       1.58 wall s
TIIN Generate group multipoles took      0.66 usr cpu s       0.00 sys cpu s       0.66 wall s
ININ totChargeWholeSystem =          0.00000000000
ININ Generating multipole for each branch at top level, MAX_MULTIPOLE_DEGREE = 15
TIIN Translate multipoles (step 1) took      0.48 usr cpu s       0.00 sys cpu s       0.48 wall s
TIIN Translate multipoles (step 2) took      0.09 usr cpu s       0.00 sys cpu s       0.09 wall s
ININ job lists for J created OK, noOfJobs_J_standard =     1255, noOfJobs_J_multipole =       40
TIIN Creating job lists for J took      0.00 usr cpu s       0.00 sys cpu s       0.00 wall s
ININ execute_joblist_J_std_threaded, noOfThreads =  8
ININ 8 threads started OK.
ININ all 8 threads have finished.
TIIN execute_joblist_J_std_threaded took    221.40 usr cpu s       0.12 sys cpu s      35.27 wall s
TIIN sort_list_of_multipole_jobs init part took      0.00 usr cpu s       0.00 sys cpu s       0.00 wall s
TIIN sort_list_of_multipole_jobs complete took      0.00 usr cpu s       0.00 sys cpu s       0.00 wall s
TIIN sort_list_of_multipole_jobs took      0.00 usr cpu s       0.00 sys cpu s       0.00 wall s
ININ execute_joblist_J_fmm_shared: Allocating multipoleList_4, maxnoOfMinimalDistrsPerBoxBranch =     65420
ININ execute_joblist_J_fmm_shared: Allocating multipoleList_4, maxnoOfMinimalDistrsPerBoxBranch =     65420
ININ execute_joblist_J_fmm_shared: jobIndexLo =            0, jobIndexHi =            5
ININ execute_joblist_J_fmm_shared: jobIndexLo =            5, jobIndexHi =           10
ININ execute_joblist_J_fmm_shared: Allocating multipoleList_4, maxnoOfMinimalDistrsPerBoxBranch =     65420
ININ execute_joblist_J_fmm_shared: jobIndexLo =           10, jobIndexHi =           15
ININ execute_joblist_J_fmm_shared: Allocating multipoleList_4, maxnoOfMinimalDistrsPerBoxBranch =     65420
ININ execute_joblist_J_fmm_shared: jobIndexLo =           15, jobIndexHi =           20
ININ execute_joblist_J_fmm_shared: Allocating multipoleList_4, maxnoOfMinimalDistrsPerBoxBranch =     65420
ININ execute_joblist_J_fmm_shared: jobIndexLo =           20, jobIndexHi =           25
ININ execute_joblist_J_fmm_shared: Allocating multipoleList_4, maxnoOfMinimalDistrsPerBoxBranch =     65420
ININ execute_joblist_J_fmm_shared: jobIndexLo =           25, jobIndexHi =           30
ININ execute_joblist_J_fmm_shared: Allocating multipoleList_4, maxnoOfMinimalDistrsPerBoxBranch =     65420
ININ execute_joblist_J_fmm_shared: jobIndexLo =           30, jobIndexHi =           35
ININ execute_joblist_J_fmm_shared: Allocating multipoleList_4, maxnoOfMinimalDistrsPerBoxBranch =     65420
ININ execute_joblist_J_fmm_shared: jobIndexLo =           35, jobIndexHi =           40
ININ execute_joblist_J_fmm_shared: done!
ININ execute_joblist_J_fmm_shared: done!
ININ execute_joblist_J_fmm_shared: done!
ININ execute_joblist_J_fmm_shared: done!
ININ execute_joblist_J_fmm_shared: done!
ININ execute_joblist_J_fmm_shared: done!
ININ execute_joblist_J_fmm_shared: done!
ININ execute_joblist_J_fmm_shared: done!
ININ multipole job list for J executed, largest L used: 12
TIIN Executing multipole job list for J took      0.32 usr cpu s       0.00 sys cpu s       0.13 wall s
ININ compute_J_by_boxes_linear ending OK.
TIIN compute_J_by_boxes_linear took    225.27 usr cpu s       0.14 sys cpu s      38.97 wall s
TI   compute_J_by_boxes_sparse total took    225.44 usr cpu s       0.15 sys cpu s      39.15 wall s
ININ entering create_CSR_for_K, no of basis funcs =   342, threshold_K =   1e-12
ININ create_box_system end OK, toplevelBoxSize:   7.0, #levels:  3, #boxes at top level:      6
ININ create_box_system end OK, toplevelBoxSize:   7.0, #levels:  3, #boxes at top level:      6
ININ create_box_system end OK, toplevelBoxSize:   7.0, #levels:  3, #boxes at top level:      6
TIIN create_CSR_for_K getting list of distrs took      0.45 usr cpu s       0.02 sys cpu s       0.47 wall s
ININ list of neighbors complete.
TIIN create_CSR_for_K getting list of neighbors took      0.00 usr cpu s       0.00 sys cpu s       0.00 wall s
TIIN create_CSR_for_K sort each list of neighbors took      0.06 usr cpu s       0.00 sys cpu s       0.06 wall s
ININ 8 threads started OK.
TIIN identify_needed_elements() took    581.01 usr cpu s       0.48 sys cpu s      76.94 wall s
ININ computing nnz..
ININ create_CSR_for_K: predicted nnz =        58653, <->  50.15% of a full matrix
TIIN create_CSR_for_K last part took      0.00 usr cpu s       0.00 sys cpu s       0.00 wall s
TIIN create_CSR_for_K total took    581.53 usr cpu s       0.50 sys cpu s      77.48 wall s
ININ entering compute_K_by_boxes, no of basis funcs =   342, threshold_K =   1e-12, exchange_box_size =   5.00
ININ create_box_system end OK, toplevelBoxSize:   7.0, #levels:  3, #boxes at top level:      6
ININ create_box_system end OK, toplevelBoxSize:   7.0, #levels:  3, #boxes at top level:      6
ININ create_box_system end OK, toplevelBoxSize:   7.0, #levels:  3, #boxes at top level:      6
TIIN Compute extent for all distrs took      0.46 usr cpu s       0.00 sys cpu s       0.46 wall s
ININ Creating list of distributions done, distrCountTot =    353701
TIIN Creating list of distributions took      0.74 usr cpu s       0.00 sys cpu s       0.74 wall s
ININ create_box_system end OK, toplevelBoxSize:   5.0, #levels:  3, #boxes at top level:     10
ININ create_box_system end OK, toplevelBoxSize:   2.5, #levels:  4, #boxes at top level:     16
ININ noOfLevelsBasisFuncs = 4, noOfLevelsDiff = 1
TIIN Creating boxes etc took      0.04 usr cpu s       0.00 sys cpu s       0.04 wall s
TIIN getting multipoleNormVectorList took      0.72 usr cpu s       0.00 sys cpu s       0.72 wall s
TIIN K organize_distributions for all boxes took      1.94 usr cpu s       0.01 sys cpu s       1.96 wall s
ININ starting loop to setup basisFuncGroupInfoList, with added index checks.
TIIN GetLimitsAllLevels took      0.31 usr cpu s       0.00 sys cpu s       0.31 wall s
ININ getDmatLimitMatrixCSRList start.
TIIN getting densityMatrixLimitMatrixList took      0.02 usr cpu s       0.00 sys cpu s       0.02 wall s
ININ job list for K created,       55 jobs
TIIN creating job list for K took      0.00 usr cpu s       0.00 sys cpu s       0.00 wall s
ININ execute_joblist_K_threaded, noOfThreads =  8, basisFuncListCount_max =   325
ININ 8 threads started OK.
ININ all 8 threads have finished, took       32 wall s.
TIIN Executing job list for K took    150.40 usr cpu s       0.05 sys cpu s      31.67 wall s
TIIN compute_K_by_boxes took    154.16 usr cpu s       0.07 sys cpu s      35.44 wall s
TI   compute_K_by_boxes_sparse total took    735.72 usr cpu s       0.57 sys cpu s     112.96 wall s
INSC About to truncate FockMatrix, gap of Fprev >=          0.38385622608
TISC symmMatrix::mixed_diff for F vs Fprev maxEigValMovement_mixed took      0.00 usr cpu s       0.00 sys cpu s       0.00 wall s
TISC symmMatrix::eucl_diff for maxEigValMovement_eucl  took      0.04 usr cpu s       0.21 sys cpu s       0.04 wall s
INSC maxEigValMovement_frob  =          0.00694497394
INSC maxEigValMovement_mixed =          0.00552116845
INSC maxEigValMovement_eucl  =          0.00338500050
TISC FockMatrix.eucl_thresh() (with Z) took      0.17 usr cpu s       0.47 sys cpu s       0.11 wall s
INSC Truncated FockMatrix (eucl with Z), selected threshold = 3.77086e-08, returned error =          0, nnz before = 100.0000 %, nnz after = 100.0000 %
INSC Matrix 'S' ( symm ): n =    342, nnz =       116964 <-> 100.00 %, mem usage  0.0005 G
INSC Matrix 'F' ( symm ): n =    342, nnz =       116964 <-> 100.00 %, mem usage  0.0005 G
INSC Matrix 'D' ( symm ): n =    342, nnz =       116964 <-> 100.00 %, mem usage  0.0005 G
INSC nuclearEnergy, energy_2el, energy = 782.160484, 1007.252434, -645.112845
INSC Energy   5 =       -645.11284468219  ( diff     -0.000010470747611 )
INSC calling compute_FDSminusSDF_sparse, n = 342
INDE compute_FDSminusSDF_sparse() start.
TIDE FileWritable::writeAndReadAll took      0.00 usr cpu s       0.00 sys cpu s       0.00 wall s
INDE writeAndReadAll: '0 MB (1 MatrixGeneral, 0 > 1 MB) + 0 MB (9 MatrixSymmetric, 0 > 1 MB) = 0 MB (10 total, 0 > 1 MB)
TISC compute_FDSminusSDF_sparse, F*D mult took      0.02 usr cpu s       0.08 sys cpu s       0.01 wall s
INSC Matrix 'FD before eucl truncation' (normal): n =    342, nnz =       116964 <-> 100.00 %, mem usage  0.0009 G
INSC Matrix 'FD after  eucl truncation' (normal): n =    342, nnz =       116964 <-> 100.00 %, mem usage  0.0009 G
INSC Matrix 'FDS before eucl truncation' (normal): n =    342, nnz =       116964 <-> 100.00 %, mem usage  0.0009 G
INSC Matrix 'FDS after  eucl truncation' (normal): n =    342, nnz =       116964 <-> 100.00 %, mem usage  0.0009 G
INSC compute_FDSminusSDF_sparse ending OK.
TISC compute_FDSminusSDF_sparse took      0.10 usr cpu s       0.29 sys cpu s       0.05 wall s
INSC Matrix 'FDS-SDF' (normal): n =    342, nnz =       116964 <-> 100.00 %, mem usage  0.0009 G
INSC SCF_restricted::get_FDSminusSDF finished.
TISC get_FDSminusSDF took      0.10 usr cpu s       0.29 sys cpu s       0.05 wall s
INSC maxabs FDS-SDF is 0.000313
INSC frob   FDS-SDF is  0.00405
TISC get_error_measure took      0.00 usr cpu s       0.01 sys cpu s       0.00 wall s
INSC entering DIISManagerRestricted::AddIterationToList, IterCount =  4
INSC DIISManagerRestricted::AddIterationToList ending OK.
TISC DIISManagerRestricted::AddIterationToList took      0.00 usr cpu s       0.01 sys cpu s       0.00 wall s
INSC using DIIS to get combined Fock matrix, number of iters used for DIIS:  5
TISC clear_error_matrices took      0.00 usr cpu s       0.00 sys cpu s       0.00 wall s
TISC save_current_fock_as_fprev took      0.00 usr cpu s       0.00 sys cpu s       0.00 wall s
INDE get_dens_from_fock_general, n = 342, use_diagonalization = 0, use_diag_on_error = 1
INDE Before writeAndReadAll(): AllocatorManager statistics:  noOfRealsPerBuffer: 1024 noOfBuffers: 20000 list.size(): 1. Allocated: 0.164 GB, Used: 0.0118 GB, Peak alloc: 0.164 GB.
TIDE FileWritable::writeAndReadAll took      0.00 usr cpu s       0.00 sys cpu s       0.00 wall s
INDE writeAndReadAll sizesStr: '0 MB (1 MatrixGeneral, 0 > 1 MB) + 0 MB (7 MatrixSymmetric, 0 > 1 MB) = 0 MB (8 total, 0 > 1 MB)
INDE After writeAndReadAll(): AllocatorManager statistics:  noOfRealsPerBuffer: 1024 noOfBuffers: 20000 list.size(): 1. Allocated: 0.164 GB, Used: 0.0118 GB, Peak alloc: 0.164 GB.
INDE calling get_dens_from_fock_sparse, n =    342, subspaceErrorLimit = 1e-06
INDE get_dens_from_fock_sparse() start!
INDE After F.readFromFile(): AllocatorManager statistics:  noOfRealsPerBuffer: 1024 noOfBuffers: 20000 list.size(): 1. Allocated: 0.164 GB, Used: 0.0118 GB, Peak alloc: 0.164 GB.
INDE After creating wrapper MatrixType F_w(F): AllocatorManager statistics:  noOfRealsPerBuffer: 1024 noOfBuffers: 20000 list.size(): 1. Allocated: 0.164 GB, Used: 0.0122 GB, Peak alloc: 0.164 GB.
TIDE  F_w to orthogonal basis took      0.02 usr cpu s       0.05 sys cpu s       0.01 wall s
TIDE MatrixType::mixed_diff for maxEigValMovement_mixed took      0.01 usr cpu s       0.01 sys cpu s       0.00 wall s
TIDE symmMatrixWrap::eucl_diff for maxEigValMovement_eucl  took      0.08 usr cpu s       0.37 sys cpu s       0.06 wall s
INDE maxEigValMovement_frob  =          0.00364032097
INDE maxEigValMovement_mixed =          0.00224622900
INDE maxEigValMovement_eucl  =          0.00081091413
INDE lumo before truncation: [ 0.034753220766 , 0.057466272577 ]
INDE homo before truncation: [ -0.358202051887 , -0.347481177053 ]
INDE Truncate matrix F and update intervals for homo and lumo.
INDE Truncating F_ort ( mixed ), selected threshold = 3.82234e-08
INDE Truncated F_ort ( mixed ), selected threshold = 3.82234e-08, returned error =          0, nnz before = 100.0000 %, nnz after = 100.0000 %
TIDE Truncation of F_ort took      0.00 usr cpu s       0.00 sys cpu s       0.00 wall s
INDE Chosen Ergo Wrapper
INDE Creating purification object: N = 342 , nocc = 47 , NNZ = 116964  <-> 100.00000 %
INDE Chosen norm for the truncation: 
INDE mixed
INDE Chosen norm for the stopping criterion: 
INDE mixed
INDE Chosen the NEW stopping criterion.
INDE Allowed error in subspace 7.000000e-07
INDE Chosen SP2 purification method
INDE calling Puri->PurificationStart(), number of threads = 1, trunc norm 'mixed'
TIDE gershgorin took      0.01 usr cpu s       0.00 sys cpu s       0.00 wall s
INDE Gershgorin bounds: [ -59.821397963540 , 100.436640562681 ]
INDE EXPANDED Gershgorin bounds: [ -59.821397978441 , 100.436640577582 ]
INDE Trying to impove bounds using Lanczos algorithm...
TIDE compute_spectrum_bounds took      0.11 usr cpu s       0.42 sys cpu s       0.08 wall s
INDE Spectrum of F: 	 [ -20.624808063009 , 51.714919073606 ]
INDE Transform homo and lumo bounds...
INDE HOMO bounds of X: 	 [ 0.719693069236 , 0.719841270996 ]
INDE LUMO bounds of X: 	 [ 0.714095212213 , 0.714409189784 ]
INDE INIT LUMO: [ 0.714095212213 , 0.714409189784 ]
INDE INIT HOMO: [ 0.280158729004 , 0.280306930764 ]
INDE ESTIMATED NUMBER OF ITERATIONS IS 35
INDE Put eigenvalues of F to the interval [0,1] in reverse order.
TIDE compute_X() took      0.00 usr cpu s       0.00 sys cpu s       0.00 wall s
TIDE prepare_to_purification() took      0.11 usr cpu s       0.42 sys cpu s       0.08 wall s
INDE (EIGV,PARAMS) Requested 0 occipied eigenpair(s).
INDE (EIGV,PARAMS) Requested 0 unoccipied eigenpair(s).
TIDE prepare_to_purification_eigenvectors() took      0.00 usr cpu s       0.00 sys cpu s       0.00 wall s
INDE Starting recursive expansion
INDE     BEFORE ITERATIONS:
TIDE truncate_matrix took      0.00 usr cpu s       0.00 sys cpu s       0.00 wall s
INDE Actual introduced error   0.000000e+00 : nnz before  116964 <-> 100.00 % , nnz after  116964 <-> 100.00 %
TIDE square took      0.02 usr cpu s       0.04 sys cpu s       0.01 wall s
INDE NNZ Xsq = 116964 <-> 100.00 %
TIDE Frobenius norm of X-X^2 took      0.00 usr cpu s       0.00 sys cpu s       0.00 wall s
TIDE Mixed norm of X-X^2 took      0.01 usr cpu s       0.01 sys cpu s       0.00 wall s
TIDE Trace of X-X^2 took      0.00 usr cpu s       0.00 sys cpu s       0.00 wall s
INDE ||X-X^2||_F = 3.852020e+00 , ||X-X^2||_mixed = 1.286055e+00
INDE trace(X-X^2) = 7.012965e+01
INDE trace(X) = 2.342453e+02
TIDE Iteration 0 took      0.02 usr cpu s       0.06 sys cpu s       0.01 wall s
TIDE FileWritable::writeAndReadAll took      0.00 usr cpu s       0.00 sys cpu s       0.00 wall s
INDE writeAndReadAll sizesStr: '0 MB (1 MatrixGeneral, 0 > 1 MB) + 0 MB (13 MatrixSymmetric, 0 > 1 MB) + 0 MB (2 VectorGeneral, 0 > 1 MB) = 0 MB (16 total, 0 > 1 MB)
INDE     ITERATION 1 :
TIDE purify_X took      0.00 usr cpu s       0.00 sys cpu s       0.00 wall s
TIDE truncate_matrix took      0.00 usr cpu s       0.00 sys cpu s       0.00 wall s
INDE Actual introduced error   0.000000e+00 : nnz before  116964 <-> 100.00 % , nnz after  116964 <-> 100.00 %
TIDE square took      0.02 usr cpu s       0.04 sys cpu s       0.01 wall s
INDE NNZ Xsq = 116964 <-> 100.00 %
TIDE Frobenius norm of X-X^2 took      0.00 usr cpu s       0.00 sys cpu s       0.00 wall s
TIDE Mixed norm of X-X^2 took      0.00 usr cpu s       0.02 sys cpu s       0.00 wall s
TIDE Trace of X-X^2 took      0.00 usr cpu s       0.00 sys cpu s       0.00 wall s
INDE ||X-X^2||_F = 4.467937e+00 , ||X-X^2||_mixed = 1.460678e+00
INDE trace(X-X^2) = 8.127623e+01
INDE trace(X) = 1.641156e+02
TIDE Iteration 1 took      0.02 usr cpu s       0.06 sys cpu s       0.01 wall s
INDE     ITERATION 2 :
TIDE purify_X took      0.00 usr cpu s       0.00 sys cpu s       0.00 wall s
TIDE truncate_matrix took      0.00 usr cpu s       0.00 sys cpu s       0.00 wall s
INDE Actual introduced error   0.000000e+00 : nnz before  116964 <-> 100.00 % , nnz after  116964 <-> 100.00 %
TIDE square took      0.02 usr cpu s       0.04 sys cpu s       0.01 wall s
INDE NNZ Xsq = 116964 <-> 100.00 %
TIDE Frobenius norm of X-X^2 took      0.00 usr cpu s       0.00 sys cpu s       0.00 wall s
TIDE Mixed norm of X-X^2 took      0.01 usr cpu s       0.01 sys cpu s       0.00 wall s
TIDE Trace of X-X^2 took      0.00 usr cpu s       0.00 sys cpu s       0.00 wall s
INDE ||X-X^2||_F = 3.254687e+00 , ||X-X^2||_mixed = 1.135624e+00
INDE trace(X-X^2) = 5.849001e+01
INDE trace(X) = 8.283940e+01
INDE Checking stopping criterion...   
INDE Order of convergence cannot be computed
TIDE stopping_criterion took      0.00 usr cpu s       0.00 sys cpu s       0.00 wall s
TIDE Iteration 2 took      0.03 usr cpu s       0.05 sys cpu s       0.01 wall s
INDE     ITERATION 3 :
TIDE purify_X took      0.00 usr cpu s       0.00 sys cpu s       0.00 wall s
TIDE truncate_matrix took      0.00 usr cpu s       0.00 sys cpu s       0.00 wall s
INDE Actual introduced error   0.000000e+00 : nnz before  116964 <-> 100.00 % , nnz after  116964 <-> 100.00 %
TIDE square took      0.02 usr cpu s       0.03 sys cpu s       0.01 wall s
INDE NNZ Xsq = 116964 <-> 100.00 %
TIDE Frobenius norm of X-X^2 took      0.00 usr cpu s       0.00 sys cpu s       0.00 wall s
TIDE Mixed norm of X-X^2 took      0.00 usr cpu s       0.02 sys cpu s       0.00 wall s
TIDE Trace of X-X^2 took      0.00 usr cpu s       0.00 sys cpu s       0.00 wall s
INDE ||X-X^2||_F = 4.290376e+00 , ||X-X^2||_mixed = 1.444682e+00
INDE trace(X-X^2) = 7.741607e+01
INDE trace(X) = 1.413294e+02
INDE Checking stopping criterion...   
INDE Order of convergence cannot be computed
TIDE stopping_criterion took      0.00 usr cpu s       0.00 sys cpu s       0.00 wall s
TIDE Iteration 3 took      0.02 usr cpu s       0.06 sys cpu s       0.01 wall s
INDE     ITERATION 4 :
TIDE purify_X took      0.00 usr cpu s       0.00 sys cpu s       0.00 wall s
TIDE truncate_matrix took      0.00 usr cpu s       0.00 sys cpu s       0.00 wall s
INDE Actual introduced error   0.000000e+00 : nnz before  116964 <-> 100.00 % , nnz after  116964 <-> 100.00 %
TIDE square took      0.01 usr cpu s       0.04 sys cpu s       0.01 wall s
INDE NNZ Xsq = 116964 <-> 100.00 %
TIDE Frobenius norm of X-X^2 took      0.00 usr cpu s       0.00 sys cpu s       0.00 wall s
TIDE Mixed norm of X-X^2 took      0.00 usr cpu s       0.02 sys cpu s       0.00 wall s
TIDE Trace of X-X^2 took      0.00 usr cpu s       0.00 sys cpu s       0.00 wall s
INDE ||X-X^2||_F = 4.003296e+00 , ||X-X^2||_mixed = 1.405990e+00
INDE trace(X-X^2) = 7.177938e+01
INDE trace(X) = 2.187455e+02
INDE Checking stopping criterion...   
INDE Order of convergence cannot be computed
TIDE stopping_criterion took      0.00 usr cpu s       0.00 sys cpu s       0.00 wall s
TIDE Iteration 4 took      0.02 usr cpu s       0.06 sys cpu s       0.01 wall s
INDE     ITERATION 5 :
TIDE purify_X took      0.00 usr cpu s       0.00 sys cpu s       0.00 wall s
TIDE truncate_matrix took      0.00 usr cpu s       0.00 sys cpu s       0.00 wall s
INDE Actual introduced error   0.000000e+00 : nnz before  116964 <-> 100.00 % , nnz after  116964 <-> 100.00 %
TIDE square took      0.01 usr cpu s       0.05 sys cpu s       0.01 wall s
INDE NNZ Xsq = 116964 <-> 100.00 %
TIDE Frobenius norm of X-X^2 took      0.00 usr cpu s       0.00 sys cpu s       0.00 wall s
TIDE Mixed norm of X-X^2 took      0.00 usr cpu s       0.02 sys cpu s       0.00 wall s
TIDE Trace of X-X^2 took      0.00 usr cpu s       0.00 sys cpu s       0.00 wall s
INDE ||X-X^2||_F = 4.268869e+00 , ||X-X^2||_mixed = 1.493203e+00
INDE trace(X-X^2) = 7.626100e+01
INDE trace(X) = 1.469661e+02
INDE Checking stopping criterion...   
INDE Order of convergence cannot be computed
TIDE stopping_criterion took      0.00 usr cpu s       0.00 sys cpu s       0.00 wall s
TIDE Iteration 5 took      0.01 usr cpu s       0.07 sys cpu s       0.01 wall s
INDE     ITERATION 6 :
TIDE purify_X took      0.00 usr cpu s       0.00 sys cpu s       0.00 wall s
TIDE truncate_matrix took      0.00 usr cpu s       0.00 sys cpu s       0.00 wall s
INDE Actual introduced error   0.000000e+00 : nnz before  116964 <-> 100.00 % , nnz after  116964 <-> 100.00 %
TIDE square took      0.02 usr cpu s       0.03 sys cpu s       0.01 wall s
INDE NNZ Xsq = 116964 <-> 100.00 %
TIDE Frobenius norm of X-X^2 took      0.00 usr cpu s       0.00 sys cpu s       0.00 wall s
TIDE Mixed norm of X-X^2 took      0.00 usr cpu s       0.02 sys cpu s       0.00 wall s
TIDE Trace of X-X^2 took      0.00 usr cpu s       0.00 sys cpu s       0.00 wall s
INDE ||X-X^2||_F = 2.734204e+00 , ||X-X^2||_mixed = 1.096784e+00
INDE trace(X-X^2) = 4.779558e+01
INDE trace(X) = 7.070509e+01
INDE Checking stopping criterion...   
INDE Order of convergence cannot be computed
TIDE stopping_criterion took      0.00 usr cpu s       0.00 sys cpu s       0.00 wall s
TIDE Iteration 6 took      0.03 usr cpu s       0.05 sys cpu s       0.01 wall s
INDE     ITERATION 7 :
TIDE purify_X took      0.00 usr cpu s       0.00 sys cpu s       0.00 wall s
TIDE truncate_matrix took      0.00 usr cpu s       0.00 sys cpu s       0.00 wall s
INDE Actual introduced error   0.000000e+00 : nnz before  116964 <-> 100.00 % , nnz after  116964 <-> 100.00 %
TIDE square took      0.01 usr cpu s       0.05 sys cpu s       0.01 wall s
INDE NNZ Xsq = 116964 <-> 100.00 %
TIDE Frobenius norm of X-X^2 took      0.00 usr cpu s       0.00 sys cpu s       0.00 wall s
TIDE Mixed norm of X-X^2 took      0.01 usr cpu s       0.02 sys cpu s       0.00 wall s
TIDE Trace of X-X^2 took      0.00 usr cpu s       0.00 sys cpu s       0.00 wall s
INDE ||X-X^2||_F = 3.850788e+00 , ||X-X^2||_mixed = 1.464406e+00
INDE trace(X-X^2) = 6.763950e+01
INDE trace(X) = 1.185007e+02
INDE Checking stopping criterion...   
INDE Order of convergence cannot be computed
TIDE stopping_criterion took      0.00 usr cpu s       0.00 sys cpu s       0.00 wall s
TIDE Iteration 7 took      0.02 usr cpu s       0.07 sys cpu s       0.01 wall s
INDE     ITERATION 8 :
TIDE purify_X took      0.00 usr cpu s       0.00 sys cpu s       0.00 wall s
TIDE truncate_matrix took      0.00 usr cpu s       0.00 sys cpu s       0.00 wall s
INDE Actual introduced error   0.000000e+00 : nnz before  116964 <-> 100.00 % , nnz after  116964 <-> 100.00 %
TIDE square took      0.02 usr cpu s       0.04 sys cpu s       0.01 wall s
INDE NNZ Xsq = 116964 <-> 100.00 %
TIDE Frobenius norm of X-X^2 took      0.00 usr cpu s       0.00 sys cpu s       0.00 wall s
TIDE Mixed norm of X-X^2 took      0.00 usr cpu s       0.01 sys cpu s       0.00 wall s
TIDE Trace of X-X^2 took      0.00 usr cpu s       0.00 sys cpu s       0.00 wall s
INDE ||X-X^2||_F = 4.120484e+00 , ||X-X^2||_mixed = 1.498162e+00
INDE trace(X-X^2) = 7.299933e+01
INDE trace(X) = 1.861402e+02
INDE Checking stopping criterion...   
INDE Order of convergence cannot be computed
TIDE stopping_criterion took      0.00 usr cpu s       0.00 sys cpu s       0.00 wall s
TIDE Iteration 8 took      0.03 usr cpu s       0.06 sys cpu s       0.01 wall s
INDE     ITERATION 9 :
TIDE purify_X took      0.00 usr cpu s       0.00 sys cpu s       0.00 wall s
TIDE truncate_matrix took      0.00 usr cpu s       0.00 sys cpu s       0.00 wall s
INDE Actual introduced error   0.000000e+00 : nnz before  116964 <-> 100.00 % , nnz after  116964 <-> 100.00 %
TIDE square took      0.01 usr cpu s       0.04 sys cpu s       0.01 wall s
INDE NNZ Xsq = 116964 <-> 100.00 %
TIDE Frobenius norm of X-X^2 took      0.00 usr cpu s       0.00 sys cpu s       0.00 wall s
TIDE Mixed norm of X-X^2 took      0.00 usr cpu s       0.02 sys cpu s       0.00 wall s
TIDE Trace of X-X^2 took      0.00 usr cpu s       0.00 sys cpu s       0.00 wall s
INDE ||X-X^2||_F = 3.665674e+00 , ||X-X^2||_mixed = 1.504885e+00
INDE trace(X-X^2) = 6.284297e+01
INDE trace(X) = 1.131408e+02
INDE Checking stopping criterion...   
INDE Order of convergence cannot be computed
TIDE stopping_criterion took      0.00 usr cpu s       0.00 sys cpu s       0.00 wall s
TIDE Iteration 9 took      0.02 usr cpu s       0.06 sys cpu s       0.01 wall s
INDE     ITERATION 10 :
TIDE purify_X took      0.00 usr cpu s       0.00 sys cpu s       0.00 wall s
TIDE truncate_matrix took      0.00 usr cpu s       0.00 sys cpu s       0.00 wall s
INDE Actual introduced error   0.000000e+00 : nnz before  116964 <-> 100.00 % , nnz after  116964 <-> 100.00 %
TIDE square took      0.02 usr cpu s       0.04 sys cpu s       0.01 wall s
INDE NNZ Xsq = 116964 <-> 100.00 %
TIDE Frobenius norm of X-X^2 took      0.00 usr cpu s       0.00 sys cpu s       0.00 wall s
TIDE Mixed norm of X-X^2 took      0.01 usr cpu s       0.01 sys cpu s       0.00 wall s
TIDE Trace of X-X^2 took      0.00 usr cpu s       0.00 sys cpu s       0.00 wall s
INDE ||X-X^2||_F = 3.888191e+00 , ||X-X^2||_mixed = 1.520343e+00
INDE trace(X-X^2) = 6.812291e+01
INDE trace(X) = 1.759838e+02
INDE Checking stopping criterion...   
INDE Order of convergence cannot be computed
TIDE stopping_criterion took      0.00 usr cpu s       0.00 sys cpu s       0.00 wall s
TIDE Iteration 10 took      0.03 usr cpu s       0.05 sys cpu s       0.01 wall s
INDE     ITERATION 11 :
TIDE purify_X took      0.00 usr cpu s       0.00 sys cpu s       0.00 wall s
TIDE truncate_matrix took      0.00 usr cpu s       0.00 sys cpu s       0.00 wall s
INDE Actual introduced error   0.000000e+00 : nnz before  116964 <-> 100.00 % , nnz after  116964 <-> 100.00 %
TIDE square took      0.02 usr cpu s       0.03 sys cpu s       0.01 wall s
INDE NNZ Xsq = 116964 <-> 100.00 %
TIDE Frobenius norm of X-X^2 took      0.00 usr cpu s       0.00 sys cpu s       0.00 wall s
TIDE Mixed norm of X-X^2 took      0.00 usr cpu s       0.02 sys cpu s       0.00 wall s
TIDE Trace of X-X^2 took      0.00 usr cpu s       0.00 sys cpu s       0.00 wall s
INDE ||X-X^2||_F = 3.436125e+00 , ||X-X^2||_mixed = 1.550217e+00
INDE trace(X-X^2) = 5.634661e+01
INDE trace(X) = 1.078609e+02
INDE Checking stopping criterion...   
INDE Order of convergence cannot be computed
TIDE stopping_criterion took      0.00 usr cpu s       0.00 sys cpu s       0.00 wall s
TIDE Iteration 11 took      0.03 usr cpu s       0.05 sys cpu s       0.01 wall s
INDE     ITERATION 12 :
TIDE purify_X took      0.00 usr cpu s       0.00 sys cpu s       0.00 wall s
TIDE truncate_matrix took      0.00 usr cpu s       0.00 sys cpu s       0.00 wall s
INDE Actual introduced error   0.000000e+00 : nnz before  116964 <-> 100.00 % , nnz after  116964 <-> 100.00 %
TIDE square took      0.01 usr cpu s       0.05 sys cpu s       0.01 wall s
INDE NNZ Xsq = 116964 <-> 100.00 %
TIDE Frobenius norm of X-X^2 took      0.00 usr cpu s       0.00 sys cpu s       0.00 wall s
TIDE Mixed norm of X-X^2 took      0.00 usr cpu s       0.02 sys cpu s       0.00 wall s
TIDE Trace of X-X^2 took      0.00 usr cpu s       0.00 sys cpu s       0.00 wall s
INDE ||X-X^2||_F = 2.133967e+00 , ||X-X^2||_mixed = 1.203824e+00
INDE trace(X-X^2) = 2.957975e+01
INDE trace(X) = 5.151429e+01
INDE Checking stopping criterion...   
INDE Order of convergence cannot be computed
TIDE stopping_criterion took      0.00 usr cpu s       0.00 sys cpu s       0.00 wall s
TIDE Iteration 12 took      0.01 usr cpu s       0.07 sys cpu s       0.01 wall s
INDE     ITERATION 13 :
TIDE purify_X took      0.00 usr cpu s       0.00 sys cpu s       0.00 wall s
TIDE truncate_matrix took      0.00 usr cpu s       0.00 sys cpu s       0.00 wall s
INDE Actual introduced error   0.000000e+00 : nnz before  116964 <-> 100.00 % , nnz after  116964 <-> 100.00 %
TIDE square took      0.03 usr cpu s       0.06 sys cpu s       0.01 wall s
INDE NNZ Xsq = 116964 <-> 100.00 %
TIDE Frobenius norm of X-X^2 took      0.00 usr cpu s       0.00 sys cpu s       0.00 wall s
TIDE Mixed norm of X-X^2 took      0.00 usr cpu s       0.02 sys cpu s       0.00 wall s
TIDE Trace of X-X^2 took      0.00 usr cpu s       0.00 sys cpu s       0.00 wall s
INDE ||X-X^2||_F = 2.856400e+00 , ||X-X^2||_mixed = 1.476438e+00
INDE trace(X-X^2) = 4.203374e+01
INDE trace(X) = 8.109404e+01
INDE Checking stopping criterion...   
INDE Order of convergence cannot be computed
TIDE stopping_criterion took      0.00 usr cpu s       0.00 sys cpu s       0.00 wall s
TIDE Iteration 13 took      0.03 usr cpu s       0.08 sys cpu s       0.01 wall s
INDE     ITERATION 14 :
TIDE purify_X took      0.00 usr cpu s       0.00 sys cpu s       0.00 wall s
TIDE truncate_matrix took      0.00 usr cpu s       0.00 sys cpu s       0.00 wall s
INDE Actual introduced error   0.000000e+00 : nnz before  116964 <-> 100.00 % , nnz after  116964 <-> 100.00 %
TIDE square took      0.01 usr cpu s       0.05 sys cpu s       0.01 wall s
INDE NNZ Xsq = 116964 <-> 100.00 %
TIDE Frobenius norm of X-X^2 took      0.00 usr cpu s       0.00 sys cpu s       0.00 wall s
TIDE Mixed norm of X-X^2 took      0.00 usr cpu s       0.02 sys cpu s       0.00 wall s
TIDE Trace of X-X^2 took      0.00 usr cpu s       0.00 sys cpu s       0.00 wall s
INDE ||X-X^2||_F = 3.137421e+00 , ||X-X^2||_mixed = 1.633220e+00
INDE trace(X-X^2) = 4.810016e+01
INDE trace(X) = 1.231278e+02
INDE Checking stopping criterion...   
INDE Order of convergence cannot be computed
TIDE stopping_criterion took      0.00 usr cpu s       0.00 sys cpu s       0.00 wall s
TIDE Iteration 14 took      0.02 usr cpu s       0.07 sys cpu s       0.01 wall s
INDE     ITERATION 15 :
TIDE purify_X took      0.00 usr cpu s       0.00 sys cpu s       0.00 wall s
TIDE truncate_matrix took      0.00 usr cpu s       0.00 sys cpu s       0.00 wall s
INDE Actual introduced error   0.000000e+00 : nnz before  116964 <-> 100.00 % , nnz after  116964 <-> 100.00 %
TIDE square took      0.01 usr cpu s       0.04 sys cpu s       0.01 wall s
INDE NNZ Xsq = 116964 <-> 100.00 %
TIDE Frobenius norm of X-X^2 took      0.00 usr cpu s       0.00 sys cpu s       0.00 wall s
TIDE Mixed norm of X-X^2 took      0.00 usr cpu s       0.02 sys cpu s       0.00 wall s
TIDE Trace of X-X^2 took      0.00 usr cpu s       0.00 sys cpu s       0.00 wall s
INDE ||X-X^2||_F = 2.538274e+00 , ||X-X^2||_mixed = 1.427854e+00
INDE trace(X-X^2) = 3.388055e+01
INDE trace(X) = 7.502762e+01
INDE Checking stopping criterion...   
INDE Order of convergence cannot be computed
TIDE stopping_criterion took      0.00 usr cpu s       0.00 sys cpu s       0.00 wall s
TIDE Iteration 15 took      0.02 usr cpu s       0.06 sys cpu s       0.01 wall s
INDE     ITERATION 16 :
TIDE purify_X took      0.00 usr cpu s       0.00 sys cpu s       0.00 wall s
TIDE truncate_matrix took      0.00 usr cpu s       0.00 sys cpu s       0.00 wall s
INDE Actual introduced error   0.000000e+00 : nnz before  116964 <-> 100.00 % , nnz after  116964 <-> 100.00 %
TIDE square took      0.00 usr cpu s       0.05 sys cpu s       0.01 wall s
INDE NNZ Xsq = 116964 <-> 100.00 %
TIDE Frobenius norm of X-X^2 took      0.00 usr cpu s       0.00 sys cpu s       0.00 wall s
TIDE Mixed norm of X-X^2 took      0.00 usr cpu s       0.01 sys cpu s       0.00 wall s
TIDE Trace of X-X^2 took      0.00 usr cpu s       0.00 sys cpu s       0.00 wall s
INDE ||X-X^2||_F = 2.741256e+00 , ||X-X^2||_mixed = 1.619459e+00
INDE trace(X-X^2) = 3.724898e+01
INDE trace(X) = 1.089082e+02
INDE Checking stopping criterion...   
INDE Order of convergence cannot be computed
TIDE stopping_criterion took      0.00 usr cpu s       0.00 sys cpu s       0.00 wall s
TIDE Iteration 16 took      0.01 usr cpu s       0.07 sys cpu s       0.01 wall s
INDE     ITERATION 17 :
TIDE purify_X took      0.00 usr cpu s       0.00 sys cpu s       0.00 wall s
TIDE truncate_matrix took      0.00 usr cpu s       0.00 sys cpu s       0.00 wall s
INDE Actual introduced error   0.000000e+00 : nnz before  116964 <-> 100.00 % , nnz after  116964 <-> 100.00 %
TIDE square took      0.01 usr cpu s       0.04 sys cpu s       0.01 wall s
INDE NNZ Xsq = 116964 <-> 100.00 %
TIDE Frobenius norm of X-X^2 took      0.00 usr cpu s       0.00 sys cpu s       0.00 wall s
TIDE Mixed norm of X-X^2 took      0.01 usr cpu s       0.01 sys cpu s       0.00 wall s
TIDE Trace of X-X^2 took      0.00 usr cpu s       0.00 sys cpu s       0.00 wall s
INDE ||X-X^2||_F = 2.196796e+00 , ||X-X^2||_mixed = 1.348170e+00
INDE trace(X-X^2) = 2.633662e+01
INDE trace(X) = 7.165919e+01
INDE Checking stopping criterion...   
INDE Order of convergence cannot be computed
TIDE stopping_criterion took      0.00 usr cpu s       0.00 sys cpu s       0.00 wall s
TIDE Iteration 17 took      0.02 usr cpu s       0.06 sys cpu s       0.01 wall s
INDE     ITERATION 18 :
TIDE purify_X took      0.00 usr cpu s       0.00 sys cpu s       0.00 wall s
TIDE truncate_matrix took      0.00 usr cpu s       0.00 sys cpu s       0.00 wall s
INDE Actual introduced error   0.000000e+00 : nnz before  116964 <-> 100.00 % , nnz after  116964 <-> 100.00 %
TIDE square took      0.02 usr cpu s       0.03 sys cpu s       0.01 wall s
INDE NNZ Xsq = 116964 <-> 100.00 %
TIDE Frobenius norm of X-X^2 took      0.00 usr cpu s       0.00 sys cpu s       0.00 wall s
TIDE Mixed norm of X-X^2 took      0.00 usr cpu s       0.02 sys cpu s       0.00 wall s
TIDE Trace of X-X^2 took      0.00 usr cpu s       0.00 sys cpu s       0.00 wall s
INDE ||X-X^2||_F = 1.503643e+00 , ||X-X^2||_mixed = 1.049184e+00
INDE trace(X-X^2) = 1.464943e+01
INDE trace(X) = 4.532257e+01
INDE Checking stopping criterion...   
INDE Order of convergence cannot be computed
TIDE stopping_criterion took      0.00 usr cpu s       0.00 sys cpu s       0.00 wall s
TIDE Iteration 18 took      0.02 usr cpu s       0.05 sys cpu s       0.01 wall s
INDE     ITERATION 19 :
TIDE purify_X took      0.00 usr cpu s       0.00 sys cpu s       0.00 wall s
TIDE truncate_matrix took      0.00 usr cpu s       0.00 sys cpu s       0.00 wall s
INDE Actual introduced error   0.000000e+00 : nnz before  116964 <-> 100.00 % , nnz after  116964 <-> 100.00 %
TIDE square took      0.01 usr cpu s       0.04 sys cpu s       0.01 wall s
INDE NNZ Xsq = 116964 <-> 100.00 %
TIDE Frobenius norm of X-X^2 took      0.00 usr cpu s       0.00 sys cpu s       0.00 wall s
TIDE Mixed norm of X-X^2 took      0.01 usr cpu s       0.01 sys cpu s       0.00 wall s
TIDE Trace of X-X^2 took      0.00 usr cpu s       0.00 sys cpu s       0.00 wall s
INDE ||X-X^2||_F = 1.606024e+00 , ||X-X^2||_mixed = 1.077340e+00
INDE trace(X-X^2) = 1.666677e+01
INDE trace(X) = 5.997200e+01
INDE Checking stopping criterion...   
INDE Order of convergence cannot be computed
TIDE stopping_criterion took      0.00 usr cpu s       0.00 sys cpu s       0.00 wall s
TIDE Iteration 19 took      0.02 usr cpu s       0.06 sys cpu s       0.01 wall s
INDE     ITERATION 20 :
TIDE purify_X took      0.00 usr cpu s       0.00 sys cpu s       0.00 wall s
TIDE truncate_matrix took      0.00 usr cpu s       0.00 sys cpu s       0.00 wall s
INDE Actual introduced error   0.000000e+00 : nnz before  116964 <-> 100.00 % , nnz after  116964 <-> 100.00 %
TIDE square took      0.02 usr cpu s       0.04 sys cpu s       0.01 wall s
INDE NNZ Xsq = 116964 <-> 100.00 %
TIDE Frobenius norm of X-X^2 took      0.00 usr cpu s       0.00 sys cpu s       0.00 wall s
TIDE Mixed norm of X-X^2 took      0.00 usr cpu s       0.02 sys cpu s       0.00 wall s
TIDE Trace of X-X^2 took      0.00 usr cpu s       0.00 sys cpu s       0.00 wall s
INDE ||X-X^2||_F = 1.109702e+00 , ||X-X^2||_mixed = 8.472817e-01
INDE trace(X-X^2) = 8.648886e+00
INDE trace(X) = 4.330522e+01
INDE Checking stopping criterion...   
INDE Order of convergence cannot be computed
TIDE stopping_criterion took      0.00 usr cpu s       0.00 sys cpu s       0.00 wall s
TIDE Iteration 20 took      0.02 usr cpu s       0.06 sys cpu s       0.01 wall s
INDE     ITERATION 21 :
TIDE purify_X took      0.00 usr cpu s       0.00 sys cpu s       0.00 wall s
TIDE truncate_matrix took      0.00 usr cpu s       0.00 sys cpu s       0.00 wall s
INDE Actual introduced error   0.000000e+00 : nnz before  116964 <-> 100.00 % , nnz after  116964 <-> 100.00 %
TIDE square took      0.02 usr cpu s       0.03 sys cpu s       0.01 wall s
INDE NNZ Xsq = 116964 <-> 100.00 %
TIDE Frobenius norm of X-X^2 took      0.00 usr cpu s       0.00 sys cpu s       0.00 wall s
TIDE Mixed norm of X-X^2 took      0.00 usr cpu s       0.02 sys cpu s       0.00 wall s
TIDE Trace of X-X^2 took      0.00 usr cpu s       0.00 sys cpu s       0.00 wall s
INDE ||X-X^2||_F = 9.692759e-01 , ||X-X^2||_mixed = 7.161198e-01
INDE trace(X-X^2) = 8.393568e+00
INDE trace(X) = 5.195411e+01
INDE Checking stopping criterion...   
INDE Order of convergence cannot be computed
TIDE stopping_criterion took      0.00 usr cpu s       0.00 sys cpu s       0.00 wall s
TIDE Iteration 21 took      0.03 usr cpu s       0.05 sys cpu s       0.01 wall s
INDE     ITERATION 22 :
TIDE purify_X took      0.00 usr cpu s       0.00 sys cpu s       0.00 wall s
TIDE truncate_matrix took      0.00 usr cpu s       0.00 sys cpu s       0.00 wall s
INDE Actual introduced error   0.000000e+00 : nnz before  116964 <-> 100.00 % , nnz after  116964 <-> 100.00 %
TIDE square took      0.01 usr cpu s       0.04 sys cpu s       0.01 wall s
INDE NNZ Xsq = 116964 <-> 100.00 %
TIDE Frobenius norm of X-X^2 took      0.00 usr cpu s       0.00 sys cpu s       0.00 wall s
TIDE Mixed norm of X-X^2 took      0.00 usr cpu s       0.02 sys cpu s       0.00 wall s
TIDE Trace of X-X^2 took      0.00 usr cpu s       0.00 sys cpu s       0.00 wall s
INDE ||X-X^2||_F = 1.307904e+00 , ||X-X^2||_mixed = 9.749366e-01
INDE trace(X-X^2) = 1.060139e+01
INDE trace(X) = 6.034768e+01
INDE Checking stopping criterion...   
INDE Order of convergence cannot be computed
TIDE stopping_criterion took      0.00 usr cpu s       0.00 sys cpu s       0.00 wall s
TIDE Iteration 22 took      0.02 usr cpu s       0.06 sys cpu s       0.01 wall s
INDE     ITERATION 23 :
TIDE purify_X took      0.00 usr cpu s       0.00 sys cpu s       0.00 wall s
TIDE truncate_matrix took      0.00 usr cpu s       0.00 sys cpu s       0.00 wall s
INDE Actual introduced error   0.000000e+00 : nnz before  116964 <-> 100.00 % , nnz after  116964 <-> 100.00 %
TIDE square took      0.02 usr cpu s       0.03 sys cpu s       0.01 wall s
INDE NNZ Xsq = 116964 <-> 100.00 %
TIDE Frobenius norm of X-X^2 took      0.00 usr cpu s       0.00 sys cpu s       0.00 wall s
TIDE Mixed norm of X-X^2 took      0.00 usr cpu s       0.01 sys cpu s       0.00 wall s
TIDE Trace of X-X^2 took      0.00 usr cpu s       0.00 sys cpu s       0.00 wall s
INDE ||X-X^2||_F = 5.526940e-01 , ||X-X^2||_mixed = 4.413787e-01
INDE trace(X-X^2) = 3.712556e+00
INDE trace(X) = 4.974629e+01
INDE Checking stopping criterion...   
INDE e_i =4.413787e-01, C*e_{i-1}^q = 3.531946e+00
INDE Order of convergence = 8.228370, stop = 0
TIDE stopping_criterion took      0.00 usr cpu s       0.00 sys cpu s       0.00 wall s
TIDE Iteration 23 took      0.03 usr cpu s       0.05 sys cpu s       0.01 wall s
INDE     ITERATION 24 :
TIDE purify_X took      0.00 usr cpu s       0.00 sys cpu s       0.00 wall s
TIDE truncate_matrix took      0.00 usr cpu s       0.00 sys cpu s       0.00 wall s
INDE Actual introduced error   0.000000e+00 : nnz before  116964 <-> 100.00 % , nnz after  116964 <-> 100.00 %
TIDE square took      0.01 usr cpu s       0.04 sys cpu s       0.01 wall s
INDE NNZ Xsq = 116964 <-> 100.00 %
TIDE Frobenius norm of X-X^2 took      0.00 usr cpu s       0.00 sys cpu s       0.00 wall s
TIDE Mixed norm of X-X^2 took      0.00 usr cpu s       0.01 sys cpu s       0.00 wall s
TIDE Trace of X-X^2 took      0.00 usr cpu s       0.00 sys cpu s       0.00 wall s
INDE ||X-X^2||_F = 3.562834e-01 , ||X-X^2||_mixed = 3.226265e-01
INDE trace(X-X^2) = 1.459728e+00
INDE trace(X) = 4.603373e+01
INDE Checking stopping criterion...   
INDE Order of convergence cannot be computed
TIDE stopping_criterion took      0.00 usr cpu s       0.00 sys cpu s       0.00 wall s
TIDE Iteration 24 took      0.02 usr cpu s       0.06 sys cpu s       0.01 wall s
INDE     ITERATION 25 :
TIDE purify_X took      0.00 usr cpu s       0.00 sys cpu s       0.00 wall s
TIDE truncate_matrix took      0.00 usr cpu s       0.00 sys cpu s       0.00 wall s
INDE Actual introduced error   0.000000e+00 : nnz before  116964 <-> 100.00 % , nnz after  116964 <-> 100.00 %
TIDE square took      0.02 usr cpu s       0.04 sys cpu s       0.01 wall s
INDE NNZ Xsq = 116964 <-> 100.00 %
TIDE Frobenius norm of X-X^2 took      0.00 usr cpu s       0.00 sys cpu s       0.00 wall s
TIDE Mixed norm of X-X^2 took      0.00 usr cpu s       0.01 sys cpu s       0.00 wall s
TIDE Trace of X-X^2 took      0.00 usr cpu s       0.00 sys cpu s       0.00 wall s
INDE ||X-X^2||_F = 1.791538e-01 , ||X-X^2||_mixed = 1.540350e-01
INDE trace(X-X^2) = 8.438010e-01
INDE trace(X) = 4.749346e+01
INDE Checking stopping criterion...   
INDE e_i =1.540350e-01, C*e_{i-1}^q = 1.341731e+00
INDE Order of convergence = 4.646611, stop = 0
TIDE stopping_criterion took      0.00 usr cpu s       0.00 sys cpu s       0.00 wall s
TIDE Iteration 25 took      0.02 usr cpu s       0.06 sys cpu s       0.01 wall s
INDE     ITERATION 26 :
TIDE purify_X took      0.00 usr cpu s       0.00 sys cpu s       0.00 wall s
TIDE truncate_matrix took      0.00 usr cpu s       0.00 sys cpu s       0.00 wall s
INDE Actual introduced error   0.000000e+00 : nnz before  116964 <-> 100.00 % , nnz after  116964 <-> 100.00 %
TIDE square took      0.03 usr cpu s       0.03 sys cpu s       0.01 wall s
INDE NNZ Xsq = 116964 <-> 100.00 %
TIDE Frobenius norm of X-X^2 took      0.00 usr cpu s       0.00 sys cpu s       0.00 wall s
TIDE Mixed norm of X-X^2 took      0.00 usr cpu s       0.02 sys cpu s       0.00 wall s
TIDE Trace of X-X^2 took      0.00 usr cpu s       0.00 sys cpu s       0.00 wall s
INDE ||X-X^2||_F = 2.833507e-01 , ||X-X^2||_mixed = 2.367222e-01
INDE trace(X-X^2) = 1.259242e+00
INDE trace(X) = 4.833726e+01
INDE Checking stopping criterion...   
INDE Order of convergence cannot be computed
TIDE stopping_criterion took      0.00 usr cpu s       0.00 sys cpu s       0.00 wall s
TIDE Iteration 26 took      0.03 usr cpu s       0.05 sys cpu s       0.01 wall s
INDE     ITERATION 27 :
TIDE purify_X took      0.00 usr cpu s       0.00 sys cpu s       0.00 wall s
TIDE truncate_matrix took      0.00 usr cpu s       0.00 sys cpu s       0.00 wall s
INDE Actual introduced error   0.000000e+00 : nnz before  116964 <-> 100.00 % , nnz after  116964 <-> 100.00 %
TIDE square took      0.03 usr cpu s       0.15 sys cpu s       0.02 wall s
INDE NNZ Xsq = 116964 <-> 100.00 %
TIDE Frobenius norm of X-X^2 took      0.00 usr cpu s       0.00 sys cpu s       0.00 wall s
TIDE Mixed norm of X-X^2 took      0.00 usr cpu s       0.01 sys cpu s       0.00 wall s
TIDE Trace of X-X^2 took      0.00 usr cpu s       0.00 sys cpu s       0.00 wall s
INDE ||X-X^2||_F = 3.432008e-02 , ||X-X^2||_mixed = 2.952668e-02
INDE trace(X-X^2) = 1.171222e-01
INDE trace(X) = 4.707802e+01
INDE Checking stopping criterion...   
INDE e_i =2.952668e-02, C*e_{i-1}^q = 1.634110e-01
INDE Order of convergence = 2.914678, stop = 0
TIDE stopping_criterion took      0.00 usr cpu s       0.00 sys cpu s       0.00 wall s
TIDE Iteration 27 took      0.04 usr cpu s       0.16 sys cpu s       0.03 wall s
INDE     ITERATION 28 :
TIDE purify_X took      0.00 usr cpu s       0.00 sys cpu s       0.00 wall s
TIDE truncate_matrix took      0.00 usr cpu s       0.00 sys cpu s       0.00 wall s
INDE Actual introduced error   0.000000e+00 : nnz before  116964 <-> 100.00 % , nnz after  116964 <-> 100.00 %
TIDE square took      0.04 usr cpu s       0.13 sys cpu s       0.03 wall s
INDE NNZ Xsq = 116964 <-> 100.00 %
TIDE Frobenius norm of X-X^2 took      0.00 usr cpu s       0.00 sys cpu s       0.00 wall s
TIDE Mixed norm of X-X^2 took      0.00 usr cpu s       0.02 sys cpu s       0.00 wall s
TIDE Trace of X-X^2 took      0.00 usr cpu s       0.00 sys cpu s       0.00 wall s
INDE ||X-X^2||_F = 2.690948e-02 , ||X-X^2||_mixed = 2.663140e-02
INDE trace(X-X^2) = 4.038492e-02
INDE trace(X) = 4.696090e+01
INDE Checking stopping criterion...   
INDE Order of convergence cannot be computed
TIDE stopping_criterion took      0.00 usr cpu s       0.00 sys cpu s       0.00 wall s
TIDE Iteration 28 took      0.04 usr cpu s       0.15 sys cpu s       0.03 wall s
INDE     ITERATION 29 :
TIDE purify_X took      0.00 usr cpu s       0.00 sys cpu s       0.00 wall s
TIDE truncate_matrix took      0.00 usr cpu s       0.00 sys cpu s       0.00 wall s
INDE Actual introduced error   0.000000e+00 : nnz before  116964 <-> 100.00 % , nnz after  116964 <-> 100.00 %
TIDE square took      0.01 usr cpu s       0.04 sys cpu s       0.01 wall s
INDE NNZ Xsq = 116964 <-> 100.00 %
TIDE Frobenius norm of X-X^2 took      0.00 usr cpu s       0.00 sys cpu s       0.00 wall s
TIDE Mixed norm of X-X^2 took      0.00 usr cpu s       0.01 sys cpu s       0.00 wall s
TIDE Trace of X-X^2 took      0.00 usr cpu s       0.00 sys cpu s       0.00 wall s
INDE ||X-X^2||_F = 1.057450e-03 , ||X-X^2||_mixed = 9.546477e-04
INDE trace(X-X^2) = 2.789339e-03
INDE trace(X) = 4.700128e+01
INDE Checking stopping criterion...   
INDE e_i =9.546477e-04, C*e_{i-1}^q = 6.004431e-03
INDE Order of convergence = 2.522053, stop = 0
TIDE stopping_criterion took      0.00 usr cpu s       0.00 sys cpu s       0.00 wall s
TIDE Iteration 29 took      0.02 usr cpu s       0.06 sys cpu s       0.01 wall s
INDE     ITERATION 30 :
TIDE purify_X took      0.00 usr cpu s       0.00 sys cpu s       0.00 wall s
TIDE truncate_matrix took      0.00 usr cpu s       0.00 sys cpu s       0.00 wall s
INDE Actual introduced error   0.000000e+00 : nnz before  116964 <-> 100.00 % , nnz after  116964 <-> 100.00 %
TIDE square took      0.02 usr cpu s       0.04 sys cpu s       0.01 wall s
INDE NNZ Xsq = 116964 <-> 100.00 %
TIDE Frobenius norm of X-X^2 took      0.00 usr cpu s       0.00 sys cpu s       0.00 wall s
TIDE Mixed norm of X-X^2 took      0.00 usr cpu s       0.01 sys cpu s       0.00 wall s
TIDE Trace of X-X^2 took      0.00 usr cpu s       0.00 sys cpu s       0.00 wall s
INDE ||X-X^2||_F = 1.123519e-03 , ||X-X^2||_mixed = 1.115835e-03
INDE trace(X-X^2) = 1.507434e-03
INDE trace(X) = 4.699849e+01
INDE Checking stopping criterion...   
INDE e_i =1.115835e-03, C*e_{i-1}^q = 4.884620e-03
INDE Order of convergence = 2.407233, stop = 0
TIDE stopping_criterion took      0.00 usr cpu s       0.00 sys cpu s       0.00 wall s
TIDE Iteration 30 took      0.02 usr cpu s       0.05 sys cpu s       0.01 wall s
INDE     ITERATION 31 :
TIDE purify_X took      0.00 usr cpu s       0.00 sys cpu s       0.00 wall s
TIDE truncate_matrix took      0.00 usr cpu s       0.00 sys cpu s       0.00 wall s
INDE Actual introduced error   0.000000e+00 : nnz before  116964 <-> 100.00 % , nnz after  116964 <-> 100.00 %
TIDE square took      0.02 usr cpu s       0.03 sys cpu s       0.01 wall s
INDE NNZ Xsq = 116964 <-> 100.00 %
TIDE Frobenius norm of X-X^2 took      0.00 usr cpu s       0.00 sys cpu s       0.00 wall s
TIDE Mixed norm of X-X^2 took      0.00 usr cpu s       0.01 sys cpu s       0.00 wall s
TIDE Trace of X-X^2 took      0.00 usr cpu s       0.00 sys cpu s       0.00 wall s
INDE ||X-X^2||_F = 1.407991e-06 , ||X-X^2||_mixed = 1.348502e-06
INDE trace(X-X^2) = 2.870592e-06
INDE trace(X) = 4.700000e+01
INDE Checking stopping criterion...   
INDE e_i =1.348502e-06, C*e_{i-1}^q = 6.276664e-06
INDE Order of convergence = 2.221140, stop = 0
TIDE stopping_criterion took      0.00 usr cpu s       0.00 sys cpu s       0.00 wall s
TIDE Iteration 31 took      0.03 usr cpu s       0.04 sys cpu s       0.01 wall s
INDE     ITERATION 32 :
TIDE purify_X took      0.00 usr cpu s       0.00 sys cpu s       0.00 wall s
TIDE truncate_matrix took      0.00 usr cpu s       0.00 sys cpu s       0.00 wall s
INDE Actual introduced error   0.000000e+00 : nnz before  116964 <-> 100.00 % , nnz after  116964 <-> 100.00 %
TIDE square took      0.01 usr cpu s       0.04 sys cpu s       0.01 wall s
INDE NNZ Xsq = 116964 <-> 100.00 %
TIDE Frobenius norm of X-X^2 took      0.00 usr cpu s       0.00 sys cpu s       0.00 wall s
TIDE Mixed norm of X-X^2 took      0.01 usr cpu s       0.01 sys cpu s       0.00 wall s
TIDE Trace of X-X^2 took      0.00 usr cpu s       0.00 sys cpu s       0.00 wall s
INDE ||X-X^2||_F = 1.882986e-06 , ||X-X^2||_mixed = 1.756602e-06
INDE trace(X-X^2) = 3.211999e-06
INDE trace(X) = 4.700000e+01
INDE Checking stopping criterion...   
INDE Order of convergence cannot be computed
TIDE stopping_criterion took      0.00 usr cpu s       0.00 sys cpu s       0.00 wall s
TIDE Iteration 32 took      0.03 usr cpu s       0.05 sys cpu s       0.01 wall s
INDE     ITERATION 33 :
TIDE purify_X took      0.00 usr cpu s       0.00 sys cpu s       0.00 wall s
TIDE truncate_matrix took      0.00 usr cpu s       0.00 sys cpu s       0.00 wall s
INDE Actual introduced error   0.000000e+00 : nnz before  116964 <-> 100.00 % , nnz after  116964 <-> 100.00 %
TIDE square took      0.01 usr cpu s       0.04 sys cpu s       0.01 wall s
INDE NNZ Xsq = 116964 <-> 100.00 %
TIDE Frobenius norm of X-X^2 took      0.00 usr cpu s       0.00 sys cpu s       0.00 wall s
TIDE Mixed norm of X-X^2 took      0.01 usr cpu s       0.01 sys cpu s       0.00 wall s
TIDE Trace of X-X^2 took      0.00 usr cpu s       0.00 sys cpu s       0.00 wall s
INDE ||X-X^2||_F = 3.452097e-12 , ||X-X^2||_mixed = 3.369072e-12
INDE trace(X-X^2) = 5.741185e-12
INDE trace(X) = 4.700000e+01
INDE Checking stopping criterion...   
INDE e_i =3.369072e-12, C*e_{i-1}^q = 1.252409e-11
INDE Order of convergence = 2.097142, stop = 0
TIDE stopping_criterion took      0.00 usr cpu s       0.00 sys cpu s       0.00 wall s
TIDE Iteration 33 took      0.02 usr cpu s       0.05 sys cpu s       0.01 wall s
INDE     ITERATION 34 :
TIDE purify_X took      0.00 usr cpu s       0.00 sys cpu s       0.00 wall s
TIDE truncate_matrix took      0.00 usr cpu s       0.00 sys cpu s       0.00 wall s
INDE Actual introduced error   0.000000e+00 : nnz before  116964 <-> 100.00 % , nnz after  116964 <-> 100.00 %
TIDE square took      0.01 usr cpu s       0.05 sys cpu s       0.01 wall s
INDE NNZ Xsq = 116964 <-> 100.00 %
TIDE Frobenius norm of X-X^2 took      0.00 usr cpu s       0.00 sys cpu s       0.00 wall s
TIDE Mixed norm of X-X^2 took      0.00 usr cpu s       0.01 sys cpu s       0.00 wall s
TIDE Trace of X-X^2 took      0.00 usr cpu s       0.00 sys cpu s       0.00 wall s
INDE ||X-X^2||_F = 4.146659e-12 , ||X-X^2||_mixed = 4.146418e-12
INDE trace(X-X^2) = 4.391154e-12
INDE trace(X) = 4.700000e+01
INDE Checking stopping criterion...   
INDE Order of convergence cannot be computed
TIDE stopping_criterion took      0.00 usr cpu s       0.00 sys cpu s       0.00 wall s
TIDE Iteration 34 took      0.02 usr cpu s       0.06 sys cpu s       0.01 wall s
INDE     ITERATION 35 :
TIDE purify_X took      0.00 usr cpu s       0.00 sys cpu s       0.00 wall s
TIDE truncate_matrix took      0.00 usr cpu s       0.00 sys cpu s       0.00 wall s
INDE Actual introduced error   0.000000e+00 : nnz before  116964 <-> 100.00 % , nnz after  116964 <-> 100.00 %
TIDE square took      0.01 usr cpu s       0.04 sys cpu s       0.01 wall s
INDE NNZ Xsq = 116964 <-> 100.00 %
TIDE Frobenius norm of X-X^2 took      0.00 usr cpu s       0.00 sys cpu s       0.00 wall s
TIDE Mixed norm of X-X^2 took      0.00 usr cpu s       0.00 sys cpu s       0.00 wall s
TIDE Trace of X-X^2 took      0.00 usr cpu s       0.00 sys cpu s       0.00 wall s
INDE ||X-X^2||_F = 2.229022e-15 , ||X-X^2||_mixed = 0.000000e+00
INDE trace(X-X^2) = 0.000000e+00
INDE trace(X) = 4.700000e+01
INDE Checking stopping criterion...   
INDE ************************************************************************************************************
INDE The norm value went much below machine precision, therefore we stop here since n_max can be underestimated.
INDE ************************************************************************************************************
INDE e_i =0.000000e+00, C*e_{i-1}^q = 7.817419e-23
INDE Order of convergence = inf, stop = 1
TIDE stopping_criterion took      0.00 usr cpu s       0.00 sys cpu s       0.00 wall s
INDE PURIFICATION CONVERGED after 35 iterations
TIDE Iteration 35 took      0.01 usr cpu s       0.06 sys cpu s       0.01 wall s
INDE Number of non-zeros in D is  116964 <-> 100.00 %
TIDE FileWritable::writeAndReadAll took      0.00 usr cpu s       0.00 sys cpu s       0.00 wall s
INDE writeAndReadAll sizesStr: '0 MB (1 MatrixGeneral, 0 > 1 MB) + 0 MB (13 MatrixSymmetric, 0 > 1 MB) + 0 MB (2 VectorGeneral, 0 > 1 MB) = 0 MB (16 total, 0 > 1 MB)
INDE TOTAL accumulated subspace error is 0.000000e+00
INDE TOTAL X square time: 0.292243 wall s
INDE TOTAL X trunction time: 0.008004 wall s
INDE TOTAL X purify (exl. X^2 computation) time: 0.007736 wall s
INDE TOTAL time to get number of non-zero elements: 0.001412 wall s
INDE TOTAL time to get mixed norm: 0.080880 wall s
INDE TOTAL time to get Frobenius norm: 0.008870 wall s
INDE TOTAL time for stopping criterion: 0.001569 wall s
INDE TOTAL time to get matrix trace: 0.000745 wall s
INDE Estimated bounds for the eigenvalues for the Fock matrix:
INDE LUMO: [ 0.035552907426 , 0.056509181574 ]
INDE HOMO: [ -0.357285697112 , -0.348195196215 ]
TIDE eigenvalue_bounds_estimation() took      0.00 usr cpu s       0.00 sys cpu s       0.00 wall s
TIDE Recursive expansion took      0.97 usr cpu s       2.72 sys cpu s       0.48 wall s
TIDE Puri->PurificationStart() took      0.97 usr cpu s       2.72 sys cpu s       0.48 wall s
TIDE Accumulated wall times for writeToFile in PurificationStart()          : 9.5e-07 s (MatrixGeneral) + 1.9e-06 s (MatrixSymmetric) + 0.00013 s (VectorGeneral) = 0.00013 s
TIDE Accumulated wall times for readFromFile in PurificationStart()         : 0 s (MatrixGeneral) + 0 s (MatrixSymmetric) + 3.9e-05 s (VectorGeneral) = 3.9e-05 s
TIDE Accumulated wall times for copy and assign in PurificationStart()      : 9.5e-07 s (MatrixSymmetric) + 4.6e-05 s (VectorGeneral) = 4.7e-05 s
INDE Number of calls to writeToFile in PurificationStart()                  : 2 (MatrixGeneral) + 27 (MatrixSymmetric) + 1468 (VectorGeneral) = 1497 
INDE Number of calls to readFromFile in PurificationStart()                 : 2 (MatrixGeneral) + 26 (MatrixSymmetric) + 561 (VectorGeneral) = 589 
INDE Number of calls to FileWritable copy and assign in PurificationStart() : 2 (MatrixSymmetric) + 37 (VectorGeneral) = 39 
TIDE mat::Gblas::time after purification :     2.494600
INDE Created .m files with results of the purification
INDE Purification converged OK, subspaceError <=          0.00000000000
INDE E(LUMO) - E(HOMO) >=          0.38374810364 =         10.44231791925 eV
INDE E(LUMO) - E(HOMO) <=          0.41379487869 =         11.25993232438 eV
INDE HOMO interval : [   -0.357285697112   -0.348195196215 ]
INDE LUMO interval : [    0.035552907426    0.056509181574 ]
INDE Trace of resulting density matrix is         47.00000000000, error is   0.00000000000000.
INDE Truncated D_ort ( mixed ), selected threshold = 9.99999e-08, returned error =          0, nnz before = 116964 <-> 100.0000 %, nnz after = 116964 <-> 100.0000 %
TIDE FileWritable::writeAndReadAll took      0.00 usr cpu s       0.00 sys cpu s       0.00 wall s
INDE writeAndReadAll sizesStr: '0 MB (1 MatrixGeneral, 0 > 1 MB) + 0 MB (12 MatrixSymmetric, 0 > 1 MB) + 0 MB (1 MatrixTriangular, 0 > 1 MB) = 0 MB (14 total, 0 > 1 MB)
TIDE D_w to non-orthogonal basis took      0.01 usr cpu s       0.04 sys cpu s       0.01 wall s
INDE Truncated D_S (eucl with Z), selected threshold = 9.99999e-08, returned error =          0, nnz before = 100.0000 %, nnz after = 100.0000 %
INDE get_dens_from_fock_sparse ending OK
TIDE get_dens_from_fock_sparse took      1.27 usr cpu s       3.83 sys cpu s       0.67 wall s
ERDE get_dens_from_fock  (GetDensFromFock class) : purification finished OK.
TIDE get_dens_from_fock took      1.27 usr cpu s       3.83 sys cpu s       0.67 wall s
INSC Matrix 'new density matrix' ( symm ): n =    342, nnz =       116964 <-> 100.00 %, mem usage  0.0005 G
INSC Tr( D * S ) =         93.99999999993
TISC get_new_density_matrix took      1.27 usr cpu s       3.83 sys cpu s       0.67 wall s
INSC SCF_restricted::report_density_difference, diff_eucl =          0.08901016830
TISC SCF_restricted::report_density_difference took      0.02 usr cpu s       0.07 sys cpu s       0.02 wall s
INMA ddf_writeShellListAndDensityMatricesToFile_sparse, n =    342, densityMatrixList[0].nvalues =       58653
INMA opened temporary file 'density.bin.DIPJ99' for writing
INMA Choosing matrixStorageType = MATRIX_STORAGE_TYPE_TRIANGLE.
INMA fileSize =          560392 bytes =      0.560 MegaBytes
INMA renamed file 'density.bin.DIPJ99' to 'density.bin'
INMA ddf_writeShellListAndDensityMatricesToFile_sparse freeing buffer.
INMA ddf_writeShellListAndDensityMatricesToFile_sparse returning OK.
TISC write_density_to_file took      0.02 usr cpu s       0.04 sys cpu s       0.01 wall s
INSC Creating mtx file for Fock matrix
INSC Creating mtx file for density matrix
INSC SCF cycle   5 finished.
TISC SCF cycle   5 took    963.05 usr cpu s       6.11 sys cpu s     153.32 wall s
INSC Beginning of SCF cycle 6:  Thu Dec 18 16:01:07 2025
INDE compute_J_by_boxes_sparse() start.
TIDE FileWritable::writeAndReadAll took      0.00 usr cpu s       0.00 sys cpu s       0.00 wall s
INDE writeAndReadAll: '0 MB (1 MatrixGeneral, 0 > 1 MB) + 0 MB (11 MatrixSymmetric, 0 > 1 MB) = 0 MB (12 total, 0 > 1 MB)
IN   compute_J_by_boxes_sparse, maxDensityMatrixElement =         22.36674900066
ININ get_basis_func_pair_list, n =    342
ININ create_box_system end OK, toplevelBoxSize:   7.0, #levels:  3, #boxes at top level:      6
TIIN get_basis_func_pair_list_2el took      0.16 usr cpu s       0.00 sys cpu s       0.16 wall s
IN   compute_J_by_boxes_sparse: noOfBasisFuncIndexPairs = 52606 ==> storing  44.98 % of a full matrix
ININ entering compute_J_by_boxes_linear, no of basis funcs =   342, threshold_J =   1e-12
ININ use_fmm = 1, fmm_box_size =   5.00
TIIN Compute extent for all distrs took      0.47 usr cpu s       0.00 sys cpu s       0.47 wall s
ININ extent_min =    0.000, extent_max =   19.783
ININ Creating list of distributions etc done, distrCount =    353701
TIIN Creating list of distributions etc took      0.68 usr cpu s       0.02 sys cpu s       0.70 wall s
ININ create_box_system end OK, toplevelBoxSize:   5.0, #levels:  3, #boxes at top level:     10
TIIN Creating boxes took      0.04 usr cpu s       0.01 sys cpu s       0.04 wall s
ININ noOfBranches = 5, splitters:  10.00  5.00  2.50  0.00
ININ J org done, groupCount =    15566
TIIN J org took      1.57 usr cpu s       0.00 sys cpu s       1.57 wall s
TIIN Generate group multipoles took      0.71 usr cpu s       0.00 sys cpu s       0.71 wall s
ININ totChargeWholeSystem =          0.00000000000
ININ Generating multipole for each branch at top level, MAX_MULTIPOLE_DEGREE = 15
TIIN Translate multipoles (step 1) took      0.50 usr cpu s       0.00 sys cpu s       0.50 wall s
TIIN Translate multipoles (step 2) took      0.09 usr cpu s       0.00 sys cpu s       0.09 wall s
ININ job lists for J created OK, noOfJobs_J_standard =     1255, noOfJobs_J_multipole =       40
TIIN Creating job lists for J took      0.00 usr cpu s       0.00 sys cpu s       0.00 wall s
ININ execute_joblist_J_std_threaded, noOfThreads =  8
ININ 8 threads started OK.
ININ all 8 threads have finished.
TIIN execute_joblist_J_std_threaded took    223.10 usr cpu s       0.45 sys cpu s      36.20 wall s
TIIN sort_list_of_multipole_jobs init part took      0.00 usr cpu s       0.00 sys cpu s       0.00 wall s
TIIN sort_list_of_multipole_jobs complete took      0.00 usr cpu s       0.00 sys cpu s       0.00 wall s
TIIN sort_list_of_multipole_jobs took      0.00 usr cpu s       0.00 sys cpu s       0.00 wall s
ININ execute_joblist_J_fmm_shared: Allocating multipoleList_4, maxnoOfMinimalDistrsPerBoxBranch =     65420
ININ execute_joblist_J_fmm_shared: jobIndexLo =            0, jobIndexHi =            5
ININ execute_joblist_J_fmm_shared: Allocating multipoleList_4, maxnoOfMinimalDistrsPerBoxBranch =     65420
ININ execute_joblist_J_fmm_shared: jobIndexLo =            5, jobIndexHi =           10
ININ execute_joblist_J_fmm_shared: Allocating multipoleList_4, maxnoOfMinimalDistrsPerBoxBranch =     65420
ININ execute_joblist_J_fmm_shared: Allocating multipoleList_4, maxnoOfMinimalDistrsPerBoxBranch =     65420
ININ execute_joblist_J_fmm_shared: jobIndexLo =           10, jobIndexHi =           15
ININ execute_joblist_J_fmm_shared: jobIndexLo =           15, jobIndexHi =           20
ININ execute_joblist_J_fmm_shared: Allocating multipoleList_4, maxnoOfMinimalDistrsPerBoxBranch =     65420
ININ execute_joblist_J_fmm_shared: jobIndexLo =           20, jobIndexHi =           25
ININ execute_joblist_J_fmm_shared: Allocating multipoleList_4, maxnoOfMinimalDistrsPerBoxBranch =     65420
ININ execute_joblist_J_fmm_shared: jobIndexLo =           30, jobIndexHi =           35
ININ execute_joblist_J_fmm_shared: Allocating multipoleList_4, maxnoOfMinimalDistrsPerBoxBranch =     65420
ININ execute_joblist_J_fmm_shared: jobIndexLo =           25, jobIndexHi =           30
ININ execute_joblist_J_fmm_shared: Allocating multipoleList_4, maxnoOfMinimalDistrsPerBoxBranch =     65420
ININ execute_joblist_J_fmm_shared: jobIndexLo =           35, jobIndexHi =           40
ININ execute_joblist_J_fmm_shared: done!
ININ execute_joblist_J_fmm_shared: done!
ININ execute_joblist_J_fmm_shared: done!
ININ execute_joblist_J_fmm_shared: done!
ININ execute_joblist_J_fmm_shared: done!
ININ execute_joblist_J_fmm_shared: done!
ININ execute_joblist_J_fmm_shared: done!
ININ execute_joblist_J_fmm_shared: done!
ININ multipole job list for J executed, largest L used: 12
TIIN Executing multipole job list for J took      0.33 usr cpu s       0.00 sys cpu s       0.14 wall s
ININ compute_J_by_boxes_linear ending OK.
TIIN compute_J_by_boxes_linear took    227.04 usr cpu s       0.47 sys cpu s      39.97 wall s
TI   compute_J_by_boxes_sparse total took    227.20 usr cpu s       0.47 sys cpu s      40.14 wall s
ININ entering create_CSR_for_K, no of basis funcs =   342, threshold_K =   1e-12
ININ create_box_system end OK, toplevelBoxSize:   7.0, #levels:  3, #boxes at top level:      6
ININ create_box_system end OK, toplevelBoxSize:   7.0, #levels:  3, #boxes at top level:      6
ININ create_box_system end OK, toplevelBoxSize:   7.0, #levels:  3, #boxes at top level:      6
TIIN create_CSR_for_K getting list of distrs took      0.44 usr cpu s       0.00 sys cpu s       0.44 wall s
ININ list of neighbors complete.
TIIN create_CSR_for_K getting list of neighbors took      0.00 usr cpu s       0.00 sys cpu s       0.00 wall s
TIIN create_CSR_for_K sort each list of neighbors took      0.06 usr cpu s       0.00 sys cpu s       0.06 wall s
ININ 8 threads started OK.
TIIN identify_needed_elements() took    582.36 usr cpu s       0.65 sys cpu s      76.60 wall s
ININ computing nnz..
ININ create_CSR_for_K: predicted nnz =        58653, <->  50.15% of a full matrix
TIIN create_CSR_for_K last part took      0.00 usr cpu s       0.00 sys cpu s       0.00 wall s
TIIN create_CSR_for_K total took    582.87 usr cpu s       0.65 sys cpu s      77.12 wall s
ININ entering compute_K_by_boxes, no of basis funcs =   342, threshold_K =   1e-12, exchange_box_size =   5.00
ININ create_box_system end OK, toplevelBoxSize:   7.0, #levels:  3, #boxes at top level:      6
ININ create_box_system end OK, toplevelBoxSize:   7.0, #levels:  3, #boxes at top level:      6
ININ create_box_system end OK, toplevelBoxSize:   7.0, #levels:  3, #boxes at top level:      6
TIIN Compute extent for all distrs took      0.48 usr cpu s       0.00 sys cpu s       0.48 wall s
ININ Creating list of distributions done, distrCountTot =    353701
TIIN Creating list of distributions took      0.76 usr cpu s       0.00 sys cpu s       0.76 wall s
ININ create_box_system end OK, toplevelBoxSize:   5.0, #levels:  3, #boxes at top level:     10
ININ create_box_system end OK, toplevelBoxSize:   2.5, #levels:  4, #boxes at top level:     16
ININ noOfLevelsBasisFuncs = 4, noOfLevelsDiff = 1
TIIN Creating boxes etc took      0.04 usr cpu s       0.00 sys cpu s       0.04 wall s
TIIN getting multipoleNormVectorList took      0.73 usr cpu s       0.00 sys cpu s       0.73 wall s
TIIN K organize_distributions for all boxes took      1.94 usr cpu s       0.01 sys cpu s       1.96 wall s
ININ starting loop to setup basisFuncGroupInfoList, with added index checks.
TIIN GetLimitsAllLevels took      0.31 usr cpu s       0.00 sys cpu s       0.31 wall s
ININ getDmatLimitMatrixCSRList start.
TIIN getting densityMatrixLimitMatrixList took      0.02 usr cpu s       0.00 sys cpu s       0.02 wall s
ININ job list for K created,       55 jobs
TIIN creating job list for K took      0.00 usr cpu s       0.00 sys cpu s       0.00 wall s
ININ execute_joblist_K_threaded, noOfThreads =  8, basisFuncListCount_max =   325
ININ 8 threads started OK.
ININ all 8 threads have finished, took       32 wall s.
TIIN Executing job list for K took    148.03 usr cpu s       0.08 sys cpu s      31.63 wall s
TIIN compute_K_by_boxes took    151.84 usr cpu s       0.10 sys cpu s      35.45 wall s
TI   compute_K_by_boxes_sparse total took    734.73 usr cpu s       0.75 sys cpu s     112.60 wall s
INSC About to truncate FockMatrix, gap of Fprev >=          0.38374810364
TISC symmMatrix::mixed_diff for F vs Fprev maxEigValMovement_mixed took      0.00 usr cpu s       0.00 sys cpu s       0.00 wall s
TISC symmMatrix::eucl_diff for maxEigValMovement_eucl  took      0.05 usr cpu s       0.23 sys cpu s       0.05 wall s
INSC maxEigValMovement_frob  =          0.00305084432
INSC maxEigValMovement_mixed =          0.00219109972
INSC maxEigValMovement_eucl  =          0.00112362759
TISC FockMatrix.eucl_thresh() (with Z) took      0.16 usr cpu s       0.48 sys cpu s       0.11 wall s
INSC Truncated FockMatrix (eucl with Z), selected threshold = 3.81501e-08, returned error =          0, nnz before = 100.0000 %, nnz after = 100.0000 %
INSC Matrix 'S' ( symm ): n =    342, nnz =       116964 <-> 100.00 %, mem usage  0.0005 G
INSC Matrix 'F' ( symm ): n =    342, nnz =       116964 <-> 100.00 %, mem usage  0.0005 G
INSC Matrix 'D' ( symm ): n =    342, nnz =       116964 <-> 100.00 %, mem usage  0.0005 G
INSC nuclearEnergy, energy_2el, energy = 782.160484, 1007.251944, -645.112846
INSC Energy   6 =       -645.11284558139  ( diff     -0.000000899208999 )
INSC calling compute_FDSminusSDF_sparse, n = 342
INDE compute_FDSminusSDF_sparse() start.
TIDE FileWritable::writeAndReadAll took      0.00 usr cpu s       0.00 sys cpu s       0.00 wall s
INDE writeAndReadAll: '0 MB (1 MatrixGeneral, 0 > 1 MB) + 0 MB (9 MatrixSymmetric, 0 > 1 MB) = 0 MB (10 total, 0 > 1 MB)
TISC compute_FDSminusSDF_sparse, F*D mult took      0.04 usr cpu s       0.07 sys cpu s       0.01 wall s
INSC Matrix 'FD before eucl truncation' (normal): n =    342, nnz =       116964 <-> 100.00 %, mem usage  0.0009 G
INSC Matrix 'FD after  eucl truncation' (normal): n =    342, nnz =       116964 <-> 100.00 %, mem usage  0.0009 G
INSC Matrix 'FDS before eucl truncation' (normal): n =    342, nnz =       116964 <-> 100.00 %, mem usage  0.0009 G
INSC Matrix 'FDS after  eucl truncation' (normal): n =    342, nnz =       116964 <-> 100.00 %, mem usage  0.0009 G
INSC compute_FDSminusSDF_sparse ending OK.
TISC compute_FDSminusSDF_sparse took      0.12 usr cpu s       0.26 sys cpu s       0.05 wall s
INSC Matrix 'FDS-SDF' (normal): n =    342, nnz =       116964 <-> 100.00 %, mem usage  0.0009 G
INSC SCF_restricted::get_FDSminusSDF finished.
TISC get_FDSminusSDF took      0.12 usr cpu s       0.26 sys cpu s       0.05 wall s
INSC maxabs FDS-SDF is 0.000214
INSC frob   FDS-SDF is  0.00191
TISC get_error_measure took      0.00 usr cpu s       0.01 sys cpu s       0.00 wall s
INSC entering DIISManagerRestricted::AddIterationToList, IterCount =  5
INSC DIISManagerRestricted::AddIterationToList ending OK.
TISC DIISManagerRestricted::AddIterationToList took      0.00 usr cpu s       0.02 sys cpu s       0.00 wall s
INSC using DIIS to get combined Fock matrix, number of iters used for DIIS:  6
TISC clear_error_matrices took      0.00 usr cpu s       0.00 sys cpu s       0.00 wall s
TISC save_current_fock_as_fprev took      0.00 usr cpu s       0.00 sys cpu s       0.00 wall s
INDE get_dens_from_fock_general, n = 342, use_diagonalization = 0, use_diag_on_error = 1
INDE Before writeAndReadAll(): AllocatorManager statistics:  noOfRealsPerBuffer: 1024 noOfBuffers: 20000 list.size(): 1. Allocated: 0.164 GB, Used: 0.013 GB, Peak alloc: 0.164 GB.
TIDE FileWritable::writeAndReadAll took      0.00 usr cpu s       0.00 sys cpu s       0.00 wall s
INDE writeAndReadAll sizesStr: '0 MB (1 MatrixGeneral, 0 > 1 MB) + 0 MB (7 MatrixSymmetric, 0 > 1 MB) = 0 MB (8 total, 0 > 1 MB)
INDE After writeAndReadAll(): AllocatorManager statistics:  noOfRealsPerBuffer: 1024 noOfBuffers: 20000 list.size(): 1. Allocated: 0.164 GB, Used: 0.013 GB, Peak alloc: 0.164 GB.
INDE calling get_dens_from_fock_sparse, n =    342, subspaceErrorLimit = 1e-06
INDE get_dens_from_fock_sparse() start!
INDE After F.readFromFile(): AllocatorManager statistics:  noOfRealsPerBuffer: 1024 noOfBuffers: 20000 list.size(): 1. Allocated: 0.164 GB, Used: 0.013 GB, Peak alloc: 0.164 GB.
INDE After creating wrapper MatrixType F_w(F): AllocatorManager statistics:  noOfRealsPerBuffer: 1024 noOfBuffers: 20000 list.size(): 1. Allocated: 0.164 GB, Used: 0.0135 GB, Peak alloc: 0.164 GB.
TIDE  F_w to orthogonal basis took      0.01 usr cpu s       0.05 sys cpu s       0.01 wall s
TIDE MatrixType::mixed_diff for maxEigValMovement_mixed took      0.00 usr cpu s       0.01 sys cpu s       0.00 wall s
TIDE symmMatrixWrap::eucl_diff for maxEigValMovement_eucl  took      0.11 usr cpu s       0.47 sys cpu s       0.07 wall s
INDE maxEigValMovement_frob  =          0.00143109353
INDE maxEigValMovement_mixed =          0.00098595147
INDE maxEigValMovement_eucl  =          0.00036420986
INDE lumo before truncation: [ 0.035188697564 , 0.056873391436 ]
INDE homo before truncation: [ -0.357649906974 , -0.347830986354 ]
INDE Truncate matrix F and update intervals for homo and lumo.
INDE Truncating F_ort ( mixed ), selected threshold = 3.8302e-08
INDE Truncated F_ort ( mixed ), selected threshold = 3.8302e-08, returned error =          0, nnz before = 100.0000 %, nnz after = 100.0000 %
TIDE Truncation of F_ort took      0.00 usr cpu s       0.00 sys cpu s       0.00 wall s
INDE Chosen Ergo Wrapper
INDE Creating purification object: N = 342 , nocc = 47 , NNZ = 116964  <-> 100.00000 %
INDE Chosen norm for the truncation: 
INDE mixed
INDE Chosen norm for the stopping criterion: 
INDE mixed
INDE Chosen the NEW stopping criterion.
INDE Allowed error in subspace 7.000000e-07
INDE Chosen SP2 purification method
INDE calling Puri->PurificationStart(), number of threads = 1, trunc norm 'mixed'
TIDE gershgorin took      0.00 usr cpu s       0.01 sys cpu s       0.00 wall s
INDE Gershgorin bounds: [ -59.820849584453 , 100.436223184035 ]
INDE EXPANDED Gershgorin bounds: [ -59.820849599354 , 100.436223198936 ]
INDE Trying to impove bounds using Lanczos algorithm...
TIDE compute_spectrum_bounds took      0.11 usr cpu s       0.40 sys cpu s       0.08 wall s
INDE Spectrum of F: 	 [ -20.624851872684 , 51.715193987463 ]
INDE Transform homo and lumo bounds...
INDE HOMO bounds of X: 	 [ 0.719698534260 , 0.719834267110 ]
INDE LUMO bounds of X: 	 [ 0.714104062028 , 0.714403822605 ]
INDE INIT LUMO: [ 0.714104062028 , 0.714403822605 ]
INDE INIT HOMO: [ 0.280165732890 , 0.280301465740 ]
INDE ESTIMATED NUMBER OF ITERATIONS IS 35
INDE Put eigenvalues of F to the interval [0,1] in reverse order.
TIDE compute_X() took      0.00 usr cpu s       0.00 sys cpu s       0.00 wall s
TIDE prepare_to_purification() took      0.11 usr cpu s       0.40 sys cpu s       0.08 wall s
INDE (EIGV,PARAMS) Requested 0 occipied eigenpair(s).
INDE (EIGV,PARAMS) Requested 0 unoccipied eigenpair(s).
TIDE prepare_to_purification_eigenvectors() took      0.00 usr cpu s       0.00 sys cpu s       0.00 wall s
INDE Starting recursive expansion
INDE     BEFORE ITERATIONS:
TIDE truncate_matrix took      0.00 usr cpu s       0.00 sys cpu s       0.00 wall s
INDE Actual introduced error   0.000000e+00 : nnz before  116964 <-> 100.00 % , nnz after  116964 <-> 100.00 %
TIDE square took      0.01 usr cpu s       0.05 sys cpu s       0.01 wall s
INDE NNZ Xsq = 116964 <-> 100.00 %
TIDE Frobenius norm of X-X^2 took      0.00 usr cpu s       0.00 sys cpu s       0.00 wall s
TIDE Mixed norm of X-X^2 took      0.00 usr cpu s       0.02 sys cpu s       0.00 wall s
TIDE Trace of X-X^2 took      0.00 usr cpu s       0.00 sys cpu s       0.00 wall s
INDE ||X-X^2||_F = 3.852016e+00 , ||X-X^2||_mixed = 1.286053e+00
INDE trace(X-X^2) = 7.012959e+01
INDE trace(X) = 2.342455e+02
TIDE Iteration 0 took      0.01 usr cpu s       0.07 sys cpu s       0.01 wall s
TIDE FileWritable::writeAndReadAll took      0.00 usr cpu s       0.00 sys cpu s       0.00 wall s
INDE writeAndReadAll sizesStr: '0 MB (1 MatrixGeneral, 0 > 1 MB) + 0 MB (13 MatrixSymmetric, 0 > 1 MB) + 0 MB (2 VectorGeneral, 0 > 1 MB) = 0 MB (16 total, 0 > 1 MB)
INDE     ITERATION 1 :
TIDE purify_X took      0.00 usr cpu s       0.00 sys cpu s       0.00 wall s
TIDE truncate_matrix took      0.00 usr cpu s       0.00 sys cpu s       0.00 wall s
INDE Actual introduced error   0.000000e+00 : nnz before  116964 <-> 100.00 % , nnz after  116964 <-> 100.00 %
TIDE square took      0.01 usr cpu s       0.05 sys cpu s       0.01 wall s
INDE NNZ Xsq = 116964 <-> 100.00 %
TIDE Frobenius norm of X-X^2 took      0.00 usr cpu s       0.00 sys cpu s       0.00 wall s
TIDE Mixed norm of X-X^2 took      0.00 usr cpu s       0.02 sys cpu s       0.00 wall s
TIDE Trace of X-X^2 took      0.00 usr cpu s       0.00 sys cpu s       0.00 wall s
INDE ||X-X^2||_F = 4.467938e+00 , ||X-X^2||_mixed = 1.460677e+00
INDE trace(X-X^2) = 8.127625e+01
INDE trace(X) = 1.641159e+02
TIDE Iteration 1 took      0.01 usr cpu s       0.07 sys cpu s       0.01 wall s
INDE     ITERATION 2 :
TIDE purify_X took      0.00 usr cpu s       0.00 sys cpu s       0.00 wall s
TIDE truncate_matrix took      0.00 usr cpu s       0.00 sys cpu s       0.00 wall s
INDE Actual introduced error   0.000000e+00 : nnz before  116964 <-> 100.00 % , nnz after  116964 <-> 100.00 %
TIDE square took      0.03 usr cpu s       0.03 sys cpu s       0.01 wall s
INDE NNZ Xsq = 116964 <-> 100.00 %
TIDE Frobenius norm of X-X^2 took      0.00 usr cpu s       0.00 sys cpu s       0.00 wall s
TIDE Mixed norm of X-X^2 took      0.01 usr cpu s       0.01 sys cpu s       0.00 wall s
TIDE Trace of X-X^2 took      0.00 usr cpu s       0.00 sys cpu s       0.00 wall s
INDE ||X-X^2||_F = 3.254695e+00 , ||X-X^2||_mixed = 1.135625e+00
INDE trace(X-X^2) = 5.849016e+01
INDE trace(X) = 8.283968e+01
INDE Checking stopping criterion...   
INDE Order of convergence cannot be computed
TIDE stopping_criterion took      0.00 usr cpu s       0.00 sys cpu s       0.00 wall s
TIDE Iteration 2 took      0.04 usr cpu s       0.05 sys cpu s       0.01 wall s
INDE     ITERATION 3 :
TIDE purify_X took      0.00 usr cpu s       0.00 sys cpu s       0.00 wall s
TIDE truncate_matrix took      0.00 usr cpu s       0.00 sys cpu s       0.00 wall s
INDE Actual introduced error   0.000000e+00 : nnz before  116964 <-> 100.00 % , nnz after  116964 <-> 100.00 %
TIDE square took      0.01 usr cpu s       0.04 sys cpu s       0.01 wall s
INDE NNZ Xsq = 116964 <-> 100.00 %
TIDE Frobenius norm of X-X^2 took      0.00 usr cpu s       0.00 sys cpu s       0.00 wall s
TIDE Mixed norm of X-X^2 took      0.00 usr cpu s       0.02 sys cpu s       0.00 wall s
TIDE Trace of X-X^2 took      0.00 usr cpu s       0.00 sys cpu s       0.00 wall s
INDE ||X-X^2||_F = 4.290381e+00 , ||X-X^2||_mixed = 1.444682e+00
INDE trace(X-X^2) = 7.741616e+01
INDE trace(X) = 1.413298e+02
INDE Checking stopping criterion...   
INDE Order of convergence cannot be computed
TIDE stopping_criterion took      0.00 usr cpu s       0.00 sys cpu s       0.00 wall s
TIDE Iteration 3 took      0.02 usr cpu s       0.07 sys cpu s       0.01 wall s
INDE     ITERATION 4 :
TIDE purify_X took      0.00 usr cpu s       0.00 sys cpu s       0.00 wall s
TIDE truncate_matrix took      0.00 usr cpu s       0.00 sys cpu s       0.00 wall s
INDE Actual introduced error   0.000000e+00 : nnz before  116964 <-> 100.00 % , nnz after  116964 <-> 100.00 %
TIDE square took      0.01 usr cpu s       0.04 sys cpu s       0.01 wall s
INDE NNZ Xsq = 116964 <-> 100.00 %
TIDE Frobenius norm of X-X^2 took      0.00 usr cpu s       0.00 sys cpu s       0.00 wall s
TIDE Mixed norm of X-X^2 took      0.00 usr cpu s       0.01 sys cpu s       0.00 wall s
TIDE Trace of X-X^2 took      0.00 usr cpu s       0.00 sys cpu s       0.00 wall s
INDE ||X-X^2||_F = 4.003288e+00 , ||X-X^2||_mixed = 1.405987e+00
INDE trace(X-X^2) = 7.177925e+01
INDE trace(X) = 2.187460e+02
INDE Checking stopping criterion...   
INDE Order of convergence cannot be computed
TIDE stopping_criterion took      0.00 usr cpu s       0.00 sys cpu s       0.00 wall s
TIDE Iteration 4 took      0.02 usr cpu s       0.06 sys cpu s       0.01 wall s
INDE     ITERATION 5 :
TIDE purify_X took      0.00 usr cpu s       0.00 sys cpu s       0.00 wall s
TIDE truncate_matrix took      0.00 usr cpu s       0.00 sys cpu s       0.00 wall s
INDE Actual introduced error   0.000000e+00 : nnz before  116964 <-> 100.00 % , nnz after  116964 <-> 100.00 %
TIDE square took      0.01 usr cpu s       0.04 sys cpu s       0.01 wall s
INDE NNZ Xsq = 116964 <-> 100.00 %
TIDE Frobenius norm of X-X^2 took      0.00 usr cpu s       0.00 sys cpu s       0.00 wall s
TIDE Mixed norm of X-X^2 took      0.00 usr cpu s       0.02 sys cpu s       0.00 wall s
TIDE Trace of X-X^2 took      0.00 usr cpu s       0.00 sys cpu s       0.00 wall s
INDE ||X-X^2||_F = 4.268875e+00 , ||X-X^2||_mixed = 1.493204e+00
INDE trace(X-X^2) = 7.626112e+01
INDE trace(X) = 1.469668e+02
INDE Checking stopping criterion...   
INDE Order of convergence cannot be computed
TIDE stopping_criterion took      0.00 usr cpu s       0.00 sys cpu s       0.00 wall s
TIDE Iteration 5 took      0.02 usr cpu s       0.06 sys cpu s       0.01 wall s
INDE     ITERATION 6 :
TIDE purify_X took      0.00 usr cpu s       0.00 sys cpu s       0.00 wall s
TIDE truncate_matrix took      0.00 usr cpu s       0.00 sys cpu s       0.00 wall s
INDE Actual introduced error   0.000000e+00 : nnz before  116964 <-> 100.00 % , nnz after  116964 <-> 100.00 %
TIDE square took      0.02 usr cpu s       0.04 sys cpu s       0.01 wall s
INDE NNZ Xsq = 116964 <-> 100.00 %
TIDE Frobenius norm of X-X^2 took      0.00 usr cpu s       0.00 sys cpu s       0.00 wall s
TIDE Mixed norm of X-X^2 took      0.00 usr cpu s       0.02 sys cpu s       0.00 wall s
TIDE Trace of X-X^2 took      0.00 usr cpu s       0.00 sys cpu s       0.00 wall s
INDE ||X-X^2||_F = 2.734223e+00 , ||X-X^2||_mixed = 1.096787e+00
INDE trace(X-X^2) = 4.779593e+01
INDE trace(X) = 7.070564e+01
INDE Checking stopping criterion...   
INDE Order of convergence cannot be computed
TIDE stopping_criterion took      0.00 usr cpu s       0.00 sys cpu s       0.00 wall s
TIDE Iteration 6 took      0.02 usr cpu s       0.06 sys cpu s       0.01 wall s
INDE     ITERATION 7 :
TIDE purify_X took      0.00 usr cpu s       0.00 sys cpu s       0.00 wall s
TIDE truncate_matrix took      0.00 usr cpu s       0.00 sys cpu s       0.00 wall s
INDE Actual introduced error   0.000000e+00 : nnz before  116964 <-> 100.00 % , nnz after  116964 <-> 100.00 %
TIDE square took      0.02 usr cpu s       0.05 sys cpu s       0.01 wall s
INDE NNZ Xsq = 116964 <-> 100.00 %
TIDE Frobenius norm of X-X^2 took      0.00 usr cpu s       0.00 sys cpu s       0.00 wall s
TIDE Mixed norm of X-X^2 took      0.01 usr cpu s       0.02 sys cpu s       0.00 wall s
TIDE Trace of X-X^2 took      0.00 usr cpu s       0.00 sys cpu s       0.00 wall s
INDE ||X-X^2||_F = 3.850803e+00 , ||X-X^2||_mixed = 1.464407e+00
INDE trace(X-X^2) = 6.763979e+01
INDE trace(X) = 1.185016e+02
INDE Checking stopping criterion...   
INDE Order of convergence cannot be computed
TIDE stopping_criterion took      0.00 usr cpu s       0.00 sys cpu s       0.00 wall s
TIDE Iteration 7 took      0.03 usr cpu s       0.07 sys cpu s       0.01 wall s
INDE     ITERATION 8 :
TIDE purify_X took      0.00 usr cpu s       0.00 sys cpu s       0.00 wall s
TIDE truncate_matrix took      0.00 usr cpu s       0.00 sys cpu s       0.00 wall s
INDE Actual introduced error   0.000000e+00 : nnz before  116964 <-> 100.00 % , nnz after  116964 <-> 100.00 %
TIDE square took      0.01 usr cpu s       0.05 sys cpu s       0.01 wall s
INDE NNZ Xsq = 116964 <-> 100.00 %
TIDE Frobenius norm of X-X^2 took      0.00 usr cpu s       0.00 sys cpu s       0.00 wall s
TIDE Mixed norm of X-X^2 took      0.00 usr cpu s       0.02 sys cpu s       0.00 wall s
TIDE Trace of X-X^2 took      0.00 usr cpu s       0.00 sys cpu s       0.00 wall s
INDE ||X-X^2||_F = 4.120480e+00 , ||X-X^2||_mixed = 1.498160e+00
INDE trace(X-X^2) = 7.299925e+01
INDE trace(X) = 1.861414e+02
INDE Checking stopping criterion...   
INDE Order of convergence cannot be computed
TIDE stopping_criterion took      0.00 usr cpu s       0.00 sys cpu s       0.00 wall s
TIDE Iteration 8 took      0.02 usr cpu s       0.07 sys cpu s       0.01 wall s
INDE     ITERATION 9 :
TIDE purify_X took      0.00 usr cpu s       0.00 sys cpu s       0.00 wall s
TIDE truncate_matrix took      0.00 usr cpu s       0.00 sys cpu s       0.00 wall s
INDE Actual introduced error   0.000000e+00 : nnz before  116964 <-> 100.00 % , nnz after  116964 <-> 100.00 %
TIDE square took      0.02 usr cpu s       0.04 sys cpu s       0.01 wall s
INDE NNZ Xsq = 116964 <-> 100.00 %
TIDE Frobenius norm of X-X^2 took      0.00 usr cpu s       0.00 sys cpu s       0.00 wall s
TIDE Mixed norm of X-X^2 took      0.00 usr cpu s       0.02 sys cpu s       0.00 wall s
TIDE Trace of X-X^2 took      0.00 usr cpu s       0.00 sys cpu s       0.00 wall s
INDE ||X-X^2||_F = 3.665694e+00 , ||X-X^2||_mixed = 1.504886e+00
INDE trace(X-X^2) = 6.284339e+01
INDE trace(X) = 1.131421e+02
INDE Checking stopping criterion...   
INDE Order of convergence cannot be computed
TIDE stopping_criterion took      0.00 usr cpu s       0.00 sys cpu s       0.00 wall s
TIDE Iteration 9 took      0.02 usr cpu s       0.06 sys cpu s       0.01 wall s
INDE     ITERATION 10 :
TIDE purify_X took      0.00 usr cpu s       0.00 sys cpu s       0.00 wall s
TIDE truncate_matrix took      0.00 usr cpu s       0.00 sys cpu s       0.00 wall s
INDE Actual introduced error   0.000000e+00 : nnz before  116964 <-> 100.00 % , nnz after  116964 <-> 100.00 %
TIDE square took      0.01 usr cpu s       0.04 sys cpu s       0.01 wall s
INDE NNZ Xsq = 116964 <-> 100.00 %
TIDE Frobenius norm of X-X^2 took      0.00 usr cpu s       0.00 sys cpu s       0.00 wall s
TIDE Mixed norm of X-X^2 took      0.00 usr cpu s       0.02 sys cpu s       0.00 wall s
TIDE Trace of X-X^2 took      0.00 usr cpu s       0.00 sys cpu s       0.00 wall s
INDE ||X-X^2||_F = 3.888188e+00 , ||X-X^2||_mixed = 1.520339e+00
INDE trace(X-X^2) = 6.812289e+01
INDE trace(X) = 1.759855e+02
INDE Checking stopping criterion...   
INDE Order of convergence cannot be computed
TIDE stopping_criterion took      0.00 usr cpu s       0.00 sys cpu s       0.00 wall s
TIDE Iteration 10 took      0.02 usr cpu s       0.06 sys cpu s       0.01 wall s
INDE     ITERATION 11 :
TIDE purify_X took      0.00 usr cpu s       0.00 sys cpu s       0.00 wall s
TIDE truncate_matrix took      0.00 usr cpu s       0.00 sys cpu s       0.00 wall s
INDE Actual introduced error   0.000000e+00 : nnz before  116964 <-> 100.00 % , nnz after  116964 <-> 100.00 %
TIDE square took      0.01 usr cpu s       0.06 sys cpu s       0.01 wall s
INDE NNZ Xsq = 116964 <-> 100.00 %
TIDE Frobenius norm of X-X^2 took      0.00 usr cpu s       0.00 sys cpu s       0.00 wall s
TIDE Mixed norm of X-X^2 took      0.00 usr cpu s       0.02 sys cpu s       0.00 wall s
TIDE Trace of X-X^2 took      0.00 usr cpu s       0.00 sys cpu s       0.00 wall s
INDE ||X-X^2||_F = 3.436148e+00 , ||X-X^2||_mixed = 1.550220e+00
INDE trace(X-X^2) = 5.634714e+01
INDE trace(X) = 1.078626e+02
INDE Checking stopping criterion...   
INDE Order of convergence cannot be computed
TIDE stopping_criterion took      0.00 usr cpu s       0.00 sys cpu s       0.00 wall s
TIDE Iteration 11 took      0.02 usr cpu s       0.08 sys cpu s       0.01 wall s
INDE     ITERATION 12 :
TIDE purify_X took      0.00 usr cpu s       0.00 sys cpu s       0.00 wall s
TIDE truncate_matrix took      0.00 usr cpu s       0.00 sys cpu s       0.00 wall s
INDE Actual introduced error   0.000000e+00 : nnz before  116964 <-> 100.00 % , nnz after  116964 <-> 100.00 %
TIDE square took      0.01 usr cpu s       0.04 sys cpu s       0.01 wall s
INDE NNZ Xsq = 116964 <-> 100.00 %
TIDE Frobenius norm of X-X^2 took      0.00 usr cpu s       0.00 sys cpu s       0.00 wall s
TIDE Mixed norm of X-X^2 took      0.00 usr cpu s       0.02 sys cpu s       0.00 wall s
TIDE Trace of X-X^2 took      0.00 usr cpu s       0.00 sys cpu s       0.00 wall s
INDE ||X-X^2||_F = 2.134008e+00 , ||X-X^2||_mixed = 1.203837e+00
INDE trace(X-X^2) = 2.958047e+01
INDE trace(X) = 5.151548e+01
INDE Checking stopping criterion...   
INDE Order of convergence cannot be computed
TIDE stopping_criterion took      0.00 usr cpu s       0.00 sys cpu s       0.00 wall s
TIDE Iteration 12 took      0.02 usr cpu s       0.06 sys cpu s       0.01 wall s
INDE     ITERATION 13 :
TIDE purify_X took      0.00 usr cpu s       0.00 sys cpu s       0.00 wall s
TIDE truncate_matrix took      0.00 usr cpu s       0.00 sys cpu s       0.00 wall s
INDE Actual introduced error   0.000000e+00 : nnz before  116964 <-> 100.00 % , nnz after  116964 <-> 100.00 %
TIDE square took      0.01 usr cpu s       0.05 sys cpu s       0.01 wall s
INDE NNZ Xsq = 116964 <-> 100.00 %
TIDE Frobenius norm of X-X^2 took      0.00 usr cpu s       0.00 sys cpu s       0.00 wall s
TIDE Mixed norm of X-X^2 took      0.01 usr cpu s       0.02 sys cpu s       0.00 wall s
TIDE Trace of X-X^2 took      0.00 usr cpu s       0.00 sys cpu s       0.00 wall s
INDE ||X-X^2||_F = 2.856435e+00 , ||X-X^2||_mixed = 1.476450e+00
INDE trace(X-X^2) = 4.203446e+01
INDE trace(X) = 8.109595e+01
INDE Checking stopping criterion...   
INDE Order of convergence cannot be computed
TIDE stopping_criterion took      0.00 usr cpu s       0.00 sys cpu s       0.00 wall s
TIDE Iteration 13 took      0.02 usr cpu s       0.07 sys cpu s       0.01 wall s
INDE     ITERATION 14 :
TIDE purify_X took      0.00 usr cpu s       0.00 sys cpu s       0.00 wall s
TIDE truncate_matrix took      0.00 usr cpu s       0.00 sys cpu s       0.00 wall s
INDE Actual introduced error   0.000000e+00 : nnz before  116964 <-> 100.00 % , nnz after  116964 <-> 100.00 %
TIDE square took      0.02 usr cpu s       0.03 sys cpu s       0.01 wall s
INDE NNZ Xsq = 116964 <-> 100.00 %
TIDE Frobenius norm of X-X^2 took      0.00 usr cpu s       0.00 sys cpu s       0.00 wall s
TIDE Mixed norm of X-X^2 took      0.01 usr cpu s       0.01 sys cpu s       0.00 wall s
TIDE Trace of X-X^2 took      0.00 usr cpu s       0.00 sys cpu s       0.00 wall s
INDE ||X-X^2||_F = 3.137429e+00 , ||X-X^2||_mixed = 1.633220e+00
INDE trace(X-X^2) = 4.810046e+01
INDE trace(X) = 1.231304e+02
INDE Checking stopping criterion...   
INDE Order of convergence cannot be computed
TIDE stopping_criterion took      0.00 usr cpu s       0.00 sys cpu s       0.00 wall s
TIDE Iteration 14 took      0.04 usr cpu s       0.05 sys cpu s       0.01 wall s
INDE     ITERATION 15 :
TIDE purify_X took      0.00 usr cpu s       0.00 sys cpu s       0.00 wall s
TIDE truncate_matrix took      0.00 usr cpu s       0.00 sys cpu s       0.00 wall s
INDE Actual introduced error   0.000000e+00 : nnz before  116964 <-> 100.00 % , nnz after  116964 <-> 100.00 %
TIDE square took      0.01 usr cpu s       0.05 sys cpu s       0.01 wall s
INDE NNZ Xsq = 116964 <-> 100.00 %
TIDE Frobenius norm of X-X^2 took      0.00 usr cpu s       0.00 sys cpu s       0.00 wall s
TIDE Mixed norm of X-X^2 took      0.00 usr cpu s       0.02 sys cpu s       0.00 wall s
TIDE Trace of X-X^2 took      0.00 usr cpu s       0.00 sys cpu s       0.00 wall s
INDE ||X-X^2||_F = 2.538315e+00 , ||X-X^2||_mixed = 1.427875e+00
INDE trace(X-X^2) = 3.388131e+01
INDE trace(X) = 7.502995e+01
INDE Checking stopping criterion...   
INDE Order of convergence cannot be computed
TIDE stopping_criterion took      0.00 usr cpu s       0.00 sys cpu s       0.00 wall s
TIDE Iteration 15 took      0.01 usr cpu s       0.07 sys cpu s       0.01 wall s
INDE     ITERATION 16 :
TIDE purify_X took      0.00 usr cpu s       0.00 sys cpu s       0.00 wall s
TIDE truncate_matrix took      0.00 usr cpu s       0.00 sys cpu s       0.00 wall s
INDE Actual introduced error   0.000000e+00 : nnz before  116964 <-> 100.00 % , nnz after  116964 <-> 100.00 %
TIDE square took      0.02 usr cpu s       0.04 sys cpu s       0.01 wall s
INDE NNZ Xsq = 116964 <-> 100.00 %
TIDE Frobenius norm of X-X^2 took      0.00 usr cpu s       0.00 sys cpu s       0.00 wall s
TIDE Mixed norm of X-X^2 took      0.01 usr cpu s       0.01 sys cpu s       0.00 wall s
TIDE Trace of X-X^2 took      0.00 usr cpu s       0.00 sys cpu s       0.00 wall s
INDE ||X-X^2||_F = 2.741266e+00 , ||X-X^2||_mixed = 1.619464e+00
INDE trace(X-X^2) = 3.724930e+01
INDE trace(X) = 1.089113e+02
INDE Checking stopping criterion...   
INDE Order of convergence cannot be computed
TIDE stopping_criterion took      0.00 usr cpu s       0.00 sys cpu s       0.00 wall s
TIDE Iteration 16 took      0.03 usr cpu s       0.05 sys cpu s       0.01 wall s
INDE     ITERATION 17 :
TIDE purify_X took      0.00 usr cpu s       0.00 sys cpu s       0.00 wall s
TIDE truncate_matrix took      0.00 usr cpu s       0.00 sys cpu s       0.00 wall s
INDE Actual introduced error   0.000000e+00 : nnz before  116964 <-> 100.00 % , nnz after  116964 <-> 100.00 %
TIDE square took      0.01 usr cpu s       0.04 sys cpu s       0.01 wall s
INDE NNZ Xsq = 116964 <-> 100.00 %
TIDE Frobenius norm of X-X^2 took      0.00 usr cpu s       0.00 sys cpu s       0.00 wall s
TIDE Mixed norm of X-X^2 took      0.00 usr cpu s       0.02 sys cpu s       0.00 wall s
TIDE Trace of X-X^2 took      0.00 usr cpu s       0.00 sys cpu s       0.00 wall s
INDE ||X-X^2||_F = 2.196851e+00 , ||X-X^2||_mixed = 1.348205e+00
INDE trace(X-X^2) = 2.633743e+01
INDE trace(X) = 7.166196e+01
INDE Checking stopping criterion...   
INDE Order of convergence cannot be computed
TIDE stopping_criterion took      0.00 usr cpu s       0.00 sys cpu s       0.00 wall s
TIDE Iteration 17 took      0.02 usr cpu s       0.06 sys cpu s       0.01 wall s
INDE     ITERATION 18 :
TIDE purify_X took      0.00 usr cpu s       0.00 sys cpu s       0.00 wall s
TIDE truncate_matrix took      0.00 usr cpu s       0.00 sys cpu s       0.00 wall s
INDE Actual introduced error   0.000000e+00 : nnz before  116964 <-> 100.00 % , nnz after  116964 <-> 100.00 %
TIDE square took      0.04 usr cpu s       0.02 sys cpu s       0.01 wall s
INDE NNZ Xsq = 116964 <-> 100.00 %
TIDE Frobenius norm of X-X^2 took      0.00 usr cpu s       0.00 sys cpu s       0.00 wall s
TIDE Mixed norm of X-X^2 took      0.00 usr cpu s       0.02 sys cpu s       0.00 wall s
TIDE Trace of X-X^2 took      0.00 usr cpu s       0.00 sys cpu s       0.00 wall s
INDE ||X-X^2||_F = 1.503676e+00 , ||X-X^2||_mixed = 1.049196e+00
INDE trace(X-X^2) = 1.465018e+01
INDE trace(X) = 4.532453e+01
INDE Checking stopping criterion...   
INDE Order of convergence cannot be computed
TIDE stopping_criterion took      0.00 usr cpu s       0.00 sys cpu s       0.00 wall s
TIDE Iteration 18 took      0.04 usr cpu s       0.04 sys cpu s       0.01 wall s
INDE     ITERATION 19 :
TIDE purify_X took      0.00 usr cpu s       0.00 sys cpu s       0.00 wall s
TIDE truncate_matrix took      0.00 usr cpu s       0.00 sys cpu s       0.00 wall s
INDE Actual introduced error   0.000000e+00 : nnz before  116964 <-> 100.00 % , nnz after  116964 <-> 100.00 %
TIDE square took      0.01 usr cpu s       0.05 sys cpu s       0.01 wall s
INDE NNZ Xsq = 116964 <-> 100.00 %
TIDE Frobenius norm of X-X^2 took      0.00 usr cpu s       0.00 sys cpu s       0.00 wall s
TIDE Mixed norm of X-X^2 took      0.00 usr cpu s       0.02 sys cpu s       0.00 wall s
TIDE Trace of X-X^2 took      0.00 usr cpu s       0.00 sys cpu s       0.00 wall s
INDE ||X-X^2||_F = 1.606110e+00 , ||X-X^2||_mixed = 1.077398e+00
INDE trace(X-X^2) = 1.666774e+01
INDE trace(X) = 5.997471e+01
INDE Checking stopping criterion...   
INDE Order of convergence cannot be computed
TIDE stopping_criterion took      0.00 usr cpu s       0.00 sys cpu s       0.00 wall s
TIDE Iteration 19 took      0.02 usr cpu s       0.08 sys cpu s       0.01 wall s
INDE     ITERATION 20 :
TIDE purify_X took      0.00 usr cpu s       0.00 sys cpu s       0.00 wall s
TIDE truncate_matrix took      0.00 usr cpu s       0.00 sys cpu s       0.00 wall s
INDE Actual introduced error   0.000000e+00 : nnz before  116964 <-> 100.00 % , nnz after  116964 <-> 100.00 %
TIDE square took      0.00 usr cpu s       0.05 sys cpu s       0.01 wall s
INDE NNZ Xsq = 116964 <-> 100.00 %
TIDE Frobenius norm of X-X^2 took      0.00 usr cpu s       0.00 sys cpu s       0.00 wall s
TIDE Mixed norm of X-X^2 took      0.01 usr cpu s       0.01 sys cpu s       0.00 wall s
TIDE Trace of X-X^2 took      0.00 usr cpu s       0.00 sys cpu s       0.00 wall s
INDE ||X-X^2||_F = 1.109691e+00 , ||X-X^2||_mixed = 8.472725e-01
INDE trace(X-X^2) = 8.649302e+00
INDE trace(X) = 4.330696e+01
INDE Checking stopping criterion...   
INDE Order of convergence cannot be computed
TIDE stopping_criterion took      0.00 usr cpu s       0.00 sys cpu s       0.00 wall s
TIDE Iteration 20 took      0.02 usr cpu s       0.07 sys cpu s       0.01 wall s
INDE     ITERATION 21 :
TIDE purify_X took      0.00 usr cpu s       0.00 sys cpu s       0.00 wall s
TIDE truncate_matrix took      0.00 usr cpu s       0.00 sys cpu s       0.00 wall s
INDE Actual introduced error   0.000000e+00 : nnz before  116964 <-> 100.00 % , nnz after  116964 <-> 100.00 %
TIDE square took      0.02 usr cpu s       0.03 sys cpu s       0.01 wall s
INDE NNZ Xsq = 116964 <-> 100.00 %
TIDE Frobenius norm of X-X^2 took      0.00 usr cpu s       0.00 sys cpu s       0.00 wall s
TIDE Mixed norm of X-X^2 took      0.00 usr cpu s       0.02 sys cpu s       0.00 wall s
TIDE Trace of X-X^2 took      0.00 usr cpu s       0.00 sys cpu s       0.00 wall s
INDE ||X-X^2||_F = 9.693763e-01 , ||X-X^2||_mixed = 7.161904e-01
INDE trace(X-X^2) = 8.394494e+00
INDE trace(X) = 5.195627e+01
INDE Checking stopping criterion...   
INDE Order of convergence cannot be computed
TIDE stopping_criterion took      0.00 usr cpu s       0.00 sys cpu s       0.00 wall s
TIDE Iteration 21 took      0.03 usr cpu s       0.05 sys cpu s       0.01 wall s
INDE     ITERATION 22 :
TIDE purify_X took      0.00 usr cpu s       0.00 sys cpu s       0.00 wall s
TIDE truncate_matrix took      0.00 usr cpu s       0.00 sys cpu s       0.00 wall s
INDE Actual introduced error   0.000000e+00 : nnz before  116964 <-> 100.00 % , nnz after  116964 <-> 100.00 %
TIDE square took      0.02 usr cpu s       0.04 sys cpu s       0.01 wall s
INDE NNZ Xsq = 116964 <-> 100.00 %
TIDE Frobenius norm of X-X^2 took      0.00 usr cpu s       0.00 sys cpu s       0.00 wall s
TIDE Mixed norm of X-X^2 took      0.00 usr cpu s       0.02 sys cpu s       0.00 wall s
TIDE Trace of X-X^2 took      0.00 usr cpu s       0.00 sys cpu s       0.00 wall s
INDE ||X-X^2||_F = 1.308070e+00 , ||X-X^2||_mixed = 9.750498e-01
INDE trace(X-X^2) = 1.060292e+01
INDE trace(X) = 6.035076e+01
INDE Checking stopping criterion...   
INDE Order of convergence cannot be computed
TIDE stopping_criterion took      0.00 usr cpu s       0.00 sys cpu s       0.00 wall s
TIDE Iteration 22 took      0.03 usr cpu s       0.06 sys cpu s       0.01 wall s
INDE     ITERATION 23 :
TIDE purify_X took      0.00 usr cpu s       0.00 sys cpu s       0.00 wall s
TIDE truncate_matrix took      0.00 usr cpu s       0.00 sys cpu s       0.00 wall s
INDE Actual introduced error   0.000000e+00 : nnz before  116964 <-> 100.00 % , nnz after  116964 <-> 100.00 %
TIDE square took      0.01 usr cpu s       0.04 sys cpu s       0.01 wall s
INDE NNZ Xsq = 116964 <-> 100.00 %
TIDE Frobenius norm of X-X^2 took      0.00 usr cpu s       0.00 sys cpu s       0.00 wall s
TIDE Mixed norm of X-X^2 took      0.00 usr cpu s       0.02 sys cpu s       0.00 wall s
TIDE Trace of X-X^2 took      0.00 usr cpu s       0.00 sys cpu s       0.00 wall s
INDE ||X-X^2||_F = 5.528328e-01 , ||X-X^2||_mixed = 4.414816e-01
INDE trace(X-X^2) = 3.713503e+00
INDE trace(X) = 4.974784e+01
INDE Checking stopping criterion...   
INDE e_i =4.414816e-01, C*e_{i-1}^q = 3.532642e+00
INDE Order of convergence = 8.230100, stop = 0
TIDE stopping_criterion took      0.00 usr cpu s       0.00 sys cpu s       0.00 wall s
TIDE Iteration 23 took      0.02 usr cpu s       0.06 sys cpu s       0.01 wall s
INDE     ITERATION 24 :
TIDE purify_X took      0.00 usr cpu s       0.00 sys cpu s       0.00 wall s
TIDE truncate_matrix took      0.00 usr cpu s       0.00 sys cpu s       0.00 wall s
INDE Actual introduced error   0.000000e+00 : nnz before  116964 <-> 100.00 % , nnz after  116964 <-> 100.00 %
TIDE square took      0.02 usr cpu s       0.03 sys cpu s       0.01 wall s
INDE NNZ Xsq = 116964 <-> 100.00 %
TIDE Frobenius norm of X-X^2 took      0.00 usr cpu s       0.00 sys cpu s       0.00 wall s
TIDE Mixed norm of X-X^2 took      0.00 usr cpu s       0.02 sys cpu s       0.00 wall s
TIDE Trace of X-X^2 took      0.00 usr cpu s       0.00 sys cpu s       0.00 wall s
INDE ||X-X^2||_F = 3.562444e-01 , ||X-X^2||_mixed = 3.225962e-01
INDE trace(X-X^2) = 1.459695e+00
INDE trace(X) = 4.603434e+01
INDE Checking stopping criterion...   
INDE Order of convergence cannot be computed
TIDE stopping_criterion took      0.00 usr cpu s       0.00 sys cpu s       0.00 wall s
TIDE Iteration 24 took      0.03 usr cpu s       0.05 sys cpu s       0.01 wall s
INDE     ITERATION 25 :
TIDE purify_X took      0.00 usr cpu s       0.00 sys cpu s       0.00 wall s
TIDE truncate_matrix took      0.00 usr cpu s       0.00 sys cpu s       0.00 wall s
INDE Actual introduced error   0.000000e+00 : nnz before  116964 <-> 100.00 % , nnz after  116964 <-> 100.00 %
TIDE square took      0.02 usr cpu s       0.03 sys cpu s       0.01 wall s
INDE NNZ Xsq = 116964 <-> 100.00 %
TIDE Frobenius norm of X-X^2 took      0.00 usr cpu s       0.00 sys cpu s       0.00 wall s
TIDE Mixed norm of X-X^2 took      0.00 usr cpu s       0.01 sys cpu s       0.00 wall s
TIDE Trace of X-X^2 took      0.00 usr cpu s       0.00 sys cpu s       0.00 wall s
INDE ||X-X^2||_F = 1.792258e-01 , ||X-X^2||_mixed = 1.540849e-01
INDE trace(X-X^2) = 8.442037e-01
INDE trace(X) = 4.749403e+01
INDE Checking stopping criterion...   
INDE e_i =1.540849e-01, C*e_{i-1}^q = 1.342357e+00
INDE Order of convergence = 4.647540, stop = 0
TIDE stopping_criterion took      0.00 usr cpu s       0.00 sys cpu s       0.00 wall s
TIDE Iteration 25 took      0.03 usr cpu s       0.05 sys cpu s       0.01 wall s
INDE     ITERATION 26 :
TIDE purify_X took      0.00 usr cpu s       0.00 sys cpu s       0.00 wall s
TIDE truncate_matrix took      0.00 usr cpu s       0.00 sys cpu s       0.00 wall s
INDE Actual introduced error   0.000000e+00 : nnz before  116964 <-> 100.00 % , nnz after  116964 <-> 100.00 %
TIDE square took      0.02 usr cpu s       0.04 sys cpu s       0.01 wall s
INDE NNZ Xsq = 116964 <-> 100.00 %
TIDE Frobenius norm of X-X^2 took      0.00 usr cpu s       0.00 sys cpu s       0.00 wall s
TIDE Mixed norm of X-X^2 took      0.00 usr cpu s       0.02 sys cpu s       0.00 wall s
TIDE Trace of X-X^2 took      0.00 usr cpu s       0.00 sys cpu s       0.00 wall s
INDE ||X-X^2||_F = 2.835248e-01 , ||X-X^2||_mixed = 2.368640e-01
INDE trace(X-X^2) = 1.260071e+00
INDE trace(X) = 4.833824e+01
INDE Checking stopping criterion...   
INDE Order of convergence cannot be computed
TIDE stopping_criterion took      0.00 usr cpu s       0.00 sys cpu s       0.00 wall s
TIDE Iteration 26 took      0.02 usr cpu s       0.06 sys cpu s       0.01 wall s
INDE     ITERATION 27 :
TIDE purify_X took      0.00 usr cpu s       0.00 sys cpu s       0.00 wall s
TIDE truncate_matrix took      0.00 usr cpu s       0.00 sys cpu s       0.00 wall s
INDE Actual introduced error   0.000000e+00 : nnz before  116964 <-> 100.00 % , nnz after  116964 <-> 100.00 %
TIDE square took      0.02 usr cpu s       0.04 sys cpu s       0.01 wall s
INDE NNZ Xsq = 116964 <-> 100.00 %
TIDE Frobenius norm of X-X^2 took      0.00 usr cpu s       0.00 sys cpu s       0.00 wall s
TIDE Mixed norm of X-X^2 took      0.00 usr cpu s       0.01 sys cpu s       0.00 wall s
TIDE Trace of X-X^2 took      0.00 usr cpu s       0.00 sys cpu s       0.00 wall s
INDE ||X-X^2||_F = 3.435531e-02 , ||X-X^2||_mixed = 2.955380e-02
INDE trace(X-X^2) = 1.172413e-01
INDE trace(X) = 4.707817e+01
INDE Checking stopping criterion...   
INDE e_i =2.955380e-02, C*e_{i-1}^q = 1.635170e-01
INDE Order of convergence = 2.914692, stop = 0
TIDE stopping_criterion took      0.00 usr cpu s       0.00 sys cpu s       0.00 wall s
TIDE Iteration 27 took      0.03 usr cpu s       0.05 sys cpu s       0.01 wall s
INDE     ITERATION 28 :
TIDE purify_X took      0.00 usr cpu s       0.00 sys cpu s       0.00 wall s
TIDE truncate_matrix took      0.00 usr cpu s       0.00 sys cpu s       0.00 wall s
INDE Actual introduced error   0.000000e+00 : nnz before  116964 <-> 100.00 % , nnz after  116964 <-> 100.00 %
TIDE square took      0.01 usr cpu s       0.04 sys cpu s       0.01 wall s
INDE NNZ Xsq = 116964 <-> 100.00 %
TIDE Frobenius norm of X-X^2 took      0.00 usr cpu s       0.00 sys cpu s       0.00 wall s
TIDE Mixed norm of X-X^2 took      0.00 usr cpu s       0.01 sys cpu s       0.00 wall s
TIDE Trace of X-X^2 took      0.00 usr cpu s       0.00 sys cpu s       0.00 wall s
INDE ||X-X^2||_F = 2.689308e-02 , ||X-X^2||_mixed = 2.661525e-02
INDE trace(X-X^2) = 4.036291e-02
INDE trace(X) = 4.696093e+01
INDE Checking stopping criterion...   
INDE Order of convergence cannot be computed
TIDE stopping_criterion took      0.00 usr cpu s       0.00 sys cpu s       0.00 wall s
TIDE Iteration 28 took      0.02 usr cpu s       0.06 sys cpu s       0.01 wall s
INDE     ITERATION 29 :
TIDE purify_X took      0.00 usr cpu s       0.00 sys cpu s       0.00 wall s
TIDE truncate_matrix took      0.00 usr cpu s       0.00 sys cpu s       0.00 wall s
INDE Actual introduced error   0.000000e+00 : nnz before  116964 <-> 100.00 % , nnz after  116964 <-> 100.00 %
TIDE square took      0.02 usr cpu s       0.04 sys cpu s       0.01 wall s
INDE NNZ Xsq = 116964 <-> 100.00 %
TIDE Frobenius norm of X-X^2 took      0.00 usr cpu s       0.00 sys cpu s       0.00 wall s
TIDE Mixed norm of X-X^2 took      0.00 usr cpu s       0.01 sys cpu s       0.00 wall s
TIDE Trace of X-X^2 took      0.00 usr cpu s       0.00 sys cpu s       0.00 wall s
INDE ||X-X^2||_F = 1.059151e-03 , ||X-X^2||_mixed = 9.559693e-04
INDE trace(X-X^2) = 2.793916e-03
INDE trace(X) = 4.700129e+01
INDE Checking stopping criterion...   
INDE e_i =9.559693e-04, C*e_{i-1}^q = 6.015468e-03
INDE Order of convergence = 2.522318, stop = 0
TIDE stopping_criterion took      0.00 usr cpu s       0.00 sys cpu s       0.00 wall s
TIDE Iteration 29 took      0.02 usr cpu s       0.06 sys cpu s       0.01 wall s
INDE     ITERATION 30 :
TIDE purify_X took      0.00 usr cpu s       0.00 sys cpu s       0.00 wall s
TIDE truncate_matrix took      0.00 usr cpu s       0.00 sys cpu s       0.00 wall s
INDE Actual introduced error   0.000000e+00 : nnz before  116964 <-> 100.00 % , nnz after  116964 <-> 100.00 %
TIDE square took      0.02 usr cpu s       0.04 sys cpu s       0.01 wall s
INDE NNZ Xsq = 116964 <-> 100.00 %
TIDE Frobenius norm of X-X^2 took      0.00 usr cpu s       0.00 sys cpu s       0.00 wall s
TIDE Mixed norm of X-X^2 took      0.00 usr cpu s       0.01 sys cpu s       0.00 wall s
TIDE Trace of X-X^2 took      0.00 usr cpu s       0.00 sys cpu s       0.00 wall s
INDE ||X-X^2||_F = 1.122248e-03 , ||X-X^2||_mixed = 1.114581e-03
INDE trace(X-X^2) = 1.505568e-03
INDE trace(X) = 4.699849e+01
INDE Checking stopping criterion...   
INDE e_i =1.114581e-03, C*e_{i-1}^q = 4.878695e-03
INDE Order of convergence = 2.407140, stop = 0
TIDE stopping_criterion took      0.00 usr cpu s       0.00 sys cpu s       0.00 wall s
TIDE Iteration 30 took      0.02 usr cpu s       0.05 sys cpu s       0.01 wall s
INDE     ITERATION 31 :
TIDE purify_X took      0.00 usr cpu s       0.00 sys cpu s       0.00 wall s
TIDE truncate_matrix took      0.00 usr cpu s       0.00 sys cpu s       0.00 wall s
INDE Actual introduced error   0.000000e+00 : nnz before  116964 <-> 100.00 % , nnz after  116964 <-> 100.00 %
TIDE square took      0.03 usr cpu s       0.03 sys cpu s       0.01 wall s
INDE NNZ Xsq = 116964 <-> 100.00 %
TIDE Frobenius norm of X-X^2 took      0.00 usr cpu s       0.00 sys cpu s       0.00 wall s
TIDE Mixed norm of X-X^2 took      0.00 usr cpu s       0.01 sys cpu s       0.00 wall s
TIDE Trace of X-X^2 took      0.00 usr cpu s       0.00 sys cpu s       0.00 wall s
INDE ||X-X^2||_F = 1.409772e-06 , ||X-X^2||_mixed = 1.349825e-06
INDE trace(X-X^2) = 2.876374e-06
INDE trace(X) = 4.700000e+01
INDE Checking stopping criterion...   
INDE e_i =1.349825e-06, C*e_{i-1}^q = 6.294056e-06
INDE Order of convergence = 2.221441, stop = 0
TIDE stopping_criterion took      0.00 usr cpu s       0.00 sys cpu s       0.00 wall s
TIDE Iteration 31 took      0.03 usr cpu s       0.05 sys cpu s       0.01 wall s
INDE     ITERATION 32 :
TIDE purify_X took      0.00 usr cpu s       0.00 sys cpu s       0.00 wall s
TIDE truncate_matrix took      0.00 usr cpu s       0.00 sys cpu s       0.00 wall s
INDE Actual introduced error   0.000000e+00 : nnz before  116964 <-> 100.00 % , nnz after  116964 <-> 100.00 %
TIDE square took      0.01 usr cpu s       0.05 sys cpu s       0.01 wall s
INDE NNZ Xsq = 116964 <-> 100.00 %
TIDE Frobenius norm of X-X^2 took      0.00 usr cpu s       0.00 sys cpu s       0.00 wall s
TIDE Mixed norm of X-X^2 took      0.00 usr cpu s       0.01 sys cpu s       0.00 wall s
TIDE Trace of X-X^2 took      0.00 usr cpu s       0.00 sys cpu s       0.00 wall s
INDE ||X-X^2||_F = 1.893014e-06 , ||X-X^2||_mixed = 1.765914e-06
INDE trace(X-X^2) = 3.229288e-06
INDE trace(X) = 4.700000e+01
INDE Checking stopping criterion...   
INDE Order of convergence cannot be computed
TIDE stopping_criterion took      0.00 usr cpu s       0.00 sys cpu s       0.00 wall s
TIDE Iteration 32 took      0.01 usr cpu s       0.06 sys cpu s       0.01 wall s
INDE     ITERATION 33 :
TIDE purify_X took      0.00 usr cpu s       0.00 sys cpu s       0.00 wall s
TIDE truncate_matrix took      0.00 usr cpu s       0.00 sys cpu s       0.00 wall s
INDE Actual introduced error   0.000000e+00 : nnz before  116964 <-> 100.00 % , nnz after  116964 <-> 100.00 %
TIDE square took      0.03 usr cpu s       0.03 sys cpu s       0.01 wall s
INDE NNZ Xsq = 116964 <-> 100.00 %
TIDE Frobenius norm of X-X^2 took      0.00 usr cpu s       0.00 sys cpu s       0.00 wall s
TIDE Mixed norm of X-X^2 took      0.00 usr cpu s       0.01 sys cpu s       0.00 wall s
TIDE Trace of X-X^2 took      0.00 usr cpu s       0.00 sys cpu s       0.00 wall s
INDE ||X-X^2||_F = 3.470756e-12 , ||X-X^2||_mixed = 3.387680e-12
INDE trace(X-X^2) = 5.769607e-12
INDE trace(X) = 4.700000e+01
INDE Checking stopping criterion...   
INDE e_i =3.387680e-12, C*e_{i-1}^q = 1.254867e-11
INDE Order of convergence = 2.096886, stop = 0
TIDE stopping_criterion took      0.00 usr cpu s       0.00 sys cpu s       0.00 wall s
TIDE Iteration 33 took      0.04 usr cpu s       0.04 sys cpu s       0.01 wall s
INDE     ITERATION 34 :
TIDE purify_X took      0.00 usr cpu s       0.00 sys cpu s       0.00 wall s
TIDE truncate_matrix took      0.00 usr cpu s       0.00 sys cpu s       0.00 wall s
INDE Actual introduced error   0.000000e+00 : nnz before  116964 <-> 100.00 % , nnz after  116964 <-> 100.00 %
TIDE square took      0.02 usr cpu s       0.04 sys cpu s       0.01 wall s
INDE NNZ Xsq = 116964 <-> 100.00 %
TIDE Frobenius norm of X-X^2 took      0.00 usr cpu s       0.00 sys cpu s       0.00 wall s
TIDE Mixed norm of X-X^2 took      0.00 usr cpu s       0.01 sys cpu s       0.00 wall s
TIDE Trace of X-X^2 took      0.00 usr cpu s       0.00 sys cpu s       0.00 wall s
INDE ||X-X^2||_F = 4.130638e-12 , ||X-X^2||_mixed = 4.130400e-12
INDE trace(X-X^2) = 4.355627e-12
INDE trace(X) = 4.700000e+01
INDE Checking stopping criterion...   
INDE Order of convergence cannot be computed
TIDE stopping_criterion took      0.00 usr cpu s       0.00 sys cpu s       0.00 wall s
TIDE Iteration 34 took      0.03 usr cpu s       0.05 sys cpu s       0.01 wall s
INDE     ITERATION 35 :
TIDE purify_X took      0.00 usr cpu s       0.00 sys cpu s       0.00 wall s
TIDE truncate_matrix took      0.00 usr cpu s       0.00 sys cpu s       0.00 wall s
INDE Actual introduced error   0.000000e+00 : nnz before  116964 <-> 100.00 % , nnz after  116964 <-> 100.00 %
TIDE square took      0.02 usr cpu s       0.03 sys cpu s       0.01 wall s
INDE NNZ Xsq = 116964 <-> 100.00 %
TIDE Frobenius norm of X-X^2 took      0.00 usr cpu s       0.00 sys cpu s       0.00 wall s
TIDE Mixed norm of X-X^2 took      0.00 usr cpu s       0.00 sys cpu s       0.00 wall s
TIDE Trace of X-X^2 took      0.00 usr cpu s       0.00 sys cpu s       0.00 wall s
INDE ||X-X^2||_F = 2.262716e-15 , ||X-X^2||_mixed = 0.000000e+00
INDE trace(X-X^2) = 0.000000e+00
INDE trace(X) = 4.700000e+01
INDE Checking stopping criterion...   
INDE ************************************************************************************************************
INDE The norm value went much below machine precision, therefore we stop here since n_max can be underestimated.
INDE ************************************************************************************************************
INDE e_i =0.000000e+00, C*e_{i-1}^q = 7.904010e-23
INDE Order of convergence = inf, stop = 1
TIDE stopping_criterion took      0.00 usr cpu s       0.00 sys cpu s       0.00 wall s
INDE PURIFICATION CONVERGED after 35 iterations
TIDE Iteration 35 took      0.02 usr cpu s       0.04 sys cpu s       0.01 wall s
INDE Number of non-zeros in D is  116964 <-> 100.00 %
TIDE FileWritable::writeAndReadAll took      0.00 usr cpu s       0.00 sys cpu s       0.00 wall s
INDE writeAndReadAll sizesStr: '0 MB (1 MatrixGeneral, 0 > 1 MB) + 0 MB (13 MatrixSymmetric, 0 > 1 MB) + 0 MB (2 VectorGeneral, 0 > 1 MB) = 0 MB (16 total, 0 > 1 MB)
INDE TOTAL accumulated subspace error is 0.000000e+00
INDE TOTAL X square time: 0.262948 wall s
INDE TOTAL X trunction time: 0.008091 wall s
INDE TOTAL X purify (exl. X^2 computation) time: 0.008228 wall s
INDE TOTAL time to get number of non-zero elements: 0.001403 wall s
INDE TOTAL time to get mixed norm: 0.082502 wall s
INDE TOTAL time to get Frobenius norm: 0.008934 wall s
INDE TOTAL time for stopping criterion: 0.001588 wall s
INDE TOTAL time to get matrix trace: 0.000749 wall s
INDE Estimated bounds for the eigenvalues for the Fock matrix:
INDE LUMO: [ 0.035550952688 , 0.056520120138 ]
INDE HOMO: [ -0.357264056383 , -0.348169816602 ]
TIDE eigenvalue_bounds_estimation() took      0.00 usr cpu s       0.00 sys cpu s       0.00 wall s
TIDE Recursive expansion took      0.97 usr cpu s       2.52 sys cpu s       0.46 wall s
TIDE Puri->PurificationStart() took      0.97 usr cpu s       2.52 sys cpu s       0.46 wall s
TIDE Accumulated wall times for writeToFile in PurificationStart()          : 0 s (MatrixGeneral) + 4.1e-06 s (MatrixSymmetric) + 0.00011 s (VectorGeneral) = 0.00012 s
TIDE Accumulated wall times for readFromFile in PurificationStart()         : 0 s (MatrixGeneral) + 1.2e-06 s (MatrixSymmetric) + 4.8e-05 s (VectorGeneral) = 5e-05 s
TIDE Accumulated wall times for copy and assign in PurificationStart()      : 1.9e-06 s (MatrixSymmetric) + 4.4e-05 s (VectorGeneral) = 4.6e-05 s
INDE Number of calls to writeToFile in PurificationStart()                  : 2 (MatrixGeneral) + 27 (MatrixSymmetric) + 1441 (VectorGeneral) = 1470 
INDE Number of calls to readFromFile in PurificationStart()                 : 2 (MatrixGeneral) + 26 (MatrixSymmetric) + 534 (VectorGeneral) = 562 
INDE Number of calls to FileWritable copy and assign in PurificationStart() : 2 (MatrixSymmetric) + 37 (VectorGeneral) = 39 
TIDE mat::Gblas::time after purification :     2.290118
INDE Created .m files with results of the purification
INDE Purification converged OK, subspaceError <=          0.00000000000
INDE E(LUMO) - E(HOMO) >=          0.38372076929 =         10.44157411366 eV
INDE E(LUMO) - E(HOMO) <=          0.41378417652 =         11.25964110360 eV
INDE HOMO interval : [   -0.357264056383   -0.348169816602 ]
INDE LUMO interval : [    0.035550952688    0.056520120138 ]
INDE Trace of resulting density matrix is         47.00000000000, error is   0.00000000000000.
INDE Truncated D_ort ( mixed ), selected threshold = 9.99999e-08, returned error =          0, nnz before = 116964 <-> 100.0000 %, nnz after = 116964 <-> 100.0000 %
TIDE FileWritable::writeAndReadAll took      0.00 usr cpu s       0.00 sys cpu s       0.00 wall s
INDE writeAndReadAll sizesStr: '0 MB (1 MatrixGeneral, 0 > 1 MB) + 0 MB (12 MatrixSymmetric, 0 > 1 MB) + 0 MB (1 MatrixTriangular, 0 > 1 MB) = 0 MB (14 total, 0 > 1 MB)
TIDE D_w to non-orthogonal basis took      0.01 usr cpu s       0.04 sys cpu s       0.01 wall s
INDE Truncated D_S (eucl with Z), selected threshold = 9.99999e-08, returned error =          0, nnz before = 100.0000 %, nnz after = 100.0000 %
INDE get_dens_from_fock_sparse ending OK
TIDE get_dens_from_fock_sparse took      1.29 usr cpu s       3.76 sys cpu s       0.66 wall s
ERDE get_dens_from_fock  (GetDensFromFock class) : purification finished OK.
TIDE get_dens_from_fock took      1.29 usr cpu s       3.76 sys cpu s       0.66 wall s
INSC Matrix 'new density matrix' ( symm ): n =    342, nnz =       116964 <-> 100.00 %, mem usage  0.0005 G
INSC Tr( D * S ) =         93.99999999996
TISC get_new_density_matrix took      1.29 usr cpu s       3.76 sys cpu s       0.66 wall s
INSC SCF_restricted::report_density_difference, diff_eucl =          0.02843828083
TISC SCF_restricted::report_density_difference took      0.01 usr cpu s       0.06 sys cpu s       0.01 wall s
INMA ddf_writeShellListAndDensityMatricesToFile_sparse, n =    342, densityMatrixList[0].nvalues =       58653
INMA opened temporary file 'density.bin.uE2A8V' for writing
INMA Choosing matrixStorageType = MATRIX_STORAGE_TYPE_TRIANGLE.
INMA fileSize =          560392 bytes =      0.560 MegaBytes
INMA renamed file 'density.bin.uE2A8V' to 'density.bin'
INMA ddf_writeShellListAndDensityMatricesToFile_sparse freeing buffer.
INMA ddf_writeShellListAndDensityMatricesToFile_sparse returning OK.
TISC write_density_to_file took      0.01 usr cpu s       0.04 sys cpu s       0.01 wall s
INSC Creating mtx file for Fock matrix
INSC Creating mtx file for density matrix
INSC SCF cycle   6 finished.
TISC SCF cycle   6 took    963.87 usr cpu s       6.54 sys cpu s     153.95 wall s
INSC Beginning of SCF cycle 7:  Thu Dec 18 16:03:41 2025
INDE compute_J_by_boxes_sparse() start.
TIDE FileWritable::writeAndReadAll took      0.00 usr cpu s       0.00 sys cpu s       0.00 wall s
INDE writeAndReadAll: '0 MB (1 MatrixGeneral, 0 > 1 MB) + 0 MB (11 MatrixSymmetric, 0 > 1 MB) = 0 MB (12 total, 0 > 1 MB)
IN   compute_J_by_boxes_sparse, maxDensityMatrixElement =         22.35612766363
ININ get_basis_func_pair_list, n =    342
ININ create_box_system end OK, toplevelBoxSize:   7.0, #levels:  3, #boxes at top level:      6
TIIN get_basis_func_pair_list_2el took      0.16 usr cpu s       0.00 sys cpu s       0.16 wall s
IN   compute_J_by_boxes_sparse: noOfBasisFuncIndexPairs = 52606 ==> storing  44.98 % of a full matrix
ININ entering compute_J_by_boxes_linear, no of basis funcs =   342, threshold_J =   1e-12
ININ use_fmm = 1, fmm_box_size =   5.00
TIIN Compute extent for all distrs took      0.46 usr cpu s       0.00 sys cpu s       0.46 wall s
ININ extent_min =    0.000, extent_max =   19.778
ININ Creating list of distributions etc done, distrCount =    353701
TIIN Creating list of distributions etc took      0.68 usr cpu s       0.01 sys cpu s       0.69 wall s
ININ create_box_system end OK, toplevelBoxSize:   5.0, #levels:  3, #boxes at top level:     10
TIIN Creating boxes took      0.04 usr cpu s       0.01 sys cpu s       0.04 wall s
ININ noOfBranches = 5, splitters:  10.00  5.00  2.50  0.00
ININ J org done, groupCount =    15565
TIIN J org took      1.61 usr cpu s       0.00 sys cpu s       1.61 wall s
TIIN Generate group multipoles took      0.66 usr cpu s       0.00 sys cpu s       0.66 wall s
ININ totChargeWholeSystem =          0.00000000000
ININ Generating multipole for each branch at top level, MAX_MULTIPOLE_DEGREE = 15
TIIN Translate multipoles (step 1) took      0.46 usr cpu s       0.00 sys cpu s       0.46 wall s
TIIN Translate multipoles (step 2) took      0.09 usr cpu s       0.00 sys cpu s       0.09 wall s
ININ job lists for J created OK, noOfJobs_J_standard =     1255, noOfJobs_J_multipole =       40
TIIN Creating job lists for J took      0.00 usr cpu s       0.00 sys cpu s       0.00 wall s
ININ execute_joblist_J_std_threaded, noOfThreads =  8
ININ 8 threads started OK.
ININ all 8 threads have finished.
TIIN execute_joblist_J_std_threaded took    219.89 usr cpu s       0.16 sys cpu s      35.23 wall s
TIIN sort_list_of_multipole_jobs init part took      0.00 usr cpu s       0.00 sys cpu s       0.00 wall s
TIIN sort_list_of_multipole_jobs complete took      0.00 usr cpu s       0.00 sys cpu s       0.00 wall s
TIIN sort_list_of_multipole_jobs took      0.00 usr cpu s       0.00 sys cpu s       0.00 wall s
ININ execute_joblist_J_fmm_shared: Allocating multipoleList_4, maxnoOfMinimalDistrsPerBoxBranch =     65422
ININ execute_joblist_J_fmm_shared: Allocating multipoleList_4, maxnoOfMinimalDistrsPerBoxBranch =     65422
ININ execute_joblist_J_fmm_shared: jobIndexLo =            0, jobIndexHi =            5
ININ execute_joblist_J_fmm_shared: jobIndexLo =            5, jobIndexHi =           10
ININ execute_joblist_J_fmm_shared: Allocating multipoleList_4, maxnoOfMinimalDistrsPerBoxBranch =     65422
ININ execute_joblist_J_fmm_shared: Allocating multipoleList_4, maxnoOfMinimalDistrsPerBoxBranch =     65422
ININ execute_joblist_J_fmm_shared: jobIndexLo =           15, jobIndexHi =           20
ININ execute_joblist_J_fmm_shared: jobIndexLo =           10, jobIndexHi =           15
ININ execute_joblist_J_fmm_shared: Allocating multipoleList_4, maxnoOfMinimalDistrsPerBoxBranch =     65422
ININ execute_joblist_J_fmm_shared: jobIndexLo =           20, jobIndexHi =           25
ININ execute_joblist_J_fmm_shared: Allocating multipoleList_4, maxnoOfMinimalDistrsPerBoxBranch =     65422
ININ execute_joblist_J_fmm_shared: jobIndexLo =           25, jobIndexHi =           30
ININ execute_joblist_J_fmm_shared: Allocating multipoleList_4, maxnoOfMinimalDistrsPerBoxBranch =     65422
ININ execute_joblist_J_fmm_shared: jobIndexLo =           30, jobIndexHi =           35
ININ execute_joblist_J_fmm_shared: Allocating multipoleList_4, maxnoOfMinimalDistrsPerBoxBranch =     65422
ININ execute_joblist_J_fmm_shared: jobIndexLo =           35, jobIndexHi =           40
ININ execute_joblist_J_fmm_shared: done!
ININ execute_joblist_J_fmm_shared: done!
ININ execute_joblist_J_fmm_shared: done!
ININ execute_joblist_J_fmm_shared: done!
ININ execute_joblist_J_fmm_shared: done!
ININ execute_joblist_J_fmm_shared: done!
ININ execute_joblist_J_fmm_shared: done!
ININ execute_joblist_J_fmm_shared: done!
ININ multipole job list for J executed, largest L used: 12
TIIN Executing multipole job list for J took      0.32 usr cpu s       0.00 sys cpu s       0.13 wall s
ININ compute_J_by_boxes_linear ending OK.
TIIN compute_J_by_boxes_linear took    223.76 usr cpu s       0.18 sys cpu s      38.94 wall s
TI   compute_J_by_boxes_sparse total took    223.93 usr cpu s       0.18 sys cpu s      39.11 wall s
ININ entering create_CSR_for_K, no of basis funcs =   342, threshold_K =   1e-12
ININ create_box_system end OK, toplevelBoxSize:   7.0, #levels:  3, #boxes at top level:      6
ININ create_box_system end OK, toplevelBoxSize:   7.0, #levels:  3, #boxes at top level:      6
ININ create_box_system end OK, toplevelBoxSize:   7.0, #levels:  3, #boxes at top level:      6
TIIN create_CSR_for_K getting list of distrs took      0.44 usr cpu s       0.00 sys cpu s       0.44 wall s
ININ list of neighbors complete.
TIIN create_CSR_for_K getting list of neighbors took      0.00 usr cpu s       0.00 sys cpu s       0.00 wall s
TIIN create_CSR_for_K sort each list of neighbors took      0.06 usr cpu s       0.00 sys cpu s       0.06 wall s
ININ 8 threads started OK.
TIIN identify_needed_elements() took    581.17 usr cpu s       0.80 sys cpu s      76.17 wall s
ININ computing nnz..
ININ create_CSR_for_K: predicted nnz =        58653, <->  50.15% of a full matrix
TIIN create_CSR_for_K last part took      0.00 usr cpu s       0.00 sys cpu s       0.00 wall s
TIIN create_CSR_for_K total took    581.68 usr cpu s       0.80 sys cpu s      76.67 wall s
ININ entering compute_K_by_boxes, no of basis funcs =   342, threshold_K =   1e-12, exchange_box_size =   5.00
ININ create_box_system end OK, toplevelBoxSize:   7.0, #levels:  3, #boxes at top level:      6
ININ create_box_system end OK, toplevelBoxSize:   7.0, #levels:  3, #boxes at top level:      6
ININ create_box_system end OK, toplevelBoxSize:   7.0, #levels:  3, #boxes at top level:      6
TIIN Compute extent for all distrs took      0.46 usr cpu s       0.00 sys cpu s       0.46 wall s
ININ Creating list of distributions done, distrCountTot =    353701
TIIN Creating list of distributions took      0.74 usr cpu s       0.00 sys cpu s       0.74 wall s
ININ create_box_system end OK, toplevelBoxSize:   5.0, #levels:  3, #boxes at top level:     10
ININ create_box_system end OK, toplevelBoxSize:   2.5, #levels:  4, #boxes at top level:     16
ININ noOfLevelsBasisFuncs = 4, noOfLevelsDiff = 1
TIIN Creating boxes etc took      0.04 usr cpu s       0.00 sys cpu s       0.04 wall s
TIIN getting multipoleNormVectorList took      0.72 usr cpu s       0.00 sys cpu s       0.72 wall s
TIIN K organize_distributions for all boxes took      1.95 usr cpu s       0.01 sys cpu s       1.96 wall s
ININ starting loop to setup basisFuncGroupInfoList, with added index checks.
TIIN GetLimitsAllLevels took      0.31 usr cpu s       0.00 sys cpu s       0.31 wall s
ININ getDmatLimitMatrixCSRList start.
TIIN getting densityMatrixLimitMatrixList took      0.02 usr cpu s       0.00 sys cpu s       0.02 wall s
ININ job list for K created,       55 jobs
TIIN creating job list for K took      0.00 usr cpu s       0.00 sys cpu s       0.00 wall s
ININ execute_joblist_K_threaded, noOfThreads =  8, basisFuncListCount_max =   325
ININ 8 threads started OK.
ININ all 8 threads have finished, took       34 wall s.
TIIN Executing job list for K took    149.09 usr cpu s       0.06 sys cpu s      34.25 wall s
TIIN compute_K_by_boxes took    152.87 usr cpu s       0.07 sys cpu s      38.04 wall s
TI   compute_K_by_boxes_sparse total took    734.58 usr cpu s       0.88 sys cpu s     114.75 wall s
INSC About to truncate FockMatrix, gap of Fprev >=          0.38372076929
TISC symmMatrix::mixed_diff for F vs Fprev maxEigValMovement_mixed took      0.00 usr cpu s       0.00 sys cpu s       0.00 wall s
TISC symmMatrix::eucl_diff for maxEigValMovement_eucl  took      0.04 usr cpu s       0.15 sys cpu s       0.03 wall s
INSC maxEigValMovement_frob  =          0.00087391213
INSC maxEigValMovement_mixed =          0.00060765920
INSC maxEigValMovement_eucl  =          0.00031902002
TISC FockMatrix.eucl_thresh() (with Z) took      0.16 usr cpu s       0.48 sys cpu s       0.11 wall s
INSC Truncated FockMatrix (eucl with Z), selected threshold = 3.83083e-08, returned error =          0, nnz before = 100.0000 %, nnz after = 100.0000 %
INSC Matrix 'S' ( symm ): n =    342, nnz =       116964 <-> 100.00 %, mem usage  0.0005 G
INSC Matrix 'F' ( symm ): n =    342, nnz =       116964 <-> 100.00 %, mem usage  0.0005 G
INSC Matrix 'D' ( symm ): n =    342, nnz =       116964 <-> 100.00 %, mem usage  0.0005 G
INSC nuclearEnergy, energy_2el, energy = 782.160484, 1007.253424, -645.112846
INSC Energy   7 =       -645.11284576004  ( diff     -0.000000178641358 )
INSC calling compute_FDSminusSDF_sparse, n = 342
INDE compute_FDSminusSDF_sparse() start.
TIDE FileWritable::writeAndReadAll took      0.00 usr cpu s       0.00 sys cpu s       0.00 wall s
INDE writeAndReadAll: '0 MB (1 MatrixGeneral, 0 > 1 MB) + 0 MB (9 MatrixSymmetric, 0 > 1 MB) = 0 MB (10 total, 0 > 1 MB)
TISC compute_FDSminusSDF_sparse, F*D mult took      0.02 usr cpu s       0.08 sys cpu s       0.01 wall s
INSC Matrix 'FD before eucl truncation' (normal): n =    342, nnz =       116964 <-> 100.00 %, mem usage  0.0009 G
INSC Matrix 'FD after  eucl truncation' (normal): n =    342, nnz =       116964 <-> 100.00 %, mem usage  0.0009 G
INSC Matrix 'FDS before eucl truncation' (normal): n =    342, nnz =       116964 <-> 100.00 %, mem usage  0.0009 G
INSC Matrix 'FDS after  eucl truncation' (normal): n =    342, nnz =       116964 <-> 100.00 %, mem usage  0.0009 G
INSC compute_FDSminusSDF_sparse ending OK.
TISC compute_FDSminusSDF_sparse took      0.11 usr cpu s       0.26 sys cpu s       0.05 wall s
INSC Matrix 'FDS-SDF' (normal): n =    342, nnz =       116964 <-> 100.00 %, mem usage  0.0009 G
INSC SCF_restricted::get_FDSminusSDF finished.
TISC get_FDSminusSDF took      0.11 usr cpu s       0.26 sys cpu s       0.05 wall s
INSC maxabs FDS-SDF is  6.3e-05
INSC frob   FDS-SDF is 0.000689
TISC get_error_measure took      0.00 usr cpu s       0.01 sys cpu s       0.00 wall s
INSC entering DIISManagerRestricted::AddIterationToList, IterCount =  6
INSC DIISManagerRestricted::AddIterationToList ending OK.
TISC DIISManagerRestricted::AddIterationToList took      0.01 usr cpu s       0.02 sys cpu s       0.00 wall s
INSC using DIIS to get combined Fock matrix, number of iters used for DIIS:  7
TISC clear_error_matrices took      0.00 usr cpu s       0.00 sys cpu s       0.00 wall s
TISC save_current_fock_as_fprev took      0.00 usr cpu s       0.00 sys cpu s       0.00 wall s
INDE get_dens_from_fock_general, n = 342, use_diagonalization = 0, use_diag_on_error = 1
INDE Before writeAndReadAll(): AllocatorManager statistics:  noOfRealsPerBuffer: 1024 noOfBuffers: 20000 list.size(): 1. Allocated: 0.164 GB, Used: 0.0143 GB, Peak alloc: 0.164 GB.
TIDE FileWritable::writeAndReadAll took      0.00 usr cpu s       0.00 sys cpu s       0.00 wall s
INDE writeAndReadAll sizesStr: '0 MB (1 MatrixGeneral, 0 > 1 MB) + 0 MB (7 MatrixSymmetric, 0 > 1 MB) = 0 MB (8 total, 0 > 1 MB)
INDE After writeAndReadAll(): AllocatorManager statistics:  noOfRealsPerBuffer: 1024 noOfBuffers: 20000 list.size(): 1. Allocated: 0.164 GB, Used: 0.0143 GB, Peak alloc: 0.164 GB.
INDE calling get_dens_from_fock_sparse, n =    342, subspaceErrorLimit = 1e-06
INDE get_dens_from_fock_sparse() start!
INDE After F.readFromFile(): AllocatorManager statistics:  noOfRealsPerBuffer: 1024 noOfBuffers: 20000 list.size(): 1. Allocated: 0.164 GB, Used: 0.0143 GB, Peak alloc: 0.164 GB.
INDE After creating wrapper MatrixType F_w(F): AllocatorManager statistics:  noOfRealsPerBuffer: 1024 noOfBuffers: 20000 list.size(): 1. Allocated: 0.164 GB, Used: 0.0147 GB, Peak alloc: 0.164 GB.
TIDE  F_w to orthogonal basis took      0.01 usr cpu s       0.05 sys cpu s       0.01 wall s
TIDE MatrixType::mixed_diff for maxEigValMovement_mixed took      0.00 usr cpu s       0.01 sys cpu s       0.00 wall s
TIDE symmMatrixWrap::eucl_diff for maxEigValMovement_eucl  took      0.08 usr cpu s       0.39 sys cpu s       0.06 wall s
INDE maxEigValMovement_frob  =          0.00048137440
INDE maxEigValMovement_mixed =          0.00031101067
INDE maxEigValMovement_eucl  =          0.00009815254
INDE lumo before truncation: [ 0.035452800146 , 0.056618272680 ]
INDE homo before truncation: [ -0.357362208925 , -0.348071664059 ]
INDE Truncate matrix F and update intervals for homo and lumo.
INDE Truncating F_ort ( mixed ), selected threshold = 3.83524e-08
INDE Truncated F_ort ( mixed ), selected threshold = 3.83524e-08, returned error =          0, nnz before = 100.0000 %, nnz after = 100.0000 %
TIDE Truncation of F_ort took      0.00 usr cpu s       0.00 sys cpu s       0.00 wall s
INDE Chosen Ergo Wrapper
INDE Creating purification object: N = 342 , nocc = 47 , NNZ = 116964  <-> 100.00000 %
INDE Chosen norm for the truncation: 
INDE mixed
INDE Chosen norm for the stopping criterion: 
INDE mixed
INDE Chosen the NEW stopping criterion.
INDE Allowed error in subspace 7.000000e-07
INDE Chosen SP2 purification method
INDE calling Puri->PurificationStart(), number of threads = 1, trunc norm 'mixed'
TIDE gershgorin took      0.00 usr cpu s       0.01 sys cpu s       0.00 wall s
INDE Gershgorin bounds: [ -59.820919035015 , 100.436358528557 ]
INDE EXPANDED Gershgorin bounds: [ -59.820919049916 , 100.436358543458 ]
INDE Trying to impove bounds using Lanczos algorithm...
TIDE compute_spectrum_bounds took      0.11 usr cpu s       0.41 sys cpu s       0.08 wall s
INDE Spectrum of F: 	 [ -20.624826791374 , 51.715168450884 ]
INDE Transform homo and lumo bounds...
INDE HOMO bounds of X: 	 [ 0.719702011876 , 0.719830440760 ]
INDE LUMO bounds of X: 	 [ 0.714107735357 , 0.714400318630 ]
INDE INIT LUMO: [ 0.714107735357 , 0.714400318630 ]
INDE INIT HOMO: [ 0.280169559240 , 0.280297988124 ]
INDE ESTIMATED NUMBER OF ITERATIONS IS 35
INDE Put eigenvalues of F to the interval [0,1] in reverse order.
TIDE compute_X() took      0.00 usr cpu s       0.00 sys cpu s       0.00 wall s
TIDE prepare_to_purification() took      0.11 usr cpu s       0.41 sys cpu s       0.08 wall s
INDE (EIGV,PARAMS) Requested 0 occipied eigenpair(s).
INDE (EIGV,PARAMS) Requested 0 unoccipied eigenpair(s).
TIDE prepare_to_purification_eigenvectors() took      0.00 usr cpu s       0.00 sys cpu s       0.00 wall s
INDE Starting recursive expansion
INDE     BEFORE ITERATIONS:
TIDE truncate_matrix took      0.00 usr cpu s       0.00 sys cpu s       0.00 wall s
INDE Actual introduced error   0.000000e+00 : nnz before  116964 <-> 100.00 % , nnz after  116964 <-> 100.00 %
TIDE square took      0.01 usr cpu s       0.04 sys cpu s       0.01 wall s
INDE NNZ Xsq = 116964 <-> 100.00 %
TIDE Frobenius norm of X-X^2 took      0.00 usr cpu s       0.00 sys cpu s       0.00 wall s
TIDE Mixed norm of X-X^2 took      0.00 usr cpu s       0.02 sys cpu s       0.00 wall s
TIDE Trace of X-X^2 took      0.00 usr cpu s       0.00 sys cpu s       0.00 wall s
INDE ||X-X^2||_F = 3.852014e+00 , ||X-X^2||_mixed = 1.286053e+00
INDE trace(X-X^2) = 7.012956e+01
INDE trace(X) = 2.342456e+02
TIDE Iteration 0 took      0.02 usr cpu s       0.06 sys cpu s       0.01 wall s
TIDE FileWritable::writeAndReadAll took      0.00 usr cpu s       0.00 sys cpu s       0.00 wall s
INDE writeAndReadAll sizesStr: '0 MB (1 MatrixGeneral, 0 > 1 MB) + 0 MB (13 MatrixSymmetric, 0 > 1 MB) + 0 MB (2 VectorGeneral, 0 > 1 MB) = 0 MB (16 total, 0 > 1 MB)
INDE     ITERATION 1 :
TIDE purify_X took      0.00 usr cpu s       0.00 sys cpu s       0.00 wall s
TIDE truncate_matrix took      0.00 usr cpu s       0.00 sys cpu s       0.00 wall s
INDE Actual introduced error   0.000000e+00 : nnz before  116964 <-> 100.00 % , nnz after  116964 <-> 100.00 %
TIDE square took      0.01 usr cpu s       0.05 sys cpu s       0.01 wall s
INDE NNZ Xsq = 116964 <-> 100.00 %
TIDE Frobenius norm of X-X^2 took      0.00 usr cpu s       0.00 sys cpu s       0.00 wall s
TIDE Mixed norm of X-X^2 took      0.01 usr cpu s       0.02 sys cpu s       0.00 wall s
TIDE Trace of X-X^2 took      0.00 usr cpu s       0.00 sys cpu s       0.00 wall s
INDE ||X-X^2||_F = 4.467938e+00 , ||X-X^2||_mixed = 1.460677e+00
INDE trace(X-X^2) = 8.127625e+01
INDE trace(X) = 1.641160e+02
TIDE Iteration 1 took      0.02 usr cpu s       0.06 sys cpu s       0.01 wall s
INDE     ITERATION 2 :
TIDE purify_X took      0.00 usr cpu s       0.00 sys cpu s       0.00 wall s
TIDE truncate_matrix took      0.00 usr cpu s       0.00 sys cpu s       0.00 wall s
INDE Actual introduced error   0.000000e+00 : nnz before  116964 <-> 100.00 % , nnz after  116964 <-> 100.00 %
TIDE square took      0.01 usr cpu s       0.05 sys cpu s       0.01 wall s
INDE NNZ Xsq = 116964 <-> 100.00 %
TIDE Frobenius norm of X-X^2 took      0.00 usr cpu s       0.00 sys cpu s       0.00 wall s
TIDE Mixed norm of X-X^2 took      0.00 usr cpu s       0.02 sys cpu s       0.00 wall s
TIDE Trace of X-X^2 took      0.00 usr cpu s       0.00 sys cpu s       0.00 wall s
INDE ||X-X^2||_F = 3.254697e+00 , ||X-X^2||_mixed = 1.135626e+00
INDE trace(X-X^2) = 5.849019e+01
INDE trace(X) = 8.283976e+01
INDE Checking stopping criterion...   
INDE Order of convergence cannot be computed
TIDE stopping_criterion took      0.00 usr cpu s       0.00 sys cpu s       0.00 wall s
TIDE Iteration 2 took      0.02 usr cpu s       0.06 sys cpu s       0.01 wall s
INDE     ITERATION 3 :
TIDE purify_X took      0.00 usr cpu s       0.00 sys cpu s       0.00 wall s
TIDE truncate_matrix took      0.00 usr cpu s       0.00 sys cpu s       0.00 wall s
INDE Actual introduced error   0.000000e+00 : nnz before  116964 <-> 100.00 % , nnz after  116964 <-> 100.00 %
TIDE square took      0.02 usr cpu s       0.04 sys cpu s       0.01 wall s
INDE NNZ Xsq = 116964 <-> 100.00 %
TIDE Frobenius norm of X-X^2 took      0.00 usr cpu s       0.00 sys cpu s       0.00 wall s
TIDE Mixed norm of X-X^2 took      0.00 usr cpu s       0.02 sys cpu s       0.00 wall s
TIDE Trace of X-X^2 took      0.00 usr cpu s       0.00 sys cpu s       0.00 wall s
INDE ||X-X^2||_F = 4.290382e+00 , ||X-X^2||_mixed = 1.444683e+00
INDE trace(X-X^2) = 7.741617e+01
INDE trace(X) = 1.413300e+02
INDE Checking stopping criterion...   
INDE Order of convergence cannot be computed
TIDE stopping_criterion took      0.00 usr cpu s       0.00 sys cpu s       0.00 wall s
TIDE Iteration 3 took      0.02 usr cpu s       0.06 sys cpu s       0.01 wall s
INDE     ITERATION 4 :
TIDE purify_X took      0.00 usr cpu s       0.00 sys cpu s       0.00 wall s
TIDE truncate_matrix took      0.00 usr cpu s       0.00 sys cpu s       0.00 wall s
INDE Actual introduced error   0.000000e+00 : nnz before  116964 <-> 100.00 % , nnz after  116964 <-> 100.00 %
TIDE square took      0.02 usr cpu s       0.03 sys cpu s       0.01 wall s
INDE NNZ Xsq = 116964 <-> 100.00 %
TIDE Frobenius norm of X-X^2 took      0.00 usr cpu s       0.00 sys cpu s       0.00 wall s
TIDE Mixed norm of X-X^2 took      0.01 usr cpu s       0.01 sys cpu s       0.00 wall s
TIDE Trace of X-X^2 took      0.00 usr cpu s       0.00 sys cpu s       0.00 wall s
INDE ||X-X^2||_F = 4.003286e+00 , ||X-X^2||_mixed = 1.405987e+00
INDE trace(X-X^2) = 7.177920e+01
INDE trace(X) = 2.187461e+02
INDE Checking stopping criterion...   
INDE Order of convergence cannot be computed
TIDE stopping_criterion took      0.00 usr cpu s       0.00 sys cpu s       0.00 wall s
TIDE Iteration 4 took      0.03 usr cpu s       0.05 sys cpu s       0.01 wall s
INDE     ITERATION 5 :
TIDE purify_X took      0.00 usr cpu s       0.00 sys cpu s       0.00 wall s
TIDE truncate_matrix took      0.00 usr cpu s       0.00 sys cpu s       0.00 wall s
INDE Actual introduced error   0.000000e+00 : nnz before  116964 <-> 100.00 % , nnz after  116964 <-> 100.00 %
TIDE square took      0.01 usr cpu s       0.05 sys cpu s       0.01 wall s
INDE NNZ Xsq = 116964 <-> 100.00 %
TIDE Frobenius norm of X-X^2 took      0.00 usr cpu s       0.00 sys cpu s       0.00 wall s
TIDE Mixed norm of X-X^2 took      0.00 usr cpu s       0.02 sys cpu s       0.00 wall s
TIDE Trace of X-X^2 took      0.00 usr cpu s       0.00 sys cpu s       0.00 wall s
INDE ||X-X^2||_F = 4.268876e+00 , ||X-X^2||_mixed = 1.493204e+00
INDE trace(X-X^2) = 7.626113e+01
INDE trace(X) = 1.469669e+02
INDE Checking stopping criterion...   
INDE Order of convergence cannot be computed
TIDE stopping_criterion took      0.00 usr cpu s       0.00 sys cpu s       0.00 wall s
TIDE Iteration 5 took      0.01 usr cpu s       0.07 sys cpu s       0.01 wall s
INDE     ITERATION 6 :
TIDE purify_X took      0.00 usr cpu s       0.00 sys cpu s       0.00 wall s
TIDE truncate_matrix took      0.00 usr cpu s       0.00 sys cpu s       0.00 wall s
INDE Actual introduced error   0.000000e+00 : nnz before  116964 <-> 100.00 % , nnz after  116964 <-> 100.00 %
TIDE square took      0.02 usr cpu s       0.04 sys cpu s       0.01 wall s
INDE NNZ Xsq = 116964 <-> 100.00 %
TIDE Frobenius norm of X-X^2 took      0.00 usr cpu s       0.00 sys cpu s       0.00 wall s
TIDE Mixed norm of X-X^2 took      0.00 usr cpu s       0.02 sys cpu s       0.00 wall s
TIDE Trace of X-X^2 took      0.00 usr cpu s       0.00 sys cpu s       0.00 wall s
INDE ||X-X^2||_F = 2.734227e+00 , ||X-X^2||_mixed = 1.096789e+00
INDE trace(X-X^2) = 4.779600e+01
INDE trace(X) = 7.070580e+01
INDE Checking stopping criterion...   
INDE Order of convergence cannot be computed
TIDE stopping_criterion took      0.00 usr cpu s       0.00 sys cpu s       0.00 wall s
TIDE Iteration 6 took      0.03 usr cpu s       0.06 sys cpu s       0.01 wall s
INDE     ITERATION 7 :
TIDE purify_X took      0.00 usr cpu s       0.00 sys cpu s       0.00 wall s
TIDE truncate_matrix took      0.00 usr cpu s       0.00 sys cpu s       0.00 wall s
INDE Actual introduced error   0.000000e+00 : nnz before  116964 <-> 100.00 % , nnz after  116964 <-> 100.00 %
TIDE square took      0.01 usr cpu s       0.04 sys cpu s       0.01 wall s
INDE NNZ Xsq = 116964 <-> 100.00 %
TIDE Frobenius norm of X-X^2 took      0.00 usr cpu s       0.00 sys cpu s       0.00 wall s
TIDE Mixed norm of X-X^2 took      0.01 usr cpu s       0.01 sys cpu s       0.00 wall s
TIDE Trace of X-X^2 took      0.00 usr cpu s       0.00 sys cpu s       0.00 wall s
INDE ||X-X^2||_F = 3.850806e+00 , ||X-X^2||_mixed = 1.464409e+00
INDE trace(X-X^2) = 6.763985e+01
INDE trace(X) = 1.185018e+02
INDE Checking stopping criterion...   
INDE Order of convergence cannot be computed
TIDE stopping_criterion took      0.00 usr cpu s       0.00 sys cpu s       0.00 wall s
TIDE Iteration 7 took      0.02 usr cpu s       0.06 sys cpu s       0.01 wall s
INDE     ITERATION 8 :
TIDE purify_X took      0.00 usr cpu s       0.00 sys cpu s       0.00 wall s
TIDE truncate_matrix took      0.00 usr cpu s       0.00 sys cpu s       0.00 wall s
INDE Actual introduced error   0.000000e+00 : nnz before  116964 <-> 100.00 % , nnz after  116964 <-> 100.00 %
TIDE square took      0.01 usr cpu s       0.05 sys cpu s       0.01 wall s
INDE NNZ Xsq = 116964 <-> 100.00 %
TIDE Frobenius norm of X-X^2 took      0.00 usr cpu s       0.00 sys cpu s       0.00 wall s
TIDE Mixed norm of X-X^2 took      0.00 usr cpu s       0.02 sys cpu s       0.00 wall s
TIDE Trace of X-X^2 took      0.00 usr cpu s       0.00 sys cpu s       0.00 wall s
INDE ||X-X^2||_F = 4.120478e+00 , ||X-X^2||_mixed = 1.498160e+00
INDE trace(X-X^2) = 7.299921e+01
INDE trace(X) = 1.861416e+02
INDE Checking stopping criterion...   
INDE Order of convergence cannot be computed
TIDE stopping_criterion took      0.00 usr cpu s       0.00 sys cpu s       0.00 wall s
TIDE Iteration 8 took      0.02 usr cpu s       0.07 sys cpu s       0.01 wall s
INDE     ITERATION 9 :
TIDE purify_X took      0.00 usr cpu s       0.00 sys cpu s       0.00 wall s
TIDE truncate_matrix took      0.00 usr cpu s       0.00 sys cpu s       0.00 wall s
INDE Actual introduced error   0.000000e+00 : nnz before  116964 <-> 100.00 % , nnz after  116964 <-> 100.00 %
TIDE square took      0.02 usr cpu s       0.04 sys cpu s       0.01 wall s
INDE NNZ Xsq = 116964 <-> 100.00 %
TIDE Frobenius norm of X-X^2 took      0.00 usr cpu s       0.00 sys cpu s       0.00 wall s
TIDE Mixed norm of X-X^2 took      0.00 usr cpu s       0.02 sys cpu s       0.00 wall s
TIDE Trace of X-X^2 took      0.00 usr cpu s       0.00 sys cpu s       0.00 wall s
INDE ||X-X^2||_F = 3.665699e+00 , ||X-X^2||_mixed = 1.504887e+00
INDE trace(X-X^2) = 6.284349e+01
INDE trace(X) = 1.131424e+02
INDE Checking stopping criterion...   
INDE Order of convergence cannot be computed
TIDE stopping_criterion took      0.00 usr cpu s       0.00 sys cpu s       0.00 wall s
TIDE Iteration 9 took      0.03 usr cpu s       0.05 sys cpu s       0.01 wall s
INDE     ITERATION 10 :
TIDE purify_X took      0.00 usr cpu s       0.00 sys cpu s       0.00 wall s
TIDE truncate_matrix took      0.00 usr cpu s       0.00 sys cpu s       0.00 wall s
INDE Actual introduced error   0.000000e+00 : nnz before  116964 <-> 100.00 % , nnz after  116964 <-> 100.00 %
TIDE square took      0.01 usr cpu s       0.04 sys cpu s       0.01 wall s
INDE NNZ Xsq = 116964 <-> 100.00 %
TIDE Frobenius norm of X-X^2 took      0.00 usr cpu s       0.00 sys cpu s       0.00 wall s
TIDE Mixed norm of X-X^2 took      0.00 usr cpu s       0.02 sys cpu s       0.00 wall s
TIDE Trace of X-X^2 took      0.00 usr cpu s       0.00 sys cpu s       0.00 wall s
INDE ||X-X^2||_F = 3.888186e+00 , ||X-X^2||_mixed = 1.520339e+00
INDE trace(X-X^2) = 6.812285e+01
INDE trace(X) = 1.759859e+02
INDE Checking stopping criterion...   
INDE Order of convergence cannot be computed
TIDE stopping_criterion took      0.00 usr cpu s       0.00 sys cpu s       0.00 wall s
TIDE Iteration 10 took      0.02 usr cpu s       0.06 sys cpu s       0.01 wall s
INDE     ITERATION 11 :
TIDE purify_X took      0.00 usr cpu s       0.00 sys cpu s       0.00 wall s
TIDE truncate_matrix took      0.00 usr cpu s       0.00 sys cpu s       0.00 wall s
INDE Actual introduced error   0.000000e+00 : nnz before  116964 <-> 100.00 % , nnz after  116964 <-> 100.00 %
TIDE square took      0.02 usr cpu s       0.03 sys cpu s       0.01 wall s
INDE NNZ Xsq = 116964 <-> 100.00 %
TIDE Frobenius norm of X-X^2 took      0.00 usr cpu s       0.00 sys cpu s       0.00 wall s
TIDE Mixed norm of X-X^2 took      0.00 usr cpu s       0.02 sys cpu s       0.00 wall s
TIDE Trace of X-X^2 took      0.00 usr cpu s       0.00 sys cpu s       0.00 wall s
INDE ||X-X^2||_F = 3.436154e+00 , ||X-X^2||_mixed = 1.550221e+00
INDE trace(X-X^2) = 5.634727e+01
INDE trace(X) = 1.078631e+02
INDE Checking stopping criterion...   
INDE Order of convergence cannot be computed
TIDE stopping_criterion took      0.00 usr cpu s       0.00 sys cpu s       0.00 wall s
TIDE Iteration 11 took      0.03 usr cpu s       0.05 sys cpu s       0.01 wall s
INDE     ITERATION 12 :
TIDE purify_X took      0.00 usr cpu s       0.00 sys cpu s       0.00 wall s
TIDE truncate_matrix took      0.00 usr cpu s       0.00 sys cpu s       0.00 wall s
INDE Actual introduced error   0.000000e+00 : nnz before  116964 <-> 100.00 % , nnz after  116964 <-> 100.00 %
TIDE square took      0.01 usr cpu s       0.05 sys cpu s       0.01 wall s
INDE NNZ Xsq = 116964 <-> 100.00 %
TIDE Frobenius norm of X-X^2 took      0.00 usr cpu s       0.00 sys cpu s       0.00 wall s
TIDE Mixed norm of X-X^2 took      0.01 usr cpu s       0.01 sys cpu s       0.00 wall s
TIDE Trace of X-X^2 took      0.00 usr cpu s       0.00 sys cpu s       0.00 wall s
INDE ||X-X^2||_F = 2.134019e+00 , ||X-X^2||_mixed = 1.203842e+00
INDE trace(X-X^2) = 2.958067e+01
INDE trace(X) = 5.151580e+01
INDE Checking stopping criterion...   
INDE Order of convergence cannot be computed
TIDE stopping_criterion took      0.00 usr cpu s       0.00 sys cpu s       0.00 wall s
TIDE Iteration 12 took      0.02 usr cpu s       0.06 sys cpu s       0.01 wall s
INDE     ITERATION 13 :
TIDE purify_X took      0.00 usr cpu s       0.00 sys cpu s       0.00 wall s
TIDE truncate_matrix took      0.00 usr cpu s       0.00 sys cpu s       0.00 wall s
INDE Actual introduced error   0.000000e+00 : nnz before  116964 <-> 100.00 % , nnz after  116964 <-> 100.00 %
TIDE square took      0.03 usr cpu s       0.03 sys cpu s       0.01 wall s
INDE NNZ Xsq = 116964 <-> 100.00 %
TIDE Frobenius norm of X-X^2 took      0.00 usr cpu s       0.00 sys cpu s       0.00 wall s
TIDE Mixed norm of X-X^2 took      0.00 usr cpu s       0.02 sys cpu s       0.00 wall s
TIDE Trace of X-X^2 took      0.00 usr cpu s       0.00 sys cpu s       0.00 wall s
INDE ||X-X^2||_F = 2.856445e+00 , ||X-X^2||_mixed = 1.476453e+00
INDE trace(X-X^2) = 4.203466e+01
INDE trace(X) = 8.109647e+01
INDE Checking stopping criterion...   
INDE Order of convergence cannot be computed
TIDE stopping_criterion took      0.00 usr cpu s       0.00 sys cpu s       0.00 wall s
TIDE Iteration 13 took      0.03 usr cpu s       0.05 sys cpu s       0.01 wall s
INDE     ITERATION 14 :
TIDE purify_X took      0.00 usr cpu s       0.00 sys cpu s       0.00 wall s
TIDE truncate_matrix took      0.00 usr cpu s       0.00 sys cpu s       0.00 wall s
INDE Actual introduced error   0.000000e+00 : nnz before  116964 <-> 100.00 % , nnz after  116964 <-> 100.00 %
TIDE square took      0.02 usr cpu s       0.03 sys cpu s       0.01 wall s
INDE NNZ Xsq = 116964 <-> 100.00 %
TIDE Frobenius norm of X-X^2 took      0.00 usr cpu s       0.00 sys cpu s       0.00 wall s
TIDE Mixed norm of X-X^2 took      0.00 usr cpu s       0.02 sys cpu s       0.00 wall s
TIDE Trace of X-X^2 took      0.00 usr cpu s       0.00 sys cpu s       0.00 wall s
INDE ||X-X^2||_F = 3.137432e+00 , ||X-X^2||_mixed = 1.633222e+00
INDE trace(X-X^2) = 4.810054e+01
INDE trace(X) = 1.231311e+02
INDE Checking stopping criterion...   
INDE Order of convergence cannot be computed
TIDE stopping_criterion took      0.00 usr cpu s       0.00 sys cpu s       0.00 wall s
TIDE Iteration 14 took      0.03 usr cpu s       0.06 sys cpu s       0.01 wall s
INDE     ITERATION 15 :
TIDE purify_X took      0.00 usr cpu s       0.00 sys cpu s       0.00 wall s
TIDE truncate_matrix took      0.00 usr cpu s       0.00 sys cpu s       0.00 wall s
INDE Actual introduced error   0.000000e+00 : nnz before  116964 <-> 100.00 % , nnz after  116964 <-> 100.00 %
TIDE square took      0.02 usr cpu s       0.04 sys cpu s       0.01 wall s
INDE NNZ Xsq = 116964 <-> 100.00 %
TIDE Frobenius norm of X-X^2 took      0.00 usr cpu s       0.00 sys cpu s       0.00 wall s
TIDE Mixed norm of X-X^2 took      0.00 usr cpu s       0.02 sys cpu s       0.00 wall s
TIDE Trace of X-X^2 took      0.00 usr cpu s       0.00 sys cpu s       0.00 wall s
INDE ||X-X^2||_F = 2.538326e+00 , ||X-X^2||_mixed = 1.427879e+00
INDE trace(X-X^2) = 3.388152e+01
INDE trace(X) = 7.503059e+01
INDE Checking stopping criterion...   
INDE Order of convergence cannot be computed
TIDE stopping_criterion took      0.00 usr cpu s       0.00 sys cpu s       0.00 wall s
TIDE Iteration 15 took      0.03 usr cpu s       0.05 sys cpu s       0.01 wall s
INDE     ITERATION 16 :
TIDE purify_X took      0.00 usr cpu s       0.00 sys cpu s       0.00 wall s
TIDE truncate_matrix took      0.00 usr cpu s       0.00 sys cpu s       0.00 wall s
INDE Actual introduced error   0.000000e+00 : nnz before  116964 <-> 100.00 % , nnz after  116964 <-> 100.00 %
TIDE square took      0.01 usr cpu s       0.04 sys cpu s       0.01 wall s
INDE NNZ Xsq = 116964 <-> 100.00 %
TIDE Frobenius norm of X-X^2 took      0.00 usr cpu s       0.00 sys cpu s       0.00 wall s
TIDE Mixed norm of X-X^2 took      0.00 usr cpu s       0.02 sys cpu s       0.00 wall s
TIDE Trace of X-X^2 took      0.00 usr cpu s       0.00 sys cpu s       0.00 wall s
INDE ||X-X^2||_F = 2.741270e+00 , ||X-X^2||_mixed = 1.619469e+00
INDE trace(X-X^2) = 3.724939e+01
INDE trace(X) = 1.089121e+02
INDE Checking stopping criterion...   
INDE Order of convergence cannot be computed
TIDE stopping_criterion took      0.00 usr cpu s       0.00 sys cpu s       0.00 wall s
TIDE Iteration 16 took      0.02 usr cpu s       0.07 sys cpu s       0.01 wall s
INDE     ITERATION 17 :
TIDE purify_X took      0.00 usr cpu s       0.00 sys cpu s       0.00 wall s
TIDE truncate_matrix took      0.00 usr cpu s       0.00 sys cpu s       0.00 wall s
INDE Actual introduced error   0.000000e+00 : nnz before  116964 <-> 100.00 % , nnz after  116964 <-> 100.00 %
TIDE square took      0.01 usr cpu s       0.04 sys cpu s       0.01 wall s
INDE NNZ Xsq = 116964 <-> 100.00 %
TIDE Frobenius norm of X-X^2 took      0.00 usr cpu s       0.00 sys cpu s       0.00 wall s
TIDE Mixed norm of X-X^2 took      0.00 usr cpu s       0.02 sys cpu s       0.00 wall s
TIDE Trace of X-X^2 took      0.00 usr cpu s       0.00 sys cpu s       0.00 wall s
INDE ||X-X^2||_F = 2.196865e+00 , ||X-X^2||_mixed = 1.348214e+00
INDE trace(X-X^2) = 2.633765e+01
INDE trace(X) = 7.166272e+01
INDE Checking stopping criterion...   
INDE Order of convergence cannot be computed
TIDE stopping_criterion took      0.00 usr cpu s       0.00 sys cpu s       0.00 wall s
TIDE Iteration 17 took      0.02 usr cpu s       0.06 sys cpu s       0.01 wall s
INDE     ITERATION 18 :
TIDE purify_X took      0.00 usr cpu s       0.00 sys cpu s       0.00 wall s
TIDE truncate_matrix took      0.00 usr cpu s       0.00 sys cpu s       0.00 wall s
INDE Actual introduced error   0.000000e+00 : nnz before  116964 <-> 100.00 % , nnz after  116964 <-> 100.00 %
TIDE square took      0.02 usr cpu s       0.04 sys cpu s       0.01 wall s
INDE NNZ Xsq = 116964 <-> 100.00 %
TIDE Frobenius norm of X-X^2 took      0.00 usr cpu s       0.00 sys cpu s       0.00 wall s
TIDE Mixed norm of X-X^2 took      0.00 usr cpu s       0.02 sys cpu s       0.00 wall s
TIDE Trace of X-X^2 took      0.00 usr cpu s       0.00 sys cpu s       0.00 wall s
INDE ||X-X^2||_F = 1.503683e+00 , ||X-X^2||_mixed = 1.049196e+00
INDE trace(X-X^2) = 1.465037e+01
INDE trace(X) = 4.532507e+01
INDE Checking stopping criterion...   
INDE Order of convergence cannot be computed
TIDE stopping_criterion took      0.00 usr cpu s       0.00 sys cpu s       0.00 wall s
TIDE Iteration 18 took      0.02 usr cpu s       0.06 sys cpu s       0.01 wall s
INDE     ITERATION 19 :
TIDE purify_X took      0.00 usr cpu s       0.00 sys cpu s       0.00 wall s
TIDE truncate_matrix took      0.00 usr cpu s       0.00 sys cpu s       0.00 wall s
INDE Actual introduced error   0.000000e+00 : nnz before  116964 <-> 100.00 % , nnz after  116964 <-> 100.00 %
TIDE square took      0.01 usr cpu s       0.05 sys cpu s       0.01 wall s
INDE NNZ Xsq = 116964 <-> 100.00 %
TIDE Frobenius norm of X-X^2 took      0.00 usr cpu s       0.00 sys cpu s       0.00 wall s
TIDE Mixed norm of X-X^2 took      0.00 usr cpu s       0.02 sys cpu s       0.00 wall s
TIDE Trace of X-X^2 took      0.00 usr cpu s       0.00 sys cpu s       0.00 wall s
INDE ||X-X^2||_F = 1.606130e+00 , ||X-X^2||_mixed = 1.077411e+00
INDE trace(X-X^2) = 1.666798e+01
INDE trace(X) = 5.997544e+01
INDE Checking stopping criterion...   
INDE Order of convergence cannot be computed
TIDE stopping_criterion took      0.00 usr cpu s       0.00 sys cpu s       0.00 wall s
TIDE Iteration 19 took      0.01 usr cpu s       0.07 sys cpu s       0.01 wall s
INDE     ITERATION 20 :
TIDE purify_X took      0.00 usr cpu s       0.00 sys cpu s       0.00 wall s
TIDE truncate_matrix took      0.00 usr cpu s       0.00 sys cpu s       0.00 wall s
INDE Actual introduced error   0.000000e+00 : nnz before  116964 <-> 100.00 % , nnz after  116964 <-> 100.00 %
TIDE square took      0.01 usr cpu s       0.04 sys cpu s       0.01 wall s
INDE NNZ Xsq = 116964 <-> 100.00 %
TIDE Frobenius norm of X-X^2 took      0.00 usr cpu s       0.00 sys cpu s       0.00 wall s
TIDE Mixed norm of X-X^2 took      0.00 usr cpu s       0.02 sys cpu s       0.00 wall s
TIDE Trace of X-X^2 took      0.00 usr cpu s       0.00 sys cpu s       0.00 wall s
INDE ||X-X^2||_F = 1.109686e+00 , ||X-X^2||_mixed = 8.472639e-01
INDE trace(X-X^2) = 8.649392e+00
INDE trace(X) = 4.330745e+01
INDE Checking stopping criterion...   
INDE Order of convergence cannot be computed
TIDE stopping_criterion took      0.00 usr cpu s       0.00 sys cpu s       0.00 wall s
TIDE Iteration 20 took      0.02 usr cpu s       0.06 sys cpu s       0.01 wall s
INDE     ITERATION 21 :
TIDE purify_X took      0.00 usr cpu s       0.00 sys cpu s       0.00 wall s
TIDE truncate_matrix took      0.00 usr cpu s       0.00 sys cpu s       0.00 wall s
INDE Actual introduced error   0.000000e+00 : nnz before  116964 <-> 100.00 % , nnz after  116964 <-> 100.00 %
TIDE square took      0.02 usr cpu s       0.04 sys cpu s       0.01 wall s
INDE NNZ Xsq = 116964 <-> 100.00 %
TIDE Frobenius norm of X-X^2 took      0.00 usr cpu s       0.00 sys cpu s       0.00 wall s
TIDE Mixed norm of X-X^2 took      0.01 usr cpu s       0.01 sys cpu s       0.00 wall s
TIDE Trace of X-X^2 took      0.00 usr cpu s       0.00 sys cpu s       0.00 wall s
INDE ||X-X^2||_F = 9.693982e-01 , ||X-X^2||_mixed = 7.162042e-01
INDE trace(X-X^2) = 8.394706e+00
INDE trace(X) = 5.195684e+01
INDE Checking stopping criterion...   
INDE Order of convergence cannot be computed
TIDE stopping_criterion took      0.00 usr cpu s       0.00 sys cpu s       0.00 wall s
TIDE Iteration 21 took      0.03 usr cpu s       0.05 sys cpu s       0.01 wall s
INDE     ITERATION 22 :
TIDE purify_X took      0.00 usr cpu s       0.00 sys cpu s       0.00 wall s
TIDE truncate_matrix took      0.00 usr cpu s       0.00 sys cpu s       0.00 wall s
INDE Actual introduced error   0.000000e+00 : nnz before  116964 <-> 100.00 % , nnz after  116964 <-> 100.00 %
TIDE square took      0.01 usr cpu s       0.04 sys cpu s       0.01 wall s
INDE NNZ Xsq = 116964 <-> 100.00 %
TIDE Frobenius norm of X-X^2 took      0.00 usr cpu s       0.00 sys cpu s       0.00 wall s
TIDE Mixed norm of X-X^2 took      0.00 usr cpu s       0.02 sys cpu s       0.00 wall s
TIDE Trace of X-X^2 took      0.00 usr cpu s       0.00 sys cpu s       0.00 wall s
INDE ||X-X^2||_F = 1.308111e+00 , ||X-X^2||_mixed = 9.750800e-01
INDE trace(X-X^2) = 1.060329e+01
INDE trace(X) = 6.035155e+01
INDE Checking stopping criterion...   
INDE Order of convergence cannot be computed
TIDE stopping_criterion took      0.00 usr cpu s       0.00 sys cpu s       0.00 wall s
TIDE Iteration 22 took      0.01 usr cpu s       0.07 sys cpu s       0.01 wall s
INDE     ITERATION 23 :
TIDE purify_X took      0.00 usr cpu s       0.00 sys cpu s       0.00 wall s
TIDE truncate_matrix took      0.00 usr cpu s       0.00 sys cpu s       0.00 wall s
INDE Actual introduced error   0.000000e+00 : nnz before  116964 <-> 100.00 % , nnz after  116964 <-> 100.00 %
TIDE square took      0.02 usr cpu s       0.03 sys cpu s       0.01 wall s
INDE NNZ Xsq = 116964 <-> 100.00 %
TIDE Frobenius norm of X-X^2 took      0.00 usr cpu s       0.00 sys cpu s       0.00 wall s
TIDE Mixed norm of X-X^2 took      0.00 usr cpu s       0.02 sys cpu s       0.00 wall s
TIDE Trace of X-X^2 took      0.00 usr cpu s       0.00 sys cpu s       0.00 wall s
INDE ||X-X^2||_F = 5.528634e-01 , ||X-X^2||_mixed = 4.415042e-01
INDE trace(X-X^2) = 3.713717e+00
INDE trace(X) = 4.974826e+01
INDE Checking stopping criterion...   
INDE e_i =4.415042e-01, C*e_{i-1}^q = 3.532779e+00
INDE Order of convergence = 8.230422, stop = 0
TIDE stopping_criterion took      0.00 usr cpu s       0.00 sys cpu s       0.00 wall s
TIDE Iteration 23 took      0.03 usr cpu s       0.05 sys cpu s       0.01 wall s
INDE     ITERATION 24 :
TIDE purify_X took      0.00 usr cpu s       0.00 sys cpu s       0.00 wall s
TIDE truncate_matrix took      0.00 usr cpu s       0.00 sys cpu s       0.00 wall s
INDE Actual introduced error   0.000000e+00 : nnz before  116964 <-> 100.00 % , nnz after  116964 <-> 100.00 %
TIDE square took      0.02 usr cpu s       0.04 sys cpu s       0.01 wall s
INDE NNZ Xsq = 116964 <-> 100.00 %
TIDE Frobenius norm of X-X^2 took      0.00 usr cpu s       0.00 sys cpu s       0.00 wall s
TIDE Mixed norm of X-X^2 took      0.00 usr cpu s       0.02 sys cpu s       0.00 wall s
TIDE Trace of X-X^2 took      0.00 usr cpu s       0.00 sys cpu s       0.00 wall s
INDE ||X-X^2||_F = 3.562234e-01 , ||X-X^2||_mixed = 3.225739e-01
INDE trace(X-X^2) = 1.459657e+00
INDE trace(X) = 4.603454e+01
INDE Checking stopping criterion...   
INDE Order of convergence cannot be computed
TIDE stopping_criterion took      0.00 usr cpu s       0.00 sys cpu s       0.00 wall s
TIDE Iteration 24 took      0.02 usr cpu s       0.06 sys cpu s       0.01 wall s
INDE     ITERATION 25 :
TIDE purify_X took      0.00 usr cpu s       0.00 sys cpu s       0.00 wall s
TIDE truncate_matrix took      0.00 usr cpu s       0.00 sys cpu s       0.00 wall s
INDE Actual introduced error   0.000000e+00 : nnz before  116964 <-> 100.00 % , nnz after  116964 <-> 100.00 %
TIDE square took      0.03 usr cpu s       0.05 sys cpu s       0.01 wall s
INDE NNZ Xsq = 116964 <-> 100.00 %
TIDE Frobenius norm of X-X^2 took      0.00 usr cpu s       0.00 sys cpu s       0.00 wall s
TIDE Mixed norm of X-X^2 took      0.00 usr cpu s       0.01 sys cpu s       0.00 wall s
TIDE Trace of X-X^2 took      0.00 usr cpu s       0.00 sys cpu s       0.00 wall s
INDE ||X-X^2||_F = 1.792362e-01 , ||X-X^2||_mixed = 1.540900e-01
INDE trace(X-X^2) = 8.442841e-01
INDE trace(X) = 4.749420e+01
INDE Checking stopping criterion...   
INDE e_i =1.540900e-01, C*e_{i-1}^q = 1.342494e+00
INDE Order of convergence = 4.647790, stop = 0
TIDE stopping_criterion took      0.00 usr cpu s       0.00 sys cpu s       0.00 wall s
TIDE Iteration 25 took      0.04 usr cpu s       0.06 sys cpu s       0.01 wall s
INDE     ITERATION 26 :
TIDE purify_X took      0.00 usr cpu s       0.00 sys cpu s       0.00 wall s
TIDE truncate_matrix took      0.00 usr cpu s       0.00 sys cpu s       0.00 wall s
INDE Actual introduced error   0.000000e+00 : nnz before  116964 <-> 100.00 % , nnz after  116964 <-> 100.00 %
TIDE square took      0.02 usr cpu s       0.04 sys cpu s       0.01 wall s
INDE NNZ Xsq = 116964 <-> 100.00 %
TIDE Frobenius norm of X-X^2 took      0.00 usr cpu s       0.00 sys cpu s       0.00 wall s
TIDE Mixed norm of X-X^2 took      0.02 usr cpu s       0.07 sys cpu s       0.01 wall s
TIDE Trace of X-X^2 took      0.00 usr cpu s       0.00 sys cpu s       0.00 wall s
INDE ||X-X^2||_F = 2.835668e-01 , ||X-X^2||_mixed = 2.369004e-01
INDE trace(X-X^2) = 1.260273e+00
INDE trace(X) = 4.833848e+01
INDE Checking stopping criterion...   
INDE Order of convergence cannot be computed
TIDE stopping_criterion took      0.00 usr cpu s       0.00 sys cpu s       0.00 wall s
TIDE Iteration 26 took      0.04 usr cpu s       0.11 sys cpu s       0.02 wall s
INDE     ITERATION 27 :
TIDE purify_X took      0.00 usr cpu s       0.00 sys cpu s       0.00 wall s
TIDE truncate_matrix took      0.00 usr cpu s       0.00 sys cpu s       0.00 wall s
INDE Actual introduced error   0.000000e+00 : nnz before  116964 <-> 100.00 % , nnz after  116964 <-> 100.00 %
TIDE square took      0.07 usr cpu s       0.37 sys cpu s       0.07 wall s
INDE NNZ Xsq = 116964 <-> 100.00 %
TIDE Frobenius norm of X-X^2 took      0.00 usr cpu s       0.00 sys cpu s       0.00 wall s
TIDE Mixed norm of X-X^2 took      0.01 usr cpu s       0.04 sys cpu s       0.01 wall s
TIDE Trace of X-X^2 took      0.00 usr cpu s       0.00 sys cpu s       0.00 wall s
INDE ||X-X^2||_F = 3.436156e-02 , ||X-X^2||_mixed = 2.955834e-02
INDE trace(X-X^2) = 1.172637e-01
INDE trace(X) = 4.707821e+01
INDE Checking stopping criterion...   
INDE e_i =2.955834e-02, C*e_{i-1}^q = 1.635278e-01
INDE Order of convergence = 2.914662, stop = 0
TIDE stopping_criterion took      0.00 usr cpu s       0.00 sys cpu s       0.00 wall s
TIDE Iteration 27 took      0.09 usr cpu s       0.41 sys cpu s       0.08 wall s
INDE     ITERATION 28 :
TIDE purify_X took      0.00 usr cpu s       0.00 sys cpu s       0.00 wall s
TIDE truncate_matrix took      0.00 usr cpu s       0.00 sys cpu s       0.00 wall s
INDE Actual introduced error   0.000000e+00 : nnz before  116964 <-> 100.00 % , nnz after  116964 <-> 100.00 %
TIDE square took      0.08 usr cpu s       0.27 sys cpu s       0.05 wall s
INDE NNZ Xsq = 116964 <-> 100.00 %
TIDE Frobenius norm of X-X^2 took      0.00 usr cpu s       0.00 sys cpu s       0.00 wall s
TIDE Mixed norm of X-X^2 took      0.01 usr cpu s       0.01 sys cpu s       0.00 wall s
TIDE Trace of X-X^2 took      0.00 usr cpu s       0.00 sys cpu s       0.00 wall s
INDE ||X-X^2||_F = 2.688051e-02 , ||X-X^2||_mixed = 2.660280e-02
INDE trace(X-X^2) = 4.034576e-02
INDE trace(X) = 4.696094e+01
INDE Checking stopping criterion...   
INDE Order of convergence cannot be computed
TIDE stopping_criterion took      0.00 usr cpu s       0.00 sys cpu s       0.00 wall s
TIDE Iteration 28 took      0.09 usr cpu s       0.29 sys cpu s       0.06 wall s
INDE     ITERATION 29 :
TIDE purify_X took      0.00 usr cpu s       0.00 sys cpu s       0.00 wall s
TIDE truncate_matrix took      0.00 usr cpu s       0.00 sys cpu s       0.00 wall s
INDE Actual introduced error   0.000000e+00 : nnz before  116964 <-> 100.00 % , nnz after  116964 <-> 100.00 %
TIDE square took      0.02 usr cpu s       0.04 sys cpu s       0.01 wall s
INDE NNZ Xsq = 116964 <-> 100.00 %
TIDE Frobenius norm of X-X^2 took      0.00 usr cpu s       0.00 sys cpu s       0.00 wall s
TIDE Mixed norm of X-X^2 took      0.00 usr cpu s       0.01 sys cpu s       0.00 wall s
TIDE Trace of X-X^2 took      0.00 usr cpu s       0.00 sys cpu s       0.00 wall s
INDE ||X-X^2||_F = 1.059326e-03 , ||X-X^2||_mixed = 9.560582e-04
INDE trace(X-X^2) = 2.794460e-03
INDE trace(X) = 4.700129e+01
INDE Checking stopping criterion...   
INDE e_i =9.560582e-04, C*e_{i-1}^q = 6.017316e-03
INDE Order of convergence = 2.522401, stop = 0
TIDE stopping_criterion took      0.00 usr cpu s       0.00 sys cpu s       0.00 wall s
TIDE Iteration 29 took      0.02 usr cpu s       0.06 sys cpu s       0.01 wall s
INDE     ITERATION 30 :
TIDE purify_X took      0.00 usr cpu s       0.00 sys cpu s       0.00 wall s
TIDE truncate_matrix took      0.00 usr cpu s       0.00 sys cpu s       0.00 wall s
INDE Actual introduced error   0.000000e+00 : nnz before  116964 <-> 100.00 % , nnz after  116964 <-> 100.00 %
TIDE square took      0.02 usr cpu s       0.03 sys cpu s       0.01 wall s
INDE NNZ Xsq = 116964 <-> 100.00 %
TIDE Frobenius norm of X-X^2 took      0.00 usr cpu s       0.00 sys cpu s       0.00 wall s
TIDE Mixed norm of X-X^2 took      0.00 usr cpu s       0.01 sys cpu s       0.00 wall s
TIDE Trace of X-X^2 took      0.00 usr cpu s       0.00 sys cpu s       0.00 wall s
INDE ||X-X^2||_F = 1.121194e-03 , ||X-X^2||_mixed = 1.113535e-03
INDE trace(X-X^2) = 1.504135e-03
INDE trace(X) = 4.699850e+01
INDE Checking stopping criterion...   
INDE e_i =1.113535e-03, C*e_{i-1}^q = 4.874132e-03
INDE Order of convergence = 2.407088, stop = 0
TIDE stopping_criterion took      0.00 usr cpu s       0.00 sys cpu s       0.00 wall s
TIDE Iteration 30 took      0.03 usr cpu s       0.05 sys cpu s       0.01 wall s
INDE     ITERATION 31 :
TIDE purify_X took      0.00 usr cpu s       0.00 sys cpu s       0.00 wall s
TIDE truncate_matrix took      0.00 usr cpu s       0.00 sys cpu s       0.00 wall s
INDE Actual introduced error   0.000000e+00 : nnz before  116964 <-> 100.00 % , nnz after  116964 <-> 100.00 %
TIDE square took      0.01 usr cpu s       0.05 sys cpu s       0.01 wall s
INDE NNZ Xsq = 116964 <-> 100.00 %
TIDE Frobenius norm of X-X^2 took      0.00 usr cpu s       0.00 sys cpu s       0.00 wall s
TIDE Mixed norm of X-X^2 took      0.01 usr cpu s       0.01 sys cpu s       0.00 wall s
TIDE Trace of X-X^2 took      0.00 usr cpu s       0.00 sys cpu s       0.00 wall s
INDE ||X-X^2||_F = 1.409092e-06 , ||X-X^2||_mixed = 1.349041e-06
INDE trace(X-X^2) = 2.875929e-06
INDE trace(X) = 4.700000e+01
INDE Checking stopping criterion...   
INDE e_i =1.349041e-06, C*e_{i-1}^q = 6.295227e-06
INDE Order of convergence = 2.221554, stop = 0
TIDE stopping_criterion took      0.00 usr cpu s       0.00 sys cpu s       0.00 wall s
TIDE Iteration 31 took      0.02 usr cpu s       0.07 sys cpu s       0.01 wall s
INDE     ITERATION 32 :
TIDE purify_X took      0.00 usr cpu s       0.00 sys cpu s       0.00 wall s
TIDE truncate_matrix took      0.00 usr cpu s       0.00 sys cpu s       0.00 wall s
INDE Actual introduced error   0.000000e+00 : nnz before  116964 <-> 100.00 % , nnz after  116964 <-> 100.00 %
TIDE square took      0.01 usr cpu s       0.05 sys cpu s       0.01 wall s
INDE NNZ Xsq = 116964 <-> 100.00 %
TIDE Frobenius norm of X-X^2 took      0.00 usr cpu s       0.00 sys cpu s       0.00 wall s
TIDE Mixed norm of X-X^2 took      0.00 usr cpu s       0.01 sys cpu s       0.00 wall s
TIDE Trace of X-X^2 took      0.00 usr cpu s       0.00 sys cpu s       0.00 wall s
INDE ||X-X^2||_F = 1.895243e-06 , ||X-X^2||_mixed = 1.767995e-06
INDE trace(X-X^2) = 3.233139e-06
INDE trace(X) = 4.700000e+01
INDE Checking stopping criterion...   
INDE Order of convergence cannot be computed
TIDE stopping_criterion took      0.00 usr cpu s       0.00 sys cpu s       0.00 wall s
TIDE Iteration 32 took      0.01 usr cpu s       0.07 sys cpu s       0.01 wall s
INDE     ITERATION 33 :
TIDE purify_X took      0.00 usr cpu s       0.00 sys cpu s       0.00 wall s
TIDE truncate_matrix took      0.00 usr cpu s       0.00 sys cpu s       0.00 wall s
INDE Actual introduced error   0.000000e+00 : nnz before  116964 <-> 100.00 % , nnz after  116964 <-> 100.00 %
TIDE square took      0.02 usr cpu s       0.10 sys cpu s       0.02 wall s
INDE NNZ Xsq = 116964 <-> 100.00 %
TIDE Frobenius norm of X-X^2 took      0.00 usr cpu s       0.00 sys cpu s       0.00 wall s
TIDE Mixed norm of X-X^2 took      0.01 usr cpu s       0.01 sys cpu s       0.00 wall s
TIDE Trace of X-X^2 took      0.00 usr cpu s       0.00 sys cpu s       0.00 wall s
INDE ||X-X^2||_F = 3.471527e-12 , ||X-X^2||_mixed = 3.388643e-12
INDE trace(X-X^2) = 5.755396e-12
INDE trace(X) = 4.700000e+01
INDE Checking stopping criterion...   
INDE e_i =3.388643e-12, C*e_{i-1}^q = 1.253409e-11
INDE Order of convergence = 2.096775, stop = 0
TIDE stopping_criterion took      0.00 usr cpu s       0.00 sys cpu s       0.00 wall s
TIDE Iteration 33 took      0.04 usr cpu s       0.11 sys cpu s       0.02 wall s
INDE     ITERATION 34 :
TIDE purify_X took      0.00 usr cpu s       0.00 sys cpu s       0.00 wall s
TIDE truncate_matrix took      0.00 usr cpu s       0.00 sys cpu s       0.00 wall s
INDE Actual introduced error   0.000000e+00 : nnz before  116964 <-> 100.00 % , nnz after  116964 <-> 100.00 %
TIDE square took      0.02 usr cpu s       0.04 sys cpu s       0.01 wall s
INDE NNZ Xsq = 116964 <-> 100.00 %
TIDE Frobenius norm of X-X^2 took      0.00 usr cpu s       0.00 sys cpu s       0.00 wall s
TIDE Mixed norm of X-X^2 took      0.00 usr cpu s       0.01 sys cpu s       0.00 wall s
TIDE Trace of X-X^2 took      0.00 usr cpu s       0.00 sys cpu s       0.00 wall s
INDE ||X-X^2||_F = 4.115526e-12 , ||X-X^2||_mixed = 4.115288e-12
INDE trace(X-X^2) = 4.348522e-12
INDE trace(X) = 4.700000e+01
INDE Checking stopping criterion...   
INDE Order of convergence cannot be computed
TIDE stopping_criterion took      0.00 usr cpu s       0.00 sys cpu s       0.00 wall s
TIDE Iteration 34 took      0.02 usr cpu s       0.06 sys cpu s       0.01 wall s
INDE     ITERATION 35 :
TIDE purify_X took      0.00 usr cpu s       0.00 sys cpu s       0.00 wall s
TIDE truncate_matrix took      0.00 usr cpu s       0.00 sys cpu s       0.00 wall s
INDE Actual introduced error   0.000000e+00 : nnz before  116964 <-> 100.00 % , nnz after  116964 <-> 100.00 %
TIDE square took      0.01 usr cpu s       0.04 sys cpu s       0.01 wall s
INDE NNZ Xsq = 116964 <-> 100.00 %
TIDE Frobenius norm of X-X^2 took      0.00 usr cpu s       0.00 sys cpu s       0.00 wall s
TIDE Mixed norm of X-X^2 took      0.00 usr cpu s       0.00 sys cpu s       0.00 wall s
TIDE Trace of X-X^2 took      0.00 usr cpu s       0.00 sys cpu s       0.00 wall s
INDE ||X-X^2||_F = 2.324169e-15 , ||X-X^2||_mixed = 0.000000e+00
INDE trace(X-X^2) = 0.000000e+00
INDE trace(X) = 4.700000e+01
INDE Checking stopping criterion...   
INDE ************************************************************************************************************
INDE The norm value went much below machine precision, therefore we stop here since n_max can be underestimated.
INDE ************************************************************************************************************
INDE e_i =0.000000e+00, C*e_{i-1}^q = 7.908502e-23
INDE Order of convergence = inf, stop = 1
TIDE stopping_criterion took      0.00 usr cpu s       0.00 sys cpu s       0.00 wall s
INDE PURIFICATION CONVERGED after 35 iterations
TIDE Iteration 35 took      0.02 usr cpu s       0.05 sys cpu s       0.01 wall s
INDE Number of non-zeros in D is  116964 <-> 100.00 %
TIDE FileWritable::writeAndReadAll took      0.00 usr cpu s       0.00 sys cpu s       0.00 wall s
INDE writeAndReadAll sizesStr: '0 MB (1 MatrixGeneral, 0 > 1 MB) + 0 MB (13 MatrixSymmetric, 0 > 1 MB) + 0 MB (2 VectorGeneral, 0 > 1 MB) = 0 MB (16 total, 0 > 1 MB)
INDE TOTAL accumulated subspace error is 0.000000e+00
INDE TOTAL X square time: 0.381441 wall s
INDE TOTAL X trunction time: 0.008411 wall s
INDE TOTAL X purify (exl. X^2 computation) time: 0.008586 wall s
INDE TOTAL time to get number of non-zero elements: 0.001508 wall s
INDE TOTAL time to get mixed norm: 0.100939 wall s
INDE TOTAL time to get Frobenius norm: 0.009100 wall s
INDE TOTAL time for stopping criterion: 0.001661 wall s
INDE TOTAL time to get matrix trace: 0.000794 wall s
INDE Estimated bounds for the eigenvalues for the Fock matrix:
INDE LUMO: [ 0.035550619846 , 0.056524651997 ]
INDE HOMO: [ -0.357271204648 , -0.348175744441 ]
TIDE eigenvalue_bounds_estimation() took      0.00 usr cpu s       0.00 sys cpu s       0.00 wall s
TIDE Recursive expansion took      1.11 usr cpu s       3.26 sys cpu s       0.60 wall s
TIDE Puri->PurificationStart() took      1.11 usr cpu s       3.26 sys cpu s       0.60 wall s
TIDE Accumulated wall times for writeToFile in PurificationStart()          : 0 s (MatrixGeneral) + 9.5e-07 s (MatrixSymmetric) + 0.00013 s (VectorGeneral) = 0.00013 s
TIDE Accumulated wall times for readFromFile in PurificationStart()         : 9.5e-07 s (MatrixGeneral) + 9.5e-07 s (MatrixSymmetric) + 3.9e-05 s (VectorGeneral) = 4.1e-05 s
TIDE Accumulated wall times for copy and assign in PurificationStart()      : 2.1e-06 s (MatrixSymmetric) + 4.7e-05 s (VectorGeneral) = 4.9e-05 s
INDE Number of calls to writeToFile in PurificationStart()                  : 2 (MatrixGeneral) + 27 (MatrixSymmetric) + 1434 (VectorGeneral) = 1463 
INDE Number of calls to readFromFile in PurificationStart()                 : 2 (MatrixGeneral) + 26 (MatrixSymmetric) + 531 (VectorGeneral) = 559 
INDE Number of calls to FileWritable copy and assign in PurificationStart() : 2 (MatrixSymmetric) + 37 (VectorGeneral) = 39 
TIDE mat::Gblas::time after purification :     3.146778
INDE Created .m files with results of the purification
INDE Purification converged OK, subspaceError <=          0.00000000000
INDE E(LUMO) - E(HOMO) >=          0.38372636429 =         10.44172636130 eV
INDE E(LUMO) - E(HOMO) <=          0.41379585665 =         11.25995893599 eV
INDE HOMO interval : [   -0.357271204648   -0.348175744441 ]
INDE LUMO interval : [    0.035550619846    0.056524651997 ]
INDE Trace of resulting density matrix is         47.00000000000, error is  -0.00000000000001.
INDE Truncated D_ort ( mixed ), selected threshold = 9.99999e-08, returned error =          0, nnz before = 116964 <-> 100.0000 %, nnz after = 116964 <-> 100.0000 %
TIDE FileWritable::writeAndReadAll took      0.00 usr cpu s       0.00 sys cpu s       0.00 wall s
INDE writeAndReadAll sizesStr: '0 MB (1 MatrixGeneral, 0 > 1 MB) + 0 MB (12 MatrixSymmetric, 0 > 1 MB) + 0 MB (1 MatrixTriangular, 0 > 1 MB) = 0 MB (14 total, 0 > 1 MB)
TIDE D_w to non-orthogonal basis took      0.02 usr cpu s       0.03 sys cpu s       0.01 wall s
INDE Truncated D_S (eucl with Z), selected threshold = 9.99999e-08, returned error =          0, nnz before = 100.0000 %, nnz after = 100.0000 %
INDE get_dens_from_fock_sparse ending OK
TIDE get_dens_from_fock_sparse took      1.43 usr cpu s       4.40 sys cpu s       0.78 wall s
ERDE get_dens_from_fock  (GetDensFromFock class) : purification finished OK.
TIDE get_dens_from_fock took      1.43 usr cpu s       4.40 sys cpu s       0.78 wall s
INSC Matrix 'new density matrix' ( symm ): n =    342, nnz =       116964 <-> 100.00 %, mem usage  0.0005 G
INSC Tr( D * S ) =         93.99999999997
TISC get_new_density_matrix took      1.43 usr cpu s       4.40 sys cpu s       0.79 wall s
INSC SCF_restricted::report_density_difference, diff_eucl =          0.00553804296
TISC SCF_restricted::report_density_difference took      0.02 usr cpu s       0.09 sys cpu s       0.02 wall s
INMA ddf_writeShellListAndDensityMatricesToFile_sparse, n =    342, densityMatrixList[0].nvalues =       58653
INMA opened temporary file 'density.bin.xNYLIZ' for writing
INMA Choosing matrixStorageType = MATRIX_STORAGE_TYPE_TRIANGLE.
INMA fileSize =          560392 bytes =      0.560 MegaBytes
INMA renamed file 'density.bin.xNYLIZ' to 'density.bin'
INMA ddf_writeShellListAndDensityMatricesToFile_sparse freeing buffer.
INMA ddf_writeShellListAndDensityMatricesToFile_sparse returning OK.
TISC write_density_to_file took      0.01 usr cpu s       0.05 sys cpu s       0.01 wall s
INSC Creating mtx file for Fock matrix
INSC Creating mtx file for density matrix
INSC SCF cycle   7 finished.
TISC SCF cycle   7 took    960.55 usr cpu s       6.98 sys cpu s     155.19 wall s
INSC Beginning of SCF cycle 8:  Thu Dec 18 16:06:16 2025
INDE compute_J_by_boxes_sparse() start.
TIDE FileWritable::writeAndReadAll took      0.00 usr cpu s       0.00 sys cpu s       0.00 wall s
INDE writeAndReadAll: '0 MB (1 MatrixGeneral, 0 > 1 MB) + 0 MB (11 MatrixSymmetric, 0 > 1 MB) = 0 MB (12 total, 0 > 1 MB)
IN   compute_J_by_boxes_sparse, maxDensityMatrixElement =         22.35625632594
ININ get_basis_func_pair_list, n =    342
ININ create_box_system end OK, toplevelBoxSize:   7.0, #levels:  3, #boxes at top level:      6
TIIN get_basis_func_pair_list_2el took      0.16 usr cpu s       0.00 sys cpu s       0.16 wall s
IN   compute_J_by_boxes_sparse: noOfBasisFuncIndexPairs = 52606 ==> storing  44.98 % of a full matrix
ININ entering compute_J_by_boxes_linear, no of basis funcs =   342, threshold_J =   1e-12
ININ use_fmm = 1, fmm_box_size =   5.00
TIIN Compute extent for all distrs took      0.47 usr cpu s       0.00 sys cpu s       0.47 wall s
ININ extent_min =    0.000, extent_max =   19.778
ININ Creating list of distributions etc done, distrCount =    353701
TIIN Creating list of distributions etc took      0.68 usr cpu s       0.02 sys cpu s       0.70 wall s
ININ create_box_system end OK, toplevelBoxSize:   5.0, #levels:  3, #boxes at top level:     10
TIIN Creating boxes took      0.04 usr cpu s       0.01 sys cpu s       0.05 wall s
ININ noOfBranches = 5, splitters:  10.00  5.00  2.50  0.00
ININ J org done, groupCount =    15565
TIIN J org took      1.58 usr cpu s       0.00 sys cpu s       1.58 wall s
TIIN Generate group multipoles took      0.65 usr cpu s       0.00 sys cpu s       0.65 wall s
ININ totChargeWholeSystem =          0.00000000000
ININ Generating multipole for each branch at top level, MAX_MULTIPOLE_DEGREE = 15
TIIN Translate multipoles (step 1) took      0.46 usr cpu s       0.00 sys cpu s       0.46 wall s
TIIN Translate multipoles (step 2) took      0.08 usr cpu s       0.00 sys cpu s       0.08 wall s
ININ job lists for J created OK, noOfJobs_J_standard =     1255, noOfJobs_J_multipole =       40
TIIN Creating job lists for J took      0.00 usr cpu s       0.00 sys cpu s       0.00 wall s
ININ execute_joblist_J_std_threaded, noOfThreads =  8
ININ 8 threads started OK.
ININ all 8 threads have finished.
TIIN execute_joblist_J_std_threaded took    221.65 usr cpu s       0.28 sys cpu s      34.29 wall s
TIIN sort_list_of_multipole_jobs init part took      0.00 usr cpu s       0.00 sys cpu s       0.00 wall s
TIIN sort_list_of_multipole_jobs complete took      0.00 usr cpu s       0.00 sys cpu s       0.00 wall s
TIIN sort_list_of_multipole_jobs took      0.00 usr cpu s       0.00 sys cpu s       0.00 wall s
ININ execute_joblist_J_fmm_shared: Allocating multipoleList_4, maxnoOfMinimalDistrsPerBoxBranch =     65422
ININ execute_joblist_J_fmm_shared: jobIndexLo =            0, jobIndexHi =            5
ININ execute_joblist_J_fmm_shared: Allocating multipoleList_4, maxnoOfMinimalDistrsPerBoxBranch =     65422
ININ execute_joblist_J_fmm_shared: jobIndexLo =            5, jobIndexHi =           10
ININ execute_joblist_J_fmm_shared: Allocating multipoleList_4, maxnoOfMinimalDistrsPerBoxBranch =     65422
ININ execute_joblist_J_fmm_shared: jobIndexLo =           15, jobIndexHi =           20
ININ execute_joblist_J_fmm_shared: Allocating multipoleList_4, maxnoOfMinimalDistrsPerBoxBranch =     65422
ININ execute_joblist_J_fmm_shared: jobIndexLo =           10, jobIndexHi =           15
ININ execute_joblist_J_fmm_shared: Allocating multipoleList_4, maxnoOfMinimalDistrsPerBoxBranch =     65422
ININ execute_joblist_J_fmm_shared: jobIndexLo =           20, jobIndexHi =           25
ININ execute_joblist_J_fmm_shared: Allocating multipoleList_4, maxnoOfMinimalDistrsPerBoxBranch =     65422
ININ execute_joblist_J_fmm_shared: jobIndexLo =           25, jobIndexHi =           30
ININ execute_joblist_J_fmm_shared: Allocating multipoleList_4, maxnoOfMinimalDistrsPerBoxBranch =     65422
ININ execute_joblist_J_fmm_shared: jobIndexLo =           30, jobIndexHi =           35
ININ execute_joblist_J_fmm_shared: Allocating multipoleList_4, maxnoOfMinimalDistrsPerBoxBranch =     65422
ININ execute_joblist_J_fmm_shared: jobIndexLo =           35, jobIndexHi =           40
ININ execute_joblist_J_fmm_shared: done!
ININ execute_joblist_J_fmm_shared: done!
ININ execute_joblist_J_fmm_shared: done!
ININ execute_joblist_J_fmm_shared: done!
ININ execute_joblist_J_fmm_shared: done!
ININ execute_joblist_J_fmm_shared: done!
ININ execute_joblist_J_fmm_shared: done!
ININ execute_joblist_J_fmm_shared: done!
ININ multipole job list for J executed, largest L used: 12
TIIN Executing multipole job list for J took      0.31 usr cpu s       0.00 sys cpu s       0.13 wall s
ININ compute_J_by_boxes_linear ending OK.
TIIN compute_J_by_boxes_linear took    225.47 usr cpu s       0.31 sys cpu s      37.97 wall s
TI   compute_J_by_boxes_sparse total took    225.64 usr cpu s       0.31 sys cpu s      38.14 wall s
ININ entering create_CSR_for_K, no of basis funcs =   342, threshold_K =   1e-12
ININ create_box_system end OK, toplevelBoxSize:   7.0, #levels:  3, #boxes at top level:      6
ININ create_box_system end OK, toplevelBoxSize:   7.0, #levels:  3, #boxes at top level:      6
ININ create_box_system end OK, toplevelBoxSize:   7.0, #levels:  3, #boxes at top level:      6
TIIN create_CSR_for_K getting list of distrs took      0.44 usr cpu s       0.01 sys cpu s       0.44 wall s
ININ list of neighbors complete.
TIIN create_CSR_for_K getting list of neighbors took      0.00 usr cpu s       0.00 sys cpu s       0.00 wall s
TIIN create_CSR_for_K sort each list of neighbors took      0.06 usr cpu s       0.00 sys cpu s       0.06 wall s
ININ 8 threads started OK.
TIIN identify_needed_elements() took    581.73 usr cpu s       0.49 sys cpu s      76.01 wall s
ININ computing nnz..
ININ create_CSR_for_K: predicted nnz =        58653, <->  50.15% of a full matrix
TIIN create_CSR_for_K last part took      0.00 usr cpu s       0.00 sys cpu s       0.00 wall s
TIIN create_CSR_for_K total took    582.23 usr cpu s       0.50 sys cpu s      76.52 wall s
ININ entering compute_K_by_boxes, no of basis funcs =   342, threshold_K =   1e-12, exchange_box_size =   5.00
ININ create_box_system end OK, toplevelBoxSize:   7.0, #levels:  3, #boxes at top level:      6
ININ create_box_system end OK, toplevelBoxSize:   7.0, #levels:  3, #boxes at top level:      6
ININ create_box_system end OK, toplevelBoxSize:   7.0, #levels:  3, #boxes at top level:      6
TIIN Compute extent for all distrs took      0.46 usr cpu s       0.00 sys cpu s       0.46 wall s
ININ Creating list of distributions done, distrCountTot =    353701
TIIN Creating list of distributions took      0.75 usr cpu s       0.00 sys cpu s       0.75 wall s
ININ create_box_system end OK, toplevelBoxSize:   5.0, #levels:  3, #boxes at top level:     10
ININ create_box_system end OK, toplevelBoxSize:   2.5, #levels:  4, #boxes at top level:     16
ININ noOfLevelsBasisFuncs = 4, noOfLevelsDiff = 1
TIIN Creating boxes etc took      0.04 usr cpu s       0.00 sys cpu s       0.04 wall s
TIIN getting multipoleNormVectorList took      0.79 usr cpu s       0.00 sys cpu s       0.79 wall s
TIIN K organize_distributions for all boxes took      2.04 usr cpu s       0.01 sys cpu s       2.05 wall s
ININ starting loop to setup basisFuncGroupInfoList, with added index checks.
TIIN GetLimitsAllLevels took      0.31 usr cpu s       0.00 sys cpu s       0.31 wall s
ININ getDmatLimitMatrixCSRList start.
TIIN getting densityMatrixLimitMatrixList took      0.02 usr cpu s       0.00 sys cpu s       0.02 wall s
ININ job list for K created,       55 jobs
TIIN creating job list for K took      0.00 usr cpu s       0.00 sys cpu s       0.00 wall s
ININ execute_joblist_K_threaded, noOfThreads =  8, basisFuncListCount_max =   325
ININ 8 threads started OK.
ININ all 8 threads have finished, took       33 wall s.
TIIN Executing job list for K took    154.00 usr cpu s       0.15 sys cpu s      33.50 wall s
TIIN compute_K_by_boxes took    157.94 usr cpu s       0.16 sys cpu s      37.45 wall s
TI   compute_K_by_boxes_sparse total took    740.19 usr cpu s       0.67 sys cpu s     114.01 wall s
INSC About to truncate FockMatrix, gap of Fprev >=          0.38372636429
TISC symmMatrix::mixed_diff for F vs Fprev maxEigValMovement_mixed took      0.00 usr cpu s       0.00 sys cpu s       0.00 wall s
TISC symmMatrix::eucl_diff for maxEigValMovement_eucl  took      0.06 usr cpu s       0.19 sys cpu s       0.04 wall s
INSC maxEigValMovement_frob  =          0.00037146509
INSC maxEigValMovement_mixed =          0.00026575535
INSC maxEigValMovement_eucl  =          0.00015262357
TISC FockMatrix.eucl_thresh() (with Z) took      0.16 usr cpu s       0.51 sys cpu s       0.11 wall s
INSC Truncated FockMatrix (eucl with Z), selected threshold = 3.83421e-08, returned error =          0, nnz before = 100.0000 %, nnz after = 100.0000 %
INSC Matrix 'S' ( symm ): n =    342, nnz =       116964 <-> 100.00 %, mem usage  0.0005 G
INSC Matrix 'F' ( symm ): n =    342, nnz =       116964 <-> 100.00 %, mem usage  0.0005 G
INSC Matrix 'D' ( symm ): n =    342, nnz =       116964 <-> 100.00 %, mem usage  0.0005 G
INSC nuclearEnergy, energy_2el, energy = 782.160484, 1007.253546, -645.112846
INSC Energy   8 =       -645.11284580125  ( diff     -0.000000041217618 )
INSC calling compute_FDSminusSDF_sparse, n = 342
INDE compute_FDSminusSDF_sparse() start.
TIDE FileWritable::writeAndReadAll took      0.00 usr cpu s       0.00 sys cpu s       0.00 wall s
INDE writeAndReadAll: '0 MB (1 MatrixGeneral, 0 > 1 MB) + 0 MB (9 MatrixSymmetric, 0 > 1 MB) = 0 MB (10 total, 0 > 1 MB)
TISC compute_FDSminusSDF_sparse, F*D mult took      0.06 usr cpu s       0.10 sys cpu s       0.02 wall s
INSC Matrix 'FD before eucl truncation' (normal): n =    342, nnz =       116964 <-> 100.00 %, mem usage  0.0009 G
INSC Matrix 'FD after  eucl truncation' (normal): n =    342, nnz =       116964 <-> 100.00 %, mem usage  0.0009 G
INSC Matrix 'FDS before eucl truncation' (normal): n =    342, nnz =       116964 <-> 100.00 %, mem usage  0.0009 G
INSC Matrix 'FDS after  eucl truncation' (normal): n =    342, nnz =       116964 <-> 100.00 %, mem usage  0.0009 G
INSC compute_FDSminusSDF_sparse ending OK.
TISC compute_FDSminusSDF_sparse took      0.13 usr cpu s       0.31 sys cpu s       0.06 wall s
INSC Matrix 'FDS-SDF' (normal): n =    342, nnz =       116964 <-> 100.00 %, mem usage  0.0009 G
INSC SCF_restricted::get_FDSminusSDF finished.
TISC get_FDSminusSDF took      0.13 usr cpu s       0.31 sys cpu s       0.06 wall s
INSC maxabs FDS-SDF is 3.42e-05
INSC frob   FDS-SDF is 0.000304
TISC get_error_measure took      0.00 usr cpu s       0.01 sys cpu s       0.00 wall s
INSC entering DIISManagerRestricted::AddIterationToList, IterCount =  7
INSC DIISManagerRestricted::AddIterationToList ending OK.
TISC DIISManagerRestricted::AddIterationToList took      0.01 usr cpu s       0.02 sys cpu s       0.00 wall s
INSC using DIIS to get combined Fock matrix, number of iters used for DIIS:  8
TISC clear_error_matrices took      0.00 usr cpu s       0.00 sys cpu s       0.00 wall s
TISC save_current_fock_as_fprev took      0.00 usr cpu s       0.00 sys cpu s       0.00 wall s
INDE get_dens_from_fock_general, n = 342, use_diagonalization = 0, use_diag_on_error = 1
INDE Before writeAndReadAll(): AllocatorManager statistics:  noOfRealsPerBuffer: 1024 noOfBuffers: 20000 list.size(): 1. Allocated: 0.164 GB, Used: 0.0156 GB, Peak alloc: 0.164 GB.
TIDE FileWritable::writeAndReadAll took      0.00 usr cpu s       0.00 sys cpu s       0.00 wall s
INDE writeAndReadAll sizesStr: '0 MB (1 MatrixGeneral, 0 > 1 MB) + 0 MB (7 MatrixSymmetric, 0 > 1 MB) = 0 MB (8 total, 0 > 1 MB)
INDE After writeAndReadAll(): AllocatorManager statistics:  noOfRealsPerBuffer: 1024 noOfBuffers: 20000 list.size(): 1. Allocated: 0.164 GB, Used: 0.0156 GB, Peak alloc: 0.164 GB.
INDE calling get_dens_from_fock_sparse, n =    342, subspaceErrorLimit = 1e-06
INDE get_dens_from_fock_sparse() start!
INDE After F.readFromFile(): AllocatorManager statistics:  noOfRealsPerBuffer: 1024 noOfBuffers: 20000 list.size(): 1. Allocated: 0.164 GB, Used: 0.0156 GB, Peak alloc: 0.164 GB.
INDE After creating wrapper MatrixType F_w(F): AllocatorManager statistics:  noOfRealsPerBuffer: 1024 noOfBuffers: 20000 list.size(): 1. Allocated: 0.164 GB, Used: 0.016 GB, Peak alloc: 0.164 GB.
TIDE  F_w to orthogonal basis took      0.01 usr cpu s       0.05 sys cpu s       0.01 wall s
TIDE MatrixType::mixed_diff for maxEigValMovement_mixed took      0.00 usr cpu s       0.01 sys cpu s       0.00 wall s
TIDE symmMatrixWrap::eucl_diff for maxEigValMovement_eucl  took      0.07 usr cpu s       0.34 sys cpu s       0.05 wall s
INDE maxEigValMovement_frob  =          0.00023379064
INDE maxEigValMovement_mixed =          0.00015201556
INDE maxEigValMovement_eucl  =          0.00005904232
INDE lumo before truncation: [ 0.035491577527 , 0.056583694316 ]
INDE homo before truncation: [ -0.357330246967 , -0.348116702122 ]
INDE Truncate matrix F and update intervals for homo and lumo.
INDE Truncating F_ort ( mixed ), selected threshold = 3.83608e-08
INDE Truncated F_ort ( mixed ), selected threshold = 3.83608e-08, returned error =          0, nnz before = 100.0000 %, nnz after = 100.0000 %
TIDE Truncation of F_ort took      0.00 usr cpu s       0.00 sys cpu s       0.00 wall s
INDE Chosen Ergo Wrapper
INDE Creating purification object: N = 342 , nocc = 47 , NNZ = 116964  <-> 100.00000 %
INDE Chosen norm for the truncation: 
INDE mixed
INDE Chosen norm for the stopping criterion: 
INDE mixed
INDE Chosen the NEW stopping criterion.
INDE Allowed error in subspace 7.000000e-07
INDE Chosen SP2 purification method
INDE calling Puri->PurificationStart(), number of threads = 1, trunc norm 'mixed'
TIDE gershgorin took      0.00 usr cpu s       0.01 sys cpu s       0.00 wall s
INDE Gershgorin bounds: [ -59.820862919334 , 100.436329347417 ]
INDE EXPANDED Gershgorin bounds: [ -59.820862934235 , 100.436329362318 ]
INDE Trying to impove bounds using Lanczos algorithm...
TIDE compute_spectrum_bounds took      0.12 usr cpu s       0.48 sys cpu s       0.09 wall s
INDE Spectrum of F: 	 [ -20.624835468437 , 51.715197759849 ]
INDE Transform homo and lumo bounds...
INDE HOMO bounds of X: 	 [ 0.719702661701 , 0.719830026100 ]
INDE LUMO bounds of X: 	 [ 0.714108243530 , 0.714399812608 ]
INDE INIT LUMO: [ 0.714108243530 , 0.714399812608 ]
INDE INIT HOMO: [ 0.280169973900 , 0.280297338299 ]
INDE ESTIMATED NUMBER OF ITERATIONS IS 35
INDE Put eigenvalues of F to the interval [0,1] in reverse order.
TIDE compute_X() took      0.00 usr cpu s       0.00 sys cpu s       0.00 wall s
TIDE prepare_to_purification() took      0.12 usr cpu s       0.48 sys cpu s       0.09 wall s
INDE (EIGV,PARAMS) Requested 0 occipied eigenpair(s).
INDE (EIGV,PARAMS) Requested 0 unoccipied eigenpair(s).
TIDE prepare_to_purification_eigenvectors() took      0.00 usr cpu s       0.00 sys cpu s       0.00 wall s
INDE Starting recursive expansion
INDE     BEFORE ITERATIONS:
TIDE truncate_matrix took      0.00 usr cpu s       0.00 sys cpu s       0.00 wall s
INDE Actual introduced error   0.000000e+00 : nnz before  116964 <-> 100.00 % , nnz after  116964 <-> 100.00 %
TIDE square took      0.02 usr cpu s       0.03 sys cpu s       0.01 wall s
INDE NNZ Xsq = 116964 <-> 100.00 %
TIDE Frobenius norm of X-X^2 took      0.00 usr cpu s       0.00 sys cpu s       0.00 wall s
TIDE Mixed norm of X-X^2 took      0.01 usr cpu s       0.02 sys cpu s       0.00 wall s
TIDE Trace of X-X^2 took      0.00 usr cpu s       0.00 sys cpu s       0.00 wall s
INDE ||X-X^2||_F = 3.852014e+00 , ||X-X^2||_mixed = 1.286053e+00
INDE trace(X-X^2) = 7.012956e+01
INDE trace(X) = 2.342456e+02
TIDE Iteration 0 took      0.03 usr cpu s       0.07 sys cpu s       0.01 wall s
TIDE FileWritable::writeAndReadAll took      0.00 usr cpu s       0.00 sys cpu s       0.00 wall s
INDE writeAndReadAll sizesStr: '0 MB (1 MatrixGeneral, 0 > 1 MB) + 0 MB (13 MatrixSymmetric, 0 > 1 MB) + 0 MB (2 VectorGeneral, 0 > 1 MB) = 0 MB (16 total, 0 > 1 MB)
INDE     ITERATION 1 :
TIDE purify_X took      0.00 usr cpu s       0.00 sys cpu s       0.00 wall s
TIDE truncate_matrix took      0.00 usr cpu s       0.00 sys cpu s       0.00 wall s
INDE Actual introduced error   0.000000e+00 : nnz before  116964 <-> 100.00 % , nnz after  116964 <-> 100.00 %
TIDE square took      0.01 usr cpu s       0.04 sys cpu s       0.01 wall s
INDE NNZ Xsq = 116964 <-> 100.00 %
TIDE Frobenius norm of X-X^2 took      0.00 usr cpu s       0.00 sys cpu s       0.00 wall s
TIDE Mixed norm of X-X^2 took      0.01 usr cpu s       0.02 sys cpu s       0.00 wall s
TIDE Trace of X-X^2 took      0.00 usr cpu s       0.00 sys cpu s       0.00 wall s
INDE ||X-X^2||_F = 4.467938e+00 , ||X-X^2||_mixed = 1.460677e+00
INDE trace(X-X^2) = 8.127625e+01
INDE trace(X) = 1.641160e+02
TIDE Iteration 1 took      0.03 usr cpu s       0.06 sys cpu s       0.01 wall s
INDE     ITERATION 2 :
TIDE purify_X took      0.00 usr cpu s       0.00 sys cpu s       0.00 wall s
TIDE truncate_matrix took      0.00 usr cpu s       0.00 sys cpu s       0.00 wall s
INDE Actual introduced error   0.000000e+00 : nnz before  116964 <-> 100.00 % , nnz after  116964 <-> 100.00 %
TIDE square took      0.01 usr cpu s       0.05 sys cpu s       0.01 wall s
INDE NNZ Xsq = 116964 <-> 100.00 %
TIDE Frobenius norm of X-X^2 took      0.00 usr cpu s       0.00 sys cpu s       0.00 wall s
TIDE Mixed norm of X-X^2 took      0.00 usr cpu s       0.02 sys cpu s       0.00 wall s
TIDE Trace of X-X^2 took      0.00 usr cpu s       0.00 sys cpu s       0.00 wall s
INDE ||X-X^2||_F = 3.254698e+00 , ||X-X^2||_mixed = 1.135626e+00
INDE trace(X-X^2) = 5.849021e+01
INDE trace(X) = 8.283977e+01
INDE Checking stopping criterion...   
INDE Order of convergence cannot be computed
TIDE stopping_criterion took      0.00 usr cpu s       0.00 sys cpu s       0.00 wall s
TIDE Iteration 2 took      0.02 usr cpu s       0.07 sys cpu s       0.01 wall s
INDE     ITERATION 3 :
TIDE purify_X took      0.00 usr cpu s       0.00 sys cpu s       0.00 wall s
TIDE truncate_matrix took      0.00 usr cpu s       0.00 sys cpu s       0.00 wall s
INDE Actual introduced error   0.000000e+00 : nnz before  116964 <-> 100.00 % , nnz after  116964 <-> 100.00 %
TIDE square took      0.02 usr cpu s       0.04 sys cpu s       0.01 wall s
INDE NNZ Xsq = 116964 <-> 100.00 %
TIDE Frobenius norm of X-X^2 took      0.00 usr cpu s       0.00 sys cpu s       0.00 wall s
TIDE Mixed norm of X-X^2 took      0.00 usr cpu s       0.02 sys cpu s       0.00 wall s
TIDE Trace of X-X^2 took      0.00 usr cpu s       0.00 sys cpu s       0.00 wall s
INDE ||X-X^2||_F = 4.290382e+00 , ||X-X^2||_mixed = 1.444683e+00
INDE trace(X-X^2) = 7.741617e+01
INDE trace(X) = 1.413300e+02
INDE Checking stopping criterion...   
INDE Order of convergence cannot be computed
TIDE stopping_criterion took      0.00 usr cpu s       0.00 sys cpu s       0.00 wall s
TIDE Iteration 3 took      0.03 usr cpu s       0.06 sys cpu s       0.01 wall s
INDE     ITERATION 4 :
TIDE purify_X took      0.00 usr cpu s       0.00 sys cpu s       0.00 wall s
TIDE truncate_matrix took      0.00 usr cpu s       0.00 sys cpu s       0.00 wall s
INDE Actual introduced error   0.000000e+00 : nnz before  116964 <-> 100.00 % , nnz after  116964 <-> 100.00 %
TIDE square took      0.02 usr cpu s       0.04 sys cpu s       0.01 wall s
INDE NNZ Xsq = 116964 <-> 100.00 %
TIDE Frobenius norm of X-X^2 took      0.00 usr cpu s       0.00 sys cpu s       0.00 wall s
TIDE Mixed norm of X-X^2 took      0.00 usr cpu s       0.02 sys cpu s       0.00 wall s
TIDE Trace of X-X^2 took      0.00 usr cpu s       0.00 sys cpu s       0.00 wall s
INDE ||X-X^2||_F = 4.003286e+00 , ||X-X^2||_mixed = 1.405986e+00
INDE trace(X-X^2) = 7.177920e+01
INDE trace(X) = 2.187462e+02
INDE Checking stopping criterion...   
INDE Order of convergence cannot be computed
TIDE stopping_criterion took      0.00 usr cpu s       0.00 sys cpu s       0.00 wall s
TIDE Iteration 4 took      0.03 usr cpu s       0.06 sys cpu s       0.01 wall s
INDE     ITERATION 5 :
TIDE purify_X took      0.00 usr cpu s       0.00 sys cpu s       0.00 wall s
TIDE truncate_matrix took      0.00 usr cpu s       0.00 sys cpu s       0.00 wall s
INDE Actual introduced error   0.000000e+00 : nnz before  116964 <-> 100.00 % , nnz after  116964 <-> 100.00 %
TIDE square took      0.02 usr cpu s       0.03 sys cpu s       0.01 wall s
INDE NNZ Xsq = 116964 <-> 100.00 %
TIDE Frobenius norm of X-X^2 took      0.00 usr cpu s       0.00 sys cpu s       0.00 wall s
TIDE Mixed norm of X-X^2 took      0.00 usr cpu s       0.02 sys cpu s       0.00 wall s
TIDE Trace of X-X^2 took      0.00 usr cpu s       0.00 sys cpu s       0.00 wall s
INDE ||X-X^2||_F = 4.268876e+00 , ||X-X^2||_mixed = 1.493204e+00
INDE trace(X-X^2) = 7.626113e+01
INDE trace(X) = 1.469670e+02
INDE Checking stopping criterion...   
INDE Order of convergence cannot be computed
TIDE stopping_criterion took      0.00 usr cpu s       0.00 sys cpu s       0.00 wall s
TIDE Iteration 5 took      0.03 usr cpu s       0.05 sys cpu s       0.01 wall s
INDE     ITERATION 6 :
TIDE purify_X took      0.00 usr cpu s       0.00 sys cpu s       0.00 wall s
TIDE truncate_matrix took      0.00 usr cpu s       0.00 sys cpu s       0.00 wall s
INDE Actual introduced error   0.000000e+00 : nnz before  116964 <-> 100.00 % , nnz after  116964 <-> 100.00 %
TIDE square took      0.02 usr cpu s       0.03 sys cpu s       0.01 wall s
INDE NNZ Xsq = 116964 <-> 100.00 %
TIDE Frobenius norm of X-X^2 took      0.00 usr cpu s       0.00 sys cpu s       0.00 wall s
TIDE Mixed norm of X-X^2 took      0.00 usr cpu s       0.02 sys cpu s       0.00 wall s
TIDE Trace of X-X^2 took      0.00 usr cpu s       0.00 sys cpu s       0.00 wall s
INDE ||X-X^2||_F = 2.734228e+00 , ||X-X^2||_mixed = 1.096789e+00
INDE trace(X-X^2) = 4.779602e+01
INDE trace(X) = 7.070582e+01
INDE Checking stopping criterion...   
INDE Order of convergence cannot be computed
TIDE stopping_criterion took      0.00 usr cpu s       0.00 sys cpu s       0.00 wall s
TIDE Iteration 6 took      0.03 usr cpu s       0.05 sys cpu s       0.01 wall s
INDE     ITERATION 7 :
TIDE purify_X took      0.00 usr cpu s       0.00 sys cpu s       0.00 wall s
TIDE truncate_matrix took      0.00 usr cpu s       0.00 sys cpu s       0.00 wall s
INDE Actual introduced error   0.000000e+00 : nnz before  116964 <-> 100.00 % , nnz after  116964 <-> 100.00 %
TIDE square took      0.02 usr cpu s       0.03 sys cpu s       0.01 wall s
INDE NNZ Xsq = 116964 <-> 100.00 %
TIDE Frobenius norm of X-X^2 took      0.00 usr cpu s       0.00 sys cpu s       0.00 wall s
TIDE Mixed norm of X-X^2 took      0.00 usr cpu s       0.02 sys cpu s       0.00 wall s
TIDE Trace of X-X^2 took      0.00 usr cpu s       0.00 sys cpu s       0.00 wall s
INDE ||X-X^2||_F = 3.850807e+00 , ||X-X^2||_mixed = 1.464409e+00
INDE trace(X-X^2) = 6.763987e+01
INDE trace(X) = 1.185018e+02
INDE Checking stopping criterion...   
INDE Order of convergence cannot be computed
TIDE stopping_criterion took      0.00 usr cpu s       0.00 sys cpu s       0.00 wall s
TIDE Iteration 7 took      0.03 usr cpu s       0.05 sys cpu s       0.01 wall s
INDE     ITERATION 8 :
TIDE purify_X took      0.00 usr cpu s       0.00 sys cpu s       0.00 wall s
TIDE truncate_matrix took      0.00 usr cpu s       0.00 sys cpu s       0.00 wall s
INDE Actual introduced error   0.000000e+00 : nnz before  116964 <-> 100.00 % , nnz after  116964 <-> 100.00 %
TIDE square took      0.02 usr cpu s       0.04 sys cpu s       0.01 wall s
INDE NNZ Xsq = 116964 <-> 100.00 %
TIDE Frobenius norm of X-X^2 took      0.00 usr cpu s       0.00 sys cpu s       0.00 wall s
TIDE Mixed norm of X-X^2 took      0.00 usr cpu s       0.02 sys cpu s       0.00 wall s
TIDE Trace of X-X^2 took      0.00 usr cpu s       0.00 sys cpu s       0.00 wall s
INDE ||X-X^2||_F = 4.120478e+00 , ||X-X^2||_mixed = 1.498159e+00
INDE trace(X-X^2) = 7.299921e+01
INDE trace(X) = 1.861417e+02
INDE Checking stopping criterion...   
INDE Order of convergence cannot be computed
TIDE stopping_criterion took      0.00 usr cpu s       0.00 sys cpu s       0.00 wall s
TIDE Iteration 8 took      0.03 usr cpu s       0.06 sys cpu s       0.01 wall s
INDE     ITERATION 9 :
TIDE purify_X took      0.00 usr cpu s       0.00 sys cpu s       0.00 wall s
TIDE truncate_matrix took      0.00 usr cpu s       0.00 sys cpu s       0.00 wall s
INDE Actual introduced error   0.000000e+00 : nnz before  116964 <-> 100.00 % , nnz after  116964 <-> 100.00 %
TIDE square took      0.03 usr cpu s       0.03 sys cpu s       0.01 wall s
INDE NNZ Xsq = 116964 <-> 100.00 %
TIDE Frobenius norm of X-X^2 took      0.00 usr cpu s       0.00 sys cpu s       0.00 wall s
TIDE Mixed norm of X-X^2 took      0.00 usr cpu s       0.02 sys cpu s       0.00 wall s
TIDE Trace of X-X^2 took      0.00 usr cpu s       0.00 sys cpu s       0.00 wall s
INDE ||X-X^2||_F = 3.665700e+00 , ||X-X^2||_mixed = 1.504887e+00
INDE trace(X-X^2) = 6.284351e+01
INDE trace(X) = 1.131425e+02
INDE Checking stopping criterion...   
INDE Order of convergence cannot be computed
TIDE stopping_criterion took      0.00 usr cpu s       0.00 sys cpu s       0.00 wall s
TIDE Iteration 9 took      0.03 usr cpu s       0.05 sys cpu s       0.01 wall s
INDE     ITERATION 10 :
TIDE purify_X took      0.00 usr cpu s       0.00 sys cpu s       0.00 wall s
TIDE truncate_matrix took      0.00 usr cpu s       0.00 sys cpu s       0.00 wall s
INDE Actual introduced error   0.000000e+00 : nnz before  116964 <-> 100.00 % , nnz after  116964 <-> 100.00 %
TIDE square took      0.02 usr cpu s       0.04 sys cpu s       0.01 wall s
INDE NNZ Xsq = 116964 <-> 100.00 %
TIDE Frobenius norm of X-X^2 took      0.00 usr cpu s       0.00 sys cpu s       0.00 wall s
TIDE Mixed norm of X-X^2 took      0.00 usr cpu s       0.02 sys cpu s       0.00 wall s
TIDE Trace of X-X^2 took      0.00 usr cpu s       0.00 sys cpu s       0.00 wall s
INDE ||X-X^2||_F = 3.888186e+00 , ||X-X^2||_mixed = 1.520339e+00
INDE trace(X-X^2) = 6.812285e+01
INDE trace(X) = 1.759860e+02
INDE Checking stopping criterion...   
INDE Order of convergence cannot be computed
TIDE stopping_criterion took      0.00 usr cpu s       0.00 sys cpu s       0.00 wall s
TIDE Iteration 10 took      0.02 usr cpu s       0.06 sys cpu s       0.01 wall s
INDE     ITERATION 11 :
TIDE purify_X took      0.00 usr cpu s       0.00 sys cpu s       0.00 wall s
TIDE truncate_matrix took      0.00 usr cpu s       0.00 sys cpu s       0.00 wall s
INDE Actual introduced error   0.000000e+00 : nnz before  116964 <-> 100.00 % , nnz after  116964 <-> 100.00 %
TIDE square took      0.03 usr cpu s       0.03 sys cpu s       0.01 wall s
INDE NNZ Xsq = 116964 <-> 100.00 %
TIDE Frobenius norm of X-X^2 took      0.00 usr cpu s       0.00 sys cpu s       0.00 wall s
TIDE Mixed norm of X-X^2 took      0.00 usr cpu s       0.02 sys cpu s       0.00 wall s
TIDE Trace of X-X^2 took      0.00 usr cpu s       0.00 sys cpu s       0.00 wall s
INDE ||X-X^2||_F = 3.436156e+00 , ||X-X^2||_mixed = 1.550222e+00
INDE trace(X-X^2) = 5.634730e+01
INDE trace(X) = 1.078632e+02
INDE Checking stopping criterion...   
INDE Order of convergence cannot be computed
TIDE stopping_criterion took      0.00 usr cpu s       0.00 sys cpu s       0.00 wall s
TIDE Iteration 11 took      0.03 usr cpu s       0.05 sys cpu s       0.01 wall s
INDE     ITERATION 12 :
TIDE purify_X took      0.00 usr cpu s       0.00 sys cpu s       0.00 wall s
TIDE truncate_matrix took      0.00 usr cpu s       0.00 sys cpu s       0.00 wall s
INDE Actual introduced error   0.000000e+00 : nnz before  116964 <-> 100.00 % , nnz after  116964 <-> 100.00 %
TIDE square took      0.01 usr cpu s       0.05 sys cpu s       0.01 wall s
INDE NNZ Xsq = 116964 <-> 100.00 %
TIDE Frobenius norm of X-X^2 took      0.00 usr cpu s       0.00 sys cpu s       0.00 wall s
TIDE Mixed norm of X-X^2 took      0.01 usr cpu s       0.02 sys cpu s       0.00 wall s
TIDE Trace of X-X^2 took      0.00 usr cpu s       0.00 sys cpu s       0.00 wall s
INDE ||X-X^2||_F = 2.134021e+00 , ||X-X^2||_mixed = 1.203843e+00
INDE trace(X-X^2) = 2.958071e+01
INDE trace(X) = 5.151586e+01
INDE Checking stopping criterion...   
INDE Order of convergence cannot be computed
TIDE stopping_criterion took      0.00 usr cpu s       0.00 sys cpu s       0.00 wall s
TIDE Iteration 12 took      0.02 usr cpu s       0.07 sys cpu s       0.01 wall s
INDE     ITERATION 13 :
TIDE purify_X took      0.00 usr cpu s       0.00 sys cpu s       0.00 wall s
TIDE truncate_matrix took      0.00 usr cpu s       0.00 sys cpu s       0.00 wall s
INDE Actual introduced error   0.000000e+00 : nnz before  116964 <-> 100.00 % , nnz after  116964 <-> 100.00 %
TIDE square took      0.01 usr cpu s       0.05 sys cpu s       0.01 wall s
INDE NNZ Xsq = 116964 <-> 100.00 %
TIDE Frobenius norm of X-X^2 took      0.00 usr cpu s       0.00 sys cpu s       0.00 wall s
TIDE Mixed norm of X-X^2 took      0.01 usr cpu s       0.01 sys cpu s       0.00 wall s
TIDE Trace of X-X^2 took      0.00 usr cpu s       0.00 sys cpu s       0.00 wall s
INDE ||X-X^2||_F = 2.856447e+00 , ||X-X^2||_mixed = 1.476454e+00
INDE trace(X-X^2) = 4.203470e+01
INDE trace(X) = 8.109657e+01
INDE Checking stopping criterion...   
INDE Order of convergence cannot be computed
TIDE stopping_criterion took      0.00 usr cpu s       0.00 sys cpu s       0.00 wall s
TIDE Iteration 13 took      0.02 usr cpu s       0.07 sys cpu s       0.01 wall s
INDE     ITERATION 14 :
TIDE purify_X took      0.00 usr cpu s       0.00 sys cpu s       0.00 wall s
TIDE truncate_matrix took      0.00 usr cpu s       0.00 sys cpu s       0.00 wall s
INDE Actual introduced error   0.000000e+00 : nnz before  116964 <-> 100.00 % , nnz after  116964 <-> 100.00 %
TIDE square took      0.01 usr cpu s       0.04 sys cpu s       0.01 wall s
INDE NNZ Xsq = 116964 <-> 100.00 %
TIDE Frobenius norm of X-X^2 took      0.00 usr cpu s       0.00 sys cpu s       0.00 wall s
TIDE Mixed norm of X-X^2 took      0.00 usr cpu s       0.02 sys cpu s       0.00 wall s
TIDE Trace of X-X^2 took      0.00 usr cpu s       0.00 sys cpu s       0.00 wall s
INDE ||X-X^2||_F = 3.137432e+00 , ||X-X^2||_mixed = 1.633222e+00
INDE trace(X-X^2) = 4.810056e+01
INDE trace(X) = 1.231313e+02
INDE Checking stopping criterion...   
INDE Order of convergence cannot be computed
TIDE stopping_criterion took      0.00 usr cpu s       0.00 sys cpu s       0.00 wall s
TIDE Iteration 14 took      0.02 usr cpu s       0.07 sys cpu s       0.01 wall s
INDE     ITERATION 15 :
TIDE purify_X took      0.00 usr cpu s       0.00 sys cpu s       0.00 wall s
TIDE truncate_matrix took      0.00 usr cpu s       0.00 sys cpu s       0.00 wall s
INDE Actual introduced error   0.000000e+00 : nnz before  116964 <-> 100.00 % , nnz after  116964 <-> 100.00 %
TIDE square took      0.01 usr cpu s       0.04 sys cpu s       0.01 wall s
INDE NNZ Xsq = 116964 <-> 100.00 %
TIDE Frobenius norm of X-X^2 took      0.00 usr cpu s       0.00 sys cpu s       0.00 wall s
TIDE Mixed norm of X-X^2 took      0.01 usr cpu s       0.01 sys cpu s       0.00 wall s
TIDE Trace of X-X^2 took      0.00 usr cpu s       0.00 sys cpu s       0.00 wall s
INDE ||X-X^2||_F = 2.538329e+00 , ||X-X^2||_mixed = 1.427881e+00
INDE trace(X-X^2) = 3.388157e+01
INDE trace(X) = 7.503070e+01
INDE Checking stopping criterion...   
INDE Order of convergence cannot be computed
TIDE stopping_criterion took      0.00 usr cpu s       0.00 sys cpu s       0.00 wall s
TIDE Iteration 15 took      0.02 usr cpu s       0.06 sys cpu s       0.01 wall s
INDE     ITERATION 16 :
TIDE purify_X took      0.00 usr cpu s       0.00 sys cpu s       0.00 wall s
TIDE truncate_matrix took      0.00 usr cpu s       0.00 sys cpu s       0.00 wall s
INDE Actual introduced error   0.000000e+00 : nnz before  116964 <-> 100.00 % , nnz after  116964 <-> 100.00 %
TIDE square took      0.01 usr cpu s       0.04 sys cpu s       0.01 wall s
INDE NNZ Xsq = 116964 <-> 100.00 %
TIDE Frobenius norm of X-X^2 took      0.00 usr cpu s       0.00 sys cpu s       0.00 wall s
TIDE Mixed norm of X-X^2 took      0.00 usr cpu s       0.02 sys cpu s       0.00 wall s
TIDE Trace of X-X^2 took      0.00 usr cpu s       0.00 sys cpu s       0.00 wall s
INDE ||X-X^2||_F = 2.741271e+00 , ||X-X^2||_mixed = 1.619469e+00
INDE trace(X-X^2) = 3.724942e+01
INDE trace(X) = 1.089123e+02
INDE Checking stopping criterion...   
INDE Order of convergence cannot be computed
TIDE stopping_criterion took      0.00 usr cpu s       0.00 sys cpu s       0.00 wall s
TIDE Iteration 16 took      0.02 usr cpu s       0.06 sys cpu s       0.01 wall s
INDE     ITERATION 17 :
TIDE purify_X took      0.00 usr cpu s       0.00 sys cpu s       0.00 wall s
TIDE truncate_matrix took      0.00 usr cpu s       0.00 sys cpu s       0.00 wall s
INDE Actual introduced error   0.000000e+00 : nnz before  116964 <-> 100.00 % , nnz after  116964 <-> 100.00 %
TIDE square took      0.02 usr cpu s       0.04 sys cpu s       0.01 wall s
INDE NNZ Xsq = 116964 <-> 100.00 %
TIDE Frobenius norm of X-X^2 took      0.00 usr cpu s       0.00 sys cpu s       0.00 wall s
TIDE Mixed norm of X-X^2 took      0.01 usr cpu s       0.01 sys cpu s       0.00 wall s
TIDE Trace of X-X^2 took      0.00 usr cpu s       0.00 sys cpu s       0.00 wall s
INDE ||X-X^2||_F = 2.196868e+00 , ||X-X^2||_mixed = 1.348216e+00
INDE trace(X-X^2) = 2.633770e+01
INDE trace(X) = 7.166285e+01
INDE Checking stopping criterion...   
INDE Order of convergence cannot be computed
TIDE stopping_criterion took      0.00 usr cpu s       0.00 sys cpu s       0.00 wall s
TIDE Iteration 17 took      0.03 usr cpu s       0.06 sys cpu s       0.01 wall s
INDE     ITERATION 18 :
TIDE purify_X took      0.00 usr cpu s       0.00 sys cpu s       0.00 wall s
TIDE truncate_matrix took      0.00 usr cpu s       0.00 sys cpu s       0.00 wall s
INDE Actual introduced error   0.000000e+00 : nnz before  116964 <-> 100.00 % , nnz after  116964 <-> 100.00 %
TIDE square took      0.00 usr cpu s       0.05 sys cpu s       0.01 wall s
INDE NNZ Xsq = 116964 <-> 100.00 %
TIDE Frobenius norm of X-X^2 took      0.00 usr cpu s       0.00 sys cpu s       0.00 wall s
TIDE Mixed norm of X-X^2 took      0.00 usr cpu s       0.01 sys cpu s       0.00 wall s
TIDE Trace of X-X^2 took      0.00 usr cpu s       0.00 sys cpu s       0.00 wall s
INDE ||X-X^2||_F = 1.503686e+00 , ||X-X^2||_mixed = 1.049197e+00
INDE trace(X-X^2) = 1.465041e+01
INDE trace(X) = 4.532515e+01
INDE Checking stopping criterion...   
INDE Order of convergence cannot be computed
TIDE stopping_criterion took      0.00 usr cpu s       0.00 sys cpu s       0.00 wall s
TIDE Iteration 18 took      0.01 usr cpu s       0.07 sys cpu s       0.01 wall s
INDE     ITERATION 19 :
TIDE purify_X took      0.00 usr cpu s       0.00 sys cpu s       0.00 wall s
TIDE truncate_matrix took      0.00 usr cpu s       0.00 sys cpu s       0.00 wall s
INDE Actual introduced error   0.000000e+00 : nnz before  116964 <-> 100.00 % , nnz after  116964 <-> 100.00 %
TIDE square took      0.03 usr cpu s       0.04 sys cpu s       0.01 wall s
INDE NNZ Xsq = 116964 <-> 100.00 %
TIDE Frobenius norm of X-X^2 took      0.00 usr cpu s       0.00 sys cpu s       0.00 wall s
TIDE Mixed norm of X-X^2 took      0.00 usr cpu s       0.02 sys cpu s       0.00 wall s
TIDE Trace of X-X^2 took      0.00 usr cpu s       0.00 sys cpu s       0.00 wall s
INDE ||X-X^2||_F = 1.606136e+00 , ||X-X^2||_mixed = 1.077415e+00
INDE trace(X-X^2) = 1.666805e+01
INDE trace(X) = 5.997556e+01
INDE Checking stopping criterion...   
INDE Order of convergence cannot be computed
TIDE stopping_criterion took      0.00 usr cpu s       0.00 sys cpu s       0.00 wall s
TIDE Iteration 19 took      0.03 usr cpu s       0.06 sys cpu s       0.01 wall s
INDE     ITERATION 20 :
TIDE purify_X took      0.00 usr cpu s       0.00 sys cpu s       0.00 wall s
TIDE truncate_matrix took      0.00 usr cpu s       0.00 sys cpu s       0.00 wall s
INDE Actual introduced error   0.000000e+00 : nnz before  116964 <-> 100.00 % , nnz after  116964 <-> 100.00 %
TIDE square took      0.02 usr cpu s       0.04 sys cpu s       0.01 wall s
INDE NNZ Xsq = 116964 <-> 100.00 %
TIDE Frobenius norm of X-X^2 took      0.00 usr cpu s       0.00 sys cpu s       0.00 wall s
TIDE Mixed norm of X-X^2 took      0.00 usr cpu s       0.01 sys cpu s       0.00 wall s
TIDE Trace of X-X^2 took      0.00 usr cpu s       0.00 sys cpu s       0.00 wall s
INDE ||X-X^2||_F = 1.109688e+00 , ||X-X^2||_mixed = 8.472661e-01
INDE trace(X-X^2) = 8.649429e+00
INDE trace(X) = 4.330751e+01
INDE Checking stopping criterion...   
INDE Order of convergence cannot be computed
TIDE stopping_criterion took      0.00 usr cpu s       0.00 sys cpu s       0.00 wall s
TIDE Iteration 20 took      0.03 usr cpu s       0.05 sys cpu s       0.01 wall s
INDE     ITERATION 21 :
TIDE purify_X took      0.00 usr cpu s       0.00 sys cpu s       0.00 wall s
TIDE truncate_matrix took      0.00 usr cpu s       0.00 sys cpu s       0.00 wall s
INDE Actual introduced error   0.000000e+00 : nnz before  116964 <-> 100.00 % , nnz after  116964 <-> 100.00 %
TIDE square took      0.02 usr cpu s       0.04 sys cpu s       0.01 wall s
INDE NNZ Xsq = 116964 <-> 100.00 %
TIDE Frobenius norm of X-X^2 took      0.00 usr cpu s       0.00 sys cpu s       0.00 wall s
TIDE Mixed norm of X-X^2 took      0.01 usr cpu s       0.01 sys cpu s       0.00 wall s
TIDE Trace of X-X^2 took      0.00 usr cpu s       0.00 sys cpu s       0.00 wall s
INDE ||X-X^2||_F = 9.694050e-01 , ||X-X^2||_mixed = 7.162089e-01
INDE trace(X-X^2) = 8.394771e+00
INDE trace(X) = 5.195694e+01
INDE Checking stopping criterion...   
INDE Order of convergence cannot be computed
TIDE stopping_criterion took      0.00 usr cpu s       0.00 sys cpu s       0.00 wall s
TIDE Iteration 21 took      0.03 usr cpu s       0.06 sys cpu s       0.01 wall s
INDE     ITERATION 22 :
TIDE purify_X took      0.00 usr cpu s       0.00 sys cpu s       0.00 wall s
TIDE truncate_matrix took      0.00 usr cpu s       0.00 sys cpu s       0.00 wall s
INDE Actual introduced error   0.000000e+00 : nnz before  116964 <-> 100.00 % , nnz after  116964 <-> 100.00 %
TIDE square took      0.02 usr cpu s       0.04 sys cpu s       0.01 wall s
INDE NNZ Xsq = 116964 <-> 100.00 %
TIDE Frobenius norm of X-X^2 took      0.00 usr cpu s       0.00 sys cpu s       0.00 wall s
TIDE Mixed norm of X-X^2 took      0.00 usr cpu s       0.02 sys cpu s       0.00 wall s
TIDE Trace of X-X^2 took      0.00 usr cpu s       0.00 sys cpu s       0.00 wall s
INDE ||X-X^2||_F = 1.308119e+00 , ||X-X^2||_mixed = 9.750866e-01
INDE trace(X-X^2) = 1.060337e+01
INDE trace(X) = 6.035171e+01
INDE Checking stopping criterion...   
INDE Order of convergence cannot be computed
TIDE stopping_criterion took      0.00 usr cpu s       0.00 sys cpu s       0.00 wall s
TIDE Iteration 22 took      0.02 usr cpu s       0.06 sys cpu s       0.01 wall s
INDE     ITERATION 23 :
TIDE purify_X took      0.00 usr cpu s       0.00 sys cpu s       0.00 wall s
TIDE truncate_matrix took      0.00 usr cpu s       0.00 sys cpu s       0.00 wall s
INDE Actual introduced error   0.000000e+00 : nnz before  116964 <-> 100.00 % , nnz after  116964 <-> 100.00 %
TIDE square took      0.01 usr cpu s       0.05 sys cpu s       0.01 wall s
INDE NNZ Xsq = 116964 <-> 100.00 %
TIDE Frobenius norm of X-X^2 took      0.00 usr cpu s       0.00 sys cpu s       0.00 wall s
TIDE Mixed norm of X-X^2 took      0.00 usr cpu s       0.02 sys cpu s       0.00 wall s
TIDE Trace of X-X^2 took      0.00 usr cpu s       0.00 sys cpu s       0.00 wall s
INDE ||X-X^2||_F = 5.528704e-01 , ||X-X^2||_mixed = 4.415093e-01
INDE trace(X-X^2) = 3.713774e+00
INDE trace(X) = 4.974834e+01
INDE Checking stopping criterion...   
INDE e_i =4.415093e-01, C*e_{i-1}^q = 3.532825e+00
INDE Order of convergence = 8.230549, stop = 0
TIDE stopping_criterion took      0.00 usr cpu s       0.00 sys cpu s       0.00 wall s
TIDE Iteration 23 took      0.02 usr cpu s       0.07 sys cpu s       0.01 wall s
INDE     ITERATION 24 :
TIDE purify_X took      0.00 usr cpu s       0.00 sys cpu s       0.00 wall s
TIDE truncate_matrix took      0.00 usr cpu s       0.00 sys cpu s       0.00 wall s
INDE Actual introduced error   0.000000e+00 : nnz before  116964 <-> 100.00 % , nnz after  116964 <-> 100.00 %
TIDE square took      0.02 usr cpu s       0.04 sys cpu s       0.01 wall s
INDE NNZ Xsq = 116964 <-> 100.00 %
TIDE Frobenius norm of X-X^2 took      0.00 usr cpu s       0.00 sys cpu s       0.00 wall s
TIDE Mixed norm of X-X^2 took      0.00 usr cpu s       0.01 sys cpu s       0.00 wall s
TIDE Trace of X-X^2 took      0.00 usr cpu s       0.00 sys cpu s       0.00 wall s
INDE ||X-X^2||_F = 3.562220e-01 , ||X-X^2||_mixed = 3.225702e-01
INDE trace(X-X^2) = 1.459671e+00
INDE trace(X) = 4.603456e+01
INDE Checking stopping criterion...   
INDE Order of convergence cannot be computed
TIDE stopping_criterion took      0.00 usr cpu s       0.00 sys cpu s       0.00 wall s
TIDE Iteration 24 took      0.03 usr cpu s       0.06 sys cpu s       0.01 wall s
INDE     ITERATION 25 :
TIDE purify_X took      0.00 usr cpu s       0.00 sys cpu s       0.00 wall s
TIDE truncate_matrix took      0.00 usr cpu s       0.00 sys cpu s       0.00 wall s
INDE Actual introduced error   0.000000e+00 : nnz before  116964 <-> 100.00 % , nnz after  116964 <-> 100.00 %
TIDE square took      0.02 usr cpu s       0.04 sys cpu s       0.01 wall s
INDE NNZ Xsq = 116964 <-> 100.00 %
TIDE Frobenius norm of X-X^2 took      0.00 usr cpu s       0.00 sys cpu s       0.00 wall s
TIDE Mixed norm of X-X^2 took      0.00 usr cpu s       0.02 sys cpu s       0.00 wall s
TIDE Trace of X-X^2 took      0.00 usr cpu s       0.00 sys cpu s       0.00 wall s
INDE ||X-X^2||_F = 1.792372e-01 , ||X-X^2||_mixed = 1.540896e-01
INDE trace(X-X^2) = 8.443030e-01
INDE trace(X) = 4.749423e+01
INDE Checking stopping criterion...   
INDE e_i =1.540896e-01, C*e_{i-1}^q = 1.342525e+00
INDE Order of convergence = 4.647859, stop = 0
TIDE stopping_criterion took      0.00 usr cpu s       0.00 sys cpu s       0.00 wall s
TIDE Iteration 25 took      0.02 usr cpu s       0.06 sys cpu s       0.01 wall s
INDE     ITERATION 26 :
TIDE purify_X took      0.00 usr cpu s       0.00 sys cpu s       0.00 wall s
TIDE truncate_matrix took      0.00 usr cpu s       0.00 sys cpu s       0.00 wall s
INDE Actual introduced error   0.000000e+00 : nnz before  116964 <-> 100.00 % , nnz after  116964 <-> 100.00 %
TIDE square took      0.03 usr cpu s       0.05 sys cpu s       0.01 wall s
INDE NNZ Xsq = 116964 <-> 100.00 %
TIDE Frobenius norm of X-X^2 took      0.00 usr cpu s       0.00 sys cpu s       0.00 wall s
TIDE Mixed norm of X-X^2 took      0.01 usr cpu s       0.01 sys cpu s       0.00 wall s
TIDE Trace of X-X^2 took      0.00 usr cpu s       0.00 sys cpu s       0.00 wall s
INDE ||X-X^2||_F = 2.835766e-01 , ||X-X^2||_mixed = 2.369093e-01
INDE trace(X-X^2) = 1.260318e+00
INDE trace(X) = 4.833854e+01
INDE Checking stopping criterion...   
INDE Order of convergence cannot be computed
TIDE stopping_criterion took      0.00 usr cpu s       0.00 sys cpu s       0.00 wall s
TIDE Iteration 26 took      0.04 usr cpu s       0.06 sys cpu s       0.01 wall s
INDE     ITERATION 27 :
TIDE purify_X took      0.00 usr cpu s       0.00 sys cpu s       0.00 wall s
TIDE truncate_matrix took      0.00 usr cpu s       0.00 sys cpu s       0.00 wall s
INDE Actual introduced error   0.000000e+00 : nnz before  116964 <-> 100.00 % , nnz after  116964 <-> 100.00 %
TIDE square took      0.02 usr cpu s       0.05 sys cpu s       0.01 wall s
INDE NNZ Xsq = 116964 <-> 100.00 %
TIDE Frobenius norm of X-X^2 took      0.00 usr cpu s       0.00 sys cpu s       0.00 wall s
TIDE Mixed norm of X-X^2 took      0.00 usr cpu s       0.01 sys cpu s       0.00 wall s
TIDE Trace of X-X^2 took      0.00 usr cpu s       0.00 sys cpu s       0.00 wall s
INDE ||X-X^2||_F = 3.436266e-02 , ||X-X^2||_mixed = 2.955898e-02
INDE trace(X-X^2) = 1.172678e-01
INDE trace(X) = 4.707822e+01
INDE Checking stopping criterion...   
INDE e_i =2.955898e-02, C*e_{i-1}^q = 1.635269e-01
INDE Order of convergence = 2.914646, stop = 0
TIDE stopping_criterion took      0.00 usr cpu s       0.00 sys cpu s       0.00 wall s
TIDE Iteration 27 took      0.03 usr cpu s       0.07 sys cpu s       0.01 wall s
INDE     ITERATION 28 :
TIDE purify_X took      0.00 usr cpu s       0.00 sys cpu s       0.00 wall s
TIDE truncate_matrix took      0.00 usr cpu s       0.00 sys cpu s       0.00 wall s
INDE Actual introduced error   0.000000e+00 : nnz before  116964 <-> 100.00 % , nnz after  116964 <-> 100.00 %
TIDE square took      0.01 usr cpu s       0.05 sys cpu s       0.01 wall s
INDE NNZ Xsq = 116964 <-> 100.00 %
TIDE Frobenius norm of X-X^2 took      0.00 usr cpu s       0.00 sys cpu s       0.00 wall s
TIDE Mixed norm of X-X^2 took      0.00 usr cpu s       0.01 sys cpu s       0.00 wall s
TIDE Trace of X-X^2 took      0.00 usr cpu s       0.00 sys cpu s       0.00 wall s
INDE ||X-X^2||_F = 2.687532e-02 , ||X-X^2||_mixed = 2.659764e-02
INDE trace(X-X^2) = 4.033931e-02
INDE trace(X) = 4.696095e+01
INDE Checking stopping criterion...   
INDE Order of convergence cannot be computed
TIDE stopping_criterion took      0.00 usr cpu s       0.00 sys cpu s       0.00 wall s
TIDE Iteration 28 took      0.01 usr cpu s       0.06 sys cpu s       0.01 wall s
INDE     ITERATION 29 :
TIDE purify_X took      0.00 usr cpu s       0.00 sys cpu s       0.00 wall s
TIDE truncate_matrix took      0.00 usr cpu s       0.00 sys cpu s       0.00 wall s
INDE Actual introduced error   0.000000e+00 : nnz before  116964 <-> 100.00 % , nnz after  116964 <-> 100.00 %
TIDE square took      0.03 usr cpu s       0.04 sys cpu s       0.01 wall s
INDE NNZ Xsq = 116964 <-> 100.00 %
TIDE Frobenius norm of X-X^2 took      0.00 usr cpu s       0.00 sys cpu s       0.00 wall s
TIDE Mixed norm of X-X^2 took      0.00 usr cpu s       0.01 sys cpu s       0.00 wall s
TIDE Trace of X-X^2 took      0.00 usr cpu s       0.00 sys cpu s       0.00 wall s
INDE ||X-X^2||_F = 1.059320e-03 , ||X-X^2||_mixed = 9.560277e-04
INDE trace(X-X^2) = 2.794472e-03
INDE trace(X) = 4.700129e+01
INDE Checking stopping criterion...   
INDE e_i =9.560277e-04, C*e_{i-1}^q = 6.017575e-03
INDE Order of convergence = 2.522426, stop = 0
TIDE stopping_criterion took      0.00 usr cpu s       0.00 sys cpu s       0.00 wall s
TIDE Iteration 29 took      0.04 usr cpu s       0.06 sys cpu s       0.01 wall s
INDE     ITERATION 30 :
TIDE purify_X took      0.00 usr cpu s       0.00 sys cpu s       0.00 wall s
TIDE truncate_matrix took      0.00 usr cpu s       0.00 sys cpu s       0.00 wall s
INDE Actual introduced error   0.000000e+00 : nnz before  116964 <-> 100.00 % , nnz after  116964 <-> 100.00 %
TIDE square took      0.01 usr cpu s       0.04 sys cpu s       0.01 wall s
INDE NNZ Xsq = 116964 <-> 100.00 %
TIDE Frobenius norm of X-X^2 took      0.00 usr cpu s       0.00 sys cpu s       0.00 wall s
TIDE Mixed norm of X-X^2 took      0.00 usr cpu s       0.01 sys cpu s       0.00 wall s
TIDE Trace of X-X^2 took      0.00 usr cpu s       0.00 sys cpu s       0.00 wall s
INDE ||X-X^2||_F = 1.120746e-03 , ||X-X^2||_mixed = 1.113089e-03
INDE trace(X-X^2) = 1.503542e-03
INDE trace(X) = 4.699850e+01
INDE Checking stopping criterion...   
INDE e_i =1.113089e-03, C*e_{i-1}^q = 4.872243e-03
INDE Order of convergence = 2.407070, stop = 0
TIDE stopping_criterion took      0.00 usr cpu s       0.00 sys cpu s       0.00 wall s
TIDE Iteration 30 took      0.02 usr cpu s       0.06 sys cpu s       0.01 wall s
INDE     ITERATION 31 :
TIDE purify_X took      0.00 usr cpu s       0.00 sys cpu s       0.00 wall s
TIDE truncate_matrix took      0.00 usr cpu s       0.00 sys cpu s       0.00 wall s
INDE Actual introduced error   0.000000e+00 : nnz before  116964 <-> 100.00 % , nnz after  116964 <-> 100.00 %
TIDE square took      0.01 usr cpu s       0.04 sys cpu s       0.01 wall s
INDE NNZ Xsq = 116964 <-> 100.00 %
TIDE Frobenius norm of X-X^2 took      0.00 usr cpu s       0.00 sys cpu s       0.00 wall s
TIDE Mixed norm of X-X^2 took      0.01 usr cpu s       0.01 sys cpu s       0.00 wall s
TIDE Trace of X-X^2 took      0.00 usr cpu s       0.00 sys cpu s       0.00 wall s
INDE ||X-X^2||_F = 1.408664e-06 , ||X-X^2||_mixed = 1.348579e-06
INDE trace(X-X^2) = 2.875403e-06
INDE trace(X) = 4.700000e+01
INDE Checking stopping criterion...   
INDE e_i =1.348579e-06, C*e_{i-1}^q = 6.294825e-06
INDE Order of convergence = 2.221593, stop = 0
TIDE stopping_criterion took      0.00 usr cpu s       0.00 sys cpu s       0.00 wall s
TIDE Iteration 31 took      0.03 usr cpu s       0.05 sys cpu s       0.01 wall s
INDE     ITERATION 32 :
TIDE purify_X took      0.00 usr cpu s       0.00 sys cpu s       0.00 wall s
TIDE truncate_matrix took      0.00 usr cpu s       0.00 sys cpu s       0.00 wall s
INDE Actual introduced error   0.000000e+00 : nnz before  116964 <-> 100.00 % , nnz after  116964 <-> 100.00 %
TIDE square took      0.01 usr cpu s       0.04 sys cpu s       0.01 wall s
INDE NNZ Xsq = 116964 <-> 100.00 %
TIDE Frobenius norm of X-X^2 took      0.00 usr cpu s       0.00 sys cpu s       0.00 wall s
TIDE Mixed norm of X-X^2 took      0.00 usr cpu s       0.01 sys cpu s       0.00 wall s
TIDE Trace of X-X^2 took      0.00 usr cpu s       0.00 sys cpu s       0.00 wall s
INDE ||X-X^2||_F = 1.895825e-06 , ||X-X^2||_mixed = 1.768548e-06
INDE trace(X-X^2) = 3.234103e-06
INDE trace(X) = 4.700000e+01
INDE Checking stopping criterion...   
INDE Order of convergence cannot be computed
TIDE stopping_criterion took      0.00 usr cpu s       0.00 sys cpu s       0.00 wall s
TIDE Iteration 32 took      0.01 usr cpu s       0.06 sys cpu s       0.01 wall s
INDE     ITERATION 33 :
TIDE purify_X took      0.00 usr cpu s       0.00 sys cpu s       0.00 wall s
TIDE truncate_matrix took      0.00 usr cpu s       0.00 sys cpu s       0.00 wall s
INDE Actual introduced error   0.000000e+00 : nnz before  116964 <-> 100.00 % , nnz after  116964 <-> 100.00 %
TIDE square took      0.01 usr cpu s       0.04 sys cpu s       0.01 wall s
INDE NNZ Xsq = 116964 <-> 100.00 %
TIDE Frobenius norm of X-X^2 took      0.00 usr cpu s       0.00 sys cpu s       0.00 wall s
TIDE Mixed norm of X-X^2 took      0.00 usr cpu s       0.01 sys cpu s       0.00 wall s
TIDE Trace of X-X^2 took      0.00 usr cpu s       0.00 sys cpu s       0.00 wall s
INDE ||X-X^2||_F = 3.470957e-12 , ||X-X^2||_mixed = 3.388174e-12
INDE trace(X-X^2) = 5.776712e-12
INDE trace(X) = 4.700000e+01
INDE Checking stopping criterion...   
INDE e_i =3.388174e-12, C*e_{i-1}^q = 1.252552e-11
INDE Order of convergence = 2.096732, stop = 0
TIDE stopping_criterion took      0.00 usr cpu s       0.00 sys cpu s       0.00 wall s
TIDE Iteration 33 took      0.02 usr cpu s       0.05 sys cpu s       0.01 wall s
INDE     ITERATION 34 :
TIDE purify_X took      0.00 usr cpu s       0.00 sys cpu s       0.00 wall s
TIDE truncate_matrix took      0.00 usr cpu s       0.00 sys cpu s       0.00 wall s
INDE Actual introduced error   0.000000e+00 : nnz before  116964 <-> 100.00 % , nnz after  116964 <-> 100.00 %
TIDE square took      0.03 usr cpu s       0.03 sys cpu s       0.01 wall s
INDE NNZ Xsq = 116964 <-> 100.00 %
TIDE Frobenius norm of X-X^2 took      0.00 usr cpu s       0.00 sys cpu s       0.00 wall s
TIDE Mixed norm of X-X^2 took      0.00 usr cpu s       0.01 sys cpu s       0.00 wall s
TIDE Trace of X-X^2 took      0.00 usr cpu s       0.00 sys cpu s       0.00 wall s
INDE ||X-X^2||_F = 4.108754e-12 , ||X-X^2||_mixed = 4.108516e-12
INDE trace(X-X^2) = 4.341416e-12
INDE trace(X) = 4.700000e+01
INDE Checking stopping criterion...   
INDE Order of convergence cannot be computed
TIDE stopping_criterion took      0.00 usr cpu s       0.00 sys cpu s       0.00 wall s
TIDE Iteration 34 took      0.03 usr cpu s       0.05 sys cpu s       0.01 wall s
INDE     ITERATION 35 :
TIDE purify_X took      0.00 usr cpu s       0.00 sys cpu s       0.00 wall s
TIDE truncate_matrix took      0.00 usr cpu s       0.00 sys cpu s       0.00 wall s
INDE Actual introduced error   0.000000e+00 : nnz before  116964 <-> 100.00 % , nnz after  116964 <-> 100.00 %
TIDE square took      0.02 usr cpu s       0.03 sys cpu s       0.01 wall s
INDE NNZ Xsq = 116964 <-> 100.00 %
TIDE Frobenius norm of X-X^2 took      0.00 usr cpu s       0.00 sys cpu s       0.00 wall s
TIDE Mixed norm of X-X^2 took      0.00 usr cpu s       0.00 sys cpu s       0.00 wall s
TIDE Trace of X-X^2 took      0.00 usr cpu s       0.00 sys cpu s       0.00 wall s
INDE ||X-X^2||_F = 2.140897e-15 , ||X-X^2||_mixed = 0.000000e+00
INDE trace(X-X^2) = 0.000000e+00
INDE trace(X) = 4.700000e+01
INDE Checking stopping criterion...   
INDE ************************************************************************************************************
INDE The norm value went much below machine precision, therefore we stop here since n_max can be underestimated.
INDE ************************************************************************************************************
INDE e_i =0.000000e+00, C*e_{i-1}^q = 7.906316e-23
INDE Order of convergence = inf, stop = 1
TIDE stopping_criterion took      0.00 usr cpu s       0.00 sys cpu s       0.00 wall s
INDE PURIFICATION CONVERGED after 35 iterations
TIDE Iteration 35 took      0.02 usr cpu s       0.04 sys cpu s       0.01 wall s
INDE Number of non-zeros in D is  116964 <-> 100.00 %
TIDE FileWritable::writeAndReadAll took      0.00 usr cpu s       0.00 sys cpu s       0.00 wall s
INDE writeAndReadAll sizesStr: '0 MB (1 MatrixGeneral, 0 > 1 MB) + 0 MB (13 MatrixSymmetric, 0 > 1 MB) + 0 MB (2 VectorGeneral, 0 > 1 MB) = 0 MB (16 total, 0 > 1 MB)
INDE TOTAL accumulated subspace error is 0.000000e+00
INDE TOTAL X square time: 0.264717 wall s
INDE TOTAL X trunction time: 0.012031 wall s
INDE TOTAL X purify (exl. X^2 computation) time: 0.008917 wall s
INDE TOTAL time to get number of non-zero elements: 0.001475 wall s
INDE TOTAL time to get mixed norm: 0.084517 wall s
INDE TOTAL time to get Frobenius norm: 0.008926 wall s
INDE TOTAL time for stopping criterion: 0.001610 wall s
INDE TOTAL time to get matrix trace: 0.000780 wall s
INDE Estimated bounds for the eigenvalues for the Fock matrix:
INDE LUMO: [ 0.035549882719 , 0.056525799597 ]
INDE HOMO: [ -0.357277251646 , -0.348180952264 ]
TIDE eigenvalue_bounds_estimation() took      0.00 usr cpu s       0.00 sys cpu s       0.00 wall s
TIDE Recursive expansion took      1.00 usr cpu s       2.63 sys cpu s       0.48 wall s
TIDE Puri->PurificationStart() took      1.00 usr cpu s       2.63 sys cpu s       0.48 wall s
TIDE Accumulated wall times for writeToFile in PurificationStart()          : 0 s (MatrixGeneral) + 3.1e-06 s (MatrixSymmetric) + 0.00015 s (VectorGeneral) = 0.00015 s
TIDE Accumulated wall times for readFromFile in PurificationStart()         : 9.5e-07 s (MatrixGeneral) + 9.5e-07 s (MatrixSymmetric) + 4.5e-05 s (VectorGeneral) = 4.7e-05 s
TIDE Accumulated wall times for copy and assign in PurificationStart()      : 1.9e-06 s (MatrixSymmetric) + 5.1e-05 s (VectorGeneral) = 5.3e-05 s
INDE Number of calls to writeToFile in PurificationStart()                  : 2 (MatrixGeneral) + 27 (MatrixSymmetric) + 1524 (VectorGeneral) = 1553 
INDE Number of calls to readFromFile in PurificationStart()                 : 2 (MatrixGeneral) + 26 (MatrixSymmetric) + 613 (VectorGeneral) = 641 
INDE Number of calls to FileWritable copy and assign in PurificationStart() : 2 (MatrixSymmetric) + 37 (VectorGeneral) = 39 
TIDE mat::Gblas::time after purification :     2.400430
INDE Created .m files with results of the purification
INDE Purification converged OK, subspaceError <=          0.00000000000
INDE E(LUMO) - E(HOMO) >=          0.38373083498 =         10.44184801513 eV
INDE E(LUMO) - E(HOMO) <=          0.41380305124 =         11.26015471098 eV
INDE HOMO interval : [   -0.357277251646   -0.348180952264 ]
INDE LUMO interval : [    0.035549882719    0.056525799597 ]
INDE Trace of resulting density matrix is         47.00000000000, error is  -0.00000000000001.
INDE Truncated D_ort ( mixed ), selected threshold = 9.99999e-08, returned error =          0, nnz before = 116964 <-> 100.0000 %, nnz after = 116964 <-> 100.0000 %
TIDE FileWritable::writeAndReadAll took      0.00 usr cpu s       0.00 sys cpu s       0.00 wall s
INDE writeAndReadAll sizesStr: '0 MB (1 MatrixGeneral, 0 > 1 MB) + 0 MB (12 MatrixSymmetric, 0 > 1 MB) + 0 MB (1 MatrixTriangular, 0 > 1 MB) = 0 MB (14 total, 0 > 1 MB)
TIDE D_w to non-orthogonal basis took      0.02 usr cpu s       0.03 sys cpu s       0.01 wall s
INDE Truncated D_S (eucl with Z), selected threshold = 9.99999e-08, returned error =          0, nnz before = 100.0000 %, nnz after = 100.0000 %
INDE get_dens_from_fock_sparse ending OK
TIDE get_dens_from_fock_sparse took      1.29 usr cpu s       3.70 sys cpu s       0.65 wall s
ERDE get_dens_from_fock  (GetDensFromFock class) : purification finished OK.
TIDE get_dens_from_fock took      1.29 usr cpu s       3.70 sys cpu s       0.65 wall s
INSC Matrix 'new density matrix' ( symm ): n =    342, nnz =       116964 <-> 100.00 %, mem usage  0.0005 G
INSC Tr( D * S ) =         93.99999999996
TISC get_new_density_matrix took      1.29 usr cpu s       3.70 sys cpu s       0.65 wall s
INSC SCF_restricted::report_density_difference, diff_eucl =          0.00416757711
TISC SCF_restricted::report_density_difference took      0.03 usr cpu s       0.06 sys cpu s       0.01 wall s
INMA ddf_writeShellListAndDensityMatricesToFile_sparse, n =    342, densityMatrixList[0].nvalues =       58653
INMA opened temporary file 'density.bin.ZRoQS7' for writing
INMA Choosing matrixStorageType = MATRIX_STORAGE_TYPE_TRIANGLE.
INMA fileSize =          560392 bytes =      0.560 MegaBytes
INMA renamed file 'density.bin.ZRoQS7' to 'density.bin'
INMA ddf_writeShellListAndDensityMatricesToFile_sparse freeing buffer.
INMA ddf_writeShellListAndDensityMatricesToFile_sparse returning OK.
TISC write_density_to_file took      0.01 usr cpu s       0.05 sys cpu s       0.01 wall s
INSC Creating mtx file for Fock matrix
INSC Creating mtx file for density matrix
INSC SCF cycle   8 finished.
TISC SCF cycle   8 took    967.79 usr cpu s       6.28 sys cpu s     153.36 wall s
INSC Beginning of SCF cycle 9:  Thu Dec 18 16:08:49 2025
INDE compute_J_by_boxes_sparse() start.
TIDE FileWritable::writeAndReadAll took      0.00 usr cpu s       0.00 sys cpu s       0.00 wall s
INDE writeAndReadAll: '0 MB (1 MatrixGeneral, 0 > 1 MB) + 0 MB (11 MatrixSymmetric, 0 > 1 MB) = 0 MB (12 total, 0 > 1 MB)
IN   compute_J_by_boxes_sparse, maxDensityMatrixElement =         22.35803982634
ININ get_basis_func_pair_list, n =    342
ININ create_box_system end OK, toplevelBoxSize:   7.0, #levels:  3, #boxes at top level:      6
TIIN get_basis_func_pair_list_2el took      0.16 usr cpu s       0.00 sys cpu s       0.16 wall s
IN   compute_J_by_boxes_sparse: noOfBasisFuncIndexPairs = 52606 ==> storing  44.98 % of a full matrix
ININ entering compute_J_by_boxes_linear, no of basis funcs =   342, threshold_J =   1e-12
ININ use_fmm = 1, fmm_box_size =   5.00
TIIN Compute extent for all distrs took      0.46 usr cpu s       0.00 sys cpu s       0.46 wall s
ININ extent_min =    0.000, extent_max =   19.778
ININ Creating list of distributions etc done, distrCount =    353701
TIIN Creating list of distributions etc took      0.67 usr cpu s       0.02 sys cpu s       0.69 wall s
ININ create_box_system end OK, toplevelBoxSize:   5.0, #levels:  3, #boxes at top level:     10
TIIN Creating boxes took      0.04 usr cpu s       0.00 sys cpu s       0.04 wall s
ININ noOfBranches = 5, splitters:  10.00  5.00  2.50  0.00
ININ J org done, groupCount =    15565
TIIN J org took      1.58 usr cpu s       0.00 sys cpu s       1.58 wall s
TIIN Generate group multipoles took      0.65 usr cpu s       0.00 sys cpu s       0.65 wall s
ININ totChargeWholeSystem =          0.00000000000
ININ Generating multipole for each branch at top level, MAX_MULTIPOLE_DEGREE = 15
TIIN Translate multipoles (step 1) took      0.45 usr cpu s       0.00 sys cpu s       0.45 wall s
TIIN Translate multipoles (step 2) took      0.08 usr cpu s       0.00 sys cpu s       0.08 wall s
ININ job lists for J created OK, noOfJobs_J_standard =     1255, noOfJobs_J_multipole =       40
TIIN Creating job lists for J took      0.00 usr cpu s       0.00 sys cpu s       0.00 wall s
ININ execute_joblist_J_std_threaded, noOfThreads =  8
ININ 8 threads started OK.
ININ all 8 threads have finished.
TIIN execute_joblist_J_std_threaded took    223.96 usr cpu s       0.54 sys cpu s      35.05 wall s
TIIN sort_list_of_multipole_jobs init part took      0.00 usr cpu s       0.00 sys cpu s       0.00 wall s
TIIN sort_list_of_multipole_jobs complete took      0.00 usr cpu s       0.00 sys cpu s       0.00 wall s
TIIN sort_list_of_multipole_jobs took      0.00 usr cpu s       0.00 sys cpu s       0.00 wall s
ININ execute_joblist_J_fmm_shared: Allocating multipoleList_4, maxnoOfMinimalDistrsPerBoxBranch =     65422
ININ execute_joblist_J_fmm_shared: jobIndexLo =            0, jobIndexHi =            5
ININ execute_joblist_J_fmm_shared: Allocating multipoleList_4, maxnoOfMinimalDistrsPerBoxBranch =     65422
ININ execute_joblist_J_fmm_shared: Allocating multipoleList_4, maxnoOfMinimalDistrsPerBoxBranch =     65422
ININ execute_joblist_J_fmm_shared: jobIndexLo =           10, jobIndexHi =           15
ININ execute_joblist_J_fmm_shared: jobIndexLo =            5, jobIndexHi =           10
ININ execute_joblist_J_fmm_shared: Allocating multipoleList_4, maxnoOfMinimalDistrsPerBoxBranch =     65422
ININ execute_joblist_J_fmm_shared: jobIndexLo =           15, jobIndexHi =           20
ININ execute_joblist_J_fmm_shared: Allocating multipoleList_4, maxnoOfMinimalDistrsPerBoxBranch =     65422
ININ execute_joblist_J_fmm_shared: jobIndexLo =           20, jobIndexHi =           25
ININ execute_joblist_J_fmm_shared: Allocating multipoleList_4, maxnoOfMinimalDistrsPerBoxBranch =     65422
ININ execute_joblist_J_fmm_shared: jobIndexLo =           25, jobIndexHi =           30
ININ execute_joblist_J_fmm_shared: Allocating multipoleList_4, maxnoOfMinimalDistrsPerBoxBranch =     65422
ININ execute_joblist_J_fmm_shared: jobIndexLo =           30, jobIndexHi =           35
ININ execute_joblist_J_fmm_shared: Allocating multipoleList_4, maxnoOfMinimalDistrsPerBoxBranch =     65422
ININ execute_joblist_J_fmm_shared: jobIndexLo =           35, jobIndexHi =           40
ININ execute_joblist_J_fmm_shared: done!
ININ execute_joblist_J_fmm_shared: done!
ININ execute_joblist_J_fmm_shared: done!
ININ execute_joblist_J_fmm_shared: done!
ININ execute_joblist_J_fmm_shared: done!
ININ execute_joblist_J_fmm_shared: done!
ININ execute_joblist_J_fmm_shared: done!
ININ execute_joblist_J_fmm_shared: done!
ININ multipole job list for J executed, largest L used: 12
TIIN Executing multipole job list for J took      0.32 usr cpu s       0.00 sys cpu s       0.13 wall s
ININ compute_J_by_boxes_linear ending OK.
TIIN compute_J_by_boxes_linear took    227.79 usr cpu s       0.57 sys cpu s      38.71 wall s
TI   compute_J_by_boxes_sparse total took    227.95 usr cpu s       0.57 sys cpu s      38.88 wall s
ININ entering create_CSR_for_K, no of basis funcs =   342, threshold_K =   1e-12
ININ create_box_system end OK, toplevelBoxSize:   7.0, #levels:  3, #boxes at top level:      6
ININ create_box_system end OK, toplevelBoxSize:   7.0, #levels:  3, #boxes at top level:      6
ININ create_box_system end OK, toplevelBoxSize:   7.0, #levels:  3, #boxes at top level:      6
TIIN create_CSR_for_K getting list of distrs took      0.45 usr cpu s       0.00 sys cpu s       0.46 wall s
ININ list of neighbors complete.
TIIN create_CSR_for_K getting list of neighbors took      0.00 usr cpu s       0.00 sys cpu s       0.00 wall s
TIIN create_CSR_for_K sort each list of neighbors took      0.06 usr cpu s       0.00 sys cpu s       0.06 wall s
ININ 8 threads started OK.
TIIN identify_needed_elements() took    584.56 usr cpu s       0.54 sys cpu s      77.20 wall s
ININ computing nnz..
ININ create_CSR_for_K: predicted nnz =        58653, <->  50.15% of a full matrix
TIIN create_CSR_for_K last part took      0.00 usr cpu s       0.00 sys cpu s       0.00 wall s
TIIN create_CSR_for_K total took    585.08 usr cpu s       0.54 sys cpu s      77.72 wall s
ININ entering compute_K_by_boxes, no of basis funcs =   342, threshold_K =   1e-12, exchange_box_size =   5.00
ININ create_box_system end OK, toplevelBoxSize:   7.0, #levels:  3, #boxes at top level:      6
ININ create_box_system end OK, toplevelBoxSize:   7.0, #levels:  3, #boxes at top level:      6
ININ create_box_system end OK, toplevelBoxSize:   7.0, #levels:  3, #boxes at top level:      6
TIIN Compute extent for all distrs took      0.47 usr cpu s       0.00 sys cpu s       0.47 wall s
ININ Creating list of distributions done, distrCountTot =    353701
TIIN Creating list of distributions took      0.77 usr cpu s       0.00 sys cpu s       0.78 wall s
ININ create_box_system end OK, toplevelBoxSize:   5.0, #levels:  3, #boxes at top level:     10
ININ create_box_system end OK, toplevelBoxSize:   2.5, #levels:  4, #boxes at top level:     16
ININ noOfLevelsBasisFuncs = 4, noOfLevelsDiff = 1
TIIN Creating boxes etc took      0.04 usr cpu s       0.00 sys cpu s       0.04 wall s
TIIN getting multipoleNormVectorList took      0.73 usr cpu s       0.00 sys cpu s       0.73 wall s
TIIN K organize_distributions for all boxes took      1.97 usr cpu s       0.02 sys cpu s       1.99 wall s
ININ starting loop to setup basisFuncGroupInfoList, with added index checks.
TIIN GetLimitsAllLevels took      0.31 usr cpu s       0.00 sys cpu s       0.31 wall s
ININ getDmatLimitMatrixCSRList start.
TIIN getting densityMatrixLimitMatrixList took      0.02 usr cpu s       0.00 sys cpu s       0.02 wall s
ININ job list for K created,       55 jobs
TIIN creating job list for K took      0.00 usr cpu s       0.00 sys cpu s       0.00 wall s
ININ execute_joblist_K_threaded, noOfThreads =  8, basisFuncListCount_max =   325
ININ 8 threads started OK.
ININ all 8 threads have finished, took       32 wall s.
TIIN Executing job list for K took    144.72 usr cpu s       0.14 sys cpu s      31.84 wall s
TIIN compute_K_by_boxes took    148.57 usr cpu s       0.16 sys cpu s      35.71 wall s
TI   compute_K_by_boxes_sparse total took    733.67 usr cpu s       0.71 sys cpu s     113.47 wall s
INSC About to truncate FockMatrix, gap of Fprev >=          0.38373083498
TISC symmMatrix::mixed_diff for F vs Fprev maxEigValMovement_mixed took      0.00 usr cpu s       0.00 sys cpu s       0.00 wall s
TISC symmMatrix::eucl_diff for maxEigValMovement_eucl  took      0.03 usr cpu s       0.14 sys cpu s       0.03 wall s
INSC maxEigValMovement_frob  =          0.00014001370
INSC maxEigValMovement_mixed =          0.00010399763
INSC maxEigValMovement_eucl  =          0.00006029043
TISC FockMatrix.eucl_thresh() (with Z) took      0.15 usr cpu s       0.53 sys cpu s       0.11 wall s
INSC Truncated FockMatrix (eucl with Z), selected threshold = 3.8361e-08, returned error =          0, nnz before = 100.0000 %, nnz after = 100.0000 %
INSC Matrix 'S' ( symm ): n =    342, nnz =       116964 <-> 100.00 %, mem usage  0.0005 G
INSC Matrix 'F' ( symm ): n =    342, nnz =       116964 <-> 100.00 %, mem usage  0.0005 G
INSC Matrix 'D' ( symm ): n =    342, nnz =       116964 <-> 100.00 %, mem usage  0.0005 G
INSC nuclearEnergy, energy_2el, energy = 782.160484, 1007.253440, -645.112846
INSC Energy   9 =       -645.11284581148  ( diff     -0.000000010225449 )
INSC calling compute_FDSminusSDF_sparse, n = 342
INDE compute_FDSminusSDF_sparse() start.
TIDE FileWritable::writeAndReadAll took      0.00 usr cpu s       0.00 sys cpu s       0.00 wall s
INDE writeAndReadAll: '0 MB (1 MatrixGeneral, 0 > 1 MB) + 0 MB (9 MatrixSymmetric, 0 > 1 MB) = 0 MB (10 total, 0 > 1 MB)
TISC compute_FDSminusSDF_sparse, F*D mult took      0.05 usr cpu s       0.14 sys cpu s       0.03 wall s
INSC Matrix 'FD before eucl truncation' (normal): n =    342, nnz =       116964 <-> 100.00 %, mem usage  0.0009 G
INSC Matrix 'FD after  eucl truncation' (normal): n =    342, nnz =       116964 <-> 100.00 %, mem usage  0.0009 G
INSC Matrix 'FDS before eucl truncation' (normal): n =    342, nnz =       116964 <-> 100.00 %, mem usage  0.0009 G
INSC Matrix 'FDS after  eucl truncation' (normal): n =    342, nnz =       116964 <-> 100.00 %, mem usage  0.0009 G
INSC compute_FDSminusSDF_sparse ending OK.
TISC compute_FDSminusSDF_sparse took      0.15 usr cpu s       0.37 sys cpu s       0.08 wall s
INSC Matrix 'FDS-SDF' (normal): n =    342, nnz =       116964 <-> 100.00 %, mem usage  0.0009 G
INSC SCF_restricted::get_FDSminusSDF finished.
TISC get_FDSminusSDF took      0.15 usr cpu s       0.37 sys cpu s       0.08 wall s
INSC maxabs FDS-SDF is 5.56e-06
INSC frob   FDS-SDF is  9.8e-05
TISC get_error_measure took      0.00 usr cpu s       0.01 sys cpu s       0.00 wall s
INSC entering DIISManagerRestricted::AddIterationToList, IterCount =  8
INSC DIISManagerRestricted::AddIterationToList ending OK.
TISC DIISManagerRestricted::AddIterationToList took      0.01 usr cpu s       0.02 sys cpu s       0.00 wall s
INSC using DIIS to get combined Fock matrix, number of iters used for DIIS:  9
TISC clear_error_matrices took      0.00 usr cpu s       0.00 sys cpu s       0.00 wall s
TISC save_current_fock_as_fprev took      0.00 usr cpu s       0.00 sys cpu s       0.00 wall s
INDE get_dens_from_fock_general, n = 342, use_diagonalization = 0, use_diag_on_error = 1
INDE Before writeAndReadAll(): AllocatorManager statistics:  noOfRealsPerBuffer: 1024 noOfBuffers: 20000 list.size(): 1. Allocated: 0.164 GB, Used: 0.0168 GB, Peak alloc: 0.164 GB.
TIDE FileWritable::writeAndReadAll took      0.00 usr cpu s       0.00 sys cpu s       0.00 wall s
INDE writeAndReadAll sizesStr: '0 MB (1 MatrixGeneral, 0 > 1 MB) + 0 MB (7 MatrixSymmetric, 0 > 1 MB) = 0 MB (8 total, 0 > 1 MB)
INDE After writeAndReadAll(): AllocatorManager statistics:  noOfRealsPerBuffer: 1024 noOfBuffers: 20000 list.size(): 1. Allocated: 0.164 GB, Used: 0.0168 GB, Peak alloc: 0.164 GB.
INDE calling get_dens_from_fock_sparse, n =    342, subspaceErrorLimit = 1e-06
INDE get_dens_from_fock_sparse() start!
INDE After F.readFromFile(): AllocatorManager statistics:  noOfRealsPerBuffer: 1024 noOfBuffers: 20000 list.size(): 1. Allocated: 0.164 GB, Used: 0.0168 GB, Peak alloc: 0.164 GB.
INDE After creating wrapper MatrixType F_w(F): AllocatorManager statistics:  noOfRealsPerBuffer: 1024 noOfBuffers: 20000 list.size(): 1. Allocated: 0.164 GB, Used: 0.0173 GB, Peak alloc: 0.164 GB.
TIDE  F_w to orthogonal basis took      0.01 usr cpu s       0.05 sys cpu s       0.01 wall s
TIDE MatrixType::mixed_diff for maxEigValMovement_mixed took      0.00 usr cpu s       0.01 sys cpu s       0.00 wall s
TIDE symmMatrixWrap::eucl_diff for maxEigValMovement_eucl  took      0.06 usr cpu s       0.34 sys cpu s       0.06 wall s
INDE maxEigValMovement_frob  =          0.00007971144
INDE maxEigValMovement_mixed =          0.00004837551
INDE maxEigValMovement_eucl  =          0.00001894670
INDE lumo before truncation: [ 0.035530936023 , 0.056544746292 ]
INDE homo before truncation: [ -0.357296198342 , -0.348162005569 ]
INDE Truncate matrix F and update intervals for homo and lumo.
INDE Truncating F_ort ( mixed ), selected threshold = 3.83693e-08
INDE Truncated F_ort ( mixed ), selected threshold = 3.83693e-08, returned error =          0, nnz before = 100.0000 %, nnz after = 100.0000 %
TIDE Truncation of F_ort took      0.00 usr cpu s       0.00 sys cpu s       0.00 wall s
INDE Chosen Ergo Wrapper
INDE Creating purification object: N = 342 , nocc = 47 , NNZ = 116964  <-> 100.00000 %
INDE Chosen norm for the truncation: 
INDE mixed
INDE Chosen norm for the stopping criterion: 
INDE mixed
INDE Chosen the NEW stopping criterion.
INDE Allowed error in subspace 7.000000e-07
INDE Chosen SP2 purification method
INDE calling Puri->PurificationStart(), number of threads = 1, trunc norm 'mixed'
TIDE gershgorin took      0.00 usr cpu s       0.01 sys cpu s       0.00 wall s
INDE Gershgorin bounds: [ -59.820865482650 , 100.436329500247 ]
INDE EXPANDED Gershgorin bounds: [ -59.820865497551 , 100.436329515148 ]
INDE Trying to impove bounds using Lanczos algorithm...
TIDE compute_spectrum_bounds took      0.08 usr cpu s       0.37 sys cpu s       0.07 wall s
INDE Spectrum of F: 	 [ -20.624838421146 , 51.715195478154 ]
INDE Transform homo and lumo bounds...
INDE HOMO bounds of X: 	 [ 0.719703249741 , 0.719829517207 ]
INDE LUMO bounds of X: 	 [ 0.714108743767 , 0.714399230364 ]
INDE INIT LUMO: [ 0.714108743767 , 0.714399230364 ]
INDE INIT HOMO: [ 0.280170482793 , 0.280296750259 ]
INDE ESTIMATED NUMBER OF ITERATIONS IS 35
INDE Put eigenvalues of F to the interval [0,1] in reverse order.
TIDE compute_X() took      0.00 usr cpu s       0.00 sys cpu s       0.00 wall s
TIDE prepare_to_purification() took      0.08 usr cpu s       0.37 sys cpu s       0.07 wall s
INDE (EIGV,PARAMS) Requested 0 occipied eigenpair(s).
INDE (EIGV,PARAMS) Requested 0 unoccipied eigenpair(s).
TIDE prepare_to_purification_eigenvectors() took      0.00 usr cpu s       0.00 sys cpu s       0.00 wall s
INDE Starting recursive expansion
INDE     BEFORE ITERATIONS:
TIDE truncate_matrix took      0.00 usr cpu s       0.00 sys cpu s       0.00 wall s
INDE Actual introduced error   0.000000e+00 : nnz before  116964 <-> 100.00 % , nnz after  116964 <-> 100.00 %
TIDE square took      0.02 usr cpu s       0.05 sys cpu s       0.01 wall s
INDE NNZ Xsq = 116964 <-> 100.00 %
TIDE Frobenius norm of X-X^2 took      0.00 usr cpu s       0.00 sys cpu s       0.00 wall s
TIDE Mixed norm of X-X^2 took      0.00 usr cpu s       0.03 sys cpu s       0.01 wall s
TIDE Trace of X-X^2 took      0.00 usr cpu s       0.00 sys cpu s       0.00 wall s
INDE ||X-X^2||_F = 3.852014e+00 , ||X-X^2||_mixed = 1.286053e+00
INDE trace(X-X^2) = 7.012956e+01
INDE trace(X) = 2.342456e+02
TIDE Iteration 0 took      0.02 usr cpu s       0.08 sys cpu s       0.02 wall s
TIDE FileWritable::writeAndReadAll took      0.00 usr cpu s       0.00 sys cpu s       0.00 wall s
INDE writeAndReadAll sizesStr: '0 MB (1 MatrixGeneral, 0 > 1 MB) + 0 MB (13 MatrixSymmetric, 0 > 1 MB) + 0 MB (2 VectorGeneral, 0 > 1 MB) = 0 MB (16 total, 0 > 1 MB)
INDE     ITERATION 1 :
TIDE purify_X took      0.00 usr cpu s       0.00 sys cpu s       0.00 wall s
TIDE truncate_matrix took      0.00 usr cpu s       0.00 sys cpu s       0.00 wall s
INDE Actual introduced error   0.000000e+00 : nnz before  116964 <-> 100.00 % , nnz after  116964 <-> 100.00 %
TIDE square took      0.01 usr cpu s       0.06 sys cpu s       0.01 wall s
INDE NNZ Xsq = 116964 <-> 100.00 %
TIDE Frobenius norm of X-X^2 took      0.00 usr cpu s       0.00 sys cpu s       0.00 wall s
TIDE Mixed norm of X-X^2 took      0.00 usr cpu s       0.01 sys cpu s       0.00 wall s
TIDE Trace of X-X^2 took      0.00 usr cpu s       0.00 sys cpu s       0.00 wall s
INDE ||X-X^2||_F = 4.467938e+00 , ||X-X^2||_mixed = 1.460677e+00
INDE trace(X-X^2) = 8.127625e+01
INDE trace(X) = 1.641160e+02
TIDE Iteration 1 took      0.02 usr cpu s       0.07 sys cpu s       0.01 wall s
INDE     ITERATION 2 :
TIDE purify_X took      0.00 usr cpu s       0.00 sys cpu s       0.00 wall s
TIDE truncate_matrix took      0.00 usr cpu s       0.00 sys cpu s       0.00 wall s
INDE Actual introduced error   0.000000e+00 : nnz before  116964 <-> 100.00 % , nnz after  116964 <-> 100.00 %
TIDE square took      0.02 usr cpu s       0.05 sys cpu s       0.01 wall s
INDE NNZ Xsq = 116964 <-> 100.00 %
TIDE Frobenius norm of X-X^2 took      0.00 usr cpu s       0.00 sys cpu s       0.00 wall s
TIDE Mixed norm of X-X^2 took      0.01 usr cpu s       0.02 sys cpu s       0.00 wall s
TIDE Trace of X-X^2 took      0.00 usr cpu s       0.00 sys cpu s       0.00 wall s
INDE ||X-X^2||_F = 3.254697e+00 , ||X-X^2||_mixed = 1.135626e+00
INDE trace(X-X^2) = 5.849020e+01
INDE trace(X) = 8.283976e+01
INDE Checking stopping criterion...   
INDE Order of convergence cannot be computed
TIDE stopping_criterion took      0.00 usr cpu s       0.00 sys cpu s       0.00 wall s
TIDE Iteration 2 took      0.03 usr cpu s       0.07 sys cpu s       0.01 wall s
INDE     ITERATION 3 :
TIDE purify_X took      0.00 usr cpu s       0.00 sys cpu s       0.00 wall s
TIDE truncate_matrix took      0.00 usr cpu s       0.00 sys cpu s       0.00 wall s
INDE Actual introduced error   0.000000e+00 : nnz before  116964 <-> 100.00 % , nnz after  116964 <-> 100.00 %
TIDE square took      0.02 usr cpu s       0.06 sys cpu s       0.01 wall s
INDE NNZ Xsq = 116964 <-> 100.00 %
TIDE Frobenius norm of X-X^2 took      0.00 usr cpu s       0.00 sys cpu s       0.00 wall s
TIDE Mixed norm of X-X^2 took      0.00 usr cpu s       0.02 sys cpu s       0.00 wall s
TIDE Trace of X-X^2 took      0.00 usr cpu s       0.00 sys cpu s       0.00 wall s
INDE ||X-X^2||_F = 4.290382e+00 , ||X-X^2||_mixed = 1.444683e+00
INDE trace(X-X^2) = 7.741617e+01
INDE trace(X) = 1.413300e+02
INDE Checking stopping criterion...   
INDE Order of convergence cannot be computed
TIDE stopping_criterion took      0.00 usr cpu s       0.00 sys cpu s       0.00 wall s
TIDE Iteration 3 took      0.03 usr cpu s       0.08 sys cpu s       0.02 wall s
INDE     ITERATION 4 :
TIDE purify_X took      0.00 usr cpu s       0.00 sys cpu s       0.00 wall s
TIDE truncate_matrix took      0.00 usr cpu s       0.00 sys cpu s       0.00 wall s
INDE Actual introduced error   0.000000e+00 : nnz before  116964 <-> 100.00 % , nnz after  116964 <-> 100.00 %
TIDE square took      0.02 usr cpu s       0.04 sys cpu s       0.01 wall s
INDE NNZ Xsq = 116964 <-> 100.00 %
TIDE Frobenius norm of X-X^2 took      0.00 usr cpu s       0.00 sys cpu s       0.00 wall s
TIDE Mixed norm of X-X^2 took      0.00 usr cpu s       0.02 sys cpu s       0.00 wall s
TIDE Trace of X-X^2 took      0.00 usr cpu s       0.00 sys cpu s       0.00 wall s
INDE ||X-X^2||_F = 4.003286e+00 , ||X-X^2||_mixed = 1.405987e+00
INDE trace(X-X^2) = 7.177920e+01
INDE trace(X) = 2.187461e+02
INDE Checking stopping criterion...   
INDE Order of convergence cannot be computed
TIDE stopping_criterion took      0.00 usr cpu s       0.00 sys cpu s       0.00 wall s
TIDE Iteration 4 took      0.03 usr cpu s       0.06 sys cpu s       0.01 wall s
INDE     ITERATION 5 :
TIDE purify_X took      0.00 usr cpu s       0.00 sys cpu s       0.00 wall s
TIDE truncate_matrix took      0.00 usr cpu s       0.00 sys cpu s       0.00 wall s
INDE Actual introduced error   0.000000e+00 : nnz before  116964 <-> 100.00 % , nnz after  116964 <-> 100.00 %
TIDE square took      0.02 usr cpu s       0.04 sys cpu s       0.01 wall s
INDE NNZ Xsq = 116964 <-> 100.00 %
TIDE Frobenius norm of X-X^2 took      0.00 usr cpu s       0.00 sys cpu s       0.00 wall s
TIDE Mixed norm of X-X^2 took      0.00 usr cpu s       0.02 sys cpu s       0.00 wall s
TIDE Trace of X-X^2 took      0.00 usr cpu s       0.00 sys cpu s       0.00 wall s
INDE ||X-X^2||_F = 4.268876e+00 , ||X-X^2||_mixed = 1.493204e+00
INDE trace(X-X^2) = 7.626113e+01
INDE trace(X) = 1.469669e+02
INDE Checking stopping criterion...   
INDE Order of convergence cannot be computed
TIDE stopping_criterion took      0.00 usr cpu s       0.00 sys cpu s       0.00 wall s
TIDE Iteration 5 took      0.03 usr cpu s       0.06 sys cpu s       0.01 wall s
INDE     ITERATION 6 :
TIDE purify_X took      0.00 usr cpu s       0.00 sys cpu s       0.00 wall s
TIDE truncate_matrix took      0.00 usr cpu s       0.00 sys cpu s       0.00 wall s
INDE Actual introduced error   0.000000e+00 : nnz before  116964 <-> 100.00 % , nnz after  116964 <-> 100.00 %
TIDE square took      0.03 usr cpu s       0.04 sys cpu s       0.01 wall s
INDE NNZ Xsq = 116964 <-> 100.00 %
TIDE Frobenius norm of X-X^2 took      0.00 usr cpu s       0.00 sys cpu s       0.00 wall s
TIDE Mixed norm of X-X^2 took      0.00 usr cpu s       0.02 sys cpu s       0.00 wall s
TIDE Trace of X-X^2 took      0.00 usr cpu s       0.00 sys cpu s       0.00 wall s
INDE ||X-X^2||_F = 2.734227e+00 , ||X-X^2||_mixed = 1.096789e+00
INDE trace(X-X^2) = 4.779600e+01
INDE trace(X) = 7.070580e+01
INDE Checking stopping criterion...   
INDE Order of convergence cannot be computed
TIDE stopping_criterion took      0.00 usr cpu s       0.00 sys cpu s       0.00 wall s
TIDE Iteration 6 took      0.04 usr cpu s       0.06 sys cpu s       0.01 wall s
INDE     ITERATION 7 :
TIDE purify_X took      0.00 usr cpu s       0.00 sys cpu s       0.00 wall s
TIDE truncate_matrix took      0.00 usr cpu s       0.00 sys cpu s       0.00 wall s
INDE Actual introduced error   0.000000e+00 : nnz before  116964 <-> 100.00 % , nnz after  116964 <-> 100.00 %
TIDE square took      0.02 usr cpu s       0.05 sys cpu s       0.01 wall s
INDE NNZ Xsq = 116964 <-> 100.00 %
TIDE Frobenius norm of X-X^2 took      0.00 usr cpu s       0.00 sys cpu s       0.00 wall s
TIDE Mixed norm of X-X^2 took      0.00 usr cpu s       0.02 sys cpu s       0.00 wall s
TIDE Trace of X-X^2 took      0.00 usr cpu s       0.00 sys cpu s       0.00 wall s
INDE ||X-X^2||_F = 3.850807e+00 , ||X-X^2||_mixed = 1.464409e+00
INDE trace(X-X^2) = 6.763986e+01
INDE trace(X) = 1.185018e+02
INDE Checking stopping criterion...   
INDE Order of convergence cannot be computed
TIDE stopping_criterion took      0.00 usr cpu s       0.00 sys cpu s       0.00 wall s
TIDE Iteration 7 took      0.02 usr cpu s       0.07 sys cpu s       0.01 wall s
INDE     ITERATION 8 :
TIDE purify_X took      0.00 usr cpu s       0.00 sys cpu s       0.00 wall s
TIDE truncate_matrix took      0.00 usr cpu s       0.00 sys cpu s       0.00 wall s
INDE Actual introduced error   0.000000e+00 : nnz before  116964 <-> 100.00 % , nnz after  116964 <-> 100.00 %
TIDE square took      0.01 usr cpu s       0.05 sys cpu s       0.01 wall s
INDE NNZ Xsq = 116964 <-> 100.00 %
TIDE Frobenius norm of X-X^2 took      0.00 usr cpu s       0.00 sys cpu s       0.00 wall s
TIDE Mixed norm of X-X^2 took      0.00 usr cpu s       0.01 sys cpu s       0.00 wall s
TIDE Trace of X-X^2 took      0.00 usr cpu s       0.00 sys cpu s       0.00 wall s
INDE ||X-X^2||_F = 4.120478e+00 , ||X-X^2||_mixed = 1.498159e+00
INDE trace(X-X^2) = 7.299921e+01
INDE trace(X) = 1.861417e+02
INDE Checking stopping criterion...   
INDE Order of convergence cannot be computed
TIDE stopping_criterion took      0.00 usr cpu s       0.00 sys cpu s       0.00 wall s
TIDE Iteration 8 took      0.02 usr cpu s       0.07 sys cpu s       0.01 wall s
INDE     ITERATION 9 :
TIDE purify_X took      0.00 usr cpu s       0.00 sys cpu s       0.00 wall s
TIDE truncate_matrix took      0.00 usr cpu s       0.00 sys cpu s       0.00 wall s
INDE Actual introduced error   0.000000e+00 : nnz before  116964 <-> 100.00 % , nnz after  116964 <-> 100.00 %
TIDE square took      0.02 usr cpu s       0.05 sys cpu s       0.01 wall s
INDE NNZ Xsq = 116964 <-> 100.00 %
TIDE Frobenius norm of X-X^2 took      0.00 usr cpu s       0.00 sys cpu s       0.00 wall s
TIDE Mixed norm of X-X^2 took      0.00 usr cpu s       0.02 sys cpu s       0.00 wall s
TIDE Trace of X-X^2 took      0.00 usr cpu s       0.00 sys cpu s       0.00 wall s
INDE ||X-X^2||_F = 3.665700e+00 , ||X-X^2||_mixed = 1.504887e+00
INDE trace(X-X^2) = 6.284349e+01
INDE trace(X) = 1.131425e+02
INDE Checking stopping criterion...   
INDE Order of convergence cannot be computed
TIDE stopping_criterion took      0.00 usr cpu s       0.00 sys cpu s       0.00 wall s
TIDE Iteration 9 took      0.02 usr cpu s       0.07 sys cpu s       0.01 wall s
INDE     ITERATION 10 :
TIDE purify_X took      0.00 usr cpu s       0.00 sys cpu s       0.00 wall s
TIDE truncate_matrix took      0.00 usr cpu s       0.00 sys cpu s       0.00 wall s
INDE Actual introduced error   0.000000e+00 : nnz before  116964 <-> 100.00 % , nnz after  116964 <-> 100.00 %
TIDE square took      0.02 usr cpu s       0.04 sys cpu s       0.01 wall s
INDE NNZ Xsq = 116964 <-> 100.00 %
TIDE Frobenius norm of X-X^2 took      0.00 usr cpu s       0.00 sys cpu s       0.00 wall s
TIDE Mixed norm of X-X^2 took      0.00 usr cpu s       0.02 sys cpu s       0.00 wall s
TIDE Trace of X-X^2 took      0.00 usr cpu s       0.00 sys cpu s       0.00 wall s
INDE ||X-X^2||_F = 3.888186e+00 , ||X-X^2||_mixed = 1.520339e+00
INDE trace(X-X^2) = 6.812285e+01
INDE trace(X) = 1.759859e+02
INDE Checking stopping criterion...   
INDE Order of convergence cannot be computed
TIDE stopping_criterion took      0.00 usr cpu s       0.00 sys cpu s       0.00 wall s
TIDE Iteration 10 took      0.03 usr cpu s       0.07 sys cpu s       0.01 wall s
INDE     ITERATION 11 :
TIDE purify_X took      0.00 usr cpu s       0.00 sys cpu s       0.00 wall s
TIDE truncate_matrix took      0.00 usr cpu s       0.00 sys cpu s       0.00 wall s
INDE Actual introduced error   0.000000e+00 : nnz before  116964 <-> 100.00 % , nnz after  116964 <-> 100.00 %
TIDE square took      0.02 usr cpu s       0.05 sys cpu s       0.01 wall s
INDE NNZ Xsq = 116964 <-> 100.00 %
TIDE Frobenius norm of X-X^2 took      0.00 usr cpu s       0.00 sys cpu s       0.00 wall s
TIDE Mixed norm of X-X^2 took      0.00 usr cpu s       0.02 sys cpu s       0.00 wall s
TIDE Trace of X-X^2 took      0.00 usr cpu s       0.00 sys cpu s       0.00 wall s
INDE ||X-X^2||_F = 3.436155e+00 , ||X-X^2||_mixed = 1.550221e+00
INDE trace(X-X^2) = 5.634729e+01
INDE trace(X) = 1.078631e+02
INDE Checking stopping criterion...   
INDE Order of convergence cannot be computed
TIDE stopping_criterion took      0.00 usr cpu s       0.00 sys cpu s       0.00 wall s
TIDE Iteration 11 took      0.02 usr cpu s       0.07 sys cpu s       0.01 wall s
INDE     ITERATION 12 :
TIDE purify_X took      0.00 usr cpu s       0.00 sys cpu s       0.00 wall s
TIDE truncate_matrix took      0.00 usr cpu s       0.00 sys cpu s       0.00 wall s
INDE Actual introduced error   0.000000e+00 : nnz before  116964 <-> 100.00 % , nnz after  116964 <-> 100.00 %
TIDE square took      0.02 usr cpu s       0.05 sys cpu s       0.01 wall s
INDE NNZ Xsq = 116964 <-> 100.00 %
TIDE Frobenius norm of X-X^2 took      0.00 usr cpu s       0.00 sys cpu s       0.00 wall s
TIDE Mixed norm of X-X^2 took      0.00 usr cpu s       0.02 sys cpu s       0.00 wall s
TIDE Trace of X-X^2 took      0.00 usr cpu s       0.00 sys cpu s       0.00 wall s
INDE ||X-X^2||_F = 2.134019e+00 , ||X-X^2||_mixed = 1.203842e+00
INDE trace(X-X^2) = 2.958068e+01
INDE trace(X) = 5.151581e+01
INDE Checking stopping criterion...   
INDE Order of convergence cannot be computed
TIDE stopping_criterion took      0.00 usr cpu s       0.00 sys cpu s       0.00 wall s
TIDE Iteration 12 took      0.02 usr cpu s       0.07 sys cpu s       0.01 wall s
INDE     ITERATION 13 :
TIDE purify_X took      0.00 usr cpu s       0.00 sys cpu s       0.00 wall s
TIDE truncate_matrix took      0.00 usr cpu s       0.00 sys cpu s       0.00 wall s
INDE Actual introduced error   0.000000e+00 : nnz before  116964 <-> 100.00 % , nnz after  116964 <-> 100.00 %
TIDE square took      0.02 usr cpu s       0.04 sys cpu s       0.01 wall s
INDE NNZ Xsq = 116964 <-> 100.00 %
TIDE Frobenius norm of X-X^2 took      0.00 usr cpu s       0.00 sys cpu s       0.00 wall s
TIDE Mixed norm of X-X^2 took      0.01 usr cpu s       0.01 sys cpu s       0.00 wall s
TIDE Trace of X-X^2 took      0.00 usr cpu s       0.00 sys cpu s       0.00 wall s
INDE ||X-X^2||_F = 2.856445e+00 , ||X-X^2||_mixed = 1.476453e+00
INDE trace(X-X^2) = 4.203467e+01
INDE trace(X) = 8.109648e+01
INDE Checking stopping criterion...   
INDE Order of convergence cannot be computed
TIDE stopping_criterion took      0.00 usr cpu s       0.00 sys cpu s       0.00 wall s
TIDE Iteration 13 took      0.03 usr cpu s       0.07 sys cpu s       0.01 wall s
INDE     ITERATION 14 :
TIDE purify_X took      0.00 usr cpu s       0.00 sys cpu s       0.00 wall s
TIDE truncate_matrix took      0.00 usr cpu s       0.00 sys cpu s       0.00 wall s
INDE Actual introduced error   0.000000e+00 : nnz before  116964 <-> 100.00 % , nnz after  116964 <-> 100.00 %
TIDE square took      0.01 usr cpu s       0.06 sys cpu s       0.01 wall s
INDE NNZ Xsq = 116964 <-> 100.00 %
TIDE Frobenius norm of X-X^2 took      0.00 usr cpu s       0.00 sys cpu s       0.00 wall s
TIDE Mixed norm of X-X^2 took      0.00 usr cpu s       0.02 sys cpu s       0.00 wall s
TIDE Trace of X-X^2 took      0.00 usr cpu s       0.00 sys cpu s       0.00 wall s
INDE ||X-X^2||_F = 3.137432e+00 , ||X-X^2||_mixed = 1.633222e+00
INDE trace(X-X^2) = 4.810056e+01
INDE trace(X) = 1.231312e+02
INDE Checking stopping criterion...   
INDE Order of convergence cannot be computed
TIDE stopping_criterion took      0.00 usr cpu s       0.00 sys cpu s       0.00 wall s
TIDE Iteration 14 took      0.01 usr cpu s       0.08 sys cpu s       0.01 wall s
INDE     ITERATION 15 :
TIDE purify_X took      0.00 usr cpu s       0.00 sys cpu s       0.00 wall s
TIDE truncate_matrix took      0.00 usr cpu s       0.00 sys cpu s       0.00 wall s
INDE Actual introduced error   0.000000e+00 : nnz before  116964 <-> 100.00 % , nnz after  116964 <-> 100.00 %
TIDE square took      0.02 usr cpu s       0.05 sys cpu s       0.01 wall s
INDE NNZ Xsq = 116964 <-> 100.00 %
TIDE Frobenius norm of X-X^2 took      0.00 usr cpu s       0.00 sys cpu s       0.00 wall s
TIDE Mixed norm of X-X^2 took      0.01 usr cpu s       0.01 sys cpu s       0.00 wall s
TIDE Trace of X-X^2 took      0.00 usr cpu s       0.00 sys cpu s       0.00 wall s
INDE ||X-X^2||_F = 2.538327e+00 , ||X-X^2||_mixed = 1.427880e+00
INDE trace(X-X^2) = 3.388153e+01
INDE trace(X) = 7.503059e+01
INDE Checking stopping criterion...   
INDE Order of convergence cannot be computed
TIDE stopping_criterion took      0.00 usr cpu s       0.00 sys cpu s       0.00 wall s
TIDE Iteration 15 took      0.03 usr cpu s       0.06 sys cpu s       0.01 wall s
INDE     ITERATION 16 :
TIDE purify_X took      0.00 usr cpu s       0.00 sys cpu s       0.00 wall s
TIDE truncate_matrix took      0.00 usr cpu s       0.00 sys cpu s       0.00 wall s
INDE Actual introduced error   0.000000e+00 : nnz before  116964 <-> 100.00 % , nnz after  116964 <-> 100.00 %
TIDE square took      0.02 usr cpu s       0.05 sys cpu s       0.01 wall s
INDE NNZ Xsq = 116964 <-> 100.00 %
TIDE Frobenius norm of X-X^2 took      0.00 usr cpu s       0.00 sys cpu s       0.00 wall s
TIDE Mixed norm of X-X^2 took      0.00 usr cpu s       0.01 sys cpu s       0.00 wall s
TIDE Trace of X-X^2 took      0.00 usr cpu s       0.00 sys cpu s       0.00 wall s
INDE ||X-X^2||_F = 2.741271e+00 , ||X-X^2||_mixed = 1.619469e+00
INDE trace(X-X^2) = 3.724941e+01
INDE trace(X) = 1.089121e+02
INDE Checking stopping criterion...   
INDE Order of convergence cannot be computed
TIDE stopping_criterion took      0.00 usr cpu s       0.00 sys cpu s       0.00 wall s
TIDE Iteration 16 took      0.02 usr cpu s       0.07 sys cpu s       0.01 wall s
INDE     ITERATION 17 :
TIDE purify_X took      0.00 usr cpu s       0.00 sys cpu s       0.00 wall s
TIDE truncate_matrix took      0.00 usr cpu s       0.00 sys cpu s       0.00 wall s
INDE Actual introduced error   0.000000e+00 : nnz before  116964 <-> 100.00 % , nnz after  116964 <-> 100.00 %
TIDE square took      0.02 usr cpu s       0.04 sys cpu s       0.01 wall s
INDE NNZ Xsq = 116964 <-> 100.00 %
TIDE Frobenius norm of X-X^2 took      0.00 usr cpu s       0.00 sys cpu s       0.00 wall s
TIDE Mixed norm of X-X^2 took      0.00 usr cpu s       0.01 sys cpu s       0.00 wall s
TIDE Trace of X-X^2 took      0.00 usr cpu s       0.00 sys cpu s       0.00 wall s
INDE ||X-X^2||_F = 2.196866e+00 , ||X-X^2||_mixed = 1.348215e+00
INDE trace(X-X^2) = 2.633767e+01
INDE trace(X) = 7.166272e+01
INDE Checking stopping criterion...   
INDE Order of convergence cannot be computed
TIDE stopping_criterion took      0.00 usr cpu s       0.00 sys cpu s       0.00 wall s
TIDE Iteration 17 took      0.03 usr cpu s       0.05 sys cpu s       0.01 wall s
INDE     ITERATION 18 :
TIDE purify_X took      0.00 usr cpu s       0.00 sys cpu s       0.00 wall s
TIDE truncate_matrix took      0.00 usr cpu s       0.00 sys cpu s       0.00 wall s
INDE Actual introduced error   0.000000e+00 : nnz before  116964 <-> 100.00 % , nnz after  116964 <-> 100.00 %
TIDE square took      0.02 usr cpu s       0.04 sys cpu s       0.01 wall s
INDE NNZ Xsq = 116964 <-> 100.00 %
TIDE Frobenius norm of X-X^2 took      0.00 usr cpu s       0.00 sys cpu s       0.00 wall s
TIDE Mixed norm of X-X^2 took      0.00 usr cpu s       0.02 sys cpu s       0.00 wall s
TIDE Trace of X-X^2 took      0.00 usr cpu s       0.00 sys cpu s       0.00 wall s
INDE ||X-X^2||_F = 1.503684e+00 , ||X-X^2||_mixed = 1.049197e+00
INDE trace(X-X^2) = 1.465037e+01
INDE trace(X) = 4.532505e+01
INDE Checking stopping criterion...   
INDE Order of convergence cannot be computed
TIDE stopping_criterion took      0.00 usr cpu s       0.00 sys cpu s       0.00 wall s
TIDE Iteration 18 took      0.03 usr cpu s       0.06 sys cpu s       0.01 wall s
INDE     ITERATION 19 :
TIDE purify_X took      0.00 usr cpu s       0.00 sys cpu s       0.00 wall s
TIDE truncate_matrix took      0.00 usr cpu s       0.00 sys cpu s       0.00 wall s
INDE Actual introduced error   0.000000e+00 : nnz before  116964 <-> 100.00 % , nnz after  116964 <-> 100.00 %
TIDE square took      0.02 usr cpu s       0.04 sys cpu s       0.01 wall s
INDE NNZ Xsq = 116964 <-> 100.00 %
TIDE Frobenius norm of X-X^2 took      0.00 usr cpu s       0.00 sys cpu s       0.00 wall s
TIDE Mixed norm of X-X^2 took      0.00 usr cpu s       0.02 sys cpu s       0.00 wall s
TIDE Trace of X-X^2 took      0.00 usr cpu s       0.00 sys cpu s       0.00 wall s
INDE ||X-X^2||_F = 1.606131e+00 , ||X-X^2||_mixed = 1.077412e+00
INDE trace(X-X^2) = 1.666800e+01
INDE trace(X) = 5.997542e+01
INDE Checking stopping criterion...   
INDE Order of convergence cannot be computed
TIDE stopping_criterion took      0.00 usr cpu s       0.00 sys cpu s       0.00 wall s
TIDE Iteration 19 took      0.03 usr cpu s       0.06 sys cpu s       0.01 wall s
INDE     ITERATION 20 :
TIDE purify_X took      0.00 usr cpu s       0.00 sys cpu s       0.00 wall s
TIDE truncate_matrix took      0.00 usr cpu s       0.00 sys cpu s       0.00 wall s
INDE Actual introduced error   0.000000e+00 : nnz before  116964 <-> 100.00 % , nnz after  116964 <-> 100.00 %
TIDE square took      0.01 usr cpu s       0.05 sys cpu s       0.01 wall s
INDE NNZ Xsq = 116964 <-> 100.00 %
TIDE Frobenius norm of X-X^2 took      0.00 usr cpu s       0.00 sys cpu s       0.00 wall s
TIDE Mixed norm of X-X^2 took      0.01 usr cpu s       0.01 sys cpu s       0.00 wall s
TIDE Trace of X-X^2 took      0.00 usr cpu s       0.00 sys cpu s       0.00 wall s
INDE ||X-X^2||_F = 1.109688e+00 , ||X-X^2||_mixed = 8.472668e-01
INDE trace(X-X^2) = 8.649403e+00
INDE trace(X) = 4.330742e+01
INDE Checking stopping criterion...   
INDE Order of convergence cannot be computed
TIDE stopping_criterion took      0.00 usr cpu s       0.00 sys cpu s       0.00 wall s
TIDE Iteration 20 took      0.02 usr cpu s       0.06 sys cpu s       0.01 wall s
INDE     ITERATION 21 :
TIDE purify_X took      0.00 usr cpu s       0.00 sys cpu s       0.00 wall s
TIDE truncate_matrix took      0.00 usr cpu s       0.00 sys cpu s       0.00 wall s
INDE Actual introduced error   0.000000e+00 : nnz before  116964 <-> 100.00 % , nnz after  116964 <-> 100.00 %
TIDE square took      0.02 usr cpu s       0.04 sys cpu s       0.01 wall s
INDE NNZ Xsq = 116964 <-> 100.00 %
TIDE Frobenius norm of X-X^2 took      0.00 usr cpu s       0.00 sys cpu s       0.00 wall s
TIDE Mixed norm of X-X^2 took      0.00 usr cpu s       0.02 sys cpu s       0.00 wall s
TIDE Trace of X-X^2 took      0.00 usr cpu s       0.00 sys cpu s       0.00 wall s
INDE ||X-X^2||_F = 9.694000e-01 , ||X-X^2||_mixed = 7.162058e-01
INDE trace(X-X^2) = 8.394724e+00
INDE trace(X) = 5.195682e+01
INDE Checking stopping criterion...   
INDE Order of convergence cannot be computed
TIDE stopping_criterion took      0.00 usr cpu s       0.00 sys cpu s       0.00 wall s
TIDE Iteration 21 took      0.03 usr cpu s       0.06 sys cpu s       0.01 wall s
INDE     ITERATION 22 :
TIDE purify_X took      0.00 usr cpu s       0.00 sys cpu s       0.00 wall s
TIDE truncate_matrix took      0.00 usr cpu s       0.00 sys cpu s       0.00 wall s
INDE Actual introduced error   0.000000e+00 : nnz before  116964 <-> 100.00 % , nnz after  116964 <-> 100.00 %
TIDE square took      0.02 usr cpu s       0.04 sys cpu s       0.01 wall s
INDE NNZ Xsq = 116964 <-> 100.00 %
TIDE Frobenius norm of X-X^2 took      0.00 usr cpu s       0.00 sys cpu s       0.00 wall s
TIDE Mixed norm of X-X^2 took      0.00 usr cpu s       0.01 sys cpu s       0.00 wall s
TIDE Trace of X-X^2 took      0.00 usr cpu s       0.00 sys cpu s       0.00 wall s
INDE ||X-X^2||_F = 1.308111e+00 , ||X-X^2||_mixed = 9.750806e-01
INDE trace(X-X^2) = 1.060330e+01
INDE trace(X) = 6.035155e+01
INDE Checking stopping criterion...   
INDE Order of convergence cannot be computed
TIDE stopping_criterion took      0.00 usr cpu s       0.00 sys cpu s       0.00 wall s
TIDE Iteration 22 took      0.03 usr cpu s       0.06 sys cpu s       0.01 wall s
INDE     ITERATION 23 :
TIDE purify_X took      0.00 usr cpu s       0.00 sys cpu s       0.00 wall s
TIDE truncate_matrix took      0.00 usr cpu s       0.00 sys cpu s       0.00 wall s
INDE Actual introduced error   0.000000e+00 : nnz before  116964 <-> 100.00 % , nnz after  116964 <-> 100.00 %
TIDE square took      0.03 usr cpu s       0.04 sys cpu s       0.01 wall s
INDE NNZ Xsq = 116964 <-> 100.00 %
TIDE Frobenius norm of X-X^2 took      0.00 usr cpu s       0.00 sys cpu s       0.00 wall s
TIDE Mixed norm of X-X^2 took      0.00 usr cpu s       0.02 sys cpu s       0.00 wall s
TIDE Trace of X-X^2 took      0.00 usr cpu s       0.00 sys cpu s       0.00 wall s
INDE ||X-X^2||_F = 5.528635e-01 , ||X-X^2||_mixed = 4.415042e-01
INDE trace(X-X^2) = 3.713726e+00
INDE trace(X) = 4.974825e+01
INDE Checking stopping criterion...   
INDE e_i =4.415042e-01, C*e_{i-1}^q = 3.532794e+00
INDE Order of convergence = 8.230478, stop = 0
TIDE stopping_criterion took      0.00 usr cpu s       0.00 sys cpu s       0.00 wall s
TIDE Iteration 23 took      0.03 usr cpu s       0.06 sys cpu s       0.01 wall s
INDE     ITERATION 24 :
TIDE purify_X took      0.00 usr cpu s       0.00 sys cpu s       0.00 wall s
TIDE truncate_matrix took      0.00 usr cpu s       0.00 sys cpu s       0.00 wall s
INDE Actual introduced error   0.000000e+00 : nnz before  116964 <-> 100.00 % , nnz after  116964 <-> 100.00 %
TIDE square took      0.01 usr cpu s       0.05 sys cpu s       0.01 wall s
INDE NNZ Xsq = 116964 <-> 100.00 %
TIDE Frobenius norm of X-X^2 took      0.00 usr cpu s       0.00 sys cpu s       0.00 wall s
TIDE Mixed norm of X-X^2 took      0.00 usr cpu s       0.02 sys cpu s       0.00 wall s
TIDE Trace of X-X^2 took      0.00 usr cpu s       0.00 sys cpu s       0.00 wall s
INDE ||X-X^2||_F = 3.562264e-01 , ||X-X^2||_mixed = 3.225742e-01
INDE trace(X-X^2) = 1.459676e+00
INDE trace(X) = 4.603452e+01
INDE Checking stopping criterion...   
INDE Order of convergence cannot be computed
TIDE stopping_criterion took      0.00 usr cpu s       0.00 sys cpu s       0.00 wall s
TIDE Iteration 24 took      0.02 usr cpu s       0.07 sys cpu s       0.01 wall s
INDE     ITERATION 25 :
TIDE purify_X took      0.00 usr cpu s       0.00 sys cpu s       0.00 wall s
TIDE truncate_matrix took      0.00 usr cpu s       0.00 sys cpu s       0.00 wall s
INDE Actual introduced error   0.000000e+00 : nnz before  116964 <-> 100.00 % , nnz after  116964 <-> 100.00 %
TIDE square took      0.01 usr cpu s       0.05 sys cpu s       0.01 wall s
INDE NNZ Xsq = 116964 <-> 100.00 %
TIDE Frobenius norm of X-X^2 took      0.00 usr cpu s       0.00 sys cpu s       0.00 wall s
TIDE Mixed norm of X-X^2 took      0.00 usr cpu s       0.01 sys cpu s       0.00 wall s
TIDE Trace of X-X^2 took      0.00 usr cpu s       0.00 sys cpu s       0.00 wall s
INDE ||X-X^2||_F = 1.792342e-01 , ||X-X^2||_mixed = 1.540877e-01
INDE trace(X-X^2) = 8.442842e-01
INDE trace(X) = 4.749420e+01
INDE Checking stopping criterion...   
INDE e_i =1.540877e-01, C*e_{i-1}^q = 1.342494e+00
INDE Order of convergence = 4.647807, stop = 0
TIDE stopping_criterion took      0.00 usr cpu s       0.00 sys cpu s       0.00 wall s
TIDE Iteration 25 took      0.02 usr cpu s       0.07 sys cpu s       0.01 wall s
INDE     ITERATION 26 :
TIDE purify_X took      0.00 usr cpu s       0.00 sys cpu s       0.00 wall s
TIDE truncate_matrix took      0.00 usr cpu s       0.00 sys cpu s       0.00 wall s
INDE Actual introduced error   0.000000e+00 : nnz before  116964 <-> 100.00 % , nnz after  116964 <-> 100.00 %
TIDE square took      0.02 usr cpu s       0.04 sys cpu s       0.01 wall s
INDE NNZ Xsq = 116964 <-> 100.00 %
TIDE Frobenius norm of X-X^2 took      0.00 usr cpu s       0.00 sys cpu s       0.00 wall s
TIDE Mixed norm of X-X^2 took      0.00 usr cpu s       0.01 sys cpu s       0.00 wall s
TIDE Trace of X-X^2 took      0.00 usr cpu s       0.00 sys cpu s       0.00 wall s
INDE ||X-X^2||_F = 2.835669e-01 , ||X-X^2||_mixed = 2.369012e-01
INDE trace(X-X^2) = 1.260273e+00
INDE trace(X) = 4.833848e+01
INDE Checking stopping criterion...   
INDE Order of convergence cannot be computed
TIDE stopping_criterion took      0.00 usr cpu s       0.00 sys cpu s       0.00 wall s
TIDE Iteration 26 took      0.03 usr cpu s       0.06 sys cpu s       0.01 wall s
INDE     ITERATION 27 :
TIDE purify_X took      0.00 usr cpu s       0.00 sys cpu s       0.00 wall s
TIDE truncate_matrix took      0.00 usr cpu s       0.00 sys cpu s       0.00 wall s
INDE Actual introduced error   0.000000e+00 : nnz before  116964 <-> 100.00 % , nnz after  116964 <-> 100.00 %
TIDE square took      0.02 usr cpu s       0.04 sys cpu s       0.01 wall s
INDE NNZ Xsq = 116964 <-> 100.00 %
TIDE Frobenius norm of X-X^2 took      0.00 usr cpu s       0.00 sys cpu s       0.00 wall s
TIDE Mixed norm of X-X^2 took      0.00 usr cpu s       0.02 sys cpu s       0.00 wall s
TIDE Trace of X-X^2 took      0.00 usr cpu s       0.00 sys cpu s       0.00 wall s
INDE ||X-X^2||_F = 3.436098e-02 , ||X-X^2||_mixed = 2.955775e-02
INDE trace(X-X^2) = 1.172620e-01
INDE trace(X) = 4.707821e+01
INDE Checking stopping criterion...   
INDE e_i =2.955775e-02, C*e_{i-1}^q = 1.635230e-01
INDE Order of convergence = 2.914649, stop = 0
TIDE stopping_criterion took      0.00 usr cpu s       0.00 sys cpu s       0.00 wall s
TIDE Iteration 27 took      0.03 usr cpu s       0.06 sys cpu s       0.01 wall s
INDE     ITERATION 28 :
TIDE purify_X took      0.00 usr cpu s       0.00 sys cpu s       0.00 wall s
TIDE truncate_matrix took      0.00 usr cpu s       0.00 sys cpu s       0.00 wall s
INDE Actual introduced error   0.000000e+00 : nnz before  116964 <-> 100.00 % , nnz after  116964 <-> 100.00 %
TIDE square took      0.02 usr cpu s       0.04 sys cpu s       0.01 wall s
INDE NNZ Xsq = 116964 <-> 100.00 %
TIDE Frobenius norm of X-X^2 took      0.00 usr cpu s       0.00 sys cpu s       0.00 wall s
TIDE Mixed norm of X-X^2 took      0.00 usr cpu s       0.01 sys cpu s       0.00 wall s
TIDE Trace of X-X^2 took      0.00 usr cpu s       0.00 sys cpu s       0.00 wall s
INDE ||X-X^2||_F = 2.687744e-02 , ||X-X^2||_mixed = 2.659975e-02
INDE trace(X-X^2) = 4.034217e-02
INDE trace(X) = 4.696095e+01
INDE Checking stopping criterion...   
INDE Order of convergence cannot be computed
TIDE stopping_criterion took      0.00 usr cpu s       0.00 sys cpu s       0.00 wall s
TIDE Iteration 28 took      0.03 usr cpu s       0.05 sys cpu s       0.01 wall s
INDE     ITERATION 29 :
TIDE purify_X took      0.00 usr cpu s       0.00 sys cpu s       0.00 wall s
TIDE truncate_matrix took      0.00 usr cpu s       0.00 sys cpu s       0.00 wall s
INDE Actual introduced error   0.000000e+00 : nnz before  116964 <-> 100.00 % , nnz after  116964 <-> 100.00 %
TIDE square took      0.02 usr cpu s       0.04 sys cpu s       0.01 wall s
INDE NNZ Xsq = 116964 <-> 100.00 %
TIDE Frobenius norm of X-X^2 took      0.00 usr cpu s       0.00 sys cpu s       0.00 wall s
TIDE Mixed norm of X-X^2 took      0.00 usr cpu s       0.01 sys cpu s       0.00 wall s
TIDE Trace of X-X^2 took      0.00 usr cpu s       0.00 sys cpu s       0.00 wall s
INDE ||X-X^2||_F = 1.059261e-03 , ||X-X^2||_mixed = 9.559893e-04
INDE trace(X-X^2) = 2.794291e-03
INDE trace(X) = 4.700129e+01
INDE Checking stopping criterion...   
INDE e_i =9.559893e-04, C*e_{i-1}^q = 6.017074e-03
INDE Order of convergence = 2.522407, stop = 0
TIDE stopping_criterion took      0.00 usr cpu s       0.00 sys cpu s       0.00 wall s
TIDE Iteration 29 took      0.03 usr cpu s       0.06 sys cpu s       0.01 wall s
INDE     ITERATION 30 :
TIDE purify_X took      0.00 usr cpu s       0.00 sys cpu s       0.00 wall s
TIDE truncate_matrix took      0.00 usr cpu s       0.00 sys cpu s       0.00 wall s
INDE Actual introduced error   0.000000e+00 : nnz before  116964 <-> 100.00 % , nnz after  116964 <-> 100.00 %
TIDE square took      0.03 usr cpu s       0.04 sys cpu s       0.01 wall s
INDE NNZ Xsq = 116964 <-> 100.00 %
TIDE Frobenius norm of X-X^2 took      0.00 usr cpu s       0.00 sys cpu s       0.00 wall s
TIDE Mixed norm of X-X^2 took      0.00 usr cpu s       0.01 sys cpu s       0.00 wall s
TIDE Trace of X-X^2 took      0.00 usr cpu s       0.00 sys cpu s       0.00 wall s
INDE ||X-X^2||_F = 1.120942e-03 , ||X-X^2||_mixed = 1.113285e-03
INDE trace(X-X^2) = 1.503785e-03
INDE trace(X) = 4.699850e+01
INDE Checking stopping criterion...   
INDE e_i =1.113285e-03, C*e_{i-1}^q = 4.873015e-03
INDE Order of convergence = 2.407074, stop = 0
TIDE stopping_criterion took      0.00 usr cpu s       0.00 sys cpu s       0.00 wall s
TIDE Iteration 30 took      0.03 usr cpu s       0.05 sys cpu s       0.01 wall s
INDE     ITERATION 31 :
TIDE purify_X took      0.00 usr cpu s       0.00 sys cpu s       0.00 wall s
TIDE truncate_matrix took      0.00 usr cpu s       0.00 sys cpu s       0.00 wall s
INDE Actual introduced error   0.000000e+00 : nnz before  116964 <-> 100.00 % , nnz after  116964 <-> 100.00 %
TIDE square took      0.01 usr cpu s       0.05 sys cpu s       0.01 wall s
INDE NNZ Xsq = 116964 <-> 100.00 %
TIDE Frobenius norm of X-X^2 took      0.00 usr cpu s       0.00 sys cpu s       0.00 wall s
TIDE Mixed norm of X-X^2 took      0.00 usr cpu s       0.01 sys cpu s       0.00 wall s
TIDE Trace of X-X^2 took      0.00 usr cpu s       0.00 sys cpu s       0.00 wall s
INDE ||X-X^2||_F = 1.408768e-06 , ||X-X^2||_mixed = 1.348710e-06
INDE trace(X-X^2) = 2.875368e-06
INDE trace(X) = 4.700000e+01
INDE Checking stopping criterion...   
INDE e_i =1.348710e-06, C*e_{i-1}^q = 6.294319e-06
INDE Order of convergence = 2.221566, stop = 0
TIDE stopping_criterion took      0.00 usr cpu s       0.00 sys cpu s       0.00 wall s
TIDE Iteration 31 took      0.02 usr cpu s       0.07 sys cpu s       0.01 wall s
INDE     ITERATION 32 :
TIDE purify_X took      0.00 usr cpu s       0.00 sys cpu s       0.00 wall s
TIDE truncate_matrix took      0.00 usr cpu s       0.00 sys cpu s       0.00 wall s
INDE Actual introduced error   0.000000e+00 : nnz before  116964 <-> 100.00 % , nnz after  116964 <-> 100.00 %
TIDE square took      0.01 usr cpu s       0.05 sys cpu s       0.01 wall s
INDE NNZ Xsq = 116964 <-> 100.00 %
TIDE Frobenius norm of X-X^2 took      0.00 usr cpu s       0.00 sys cpu s       0.00 wall s
TIDE Mixed norm of X-X^2 took      0.00 usr cpu s       0.01 sys cpu s       0.00 wall s
TIDE Trace of X-X^2 took      0.00 usr cpu s       0.00 sys cpu s       0.00 wall s
INDE ||X-X^2||_F = 1.895269e-06 , ||X-X^2||_mixed = 1.768028e-06
INDE trace(X-X^2) = 3.233154e-06
INDE trace(X) = 4.700000e+01
INDE Checking stopping criterion...   
INDE Order of convergence cannot be computed
TIDE stopping_criterion took      0.00 usr cpu s       0.00 sys cpu s       0.00 wall s
TIDE Iteration 32 took      0.02 usr cpu s       0.06 sys cpu s       0.01 wall s
INDE     ITERATION 33 :
TIDE purify_X took      0.00 usr cpu s       0.00 sys cpu s       0.00 wall s
TIDE truncate_matrix took      0.00 usr cpu s       0.00 sys cpu s       0.00 wall s
INDE Actual introduced error   0.000000e+00 : nnz before  116964 <-> 100.00 % , nnz after  116964 <-> 100.00 %
TIDE square took      0.02 usr cpu s       0.04 sys cpu s       0.01 wall s
INDE NNZ Xsq = 116964 <-> 100.00 %
TIDE Frobenius norm of X-X^2 took      0.00 usr cpu s       0.00 sys cpu s       0.00 wall s
TIDE Mixed norm of X-X^2 took      0.00 usr cpu s       0.01 sys cpu s       0.00 wall s
TIDE Trace of X-X^2 took      0.00 usr cpu s       0.00 sys cpu s       0.00 wall s
INDE ||X-X^2||_F = 3.470552e-12 , ||X-X^2||_mixed = 3.387734e-12
INDE trace(X-X^2) = 5.769607e-12
INDE trace(X) = 4.700000e+01
INDE Checking stopping criterion...   
INDE e_i =3.387734e-12, C*e_{i-1}^q = 1.252795e-11
INDE Order of convergence = 2.096757, stop = 0
TIDE stopping_criterion took      0.00 usr cpu s       0.00 sys cpu s       0.00 wall s
TIDE Iteration 33 took      0.03 usr cpu s       0.06 sys cpu s       0.01 wall s
INDE     ITERATION 34 :
TIDE purify_X took      0.00 usr cpu s       0.00 sys cpu s       0.00 wall s
TIDE truncate_matrix took      0.00 usr cpu s       0.00 sys cpu s       0.00 wall s
INDE Actual introduced error   0.000000e+00 : nnz before  116964 <-> 100.00 % , nnz after  116964 <-> 100.00 %
TIDE square took      0.03 usr cpu s       0.04 sys cpu s       0.01 wall s
INDE NNZ Xsq = 116964 <-> 100.00 %
TIDE Frobenius norm of X-X^2 took      0.00 usr cpu s       0.00 sys cpu s       0.00 wall s
TIDE Mixed norm of X-X^2 took      0.00 usr cpu s       0.01 sys cpu s       0.00 wall s
TIDE Trace of X-X^2 took      0.00 usr cpu s       0.00 sys cpu s       0.00 wall s
INDE ||X-X^2||_F = 4.111901e-12 , ||X-X^2||_mixed = 4.111664e-12
INDE trace(X-X^2) = 4.341416e-12
INDE trace(X) = 4.700000e+01
INDE Checking stopping criterion...   
INDE Order of convergence cannot be computed
TIDE stopping_criterion took      0.00 usr cpu s       0.00 sys cpu s       0.00 wall s
TIDE Iteration 34 took      0.03 usr cpu s       0.05 sys cpu s       0.01 wall s
INDE     ITERATION 35 :
TIDE purify_X took      0.00 usr cpu s       0.00 sys cpu s       0.00 wall s
TIDE truncate_matrix took      0.00 usr cpu s       0.00 sys cpu s       0.00 wall s
INDE Actual introduced error   0.000000e+00 : nnz before  116964 <-> 100.00 % , nnz after  116964 <-> 100.00 %
TIDE square took      0.02 usr cpu s       0.04 sys cpu s       0.01 wall s
INDE NNZ Xsq = 116964 <-> 100.00 %
TIDE Frobenius norm of X-X^2 took      0.00 usr cpu s       0.00 sys cpu s       0.00 wall s
TIDE Mixed norm of X-X^2 took      0.00 usr cpu s       0.00 sys cpu s       0.00 wall s
TIDE Trace of X-X^2 took      0.00 usr cpu s       0.00 sys cpu s       0.00 wall s
INDE ||X-X^2||_F = 2.206637e-15 , ||X-X^2||_mixed = 0.000000e+00
INDE trace(X-X^2) = -7.105427e-15
INDE trace(X) = 4.700000e+01
INDE Checking stopping criterion...   
INDE ************************************************************************************************************
INDE The norm value went much below machine precision, therefore we stop here since n_max can be underestimated.
INDE ************************************************************************************************************
INDE e_i =0.000000e+00, C*e_{i-1}^q = 7.904259e-23
INDE Order of convergence = inf, stop = 1
TIDE stopping_criterion took      0.00 usr cpu s       0.00 sys cpu s       0.00 wall s
INDE PURIFICATION CONVERGED after 35 iterations
TIDE Iteration 35 took      0.02 usr cpu s       0.05 sys cpu s       0.01 wall s
INDE Number of non-zeros in D is  116964 <-> 100.00 %
TIDE FileWritable::writeAndReadAll took      0.00 usr cpu s       0.00 sys cpu s       0.00 wall s
INDE writeAndReadAll sizesStr: '0 MB (1 MatrixGeneral, 0 > 1 MB) + 0 MB (13 MatrixSymmetric, 0 > 1 MB) + 0 MB (2 VectorGeneral, 0 > 1 MB) = 0 MB (16 total, 0 > 1 MB)
INDE TOTAL accumulated subspace error is 0.000000e+00
INDE TOTAL X square time: 0.341792 wall s
INDE TOTAL X trunction time: 0.008690 wall s
INDE TOTAL X purify (exl. X^2 computation) time: 0.008232 wall s
INDE TOTAL time to get number of non-zero elements: 0.001587 wall s
INDE TOTAL time to get mixed norm: 0.094578 wall s
INDE TOTAL time to get Frobenius norm: 0.010613 wall s
INDE TOTAL time for stopping criterion: 0.001663 wall s
INDE TOTAL time to get matrix trace: 0.000823 wall s
INDE Estimated bounds for the eigenvalues for the Fock matrix:
INDE LUMO: [ 0.035549857182 , 0.056524746428 ]
INDE HOMO: [ -0.357276930687 , -0.348180571761 ]
TIDE eigenvalue_bounds_estimation() took      0.00 usr cpu s       0.00 sys cpu s       0.00 wall s
TIDE Recursive expansion took      1.02 usr cpu s       2.68 sys cpu s       0.54 wall s
TIDE Puri->PurificationStart() took      1.02 usr cpu s       2.68 sys cpu s       0.54 wall s
TIDE Accumulated wall times for writeToFile in PurificationStart()          : 0 s (MatrixGeneral) + 6.2e-06 s (MatrixSymmetric) + 0.00013 s (VectorGeneral) = 0.00014 s
TIDE Accumulated wall times for readFromFile in PurificationStart()         : 0 s (MatrixGeneral) + 9.5e-07 s (MatrixSymmetric) + 4.8e-05 s (VectorGeneral) = 4.9e-05 s
TIDE Accumulated wall times for copy and assign in PurificationStart()      : 1.9e-06 s (MatrixSymmetric) + 6.7e-05 s (VectorGeneral) = 6.8e-05 s
INDE Number of calls to writeToFile in PurificationStart()                  : 2 (MatrixGeneral) + 27 (MatrixSymmetric) + 1448 (VectorGeneral) = 1477 
INDE Number of calls to readFromFile in PurificationStart()                 : 2 (MatrixGeneral) + 26 (MatrixSymmetric) + 560 (VectorGeneral) = 588 
INDE Number of calls to FileWritable copy and assign in PurificationStart() : 2 (MatrixSymmetric) + 37 (VectorGeneral) = 39 
TIDE mat::Gblas::time after purification :     2.557729
INDE Created .m files with results of the purification
INDE Purification converged OK, subspaceError <=          0.00000000000
INDE E(LUMO) - E(HOMO) >=          0.38373042894 =         10.44183696621 eV
INDE E(LUMO) - E(HOMO) <=          0.41380167712 =         11.26011731905 eV
INDE HOMO interval : [   -0.357276930687   -0.348180571761 ]
INDE LUMO interval : [    0.035549857182    0.056524746428 ]
INDE Trace of resulting density matrix is         47.00000000000, error is   0.00000000000000.
INDE Truncated D_ort ( mixed ), selected threshold = 9.99999e-08, returned error =          0, nnz before = 116964 <-> 100.0000 %, nnz after = 116964 <-> 100.0000 %
TIDE FileWritable::writeAndReadAll took      0.00 usr cpu s       0.00 sys cpu s       0.00 wall s
INDE writeAndReadAll sizesStr: '0 MB (1 MatrixGeneral, 0 > 1 MB) + 0 MB (12 MatrixSymmetric, 0 > 1 MB) + 0 MB (1 MatrixTriangular, 0 > 1 MB) = 0 MB (14 total, 0 > 1 MB)
TIDE D_w to non-orthogonal basis took      0.01 usr cpu s       0.05 sys cpu s       0.01 wall s
INDE Truncated D_S (eucl with Z), selected threshold = 9.99999e-08, returned error =          0, nnz before = 100.0000 %, nnz after = 100.0000 %
INDE get_dens_from_fock_sparse ending OK
TIDE get_dens_from_fock_sparse took      1.29 usr cpu s       3.78 sys cpu s       0.75 wall s
ERDE get_dens_from_fock  (GetDensFromFock class) : purification finished OK.
TIDE get_dens_from_fock took      1.29 usr cpu s       3.79 sys cpu s       0.75 wall s
INSC Matrix 'new density matrix' ( symm ): n =    342, nnz =       116964 <-> 100.00 %, mem usage  0.0005 G
INSC Tr( D * S ) =         93.99999999994
TISC get_new_density_matrix took      1.29 usr cpu s       3.79 sys cpu s       0.75 wall s
INSC SCF_restricted::report_density_difference, diff_eucl =          0.00051954725
TISC SCF_restricted::report_density_difference took      0.03 usr cpu s       0.08 sys cpu s       0.02 wall s
INMA ddf_writeShellListAndDensityMatricesToFile_sparse, n =    342, densityMatrixList[0].nvalues =       58653
INMA opened temporary file 'density.bin.NV0LdL' for writing
INMA Choosing matrixStorageType = MATRIX_STORAGE_TYPE_TRIANGLE.
INMA fileSize =          560392 bytes =      0.560 MegaBytes
INMA renamed file 'density.bin.NV0LdL' to 'density.bin'
INMA ddf_writeShellListAndDensityMatricesToFile_sparse freeing buffer.
INMA ddf_writeShellListAndDensityMatricesToFile_sparse returning OK.
TISC write_density_to_file took      0.01 usr cpu s       0.05 sys cpu s       0.01 wall s
INSC Creating mtx file for Fock matrix
INSC Creating mtx file for density matrix
INSC SCF cycle   9 finished.
TISC SCF cycle   9 took    963.55 usr cpu s       6.73 sys cpu s     153.68 wall s
INSC Beginning of SCF cycle 10:  Thu Dec 18 16:11:23 2025
INDE compute_J_by_boxes_sparse() start.
TIDE FileWritable::writeAndReadAll took      0.00 usr cpu s       0.00 sys cpu s       0.00 wall s
INDE writeAndReadAll: '0 MB (1 MatrixGeneral, 0 > 1 MB) + 0 MB (11 MatrixSymmetric, 0 > 1 MB) = 0 MB (12 total, 0 > 1 MB)
IN   compute_J_by_boxes_sparse, maxDensityMatrixElement =         22.35812055038
ININ get_basis_func_pair_list, n =    342
ININ create_box_system end OK, toplevelBoxSize:   7.0, #levels:  3, #boxes at top level:      6
TIIN get_basis_func_pair_list_2el took      0.17 usr cpu s       0.00 sys cpu s       0.17 wall s
IN   compute_J_by_boxes_sparse: noOfBasisFuncIndexPairs = 52606 ==> storing  44.98 % of a full matrix
ININ entering compute_J_by_boxes_linear, no of basis funcs =   342, threshold_J =   1e-12
ININ use_fmm = 1, fmm_box_size =   5.00
TIIN Compute extent for all distrs took      0.47 usr cpu s       0.00 sys cpu s       0.47 wall s
ININ extent_min =    0.000, extent_max =   19.778
ININ Creating list of distributions etc done, distrCount =    353701
TIIN Creating list of distributions etc took      0.69 usr cpu s       0.02 sys cpu s       0.71 wall s
ININ create_box_system end OK, toplevelBoxSize:   5.0, #levels:  3, #boxes at top level:     10
TIIN Creating boxes took      0.04 usr cpu s       0.01 sys cpu s       0.05 wall s
ININ noOfBranches = 5, splitters:  10.00  5.00  2.50  0.00
ININ J org done, groupCount =    15565
TIIN J org took      1.59 usr cpu s       0.00 sys cpu s       1.62 wall s
TIIN Generate group multipoles took      0.66 usr cpu s       0.00 sys cpu s       0.66 wall s
ININ totChargeWholeSystem =          0.00000000000
ININ Generating multipole for each branch at top level, MAX_MULTIPOLE_DEGREE = 15
TIIN Translate multipoles (step 1) took      0.46 usr cpu s       0.00 sys cpu s       0.46 wall s
TIIN Translate multipoles (step 2) took      0.08 usr cpu s       0.00 sys cpu s       0.08 wall s
ININ job lists for J created OK, noOfJobs_J_standard =     1255, noOfJobs_J_multipole =       40
TIIN Creating job lists for J took      0.00 usr cpu s       0.00 sys cpu s       0.00 wall s
ININ execute_joblist_J_std_threaded, noOfThreads =  8
ININ 8 threads started OK.
ININ all 8 threads have finished.
TIIN execute_joblist_J_std_threaded took    224.36 usr cpu s       0.27 sys cpu s      36.53 wall s
TIIN sort_list_of_multipole_jobs init part took      0.00 usr cpu s       0.00 sys cpu s       0.00 wall s
TIIN sort_list_of_multipole_jobs complete took      0.00 usr cpu s       0.00 sys cpu s       0.00 wall s
TIIN sort_list_of_multipole_jobs took      0.00 usr cpu s       0.00 sys cpu s       0.00 wall s
ININ execute_joblist_J_fmm_shared: Allocating multipoleList_4, maxnoOfMinimalDistrsPerBoxBranch =     65422
ININ execute_joblist_J_fmm_shared: jobIndexLo =            0, jobIndexHi =            5
ININ execute_joblist_J_fmm_shared: Allocating multipoleList_4, maxnoOfMinimalDistrsPerBoxBranch =     65422
ININ execute_joblist_J_fmm_shared: jobIndexLo =            5, jobIndexHi =           10
ININ execute_joblist_J_fmm_shared: Allocating multipoleList_4, maxnoOfMinimalDistrsPerBoxBranch =     65422
ININ execute_joblist_J_fmm_shared: jobIndexLo =           10, jobIndexHi =           15
ININ execute_joblist_J_fmm_shared: Allocating multipoleList_4, maxnoOfMinimalDistrsPerBoxBranch =     65422
ININ execute_joblist_J_fmm_shared: jobIndexLo =           15, jobIndexHi =           20
ININ execute_joblist_J_fmm_shared: Allocating multipoleList_4, maxnoOfMinimalDistrsPerBoxBranch =     65422
ININ execute_joblist_J_fmm_shared: jobIndexLo =           20, jobIndexHi =           25
ININ execute_joblist_J_fmm_shared: Allocating multipoleList_4, maxnoOfMinimalDistrsPerBoxBranch =     65422
ININ execute_joblist_J_fmm_shared: jobIndexLo =           25, jobIndexHi =           30
ININ execute_joblist_J_fmm_shared: Allocating multipoleList_4, maxnoOfMinimalDistrsPerBoxBranch =     65422
ININ execute_joblist_J_fmm_shared: jobIndexLo =           30, jobIndexHi =           35
ININ execute_joblist_J_fmm_shared: Allocating multipoleList_4, maxnoOfMinimalDistrsPerBoxBranch =     65422
ININ execute_joblist_J_fmm_shared: jobIndexLo =           35, jobIndexHi =           40
ININ execute_joblist_J_fmm_shared: done!
ININ execute_joblist_J_fmm_shared: done!
ININ execute_joblist_J_fmm_shared: done!
ININ execute_joblist_J_fmm_shared: done!
ININ execute_joblist_J_fmm_shared: done!
ININ execute_joblist_J_fmm_shared: done!
ININ execute_joblist_J_fmm_shared: done!
ININ execute_joblist_J_fmm_shared: done!
ININ multipole job list for J executed, largest L used: 12
TIIN Executing multipole job list for J took      0.32 usr cpu s       0.00 sys cpu s       0.14 wall s
ININ compute_J_by_boxes_linear ending OK.
TIIN compute_J_by_boxes_linear took    228.22 usr cpu s       0.30 sys cpu s      40.26 wall s
TI   compute_J_by_boxes_sparse total took    228.40 usr cpu s       0.30 sys cpu s      40.44 wall s
ININ entering create_CSR_for_K, no of basis funcs =   342, threshold_K =   1e-12
ININ create_box_system end OK, toplevelBoxSize:   7.0, #levels:  3, #boxes at top level:      6
ININ create_box_system end OK, toplevelBoxSize:   7.0, #levels:  3, #boxes at top level:      6
ININ create_box_system end OK, toplevelBoxSize:   7.0, #levels:  3, #boxes at top level:      6
TIIN create_CSR_for_K getting list of distrs took      0.46 usr cpu s       0.01 sys cpu s       0.47 wall s
ININ list of neighbors complete.
TIIN create_CSR_for_K getting list of neighbors took      0.00 usr cpu s       0.00 sys cpu s       0.00 wall s
TIIN create_CSR_for_K sort each list of neighbors took      0.06 usr cpu s       0.00 sys cpu s       0.06 wall s
ININ 8 threads started OK.
TIIN identify_needed_elements() took    587.45 usr cpu s       0.75 sys cpu s      79.68 wall s
ININ computing nnz..
ININ create_CSR_for_K: predicted nnz =        58653, <->  50.15% of a full matrix
TIIN create_CSR_for_K last part took      0.00 usr cpu s       0.00 sys cpu s       0.00 wall s
TIIN create_CSR_for_K total took    587.97 usr cpu s       0.76 sys cpu s      80.22 wall s
ININ entering compute_K_by_boxes, no of basis funcs =   342, threshold_K =   1e-12, exchange_box_size =   5.00
ININ create_box_system end OK, toplevelBoxSize:   7.0, #levels:  3, #boxes at top level:      6
ININ create_box_system end OK, toplevelBoxSize:   7.0, #levels:  3, #boxes at top level:      6
ININ create_box_system end OK, toplevelBoxSize:   7.0, #levels:  3, #boxes at top level:      6
TIIN Compute extent for all distrs took      0.47 usr cpu s       0.00 sys cpu s       0.47 wall s
ININ Creating list of distributions done, distrCountTot =    353701
TIIN Creating list of distributions took      0.75 usr cpu s       0.00 sys cpu s       0.75 wall s
ININ create_box_system end OK, toplevelBoxSize:   5.0, #levels:  3, #boxes at top level:     10
ININ create_box_system end OK, toplevelBoxSize:   2.5, #levels:  4, #boxes at top level:     16
ININ noOfLevelsBasisFuncs = 4, noOfLevelsDiff = 1
TIIN Creating boxes etc took      0.04 usr cpu s       0.00 sys cpu s       0.04 wall s
TIIN getting multipoleNormVectorList took      0.74 usr cpu s       0.00 sys cpu s       0.74 wall s
TIIN K organize_distributions for all boxes took      1.99 usr cpu s       0.01 sys cpu s       2.00 wall s
ININ starting loop to setup basisFuncGroupInfoList, with added index checks.
TIIN GetLimitsAllLevels took      0.32 usr cpu s       0.00 sys cpu s       0.32 wall s
ININ getDmatLimitMatrixCSRList start.
TIIN getting densityMatrixLimitMatrixList took      0.02 usr cpu s       0.00 sys cpu s       0.02 wall s
ININ job list for K created,       55 jobs
TIIN creating job list for K took      0.00 usr cpu s       0.00 sys cpu s       0.00 wall s
ININ execute_joblist_K_threaded, noOfThreads =  8, basisFuncListCount_max =   325
ININ 8 threads started OK.
ININ all 8 threads have finished, took       30 wall s.
TIIN Executing job list for K took    148.79 usr cpu s       0.15 sys cpu s      30.23 wall s
TIIN compute_K_by_boxes took    152.66 usr cpu s       0.16 sys cpu s      34.11 wall s
TI   compute_K_by_boxes_sparse total took    740.66 usr cpu s       0.92 sys cpu s     114.35 wall s
INSC About to truncate FockMatrix, gap of Fprev >=          0.38373042894
TISC symmMatrix::mixed_diff for F vs Fprev maxEigValMovement_mixed took      0.00 usr cpu s       0.00 sys cpu s       0.00 wall s
TISC symmMatrix::eucl_diff for maxEigValMovement_eucl  took      0.04 usr cpu s       0.16 sys cpu s       0.03 wall s
INSC maxEigValMovement_frob  =          0.00006874931
INSC maxEigValMovement_mixed =          0.00005623469
INSC maxEigValMovement_eucl  =          0.00003375576
TISC FockMatrix.eucl_thresh() (with Z) took      0.14 usr cpu s       0.51 sys cpu s       0.11 wall s
INSC Truncated FockMatrix (eucl with Z), selected threshold = 3.83663e-08, returned error =          0, nnz before = 100.0000 %, nnz after = 100.0000 %
INSC Matrix 'S' ( symm ): n =    342, nnz =       116964 <-> 100.00 %, mem usage  0.0005 G
INSC Matrix 'F' ( symm ): n =    342, nnz =       116964 <-> 100.00 %, mem usage  0.0005 G
INSC Matrix 'D' ( symm ): n =    342, nnz =       116964 <-> 100.00 %, mem usage  0.0005 G
INSC nuclearEnergy, energy_2el, energy = 782.160484, 1007.253438, -645.112846
INSC Energy  10 =       -645.11284581259  ( diff     -0.000000001115950 )
INSC calling compute_FDSminusSDF_sparse, n = 342
INDE compute_FDSminusSDF_sparse() start.
TIDE FileWritable::writeAndReadAll took      0.00 usr cpu s       0.00 sys cpu s       0.00 wall s
INDE writeAndReadAll: '0 MB (1 MatrixGeneral, 0 > 1 MB) + 0 MB (9 MatrixSymmetric, 0 > 1 MB) = 0 MB (10 total, 0 > 1 MB)
TISC compute_FDSminusSDF_sparse, F*D mult took      0.02 usr cpu s       0.08 sys cpu s       0.01 wall s
INSC Matrix 'FD before eucl truncation' (normal): n =    342, nnz =       116964 <-> 100.00 %, mem usage  0.0009 G
INSC Matrix 'FD after  eucl truncation' (normal): n =    342, nnz =       116964 <-> 100.00 %, mem usage  0.0009 G
INSC Matrix 'FDS before eucl truncation' (normal): n =    342, nnz =       116964 <-> 100.00 %, mem usage  0.0009 G
INSC Matrix 'FDS after  eucl truncation' (normal): n =    342, nnz =       116964 <-> 100.00 %, mem usage  0.0009 G
INSC compute_FDSminusSDF_sparse ending OK.
TISC compute_FDSminusSDF_sparse took      0.09 usr cpu s       0.30 sys cpu s       0.05 wall s
INSC Matrix 'FDS-SDF' (normal): n =    342, nnz =       116964 <-> 100.00 %, mem usage  0.0009 G
INSC SCF_restricted::get_FDSminusSDF finished.
TISC get_FDSminusSDF took      0.09 usr cpu s       0.30 sys cpu s       0.05 wall s
INSC maxabs FDS-SDF is 2.49e-06
INSC frob   FDS-SDF is 3.69e-05
TISC get_error_measure took      0.00 usr cpu s       0.01 sys cpu s       0.00 wall s
INSC entering DIISManagerRestricted::AddIterationToList, IterCount =  9
INSC DIISManagerRestricted::AddIterationToList ending OK.
TISC DIISManagerRestricted::AddIterationToList took      0.01 usr cpu s       0.02 sys cpu s       0.00 wall s
INSC using DIIS to get combined Fock matrix, number of iters used for DIIS: 10
TISC clear_error_matrices took      0.00 usr cpu s       0.00 sys cpu s       0.00 wall s
TISC save_current_fock_as_fprev took      0.00 usr cpu s       0.00 sys cpu s       0.00 wall s
INDE get_dens_from_fock_general, n = 342, use_diagonalization = 0, use_diag_on_error = 1
INDE Before writeAndReadAll(): AllocatorManager statistics:  noOfRealsPerBuffer: 1024 noOfBuffers: 20000 list.size(): 1. Allocated: 0.164 GB, Used: 0.0181 GB, Peak alloc: 0.164 GB.
TIDE FileWritable::writeAndReadAll took      0.00 usr cpu s       0.00 sys cpu s       0.00 wall s
INDE writeAndReadAll sizesStr: '0 MB (1 MatrixGeneral, 0 > 1 MB) + 0 MB (7 MatrixSymmetric, 0 > 1 MB) = 0 MB (8 total, 0 > 1 MB)
INDE After writeAndReadAll(): AllocatorManager statistics:  noOfRealsPerBuffer: 1024 noOfBuffers: 20000 list.size(): 1. Allocated: 0.164 GB, Used: 0.0181 GB, Peak alloc: 0.164 GB.
INDE calling get_dens_from_fock_sparse, n =    342, subspaceErrorLimit = 1e-06
INDE get_dens_from_fock_sparse() start!
INDE After F.readFromFile(): AllocatorManager statistics:  noOfRealsPerBuffer: 1024 noOfBuffers: 20000 list.size(): 1. Allocated: 0.164 GB, Used: 0.0181 GB, Peak alloc: 0.164 GB.
INDE After creating wrapper MatrixType F_w(F): AllocatorManager statistics:  noOfRealsPerBuffer: 1024 noOfBuffers: 20000 list.size(): 1. Allocated: 0.164 GB, Used: 0.0186 GB, Peak alloc: 0.164 GB.
TIDE  F_w to orthogonal basis took      0.01 usr cpu s       0.05 sys cpu s       0.01 wall s
TIDE MatrixType::mixed_diff for maxEigValMovement_mixed took      0.00 usr cpu s       0.01 sys cpu s       0.00 wall s
TIDE symmMatrixWrap::eucl_diff for maxEigValMovement_eucl  took      0.14 usr cpu s       0.57 sys cpu s       0.09 wall s
INDE maxEigValMovement_frob  =          0.00003467238
INDE maxEigValMovement_mixed =          0.00002198147
INDE maxEigValMovement_eucl  =          0.00000657829
INDE lumo before truncation: [ 0.035543278887 , 0.056531324723 ]
INDE homo before truncation: [ -0.357283508982 , -0.348173993466 ]
INDE Truncate matrix F and update intervals for homo and lumo.
INDE Truncating F_ort ( mixed ), selected threshold = 3.83717e-08
INDE Truncated F_ort ( mixed ), selected threshold = 3.83717e-08, returned error =          0, nnz before = 100.0000 %, nnz after = 100.0000 %
TIDE Truncation of F_ort took      0.00 usr cpu s       0.00 sys cpu s       0.00 wall s
INDE Chosen Ergo Wrapper
INDE Creating purification object: N = 342 , nocc = 47 , NNZ = 116964  <-> 100.00000 %
INDE Chosen norm for the truncation: 
INDE mixed
INDE Chosen norm for the stopping criterion: 
INDE mixed
INDE Chosen the NEW stopping criterion.
INDE Allowed error in subspace 7.000000e-07
INDE Chosen SP2 purification method
INDE calling Puri->PurificationStart(), number of threads = 1, trunc norm 'mixed'
TIDE gershgorin took      0.00 usr cpu s       0.00 sys cpu s       0.00 wall s
INDE Gershgorin bounds: [ -59.820858321756 , 100.436330903208 ]
INDE EXPANDED Gershgorin bounds: [ -59.820858336657 , 100.436330918110 ]
INDE Trying to impove bounds using Lanczos algorithm...
TIDE compute_spectrum_bounds took      0.09 usr cpu s       0.36 sys cpu s       0.08 wall s
INDE Spectrum of F: 	 [ -20.624837490565 , 51.715199796773 ]
INDE Transform homo and lumo bounds...
INDE HOMO bounds of X: 	 [ 0.719703441449 , 0.719829367780 ]
INDE LUMO bounds of X: 	 [ 0.714108955555 , 0.714399085981 ]
INDE INIT LUMO: [ 0.714108955555 , 0.714399085981 ]
INDE INIT HOMO: [ 0.280170632220 , 0.280296558551 ]
INDE ESTIMATED NUMBER OF ITERATIONS IS 35
INDE Put eigenvalues of F to the interval [0,1] in reverse order.
TIDE compute_X() took      0.00 usr cpu s       0.00 sys cpu s       0.00 wall s
TIDE prepare_to_purification() took      0.10 usr cpu s       0.36 sys cpu s       0.08 wall s
INDE (EIGV,PARAMS) Requested 0 occipied eigenpair(s).
INDE (EIGV,PARAMS) Requested 0 unoccipied eigenpair(s).
TIDE prepare_to_purification_eigenvectors() took      0.00 usr cpu s       0.00 sys cpu s       0.00 wall s
INDE Starting recursive expansion
INDE     BEFORE ITERATIONS:
TIDE truncate_matrix took      0.00 usr cpu s       0.00 sys cpu s       0.00 wall s
INDE Actual introduced error   0.000000e+00 : nnz before  116964 <-> 100.00 % , nnz after  116964 <-> 100.00 %
TIDE square took      0.03 usr cpu s       0.08 sys cpu s       0.02 wall s
INDE NNZ Xsq = 116964 <-> 100.00 %
TIDE Frobenius norm of X-X^2 took      0.00 usr cpu s       0.00 sys cpu s       0.00 wall s
TIDE Mixed norm of X-X^2 took      0.00 usr cpu s       0.02 sys cpu s       0.00 wall s
TIDE Trace of X-X^2 took      0.00 usr cpu s       0.00 sys cpu s       0.00 wall s
INDE ||X-X^2||_F = 3.852014e+00 , ||X-X^2||_mixed = 1.286053e+00
INDE trace(X-X^2) = 7.012956e+01
INDE trace(X) = 2.342456e+02
TIDE Iteration 0 took      0.04 usr cpu s       0.10 sys cpu s       0.02 wall s
TIDE FileWritable::writeAndReadAll took      0.00 usr cpu s       0.00 sys cpu s       0.00 wall s
INDE writeAndReadAll sizesStr: '0 MB (1 MatrixGeneral, 0 > 1 MB) + 0 MB (13 MatrixSymmetric, 0 > 1 MB) + 0 MB (2 VectorGeneral, 0 > 1 MB) = 0 MB (16 total, 0 > 1 MB)
INDE     ITERATION 1 :
TIDE purify_X took      0.00 usr cpu s       0.00 sys cpu s       0.00 wall s
TIDE truncate_matrix took      0.00 usr cpu s       0.00 sys cpu s       0.00 wall s
INDE Actual introduced error   0.000000e+00 : nnz before  116964 <-> 100.00 % , nnz after  116964 <-> 100.00 %
TIDE square took      0.01 usr cpu s       0.04 sys cpu s       0.01 wall s
INDE NNZ Xsq = 116964 <-> 100.00 %
TIDE Frobenius norm of X-X^2 took      0.00 usr cpu s       0.00 sys cpu s       0.00 wall s
TIDE Mixed norm of X-X^2 took      0.00 usr cpu s       0.02 sys cpu s       0.00 wall s
TIDE Trace of X-X^2 took      0.00 usr cpu s       0.00 sys cpu s       0.00 wall s
INDE ||X-X^2||_F = 4.467938e+00 , ||X-X^2||_mixed = 1.460677e+00
INDE trace(X-X^2) = 8.127625e+01
INDE trace(X) = 1.641160e+02
TIDE Iteration 1 took      0.02 usr cpu s       0.07 sys cpu s       0.01 wall s
INDE     ITERATION 2 :
TIDE purify_X took      0.00 usr cpu s       0.00 sys cpu s       0.00 wall s
TIDE truncate_matrix took      0.00 usr cpu s       0.00 sys cpu s       0.00 wall s
INDE Actual introduced error   0.000000e+00 : nnz before  116964 <-> 100.00 % , nnz after  116964 <-> 100.00 %
TIDE square took      0.01 usr cpu s       0.05 sys cpu s       0.01 wall s
INDE NNZ Xsq = 116964 <-> 100.00 %
TIDE Frobenius norm of X-X^2 took      0.00 usr cpu s       0.00 sys cpu s       0.00 wall s
TIDE Mixed norm of X-X^2 took      0.00 usr cpu s       0.02 sys cpu s       0.00 wall s
TIDE Trace of X-X^2 took      0.00 usr cpu s       0.00 sys cpu s       0.00 wall s
INDE ||X-X^2||_F = 3.254698e+00 , ||X-X^2||_mixed = 1.135626e+00
INDE trace(X-X^2) = 5.849021e+01
INDE trace(X) = 8.283978e+01
INDE Checking stopping criterion...   
INDE Order of convergence cannot be computed
TIDE stopping_criterion took      0.00 usr cpu s       0.00 sys cpu s       0.00 wall s
TIDE Iteration 2 took      0.02 usr cpu s       0.07 sys cpu s       0.01 wall s
INDE     ITERATION 3 :
TIDE purify_X took      0.00 usr cpu s       0.00 sys cpu s       0.00 wall s
TIDE truncate_matrix took      0.00 usr cpu s       0.00 sys cpu s       0.00 wall s
INDE Actual introduced error   0.000000e+00 : nnz before  116964 <-> 100.00 % , nnz after  116964 <-> 100.00 %
TIDE square took      0.02 usr cpu s       0.04 sys cpu s       0.01 wall s
INDE NNZ Xsq = 116964 <-> 100.00 %
TIDE Frobenius norm of X-X^2 took      0.00 usr cpu s       0.00 sys cpu s       0.00 wall s
TIDE Mixed norm of X-X^2 took      0.00 usr cpu s       0.02 sys cpu s       0.00 wall s
TIDE Trace of X-X^2 took      0.00 usr cpu s       0.00 sys cpu s       0.00 wall s
INDE ||X-X^2||_F = 4.290382e+00 , ||X-X^2||_mixed = 1.444683e+00
INDE trace(X-X^2) = 7.741617e+01
INDE trace(X) = 1.413300e+02
INDE Checking stopping criterion...   
INDE Order of convergence cannot be computed
TIDE stopping_criterion took      0.00 usr cpu s       0.00 sys cpu s       0.00 wall s
TIDE Iteration 3 took      0.02 usr cpu s       0.06 sys cpu s       0.01 wall s
INDE     ITERATION 4 :
TIDE purify_X took      0.00 usr cpu s       0.00 sys cpu s       0.00 wall s
TIDE truncate_matrix took      0.00 usr cpu s       0.00 sys cpu s       0.00 wall s
INDE Actual introduced error   0.000000e+00 : nnz before  116964 <-> 100.00 % , nnz after  116964 <-> 100.00 %
TIDE square took      0.02 usr cpu s       0.03 sys cpu s       0.01 wall s
INDE NNZ Xsq = 116964 <-> 100.00 %
TIDE Frobenius norm of X-X^2 took      0.00 usr cpu s       0.00 sys cpu s       0.00 wall s
TIDE Mixed norm of X-X^2 took      0.00 usr cpu s       0.02 sys cpu s       0.00 wall s
TIDE Trace of X-X^2 took      0.00 usr cpu s       0.00 sys cpu s       0.00 wall s
INDE ||X-X^2||_F = 4.003286e+00 , ||X-X^2||_mixed = 1.405986e+00
INDE trace(X-X^2) = 7.177920e+01
INDE trace(X) = 2.187462e+02
INDE Checking stopping criterion...   
INDE Order of convergence cannot be computed
TIDE stopping_criterion took      0.00 usr cpu s       0.00 sys cpu s       0.00 wall s
TIDE Iteration 4 took      0.03 usr cpu s       0.05 sys cpu s       0.01 wall s
INDE     ITERATION 5 :
TIDE purify_X took      0.00 usr cpu s       0.00 sys cpu s       0.00 wall s
TIDE truncate_matrix took      0.00 usr cpu s       0.00 sys cpu s       0.00 wall s
INDE Actual introduced error   0.000000e+00 : nnz before  116964 <-> 100.00 % , nnz after  116964 <-> 100.00 %
TIDE square took      0.01 usr cpu s       0.05 sys cpu s       0.01 wall s
INDE NNZ Xsq = 116964 <-> 100.00 %
TIDE Frobenius norm of X-X^2 took      0.00 usr cpu s       0.00 sys cpu s       0.00 wall s
TIDE Mixed norm of X-X^2 took      0.00 usr cpu s       0.02 sys cpu s       0.00 wall s
TIDE Trace of X-X^2 took      0.00 usr cpu s       0.00 sys cpu s       0.00 wall s
INDE ||X-X^2||_F = 4.268876e+00 , ||X-X^2||_mixed = 1.493204e+00
INDE trace(X-X^2) = 7.626113e+01
INDE trace(X) = 1.469670e+02
INDE Checking stopping criterion...   
INDE Order of convergence cannot be computed
TIDE stopping_criterion took      0.00 usr cpu s       0.00 sys cpu s       0.00 wall s
TIDE Iteration 5 took      0.02 usr cpu s       0.07 sys cpu s       0.01 wall s
INDE     ITERATION 6 :
TIDE purify_X took      0.00 usr cpu s       0.00 sys cpu s       0.00 wall s
TIDE truncate_matrix took      0.00 usr cpu s       0.00 sys cpu s       0.00 wall s
INDE Actual introduced error   0.000000e+00 : nnz before  116964 <-> 100.00 % , nnz after  116964 <-> 100.00 %
TIDE square took      0.01 usr cpu s       0.04 sys cpu s       0.01 wall s
INDE NNZ Xsq = 116964 <-> 100.00 %
TIDE Frobenius norm of X-X^2 took      0.00 usr cpu s       0.00 sys cpu s       0.00 wall s
TIDE Mixed norm of X-X^2 took      0.00 usr cpu s       0.02 sys cpu s       0.00 wall s
TIDE Trace of X-X^2 took      0.00 usr cpu s       0.00 sys cpu s       0.00 wall s
INDE ||X-X^2||_F = 2.734228e+00 , ||X-X^2||_mixed = 1.096790e+00
INDE trace(X-X^2) = 4.779602e+01
INDE trace(X) = 7.070582e+01
INDE Checking stopping criterion...   
INDE Order of convergence cannot be computed
TIDE stopping_criterion took      0.00 usr cpu s       0.00 sys cpu s       0.00 wall s
TIDE Iteration 6 took      0.02 usr cpu s       0.07 sys cpu s       0.01 wall s
INDE     ITERATION 7 :
TIDE purify_X took      0.00 usr cpu s       0.00 sys cpu s       0.00 wall s
TIDE truncate_matrix took      0.00 usr cpu s       0.00 sys cpu s       0.00 wall s
INDE Actual introduced error   0.000000e+00 : nnz before  116964 <-> 100.00 % , nnz after  116964 <-> 100.00 %
TIDE square took      0.01 usr cpu s       0.04 sys cpu s       0.01 wall s
INDE NNZ Xsq = 116964 <-> 100.00 %
TIDE Frobenius norm of X-X^2 took      0.00 usr cpu s       0.00 sys cpu s       0.00 wall s
TIDE Mixed norm of X-X^2 took      0.00 usr cpu s       0.02 sys cpu s       0.00 wall s
TIDE Trace of X-X^2 took      0.00 usr cpu s       0.00 sys cpu s       0.00 wall s
INDE ||X-X^2||_F = 3.850807e+00 , ||X-X^2||_mixed = 1.464409e+00
INDE trace(X-X^2) = 6.763987e+01
INDE trace(X) = 1.185018e+02
INDE Checking stopping criterion...   
INDE Order of convergence cannot be computed
TIDE stopping_criterion took      0.00 usr cpu s       0.00 sys cpu s       0.00 wall s
TIDE Iteration 7 took      0.03 usr cpu s       0.06 sys cpu s       0.01 wall s
INDE     ITERATION 8 :
TIDE purify_X took      0.00 usr cpu s       0.00 sys cpu s       0.00 wall s
TIDE truncate_matrix took      0.00 usr cpu s       0.00 sys cpu s       0.00 wall s
INDE Actual introduced error   0.000000e+00 : nnz before  116964 <-> 100.00 % , nnz after  116964 <-> 100.00 %
TIDE square took      0.01 usr cpu s       0.05 sys cpu s       0.01 wall s
INDE NNZ Xsq = 116964 <-> 100.00 %
TIDE Frobenius norm of X-X^2 took      0.00 usr cpu s       0.00 sys cpu s       0.00 wall s
TIDE Mixed norm of X-X^2 took      0.00 usr cpu s       0.02 sys cpu s       0.00 wall s
TIDE Trace of X-X^2 took      0.00 usr cpu s       0.00 sys cpu s       0.00 wall s
INDE ||X-X^2||_F = 4.120478e+00 , ||X-X^2||_mixed = 1.498159e+00
INDE trace(X-X^2) = 7.299921e+01
INDE trace(X) = 1.861417e+02
INDE Checking stopping criterion...   
INDE Order of convergence cannot be computed
TIDE stopping_criterion took      0.00 usr cpu s       0.00 sys cpu s       0.00 wall s
TIDE Iteration 8 took      0.02 usr cpu s       0.07 sys cpu s       0.01 wall s
INDE     ITERATION 9 :
TIDE purify_X took      0.00 usr cpu s       0.00 sys cpu s       0.00 wall s
TIDE truncate_matrix took      0.00 usr cpu s       0.00 sys cpu s       0.00 wall s
INDE Actual introduced error   0.000000e+00 : nnz before  116964 <-> 100.00 % , nnz after  116964 <-> 100.00 %
TIDE square took      0.02 usr cpu s       0.04 sys cpu s       0.01 wall s
INDE NNZ Xsq = 116964 <-> 100.00 %
TIDE Frobenius norm of X-X^2 took      0.00 usr cpu s       0.00 sys cpu s       0.00 wall s
TIDE Mixed norm of X-X^2 took      0.01 usr cpu s       0.01 sys cpu s       0.00 wall s
TIDE Trace of X-X^2 took      0.00 usr cpu s       0.00 sys cpu s       0.00 wall s
INDE ||X-X^2||_F = 3.665701e+00 , ||X-X^2||_mixed = 1.504887e+00
INDE trace(X-X^2) = 6.284351e+01
INDE trace(X) = 1.131425e+02
INDE Checking stopping criterion...   
INDE Order of convergence cannot be computed
TIDE stopping_criterion took      0.00 usr cpu s       0.00 sys cpu s       0.00 wall s
TIDE Iteration 9 took      0.03 usr cpu s       0.06 sys cpu s       0.01 wall s
INDE     ITERATION 10 :
TIDE purify_X took      0.00 usr cpu s       0.00 sys cpu s       0.00 wall s
TIDE truncate_matrix took      0.00 usr cpu s       0.00 sys cpu s       0.00 wall s
INDE Actual introduced error   0.000000e+00 : nnz before  116964 <-> 100.00 % , nnz after  116964 <-> 100.00 %
TIDE square took      0.02 usr cpu s       0.04 sys cpu s       0.01 wall s
INDE NNZ Xsq = 116964 <-> 100.00 %
TIDE Frobenius norm of X-X^2 took      0.00 usr cpu s       0.00 sys cpu s       0.00 wall s
TIDE Mixed norm of X-X^2 took      0.00 usr cpu s       0.02 sys cpu s       0.00 wall s
TIDE Trace of X-X^2 took      0.00 usr cpu s       0.00 sys cpu s       0.00 wall s
INDE ||X-X^2||_F = 3.888186e+00 , ||X-X^2||_mixed = 1.520339e+00
INDE trace(X-X^2) = 6.812285e+01
INDE trace(X) = 1.759860e+02
INDE Checking stopping criterion...   
INDE Order of convergence cannot be computed
TIDE stopping_criterion took      0.00 usr cpu s       0.00 sys cpu s       0.00 wall s
TIDE Iteration 10 took      0.03 usr cpu s       0.06 sys cpu s       0.01 wall s
INDE     ITERATION 11 :
TIDE purify_X took      0.00 usr cpu s       0.00 sys cpu s       0.00 wall s
TIDE truncate_matrix took      0.00 usr cpu s       0.00 sys cpu s       0.00 wall s
INDE Actual introduced error   0.000000e+00 : nnz before  116964 <-> 100.00 % , nnz after  116964 <-> 100.00 %
TIDE square took      0.01 usr cpu s       0.05 sys cpu s       0.01 wall s
INDE NNZ Xsq = 116964 <-> 100.00 %
TIDE Frobenius norm of X-X^2 took      0.00 usr cpu s       0.00 sys cpu s       0.00 wall s
TIDE Mixed norm of X-X^2 took      0.01 usr cpu s       0.01 sys cpu s       0.00 wall s
TIDE Trace of X-X^2 took      0.00 usr cpu s       0.00 sys cpu s       0.00 wall s
INDE ||X-X^2||_F = 3.436156e+00 , ||X-X^2||_mixed = 1.550222e+00
INDE trace(X-X^2) = 5.634731e+01
INDE trace(X) = 1.078632e+02
INDE Checking stopping criterion...   
INDE Order of convergence cannot be computed
TIDE stopping_criterion took      0.00 usr cpu s       0.00 sys cpu s       0.00 wall s
TIDE Iteration 11 took      0.02 usr cpu s       0.06 sys cpu s       0.01 wall s
INDE     ITERATION 12 :
TIDE purify_X took      0.00 usr cpu s       0.00 sys cpu s       0.00 wall s
TIDE truncate_matrix took      0.00 usr cpu s       0.00 sys cpu s       0.00 wall s
INDE Actual introduced error   0.000000e+00 : nnz before  116964 <-> 100.00 % , nnz after  116964 <-> 100.00 %
TIDE square took      0.02 usr cpu s       0.10 sys cpu s       0.02 wall s
INDE NNZ Xsq = 116964 <-> 100.00 %
TIDE Frobenius norm of X-X^2 took      0.00 usr cpu s       0.00 sys cpu s       0.00 wall s
TIDE Mixed norm of X-X^2 took      0.00 usr cpu s       0.02 sys cpu s       0.00 wall s
TIDE Trace of X-X^2 took      0.00 usr cpu s       0.00 sys cpu s       0.00 wall s
INDE ||X-X^2||_F = 2.134021e+00 , ||X-X^2||_mixed = 1.203843e+00
INDE trace(X-X^2) = 2.958071e+01
INDE trace(X) = 5.151586e+01
INDE Checking stopping criterion...   
INDE Order of convergence cannot be computed
TIDE stopping_criterion took      0.00 usr cpu s       0.00 sys cpu s       0.00 wall s
TIDE Iteration 12 took      0.03 usr cpu s       0.12 sys cpu s       0.02 wall s
INDE     ITERATION 13 :
TIDE purify_X took      0.00 usr cpu s       0.00 sys cpu s       0.00 wall s
TIDE truncate_matrix took      0.00 usr cpu s       0.00 sys cpu s       0.00 wall s
INDE Actual introduced error   0.000000e+00 : nnz before  116964 <-> 100.00 % , nnz after  116964 <-> 100.00 %
TIDE square took      0.01 usr cpu s       0.04 sys cpu s       0.01 wall s
INDE NNZ Xsq = 116964 <-> 100.00 %
TIDE Frobenius norm of X-X^2 took      0.00 usr cpu s       0.00 sys cpu s       0.00 wall s
TIDE Mixed norm of X-X^2 took      0.00 usr cpu s       0.02 sys cpu s       0.00 wall s
TIDE Trace of X-X^2 took      0.00 usr cpu s       0.00 sys cpu s       0.00 wall s
INDE ||X-X^2||_F = 2.856447e+00 , ||X-X^2||_mixed = 1.476454e+00
INDE trace(X-X^2) = 4.203470e+01
INDE trace(X) = 8.109657e+01
INDE Checking stopping criterion...   
INDE Order of convergence cannot be computed
TIDE stopping_criterion took      0.00 usr cpu s       0.00 sys cpu s       0.00 wall s
TIDE Iteration 13 took      0.02 usr cpu s       0.07 sys cpu s       0.01 wall s
INDE     ITERATION 14 :
TIDE purify_X took      0.00 usr cpu s       0.00 sys cpu s       0.00 wall s
TIDE truncate_matrix took      0.00 usr cpu s       0.00 sys cpu s       0.00 wall s
INDE Actual introduced error   0.000000e+00 : nnz before  116964 <-> 100.00 % , nnz after  116964 <-> 100.00 %
TIDE square took      0.02 usr cpu s       0.04 sys cpu s       0.01 wall s
INDE NNZ Xsq = 116964 <-> 100.00 %
TIDE Frobenius norm of X-X^2 took      0.00 usr cpu s       0.00 sys cpu s       0.00 wall s
TIDE Mixed norm of X-X^2 took      0.01 usr cpu s       0.01 sys cpu s       0.00 wall s
TIDE Trace of X-X^2 took      0.00 usr cpu s       0.00 sys cpu s       0.00 wall s
INDE ||X-X^2||_F = 3.137433e+00 , ||X-X^2||_mixed = 1.633222e+00
INDE trace(X-X^2) = 4.810057e+01
INDE trace(X) = 1.231313e+02
INDE Checking stopping criterion...   
INDE Order of convergence cannot be computed
TIDE stopping_criterion took      0.00 usr cpu s       0.00 sys cpu s       0.00 wall s
TIDE Iteration 14 took      0.03 usr cpu s       0.05 sys cpu s       0.01 wall s
INDE     ITERATION 15 :
TIDE purify_X took      0.00 usr cpu s       0.00 sys cpu s       0.00 wall s
TIDE truncate_matrix took      0.00 usr cpu s       0.00 sys cpu s       0.00 wall s
INDE Actual introduced error   0.000000e+00 : nnz before  116964 <-> 100.00 % , nnz after  116964 <-> 100.00 %
TIDE square took      0.01 usr cpu s       0.04 sys cpu s       0.01 wall s
INDE NNZ Xsq = 116964 <-> 100.00 %
TIDE Frobenius norm of X-X^2 took      0.00 usr cpu s       0.00 sys cpu s       0.00 wall s
TIDE Mixed norm of X-X^2 took      0.01 usr cpu s       0.01 sys cpu s       0.00 wall s
TIDE Trace of X-X^2 took      0.00 usr cpu s       0.00 sys cpu s       0.00 wall s
INDE ||X-X^2||_F = 2.538328e+00 , ||X-X^2||_mixed = 1.427881e+00
INDE trace(X-X^2) = 3.388157e+01
INDE trace(X) = 7.503070e+01
INDE Checking stopping criterion...   
INDE Order of convergence cannot be computed
TIDE stopping_criterion took      0.00 usr cpu s       0.00 sys cpu s       0.00 wall s
TIDE Iteration 15 took      0.02 usr cpu s       0.06 sys cpu s       0.01 wall s
INDE     ITERATION 16 :
TIDE purify_X took      0.00 usr cpu s       0.00 sys cpu s       0.00 wall s
TIDE truncate_matrix took      0.00 usr cpu s       0.00 sys cpu s       0.00 wall s
INDE Actual introduced error   0.000000e+00 : nnz before  116964 <-> 100.00 % , nnz after  116964 <-> 100.00 %
TIDE square took      0.01 usr cpu s       0.04 sys cpu s       0.01 wall s
INDE NNZ Xsq = 116964 <-> 100.00 %
TIDE Frobenius norm of X-X^2 took      0.00 usr cpu s       0.00 sys cpu s       0.00 wall s
TIDE Mixed norm of X-X^2 took      0.00 usr cpu s       0.02 sys cpu s       0.00 wall s
TIDE Trace of X-X^2 took      0.00 usr cpu s       0.00 sys cpu s       0.00 wall s
INDE ||X-X^2||_F = 2.741272e+00 , ||X-X^2||_mixed = 1.619469e+00
INDE trace(X-X^2) = 3.724943e+01
INDE trace(X) = 1.089123e+02
INDE Checking stopping criterion...   
INDE Order of convergence cannot be computed
TIDE stopping_criterion took      0.00 usr cpu s       0.00 sys cpu s       0.00 wall s
TIDE Iteration 16 took      0.02 usr cpu s       0.06 sys cpu s       0.01 wall s
INDE     ITERATION 17 :
TIDE purify_X took      0.00 usr cpu s       0.00 sys cpu s       0.00 wall s
TIDE truncate_matrix took      0.00 usr cpu s       0.00 sys cpu s       0.00 wall s
INDE Actual introduced error   0.000000e+00 : nnz before  116964 <-> 100.00 % , nnz after  116964 <-> 100.00 %
TIDE square took      0.02 usr cpu s       0.08 sys cpu s       0.01 wall s
INDE NNZ Xsq = 116964 <-> 100.00 %
TIDE Frobenius norm of X-X^2 took      0.00 usr cpu s       0.00 sys cpu s       0.00 wall s
TIDE Mixed norm of X-X^2 took      0.02 usr cpu s       0.06 sys cpu s       0.01 wall s
TIDE Trace of X-X^2 took      0.00 usr cpu s       0.00 sys cpu s       0.00 wall s
INDE ||X-X^2||_F = 2.196868e+00 , ||X-X^2||_mixed = 1.348216e+00
INDE trace(X-X^2) = 2.633770e+01
INDE trace(X) = 7.166285e+01
INDE Checking stopping criterion...   
INDE Order of convergence cannot be computed
TIDE stopping_criterion took      0.00 usr cpu s       0.00 sys cpu s       0.00 wall s
TIDE Iteration 17 took      0.04 usr cpu s       0.14 sys cpu s       0.02 wall s
INDE     ITERATION 18 :
TIDE purify_X took      0.00 usr cpu s       0.00 sys cpu s       0.00 wall s
TIDE truncate_matrix took      0.00 usr cpu s       0.00 sys cpu s       0.00 wall s
INDE Actual introduced error   0.000000e+00 : nnz before  116964 <-> 100.00 % , nnz after  116964 <-> 100.00 %
TIDE square took      0.01 usr cpu s       0.07 sys cpu s       0.01 wall s
INDE NNZ Xsq = 116964 <-> 100.00 %
TIDE Frobenius norm of X-X^2 took      0.00 usr cpu s       0.00 sys cpu s       0.00 wall s
TIDE Mixed norm of X-X^2 took      0.00 usr cpu s       0.02 sys cpu s       0.00 wall s
TIDE Trace of X-X^2 took      0.00 usr cpu s       0.00 sys cpu s       0.00 wall s
INDE ||X-X^2||_F = 1.503685e+00 , ||X-X^2||_mixed = 1.049197e+00
INDE trace(X-X^2) = 1.465041e+01
INDE trace(X) = 4.532514e+01
INDE Checking stopping criterion...   
INDE Order of convergence cannot be computed
TIDE stopping_criterion took      0.00 usr cpu s       0.00 sys cpu s       0.00 wall s
TIDE Iteration 18 took      0.02 usr cpu s       0.09 sys cpu s       0.01 wall s
INDE     ITERATION 19 :
TIDE purify_X took      0.00 usr cpu s       0.00 sys cpu s       0.00 wall s
TIDE truncate_matrix took      0.00 usr cpu s       0.00 sys cpu s       0.00 wall s
INDE Actual introduced error   0.000000e+00 : nnz before  116964 <-> 100.00 % , nnz after  116964 <-> 100.00 %
TIDE square took      0.02 usr cpu s       0.03 sys cpu s       0.01 wall s
INDE NNZ Xsq = 116964 <-> 100.00 %
TIDE Frobenius norm of X-X^2 took      0.00 usr cpu s       0.00 sys cpu s       0.00 wall s
TIDE Mixed norm of X-X^2 took      0.00 usr cpu s       0.01 sys cpu s       0.00 wall s
TIDE Trace of X-X^2 took      0.00 usr cpu s       0.00 sys cpu s       0.00 wall s
INDE ||X-X^2||_F = 1.606135e+00 , ||X-X^2||_mixed = 1.077415e+00
INDE trace(X-X^2) = 1.666804e+01
INDE trace(X) = 5.997555e+01
INDE Checking stopping criterion...   
INDE Order of convergence cannot be computed
TIDE stopping_criterion took      0.00 usr cpu s       0.00 sys cpu s       0.00 wall s
TIDE Iteration 19 took      0.03 usr cpu s       0.05 sys cpu s       0.01 wall s
INDE     ITERATION 20 :
TIDE purify_X took      0.00 usr cpu s       0.00 sys cpu s       0.00 wall s
TIDE truncate_matrix took      0.00 usr cpu s       0.00 sys cpu s       0.00 wall s
INDE Actual introduced error   0.000000e+00 : nnz before  116964 <-> 100.00 % , nnz after  116964 <-> 100.00 %
TIDE square took      0.02 usr cpu s       0.03 sys cpu s       0.01 wall s
INDE NNZ Xsq = 116964 <-> 100.00 %
TIDE Frobenius norm of X-X^2 took      0.00 usr cpu s       0.00 sys cpu s       0.00 wall s
TIDE Mixed norm of X-X^2 took      0.00 usr cpu s       0.02 sys cpu s       0.00 wall s
TIDE Trace of X-X^2 took      0.00 usr cpu s       0.00 sys cpu s       0.00 wall s
INDE ||X-X^2||_F = 1.109688e+00 , ||X-X^2||_mixed = 8.472658e-01
INDE trace(X-X^2) = 8.649421e+00
INDE trace(X) = 4.330750e+01
INDE Checking stopping criterion...   
INDE Order of convergence cannot be computed
TIDE stopping_criterion took      0.00 usr cpu s       0.00 sys cpu s       0.00 wall s
TIDE Iteration 20 took      0.03 usr cpu s       0.05 sys cpu s       0.01 wall s
INDE     ITERATION 21 :
TIDE purify_X took      0.00 usr cpu s       0.00 sys cpu s       0.00 wall s
TIDE truncate_matrix took      0.00 usr cpu s       0.00 sys cpu s       0.00 wall s
INDE Actual introduced error   0.000000e+00 : nnz before  116964 <-> 100.00 % , nnz after  116964 <-> 100.00 %
TIDE square took      0.02 usr cpu s       0.04 sys cpu s       0.01 wall s
INDE NNZ Xsq = 116964 <-> 100.00 %
TIDE Frobenius norm of X-X^2 took      0.00 usr cpu s       0.00 sys cpu s       0.00 wall s
TIDE Mixed norm of X-X^2 took      0.01 usr cpu s       0.01 sys cpu s       0.00 wall s
TIDE Trace of X-X^2 took      0.00 usr cpu s       0.00 sys cpu s       0.00 wall s
INDE ||X-X^2||_F = 9.694039e-01 , ||X-X^2||_mixed = 7.162083e-01
INDE trace(X-X^2) = 8.394762e+00
INDE trace(X) = 5.195693e+01
INDE Checking stopping criterion...   
INDE Order of convergence cannot be computed
TIDE stopping_criterion took      0.00 usr cpu s       0.00 sys cpu s       0.00 wall s
TIDE Iteration 21 took      0.03 usr cpu s       0.06 sys cpu s       0.01 wall s
INDE     ITERATION 22 :
TIDE purify_X took      0.00 usr cpu s       0.00 sys cpu s       0.00 wall s
TIDE truncate_matrix took      0.00 usr cpu s       0.00 sys cpu s       0.00 wall s
INDE Actual introduced error   0.000000e+00 : nnz before  116964 <-> 100.00 % , nnz after  116964 <-> 100.00 %
TIDE square took      0.03 usr cpu s       0.03 sys cpu s       0.01 wall s
INDE NNZ Xsq = 116964 <-> 100.00 %
TIDE Frobenius norm of X-X^2 took      0.00 usr cpu s       0.00 sys cpu s       0.00 wall s
TIDE Mixed norm of X-X^2 took      0.00 usr cpu s       0.02 sys cpu s       0.00 wall s
TIDE Trace of X-X^2 took      0.00 usr cpu s       0.00 sys cpu s       0.00 wall s
INDE ||X-X^2||_F = 1.308118e+00 , ||X-X^2||_mixed = 9.750859e-01
INDE trace(X-X^2) = 1.060336e+01
INDE trace(X) = 6.035169e+01
INDE Checking stopping criterion...   
INDE Order of convergence cannot be computed
TIDE stopping_criterion took      0.00 usr cpu s       0.00 sys cpu s       0.00 wall s
TIDE Iteration 22 took      0.03 usr cpu s       0.05 sys cpu s       0.01 wall s
INDE     ITERATION 23 :
TIDE purify_X took      0.00 usr cpu s       0.00 sys cpu s       0.00 wall s
TIDE truncate_matrix took      0.00 usr cpu s       0.00 sys cpu s       0.00 wall s
INDE Actual introduced error   0.000000e+00 : nnz before  116964 <-> 100.00 % , nnz after  116964 <-> 100.00 %
TIDE square took      0.02 usr cpu s       0.04 sys cpu s       0.01 wall s
INDE NNZ Xsq = 116964 <-> 100.00 %
TIDE Frobenius norm of X-X^2 took      0.00 usr cpu s       0.00 sys cpu s       0.00 wall s
TIDE Mixed norm of X-X^2 took      0.00 usr cpu s       0.02 sys cpu s       0.00 wall s
TIDE Trace of X-X^2 took      0.00 usr cpu s       0.00 sys cpu s       0.00 wall s
INDE ||X-X^2||_F = 5.528689e-01 , ||X-X^2||_mixed = 4.415082e-01
INDE trace(X-X^2) = 3.713764e+00
INDE trace(X) = 4.974832e+01
INDE Checking stopping criterion...   
INDE e_i =4.415082e-01, C*e_{i-1}^q = 3.532820e+00
INDE Order of convergence = 8.230538, stop = 0
TIDE stopping_criterion took      0.00 usr cpu s       0.00 sys cpu s       0.00 wall s
TIDE Iteration 23 took      0.03 usr cpu s       0.06 sys cpu s       0.01 wall s
INDE     ITERATION 24 :
TIDE purify_X took      0.00 usr cpu s       0.00 sys cpu s       0.00 wall s
TIDE truncate_matrix took      0.00 usr cpu s       0.00 sys cpu s       0.00 wall s
INDE Actual introduced error   0.000000e+00 : nnz before  116964 <-> 100.00 % , nnz after  116964 <-> 100.00 %
TIDE square took      0.02 usr cpu s       0.03 sys cpu s       0.01 wall s
INDE NNZ Xsq = 116964 <-> 100.00 %
TIDE Frobenius norm of X-X^2 took      0.00 usr cpu s       0.00 sys cpu s       0.00 wall s
TIDE Mixed norm of X-X^2 took      0.01 usr cpu s       0.01 sys cpu s       0.00 wall s
TIDE Trace of X-X^2 took      0.00 usr cpu s       0.00 sys cpu s       0.00 wall s
INDE ||X-X^2||_F = 3.562224e-01 , ||X-X^2||_mixed = 3.225705e-01
INDE trace(X-X^2) = 1.459670e+00
INDE trace(X) = 4.603456e+01
INDE Checking stopping criterion...   
INDE Order of convergence cannot be computed
TIDE stopping_criterion took      0.00 usr cpu s       0.00 sys cpu s       0.00 wall s
TIDE Iteration 24 took      0.04 usr cpu s       0.04 sys cpu s       0.01 wall s
INDE     ITERATION 25 :
TIDE purify_X took      0.00 usr cpu s       0.00 sys cpu s       0.00 wall s
TIDE truncate_matrix took      0.00 usr cpu s       0.00 sys cpu s       0.00 wall s
INDE Actual introduced error   0.000000e+00 : nnz before  116964 <-> 100.00 % , nnz after  116964 <-> 100.00 %
TIDE square took      0.01 usr cpu s       0.04 sys cpu s       0.01 wall s
INDE NNZ Xsq = 116964 <-> 100.00 %
TIDE Frobenius norm of X-X^2 took      0.00 usr cpu s       0.00 sys cpu s       0.00 wall s
TIDE Mixed norm of X-X^2 took      0.00 usr cpu s       0.01 sys cpu s       0.00 wall s
TIDE Trace of X-X^2 took      0.00 usr cpu s       0.00 sys cpu s       0.00 wall s
INDE ||X-X^2||_F = 1.792361e-01 , ||X-X^2||_mixed = 1.540887e-01
INDE trace(X-X^2) = 8.442983e-01
INDE trace(X) = 4.749423e+01
INDE Checking stopping criterion...   
INDE e_i =1.540887e-01, C*e_{i-1}^q = 1.342518e+00
INDE Order of convergence = 4.647851, stop = 0
TIDE stopping_criterion took      0.00 usr cpu s       0.00 sys cpu s       0.00 wall s
TIDE Iteration 25 took      0.02 usr cpu s       0.06 sys cpu s       0.01 wall s
INDE     ITERATION 26 :
TIDE purify_X took      0.00 usr cpu s       0.00 sys cpu s       0.00 wall s
TIDE truncate_matrix took      0.00 usr cpu s       0.00 sys cpu s       0.00 wall s
INDE Actual introduced error   0.000000e+00 : nnz before  116964 <-> 100.00 % , nnz after  116964 <-> 100.00 %
TIDE square took      0.01 usr cpu s       0.05 sys cpu s       0.01 wall s
INDE NNZ Xsq = 116964 <-> 100.00 %
TIDE Frobenius norm of X-X^2 took      0.00 usr cpu s       0.00 sys cpu s       0.00 wall s
TIDE Mixed norm of X-X^2 took      0.00 usr cpu s       0.02 sys cpu s       0.00 wall s
TIDE Trace of X-X^2 took      0.00 usr cpu s       0.00 sys cpu s       0.00 wall s
INDE ||X-X^2||_F = 2.835744e-01 , ||X-X^2||_mixed = 2.369075e-01
INDE trace(X-X^2) = 1.260308e+00
INDE trace(X) = 4.833853e+01
INDE Checking stopping criterion...   
INDE Order of convergence cannot be computed
TIDE stopping_criterion took      0.00 usr cpu s       0.00 sys cpu s       0.00 wall s
TIDE Iteration 26 took      0.02 usr cpu s       0.06 sys cpu s       0.01 wall s
INDE     ITERATION 27 :
TIDE purify_X took      0.00 usr cpu s       0.00 sys cpu s       0.00 wall s
TIDE truncate_matrix took      0.00 usr cpu s       0.00 sys cpu s       0.00 wall s
INDE Actual introduced error   0.000000e+00 : nnz before  116964 <-> 100.00 % , nnz after  116964 <-> 100.00 %
TIDE square took      0.02 usr cpu s       0.04 sys cpu s       0.01 wall s
INDE NNZ Xsq = 116964 <-> 100.00 %
TIDE Frobenius norm of X-X^2 took      0.00 usr cpu s       0.00 sys cpu s       0.00 wall s
TIDE Mixed norm of X-X^2 took      0.00 usr cpu s       0.01 sys cpu s       0.00 wall s
TIDE Trace of X-X^2 took      0.00 usr cpu s       0.00 sys cpu s       0.00 wall s
INDE ||X-X^2||_F = 3.436214e-02 , ||X-X^2||_mixed = 2.955859e-02
INDE trace(X-X^2) = 1.172660e-01
INDE trace(X) = 4.707822e+01
INDE Checking stopping criterion...   
INDE e_i =2.955859e-02, C*e_{i-1}^q = 1.635251e-01
INDE Order of convergence = 2.914644, stop = 0
TIDE stopping_criterion took      0.00 usr cpu s       0.00 sys cpu s       0.00 wall s
TIDE Iteration 27 took      0.03 usr cpu s       0.05 sys cpu s       0.01 wall s
INDE     ITERATION 28 :
TIDE purify_X took      0.00 usr cpu s       0.00 sys cpu s       0.00 wall s
TIDE truncate_matrix took      0.00 usr cpu s       0.00 sys cpu s       0.00 wall s
INDE Actual introduced error   0.000000e+00 : nnz before  116964 <-> 100.00 % , nnz after  116964 <-> 100.00 %
TIDE square took      0.01 usr cpu s       0.04 sys cpu s       0.01 wall s
INDE NNZ Xsq = 116964 <-> 100.00 %
TIDE Frobenius norm of X-X^2 took      0.00 usr cpu s       0.00 sys cpu s       0.00 wall s
TIDE Mixed norm of X-X^2 took      0.00 usr cpu s       0.01 sys cpu s       0.00 wall s
TIDE Trace of X-X^2 took      0.00 usr cpu s       0.00 sys cpu s       0.00 wall s
INDE ||X-X^2||_F = 2.687526e-02 , ||X-X^2||_mixed = 2.659759e-02
INDE trace(X-X^2) = 4.033922e-02
INDE trace(X) = 4.696095e+01
INDE Checking stopping criterion...   
INDE Order of convergence cannot be computed
TIDE stopping_criterion took      0.00 usr cpu s       0.00 sys cpu s       0.00 wall s
TIDE Iteration 28 took      0.02 usr cpu s       0.06 sys cpu s       0.01 wall s
INDE     ITERATION 29 :
TIDE purify_X took      0.00 usr cpu s       0.00 sys cpu s       0.00 wall s
TIDE truncate_matrix took      0.00 usr cpu s       0.00 sys cpu s       0.00 wall s
INDE Actual introduced error   0.000000e+00 : nnz before  116964 <-> 100.00 % , nnz after  116964 <-> 100.00 %
TIDE square took      0.02 usr cpu s       0.04 sys cpu s       0.01 wall s
INDE NNZ Xsq = 116964 <-> 100.00 %
TIDE Frobenius norm of X-X^2 took      0.00 usr cpu s       0.00 sys cpu s       0.00 wall s
TIDE Mixed norm of X-X^2 took      0.00 usr cpu s       0.01 sys cpu s       0.00 wall s
TIDE Trace of X-X^2 took      0.00 usr cpu s       0.00 sys cpu s       0.00 wall s
INDE ||X-X^2||_F = 1.059295e-03 , ||X-X^2||_mixed = 9.560085e-04
INDE trace(X-X^2) = 2.794395e-03
INDE trace(X) = 4.700129e+01
INDE Checking stopping criterion...   
INDE e_i =9.560085e-04, C*e_{i-1}^q = 6.017416e-03
INDE Order of convergence = 2.522422, stop = 0
TIDE stopping_criterion took      0.00 usr cpu s       0.00 sys cpu s       0.00 wall s
TIDE Iteration 29 took      0.03 usr cpu s       0.06 sys cpu s       0.01 wall s
INDE     ITERATION 30 :
TIDE purify_X took      0.00 usr cpu s       0.00 sys cpu s       0.00 wall s
TIDE truncate_matrix took      0.00 usr cpu s       0.00 sys cpu s       0.00 wall s
INDE Actual introduced error   0.000000e+00 : nnz before  116964 <-> 100.00 % , nnz after  116964 <-> 100.00 %
TIDE square took      0.02 usr cpu s       0.03 sys cpu s       0.01 wall s
INDE NNZ Xsq = 116964 <-> 100.00 %
TIDE Frobenius norm of X-X^2 took      0.00 usr cpu s       0.00 sys cpu s       0.00 wall s
TIDE Mixed norm of X-X^2 took      0.00 usr cpu s       0.01 sys cpu s       0.00 wall s
TIDE Trace of X-X^2 took      0.00 usr cpu s       0.00 sys cpu s       0.00 wall s
INDE ||X-X^2||_F = 1.120751e-03 , ||X-X^2||_mixed = 1.113095e-03
INDE trace(X-X^2) = 1.503536e-03
INDE trace(X) = 4.699850e+01
INDE Checking stopping criterion...   
INDE e_i =1.113095e-03, C*e_{i-1}^q = 4.872224e-03
INDE Order of convergence = 2.407067, stop = 0
TIDE stopping_criterion took      0.00 usr cpu s       0.00 sys cpu s       0.00 wall s
TIDE Iteration 30 took      0.03 usr cpu s       0.05 sys cpu s       0.01 wall s
INDE     ITERATION 31 :
TIDE purify_X took      0.00 usr cpu s       0.00 sys cpu s       0.00 wall s
TIDE truncate_matrix took      0.00 usr cpu s       0.00 sys cpu s       0.00 wall s
INDE Actual introduced error   0.000000e+00 : nnz before  116964 <-> 100.00 % , nnz after  116964 <-> 100.00 %
TIDE square took      0.02 usr cpu s       0.04 sys cpu s       0.01 wall s
INDE NNZ Xsq = 116964 <-> 100.00 %
TIDE Frobenius norm of X-X^2 took      0.00 usr cpu s       0.00 sys cpu s       0.00 wall s
TIDE Mixed norm of X-X^2 took      0.00 usr cpu s       0.01 sys cpu s       0.00 wall s
TIDE Trace of X-X^2 took      0.00 usr cpu s       0.00 sys cpu s       0.00 wall s
INDE ||X-X^2||_F = 1.408644e-06 , ||X-X^2||_mixed = 1.348567e-06
INDE trace(X-X^2) = 2.875302e-06
INDE trace(X) = 4.700000e+01
INDE Checking stopping criterion...   
INDE e_i =1.348567e-06, C*e_{i-1}^q = 6.294571e-06
INDE Order of convergence = 2.221588, stop = 0
TIDE stopping_criterion took      0.00 usr cpu s       0.00 sys cpu s       0.00 wall s
TIDE Iteration 31 took      0.03 usr cpu s       0.05 sys cpu s       0.01 wall s
INDE     ITERATION 32 :
TIDE purify_X took      0.00 usr cpu s       0.00 sys cpu s       0.00 wall s
TIDE truncate_matrix took      0.00 usr cpu s       0.00 sys cpu s       0.00 wall s
INDE Actual introduced error   0.000000e+00 : nnz before  116964 <-> 100.00 % , nnz after  116964 <-> 100.00 %
TIDE square took      0.02 usr cpu s       0.04 sys cpu s       0.01 wall s
INDE NNZ Xsq = 116964 <-> 100.00 %
TIDE Frobenius norm of X-X^2 took      0.00 usr cpu s       0.00 sys cpu s       0.00 wall s
TIDE Mixed norm of X-X^2 took      0.00 usr cpu s       0.01 sys cpu s       0.00 wall s
TIDE Trace of X-X^2 took      0.00 usr cpu s       0.00 sys cpu s       0.00 wall s
INDE ||X-X^2||_F = 1.895699e-06 , ||X-X^2||_mixed = 1.768433e-06
INDE trace(X-X^2) = 3.233876e-06
INDE trace(X) = 4.700000e+01
INDE Checking stopping criterion...   
INDE Order of convergence cannot be computed
TIDE stopping_criterion took      0.00 usr cpu s       0.00 sys cpu s       0.00 wall s
TIDE Iteration 32 took      0.03 usr cpu s       0.05 sys cpu s       0.01 wall s
INDE     ITERATION 33 :
TIDE purify_X took      0.00 usr cpu s       0.00 sys cpu s       0.00 wall s
TIDE truncate_matrix took      0.00 usr cpu s       0.00 sys cpu s       0.00 wall s
INDE Actual introduced error   0.000000e+00 : nnz before  116964 <-> 100.00 % , nnz after  116964 <-> 100.00 %
TIDE square took      0.01 usr cpu s       0.04 sys cpu s       0.01 wall s
INDE NNZ Xsq = 116964 <-> 100.00 %
TIDE Frobenius norm of X-X^2 took      0.00 usr cpu s       0.00 sys cpu s       0.00 wall s
TIDE Mixed norm of X-X^2 took      0.00 usr cpu s       0.01 sys cpu s       0.00 wall s
TIDE Trace of X-X^2 took      0.00 usr cpu s       0.00 sys cpu s       0.00 wall s
INDE ||X-X^2||_F = 3.470745e-12 , ||X-X^2||_mixed = 3.387964e-12
INDE trace(X-X^2) = 5.776712e-12
INDE trace(X) = 4.700000e+01
INDE Checking stopping criterion...   
INDE e_i =3.387964e-12, C*e_{i-1}^q = 1.252528e-11
INDE Order of convergence = 2.096735, stop = 0
TIDE stopping_criterion took      0.00 usr cpu s       0.00 sys cpu s       0.00 wall s
TIDE Iteration 33 took      0.02 usr cpu s       0.05 sys cpu s       0.01 wall s
INDE     ITERATION 34 :
TIDE purify_X took      0.00 usr cpu s       0.00 sys cpu s       0.00 wall s
TIDE truncate_matrix took      0.00 usr cpu s       0.00 sys cpu s       0.00 wall s
INDE Actual introduced error   0.000000e+00 : nnz before  116964 <-> 100.00 % , nnz after  116964 <-> 100.00 %
TIDE square took      0.02 usr cpu s       0.04 sys cpu s       0.01 wall s
INDE NNZ Xsq = 116964 <-> 100.00 %
TIDE Frobenius norm of X-X^2 took      0.00 usr cpu s       0.00 sys cpu s       0.00 wall s
TIDE Mixed norm of X-X^2 took      0.00 usr cpu s       0.01 sys cpu s       0.00 wall s
TIDE Trace of X-X^2 took      0.00 usr cpu s       0.00 sys cpu s       0.00 wall s
INDE ||X-X^2||_F = 4.108997e-12 , ||X-X^2||_mixed = 4.108759e-12
INDE trace(X-X^2) = 4.334311e-12
INDE trace(X) = 4.700000e+01
INDE Checking stopping criterion...   
INDE Order of convergence cannot be computed
TIDE stopping_criterion took      0.00 usr cpu s       0.00 sys cpu s       0.00 wall s
TIDE Iteration 34 took      0.02 usr cpu s       0.06 sys cpu s       0.01 wall s
INDE     ITERATION 35 :
TIDE purify_X took      0.00 usr cpu s       0.00 sys cpu s       0.00 wall s
TIDE truncate_matrix took      0.00 usr cpu s       0.00 sys cpu s       0.00 wall s
INDE Actual introduced error   0.000000e+00 : nnz before  116964 <-> 100.00 % , nnz after  116964 <-> 100.00 %
TIDE square took      0.01 usr cpu s       0.04 sys cpu s       0.01 wall s
INDE NNZ Xsq = 116964 <-> 100.00 %
TIDE Frobenius norm of X-X^2 took      0.00 usr cpu s       0.00 sys cpu s       0.00 wall s
TIDE Mixed norm of X-X^2 took      0.00 usr cpu s       0.00 sys cpu s       0.00 wall s
TIDE Trace of X-X^2 took      0.00 usr cpu s       0.00 sys cpu s       0.00 wall s
INDE ||X-X^2||_F = 2.357185e-15 , ||X-X^2||_mixed = 0.000000e+00
INDE trace(X-X^2) = 0.000000e+00
INDE trace(X) = 4.700000e+01
INDE Checking stopping criterion...   
INDE ************************************************************************************************************
INDE The norm value went much below machine precision, therefore we stop here since n_max can be underestimated.
INDE ************************************************************************************************************
INDE e_i =0.000000e+00, C*e_{i-1}^q = 7.905333e-23
INDE Order of convergence = inf, stop = 1
TIDE stopping_criterion took      0.00 usr cpu s       0.00 sys cpu s       0.00 wall s
INDE PURIFICATION CONVERGED after 35 iterations
TIDE Iteration 35 took      0.02 usr cpu s       0.05 sys cpu s       0.01 wall s
INDE Number of non-zeros in D is  116964 <-> 100.00 %
TIDE FileWritable::writeAndReadAll took      0.00 usr cpu s       0.00 sys cpu s       0.00 wall s
INDE writeAndReadAll sizesStr: '0 MB (1 MatrixGeneral, 0 > 1 MB) + 0 MB (13 MatrixSymmetric, 0 > 1 MB) + 0 MB (2 VectorGeneral, 0 > 1 MB) = 0 MB (16 total, 0 > 1 MB)
INDE TOTAL accumulated subspace error is 0.000000e+00
INDE TOTAL X square time: 0.286947 wall s
INDE TOTAL X trunction time: 0.008483 wall s
INDE TOTAL X purify (exl. X^2 computation) time: 0.008787 wall s
INDE TOTAL time to get number of non-zero elements: 0.001433 wall s
INDE TOTAL time to get mixed norm: 0.092453 wall s
INDE TOTAL time to get Frobenius norm: 0.008955 wall s
INDE TOTAL time for stopping criterion: 0.001695 wall s
INDE TOTAL time to get matrix trace: 0.000787 wall s
INDE Estimated bounds for the eigenvalues for the Fock matrix:
INDE LUMO: [ 0.035549624760 , 0.056525494086 ]
INDE HOMO: [ -0.357278194469 , -0.348181737022 ]
TIDE eigenvalue_bounds_estimation() took      0.00 usr cpu s       0.00 sys cpu s       0.00 wall s
TIDE Recursive expansion took      1.00 usr cpu s       2.67 sys cpu s       0.49 wall s
TIDE Puri->PurificationStart() took      1.00 usr cpu s       2.67 sys cpu s       0.49 wall s
TIDE Accumulated wall times for writeToFile in PurificationStart()          : 0 s (MatrixGeneral) + 1.9e-06 s (MatrixSymmetric) + 0.00013 s (VectorGeneral) = 0.00013 s
TIDE Accumulated wall times for readFromFile in PurificationStart()         : 0 s (MatrixGeneral) + 9.5e-07 s (MatrixSymmetric) + 3.4e-05 s (VectorGeneral) = 3.5e-05 s
TIDE Accumulated wall times for copy and assign in PurificationStart()      : 1.9e-06 s (MatrixSymmetric) + 5.6e-05 s (VectorGeneral) = 5.7e-05 s
INDE Number of calls to writeToFile in PurificationStart()                  : 2 (MatrixGeneral) + 27 (MatrixSymmetric) + 1411 (VectorGeneral) = 1440 
INDE Number of calls to readFromFile in PurificationStart()                 : 2 (MatrixGeneral) + 26 (MatrixSymmetric) + 507 (VectorGeneral) = 535 
INDE Number of calls to FileWritable copy and assign in PurificationStart() : 2 (MatrixSymmetric) + 37 (VectorGeneral) = 39 
TIDE mat::Gblas::time after purification :     2.478804
INDE Created .m files with results of the purification
INDE Purification converged OK, subspaceError <=          0.00000000000
INDE E(LUMO) - E(HOMO) >=          0.38373136178 =         10.44186235007 eV
INDE E(LUMO) - E(HOMO) <=          0.41380368856 =         11.26017205311 eV
INDE HOMO interval : [   -0.357278194469   -0.348181737022 ]
INDE LUMO interval : [    0.035549624760    0.056525494086 ]
INDE Trace of resulting density matrix is         47.00000000000, error is  -0.00000000000001.
INDE Truncated D_ort ( mixed ), selected threshold = 9.99999e-08, returned error =          0, nnz before = 116964 <-> 100.0000 %, nnz after = 116964 <-> 100.0000 %
TIDE FileWritable::writeAndReadAll took      0.00 usr cpu s       0.00 sys cpu s       0.00 wall s
INDE writeAndReadAll sizesStr: '0 MB (1 MatrixGeneral, 0 > 1 MB) + 0 MB (12 MatrixSymmetric, 0 > 1 MB) + 0 MB (1 MatrixTriangular, 0 > 1 MB) = 0 MB (14 total, 0 > 1 MB)
TIDE D_w to non-orthogonal basis took      0.01 usr cpu s       0.04 sys cpu s       0.01 wall s
INDE Truncated D_S (eucl with Z), selected threshold = 9.99999e-08, returned error =          0, nnz before = 100.0000 %, nnz after = 100.0000 %
INDE get_dens_from_fock_sparse ending OK
TIDE get_dens_from_fock_sparse took      1.35 usr cpu s       4.01 sys cpu s       0.71 wall s
ERDE get_dens_from_fock  (GetDensFromFock class) : purification finished OK.
TIDE get_dens_from_fock took      1.35 usr cpu s       4.01 sys cpu s       0.71 wall s
INSC Matrix 'new density matrix' ( symm ): n =    342, nnz =       116964 <-> 100.00 %, mem usage  0.0005 G
INSC Tr( D * S ) =         93.99999999995
TISC get_new_density_matrix took      1.36 usr cpu s       4.01 sys cpu s       0.71 wall s
INSC SCF_restricted::report_density_difference, diff_eucl =          0.00044445428
TISC SCF_restricted::report_density_difference took      0.02 usr cpu s       0.07 sys cpu s       0.01 wall s
INMA ddf_writeShellListAndDensityMatricesToFile_sparse, n =    342, densityMatrixList[0].nvalues =       58653
INMA opened temporary file 'density.bin.Lz8LXx' for writing
INMA Choosing matrixStorageType = MATRIX_STORAGE_TYPE_TRIANGLE.
INMA fileSize =          560392 bytes =      0.560 MegaBytes
INMA renamed file 'density.bin.Lz8LXx' to 'density.bin'
INMA ddf_writeShellListAndDensityMatricesToFile_sparse freeing buffer.
INMA ddf_writeShellListAndDensityMatricesToFile_sparse returning OK.
TISC write_density_to_file took      0.02 usr cpu s       0.04 sys cpu s       0.01 wall s
INSC Creating mtx file for Fock matrix
INSC Creating mtx file for density matrix
INSC SCF cycle  10 finished.
TISC SCF cycle  10 took    970.99 usr cpu s       6.82 sys cpu s     156.05 wall s
INSC Beginning of SCF cycle 11:  Thu Dec 18 16:13:59 2025
INDE compute_J_by_boxes_sparse() start.
TIDE FileWritable::writeAndReadAll took      0.00 usr cpu s       0.00 sys cpu s       0.00 wall s
INDE writeAndReadAll: '0 MB (1 MatrixGeneral, 0 > 1 MB) + 0 MB (11 MatrixSymmetric, 0 > 1 MB) = 0 MB (12 total, 0 > 1 MB)
IN   compute_J_by_boxes_sparse, maxDensityMatrixElement =         22.35799245842
ININ get_basis_func_pair_list, n =    342
ININ create_box_system end OK, toplevelBoxSize:   7.0, #levels:  3, #boxes at top level:      6
TIIN get_basis_func_pair_list_2el took      0.16 usr cpu s       0.00 sys cpu s       0.16 wall s
IN   compute_J_by_boxes_sparse: noOfBasisFuncIndexPairs = 52606 ==> storing  44.98 % of a full matrix
ININ entering compute_J_by_boxes_linear, no of basis funcs =   342, threshold_J =   1e-12
ININ use_fmm = 1, fmm_box_size =   5.00
TIIN Compute extent for all distrs took      0.46 usr cpu s       0.00 sys cpu s       0.46 wall s
ININ extent_min =    0.000, extent_max =   19.778
ININ Creating list of distributions etc done, distrCount =    353701
TIIN Creating list of distributions etc took      0.67 usr cpu s       0.00 sys cpu s       0.67 wall s
ININ create_box_system end OK, toplevelBoxSize:   5.0, #levels:  3, #boxes at top level:     10
TIIN Creating boxes took      0.04 usr cpu s       0.00 sys cpu s       0.04 wall s
ININ noOfBranches = 5, splitters:  10.00  5.00  2.50  0.00
ININ J org done, groupCount =    15565
TIIN J org took      1.57 usr cpu s       0.00 sys cpu s       1.57 wall s
TIIN Generate group multipoles took      0.66 usr cpu s       0.00 sys cpu s       0.66 wall s
ININ totChargeWholeSystem =          0.00000000000
ININ Generating multipole for each branch at top level, MAX_MULTIPOLE_DEGREE = 15
TIIN Translate multipoles (step 1) took      0.44 usr cpu s       0.00 sys cpu s       0.44 wall s
TIIN Translate multipoles (step 2) took      0.08 usr cpu s       0.00 sys cpu s       0.08 wall s
ININ job lists for J created OK, noOfJobs_J_standard =     1255, noOfJobs_J_multipole =       40
TIIN Creating job lists for J took      0.00 usr cpu s       0.00 sys cpu s       0.00 wall s
ININ execute_joblist_J_std_threaded, noOfThreads =  8
ININ 8 threads started OK.
ININ all 8 threads have finished.
TIIN execute_joblist_J_std_threaded took    225.92 usr cpu s       0.22 sys cpu s      38.13 wall s
TIIN sort_list_of_multipole_jobs init part took      0.00 usr cpu s       0.00 sys cpu s       0.00 wall s
TIIN sort_list_of_multipole_jobs complete took      0.00 usr cpu s       0.00 sys cpu s       0.00 wall s
TIIN sort_list_of_multipole_jobs took      0.00 usr cpu s       0.00 sys cpu s       0.00 wall s
ININ execute_joblist_J_fmm_shared: Allocating multipoleList_4, maxnoOfMinimalDistrsPerBoxBranch =     65422
ININ execute_joblist_J_fmm_shared: jobIndexLo =            0, jobIndexHi =            5
ININ execute_joblist_J_fmm_shared: Allocating multipoleList_4, maxnoOfMinimalDistrsPerBoxBranch =     65422
ININ execute_joblist_J_fmm_shared: Allocating multipoleList_4, maxnoOfMinimalDistrsPerBoxBranch =     65422
ININ execute_joblist_J_fmm_shared: jobIndexLo =           10, jobIndexHi =           15
ININ execute_joblist_J_fmm_shared: jobIndexLo =            5, jobIndexHi =           10
ININ execute_joblist_J_fmm_shared: Allocating multipoleList_4, maxnoOfMinimalDistrsPerBoxBranch =     65422
ININ execute_joblist_J_fmm_shared: jobIndexLo =           15, jobIndexHi =           20
ININ execute_joblist_J_fmm_shared: Allocating multipoleList_4, maxnoOfMinimalDistrsPerBoxBranch =     65422
ININ execute_joblist_J_fmm_shared: jobIndexLo =           20, jobIndexHi =           25
ININ execute_joblist_J_fmm_shared: Allocating multipoleList_4, maxnoOfMinimalDistrsPerBoxBranch =     65422
ININ execute_joblist_J_fmm_shared: jobIndexLo =           25, jobIndexHi =           30
ININ execute_joblist_J_fmm_shared: Allocating multipoleList_4, maxnoOfMinimalDistrsPerBoxBranch =     65422
ININ execute_joblist_J_fmm_shared: jobIndexLo =           30, jobIndexHi =           35
ININ execute_joblist_J_fmm_shared: Allocating multipoleList_4, maxnoOfMinimalDistrsPerBoxBranch =     65422
ININ execute_joblist_J_fmm_shared: jobIndexLo =           35, jobIndexHi =           40
ININ execute_joblist_J_fmm_shared: done!
ININ execute_joblist_J_fmm_shared: done!
ININ execute_joblist_J_fmm_shared: done!
ININ execute_joblist_J_fmm_shared: done!
ININ execute_joblist_J_fmm_shared: done!
ININ execute_joblist_J_fmm_shared: done!
ININ execute_joblist_J_fmm_shared: done!
ININ execute_joblist_J_fmm_shared: done!
ININ multipole job list for J executed, largest L used: 12
TIIN Executing multipole job list for J took      0.33 usr cpu s       0.00 sys cpu s       0.14 wall s
ININ compute_J_by_boxes_linear ending OK.
TIIN compute_J_by_boxes_linear took    229.73 usr cpu s       0.23 sys cpu s      41.76 wall s
TI   compute_J_by_boxes_sparse total took    229.90 usr cpu s       0.23 sys cpu s      41.94 wall s
ININ entering create_CSR_for_K, no of basis funcs =   342, threshold_K =   1e-12
ININ create_box_system end OK, toplevelBoxSize:   7.0, #levels:  3, #boxes at top level:      6
ININ create_box_system end OK, toplevelBoxSize:   7.0, #levels:  3, #boxes at top level:      6
ININ create_box_system end OK, toplevelBoxSize:   7.0, #levels:  3, #boxes at top level:      6
TIIN create_CSR_for_K getting list of distrs took      0.48 usr cpu s       0.00 sys cpu s       0.49 wall s
ININ list of neighbors complete.
TIIN create_CSR_for_K getting list of neighbors took      0.00 usr cpu s       0.00 sys cpu s       0.00 wall s
TIIN create_CSR_for_K sort each list of neighbors took      0.07 usr cpu s       0.00 sys cpu s       0.07 wall s
ININ 8 threads started OK.
TIIN identify_needed_elements() took    600.03 usr cpu s       1.16 sys cpu s      88.26 wall s
ININ computing nnz..
ININ create_CSR_for_K: predicted nnz =        58653, <->  50.15% of a full matrix
TIIN create_CSR_for_K last part took      0.00 usr cpu s       0.00 sys cpu s       0.00 wall s
TIIN create_CSR_for_K total took    600.59 usr cpu s       1.17 sys cpu s      88.82 wall s
ININ entering compute_K_by_boxes, no of basis funcs =   342, threshold_K =   1e-12, exchange_box_size =   5.00
ININ create_box_system end OK, toplevelBoxSize:   7.0, #levels:  3, #boxes at top level:      6
ININ create_box_system end OK, toplevelBoxSize:   7.0, #levels:  3, #boxes at top level:      6
ININ create_box_system end OK, toplevelBoxSize:   7.0, #levels:  3, #boxes at top level:      6
TIIN Compute extent for all distrs took      0.46 usr cpu s       0.00 sys cpu s       0.46 wall s
ININ Creating list of distributions done, distrCountTot =    353701
TIIN Creating list of distributions took      0.75 usr cpu s       0.00 sys cpu s       0.75 wall s
ININ create_box_system end OK, toplevelBoxSize:   5.0, #levels:  3, #boxes at top level:     10
ININ create_box_system end OK, toplevelBoxSize:   2.5, #levels:  4, #boxes at top level:     16
ININ noOfLevelsBasisFuncs = 4, noOfLevelsDiff = 1
TIIN Creating boxes etc took      0.04 usr cpu s       0.00 sys cpu s       0.04 wall s
TIIN getting multipoleNormVectorList took      0.72 usr cpu s       0.00 sys cpu s       0.72 wall s
TIIN K organize_distributions for all boxes took      2.02 usr cpu s       0.00 sys cpu s       2.02 wall s
ININ starting loop to setup basisFuncGroupInfoList, with added index checks.
TIIN GetLimitsAllLevels took      0.32 usr cpu s       0.00 sys cpu s       0.32 wall s
ININ getDmatLimitMatrixCSRList start.
TIIN getting densityMatrixLimitMatrixList took      0.02 usr cpu s       0.00 sys cpu s       0.02 wall s
ININ job list for K created,       55 jobs
TIIN creating job list for K took      0.00 usr cpu s       0.00 sys cpu s       0.00 wall s
ININ execute_joblist_K_threaded, noOfThreads =  8, basisFuncListCount_max =   325
ININ 8 threads started OK.
ININ all 8 threads have finished, took       33 wall s.
TIIN Executing job list for K took    151.03 usr cpu s       0.20 sys cpu s      33.07 wall s
TIIN compute_K_by_boxes took    154.89 usr cpu s       0.20 sys cpu s      36.94 wall s
TI   compute_K_by_boxes_sparse total took    755.52 usr cpu s       1.36 sys cpu s     125.79 wall s
INSC About to truncate FockMatrix, gap of Fprev >=          0.38373136178
TISC symmMatrix::mixed_diff for F vs Fprev maxEigValMovement_mixed took      0.00 usr cpu s       0.00 sys cpu s       0.00 wall s
TISC symmMatrix::eucl_diff for maxEigValMovement_eucl  took      0.04 usr cpu s       0.12 sys cpu s       0.03 wall s
INSC maxEigValMovement_frob  =          0.00002811835
INSC maxEigValMovement_mixed =          0.00002289120
INSC maxEigValMovement_eucl  =          0.00001187894
TISC FockMatrix.eucl_thresh() (with Z) took      0.15 usr cpu s       0.50 sys cpu s       0.11 wall s
INSC Truncated FockMatrix (eucl with Z), selected threshold = 3.83708e-08, returned error =          0, nnz before = 100.0000 %, nnz after = 100.0000 %
INSC Matrix 'S' ( symm ): n =    342, nnz =       116964 <-> 100.00 %, mem usage  0.0005 G
INSC Matrix 'F' ( symm ): n =    342, nnz =       116964 <-> 100.00 %, mem usage  0.0005 G
INSC Matrix 'D' ( symm ): n =    342, nnz =       116964 <-> 100.00 %, mem usage  0.0005 G
INSC nuclearEnergy, energy_2el, energy = 782.160484, 1007.253414, -645.112846
INSC Energy  11 =       -645.11284581272  ( diff     -0.000000000129603 )
INSC calling compute_FDSminusSDF_sparse, n = 342
INDE compute_FDSminusSDF_sparse() start.
TIDE FileWritable::writeAndReadAll took      0.00 usr cpu s       0.00 sys cpu s       0.00 wall s
INDE writeAndReadAll: '0 MB (1 MatrixGeneral, 0 > 1 MB) + 0 MB (9 MatrixSymmetric, 0 > 1 MB) = 0 MB (10 total, 0 > 1 MB)
TISC compute_FDSminusSDF_sparse, F*D mult took      0.04 usr cpu s       0.06 sys cpu s       0.01 wall s
INSC Matrix 'FD before eucl truncation' (normal): n =    342, nnz =       116964 <-> 100.00 %, mem usage  0.0009 G
INSC Matrix 'FD after  eucl truncation' (normal): n =    342, nnz =       116964 <-> 100.00 %, mem usage  0.0009 G
INSC Matrix 'FDS before eucl truncation' (normal): n =    342, nnz =       116964 <-> 100.00 %, mem usage  0.0009 G
INSC Matrix 'FDS after  eucl truncation' (normal): n =    342, nnz =       116964 <-> 100.00 %, mem usage  0.0009 G
INSC compute_FDSminusSDF_sparse ending OK.
TISC compute_FDSminusSDF_sparse took      0.13 usr cpu s       0.27 sys cpu s       0.05 wall s
INSC Matrix 'FDS-SDF' (normal): n =    342, nnz =       116964 <-> 100.00 %, mem usage  0.0009 G
INSC SCF_restricted::get_FDSminusSDF finished.
TISC get_FDSminusSDF took      0.13 usr cpu s       0.27 sys cpu s       0.05 wall s
INSC maxabs FDS-SDF is 1.17e-06
INSC frob   FDS-SDF is  1.8e-05
TISC get_error_measure took      0.00 usr cpu s       0.01 sys cpu s       0.00 wall s
INSC entering DIISManagerRestricted::AddIterationToList, IterCount = 10
INSC DIISManagerRestricted::AddIterationToList ending OK.
TISC DIISManagerRestricted::AddIterationToList took      0.01 usr cpu s       0.02 sys cpu s       0.00 wall s
INSC using DIIS to get combined Fock matrix, number of iters used for DIIS: 10
TISC clear_error_matrices took      0.00 usr cpu s       0.00 sys cpu s       0.00 wall s
TISC save_current_fock_as_fprev took      0.00 usr cpu s       0.00 sys cpu s       0.00 wall s
INDE get_dens_from_fock_general, n = 342, use_diagonalization = 0, use_diag_on_error = 1
INDE Before writeAndReadAll(): AllocatorManager statistics:  noOfRealsPerBuffer: 1024 noOfBuffers: 20000 list.size(): 1. Allocated: 0.164 GB, Used: 0.0181 GB, Peak alloc: 0.164 GB.
TIDE FileWritable::writeAndReadAll took      0.00 usr cpu s       0.00 sys cpu s       0.00 wall s
INDE writeAndReadAll sizesStr: '0 MB (1 MatrixGeneral, 0 > 1 MB) + 0 MB (7 MatrixSymmetric, 0 > 1 MB) = 0 MB (8 total, 0 > 1 MB)
INDE After writeAndReadAll(): AllocatorManager statistics:  noOfRealsPerBuffer: 1024 noOfBuffers: 20000 list.size(): 1. Allocated: 0.164 GB, Used: 0.0181 GB, Peak alloc: 0.164 GB.
INDE calling get_dens_from_fock_sparse, n =    342, subspaceErrorLimit = 1e-06
INDE get_dens_from_fock_sparse() start!
INDE After F.readFromFile(): AllocatorManager statistics:  noOfRealsPerBuffer: 1024 noOfBuffers: 20000 list.size(): 1. Allocated: 0.164 GB, Used: 0.0181 GB, Peak alloc: 0.164 GB.
INDE After creating wrapper MatrixType F_w(F): AllocatorManager statistics:  noOfRealsPerBuffer: 1024 noOfBuffers: 20000 list.size(): 1. Allocated: 0.164 GB, Used: 0.0186 GB, Peak alloc: 0.164 GB.
TIDE  F_w to orthogonal basis took      0.05 usr cpu s       0.25 sys cpu s       0.04 wall s
TIDE MatrixType::mixed_diff for maxEigValMovement_mixed took      0.00 usr cpu s       0.01 sys cpu s       0.00 wall s
TIDE symmMatrixWrap::eucl_diff for maxEigValMovement_eucl  took      0.13 usr cpu s       0.56 sys cpu s       0.12 wall s
INDE maxEigValMovement_frob  =          0.00001444789
INDE maxEigValMovement_mixed =          0.00000943689
INDE maxEigValMovement_eucl  =          0.00000260243
INDE lumo before truncation: [ 0.035547022333 , 0.056528096513 ]
INDE homo before truncation: [ -0.357280796897 , -0.348179134594 ]
INDE Truncate matrix F and update intervals for homo and lumo.
INDE Truncating F_ort ( mixed ), selected threshold = 3.83726e-08
INDE Truncated F_ort ( mixed ), selected threshold = 3.83726e-08, returned error =          0, nnz before = 100.0000 %, nnz after = 100.0000 %
TIDE Truncation of F_ort took      0.00 usr cpu s       0.00 sys cpu s       0.00 wall s
INDE Chosen Ergo Wrapper
INDE Creating purification object: N = 342 , nocc = 47 , NNZ = 116964  <-> 100.00000 %
INDE Chosen norm for the truncation: 
INDE mixed
INDE Chosen norm for the stopping criterion: 
INDE mixed
INDE Chosen the NEW stopping criterion.
INDE Allowed error in subspace 7.000000e-07
INDE Chosen SP2 purification method
INDE calling Puri->PurificationStart(), number of threads = 1, trunc norm 'mixed'
TIDE gershgorin took      0.00 usr cpu s       0.00 sys cpu s       0.00 wall s
INDE Gershgorin bounds: [ -59.820858701462 , 100.436330335241 ]
INDE EXPANDED Gershgorin bounds: [ -59.820858716363 , 100.436330350142 ]
INDE Trying to impove bounds using Lanczos algorithm...
TIDE compute_spectrum_bounds took      0.10 usr cpu s       0.38 sys cpu s       0.08 wall s
INDE Spectrum of F: 	 [ -20.624839557555 , 51.715199395112 ]
INDE Transform homo and lumo bounds...
INDE HOMO bounds of X: 	 [ 0.719703490397 , 0.719829308166 ]
INDE LUMO bounds of X: 	 [ 0.714108978188 , 0.714399012234 ]
INDE INIT LUMO: [ 0.714108978188 , 0.714399012234 ]
INDE INIT HOMO: [ 0.280170691834 , 0.280296509603 ]
INDE ESTIMATED NUMBER OF ITERATIONS IS 35
INDE Put eigenvalues of F to the interval [0,1] in reverse order.
TIDE compute_X() took      0.00 usr cpu s       0.00 sys cpu s       0.00 wall s
TIDE prepare_to_purification() took      0.11 usr cpu s       0.38 sys cpu s       0.08 wall s
INDE (EIGV,PARAMS) Requested 0 occipied eigenpair(s).
INDE (EIGV,PARAMS) Requested 0 unoccipied eigenpair(s).
TIDE prepare_to_purification_eigenvectors() took      0.00 usr cpu s       0.00 sys cpu s       0.00 wall s
INDE Starting recursive expansion
INDE     BEFORE ITERATIONS:
TIDE truncate_matrix took      0.00 usr cpu s       0.00 sys cpu s       0.00 wall s
INDE Actual introduced error   0.000000e+00 : nnz before  116964 <-> 100.00 % , nnz after  116964 <-> 100.00 %
TIDE square took      0.02 usr cpu s       0.06 sys cpu s       0.01 wall s
INDE NNZ Xsq = 116964 <-> 100.00 %
TIDE Frobenius norm of X-X^2 took      0.00 usr cpu s       0.00 sys cpu s       0.00 wall s
TIDE Mixed norm of X-X^2 took      0.01 usr cpu s       0.03 sys cpu s       0.01 wall s
TIDE Trace of X-X^2 took      0.00 usr cpu s       0.00 sys cpu s       0.00 wall s
INDE ||X-X^2||_F = 3.852014e+00 , ||X-X^2||_mixed = 1.286053e+00
INDE trace(X-X^2) = 7.012956e+01
INDE trace(X) = 2.342456e+02
TIDE Iteration 0 took      0.03 usr cpu s       0.10 sys cpu s       0.02 wall s
TIDE FileWritable::writeAndReadAll took      0.00 usr cpu s       0.00 sys cpu s       0.00 wall s
INDE writeAndReadAll sizesStr: '0 MB (1 MatrixGeneral, 0 > 1 MB) + 0 MB (13 MatrixSymmetric, 0 > 1 MB) + 0 MB (2 VectorGeneral, 0 > 1 MB) = 0 MB (16 total, 0 > 1 MB)
INDE     ITERATION 1 :
TIDE purify_X took      0.00 usr cpu s       0.00 sys cpu s       0.00 wall s
TIDE truncate_matrix took      0.00 usr cpu s       0.00 sys cpu s       0.00 wall s
INDE Actual introduced error   0.000000e+00 : nnz before  116964 <-> 100.00 % , nnz after  116964 <-> 100.00 %
TIDE square took      0.02 usr cpu s       0.07 sys cpu s       0.02 wall s
INDE NNZ Xsq = 116964 <-> 100.00 %
TIDE Frobenius norm of X-X^2 took      0.00 usr cpu s       0.00 sys cpu s       0.00 wall s
TIDE Mixed norm of X-X^2 took      0.00 usr cpu s       0.04 sys cpu s       0.01 wall s
TIDE Trace of X-X^2 took      0.00 usr cpu s       0.00 sys cpu s       0.00 wall s
INDE ||X-X^2||_F = 4.467938e+00 , ||X-X^2||_mixed = 1.460677e+00
INDE trace(X-X^2) = 8.127625e+01
INDE trace(X) = 1.641160e+02
TIDE Iteration 1 took      0.03 usr cpu s       0.11 sys cpu s       0.02 wall s
INDE     ITERATION 2 :
TIDE purify_X took      0.00 usr cpu s       0.00 sys cpu s       0.00 wall s
TIDE truncate_matrix took      0.00 usr cpu s       0.00 sys cpu s       0.00 wall s
INDE Actual introduced error   0.000000e+00 : nnz before  116964 <-> 100.00 % , nnz after  116964 <-> 100.00 %
TIDE square took      0.02 usr cpu s       0.07 sys cpu s       0.02 wall s
INDE NNZ Xsq = 116964 <-> 100.00 %
TIDE Frobenius norm of X-X^2 took      0.00 usr cpu s       0.00 sys cpu s       0.00 wall s
TIDE Mixed norm of X-X^2 took      0.00 usr cpu s       0.03 sys cpu s       0.01 wall s
TIDE Trace of X-X^2 took      0.00 usr cpu s       0.00 sys cpu s       0.00 wall s
INDE ||X-X^2||_F = 3.254697e+00 , ||X-X^2||_mixed = 1.135626e+00
INDE trace(X-X^2) = 5.849020e+01
INDE trace(X) = 8.283977e+01
INDE Checking stopping criterion...   
INDE Order of convergence cannot be computed
TIDE stopping_criterion took      0.00 usr cpu s       0.00 sys cpu s       0.00 wall s
TIDE Iteration 2 took      0.02 usr cpu s       0.11 sys cpu s       0.02 wall s
INDE     ITERATION 3 :
TIDE purify_X took      0.00 usr cpu s       0.00 sys cpu s       0.00 wall s
TIDE truncate_matrix took      0.00 usr cpu s       0.00 sys cpu s       0.00 wall s
INDE Actual introduced error   0.000000e+00 : nnz before  116964 <-> 100.00 % , nnz after  116964 <-> 100.00 %
TIDE square took      0.02 usr cpu s       0.07 sys cpu s       0.02 wall s
INDE NNZ Xsq = 116964 <-> 100.00 %
TIDE Frobenius norm of X-X^2 took      0.00 usr cpu s       0.00 sys cpu s       0.00 wall s
TIDE Mixed norm of X-X^2 took      0.01 usr cpu s       0.03 sys cpu s       0.01 wall s
TIDE Trace of X-X^2 took      0.00 usr cpu s       0.00 sys cpu s       0.00 wall s
INDE ||X-X^2||_F = 4.290382e+00 , ||X-X^2||_mixed = 1.444683e+00
INDE trace(X-X^2) = 7.741617e+01
INDE trace(X) = 1.413300e+02
INDE Checking stopping criterion...   
INDE Order of convergence cannot be computed
TIDE stopping_criterion took      0.00 usr cpu s       0.00 sys cpu s       0.00 wall s
TIDE Iteration 3 took      0.04 usr cpu s       0.10 sys cpu s       0.02 wall s
INDE     ITERATION 4 :
TIDE purify_X took      0.00 usr cpu s       0.00 sys cpu s       0.00 wall s
TIDE truncate_matrix took      0.00 usr cpu s       0.00 sys cpu s       0.00 wall s
INDE Actual introduced error   0.000000e+00 : nnz before  116964 <-> 100.00 % , nnz after  116964 <-> 100.00 %
TIDE square took      0.02 usr cpu s       0.10 sys cpu s       0.02 wall s
INDE NNZ Xsq = 116964 <-> 100.00 %
TIDE Frobenius norm of X-X^2 took      0.00 usr cpu s       0.00 sys cpu s       0.00 wall s
TIDE Mixed norm of X-X^2 took      0.01 usr cpu s       0.06 sys cpu s       0.01 wall s
TIDE Trace of X-X^2 took      0.00 usr cpu s       0.00 sys cpu s       0.00 wall s
INDE ||X-X^2||_F = 4.003286e+00 , ||X-X^2||_mixed = 1.405987e+00
INDE trace(X-X^2) = 7.177920e+01
INDE trace(X) = 2.187461e+02
INDE Checking stopping criterion...   
INDE Order of convergence cannot be computed
TIDE stopping_criterion took      0.00 usr cpu s       0.00 sys cpu s       0.00 wall s
TIDE Iteration 4 took      0.03 usr cpu s       0.17 sys cpu s       0.04 wall s
INDE     ITERATION 5 :
TIDE purify_X took      0.00 usr cpu s       0.00 sys cpu s       0.00 wall s
TIDE truncate_matrix took      0.00 usr cpu s       0.00 sys cpu s       0.00 wall s
INDE Actual introduced error   0.000000e+00 : nnz before  116964 <-> 100.00 % , nnz after  116964 <-> 100.00 %
TIDE square took      0.09 usr cpu s       0.36 sys cpu s       0.09 wall s
INDE NNZ Xsq = 116964 <-> 100.00 %
TIDE Frobenius norm of X-X^2 took      0.00 usr cpu s       0.00 sys cpu s       0.00 wall s
TIDE Mixed norm of X-X^2 took      0.03 usr cpu s       0.10 sys cpu s       0.03 wall s
TIDE Trace of X-X^2 took      0.00 usr cpu s       0.00 sys cpu s       0.00 wall s
INDE ||X-X^2||_F = 4.268876e+00 , ||X-X^2||_mixed = 1.493204e+00
INDE trace(X-X^2) = 7.626113e+01
INDE trace(X) = 1.469669e+02
INDE Checking stopping criterion...   
INDE Order of convergence cannot be computed
TIDE stopping_criterion took      0.00 usr cpu s       0.00 sys cpu s       0.00 wall s
TIDE Iteration 5 took      0.12 usr cpu s       0.46 sys cpu s       0.11 wall s
INDE     ITERATION 6 :
TIDE purify_X took      0.00 usr cpu s       0.00 sys cpu s       0.00 wall s
TIDE truncate_matrix took      0.00 usr cpu s       0.00 sys cpu s       0.00 wall s
INDE Actual introduced error   0.000000e+00 : nnz before  116964 <-> 100.00 % , nnz after  116964 <-> 100.00 %
TIDE square took      0.05 usr cpu s       0.16 sys cpu s       0.04 wall s
INDE NNZ Xsq = 116964 <-> 100.00 %
TIDE Frobenius norm of X-X^2 took      0.00 usr cpu s       0.00 sys cpu s       0.00 wall s
TIDE Mixed norm of X-X^2 took      0.02 usr cpu s       0.05 sys cpu s       0.01 wall s
TIDE Trace of X-X^2 took      0.00 usr cpu s       0.00 sys cpu s       0.00 wall s
INDE ||X-X^2||_F = 2.734227e+00 , ||X-X^2||_mixed = 1.096789e+00
INDE trace(X-X^2) = 4.779601e+01
INDE trace(X) = 7.070581e+01
INDE Checking stopping criterion...   
INDE Order of convergence cannot be computed
TIDE stopping_criterion took      0.00 usr cpu s       0.00 sys cpu s       0.00 wall s
TIDE Iteration 6 took      0.07 usr cpu s       0.21 sys cpu s       0.05 wall s
INDE     ITERATION 7 :
TIDE purify_X took      0.00 usr cpu s       0.00 sys cpu s       0.00 wall s
TIDE truncate_matrix took      0.00 usr cpu s       0.00 sys cpu s       0.00 wall s
INDE Actual introduced error   0.000000e+00 : nnz before  116964 <-> 100.00 % , nnz after  116964 <-> 100.00 %
TIDE square took      0.03 usr cpu s       0.12 sys cpu s       0.03 wall s
INDE NNZ Xsq = 116964 <-> 100.00 %
TIDE Frobenius norm of X-X^2 took      0.00 usr cpu s       0.00 sys cpu s       0.00 wall s
TIDE Mixed norm of X-X^2 took      0.01 usr cpu s       0.04 sys cpu s       0.01 wall s
TIDE Trace of X-X^2 took      0.00 usr cpu s       0.00 sys cpu s       0.00 wall s
INDE ||X-X^2||_F = 3.850807e+00 , ||X-X^2||_mixed = 1.464409e+00
INDE trace(X-X^2) = 6.763986e+01
INDE trace(X) = 1.185018e+02
INDE Checking stopping criterion...   
INDE Order of convergence cannot be computed
TIDE stopping_criterion took      0.00 usr cpu s       0.00 sys cpu s       0.00 wall s
TIDE Iteration 7 took      0.04 usr cpu s       0.16 sys cpu s       0.04 wall s
INDE     ITERATION 8 :
TIDE purify_X took      0.00 usr cpu s       0.00 sys cpu s       0.00 wall s
TIDE truncate_matrix took      0.00 usr cpu s       0.00 sys cpu s       0.00 wall s
INDE Actual introduced error   0.000000e+00 : nnz before  116964 <-> 100.00 % , nnz after  116964 <-> 100.00 %
TIDE square took      0.03 usr cpu s       0.07 sys cpu s       0.02 wall s
INDE NNZ Xsq = 116964 <-> 100.00 %
TIDE Frobenius norm of X-X^2 took      0.00 usr cpu s       0.00 sys cpu s       0.00 wall s
TIDE Mixed norm of X-X^2 took      0.01 usr cpu s       0.03 sys cpu s       0.01 wall s
TIDE Trace of X-X^2 took      0.00 usr cpu s       0.00 sys cpu s       0.00 wall s
INDE ||X-X^2||_F = 4.120478e+00 , ||X-X^2||_mixed = 1.498159e+00
INDE trace(X-X^2) = 7.299921e+01
INDE trace(X) = 1.861417e+02
INDE Checking stopping criterion...   
INDE Order of convergence cannot be computed
TIDE stopping_criterion took      0.00 usr cpu s       0.00 sys cpu s       0.00 wall s
TIDE Iteration 8 took      0.04 usr cpu s       0.10 sys cpu s       0.02 wall s
INDE     ITERATION 9 :
TIDE purify_X took      0.00 usr cpu s       0.00 sys cpu s       0.00 wall s
TIDE truncate_matrix took      0.00 usr cpu s       0.00 sys cpu s       0.00 wall s
INDE Actual introduced error   0.000000e+00 : nnz before  116964 <-> 100.00 % , nnz after  116964 <-> 100.00 %
TIDE square took      0.02 usr cpu s       0.07 sys cpu s       0.02 wall s
INDE NNZ Xsq = 116964 <-> 100.00 %
TIDE Frobenius norm of X-X^2 took      0.00 usr cpu s       0.00 sys cpu s       0.00 wall s
TIDE Mixed norm of X-X^2 took      0.00 usr cpu s       0.03 sys cpu s       0.01 wall s
TIDE Trace of X-X^2 took      0.00 usr cpu s       0.00 sys cpu s       0.00 wall s
INDE ||X-X^2||_F = 3.665700e+00 , ||X-X^2||_mixed = 1.504887e+00
INDE trace(X-X^2) = 6.284350e+01
INDE trace(X) = 1.131425e+02
INDE Checking stopping criterion...   
INDE Order of convergence cannot be computed
TIDE stopping_criterion took      0.00 usr cpu s       0.00 sys cpu s       0.00 wall s
TIDE Iteration 9 took      0.02 usr cpu s       0.11 sys cpu s       0.02 wall s
INDE     ITERATION 10 :
TIDE purify_X took      0.00 usr cpu s       0.00 sys cpu s       0.00 wall s
TIDE truncate_matrix took      0.00 usr cpu s       0.00 sys cpu s       0.00 wall s
INDE Actual introduced error   0.000000e+00 : nnz before  116964 <-> 100.00 % , nnz after  116964 <-> 100.00 %
TIDE square took      0.02 usr cpu s       0.12 sys cpu s       0.02 wall s
INDE NNZ Xsq = 116964 <-> 100.00 %
TIDE Frobenius norm of X-X^2 took      0.00 usr cpu s       0.00 sys cpu s       0.00 wall s
TIDE Mixed norm of X-X^2 took      0.01 usr cpu s       0.05 sys cpu s       0.01 wall s
TIDE Trace of X-X^2 took      0.00 usr cpu s       0.00 sys cpu s       0.00 wall s
INDE ||X-X^2||_F = 3.888186e+00 , ||X-X^2||_mixed = 1.520339e+00
INDE trace(X-X^2) = 6.812285e+01
INDE trace(X) = 1.759860e+02
INDE Checking stopping criterion...   
INDE Order of convergence cannot be computed
TIDE stopping_criterion took      0.00 usr cpu s       0.00 sys cpu s       0.00 wall s
TIDE Iteration 10 took      0.04 usr cpu s       0.17 sys cpu s       0.03 wall s
INDE     ITERATION 11 :
TIDE purify_X took      0.00 usr cpu s       0.00 sys cpu s       0.00 wall s
TIDE truncate_matrix took      0.00 usr cpu s       0.00 sys cpu s       0.00 wall s
INDE Actual introduced error   0.000000e+00 : nnz before  116964 <-> 100.00 % , nnz after  116964 <-> 100.00 %
TIDE square took      0.05 usr cpu s       0.21 sys cpu s       0.05 wall s
INDE NNZ Xsq = 116964 <-> 100.00 %
TIDE Frobenius norm of X-X^2 took      0.00 usr cpu s       0.00 sys cpu s       0.00 wall s
TIDE Mixed norm of X-X^2 took      0.01 usr cpu s       0.02 sys cpu s       0.00 wall s
TIDE Trace of X-X^2 took      0.00 usr cpu s       0.00 sys cpu s       0.00 wall s
INDE ||X-X^2||_F = 3.436155e+00 , ||X-X^2||_mixed = 1.550221e+00
INDE trace(X-X^2) = 5.634729e+01
INDE trace(X) = 1.078631e+02
INDE Checking stopping criterion...   
INDE Order of convergence cannot be computed
TIDE stopping_criterion took      0.00 usr cpu s       0.00 sys cpu s       0.00 wall s
TIDE Iteration 11 took      0.06 usr cpu s       0.23 sys cpu s       0.05 wall s
INDE     ITERATION 12 :
TIDE purify_X took      0.00 usr cpu s       0.00 sys cpu s       0.00 wall s
TIDE truncate_matrix took      0.00 usr cpu s       0.00 sys cpu s       0.00 wall s
INDE Actual introduced error   0.000000e+00 : nnz before  116964 <-> 100.00 % , nnz after  116964 <-> 100.00 %
TIDE square took      0.03 usr cpu s       0.07 sys cpu s       0.02 wall s
INDE NNZ Xsq = 116964 <-> 100.00 %
TIDE Frobenius norm of X-X^2 took      0.00 usr cpu s       0.00 sys cpu s       0.00 wall s
TIDE Mixed norm of X-X^2 took      0.01 usr cpu s       0.03 sys cpu s       0.01 wall s
TIDE Trace of X-X^2 took      0.00 usr cpu s       0.00 sys cpu s       0.00 wall s
INDE ||X-X^2||_F = 2.134020e+00 , ||X-X^2||_mixed = 1.203842e+00
INDE trace(X-X^2) = 2.958069e+01
INDE trace(X) = 5.151582e+01
INDE Checking stopping criterion...   
INDE Order of convergence cannot be computed
TIDE stopping_criterion took      0.00 usr cpu s       0.00 sys cpu s       0.00 wall s
TIDE Iteration 12 took      0.05 usr cpu s       0.11 sys cpu s       0.03 wall s
INDE     ITERATION 13 :
TIDE purify_X took      0.00 usr cpu s       0.00 sys cpu s       0.00 wall s
TIDE truncate_matrix took      0.00 usr cpu s       0.00 sys cpu s       0.00 wall s
INDE Actual introduced error   0.000000e+00 : nnz before  116964 <-> 100.00 % , nnz after  116964 <-> 100.00 %
TIDE square took      0.02 usr cpu s       0.05 sys cpu s       0.01 wall s
INDE NNZ Xsq = 116964 <-> 100.00 %
TIDE Frobenius norm of X-X^2 took      0.00 usr cpu s       0.00 sys cpu s       0.00 wall s
TIDE Mixed norm of X-X^2 took      0.01 usr cpu s       0.03 sys cpu s       0.01 wall s
TIDE Trace of X-X^2 took      0.00 usr cpu s       0.00 sys cpu s       0.00 wall s
INDE ||X-X^2||_F = 2.856446e+00 , ||X-X^2||_mixed = 1.476453e+00
INDE trace(X-X^2) = 4.203468e+01
INDE trace(X) = 8.109651e+01
INDE Checking stopping criterion...   
INDE Order of convergence cannot be computed
TIDE stopping_criterion took      0.00 usr cpu s       0.00 sys cpu s       0.00 wall s
TIDE Iteration 13 took      0.03 usr cpu s       0.08 sys cpu s       0.02 wall s
INDE     ITERATION 14 :
TIDE purify_X took      0.00 usr cpu s       0.00 sys cpu s       0.00 wall s
TIDE truncate_matrix took      0.00 usr cpu s       0.00 sys cpu s       0.00 wall s
INDE Actual introduced error   0.000000e+00 : nnz before  116964 <-> 100.00 % , nnz after  116964 <-> 100.00 %
TIDE square took      0.04 usr cpu s       0.19 sys cpu s       0.04 wall s
INDE NNZ Xsq = 116964 <-> 100.00 %
TIDE Frobenius norm of X-X^2 took      0.00 usr cpu s       0.00 sys cpu s       0.00 wall s
TIDE Mixed norm of X-X^2 took      0.03 usr cpu s       0.11 sys cpu s       0.03 wall s
TIDE Trace of X-X^2 took      0.00 usr cpu s       0.00 sys cpu s       0.00 wall s
INDE ||X-X^2||_F = 3.137433e+00 , ||X-X^2||_mixed = 1.633222e+00
INDE trace(X-X^2) = 4.810057e+01
INDE trace(X) = 1.231312e+02
INDE Checking stopping criterion...   
INDE Order of convergence cannot be computed
TIDE stopping_criterion took      0.00 usr cpu s       0.00 sys cpu s       0.00 wall s
TIDE Iteration 14 took      0.07 usr cpu s       0.31 sys cpu s       0.06 wall s
INDE     ITERATION 15 :
TIDE purify_X took      0.00 usr cpu s       0.00 sys cpu s       0.00 wall s
TIDE truncate_matrix took      0.00 usr cpu s       0.00 sys cpu s       0.00 wall s
INDE Actual introduced error   0.000000e+00 : nnz before  116964 <-> 100.00 % , nnz after  116964 <-> 100.00 %
TIDE square took      0.08 usr cpu s       0.42 sys cpu s       0.08 wall s
INDE NNZ Xsq = 116964 <-> 100.00 %
TIDE Frobenius norm of X-X^2 took      0.00 usr cpu s       0.00 sys cpu s       0.00 wall s
TIDE Mixed norm of X-X^2 took      0.04 usr cpu s       0.14 sys cpu s       0.03 wall s
TIDE Trace of X-X^2 took      0.00 usr cpu s       0.00 sys cpu s       0.00 wall s
INDE ||X-X^2||_F = 2.538327e+00 , ||X-X^2||_mixed = 1.427880e+00
INDE trace(X-X^2) = 3.388154e+01
INDE trace(X) = 7.503062e+01
INDE Checking stopping criterion...   
INDE Order of convergence cannot be computed
TIDE stopping_criterion took      0.00 usr cpu s       0.00 sys cpu s       0.00 wall s
TIDE Iteration 15 took      0.12 usr cpu s       0.56 sys cpu s       0.11 wall s
INDE     ITERATION 16 :
TIDE purify_X took      0.00 usr cpu s       0.00 sys cpu s       0.00 wall s
TIDE truncate_matrix took      0.00 usr cpu s       0.00 sys cpu s       0.00 wall s
INDE Actual introduced error   0.000000e+00 : nnz before  116964 <-> 100.00 % , nnz after  116964 <-> 100.00 %
TIDE square took      0.08 usr cpu s       0.33 sys cpu s       0.06 wall s
INDE NNZ Xsq = 116964 <-> 100.00 %
TIDE Frobenius norm of X-X^2 took      0.00 usr cpu s       0.00 sys cpu s       0.00 wall s
TIDE Mixed norm of X-X^2 took      0.02 usr cpu s       0.09 sys cpu s       0.02 wall s
TIDE Trace of X-X^2 took      0.00 usr cpu s       0.00 sys cpu s       0.00 wall s
INDE ||X-X^2||_F = 2.741271e+00 , ||X-X^2||_mixed = 1.619469e+00
INDE trace(X-X^2) = 3.724942e+01
INDE trace(X) = 1.089122e+02
INDE Checking stopping criterion...   
INDE Order of convergence cannot be computed
TIDE stopping_criterion took      0.00 usr cpu s       0.00 sys cpu s       0.00 wall s
TIDE Iteration 16 took      0.11 usr cpu s       0.43 sys cpu s       0.08 wall s
INDE     ITERATION 17 :
TIDE purify_X took      0.00 usr cpu s       0.00 sys cpu s       0.00 wall s
TIDE truncate_matrix took      0.00 usr cpu s       0.00 sys cpu s       0.00 wall s
INDE Actual introduced error   0.000000e+00 : nnz before  116964 <-> 100.00 % , nnz after  116964 <-> 100.00 %
TIDE square took      0.02 usr cpu s       0.04 sys cpu s       0.01 wall s
INDE NNZ Xsq = 116964 <-> 100.00 %
TIDE Frobenius norm of X-X^2 took      0.00 usr cpu s       0.00 sys cpu s       0.00 wall s
TIDE Mixed norm of X-X^2 took      0.00 usr cpu s       0.02 sys cpu s       0.00 wall s
TIDE Trace of X-X^2 took      0.00 usr cpu s       0.00 sys cpu s       0.00 wall s
INDE ||X-X^2||_F = 2.196866e+00 , ||X-X^2||_mixed = 1.348215e+00
INDE trace(X-X^2) = 2.633768e+01
INDE trace(X) = 7.166275e+01
INDE Checking stopping criterion...   
INDE Order of convergence cannot be computed
TIDE stopping_criterion took      0.00 usr cpu s       0.00 sys cpu s       0.00 wall s
TIDE Iteration 17 took      0.02 usr cpu s       0.06 sys cpu s       0.01 wall s
INDE     ITERATION 18 :
TIDE purify_X took      0.00 usr cpu s       0.00 sys cpu s       0.00 wall s
TIDE truncate_matrix took      0.00 usr cpu s       0.00 sys cpu s       0.00 wall s
INDE Actual introduced error   0.000000e+00 : nnz before  116964 <-> 100.00 % , nnz after  116964 <-> 100.00 %
TIDE square took      0.03 usr cpu s       0.04 sys cpu s       0.01 wall s
INDE NNZ Xsq = 116964 <-> 100.00 %
TIDE Frobenius norm of X-X^2 took      0.00 usr cpu s       0.00 sys cpu s       0.00 wall s
TIDE Mixed norm of X-X^2 took      0.00 usr cpu s       0.02 sys cpu s       0.00 wall s
TIDE Trace of X-X^2 took      0.00 usr cpu s       0.00 sys cpu s       0.00 wall s
INDE ||X-X^2||_F = 1.503684e+00 , ||X-X^2||_mixed = 1.049197e+00
INDE trace(X-X^2) = 1.465038e+01
INDE trace(X) = 4.532507e+01
INDE Checking stopping criterion...   
INDE Order of convergence cannot be computed
TIDE stopping_criterion took      0.00 usr cpu s       0.00 sys cpu s       0.00 wall s
TIDE Iteration 18 took      0.03 usr cpu s       0.06 sys cpu s       0.01 wall s
INDE     ITERATION 19 :
TIDE purify_X took      0.00 usr cpu s       0.00 sys cpu s       0.00 wall s
TIDE truncate_matrix took      0.00 usr cpu s       0.00 sys cpu s       0.00 wall s
INDE Actual introduced error   0.000000e+00 : nnz before  116964 <-> 100.00 % , nnz after  116964 <-> 100.00 %
TIDE square took      0.02 usr cpu s       0.04 sys cpu s       0.01 wall s
INDE NNZ Xsq = 116964 <-> 100.00 %
TIDE Frobenius norm of X-X^2 took      0.00 usr cpu s       0.00 sys cpu s       0.00 wall s
TIDE Mixed norm of X-X^2 took      0.00 usr cpu s       0.02 sys cpu s       0.00 wall s
TIDE Trace of X-X^2 took      0.00 usr cpu s       0.00 sys cpu s       0.00 wall s
INDE ||X-X^2||_F = 1.606132e+00 , ||X-X^2||_mixed = 1.077413e+00
INDE trace(X-X^2) = 1.666801e+01
INDE trace(X) = 5.997545e+01
INDE Checking stopping criterion...   
INDE Order of convergence cannot be computed
TIDE stopping_criterion took      0.00 usr cpu s       0.00 sys cpu s       0.00 wall s
TIDE Iteration 19 took      0.02 usr cpu s       0.07 sys cpu s       0.01 wall s
INDE     ITERATION 20 :
TIDE purify_X took      0.00 usr cpu s       0.00 sys cpu s       0.00 wall s
TIDE truncate_matrix took      0.00 usr cpu s       0.00 sys cpu s       0.00 wall s
INDE Actual introduced error   0.000000e+00 : nnz before  116964 <-> 100.00 % , nnz after  116964 <-> 100.00 %
TIDE square took      0.03 usr cpu s       0.03 sys cpu s       0.01 wall s
INDE NNZ Xsq = 116964 <-> 100.00 %
TIDE Frobenius norm of X-X^2 took      0.00 usr cpu s       0.00 sys cpu s       0.00 wall s
TIDE Mixed norm of X-X^2 took      0.01 usr cpu s       0.01 sys cpu s       0.00 wall s
TIDE Trace of X-X^2 took      0.00 usr cpu s       0.00 sys cpu s       0.00 wall s
INDE ||X-X^2||_F = 1.109688e+00 , ||X-X^2||_mixed = 8.472665e-01
INDE trace(X-X^2) = 8.649406e+00
INDE trace(X) = 4.330744e+01
INDE Checking stopping criterion...   
INDE Order of convergence cannot be computed
TIDE stopping_criterion took      0.00 usr cpu s       0.00 sys cpu s       0.00 wall s
TIDE Iteration 20 took      0.04 usr cpu s       0.05 sys cpu s       0.01 wall s
INDE     ITERATION 21 :
TIDE purify_X took      0.00 usr cpu s       0.00 sys cpu s       0.00 wall s
TIDE truncate_matrix took      0.00 usr cpu s       0.00 sys cpu s       0.00 wall s
INDE Actual introduced error   0.000000e+00 : nnz before  116964 <-> 100.00 % , nnz after  116964 <-> 100.00 %
TIDE square took      0.02 usr cpu s       0.04 sys cpu s       0.01 wall s
INDE NNZ Xsq = 116964 <-> 100.00 %
TIDE Frobenius norm of X-X^2 took      0.00 usr cpu s       0.00 sys cpu s       0.00 wall s
TIDE Mixed norm of X-X^2 took      0.01 usr cpu s       0.01 sys cpu s       0.00 wall s
TIDE Trace of X-X^2 took      0.00 usr cpu s       0.00 sys cpu s       0.00 wall s
INDE ||X-X^2||_F = 9.694008e-01 , ||X-X^2||_mixed = 7.162063e-01
INDE trace(X-X^2) = 8.394732e+00
INDE trace(X) = 5.195685e+01
INDE Checking stopping criterion...   
INDE Order of convergence cannot be computed
TIDE stopping_criterion took      0.00 usr cpu s       0.00 sys cpu s       0.00 wall s
TIDE Iteration 21 took      0.03 usr cpu s       0.06 sys cpu s       0.01 wall s
INDE     ITERATION 22 :
TIDE purify_X took      0.00 usr cpu s       0.00 sys cpu s       0.00 wall s
TIDE truncate_matrix took      0.00 usr cpu s       0.00 sys cpu s       0.00 wall s
INDE Actual introduced error   0.000000e+00 : nnz before  116964 <-> 100.00 % , nnz after  116964 <-> 100.00 %
TIDE square took      0.02 usr cpu s       0.04 sys cpu s       0.01 wall s
INDE NNZ Xsq = 116964 <-> 100.00 %
TIDE Frobenius norm of X-X^2 took      0.00 usr cpu s       0.00 sys cpu s       0.00 wall s
TIDE Mixed norm of X-X^2 took      0.00 usr cpu s       0.02 sys cpu s       0.00 wall s
TIDE Trace of X-X^2 took      0.00 usr cpu s       0.00 sys cpu s       0.00 wall s
INDE ||X-X^2||_F = 1.308112e+00 , ||X-X^2||_mixed = 9.750818e-01
INDE trace(X-X^2) = 1.060331e+01
INDE trace(X) = 6.035158e+01
INDE Checking stopping criterion...   
INDE Order of convergence cannot be computed
TIDE stopping_criterion took      0.00 usr cpu s       0.00 sys cpu s       0.00 wall s
TIDE Iteration 22 took      0.02 usr cpu s       0.07 sys cpu s       0.01 wall s
INDE     ITERATION 23 :
TIDE purify_X took      0.00 usr cpu s       0.00 sys cpu s       0.00 wall s
TIDE truncate_matrix took      0.00 usr cpu s       0.00 sys cpu s       0.00 wall s
INDE Actual introduced error   0.000000e+00 : nnz before  116964 <-> 100.00 % , nnz after  116964 <-> 100.00 %
TIDE square took      0.01 usr cpu s       0.05 sys cpu s       0.01 wall s
INDE NNZ Xsq = 116964 <-> 100.00 %
TIDE Frobenius norm of X-X^2 took      0.00 usr cpu s       0.00 sys cpu s       0.00 wall s
TIDE Mixed norm of X-X^2 took      0.01 usr cpu s       0.01 sys cpu s       0.00 wall s
TIDE Trace of X-X^2 took      0.00 usr cpu s       0.00 sys cpu s       0.00 wall s
INDE ||X-X^2||_F = 5.528644e-01 , ||X-X^2||_mixed = 4.415048e-01
INDE trace(X-X^2) = 3.713734e+00
INDE trace(X) = 4.974827e+01
INDE Checking stopping criterion...   
INDE e_i =4.415048e-01, C*e_{i-1}^q = 3.532799e+00
INDE Order of convergence = 8.230490, stop = 0
TIDE stopping_criterion took      0.00 usr cpu s       0.00 sys cpu s       0.00 wall s
TIDE Iteration 23 took      0.02 usr cpu s       0.06 sys cpu s       0.01 wall s
INDE     ITERATION 24 :
TIDE purify_X took      0.00 usr cpu s       0.00 sys cpu s       0.00 wall s
TIDE truncate_matrix took      0.00 usr cpu s       0.00 sys cpu s       0.00 wall s
INDE Actual introduced error   0.000000e+00 : nnz before  116964 <-> 100.00 % , nnz after  116964 <-> 100.00 %
TIDE square took      0.02 usr cpu s       0.04 sys cpu s       0.01 wall s
INDE NNZ Xsq = 116964 <-> 100.00 %
TIDE Frobenius norm of X-X^2 took      0.00 usr cpu s       0.00 sys cpu s       0.00 wall s
TIDE Mixed norm of X-X^2 took      0.00 usr cpu s       0.01 sys cpu s       0.00 wall s
TIDE Trace of X-X^2 took      0.00 usr cpu s       0.00 sys cpu s       0.00 wall s
INDE ||X-X^2||_F = 3.562252e-01 , ||X-X^2||_mixed = 3.225729e-01
INDE trace(X-X^2) = 1.459675e+00
INDE trace(X) = 4.603453e+01
INDE Checking stopping criterion...   
INDE Order of convergence cannot be computed
TIDE stopping_criterion took      0.00 usr cpu s       0.00 sys cpu s       0.00 wall s
TIDE Iteration 24 took      0.03 usr cpu s       0.06 sys cpu s       0.01 wall s
INDE     ITERATION 25 :
TIDE purify_X took      0.00 usr cpu s       0.00 sys cpu s       0.00 wall s
TIDE truncate_matrix took      0.00 usr cpu s       0.00 sys cpu s       0.00 wall s
INDE Actual introduced error   0.000000e+00 : nnz before  116964 <-> 100.00 % , nnz after  116964 <-> 100.00 %
TIDE square took      0.01 usr cpu s       0.05 sys cpu s       0.01 wall s
INDE NNZ Xsq = 116964 <-> 100.00 %
TIDE Frobenius norm of X-X^2 took      0.00 usr cpu s       0.00 sys cpu s       0.00 wall s
TIDE Mixed norm of X-X^2 took      0.00 usr cpu s       0.02 sys cpu s       0.00 wall s
TIDE Trace of X-X^2 took      0.00 usr cpu s       0.00 sys cpu s       0.00 wall s
INDE ||X-X^2||_F = 1.792341e-01 , ||X-X^2||_mixed = 1.540874e-01
INDE trace(X-X^2) = 8.442861e-01
INDE trace(X) = 4.749421e+01
INDE Checking stopping criterion...   
INDE e_i =1.540874e-01, C*e_{i-1}^q = 1.342498e+00
INDE Order of convergence = 4.647818, stop = 0
TIDE stopping_criterion took      0.00 usr cpu s       0.00 sys cpu s       0.00 wall s
TIDE Iteration 25 took      0.02 usr cpu s       0.07 sys cpu s       0.01 wall s
INDE     ITERATION 26 :
TIDE purify_X took      0.00 usr cpu s       0.00 sys cpu s       0.00 wall s
TIDE truncate_matrix took      0.00 usr cpu s       0.00 sys cpu s       0.00 wall s
INDE Actual introduced error   0.000000e+00 : nnz before  116964 <-> 100.00 % , nnz after  116964 <-> 100.00 %
TIDE square took      0.02 usr cpu s       0.09 sys cpu s       0.02 wall s
INDE NNZ Xsq = 116964 <-> 100.00 %
TIDE Frobenius norm of X-X^2 took      0.00 usr cpu s       0.00 sys cpu s       0.00 wall s
TIDE Mixed norm of X-X^2 took      0.01 usr cpu s       0.02 sys cpu s       0.00 wall s
TIDE Trace of X-X^2 took      0.00 usr cpu s       0.00 sys cpu s       0.00 wall s
INDE ||X-X^2||_F = 2.835684e-01 , ||X-X^2||_mixed = 2.369026e-01
INDE trace(X-X^2) = 1.260280e+00
INDE trace(X) = 4.833849e+01
INDE Checking stopping criterion...   
INDE Order of convergence cannot be computed
TIDE stopping_criterion took      0.00 usr cpu s       0.00 sys cpu s       0.00 wall s
TIDE Iteration 26 took      0.03 usr cpu s       0.11 sys cpu s       0.02 wall s
INDE     ITERATION 27 :
TIDE purify_X took      0.00 usr cpu s       0.00 sys cpu s       0.00 wall s
TIDE truncate_matrix took      0.00 usr cpu s       0.00 sys cpu s       0.00 wall s
INDE Actual introduced error   0.000000e+00 : nnz before  116964 <-> 100.00 % , nnz after  116964 <-> 100.00 %
TIDE square took      0.03 usr cpu s       0.07 sys cpu s       0.01 wall s
INDE NNZ Xsq = 116964 <-> 100.00 %
TIDE Frobenius norm of X-X^2 took      0.00 usr cpu s       0.00 sys cpu s       0.00 wall s
TIDE Mixed norm of X-X^2 took      0.01 usr cpu s       0.01 sys cpu s       0.00 wall s
TIDE Trace of X-X^2 took      0.00 usr cpu s       0.00 sys cpu s       0.00 wall s
INDE ||X-X^2||_F = 3.436108e-02 , ||X-X^2||_mixed = 2.955779e-02
INDE trace(X-X^2) = 1.172624e-01
INDE trace(X) = 4.707821e+01
INDE Checking stopping criterion...   
INDE e_i =2.955779e-02, C*e_{i-1}^q = 1.635224e-01
INDE Order of convergence = 2.914646, stop = 0
TIDE stopping_criterion took      0.00 usr cpu s       0.00 sys cpu s       0.00 wall s
TIDE Iteration 27 took      0.04 usr cpu s       0.09 sys cpu s       0.02 wall s
INDE     ITERATION 28 :
TIDE purify_X took      0.00 usr cpu s       0.00 sys cpu s       0.00 wall s
TIDE truncate_matrix took      0.00 usr cpu s       0.00 sys cpu s       0.00 wall s
INDE Actual introduced error   0.000000e+00 : nnz before  116964 <-> 100.00 % , nnz after  116964 <-> 100.00 %
TIDE square took      0.02 usr cpu s       0.08 sys cpu s       0.01 wall s
INDE NNZ Xsq = 116964 <-> 100.00 %
TIDE Frobenius norm of X-X^2 took      0.00 usr cpu s       0.00 sys cpu s       0.00 wall s
TIDE Mixed norm of X-X^2 took      0.01 usr cpu s       0.03 sys cpu s       0.01 wall s
TIDE Trace of X-X^2 took      0.00 usr cpu s       0.00 sys cpu s       0.00 wall s
INDE ||X-X^2||_F = 2.687637e-02 , ||X-X^2||_mixed = 2.659868e-02
INDE trace(X-X^2) = 4.034077e-02
INDE trace(X) = 4.696095e+01
INDE Checking stopping criterion...   
INDE Order of convergence cannot be computed
TIDE stopping_criterion took      0.00 usr cpu s       0.00 sys cpu s       0.00 wall s
TIDE Iteration 28 took      0.04 usr cpu s       0.11 sys cpu s       0.02 wall s
INDE     ITERATION 29 :
TIDE purify_X took      0.00 usr cpu s       0.00 sys cpu s       0.00 wall s
TIDE truncate_matrix took      0.00 usr cpu s       0.00 sys cpu s       0.00 wall s
INDE Actual introduced error   0.000000e+00 : nnz before  116964 <-> 100.00 % , nnz after  116964 <-> 100.00 %
TIDE square took      0.02 usr cpu s       0.04 sys cpu s       0.01 wall s
INDE NNZ Xsq = 116964 <-> 100.00 %
TIDE Frobenius norm of X-X^2 took      0.00 usr cpu s       0.00 sys cpu s       0.00 wall s
TIDE Mixed norm of X-X^2 took      0.00 usr cpu s       0.01 sys cpu s       0.00 wall s
TIDE Trace of X-X^2 took      0.00 usr cpu s       0.00 sys cpu s       0.00 wall s
INDE ||X-X^2||_F = 1.059252e-03 , ||X-X^2||_mixed = 9.559784e-04
INDE trace(X-X^2) = 2.794275e-03
INDE trace(X) = 4.700129e+01
INDE Checking stopping criterion...   
INDE e_i =9.559784e-04, C*e_{i-1}^q = 6.017092e-03
INDE Order of convergence = 2.522412, stop = 0
TIDE stopping_criterion took      0.00 usr cpu s       0.00 sys cpu s       0.00 wall s
TIDE Iteration 29 took      0.03 usr cpu s       0.06 sys cpu s       0.01 wall s
INDE     ITERATION 30 :
TIDE purify_X took      0.00 usr cpu s       0.00 sys cpu s       0.00 wall s
TIDE truncate_matrix took      0.00 usr cpu s       0.00 sys cpu s       0.00 wall s
INDE Actual introduced error   0.000000e+00 : nnz before  116964 <-> 100.00 % , nnz after  116964 <-> 100.00 %
TIDE square took      0.02 usr cpu s       0.05 sys cpu s       0.01 wall s
INDE NNZ Xsq = 116964 <-> 100.00 %
TIDE Frobenius norm of X-X^2 took      0.00 usr cpu s       0.00 sys cpu s       0.00 wall s
TIDE Mixed norm of X-X^2 took      0.01 usr cpu s       0.01 sys cpu s       0.00 wall s
TIDE Trace of X-X^2 took      0.00 usr cpu s       0.00 sys cpu s       0.00 wall s
INDE ||X-X^2||_F = 1.120845e-03 , ||X-X^2||_mixed = 1.113188e-03
INDE trace(X-X^2) = 1.503662e-03
INDE trace(X) = 4.699850e+01
INDE Checking stopping criterion...   
INDE e_i =1.113188e-03, C*e_{i-1}^q = 4.872623e-03
INDE Order of convergence = 2.407071, stop = 0
TIDE stopping_criterion took      0.00 usr cpu s       0.00 sys cpu s       0.00 wall s
TIDE Iteration 30 took      0.03 usr cpu s       0.06 sys cpu s       0.01 wall s
INDE     ITERATION 31 :
TIDE purify_X took      0.00 usr cpu s       0.00 sys cpu s       0.00 wall s
TIDE truncate_matrix took      0.00 usr cpu s       0.00 sys cpu s       0.00 wall s
INDE Actual introduced error   0.000000e+00 : nnz before  116964 <-> 100.00 % , nnz after  116964 <-> 100.00 %
TIDE square took      0.02 usr cpu s       0.04 sys cpu s       0.01 wall s
INDE NNZ Xsq = 116964 <-> 100.00 %
TIDE Frobenius norm of X-X^2 took      0.00 usr cpu s       0.00 sys cpu s       0.00 wall s
TIDE Mixed norm of X-X^2 took      0.00 usr cpu s       0.02 sys cpu s       0.00 wall s
TIDE Trace of X-X^2 took      0.00 usr cpu s       0.00 sys cpu s       0.00 wall s
INDE ||X-X^2||_F = 1.408660e-06 , ||X-X^2||_mixed = 1.348598e-06
INDE trace(X-X^2) = 2.875225e-06
INDE trace(X) = 4.700000e+01
INDE Checking stopping criterion...   
INDE e_i =1.348598e-06, C*e_{i-1}^q = 6.294176e-06
INDE Order of convergence = 2.221575, stop = 0
TIDE stopping_criterion took      0.00 usr cpu s       0.00 sys cpu s       0.00 wall s
TIDE Iteration 31 took      0.02 usr cpu s       0.07 sys cpu s       0.01 wall s
INDE     ITERATION 32 :
TIDE purify_X took      0.00 usr cpu s       0.00 sys cpu s       0.00 wall s
TIDE truncate_matrix took      0.00 usr cpu s       0.00 sys cpu s       0.00 wall s
INDE Actual introduced error   0.000000e+00 : nnz before  116964 <-> 100.00 % , nnz after  116964 <-> 100.00 %
TIDE square took      0.03 usr cpu s       0.03 sys cpu s       0.01 wall s
INDE NNZ Xsq = 116964 <-> 100.00 %
TIDE Frobenius norm of X-X^2 took      0.00 usr cpu s       0.00 sys cpu s       0.00 wall s
TIDE Mixed norm of X-X^2 took      0.00 usr cpu s       0.01 sys cpu s       0.00 wall s
TIDE Trace of X-X^2 took      0.00 usr cpu s       0.00 sys cpu s       0.00 wall s
INDE ||X-X^2||_F = 1.895364e-06 , ||X-X^2||_mixed = 1.768121e-06
INDE trace(X-X^2) = 3.233302e-06
INDE trace(X) = 4.700000e+01
INDE Checking stopping criterion...   
INDE Order of convergence cannot be computed
TIDE stopping_criterion took      0.00 usr cpu s       0.00 sys cpu s       0.00 wall s
TIDE Iteration 32 took      0.04 usr cpu s       0.04 sys cpu s       0.01 wall s
INDE     ITERATION 33 :
TIDE purify_X took      0.00 usr cpu s       0.00 sys cpu s       0.00 wall s
TIDE truncate_matrix took      0.00 usr cpu s       0.00 sys cpu s       0.00 wall s
INDE Actual introduced error   0.000000e+00 : nnz before  116964 <-> 100.00 % , nnz after  116964 <-> 100.00 %
TIDE square took      0.02 usr cpu s       0.03 sys cpu s       0.01 wall s
INDE NNZ Xsq = 116964 <-> 100.00 %
TIDE Frobenius norm of X-X^2 took      0.00 usr cpu s       0.00 sys cpu s       0.00 wall s
TIDE Mixed norm of X-X^2 took      0.00 usr cpu s       0.01 sys cpu s       0.00 wall s
TIDE Trace of X-X^2 took      0.00 usr cpu s       0.00 sys cpu s       0.00 wall s
INDE ||X-X^2||_F = 3.470381e-12 , ||X-X^2||_mixed = 3.387585e-12
INDE trace(X-X^2) = 5.769607e-12
INDE trace(X) = 4.700000e+01
INDE Checking stopping criterion...   
INDE e_i =3.387585e-12, C*e_{i-1}^q = 1.252587e-11
INDE Order of convergence = 2.096747, stop = 0
TIDE stopping_criterion took      0.00 usr cpu s       0.00 sys cpu s       0.00 wall s
TIDE Iteration 33 took      0.03 usr cpu s       0.04 sys cpu s       0.01 wall s
INDE     ITERATION 34 :
TIDE purify_X took      0.00 usr cpu s       0.00 sys cpu s       0.00 wall s
TIDE truncate_matrix took      0.00 usr cpu s       0.00 sys cpu s       0.00 wall s
INDE Actual introduced error   0.000000e+00 : nnz before  116964 <-> 100.00 % , nnz after  116964 <-> 100.00 %
TIDE square took      0.02 usr cpu s       0.04 sys cpu s       0.01 wall s
INDE NNZ Xsq = 116964 <-> 100.00 %
TIDE Frobenius norm of X-X^2 took      0.00 usr cpu s       0.00 sys cpu s       0.00 wall s
TIDE Mixed norm of X-X^2 took      0.00 usr cpu s       0.01 sys cpu s       0.00 wall s
TIDE Trace of X-X^2 took      0.00 usr cpu s       0.00 sys cpu s       0.00 wall s
INDE ||X-X^2||_F = 4.110484e-12 , ||X-X^2||_mixed = 4.110247e-12
INDE trace(X-X^2) = 4.334311e-12
INDE trace(X) = 4.700000e+01
INDE Checking stopping criterion...   
INDE Order of convergence cannot be computed
TIDE stopping_criterion took      0.00 usr cpu s       0.00 sys cpu s       0.00 wall s
TIDE Iteration 34 took      0.02 usr cpu s       0.05 sys cpu s       0.01 wall s
INDE     ITERATION 35 :
TIDE purify_X took      0.00 usr cpu s       0.00 sys cpu s       0.00 wall s
TIDE truncate_matrix took      0.00 usr cpu s       0.00 sys cpu s       0.00 wall s
INDE Actual introduced error   0.000000e+00 : nnz before  116964 <-> 100.00 % , nnz after  116964 <-> 100.00 %
TIDE square took      0.02 usr cpu s       0.04 sys cpu s       0.01 wall s
INDE NNZ Xsq = 116964 <-> 100.00 %
TIDE Frobenius norm of X-X^2 took      0.00 usr cpu s       0.00 sys cpu s       0.00 wall s
TIDE Mixed norm of X-X^2 took      0.00 usr cpu s       0.00 sys cpu s       0.00 wall s
TIDE Trace of X-X^2 took      0.00 usr cpu s       0.00 sys cpu s       0.00 wall s
INDE ||X-X^2||_F = 2.239932e-15 , ||X-X^2||_mixed = 0.000000e+00
INDE trace(X-X^2) = -7.105427e-15
INDE trace(X) = 4.700000e+01
INDE Checking stopping criterion...   
INDE ************************************************************************************************************
INDE The norm value went much below machine precision, therefore we stop here since n_max can be underestimated.
INDE ************************************************************************************************************
INDE e_i =0.000000e+00, C*e_{i-1}^q = 7.903565e-23
INDE Order of convergence = inf, stop = 1
TIDE stopping_criterion took      0.00 usr cpu s       0.00 sys cpu s       0.00 wall s
INDE PURIFICATION CONVERGED after 35 iterations
TIDE Iteration 35 took      0.02 usr cpu s       0.05 sys cpu s       0.01 wall s
INDE Number of non-zeros in D is  116964 <-> 100.00 %
TIDE FileWritable::writeAndReadAll took      0.00 usr cpu s       0.00 sys cpu s       0.00 wall s
INDE writeAndReadAll sizesStr: '0 MB (1 MatrixGeneral, 0 > 1 MB) + 0 MB (13 MatrixSymmetric, 0 > 1 MB) + 0 MB (2 VectorGeneral, 0 > 1 MB) = 0 MB (16 total, 0 > 1 MB)
INDE TOTAL accumulated subspace error is 0.000000e+00
INDE TOTAL X square time: 0.712733 wall s
INDE TOTAL X trunction time: 0.009581 wall s
INDE TOTAL X purify (exl. X^2 computation) time: 0.008707 wall s
INDE TOTAL time to get number of non-zero elements: 0.001670 wall s
INDE TOTAL time to get mixed norm: 0.244370 wall s
INDE TOTAL time to get Frobenius norm: 0.010308 wall s
INDE TOTAL time for stopping criterion: 0.001694 wall s
INDE TOTAL time to get matrix trace: 0.001059 wall s
INDE Estimated bounds for the eigenvalues for the Fock matrix:
INDE LUMO: [ 0.035549674025 , 0.056524976415 ]
INDE HOMO: [ -0.357278255900 , -0.348181842226 ]
TIDE eigenvalue_bounds_estimation() took      0.00 usr cpu s       0.00 sys cpu s       0.00 wall s
TIDE Recursive expansion took      1.57 usr cpu s       5.14 sys cpu s       1.08 wall s
TIDE Puri->PurificationStart() took      1.57 usr cpu s       5.14 sys cpu s       1.08 wall s
TIDE Accumulated wall times for writeToFile in PurificationStart()          : 1.2e-06 s (MatrixGeneral) + 2.9e-06 s (MatrixSymmetric) + 0.00016 s (VectorGeneral) = 0.00017 s
TIDE Accumulated wall times for readFromFile in PurificationStart()         : 0 s (MatrixGeneral) + 3.1e-06 s (MatrixSymmetric) + 5.9e-05 s (VectorGeneral) = 6.2e-05 s
TIDE Accumulated wall times for copy and assign in PurificationStart()      : 1.9e-06 s (MatrixSymmetric) + 0.00012 s (VectorGeneral) = 0.00013 s
INDE Number of calls to writeToFile in PurificationStart()                  : 2 (MatrixGeneral) + 27 (MatrixSymmetric) + 1516 (VectorGeneral) = 1545 
INDE Number of calls to readFromFile in PurificationStart()                 : 2 (MatrixGeneral) + 26 (MatrixSymmetric) + 610 (VectorGeneral) = 638 
INDE Number of calls to FileWritable copy and assign in PurificationStart() : 2 (MatrixSymmetric) + 37 (VectorGeneral) = 39 
TIDE mat::Gblas::time after purification :     5.450437
INDE Created .m files with results of the purification
INDE Purification converged OK, subspaceError <=          0.00000000000
INDE E(LUMO) - E(HOMO) >=          0.38373151625 =         10.44186655336 eV
INDE E(LUMO) - E(HOMO) <=          0.41380323231 =         11.26015963817 eV
INDE HOMO interval : [   -0.357278255900   -0.348181842226 ]
INDE LUMO interval : [    0.035549674025    0.056524976415 ]
INDE Trace of resulting density matrix is         47.00000000000, error is  -0.00000000000001.
INDE Truncated D_ort ( mixed ), selected threshold = 9.99999e-08, returned error =          0, nnz before = 116964 <-> 100.0000 %, nnz after = 116964 <-> 100.0000 %
TIDE FileWritable::writeAndReadAll took      0.00 usr cpu s       0.00 sys cpu s       0.00 wall s
INDE writeAndReadAll sizesStr: '0 MB (1 MatrixGeneral, 0 > 1 MB) + 0 MB (12 MatrixSymmetric, 0 > 1 MB) + 0 MB (1 MatrixTriangular, 0 > 1 MB) = 0 MB (14 total, 0 > 1 MB)
TIDE D_w to non-orthogonal basis took      0.02 usr cpu s       0.04 sys cpu s       0.01 wall s
INDE Truncated D_S (eucl with Z), selected threshold = 9.99999e-08, returned error =          0, nnz before = 100.0000 %, nnz after = 100.0000 %
INDE get_dens_from_fock_sparse ending OK
TIDE get_dens_from_fock_sparse took      1.96 usr cpu s       6.66 sys cpu s       1.36 wall s
ERDE get_dens_from_fock  (GetDensFromFock class) : purification finished OK.
TIDE get_dens_from_fock took      1.97 usr cpu s       6.66 sys cpu s       1.36 wall s
INSC Matrix 'new density matrix' ( symm ): n =    342, nnz =       116964 <-> 100.00 %, mem usage  0.0005 G
INSC Tr( D * S ) =         93.99999999994
TISC get_new_density_matrix took      1.97 usr cpu s       6.66 sys cpu s       1.36 wall s
INSC SCF_restricted::report_density_difference, diff_eucl =          0.00018433272
TISC SCF_restricted::report_density_difference took      0.01 usr cpu s       0.07 sys cpu s       0.01 wall s
INMA ddf_writeShellListAndDensityMatricesToFile_sparse, n =    342, densityMatrixList[0].nvalues =       58653
INMA opened temporary file 'density.bin.nNEZAd' for writing
INMA Choosing matrixStorageType = MATRIX_STORAGE_TYPE_TRIANGLE.
INMA fileSize =          560392 bytes =      0.560 MegaBytes
INMA renamed file 'density.bin.nNEZAd' to 'density.bin'
INMA ddf_writeShellListAndDensityMatricesToFile_sparse freeing buffer.
INMA ddf_writeShellListAndDensityMatricesToFile_sparse returning OK.
TISC write_density_to_file took      0.01 usr cpu s       0.05 sys cpu s       0.01 wall s
INSC Creating mtx file for Fock matrix
INSC Creating mtx file for density matrix
INSC SCF cycle  11 finished.
TISC SCF cycle  11 took    988.03 usr cpu s       9.74 sys cpu s     169.63 wall s
INSC Beginning of SCF cycle 12:  Thu Dec 18 16:16:49 2025
INDE compute_J_by_boxes_sparse() start.
TIDE FileWritable::writeAndReadAll took      0.00 usr cpu s       0.00 sys cpu s       0.00 wall s
INDE writeAndReadAll: '0 MB (1 MatrixGeneral, 0 > 1 MB) + 0 MB (11 MatrixSymmetric, 0 > 1 MB) = 0 MB (12 total, 0 > 1 MB)
IN   compute_J_by_boxes_sparse, maxDensityMatrixElement =         22.35794792586
ININ get_basis_func_pair_list, n =    342
ININ create_box_system end OK, toplevelBoxSize:   7.0, #levels:  3, #boxes at top level:      6
TIIN get_basis_func_pair_list_2el took      0.19 usr cpu s       0.00 sys cpu s       0.19 wall s
IN   compute_J_by_boxes_sparse: noOfBasisFuncIndexPairs = 52606 ==> storing  44.98 % of a full matrix
ININ entering compute_J_by_boxes_linear, no of basis funcs =   342, threshold_J =   1e-12
ININ use_fmm = 1, fmm_box_size =   5.00
TIIN Compute extent for all distrs took      0.48 usr cpu s       0.00 sys cpu s       0.48 wall s
ININ extent_min =    0.000, extent_max =   19.778
ININ Creating list of distributions etc done, distrCount =    353701
TIIN Creating list of distributions etc took      0.73 usr cpu s       0.02 sys cpu s       0.75 wall s
ININ create_box_system end OK, toplevelBoxSize:   5.0, #levels:  3, #boxes at top level:     10
TIIN Creating boxes took      0.04 usr cpu s       0.00 sys cpu s       0.04 wall s
ININ noOfBranches = 5, splitters:  10.00  5.00  2.50  0.00
ININ J org done, groupCount =    15565
TIIN J org took      1.70 usr cpu s       0.00 sys cpu s       1.70 wall s
TIIN Generate group multipoles took      0.67 usr cpu s       0.00 sys cpu s       0.67 wall s
ININ totChargeWholeSystem =          0.00000000000
ININ Generating multipole for each branch at top level, MAX_MULTIPOLE_DEGREE = 15
TIIN Translate multipoles (step 1) took      0.47 usr cpu s       0.00 sys cpu s       0.47 wall s
TIIN Translate multipoles (step 2) took      0.08 usr cpu s       0.00 sys cpu s       0.08 wall s
ININ job lists for J created OK, noOfJobs_J_standard =     1255, noOfJobs_J_multipole =       40
TIIN Creating job lists for J took      0.00 usr cpu s       0.00 sys cpu s       0.00 wall s
ININ execute_joblist_J_std_threaded, noOfThreads =  8
ININ 8 threads started OK.
ININ all 8 threads have finished.
TIIN execute_joblist_J_std_threaded took    221.90 usr cpu s       0.31 sys cpu s      35.09 wall s
TIIN sort_list_of_multipole_jobs init part took      0.00 usr cpu s       0.00 sys cpu s       0.00 wall s
TIIN sort_list_of_multipole_jobs complete took      0.00 usr cpu s       0.00 sys cpu s       0.00 wall s
TIIN sort_list_of_multipole_jobs took      0.00 usr cpu s       0.00 sys cpu s       0.00 wall s
ININ execute_joblist_J_fmm_shared: Allocating multipoleList_4, maxnoOfMinimalDistrsPerBoxBranch =     65422
ININ execute_joblist_J_fmm_shared: jobIndexLo =            0, jobIndexHi =            5
ININ execute_joblist_J_fmm_shared: Allocating multipoleList_4, maxnoOfMinimalDistrsPerBoxBranch =     65422
ININ execute_joblist_J_fmm_shared: jobIndexLo =           10, jobIndexHi =           15
ININ execute_joblist_J_fmm_shared: Allocating multipoleList_4, maxnoOfMinimalDistrsPerBoxBranch =     65422
ININ execute_joblist_J_fmm_shared: Allocating multipoleList_4, maxnoOfMinimalDistrsPerBoxBranch =     65422
ININ execute_joblist_J_fmm_shared: jobIndexLo =           15, jobIndexHi =           20
ININ execute_joblist_J_fmm_shared: jobIndexLo =            5, jobIndexHi =           10
ININ execute_joblist_J_fmm_shared: Allocating multipoleList_4, maxnoOfMinimalDistrsPerBoxBranch =     65422
ININ execute_joblist_J_fmm_shared: jobIndexLo =           20, jobIndexHi =           25
ININ execute_joblist_J_fmm_shared: Allocating multipoleList_4, maxnoOfMinimalDistrsPerBoxBranch =     65422
ININ execute_joblist_J_fmm_shared: jobIndexLo =           25, jobIndexHi =           30
ININ execute_joblist_J_fmm_shared: Allocating multipoleList_4, maxnoOfMinimalDistrsPerBoxBranch =     65422
ININ execute_joblist_J_fmm_shared: jobIndexLo =           30, jobIndexHi =           35
ININ execute_joblist_J_fmm_shared: Allocating multipoleList_4, maxnoOfMinimalDistrsPerBoxBranch =     65422
ININ execute_joblist_J_fmm_shared: jobIndexLo =           35, jobIndexHi =           40
ININ execute_joblist_J_fmm_shared: done!
ININ execute_joblist_J_fmm_shared: done!
ININ execute_joblist_J_fmm_shared: done!
ININ execute_joblist_J_fmm_shared: done!
ININ execute_joblist_J_fmm_shared: done!
ININ execute_joblist_J_fmm_shared: done!
ININ execute_joblist_J_fmm_shared: done!
ININ execute_joblist_J_fmm_shared: done!
ININ multipole job list for J executed, largest L used: 12
TIIN Executing multipole job list for J took      0.32 usr cpu s       0.00 sys cpu s       0.13 wall s
ININ compute_J_by_boxes_linear ending OK.
TIIN compute_J_by_boxes_linear took    225.93 usr cpu s       0.34 sys cpu s      38.96 wall s
TI   compute_J_by_boxes_sparse total took    226.12 usr cpu s       0.34 sys cpu s      39.16 wall s
ININ entering create_CSR_for_K, no of basis funcs =   342, threshold_K =   1e-12
ININ create_box_system end OK, toplevelBoxSize:   7.0, #levels:  3, #boxes at top level:      6
ININ create_box_system end OK, toplevelBoxSize:   7.0, #levels:  3, #boxes at top level:      6
ININ create_box_system end OK, toplevelBoxSize:   7.0, #levels:  3, #boxes at top level:      6
TIIN create_CSR_for_K getting list of distrs took      0.44 usr cpu s       0.01 sys cpu s       0.45 wall s
ININ list of neighbors complete.
TIIN create_CSR_for_K getting list of neighbors took      0.00 usr cpu s       0.00 sys cpu s       0.00 wall s
TIIN create_CSR_for_K sort each list of neighbors took      0.06 usr cpu s       0.00 sys cpu s       0.06 wall s
ININ 8 threads started OK.
TIIN identify_needed_elements() took    604.83 usr cpu s       1.47 sys cpu s      92.17 wall s
ININ computing nnz..
ININ create_CSR_for_K: predicted nnz =        58653, <->  50.15% of a full matrix
TIIN create_CSR_for_K last part took      0.00 usr cpu s       0.00 sys cpu s       0.00 wall s
TIIN create_CSR_for_K total took    605.34 usr cpu s       1.48 sys cpu s      92.69 wall s
ININ entering compute_K_by_boxes, no of basis funcs =   342, threshold_K =   1e-12, exchange_box_size =   5.00
ININ create_box_system end OK, toplevelBoxSize:   7.0, #levels:  3, #boxes at top level:      6
ININ create_box_system end OK, toplevelBoxSize:   7.0, #levels:  3, #boxes at top level:      6
ININ create_box_system end OK, toplevelBoxSize:   7.0, #levels:  3, #boxes at top level:      6
TIIN Compute extent for all distrs took      0.47 usr cpu s       0.00 sys cpu s       0.47 wall s
ININ Creating list of distributions done, distrCountTot =    353701
TIIN Creating list of distributions took      0.76 usr cpu s       0.00 sys cpu s       0.76 wall s
ININ create_box_system end OK, toplevelBoxSize:   5.0, #levels:  3, #boxes at top level:     10
ININ create_box_system end OK, toplevelBoxSize:   2.5, #levels:  4, #boxes at top level:     16
ININ noOfLevelsBasisFuncs = 4, noOfLevelsDiff = 1
TIIN Creating boxes etc took      0.04 usr cpu s       0.00 sys cpu s       0.04 wall s
TIIN getting multipoleNormVectorList took      0.78 usr cpu s       0.00 sys cpu s       0.78 wall s
TIIN K organize_distributions for all boxes took      1.99 usr cpu s       0.01 sys cpu s       2.00 wall s
ININ starting loop to setup basisFuncGroupInfoList, with added index checks.
TIIN GetLimitsAllLevels took      0.32 usr cpu s       0.00 sys cpu s       0.32 wall s
ININ getDmatLimitMatrixCSRList start.
TIIN getting densityMatrixLimitMatrixList took      0.02 usr cpu s       0.00 sys cpu s       0.02 wall s
ININ job list for K created,       55 jobs
TIIN creating job list for K took      0.00 usr cpu s       0.00 sys cpu s       0.00 wall s
ININ execute_joblist_K_threaded, noOfThreads =  8, basisFuncListCount_max =   325
ININ 8 threads started OK.
ININ all 8 threads have finished, took       33 wall s.
TIIN Executing job list for K took    160.63 usr cpu s       0.13 sys cpu s      33.52 wall s
TIIN compute_K_by_boxes took    164.55 usr cpu s       0.14 sys cpu s      37.45 wall s
TI   compute_K_by_boxes_sparse total took    769.92 usr cpu s       1.63 sys cpu s     130.18 wall s
INSC About to truncate FockMatrix, gap of Fprev >=          0.38373151625
TISC symmMatrix::mixed_diff for F vs Fprev maxEigValMovement_mixed took      0.00 usr cpu s       0.00 sys cpu s       0.00 wall s
TISC symmMatrix::eucl_diff for maxEigValMovement_eucl  took      0.04 usr cpu s       0.14 sys cpu s       0.03 wall s
INSC maxEigValMovement_frob  =          0.00001277930
INSC maxEigValMovement_mixed =          0.00001095064
INSC maxEigValMovement_eucl  =          0.00000662992
TISC FockMatrix.eucl_thresh() (with Z) took      0.15 usr cpu s       0.48 sys cpu s       0.11 wall s
INSC Truncated FockMatrix (eucl with Z), selected threshold = 3.83718e-08, returned error =          0, nnz before = 100.0000 %, nnz after = 100.0000 %
INSC Matrix 'S' ( symm ): n =    342, nnz =       116964 <-> 100.00 %, mem usage  0.0005 G
INSC Matrix 'F' ( symm ): n =    342, nnz =       116964 <-> 100.00 %, mem usage  0.0005 G
INSC Matrix 'D' ( symm ): n =    342, nnz =       116964 <-> 100.00 %, mem usage  0.0005 G
INSC nuclearEnergy, energy_2el, energy = 782.160484, 1007.253425, -645.112846
INSC Energy  12 =       -645.11284581275  ( diff     -0.000000000029104 )
INSC calling compute_FDSminusSDF_sparse, n = 342
INDE compute_FDSminusSDF_sparse() start.
TIDE FileWritable::writeAndReadAll took      0.00 usr cpu s       0.00 sys cpu s       0.00 wall s
INDE writeAndReadAll: '0 MB (1 MatrixGeneral, 0 > 1 MB) + 0 MB (9 MatrixSymmetric, 0 > 1 MB) = 0 MB (10 total, 0 > 1 MB)
TISC compute_FDSminusSDF_sparse, F*D mult took      0.09 usr cpu s       0.33 sys cpu s       0.06 wall s
INSC Matrix 'FD before eucl truncation' (normal): n =    342, nnz =       116964 <-> 100.00 %, mem usage  0.0009 G
INSC Matrix 'FD after  eucl truncation' (normal): n =    342, nnz =       116964 <-> 100.00 %, mem usage  0.0009 G
INSC Matrix 'FDS before eucl truncation' (normal): n =    342, nnz =       116964 <-> 100.00 %, mem usage  0.0009 G
INSC Matrix 'FDS after  eucl truncation' (normal): n =    342, nnz =       116964 <-> 100.00 %, mem usage  0.0009 G
INSC compute_FDSminusSDF_sparse ending OK.
TISC compute_FDSminusSDF_sparse took      0.20 usr cpu s       0.74 sys cpu s       0.13 wall s
INSC Matrix 'FDS-SDF' (normal): n =    342, nnz =       116964 <-> 100.00 %, mem usage  0.0009 G
INSC SCF_restricted::get_FDSminusSDF finished.
TISC get_FDSminusSDF took      0.20 usr cpu s       0.74 sys cpu s       0.13 wall s
INSC maxabs FDS-SDF is 6.79e-07
INSC frob   FDS-SDF is 8.43e-06
TISC get_error_measure took      0.00 usr cpu s       0.00 sys cpu s       0.00 wall s
INSC entering DIISManagerRestricted::AddIterationToList, IterCount = 10
INSC DIISManagerRestricted::AddIterationToList ending OK.
TISC DIISManagerRestricted::AddIterationToList took      0.00 usr cpu s       0.03 sys cpu s       0.00 wall s
INSC using DIIS to get combined Fock matrix, number of iters used for DIIS: 10
TISC clear_error_matrices took      0.00 usr cpu s       0.00 sys cpu s       0.00 wall s
TISC save_current_fock_as_fprev took      0.00 usr cpu s       0.00 sys cpu s       0.00 wall s
INDE get_dens_from_fock_general, n = 342, use_diagonalization = 0, use_diag_on_error = 1
INDE Before writeAndReadAll(): AllocatorManager statistics:  noOfRealsPerBuffer: 1024 noOfBuffers: 20000 list.size(): 1. Allocated: 0.164 GB, Used: 0.0181 GB, Peak alloc: 0.164 GB.
TIDE FileWritable::writeAndReadAll took      0.00 usr cpu s       0.00 sys cpu s       0.00 wall s
INDE writeAndReadAll sizesStr: '0 MB (1 MatrixGeneral, 0 > 1 MB) + 0 MB (7 MatrixSymmetric, 0 > 1 MB) = 0 MB (8 total, 0 > 1 MB)
INDE After writeAndReadAll(): AllocatorManager statistics:  noOfRealsPerBuffer: 1024 noOfBuffers: 20000 list.size(): 1. Allocated: 0.164 GB, Used: 0.0181 GB, Peak alloc: 0.164 GB.
INDE calling get_dens_from_fock_sparse, n =    342, subspaceErrorLimit = 1e-06
INDE get_dens_from_fock_sparse() start!
INDE After F.readFromFile(): AllocatorManager statistics:  noOfRealsPerBuffer: 1024 noOfBuffers: 20000 list.size(): 1. Allocated: 0.164 GB, Used: 0.0181 GB, Peak alloc: 0.164 GB.
INDE After creating wrapper MatrixType F_w(F): AllocatorManager statistics:  noOfRealsPerBuffer: 1024 noOfBuffers: 20000 list.size(): 1. Allocated: 0.164 GB, Used: 0.0186 GB, Peak alloc: 0.164 GB.
TIDE  F_w to orthogonal basis took      0.03 usr cpu s       0.18 sys cpu s       0.03 wall s
TIDE MatrixType::mixed_diff for maxEigValMovement_mixed took      0.00 usr cpu s       0.01 sys cpu s       0.00 wall s
TIDE symmMatrixWrap::eucl_diff for maxEigValMovement_eucl  took      0.10 usr cpu s       0.36 sys cpu s       0.06 wall s
INDE maxEigValMovement_frob  =          0.00000704548
INDE maxEigValMovement_mixed =          0.00000448607
INDE maxEigValMovement_eucl  =          0.00000157665
INDE lumo before truncation: [ 0.035548097370 , 0.056526553070 ]
INDE homo before truncation: [ -0.357279832554 , -0.348180265571 ]
INDE Truncate matrix F and update intervals for homo and lumo.
INDE Truncating F_ort ( mixed ), selected threshold = 3.83728e-08
INDE Truncated F_ort ( mixed ), selected threshold = 3.83728e-08, returned error =          0, nnz before = 100.0000 %, nnz after = 100.0000 %
TIDE Truncation of F_ort took      0.00 usr cpu s       0.00 sys cpu s       0.00 wall s
INDE Chosen Ergo Wrapper
INDE Creating purification object: N = 342 , nocc = 47 , NNZ = 116964  <-> 100.00000 %
INDE Chosen norm for the truncation: 
INDE mixed
INDE Chosen norm for the stopping criterion: 
INDE mixed
INDE Chosen the NEW stopping criterion.
INDE Allowed error in subspace 7.000000e-07
INDE Chosen SP2 purification method
INDE calling Puri->PurificationStart(), number of threads = 1, trunc norm 'mixed'
TIDE gershgorin took      0.00 usr cpu s       0.01 sys cpu s       0.00 wall s
INDE Gershgorin bounds: [ -59.820859256760 , 100.436330462587 ]
INDE EXPANDED Gershgorin bounds: [ -59.820859271661 , 100.436330477488 ]
INDE Trying to impove bounds using Lanczos algorithm...
TIDE compute_spectrum_bounds took      0.11 usr cpu s       0.36 sys cpu s       0.08 wall s
INDE Spectrum of F: 	 [ -20.624838397446 , 51.715199198566 ]
INDE Transform homo and lumo bounds...
INDE HOMO bounds of X: 	 [ 0.719703516812 , 0.719829305618 ]
INDE LUMO bounds of X: 	 [ 0.714109010200 , 0.714399008054 ]
INDE INIT LUMO: [ 0.714109010200 , 0.714399008054 ]
INDE INIT HOMO: [ 0.280170694382 , 0.280296483188 ]
INDE ESTIMATED NUMBER OF ITERATIONS IS 35
INDE Put eigenvalues of F to the interval [0,1] in reverse order.
TIDE compute_X() took      0.00 usr cpu s       0.00 sys cpu s       0.00 wall s
TIDE prepare_to_purification() took      0.12 usr cpu s       0.37 sys cpu s       0.08 wall s
INDE (EIGV,PARAMS) Requested 0 occipied eigenpair(s).
INDE (EIGV,PARAMS) Requested 0 unoccipied eigenpair(s).
TIDE prepare_to_purification_eigenvectors() took      0.00 usr cpu s       0.00 sys cpu s       0.00 wall s
INDE Starting recursive expansion
INDE     BEFORE ITERATIONS:
TIDE truncate_matrix took      0.00 usr cpu s       0.00 sys cpu s       0.00 wall s
INDE Actual introduced error   0.000000e+00 : nnz before  116964 <-> 100.00 % , nnz after  116964 <-> 100.00 %
TIDE square took      0.04 usr cpu s       0.09 sys cpu s       0.02 wall s
INDE NNZ Xsq = 116964 <-> 100.00 %
TIDE Frobenius norm of X-X^2 took      0.00 usr cpu s       0.00 sys cpu s       0.00 wall s
TIDE Mixed norm of X-X^2 took      0.01 usr cpu s       0.01 sys cpu s       0.00 wall s
TIDE Trace of X-X^2 took      0.00 usr cpu s       0.00 sys cpu s       0.00 wall s
INDE ||X-X^2||_F = 3.852014e+00 , ||X-X^2||_mixed = 1.286053e+00
INDE trace(X-X^2) = 7.012956e+01
INDE trace(X) = 2.342456e+02
TIDE Iteration 0 took      0.05 usr cpu s       0.10 sys cpu s       0.02 wall s
TIDE FileWritable::writeAndReadAll took      0.00 usr cpu s       0.00 sys cpu s       0.00 wall s
INDE writeAndReadAll sizesStr: '0 MB (1 MatrixGeneral, 0 > 1 MB) + 0 MB (13 MatrixSymmetric, 0 > 1 MB) + 0 MB (2 VectorGeneral, 0 > 1 MB) = 0 MB (16 total, 0 > 1 MB)
INDE     ITERATION 1 :
TIDE purify_X took      0.00 usr cpu s       0.00 sys cpu s       0.00 wall s
TIDE truncate_matrix took      0.00 usr cpu s       0.00 sys cpu s       0.00 wall s
INDE Actual introduced error   0.000000e+00 : nnz before  116964 <-> 100.00 % , nnz after  116964 <-> 100.00 %
TIDE square took      0.04 usr cpu s       0.12 sys cpu s       0.02 wall s
INDE NNZ Xsq = 116964 <-> 100.00 %
TIDE Frobenius norm of X-X^2 took      0.00 usr cpu s       0.00 sys cpu s       0.00 wall s
TIDE Mixed norm of X-X^2 took      0.00 usr cpu s       0.01 sys cpu s       0.00 wall s
TIDE Trace of X-X^2 took      0.00 usr cpu s       0.00 sys cpu s       0.00 wall s
INDE ||X-X^2||_F = 4.467938e+00 , ||X-X^2||_mixed = 1.460677e+00
INDE trace(X-X^2) = 8.127625e+01
INDE trace(X) = 1.641160e+02
TIDE Iteration 1 took      0.05 usr cpu s       0.13 sys cpu s       0.03 wall s
INDE     ITERATION 2 :
TIDE purify_X took      0.00 usr cpu s       0.00 sys cpu s       0.00 wall s
TIDE truncate_matrix took      0.00 usr cpu s       0.00 sys cpu s       0.00 wall s
INDE Actual introduced error   0.000000e+00 : nnz before  116964 <-> 100.00 % , nnz after  116964 <-> 100.00 %
TIDE square took      0.02 usr cpu s       0.08 sys cpu s       0.01 wall s
INDE NNZ Xsq = 116964 <-> 100.00 %
TIDE Frobenius norm of X-X^2 took      0.00 usr cpu s       0.00 sys cpu s       0.00 wall s
TIDE Mixed norm of X-X^2 took      0.01 usr cpu s       0.01 sys cpu s       0.00 wall s
TIDE Trace of X-X^2 took      0.00 usr cpu s       0.00 sys cpu s       0.00 wall s
INDE ||X-X^2||_F = 3.254698e+00 , ||X-X^2||_mixed = 1.135626e+00
INDE trace(X-X^2) = 5.849020e+01
INDE trace(X) = 8.283977e+01
INDE Checking stopping criterion...   
INDE Order of convergence cannot be computed
TIDE stopping_criterion took      0.00 usr cpu s       0.00 sys cpu s       0.00 wall s
TIDE Iteration 2 took      0.03 usr cpu s       0.09 sys cpu s       0.02 wall s
INDE     ITERATION 3 :
TIDE purify_X took      0.00 usr cpu s       0.00 sys cpu s       0.00 wall s
TIDE truncate_matrix took      0.00 usr cpu s       0.00 sys cpu s       0.00 wall s
INDE Actual introduced error   0.000000e+00 : nnz before  116964 <-> 100.00 % , nnz after  116964 <-> 100.00 %
TIDE square took      0.02 usr cpu s       0.05 sys cpu s       0.01 wall s
INDE NNZ Xsq = 116964 <-> 100.00 %
TIDE Frobenius norm of X-X^2 took      0.00 usr cpu s       0.00 sys cpu s       0.00 wall s
TIDE Mixed norm of X-X^2 took      0.00 usr cpu s       0.02 sys cpu s       0.00 wall s
TIDE Trace of X-X^2 took      0.00 usr cpu s       0.00 sys cpu s       0.00 wall s
INDE ||X-X^2||_F = 4.290382e+00 , ||X-X^2||_mixed = 1.444683e+00
INDE trace(X-X^2) = 7.741617e+01
INDE trace(X) = 1.413300e+02
INDE Checking stopping criterion...   
INDE Order of convergence cannot be computed
TIDE stopping_criterion took      0.00 usr cpu s       0.00 sys cpu s       0.00 wall s
TIDE Iteration 3 took      0.02 usr cpu s       0.07 sys cpu s       0.01 wall s
INDE     ITERATION 4 :
TIDE purify_X took      0.00 usr cpu s       0.00 sys cpu s       0.00 wall s
TIDE truncate_matrix took      0.00 usr cpu s       0.00 sys cpu s       0.00 wall s
INDE Actual introduced error   0.000000e+00 : nnz before  116964 <-> 100.00 % , nnz after  116964 <-> 100.00 %
TIDE square took      0.01 usr cpu s       0.05 sys cpu s       0.01 wall s
INDE NNZ Xsq = 116964 <-> 100.00 %
TIDE Frobenius norm of X-X^2 took      0.00 usr cpu s       0.00 sys cpu s       0.00 wall s
TIDE Mixed norm of X-X^2 took      0.00 usr cpu s       0.01 sys cpu s       0.00 wall s
TIDE Trace of X-X^2 took      0.00 usr cpu s       0.00 sys cpu s       0.00 wall s
INDE ||X-X^2||_F = 4.003286e+00 , ||X-X^2||_mixed = 1.405987e+00
INDE trace(X-X^2) = 7.177920e+01
INDE trace(X) = 2.187461e+02
INDE Checking stopping criterion...   
INDE Order of convergence cannot be computed
TIDE stopping_criterion took      0.00 usr cpu s       0.00 sys cpu s       0.00 wall s
TIDE Iteration 4 took      0.02 usr cpu s       0.06 sys cpu s       0.01 wall s
INDE     ITERATION 5 :
TIDE purify_X took      0.00 usr cpu s       0.00 sys cpu s       0.00 wall s
TIDE truncate_matrix took      0.00 usr cpu s       0.00 sys cpu s       0.00 wall s
INDE Actual introduced error   0.000000e+00 : nnz before  116964 <-> 100.00 % , nnz after  116964 <-> 100.00 %
TIDE square took      0.03 usr cpu s       0.19 sys cpu s       0.03 wall s
INDE NNZ Xsq = 116964 <-> 100.00 %
TIDE Frobenius norm of X-X^2 took      0.00 usr cpu s       0.00 sys cpu s       0.00 wall s
TIDE Mixed norm of X-X^2 took      0.00 usr cpu s       0.02 sys cpu s       0.00 wall s
TIDE Trace of X-X^2 took      0.00 usr cpu s       0.00 sys cpu s       0.00 wall s
INDE ||X-X^2||_F = 4.268876e+00 , ||X-X^2||_mixed = 1.493204e+00
INDE trace(X-X^2) = 7.626113e+01
INDE trace(X) = 1.469669e+02
INDE Checking stopping criterion...   
INDE Order of convergence cannot be computed
TIDE stopping_criterion took      0.00 usr cpu s       0.00 sys cpu s       0.00 wall s
TIDE Iteration 5 took      0.04 usr cpu s       0.20 sys cpu s       0.03 wall s
INDE     ITERATION 6 :
TIDE purify_X took      0.00 usr cpu s       0.00 sys cpu s       0.00 wall s
TIDE truncate_matrix took      0.00 usr cpu s       0.00 sys cpu s       0.00 wall s
INDE Actual introduced error   0.000000e+00 : nnz before  116964 <-> 100.00 % , nnz after  116964 <-> 100.00 %
TIDE square took      0.02 usr cpu s       0.07 sys cpu s       0.01 wall s
INDE NNZ Xsq = 116964 <-> 100.00 %
TIDE Frobenius norm of X-X^2 took      0.00 usr cpu s       0.00 sys cpu s       0.00 wall s
TIDE Mixed norm of X-X^2 took      0.00 usr cpu s       0.02 sys cpu s       0.00 wall s
TIDE Trace of X-X^2 took      0.00 usr cpu s       0.00 sys cpu s       0.00 wall s
INDE ||X-X^2||_F = 2.734227e+00 , ||X-X^2||_mixed = 1.096789e+00
INDE trace(X-X^2) = 4.779601e+01
INDE trace(X) = 7.070581e+01
INDE Checking stopping criterion...   
INDE Order of convergence cannot be computed
TIDE stopping_criterion took      0.00 usr cpu s       0.00 sys cpu s       0.00 wall s
TIDE Iteration 6 took      0.02 usr cpu s       0.09 sys cpu s       0.02 wall s
INDE     ITERATION 7 :
TIDE purify_X took      0.00 usr cpu s       0.00 sys cpu s       0.00 wall s
TIDE truncate_matrix took      0.00 usr cpu s       0.00 sys cpu s       0.00 wall s
INDE Actual introduced error   0.000000e+00 : nnz before  116964 <-> 100.00 % , nnz after  116964 <-> 100.00 %
TIDE square took      0.03 usr cpu s       0.11 sys cpu s       0.02 wall s
INDE NNZ Xsq = 116964 <-> 100.00 %
TIDE Frobenius norm of X-X^2 took      0.00 usr cpu s       0.00 sys cpu s       0.00 wall s
TIDE Mixed norm of X-X^2 took      0.00 usr cpu s       0.02 sys cpu s       0.00 wall s
TIDE Trace of X-X^2 took      0.00 usr cpu s       0.00 sys cpu s       0.00 wall s
INDE ||X-X^2||_F = 3.850807e+00 , ||X-X^2||_mixed = 1.464409e+00
INDE trace(X-X^2) = 6.763987e+01
INDE trace(X) = 1.185018e+02
INDE Checking stopping criterion...   
INDE Order of convergence cannot be computed
TIDE stopping_criterion took      0.00 usr cpu s       0.00 sys cpu s       0.00 wall s
TIDE Iteration 7 took      0.03 usr cpu s       0.13 sys cpu s       0.02 wall s
INDE     ITERATION 8 :
TIDE purify_X took      0.00 usr cpu s       0.00 sys cpu s       0.00 wall s
TIDE truncate_matrix took      0.00 usr cpu s       0.00 sys cpu s       0.00 wall s
INDE Actual introduced error   0.000000e+00 : nnz before  116964 <-> 100.00 % , nnz after  116964 <-> 100.00 %
TIDE square took      0.02 usr cpu s       0.04 sys cpu s       0.01 wall s
INDE NNZ Xsq = 116964 <-> 100.00 %
TIDE Frobenius norm of X-X^2 took      0.00 usr cpu s       0.00 sys cpu s       0.00 wall s
TIDE Mixed norm of X-X^2 took      0.00 usr cpu s       0.02 sys cpu s       0.00 wall s
TIDE Trace of X-X^2 took      0.00 usr cpu s       0.00 sys cpu s       0.00 wall s
INDE ||X-X^2||_F = 4.120478e+00 , ||X-X^2||_mixed = 1.498159e+00
INDE trace(X-X^2) = 7.299921e+01
INDE trace(X) = 1.861417e+02
INDE Checking stopping criterion...   
INDE Order of convergence cannot be computed
TIDE stopping_criterion took      0.00 usr cpu s       0.00 sys cpu s       0.00 wall s
TIDE Iteration 8 took      0.02 usr cpu s       0.06 sys cpu s       0.01 wall s
INDE     ITERATION 9 :
TIDE purify_X took      0.00 usr cpu s       0.00 sys cpu s       0.00 wall s
TIDE truncate_matrix took      0.00 usr cpu s       0.00 sys cpu s       0.00 wall s
INDE Actual introduced error   0.000000e+00 : nnz before  116964 <-> 100.00 % , nnz after  116964 <-> 100.00 %
TIDE square took      0.02 usr cpu s       0.10 sys cpu s       0.02 wall s
INDE NNZ Xsq = 116964 <-> 100.00 %
TIDE Frobenius norm of X-X^2 took      0.00 usr cpu s       0.00 sys cpu s       0.00 wall s
TIDE Mixed norm of X-X^2 took      0.00 usr cpu s       0.02 sys cpu s       0.00 wall s
TIDE Trace of X-X^2 took      0.00 usr cpu s       0.00 sys cpu s       0.00 wall s
INDE ||X-X^2||_F = 3.665700e+00 , ||X-X^2||_mixed = 1.504887e+00
INDE trace(X-X^2) = 6.284351e+01
INDE trace(X) = 1.131425e+02
INDE Checking stopping criterion...   
INDE Order of convergence cannot be computed
TIDE stopping_criterion took      0.00 usr cpu s       0.00 sys cpu s       0.00 wall s
TIDE Iteration 9 took      0.02 usr cpu s       0.12 sys cpu s       0.02 wall s
INDE     ITERATION 10 :
TIDE purify_X took      0.00 usr cpu s       0.00 sys cpu s       0.00 wall s
TIDE truncate_matrix took      0.00 usr cpu s       0.00 sys cpu s       0.00 wall s
INDE Actual introduced error   0.000000e+00 : nnz before  116964 <-> 100.00 % , nnz after  116964 <-> 100.00 %
TIDE square took      0.02 usr cpu s       0.05 sys cpu s       0.01 wall s
INDE NNZ Xsq = 116964 <-> 100.00 %
TIDE Frobenius norm of X-X^2 took      0.00 usr cpu s       0.00 sys cpu s       0.00 wall s
TIDE Mixed norm of X-X^2 took      0.01 usr cpu s       0.01 sys cpu s       0.00 wall s
TIDE Trace of X-X^2 took      0.00 usr cpu s       0.00 sys cpu s       0.00 wall s
INDE ||X-X^2||_F = 3.888186e+00 , ||X-X^2||_mixed = 1.520339e+00
INDE trace(X-X^2) = 6.812285e+01
INDE trace(X) = 1.759860e+02
INDE Checking stopping criterion...   
INDE Order of convergence cannot be computed
TIDE stopping_criterion took      0.00 usr cpu s       0.00 sys cpu s       0.00 wall s
TIDE Iteration 10 took      0.03 usr cpu s       0.06 sys cpu s       0.01 wall s
INDE     ITERATION 11 :
TIDE purify_X took      0.00 usr cpu s       0.00 sys cpu s       0.00 wall s
TIDE truncate_matrix took      0.00 usr cpu s       0.00 sys cpu s       0.00 wall s
INDE Actual introduced error   0.000000e+00 : nnz before  116964 <-> 100.00 % , nnz after  116964 <-> 100.00 %
TIDE square took      0.03 usr cpu s       0.12 sys cpu s       0.02 wall s
INDE NNZ Xsq = 116964 <-> 100.00 %
TIDE Frobenius norm of X-X^2 took      0.00 usr cpu s       0.00 sys cpu s       0.00 wall s
TIDE Mixed norm of X-X^2 took      0.01 usr cpu s       0.01 sys cpu s       0.00 wall s
TIDE Trace of X-X^2 took      0.00 usr cpu s       0.00 sys cpu s       0.00 wall s
INDE ||X-X^2||_F = 3.436155e+00 , ||X-X^2||_mixed = 1.550221e+00
INDE trace(X-X^2) = 5.634730e+01
INDE trace(X) = 1.078631e+02
INDE Checking stopping criterion...   
INDE Order of convergence cannot be computed
TIDE stopping_criterion took      0.00 usr cpu s       0.00 sys cpu s       0.00 wall s
TIDE Iteration 11 took      0.04 usr cpu s       0.14 sys cpu s       0.02 wall s
INDE     ITERATION 12 :
TIDE purify_X took      0.00 usr cpu s       0.00 sys cpu s       0.00 wall s
TIDE truncate_matrix took      0.00 usr cpu s       0.00 sys cpu s       0.00 wall s
INDE Actual introduced error   0.000000e+00 : nnz before  116964 <-> 100.00 % , nnz after  116964 <-> 100.00 %
TIDE square took      0.02 usr cpu s       0.04 sys cpu s       0.01 wall s
INDE NNZ Xsq = 116964 <-> 100.00 %
TIDE Frobenius norm of X-X^2 took      0.00 usr cpu s       0.00 sys cpu s       0.00 wall s
TIDE Mixed norm of X-X^2 took      0.00 usr cpu s       0.02 sys cpu s       0.00 wall s
TIDE Trace of X-X^2 took      0.00 usr cpu s       0.00 sys cpu s       0.00 wall s
INDE ||X-X^2||_F = 2.134020e+00 , ||X-X^2||_mixed = 1.203842e+00
INDE trace(X-X^2) = 2.958070e+01
INDE trace(X) = 5.151584e+01
INDE Checking stopping criterion...   
INDE Order of convergence cannot be computed
TIDE stopping_criterion took      0.00 usr cpu s       0.00 sys cpu s       0.00 wall s
TIDE Iteration 12 took      0.03 usr cpu s       0.05 sys cpu s       0.01 wall s
INDE     ITERATION 13 :
TIDE purify_X took      0.00 usr cpu s       0.00 sys cpu s       0.00 wall s
TIDE truncate_matrix took      0.00 usr cpu s       0.00 sys cpu s       0.00 wall s
INDE Actual introduced error   0.000000e+00 : nnz before  116964 <-> 100.00 % , nnz after  116964 <-> 100.00 %
TIDE square took      0.01 usr cpu s       0.04 sys cpu s       0.01 wall s
INDE NNZ Xsq = 116964 <-> 100.00 %
TIDE Frobenius norm of X-X^2 took      0.00 usr cpu s       0.00 sys cpu s       0.00 wall s
TIDE Mixed norm of X-X^2 took      0.01 usr cpu s       0.01 sys cpu s       0.00 wall s
TIDE Trace of X-X^2 took      0.00 usr cpu s       0.00 sys cpu s       0.00 wall s
INDE ||X-X^2||_F = 2.856446e+00 , ||X-X^2||_mixed = 1.476454e+00
INDE trace(X-X^2) = 4.203469e+01
INDE trace(X) = 8.109654e+01
INDE Checking stopping criterion...   
INDE Order of convergence cannot be computed
TIDE stopping_criterion took      0.00 usr cpu s       0.00 sys cpu s       0.00 wall s
TIDE Iteration 13 took      0.02 usr cpu s       0.06 sys cpu s       0.01 wall s
INDE     ITERATION 14 :
TIDE purify_X took      0.00 usr cpu s       0.00 sys cpu s       0.00 wall s
TIDE truncate_matrix took      0.00 usr cpu s       0.00 sys cpu s       0.00 wall s
INDE Actual introduced error   0.000000e+00 : nnz before  116964 <-> 100.00 % , nnz after  116964 <-> 100.00 %
TIDE square took      0.01 usr cpu s       0.05 sys cpu s       0.01 wall s
INDE NNZ Xsq = 116964 <-> 100.00 %
TIDE Frobenius norm of X-X^2 took      0.00 usr cpu s       0.00 sys cpu s       0.00 wall s
TIDE Mixed norm of X-X^2 took      0.00 usr cpu s       0.02 sys cpu s       0.00 wall s
TIDE Trace of X-X^2 took      0.00 usr cpu s       0.00 sys cpu s       0.00 wall s
INDE ||X-X^2||_F = 3.137433e+00 , ||X-X^2||_mixed = 1.633222e+00
INDE trace(X-X^2) = 4.810057e+01
INDE trace(X) = 1.231312e+02
INDE Checking stopping criterion...   
INDE Order of convergence cannot be computed
TIDE stopping_criterion took      0.00 usr cpu s       0.00 sys cpu s       0.00 wall s
TIDE Iteration 14 took      0.02 usr cpu s       0.07 sys cpu s       0.01 wall s
INDE     ITERATION 15 :
TIDE purify_X took      0.00 usr cpu s       0.00 sys cpu s       0.00 wall s
TIDE truncate_matrix took      0.00 usr cpu s       0.00 sys cpu s       0.00 wall s
INDE Actual introduced error   0.000000e+00 : nnz before  116964 <-> 100.00 % , nnz after  116964 <-> 100.00 %
TIDE square took      0.01 usr cpu s       0.04 sys cpu s       0.01 wall s
INDE NNZ Xsq = 116964 <-> 100.00 %
TIDE Frobenius norm of X-X^2 took      0.00 usr cpu s       0.00 sys cpu s       0.00 wall s
TIDE Mixed norm of X-X^2 took      0.01 usr cpu s       0.01 sys cpu s       0.00 wall s
TIDE Trace of X-X^2 took      0.00 usr cpu s       0.00 sys cpu s       0.00 wall s
INDE ||X-X^2||_F = 2.538328e+00 , ||X-X^2||_mixed = 1.427881e+00
INDE trace(X-X^2) = 3.388155e+01
INDE trace(X) = 7.503066e+01
INDE Checking stopping criterion...   
INDE Order of convergence cannot be computed
TIDE stopping_criterion took      0.00 usr cpu s       0.00 sys cpu s       0.00 wall s
TIDE Iteration 15 took      0.02 usr cpu s       0.06 sys cpu s       0.01 wall s
INDE     ITERATION 16 :
TIDE purify_X took      0.00 usr cpu s       0.00 sys cpu s       0.00 wall s
TIDE truncate_matrix took      0.00 usr cpu s       0.00 sys cpu s       0.00 wall s
INDE Actual introduced error   0.000000e+00 : nnz before  116964 <-> 100.00 % , nnz after  116964 <-> 100.00 %
TIDE square took      0.02 usr cpu s       0.03 sys cpu s       0.01 wall s
INDE NNZ Xsq = 116964 <-> 100.00 %
TIDE Frobenius norm of X-X^2 took      0.00 usr cpu s       0.00 sys cpu s       0.00 wall s
TIDE Mixed norm of X-X^2 took      0.01 usr cpu s       0.01 sys cpu s       0.00 wall s
TIDE Trace of X-X^2 took      0.00 usr cpu s       0.00 sys cpu s       0.00 wall s
INDE ||X-X^2||_F = 2.741272e+00 , ||X-X^2||_mixed = 1.619469e+00
INDE trace(X-X^2) = 3.724942e+01
INDE trace(X) = 1.089122e+02
INDE Checking stopping criterion...   
INDE Order of convergence cannot be computed
TIDE stopping_criterion took      0.00 usr cpu s       0.00 sys cpu s       0.00 wall s
TIDE Iteration 16 took      0.03 usr cpu s       0.05 sys cpu s       0.01 wall s
INDE     ITERATION 17 :
TIDE purify_X took      0.00 usr cpu s       0.00 sys cpu s       0.00 wall s
TIDE truncate_matrix took      0.00 usr cpu s       0.00 sys cpu s       0.00 wall s
INDE Actual introduced error   0.000000e+00 : nnz before  116964 <-> 100.00 % , nnz after  116964 <-> 100.00 %
TIDE square took      0.01 usr cpu s       0.05 sys cpu s       0.01 wall s
INDE NNZ Xsq = 116964 <-> 100.00 %
TIDE Frobenius norm of X-X^2 took      0.00 usr cpu s       0.00 sys cpu s       0.00 wall s
TIDE Mixed norm of X-X^2 took      0.00 usr cpu s       0.02 sys cpu s       0.00 wall s
TIDE Trace of X-X^2 took      0.00 usr cpu s       0.00 sys cpu s       0.00 wall s
INDE ||X-X^2||_F = 2.196867e+00 , ||X-X^2||_mixed = 1.348216e+00
INDE trace(X-X^2) = 2.633769e+01
INDE trace(X) = 7.166279e+01
INDE Checking stopping criterion...   
INDE Order of convergence cannot be computed
TIDE stopping_criterion took      0.00 usr cpu s       0.00 sys cpu s       0.00 wall s
TIDE Iteration 17 took      0.01 usr cpu s       0.07 sys cpu s       0.01 wall s
INDE     ITERATION 18 :
TIDE purify_X took      0.00 usr cpu s       0.00 sys cpu s       0.00 wall s
TIDE truncate_matrix took      0.00 usr cpu s       0.00 sys cpu s       0.00 wall s
INDE Actual introduced error   0.000000e+00 : nnz before  116964 <-> 100.00 % , nnz after  116964 <-> 100.00 %
TIDE square took      0.03 usr cpu s       0.03 sys cpu s       0.01 wall s
INDE NNZ Xsq = 116964 <-> 100.00 %
TIDE Frobenius norm of X-X^2 took      0.00 usr cpu s       0.00 sys cpu s       0.00 wall s
TIDE Mixed norm of X-X^2 took      0.00 usr cpu s       0.02 sys cpu s       0.00 wall s
TIDE Trace of X-X^2 took      0.00 usr cpu s       0.00 sys cpu s       0.00 wall s
INDE ||X-X^2||_F = 1.503685e+00 , ||X-X^2||_mixed = 1.049197e+00
INDE trace(X-X^2) = 1.465039e+01
INDE trace(X) = 4.532510e+01
INDE Checking stopping criterion...   
INDE Order of convergence cannot be computed
TIDE stopping_criterion took      0.00 usr cpu s       0.00 sys cpu s       0.00 wall s
TIDE Iteration 18 took      0.04 usr cpu s       0.05 sys cpu s       0.01 wall s
INDE     ITERATION 19 :
TIDE purify_X took      0.00 usr cpu s       0.00 sys cpu s       0.00 wall s
TIDE truncate_matrix took      0.00 usr cpu s       0.00 sys cpu s       0.00 wall s
INDE Actual introduced error   0.000000e+00 : nnz before  116964 <-> 100.00 % , nnz after  116964 <-> 100.00 %
TIDE square took      0.02 usr cpu s       0.04 sys cpu s       0.01 wall s
INDE NNZ Xsq = 116964 <-> 100.00 %
TIDE Frobenius norm of X-X^2 took      0.00 usr cpu s       0.00 sys cpu s       0.00 wall s
TIDE Mixed norm of X-X^2 took      0.00 usr cpu s       0.02 sys cpu s       0.00 wall s
TIDE Trace of X-X^2 took      0.00 usr cpu s       0.00 sys cpu s       0.00 wall s
INDE ||X-X^2||_F = 1.606133e+00 , ||X-X^2||_mixed = 1.077414e+00
INDE trace(X-X^2) = 1.666802e+01
INDE trace(X) = 5.997549e+01
INDE Checking stopping criterion...   
INDE Order of convergence cannot be computed
TIDE stopping_criterion took      0.00 usr cpu s       0.00 sys cpu s       0.00 wall s
TIDE Iteration 19 took      0.02 usr cpu s       0.06 sys cpu s       0.01 wall s
INDE     ITERATION 20 :
TIDE purify_X took      0.00 usr cpu s       0.00 sys cpu s       0.00 wall s
TIDE truncate_matrix took      0.00 usr cpu s       0.00 sys cpu s       0.00 wall s
INDE Actual introduced error   0.000000e+00 : nnz before  116964 <-> 100.00 % , nnz after  116964 <-> 100.00 %
TIDE square took      0.02 usr cpu s       0.03 sys cpu s       0.01 wall s
INDE NNZ Xsq = 116964 <-> 100.00 %
TIDE Frobenius norm of X-X^2 took      0.00 usr cpu s       0.00 sys cpu s       0.00 wall s
TIDE Mixed norm of X-X^2 took      0.00 usr cpu s       0.02 sys cpu s       0.00 wall s
TIDE Trace of X-X^2 took      0.00 usr cpu s       0.00 sys cpu s       0.00 wall s
INDE ||X-X^2||_F = 1.109688e+00 , ||X-X^2||_mixed = 8.472662e-01
INDE trace(X-X^2) = 8.649414e+00
INDE trace(X) = 4.330747e+01
INDE Checking stopping criterion...   
INDE Order of convergence cannot be computed
TIDE stopping_criterion took      0.00 usr cpu s       0.00 sys cpu s       0.00 wall s
TIDE Iteration 20 took      0.03 usr cpu s       0.05 sys cpu s       0.01 wall s
INDE     ITERATION 21 :
TIDE purify_X took      0.00 usr cpu s       0.00 sys cpu s       0.00 wall s
TIDE truncate_matrix took      0.00 usr cpu s       0.00 sys cpu s       0.00 wall s
INDE Actual introduced error   0.000000e+00 : nnz before  116964 <-> 100.00 % , nnz after  116964 <-> 100.00 %
TIDE square took      0.01 usr cpu s       0.04 sys cpu s       0.01 wall s
INDE NNZ Xsq = 116964 <-> 100.00 %
TIDE Frobenius norm of X-X^2 took      0.00 usr cpu s       0.00 sys cpu s       0.00 wall s
TIDE Mixed norm of X-X^2 took      0.00 usr cpu s       0.01 sys cpu s       0.00 wall s
TIDE Trace of X-X^2 took      0.00 usr cpu s       0.00 sys cpu s       0.00 wall s
INDE ||X-X^2||_F = 9.694022e-01 , ||X-X^2||_mixed = 7.162073e-01
INDE trace(X-X^2) = 8.394746e+00
INDE trace(X) = 5.195688e+01
INDE Checking stopping criterion...   
INDE Order of convergence cannot be computed
TIDE stopping_criterion took      0.00 usr cpu s       0.00 sys cpu s       0.00 wall s
TIDE Iteration 21 took      0.02 usr cpu s       0.06 sys cpu s       0.01 wall s
INDE     ITERATION 22 :
TIDE purify_X took      0.00 usr cpu s       0.00 sys cpu s       0.00 wall s
TIDE truncate_matrix took      0.00 usr cpu s       0.00 sys cpu s       0.00 wall s
INDE Actual introduced error   0.000000e+00 : nnz before  116964 <-> 100.00 % , nnz after  116964 <-> 100.00 %
TIDE square took      0.01 usr cpu s       0.05 sys cpu s       0.01 wall s
INDE NNZ Xsq = 116964 <-> 100.00 %
TIDE Frobenius norm of X-X^2 took      0.00 usr cpu s       0.00 sys cpu s       0.00 wall s
TIDE Mixed norm of X-X^2 took      0.00 usr cpu s       0.02 sys cpu s       0.00 wall s
TIDE Trace of X-X^2 took      0.00 usr cpu s       0.00 sys cpu s       0.00 wall s
INDE ||X-X^2||_F = 1.308115e+00 , ||X-X^2||_mixed = 9.750837e-01
INDE trace(X-X^2) = 1.060334e+01
INDE trace(X) = 6.035163e+01
INDE Checking stopping criterion...   
INDE Order of convergence cannot be computed
TIDE stopping_criterion took      0.00 usr cpu s       0.00 sys cpu s       0.00 wall s
TIDE Iteration 22 took      0.01 usr cpu s       0.07 sys cpu s       0.01 wall s
INDE     ITERATION 23 :
TIDE purify_X took      0.00 usr cpu s       0.00 sys cpu s       0.00 wall s
TIDE truncate_matrix took      0.00 usr cpu s       0.00 sys cpu s       0.00 wall s
INDE Actual introduced error   0.000000e+00 : nnz before  116964 <-> 100.00 % , nnz after  116964 <-> 100.00 %
TIDE square took      0.02 usr cpu s       0.04 sys cpu s       0.01 wall s
INDE NNZ Xsq = 116964 <-> 100.00 %
TIDE Frobenius norm of X-X^2 took      0.00 usr cpu s       0.00 sys cpu s       0.00 wall s
TIDE Mixed norm of X-X^2 took      0.00 usr cpu s       0.02 sys cpu s       0.00 wall s
TIDE Trace of X-X^2 took      0.00 usr cpu s       0.00 sys cpu s       0.00 wall s
INDE ||X-X^2||_F = 5.528665e-01 , ||X-X^2||_mixed = 4.415064e-01
INDE trace(X-X^2) = 3.713748e+00
INDE trace(X) = 4.974829e+01
INDE Checking stopping criterion...   
INDE e_i =4.415064e-01, C*e_{i-1}^q = 3.532809e+00
INDE Order of convergence = 8.230513, stop = 0
TIDE stopping_criterion took      0.00 usr cpu s       0.00 sys cpu s       0.00 wall s
TIDE Iteration 23 took      0.02 usr cpu s       0.06 sys cpu s       0.01 wall s
INDE     ITERATION 24 :
TIDE purify_X took      0.00 usr cpu s       0.00 sys cpu s       0.00 wall s
TIDE truncate_matrix took      0.00 usr cpu s       0.00 sys cpu s       0.00 wall s
INDE Actual introduced error   0.000000e+00 : nnz before  116964 <-> 100.00 % , nnz after  116964 <-> 100.00 %
TIDE square took      0.02 usr cpu s       0.03 sys cpu s       0.01 wall s
INDE NNZ Xsq = 116964 <-> 100.00 %
TIDE Frobenius norm of X-X^2 took      0.00 usr cpu s       0.00 sys cpu s       0.00 wall s
TIDE Mixed norm of X-X^2 took      0.00 usr cpu s       0.01 sys cpu s       0.00 wall s
TIDE Trace of X-X^2 took      0.00 usr cpu s       0.00 sys cpu s       0.00 wall s
INDE ||X-X^2||_F = 3.562240e-01 , ||X-X^2||_mixed = 3.225719e-01
INDE trace(X-X^2) = 1.459673e+00
INDE trace(X) = 4.603454e+01
INDE Checking stopping criterion...   
INDE Order of convergence cannot be computed
TIDE stopping_criterion took      0.00 usr cpu s       0.00 sys cpu s       0.00 wall s
TIDE Iteration 24 took      0.03 usr cpu s       0.04 sys cpu s       0.01 wall s
INDE     ITERATION 25 :
TIDE purify_X took      0.00 usr cpu s       0.00 sys cpu s       0.00 wall s
TIDE truncate_matrix took      0.00 usr cpu s       0.00 sys cpu s       0.00 wall s
INDE Actual introduced error   0.000000e+00 : nnz before  116964 <-> 100.00 % , nnz after  116964 <-> 100.00 %
TIDE square took      0.01 usr cpu s       0.04 sys cpu s       0.01 wall s
INDE NNZ Xsq = 116964 <-> 100.00 %
TIDE Frobenius norm of X-X^2 took      0.00 usr cpu s       0.00 sys cpu s       0.00 wall s
TIDE Mixed norm of X-X^2 took      0.00 usr cpu s       0.01 sys cpu s       0.00 wall s
TIDE Trace of X-X^2 took      0.00 usr cpu s       0.00 sys cpu s       0.00 wall s
INDE ||X-X^2||_F = 1.792351e-01 , ||X-X^2||_mixed = 1.540881e-01
INDE trace(X-X^2) = 8.442920e-01
INDE trace(X) = 4.749422e+01
INDE Checking stopping criterion...   
INDE e_i =1.540881e-01, C*e_{i-1}^q = 1.342507e+00
INDE Order of convergence = 4.647833, stop = 0
TIDE stopping_criterion took      0.00 usr cpu s       0.00 sys cpu s       0.00 wall s
TIDE Iteration 25 took      0.03 usr cpu s       0.05 sys cpu s       0.01 wall s
INDE     ITERATION 26 :
TIDE purify_X took      0.00 usr cpu s       0.00 sys cpu s       0.00 wall s
TIDE truncate_matrix took      0.00 usr cpu s       0.00 sys cpu s       0.00 wall s
INDE Actual introduced error   0.000000e+00 : nnz before  116964 <-> 100.00 % , nnz after  116964 <-> 100.00 %
TIDE square took      0.01 usr cpu s       0.04 sys cpu s       0.01 wall s
INDE NNZ Xsq = 116964 <-> 100.00 %
TIDE Frobenius norm of X-X^2 took      0.00 usr cpu s       0.00 sys cpu s       0.00 wall s
TIDE Mixed norm of X-X^2 took      0.01 usr cpu s       0.01 sys cpu s       0.00 wall s
TIDE Trace of X-X^2 took      0.00 usr cpu s       0.00 sys cpu s       0.00 wall s
INDE ||X-X^2||_F = 2.835712e-01 , ||X-X^2||_mixed = 2.369048e-01
INDE trace(X-X^2) = 1.260293e+00
INDE trace(X) = 4.833851e+01
INDE Checking stopping criterion...   
INDE Order of convergence cannot be computed
TIDE stopping_criterion took      0.00 usr cpu s       0.00 sys cpu s       0.00 wall s
TIDE Iteration 26 took      0.02 usr cpu s       0.06 sys cpu s       0.01 wall s
INDE     ITERATION 27 :
TIDE purify_X took      0.00 usr cpu s       0.00 sys cpu s       0.00 wall s
TIDE truncate_matrix took      0.00 usr cpu s       0.00 sys cpu s       0.00 wall s
INDE Actual introduced error   0.000000e+00 : nnz before  116964 <-> 100.00 % , nnz after  116964 <-> 100.00 %
TIDE square took      0.01 usr cpu s       0.06 sys cpu s       0.01 wall s
INDE NNZ Xsq = 116964 <-> 100.00 %
TIDE Frobenius norm of X-X^2 took      0.00 usr cpu s       0.00 sys cpu s       0.00 wall s
TIDE Mixed norm of X-X^2 took      0.00 usr cpu s       0.01 sys cpu s       0.00 wall s
TIDE Trace of X-X^2 took      0.00 usr cpu s       0.00 sys cpu s       0.00 wall s
INDE ||X-X^2||_F = 3.436160e-02 , ||X-X^2||_mixed = 2.955818e-02
INDE trace(X-X^2) = 1.172642e-01
INDE trace(X) = 4.707822e+01
INDE Checking stopping criterion...   
INDE e_i =2.955818e-02, C*e_{i-1}^q = 1.635238e-01
INDE Order of convergence = 2.914645, stop = 0
TIDE stopping_criterion took      0.00 usr cpu s       0.00 sys cpu s       0.00 wall s
TIDE Iteration 27 took      0.02 usr cpu s       0.08 sys cpu s       0.01 wall s
INDE     ITERATION 28 :
TIDE purify_X took      0.00 usr cpu s       0.00 sys cpu s       0.00 wall s
TIDE truncate_matrix took      0.00 usr cpu s       0.00 sys cpu s       0.00 wall s
INDE Actual introduced error   0.000000e+00 : nnz before  116964 <-> 100.00 % , nnz after  116964 <-> 100.00 %
TIDE square took      0.01 usr cpu s       0.04 sys cpu s       0.01 wall s
INDE NNZ Xsq = 116964 <-> 100.00 %
TIDE Frobenius norm of X-X^2 took      0.00 usr cpu s       0.00 sys cpu s       0.00 wall s
TIDE Mixed norm of X-X^2 took      0.00 usr cpu s       0.01 sys cpu s       0.00 wall s
TIDE Trace of X-X^2 took      0.00 usr cpu s       0.00 sys cpu s       0.00 wall s
INDE ||X-X^2||_F = 2.687596e-02 , ||X-X^2||_mixed = 2.659828e-02
INDE trace(X-X^2) = 4.034019e-02
INDE trace(X) = 4.696095e+01
INDE Checking stopping criterion...   
INDE Order of convergence cannot be computed
TIDE stopping_criterion took      0.00 usr cpu s       0.00 sys cpu s       0.00 wall s
TIDE Iteration 28 took      0.02 usr cpu s       0.06 sys cpu s       0.01 wall s
INDE     ITERATION 29 :
TIDE purify_X took      0.00 usr cpu s       0.00 sys cpu s       0.00 wall s
TIDE truncate_matrix took      0.00 usr cpu s       0.00 sys cpu s       0.00 wall s
INDE Actual introduced error   0.000000e+00 : nnz before  116964 <-> 100.00 % , nnz after  116964 <-> 100.00 %
TIDE square took      0.02 usr cpu s       0.04 sys cpu s       0.01 wall s
INDE NNZ Xsq = 116964 <-> 100.00 %
TIDE Frobenius norm of X-X^2 took      0.00 usr cpu s       0.00 sys cpu s       0.00 wall s
TIDE Mixed norm of X-X^2 took      0.00 usr cpu s       0.01 sys cpu s       0.00 wall s
TIDE Trace of X-X^2 took      0.00 usr cpu s       0.00 sys cpu s       0.00 wall s
INDE ||X-X^2||_F = 1.059275e-03 , ||X-X^2||_mixed = 9.559955e-04
INDE trace(X-X^2) = 2.794338e-03
INDE trace(X) = 4.700129e+01
INDE Checking stopping criterion...   
INDE e_i =9.559955e-04, C*e_{i-1}^q = 6.017252e-03
INDE Order of convergence = 2.522416, stop = 0
TIDE stopping_criterion took      0.00 usr cpu s       0.00 sys cpu s       0.00 wall s
TIDE Iteration 29 took      0.03 usr cpu s       0.05 sys cpu s       0.01 wall s
INDE     ITERATION 30 :
TIDE purify_X took      0.00 usr cpu s       0.00 sys cpu s       0.00 wall s
TIDE truncate_matrix took      0.00 usr cpu s       0.00 sys cpu s       0.00 wall s
INDE Actual introduced error   0.000000e+00 : nnz before  116964 <-> 100.00 % , nnz after  116964 <-> 100.00 %
TIDE square took      0.03 usr cpu s       0.02 sys cpu s       0.01 wall s
INDE NNZ Xsq = 116964 <-> 100.00 %
TIDE Frobenius norm of X-X^2 took      0.00 usr cpu s       0.00 sys cpu s       0.00 wall s
TIDE Mixed norm of X-X^2 took      0.00 usr cpu s       0.01 sys cpu s       0.00 wall s
TIDE Trace of X-X^2 took      0.00 usr cpu s       0.00 sys cpu s       0.00 wall s
INDE ||X-X^2||_F = 1.120812e-03 , ||X-X^2||_mixed = 1.113155e-03
INDE trace(X-X^2) = 1.503616e-03
INDE trace(X) = 4.699850e+01
INDE Checking stopping criterion...   
INDE e_i =1.113155e-03, C*e_{i-1}^q = 4.872477e-03
INDE Order of convergence = 2.407069, stop = 0
TIDE stopping_criterion took      0.00 usr cpu s       0.00 sys cpu s       0.00 wall s
TIDE Iteration 30 took      0.04 usr cpu s       0.04 sys cpu s       0.01 wall s
INDE     ITERATION 31 :
TIDE purify_X took      0.00 usr cpu s       0.00 sys cpu s       0.00 wall s
TIDE truncate_matrix took      0.00 usr cpu s       0.00 sys cpu s       0.00 wall s
INDE Actual introduced error   0.000000e+00 : nnz before  116964 <-> 100.00 % , nnz after  116964 <-> 100.00 %
TIDE square took      0.05 usr cpu s       0.12 sys cpu s       0.03 wall s
INDE NNZ Xsq = 116964 <-> 100.00 %
TIDE Frobenius norm of X-X^2 took      0.00 usr cpu s       0.00 sys cpu s       0.00 wall s
TIDE Mixed norm of X-X^2 took      0.00 usr cpu s       0.01 sys cpu s       0.00 wall s
TIDE Trace of X-X^2 took      0.00 usr cpu s       0.00 sys cpu s       0.00 wall s
INDE ||X-X^2||_F = 1.408668e-06 , ||X-X^2||_mixed = 1.348600e-06
INDE trace(X-X^2) = 2.875286e-06
INDE trace(X) = 4.700000e+01
INDE Checking stopping criterion...   
INDE e_i =1.348600e-06, C*e_{i-1}^q = 6.294401e-06
INDE Order of convergence = 2.221580, stop = 0
TIDE stopping_criterion took      0.00 usr cpu s       0.00 sys cpu s       0.00 wall s
TIDE Iteration 31 took      0.05 usr cpu s       0.14 sys cpu s       0.03 wall s
INDE     ITERATION 32 :
TIDE purify_X took      0.00 usr cpu s       0.00 sys cpu s       0.00 wall s
TIDE truncate_matrix took      0.00 usr cpu s       0.00 sys cpu s       0.00 wall s
INDE Actual introduced error   0.000000e+00 : nnz before  116964 <-> 100.00 % , nnz after  116964 <-> 100.00 %
TIDE square took      0.01 usr cpu s       0.04 sys cpu s       0.01 wall s
INDE NNZ Xsq = 116964 <-> 100.00 %
TIDE Frobenius norm of X-X^2 took      0.00 usr cpu s       0.00 sys cpu s       0.00 wall s
TIDE Mixed norm of X-X^2 took      0.01 usr cpu s       0.01 sys cpu s       0.00 wall s
TIDE Trace of X-X^2 took      0.00 usr cpu s       0.00 sys cpu s       0.00 wall s
INDE ||X-X^2||_F = 1.895522e-06 , ||X-X^2||_mixed = 1.768268e-06
INDE trace(X-X^2) = 3.233573e-06
INDE trace(X) = 4.700000e+01
INDE Checking stopping criterion...   
INDE Order of convergence cannot be computed
TIDE stopping_criterion took      0.00 usr cpu s       0.00 sys cpu s       0.00 wall s
TIDE Iteration 32 took      0.02 usr cpu s       0.05 sys cpu s       0.01 wall s
INDE     ITERATION 33 :
TIDE purify_X took      0.00 usr cpu s       0.00 sys cpu s       0.00 wall s
TIDE truncate_matrix took      0.00 usr cpu s       0.00 sys cpu s       0.00 wall s
INDE Actual introduced error   0.000000e+00 : nnz before  116964 <-> 100.00 % , nnz after  116964 <-> 100.00 %
TIDE square took      0.00 usr cpu s       0.05 sys cpu s       0.01 wall s
INDE NNZ Xsq = 116964 <-> 100.00 %
TIDE Frobenius norm of X-X^2 took      0.00 usr cpu s       0.00 sys cpu s       0.00 wall s
TIDE Mixed norm of X-X^2 took      0.01 usr cpu s       0.01 sys cpu s       0.00 wall s
TIDE Trace of X-X^2 took      0.00 usr cpu s       0.00 sys cpu s       0.00 wall s
INDE ||X-X^2||_F = 3.470619e-12 , ||X-X^2||_mixed = 3.387823e-12
INDE trace(X-X^2) = 5.755396e-12
INDE trace(X) = 4.700000e+01
INDE Checking stopping criterion...   
INDE e_i =3.387823e-12, C*e_{i-1}^q = 1.252590e-11
INDE Order of convergence = 2.096742, stop = 0
TIDE stopping_criterion took      0.00 usr cpu s       0.00 sys cpu s       0.00 wall s
TIDE Iteration 33 took      0.01 usr cpu s       0.06 sys cpu s       0.01 wall s
INDE     ITERATION 34 :
TIDE purify_X took      0.00 usr cpu s       0.00 sys cpu s       0.00 wall s
TIDE truncate_matrix took      0.00 usr cpu s       0.00 sys cpu s       0.00 wall s
INDE Actual introduced error   0.000000e+00 : nnz before  116964 <-> 100.00 % , nnz after  116964 <-> 100.00 %
TIDE square took      0.03 usr cpu s       0.02 sys cpu s       0.01 wall s
INDE NNZ Xsq = 116964 <-> 100.00 %
TIDE Frobenius norm of X-X^2 took      0.00 usr cpu s       0.00 sys cpu s       0.00 wall s
TIDE Mixed norm of X-X^2 took      0.00 usr cpu s       0.01 sys cpu s       0.00 wall s
TIDE Trace of X-X^2 took      0.00 usr cpu s       0.00 sys cpu s       0.00 wall s
INDE ||X-X^2||_F = 4.110046e-12 , ||X-X^2||_mixed = 4.109807e-12
INDE trace(X-X^2) = 4.348522e-12
INDE trace(X) = 4.700000e+01
INDE Checking stopping criterion...   
INDE Order of convergence cannot be computed
TIDE stopping_criterion took      0.00 usr cpu s       0.00 sys cpu s       0.00 wall s
TIDE Iteration 34 took      0.03 usr cpu s       0.04 sys cpu s       0.01 wall s
INDE     ITERATION 35 :
TIDE purify_X took      0.00 usr cpu s       0.00 sys cpu s       0.00 wall s
TIDE truncate_matrix took      0.00 usr cpu s       0.00 sys cpu s       0.00 wall s
INDE Actual introduced error   0.000000e+00 : nnz before  116964 <-> 100.00 % , nnz after  116964 <-> 100.00 %
TIDE square took      0.03 usr cpu s       0.06 sys cpu s       0.01 wall s
INDE NNZ Xsq = 116964 <-> 100.00 %
TIDE Frobenius norm of X-X^2 took      0.00 usr cpu s       0.00 sys cpu s       0.00 wall s
TIDE Mixed norm of X-X^2 took      0.00 usr cpu s       0.00 sys cpu s       0.00 wall s
TIDE Trace of X-X^2 took      0.00 usr cpu s       0.00 sys cpu s       0.00 wall s
INDE ||X-X^2||_F = 2.215353e-15 , ||X-X^2||_mixed = 0.000000e+00
INDE trace(X-X^2) = 0.000000e+00
INDE trace(X) = 4.700000e+01
INDE Checking stopping criterion...   
INDE ************************************************************************************************************
INDE The norm value went much below machine precision, therefore we stop here since n_max can be underestimated.
INDE ************************************************************************************************************
INDE e_i =0.000000e+00, C*e_{i-1}^q = 7.904676e-23
INDE Order of convergence = inf, stop = 1
TIDE stopping_criterion took      0.00 usr cpu s       0.00 sys cpu s       0.00 wall s
INDE PURIFICATION CONVERGED after 35 iterations
TIDE Iteration 35 took      0.03 usr cpu s       0.07 sys cpu s       0.01 wall s
INDE Number of non-zeros in D is  116964 <-> 100.00 %
TIDE FileWritable::writeAndReadAll took      0.00 usr cpu s       0.00 sys cpu s       0.00 wall s
INDE writeAndReadAll sizesStr: '0 MB (1 MatrixGeneral, 0 > 1 MB) + 0 MB (13 MatrixSymmetric, 0 > 1 MB) + 0 MB (2 VectorGeneral, 0 > 1 MB) = 0 MB (16 total, 0 > 1 MB)
INDE TOTAL accumulated subspace error is 0.000000e+00
INDE TOTAL X square time: 0.385292 wall s
INDE TOTAL X trunction time: 0.008171 wall s
INDE TOTAL X purify (exl. X^2 computation) time: 0.008246 wall s
INDE TOTAL time to get number of non-zero elements: 0.001469 wall s
INDE TOTAL time to get mixed norm: 0.082046 wall s
INDE TOTAL time to get Frobenius norm: 0.008892 wall s
INDE TOTAL time for stopping criterion: 0.001603 wall s
INDE TOTAL time to get matrix trace: 0.000764 wall s
INDE Estimated bounds for the eigenvalues for the Fock matrix:
INDE LUMO: [ 0.035549674898 , 0.056525214545 ]
INDE HOMO: [ -0.357278028454 , -0.348181595276 ]
TIDE eigenvalue_bounds_estimation() took      0.00 usr cpu s       0.00 sys cpu s       0.00 wall s
TIDE Recursive expansion took      1.10 usr cpu s       3.11 sys cpu s       0.58 wall s
TIDE Puri->PurificationStart() took      1.10 usr cpu s       3.11 sys cpu s       0.58 wall s
TIDE Accumulated wall times for writeToFile in PurificationStart()          : 0 s (MatrixGeneral) + 9.5e-07 s (MatrixSymmetric) + 0.00013 s (VectorGeneral) = 0.00013 s
TIDE Accumulated wall times for readFromFile in PurificationStart()         : 0 s (MatrixGeneral) + 1.9e-06 s (MatrixSymmetric) + 5.2e-05 s (VectorGeneral) = 5.4e-05 s
TIDE Accumulated wall times for copy and assign in PurificationStart()      : 2.1e-06 s (MatrixSymmetric) + 6.2e-05 s (VectorGeneral) = 6.4e-05 s
INDE Number of calls to writeToFile in PurificationStart()                  : 2 (MatrixGeneral) + 27 (MatrixSymmetric) + 1497 (VectorGeneral) = 1526 
INDE Number of calls to readFromFile in PurificationStart()                 : 2 (MatrixGeneral) + 26 (MatrixSymmetric) + 593 (VectorGeneral) = 621 
INDE Number of calls to FileWritable copy and assign in PurificationStart() : 2 (MatrixSymmetric) + 37 (VectorGeneral) = 39 
TIDE mat::Gblas::time after purification :     3.047208
INDE Created .m files with results of the purification
INDE Purification converged OK, subspaceError <=          0.00000000000
INDE E(LUMO) - E(HOMO) >=          0.38373127017 =         10.44185985729 eV
INDE E(LUMO) - E(HOMO) <=          0.41380324300 =         11.26015992889 eV
INDE HOMO interval : [   -0.357278028454   -0.348181595276 ]
INDE LUMO interval : [    0.035549674898    0.056525214545 ]
INDE Trace of resulting density matrix is         47.00000000000, error is  -0.00000000000001.
INDE Truncated D_ort ( mixed ), selected threshold = 9.99999e-08, returned error =          0, nnz before = 116964 <-> 100.0000 %, nnz after = 116964 <-> 100.0000 %
TIDE FileWritable::writeAndReadAll took      0.00 usr cpu s       0.00 sys cpu s       0.00 wall s
INDE writeAndReadAll sizesStr: '0 MB (1 MatrixGeneral, 0 > 1 MB) + 0 MB (12 MatrixSymmetric, 0 > 1 MB) + 0 MB (1 MatrixTriangular, 0 > 1 MB) = 0 MB (14 total, 0 > 1 MB)
TIDE D_w to non-orthogonal basis took      0.02 usr cpu s       0.08 sys cpu s       0.02 wall s
INDE Truncated D_S (eucl with Z), selected threshold = 9.99999e-08, returned error =          0, nnz before = 100.0000 %, nnz after = 100.0000 %
INDE get_dens_from_fock_sparse ending OK
TIDE get_dens_from_fock_sparse took      1.43 usr cpu s       4.41 sys cpu s       0.80 wall s
ERDE get_dens_from_fock  (GetDensFromFock class) : purification finished OK.
TIDE get_dens_from_fock took      1.43 usr cpu s       4.41 sys cpu s       0.80 wall s
INSC Matrix 'new density matrix' ( symm ): n =    342, nnz =       116964 <-> 100.00 %, mem usage  0.0005 G
INSC Tr( D * S ) =         93.99999999995
TISC get_new_density_matrix took      1.43 usr cpu s       4.41 sys cpu s       0.80 wall s
INSC SCF_restricted::report_density_difference, diff_eucl =          0.00004883877
TISC SCF_restricted::report_density_difference took      0.01 usr cpu s       0.08 sys cpu s       0.01 wall s
INMA ddf_writeShellListAndDensityMatricesToFile_sparse, n =    342, densityMatrixList[0].nvalues =       58653
INMA opened temporary file 'density.bin.19L6rf' for writing
INMA Choosing matrixStorageType = MATRIX_STORAGE_TYPE_TRIANGLE.
INMA fileSize =          560392 bytes =      0.560 MegaBytes
INMA renamed file 'density.bin.19L6rf' to 'density.bin'
INMA ddf_writeShellListAndDensityMatricesToFile_sparse freeing buffer.
INMA ddf_writeShellListAndDensityMatricesToFile_sparse returning OK.
TISC write_density_to_file took      0.01 usr cpu s       0.05 sys cpu s       0.01 wall s
INSC Creating mtx file for Fock matrix
INSC Creating mtx file for density matrix
INSC SCF cycle  12 finished.
TISC SCF cycle  12 took    998.18 usr cpu s       8.33 sys cpu s     170.76 wall s
INSC Beginning of SCF cycle 13:  Thu Dec 18 16:19:40 2025
INDE compute_J_by_boxes_sparse() start.
TIDE FileWritable::writeAndReadAll took      0.00 usr cpu s       0.00 sys cpu s       0.00 wall s
INDE writeAndReadAll: '0 MB (1 MatrixGeneral, 0 > 1 MB) + 0 MB (11 MatrixSymmetric, 0 > 1 MB) = 0 MB (12 total, 0 > 1 MB)
IN   compute_J_by_boxes_sparse, maxDensityMatrixElement =         22.35793609765
ININ get_basis_func_pair_list, n =    342
ININ create_box_system end OK, toplevelBoxSize:   7.0, #levels:  3, #boxes at top level:      6
TIIN get_basis_func_pair_list_2el took      0.16 usr cpu s       0.00 sys cpu s       0.16 wall s
IN   compute_J_by_boxes_sparse: noOfBasisFuncIndexPairs = 52606 ==> storing  44.98 % of a full matrix
ININ entering compute_J_by_boxes_linear, no of basis funcs =   342, threshold_J =   1e-12
ININ use_fmm = 1, fmm_box_size =   5.00
TIIN Compute extent for all distrs took      0.47 usr cpu s       0.00 sys cpu s       0.47 wall s
ININ extent_min =    0.000, extent_max =   19.778
ININ Creating list of distributions etc done, distrCount =    353701
TIIN Creating list of distributions etc took      0.68 usr cpu s       0.02 sys cpu s       0.70 wall s
ININ create_box_system end OK, toplevelBoxSize:   5.0, #levels:  3, #boxes at top level:     10
TIIN Creating boxes took      0.03 usr cpu s       0.02 sys cpu s       0.05 wall s
ININ noOfBranches = 5, splitters:  10.00  5.00  2.50  0.00
ININ J org done, groupCount =    15565
TIIN J org took      1.72 usr cpu s       0.00 sys cpu s       1.72 wall s
TIIN Generate group multipoles took      0.68 usr cpu s       0.00 sys cpu s       0.68 wall s
ININ totChargeWholeSystem =          0.00000000000
ININ Generating multipole for each branch at top level, MAX_MULTIPOLE_DEGREE = 15
TIIN Translate multipoles (step 1) took      0.47 usr cpu s       0.00 sys cpu s       0.47 wall s
TIIN Translate multipoles (step 2) took      0.09 usr cpu s       0.00 sys cpu s       0.09 wall s
ININ job lists for J created OK, noOfJobs_J_standard =     1255, noOfJobs_J_multipole =       40
TIIN Creating job lists for J took      0.00 usr cpu s       0.00 sys cpu s       0.00 wall s
ININ execute_joblist_J_std_threaded, noOfThreads =  8
ININ 8 threads started OK.
ININ all 8 threads have finished.
TIIN execute_joblist_J_std_threaded took    225.16 usr cpu s       0.35 sys cpu s      36.95 wall s
TIIN sort_list_of_multipole_jobs init part took      0.00 usr cpu s       0.00 sys cpu s       0.00 wall s
TIIN sort_list_of_multipole_jobs complete took      0.00 usr cpu s       0.00 sys cpu s       0.00 wall s
TIIN sort_list_of_multipole_jobs took      0.00 usr cpu s       0.00 sys cpu s       0.00 wall s
ININ execute_joblist_J_fmm_shared: Allocating multipoleList_4, maxnoOfMinimalDistrsPerBoxBranch =     65422
ININ execute_joblist_J_fmm_shared: Allocating multipoleList_4, maxnoOfMinimalDistrsPerBoxBranch =     65422
ININ execute_joblist_J_fmm_shared: jobIndexLo =            0, jobIndexHi =            5
ININ execute_joblist_J_fmm_shared: jobIndexLo =            5, jobIndexHi =           10
ININ execute_joblist_J_fmm_shared: Allocating multipoleList_4, maxnoOfMinimalDistrsPerBoxBranch =     65422
ININ execute_joblist_J_fmm_shared: jobIndexLo =           10, jobIndexHi =           15
ININ execute_joblist_J_fmm_shared: Allocating multipoleList_4, maxnoOfMinimalDistrsPerBoxBranch =     65422
ININ execute_joblist_J_fmm_shared: jobIndexLo =           15, jobIndexHi =           20
ININ execute_joblist_J_fmm_shared: Allocating multipoleList_4, maxnoOfMinimalDistrsPerBoxBranch =     65422
ININ execute_joblist_J_fmm_shared: jobIndexLo =           20, jobIndexHi =           25
ININ execute_joblist_J_fmm_shared: Allocating multipoleList_4, maxnoOfMinimalDistrsPerBoxBranch =     65422
ININ execute_joblist_J_fmm_shared: jobIndexLo =           25, jobIndexHi =           30
ININ execute_joblist_J_fmm_shared: Allocating multipoleList_4, maxnoOfMinimalDistrsPerBoxBranch =     65422
ININ execute_joblist_J_fmm_shared: jobIndexLo =           30, jobIndexHi =           35
ININ execute_joblist_J_fmm_shared: Allocating multipoleList_4, maxnoOfMinimalDistrsPerBoxBranch =     65422
ININ execute_joblist_J_fmm_shared: jobIndexLo =           35, jobIndexHi =           40
ININ execute_joblist_J_fmm_shared: done!
ININ execute_joblist_J_fmm_shared: done!
ININ execute_joblist_J_fmm_shared: done!
ININ execute_joblist_J_fmm_shared: done!
ININ execute_joblist_J_fmm_shared: done!
ININ execute_joblist_J_fmm_shared: done!
ININ execute_joblist_J_fmm_shared: done!
ININ execute_joblist_J_fmm_shared: done!
ININ multipole job list for J executed, largest L used: 12
TIIN Executing multipole job list for J took      0.33 usr cpu s       0.00 sys cpu s       0.14 wall s
ININ compute_J_by_boxes_linear ending OK.
TIIN compute_J_by_boxes_linear took    229.18 usr cpu s       0.39 sys cpu s      40.82 wall s
TI   compute_J_by_boxes_sparse total took    229.35 usr cpu s       0.39 sys cpu s      40.98 wall s
ININ entering create_CSR_for_K, no of basis funcs =   342, threshold_K =   1e-12
ININ create_box_system end OK, toplevelBoxSize:   7.0, #levels:  3, #boxes at top level:      6
ININ create_box_system end OK, toplevelBoxSize:   7.0, #levels:  3, #boxes at top level:      6
ININ create_box_system end OK, toplevelBoxSize:   7.0, #levels:  3, #boxes at top level:      6
TIIN create_CSR_for_K getting list of distrs took      0.47 usr cpu s       0.00 sys cpu s       0.48 wall s
ININ list of neighbors complete.
TIIN create_CSR_for_K getting list of neighbors took      0.00 usr cpu s       0.00 sys cpu s       0.00 wall s
TIIN create_CSR_for_K sort each list of neighbors took      0.07 usr cpu s       0.00 sys cpu s       0.07 wall s
ININ 8 threads started OK.
TIIN identify_needed_elements() took    595.58 usr cpu s       1.49 sys cpu s      83.84 wall s
ININ computing nnz..
ININ create_CSR_for_K: predicted nnz =        58653, <->  50.15% of a full matrix
TIIN create_CSR_for_K last part took      0.00 usr cpu s       0.00 sys cpu s       0.00 wall s
TIIN create_CSR_for_K total took    596.13 usr cpu s       1.50 sys cpu s      84.40 wall s
ININ entering compute_K_by_boxes, no of basis funcs =   342, threshold_K =   1e-12, exchange_box_size =   5.00
ININ create_box_system end OK, toplevelBoxSize:   7.0, #levels:  3, #boxes at top level:      6
ININ create_box_system end OK, toplevelBoxSize:   7.0, #levels:  3, #boxes at top level:      6
ININ create_box_system end OK, toplevelBoxSize:   7.0, #levels:  3, #boxes at top level:      6
TIIN Compute extent for all distrs took      0.51 usr cpu s       0.00 sys cpu s       0.52 wall s
ININ Creating list of distributions done, distrCountTot =    353701
TIIN Creating list of distributions took      0.82 usr cpu s       0.00 sys cpu s       0.82 wall s
ININ create_box_system end OK, toplevelBoxSize:   5.0, #levels:  3, #boxes at top level:     10
ININ create_box_system end OK, toplevelBoxSize:   2.5, #levels:  4, #boxes at top level:     16
ININ noOfLevelsBasisFuncs = 4, noOfLevelsDiff = 1
TIIN Creating boxes etc took      0.04 usr cpu s       0.00 sys cpu s       0.04 wall s
TIIN getting multipoleNormVectorList took      0.75 usr cpu s       0.00 sys cpu s       0.75 wall s
TIIN K organize_distributions for all boxes took      2.02 usr cpu s       0.01 sys cpu s       2.03 wall s
ININ starting loop to setup basisFuncGroupInfoList, with added index checks.
TIIN GetLimitsAllLevels took      0.31 usr cpu s       0.00 sys cpu s       0.31 wall s
ININ getDmatLimitMatrixCSRList start.
TIIN getting densityMatrixLimitMatrixList took      0.02 usr cpu s       0.00 sys cpu s       0.02 wall s
ININ job list for K created,       55 jobs
TIIN creating job list for K took      0.00 usr cpu s       0.00 sys cpu s       0.00 wall s
ININ execute_joblist_K_threaded, noOfThreads =  8, basisFuncListCount_max =   325
ININ 8 threads started OK.
ININ all 8 threads have finished, took       34 wall s.
TIIN Executing job list for K took    153.04 usr cpu s       0.30 sys cpu s      34.23 wall s
TIIN compute_K_by_boxes took    156.99 usr cpu s       0.31 sys cpu s      38.19 wall s
TI   compute_K_by_boxes_sparse total took    753.15 usr cpu s       1.81 sys cpu s     122.62 wall s
INSC About to truncate FockMatrix, gap of Fprev >=          0.38373127017
TISC symmMatrix::mixed_diff for F vs Fprev maxEigValMovement_mixed took      0.00 usr cpu s       0.00 sys cpu s       0.00 wall s
TISC symmMatrix::eucl_diff for maxEigValMovement_eucl  took      0.03 usr cpu s       0.10 sys cpu s       0.02 wall s
INSC maxEigValMovement_frob  =          0.00000675292
INSC maxEigValMovement_mixed =          0.00000603088
INSC maxEigValMovement_eucl  =          0.00000370558
TISC FockMatrix.eucl_thresh() (with Z) took      0.14 usr cpu s       0.38 sys cpu s       0.09 wall s
INSC Truncated FockMatrix (eucl with Z), selected threshold = 3.83724e-08, returned error =          0, nnz before = 100.0000 %, nnz after = 100.0000 %
INSC Matrix 'S' ( symm ): n =    342, nnz =       116964 <-> 100.00 %, mem usage  0.0005 G
INSC Matrix 'F' ( symm ): n =    342, nnz =       116964 <-> 100.00 %, mem usage  0.0005 G
INSC Matrix 'D' ( symm ): n =    342, nnz =       116964 <-> 100.00 %, mem usage  0.0005 G
INSC nuclearEnergy, energy_2el, energy = 782.160484, 1007.253418, -645.112846
INSC Energy  13 =       -645.11284581277  ( diff     -0.000000000014097 )
INSC calling compute_FDSminusSDF_sparse, n = 342
INDE compute_FDSminusSDF_sparse() start.
TIDE FileWritable::writeAndReadAll took      0.00 usr cpu s       0.00 sys cpu s       0.00 wall s
INDE writeAndReadAll: '0 MB (1 MatrixGeneral, 0 > 1 MB) + 0 MB (9 MatrixSymmetric, 0 > 1 MB) = 0 MB (10 total, 0 > 1 MB)
TISC compute_FDSminusSDF_sparse, F*D mult took      0.05 usr cpu s       0.10 sys cpu s       0.02 wall s
INSC Matrix 'FD before eucl truncation' (normal): n =    342, nnz =       116964 <-> 100.00 %, mem usage  0.0009 G
INSC Matrix 'FD after  eucl truncation' (normal): n =    342, nnz =       116964 <-> 100.00 %, mem usage  0.0009 G
INSC Matrix 'FDS before eucl truncation' (normal): n =    342, nnz =       116964 <-> 100.00 %, mem usage  0.0009 G
INSC Matrix 'FDS after  eucl truncation' (normal): n =    342, nnz =       116964 <-> 100.00 %, mem usage  0.0009 G
INSC compute_FDSminusSDF_sparse ending OK.
TISC compute_FDSminusSDF_sparse took      0.16 usr cpu s       0.34 sys cpu s       0.07 wall s
INSC Matrix 'FDS-SDF' (normal): n =    342, nnz =       116964 <-> 100.00 %, mem usage  0.0009 G
INSC SCF_restricted::get_FDSminusSDF finished.
TISC get_FDSminusSDF took      0.16 usr cpu s       0.34 sys cpu s       0.07 wall s
INSC maxabs FDS-SDF is 2.92e-07
INSC frob   FDS-SDF is 4.01e-06
TISC get_error_measure took      0.00 usr cpu s       0.00 sys cpu s       0.00 wall s
INSC entering DIISManagerRestricted::AddIterationToList, IterCount = 10
INSC DIISManagerRestricted::AddIterationToList ending OK.
TISC DIISManagerRestricted::AddIterationToList took      0.01 usr cpu s       0.04 sys cpu s       0.01 wall s
INSC using DIIS to get combined Fock matrix, number of iters used for DIIS: 10
TISC clear_error_matrices took      0.00 usr cpu s       0.00 sys cpu s       0.00 wall s
TISC save_current_fock_as_fprev took      0.00 usr cpu s       0.00 sys cpu s       0.00 wall s
INDE get_dens_from_fock_general, n = 342, use_diagonalization = 0, use_diag_on_error = 1
INDE Before writeAndReadAll(): AllocatorManager statistics:  noOfRealsPerBuffer: 1024 noOfBuffers: 20000 list.size(): 1. Allocated: 0.164 GB, Used: 0.0181 GB, Peak alloc: 0.164 GB.
TIDE FileWritable::writeAndReadAll took      0.00 usr cpu s       0.00 sys cpu s       0.00 wall s
INDE writeAndReadAll sizesStr: '0 MB (1 MatrixGeneral, 0 > 1 MB) + 0 MB (7 MatrixSymmetric, 0 > 1 MB) = 0 MB (8 total, 0 > 1 MB)
INDE After writeAndReadAll(): AllocatorManager statistics:  noOfRealsPerBuffer: 1024 noOfBuffers: 20000 list.size(): 1. Allocated: 0.164 GB, Used: 0.0181 GB, Peak alloc: 0.164 GB.
INDE calling get_dens_from_fock_sparse, n =    342, subspaceErrorLimit = 1e-06
INDE get_dens_from_fock_sparse() start!
INDE After F.readFromFile(): AllocatorManager statistics:  noOfRealsPerBuffer: 1024 noOfBuffers: 20000 list.size(): 1. Allocated: 0.164 GB, Used: 0.0181 GB, Peak alloc: 0.164 GB.
INDE After creating wrapper MatrixType F_w(F): AllocatorManager statistics:  noOfRealsPerBuffer: 1024 noOfBuffers: 20000 list.size(): 1. Allocated: 0.164 GB, Used: 0.0186 GB, Peak alloc: 0.164 GB.
TIDE  F_w to orthogonal basis took      0.02 usr cpu s       0.09 sys cpu s       0.02 wall s
TIDE MatrixType::mixed_diff for maxEigValMovement_mixed took      0.01 usr cpu s       0.01 sys cpu s       0.00 wall s
TIDE symmMatrixWrap::eucl_diff for maxEigValMovement_eucl  took      0.16 usr cpu s       0.58 sys cpu s       0.12 wall s
INDE maxEigValMovement_frob  =          0.00000359433
INDE maxEigValMovement_mixed =          0.00000253056
INDE maxEigValMovement_eucl  =          0.00000071978
INDE lumo before truncation: [ 0.035548955118 , 0.056525934325 ]
INDE homo before truncation: [ -0.357278748234 , -0.348180875496 ]
INDE Truncate matrix F and update intervals for homo and lumo.
INDE Truncating F_ort ( mixed ), selected threshold = 3.8373e-08
INDE Truncated F_ort ( mixed ), selected threshold = 3.8373e-08, returned error =          0, nnz before = 100.0000 %, nnz after = 100.0000 %
TIDE Truncation of F_ort took      0.00 usr cpu s       0.00 sys cpu s       0.00 wall s
INDE Chosen Ergo Wrapper
INDE Creating purification object: N = 342 , nocc = 47 , NNZ = 116964  <-> 100.00000 %
INDE Chosen norm for the truncation: 
INDE mixed
INDE Chosen norm for the stopping criterion: 
INDE mixed
INDE Chosen the NEW stopping criterion.
INDE Allowed error in subspace 7.000000e-07
INDE Chosen SP2 purification method
INDE calling Puri->PurificationStart(), number of threads = 1, trunc norm 'mixed'
TIDE gershgorin took      0.00 usr cpu s       0.00 sys cpu s       0.00 wall s
INDE Gershgorin bounds: [ -59.820858312453 , 100.436330585517 ]
INDE EXPANDED Gershgorin bounds: [ -59.820858327354 , 100.436330600419 ]
INDE Trying to impove bounds using Lanczos algorithm...
TIDE compute_spectrum_bounds took      0.08 usr cpu s       0.25 sys cpu s       0.06 wall s
INDE Spectrum of F: 	 [ -20.624839086600 , 51.715199740646 ]
INDE Transform homo and lumo bounds...
INDE HOMO bounds of X: 	 [ 0.719703520487 , 0.719829285871 ]
INDE LUMO bounds of X: 	 [ 0.714109014092 , 0.714398991531 ]
INDE INIT LUMO: [ 0.714109014092 , 0.714398991531 ]
INDE INIT HOMO: [ 0.280170714129 , 0.280296479513 ]
INDE ESTIMATED NUMBER OF ITERATIONS IS 35
INDE Put eigenvalues of F to the interval [0,1] in reverse order.
TIDE compute_X() took      0.00 usr cpu s       0.00 sys cpu s       0.00 wall s
TIDE prepare_to_purification() took      0.08 usr cpu s       0.25 sys cpu s       0.06 wall s
INDE (EIGV,PARAMS) Requested 0 occipied eigenpair(s).
INDE (EIGV,PARAMS) Requested 0 unoccipied eigenpair(s).
TIDE prepare_to_purification_eigenvectors() took      0.00 usr cpu s       0.00 sys cpu s       0.00 wall s
INDE Starting recursive expansion
INDE     BEFORE ITERATIONS:
TIDE truncate_matrix took      0.00 usr cpu s       0.00 sys cpu s       0.00 wall s
INDE Actual introduced error   0.000000e+00 : nnz before  116964 <-> 100.00 % , nnz after  116964 <-> 100.00 %
TIDE square took      0.02 usr cpu s       0.07 sys cpu s       0.01 wall s
INDE NNZ Xsq = 116964 <-> 100.00 %
TIDE Frobenius norm of X-X^2 took      0.00 usr cpu s       0.00 sys cpu s       0.00 wall s
TIDE Mixed norm of X-X^2 took      0.01 usr cpu s       0.01 sys cpu s       0.00 wall s
TIDE Trace of X-X^2 took      0.00 usr cpu s       0.00 sys cpu s       0.00 wall s
INDE ||X-X^2||_F = 3.852014e+00 , ||X-X^2||_mixed = 1.286053e+00
INDE trace(X-X^2) = 7.012956e+01
INDE trace(X) = 2.342456e+02
TIDE Iteration 0 took      0.03 usr cpu s       0.08 sys cpu s       0.02 wall s
TIDE FileWritable::writeAndReadAll took      0.00 usr cpu s       0.00 sys cpu s       0.00 wall s
INDE writeAndReadAll sizesStr: '0 MB (1 MatrixGeneral, 0 > 1 MB) + 0 MB (13 MatrixSymmetric, 0 > 1 MB) + 0 MB (2 VectorGeneral, 0 > 1 MB) = 0 MB (16 total, 0 > 1 MB)
INDE     ITERATION 1 :
TIDE purify_X took      0.00 usr cpu s       0.00 sys cpu s       0.00 wall s
TIDE truncate_matrix took      0.00 usr cpu s       0.00 sys cpu s       0.00 wall s
INDE Actual introduced error   0.000000e+00 : nnz before  116964 <-> 100.00 % , nnz after  116964 <-> 100.00 %
TIDE square took      0.02 usr cpu s       0.06 sys cpu s       0.01 wall s
INDE NNZ Xsq = 116964 <-> 100.00 %
TIDE Frobenius norm of X-X^2 took      0.00 usr cpu s       0.00 sys cpu s       0.00 wall s
TIDE Mixed norm of X-X^2 took      0.01 usr cpu s       0.01 sys cpu s       0.00 wall s
TIDE Trace of X-X^2 took      0.00 usr cpu s       0.00 sys cpu s       0.00 wall s
INDE ||X-X^2||_F = 4.467938e+00 , ||X-X^2||_mixed = 1.460677e+00
INDE trace(X-X^2) = 8.127625e+01
INDE trace(X) = 1.641160e+02
TIDE Iteration 1 took      0.04 usr cpu s       0.08 sys cpu s       0.02 wall s
INDE     ITERATION 2 :
TIDE purify_X took      0.00 usr cpu s       0.00 sys cpu s       0.00 wall s
TIDE truncate_matrix took      0.00 usr cpu s       0.00 sys cpu s       0.00 wall s
INDE Actual introduced error   0.000000e+00 : nnz before  116964 <-> 100.00 % , nnz after  116964 <-> 100.00 %
TIDE square took      0.03 usr cpu s       0.06 sys cpu s       0.01 wall s
INDE NNZ Xsq = 116964 <-> 100.00 %
TIDE Frobenius norm of X-X^2 took      0.00 usr cpu s       0.00 sys cpu s       0.00 wall s
TIDE Mixed norm of X-X^2 took      0.00 usr cpu s       0.02 sys cpu s       0.00 wall s
TIDE Trace of X-X^2 took      0.00 usr cpu s       0.00 sys cpu s       0.00 wall s
INDE ||X-X^2||_F = 3.254698e+00 , ||X-X^2||_mixed = 1.135626e+00
INDE trace(X-X^2) = 5.849020e+01
INDE trace(X) = 8.283977e+01
INDE Checking stopping criterion...   
INDE Order of convergence cannot be computed
TIDE stopping_criterion took      0.00 usr cpu s       0.00 sys cpu s       0.00 wall s
TIDE Iteration 2 took      0.03 usr cpu s       0.08 sys cpu s       0.02 wall s
INDE     ITERATION 3 :
TIDE purify_X took      0.00 usr cpu s       0.00 sys cpu s       0.00 wall s
TIDE truncate_matrix took      0.00 usr cpu s       0.00 sys cpu s       0.00 wall s
INDE Actual introduced error   0.000000e+00 : nnz before  116964 <-> 100.00 % , nnz after  116964 <-> 100.00 %
TIDE square took      0.01 usr cpu s       0.08 sys cpu s       0.01 wall s
INDE NNZ Xsq = 116964 <-> 100.00 %
TIDE Frobenius norm of X-X^2 took      0.00 usr cpu s       0.00 sys cpu s       0.00 wall s
TIDE Mixed norm of X-X^2 took      0.00 usr cpu s       0.02 sys cpu s       0.00 wall s
TIDE Trace of X-X^2 took      0.00 usr cpu s       0.00 sys cpu s       0.00 wall s
INDE ||X-X^2||_F = 4.290382e+00 , ||X-X^2||_mixed = 1.444683e+00
INDE trace(X-X^2) = 7.741617e+01
INDE trace(X) = 1.413300e+02
INDE Checking stopping criterion...   
INDE Order of convergence cannot be computed
TIDE stopping_criterion took      0.00 usr cpu s       0.00 sys cpu s       0.00 wall s
TIDE Iteration 3 took      0.02 usr cpu s       0.10 sys cpu s       0.02 wall s
INDE     ITERATION 4 :
TIDE purify_X took      0.00 usr cpu s       0.00 sys cpu s       0.00 wall s
TIDE truncate_matrix took      0.00 usr cpu s       0.00 sys cpu s       0.00 wall s
INDE Actual introduced error   0.000000e+00 : nnz before  116964 <-> 100.00 % , nnz after  116964 <-> 100.00 %
TIDE square took      0.02 usr cpu s       0.07 sys cpu s       0.01 wall s
INDE NNZ Xsq = 116964 <-> 100.00 %
TIDE Frobenius norm of X-X^2 took      0.00 usr cpu s       0.00 sys cpu s       0.00 wall s
TIDE Mixed norm of X-X^2 took      0.00 usr cpu s       0.02 sys cpu s       0.00 wall s
TIDE Trace of X-X^2 took      0.00 usr cpu s       0.00 sys cpu s       0.00 wall s
INDE ||X-X^2||_F = 4.003286e+00 , ||X-X^2||_mixed = 1.405987e+00
INDE trace(X-X^2) = 7.177920e+01
INDE trace(X) = 2.187461e+02
INDE Checking stopping criterion...   
INDE Order of convergence cannot be computed
TIDE stopping_criterion took      0.00 usr cpu s       0.00 sys cpu s       0.00 wall s
TIDE Iteration 4 took      0.02 usr cpu s       0.10 sys cpu s       0.02 wall s
INDE     ITERATION 5 :
TIDE purify_X took      0.00 usr cpu s       0.00 sys cpu s       0.00 wall s
TIDE truncate_matrix took      0.00 usr cpu s       0.00 sys cpu s       0.00 wall s
INDE Actual introduced error   0.000000e+00 : nnz before  116964 <-> 100.00 % , nnz after  116964 <-> 100.00 %
TIDE square took      0.03 usr cpu s       0.06 sys cpu s       0.01 wall s
INDE NNZ Xsq = 116964 <-> 100.00 %
TIDE Frobenius norm of X-X^2 took      0.00 usr cpu s       0.00 sys cpu s       0.00 wall s
TIDE Mixed norm of X-X^2 took      0.00 usr cpu s       0.02 sys cpu s       0.00 wall s
TIDE Trace of X-X^2 took      0.00 usr cpu s       0.00 sys cpu s       0.00 wall s
INDE ||X-X^2||_F = 4.268876e+00 , ||X-X^2||_mixed = 1.493204e+00
INDE trace(X-X^2) = 7.626113e+01
INDE trace(X) = 1.469669e+02
INDE Checking stopping criterion...   
INDE Order of convergence cannot be computed
TIDE stopping_criterion took      0.00 usr cpu s       0.00 sys cpu s       0.00 wall s
TIDE Iteration 5 took      0.04 usr cpu s       0.07 sys cpu s       0.02 wall s
INDE     ITERATION 6 :
TIDE purify_X took      0.00 usr cpu s       0.00 sys cpu s       0.00 wall s
TIDE truncate_matrix took      0.00 usr cpu s       0.00 sys cpu s       0.00 wall s
INDE Actual introduced error   0.000000e+00 : nnz before  116964 <-> 100.00 % , nnz after  116964 <-> 100.00 %
TIDE square took      0.03 usr cpu s       0.06 sys cpu s       0.01 wall s
INDE NNZ Xsq = 116964 <-> 100.00 %
TIDE Frobenius norm of X-X^2 took      0.00 usr cpu s       0.00 sys cpu s       0.00 wall s
TIDE Mixed norm of X-X^2 took      0.00 usr cpu s       0.02 sys cpu s       0.00 wall s
TIDE Trace of X-X^2 took      0.00 usr cpu s       0.00 sys cpu s       0.00 wall s
INDE ||X-X^2||_F = 2.734227e+00 , ||X-X^2||_mixed = 1.096789e+00
INDE trace(X-X^2) = 4.779601e+01
INDE trace(X) = 7.070581e+01
INDE Checking stopping criterion...   
INDE Order of convergence cannot be computed
TIDE stopping_criterion took      0.00 usr cpu s       0.00 sys cpu s       0.00 wall s
TIDE Iteration 6 took      0.04 usr cpu s       0.08 sys cpu s       0.02 wall s
INDE     ITERATION 7 :
TIDE purify_X took      0.00 usr cpu s       0.00 sys cpu s       0.00 wall s
TIDE truncate_matrix took      0.00 usr cpu s       0.00 sys cpu s       0.00 wall s
INDE Actual introduced error   0.000000e+00 : nnz before  116964 <-> 100.00 % , nnz after  116964 <-> 100.00 %
TIDE square took      0.02 usr cpu s       0.07 sys cpu s       0.01 wall s
INDE NNZ Xsq = 116964 <-> 100.00 %
TIDE Frobenius norm of X-X^2 took      0.00 usr cpu s       0.00 sys cpu s       0.00 wall s
TIDE Mixed norm of X-X^2 took      0.01 usr cpu s       0.01 sys cpu s       0.00 wall s
TIDE Trace of X-X^2 took      0.00 usr cpu s       0.00 sys cpu s       0.00 wall s
INDE ||X-X^2||_F = 3.850807e+00 , ||X-X^2||_mixed = 1.464409e+00
INDE trace(X-X^2) = 6.763986e+01
INDE trace(X) = 1.185018e+02
INDE Checking stopping criterion...   
INDE Order of convergence cannot be computed
TIDE stopping_criterion took      0.00 usr cpu s       0.00 sys cpu s       0.00 wall s
TIDE Iteration 7 took      0.03 usr cpu s       0.08 sys cpu s       0.02 wall s
INDE     ITERATION 8 :
TIDE purify_X took      0.00 usr cpu s       0.00 sys cpu s       0.00 wall s
TIDE truncate_matrix took      0.00 usr cpu s       0.00 sys cpu s       0.00 wall s
INDE Actual introduced error   0.000000e+00 : nnz before  116964 <-> 100.00 % , nnz after  116964 <-> 100.00 %
TIDE square took      0.03 usr cpu s       0.06 sys cpu s       0.01 wall s
INDE NNZ Xsq = 116964 <-> 100.00 %
TIDE Frobenius norm of X-X^2 took      0.00 usr cpu s       0.00 sys cpu s       0.00 wall s
TIDE Mixed norm of X-X^2 took      0.00 usr cpu s       0.02 sys cpu s       0.00 wall s
TIDE Trace of X-X^2 took      0.00 usr cpu s       0.00 sys cpu s       0.00 wall s
INDE ||X-X^2||_F = 4.120478e+00 , ||X-X^2||_mixed = 1.498159e+00
INDE trace(X-X^2) = 7.299921e+01
INDE trace(X) = 1.861417e+02
INDE Checking stopping criterion...   
INDE Order of convergence cannot be computed
TIDE stopping_criterion took      0.00 usr cpu s       0.00 sys cpu s       0.00 wall s
TIDE Iteration 8 took      0.04 usr cpu s       0.08 sys cpu s       0.02 wall s
INDE     ITERATION 9 :
TIDE purify_X took      0.00 usr cpu s       0.00 sys cpu s       0.00 wall s
TIDE truncate_matrix took      0.00 usr cpu s       0.00 sys cpu s       0.00 wall s
INDE Actual introduced error   0.000000e+00 : nnz before  116964 <-> 100.00 % , nnz after  116964 <-> 100.00 %
TIDE square took      0.02 usr cpu s       0.07 sys cpu s       0.01 wall s
INDE NNZ Xsq = 116964 <-> 100.00 %
TIDE Frobenius norm of X-X^2 took      0.00 usr cpu s       0.00 sys cpu s       0.00 wall s
TIDE Mixed norm of X-X^2 took      0.00 usr cpu s       0.02 sys cpu s       0.00 wall s
TIDE Trace of X-X^2 took      0.00 usr cpu s       0.00 sys cpu s       0.00 wall s
INDE ||X-X^2||_F = 3.665700e+00 , ||X-X^2||_mixed = 1.504887e+00
INDE trace(X-X^2) = 6.284350e+01
INDE trace(X) = 1.131425e+02
INDE Checking stopping criterion...   
INDE Order of convergence cannot be computed
TIDE stopping_criterion took      0.00 usr cpu s       0.00 sys cpu s       0.00 wall s
TIDE Iteration 9 took      0.03 usr cpu s       0.08 sys cpu s       0.02 wall s
INDE     ITERATION 10 :
TIDE purify_X took      0.00 usr cpu s       0.00 sys cpu s       0.00 wall s
TIDE truncate_matrix took      0.00 usr cpu s       0.00 sys cpu s       0.00 wall s
INDE Actual introduced error   0.000000e+00 : nnz before  116964 <-> 100.00 % , nnz after  116964 <-> 100.00 %
TIDE square took      0.03 usr cpu s       0.06 sys cpu s       0.01 wall s
INDE NNZ Xsq = 116964 <-> 100.00 %
TIDE Frobenius norm of X-X^2 took      0.00 usr cpu s       0.00 sys cpu s       0.00 wall s
TIDE Mixed norm of X-X^2 took      0.00 usr cpu s       0.02 sys cpu s       0.00 wall s
TIDE Trace of X-X^2 took      0.00 usr cpu s       0.00 sys cpu s       0.00 wall s
INDE ||X-X^2||_F = 3.888186e+00 , ||X-X^2||_mixed = 1.520339e+00
INDE trace(X-X^2) = 6.812285e+01
INDE trace(X) = 1.759860e+02
INDE Checking stopping criterion...   
INDE Order of convergence cannot be computed
TIDE stopping_criterion took      0.00 usr cpu s       0.00 sys cpu s       0.00 wall s
TIDE Iteration 10 took      0.04 usr cpu s       0.08 sys cpu s       0.02 wall s
INDE     ITERATION 11 :
TIDE purify_X took      0.00 usr cpu s       0.00 sys cpu s       0.00 wall s
TIDE truncate_matrix took      0.00 usr cpu s       0.00 sys cpu s       0.00 wall s
INDE Actual introduced error   0.000000e+00 : nnz before  116964 <-> 100.00 % , nnz after  116964 <-> 100.00 %
TIDE square took      0.02 usr cpu s       0.08 sys cpu s       0.02 wall s
INDE NNZ Xsq = 116964 <-> 100.00 %
TIDE Frobenius norm of X-X^2 took      0.00 usr cpu s       0.00 sys cpu s       0.00 wall s
TIDE Mixed norm of X-X^2 took      0.00 usr cpu s       0.02 sys cpu s       0.00 wall s
TIDE Trace of X-X^2 took      0.00 usr cpu s       0.00 sys cpu s       0.00 wall s
INDE ||X-X^2||_F = 3.436155e+00 , ||X-X^2||_mixed = 1.550221e+00
INDE trace(X-X^2) = 5.634730e+01
INDE trace(X) = 1.078631e+02
INDE Checking stopping criterion...   
INDE Order of convergence cannot be computed
TIDE stopping_criterion took      0.00 usr cpu s       0.00 sys cpu s       0.00 wall s
TIDE Iteration 11 took      0.02 usr cpu s       0.11 sys cpu s       0.02 wall s
INDE     ITERATION 12 :
TIDE purify_X took      0.00 usr cpu s       0.00 sys cpu s       0.00 wall s
TIDE truncate_matrix took      0.00 usr cpu s       0.00 sys cpu s       0.00 wall s
INDE Actual introduced error   0.000000e+00 : nnz before  116964 <-> 100.00 % , nnz after  116964 <-> 100.00 %
TIDE square took      0.03 usr cpu s       0.05 sys cpu s       0.01 wall s
INDE NNZ Xsq = 116964 <-> 100.00 %
TIDE Frobenius norm of X-X^2 took      0.00 usr cpu s       0.00 sys cpu s       0.00 wall s
TIDE Mixed norm of X-X^2 took      0.00 usr cpu s       0.02 sys cpu s       0.00 wall s
TIDE Trace of X-X^2 took      0.00 usr cpu s       0.00 sys cpu s       0.00 wall s
INDE ||X-X^2||_F = 2.134020e+00 , ||X-X^2||_mixed = 1.203842e+00
INDE trace(X-X^2) = 2.958069e+01
INDE trace(X) = 5.151583e+01
INDE Checking stopping criterion...   
INDE Order of convergence cannot be computed
TIDE stopping_criterion took      0.00 usr cpu s       0.00 sys cpu s       0.00 wall s
TIDE Iteration 12 took      0.03 usr cpu s       0.07 sys cpu s       0.02 wall s
INDE     ITERATION 13 :
TIDE purify_X took      0.00 usr cpu s       0.00 sys cpu s       0.00 wall s
TIDE truncate_matrix took      0.00 usr cpu s       0.00 sys cpu s       0.00 wall s
INDE Actual introduced error   0.000000e+00 : nnz before  116964 <-> 100.00 % , nnz after  116964 <-> 100.00 %
TIDE square took      0.01 usr cpu s       0.08 sys cpu s       0.01 wall s
INDE NNZ Xsq = 116964 <-> 100.00 %
TIDE Frobenius norm of X-X^2 took      0.00 usr cpu s       0.00 sys cpu s       0.00 wall s
TIDE Mixed norm of X-X^2 took      0.00 usr cpu s       0.02 sys cpu s       0.00 wall s
TIDE Trace of X-X^2 took      0.00 usr cpu s       0.00 sys cpu s       0.00 wall s
INDE ||X-X^2||_F = 2.856446e+00 , ||X-X^2||_mixed = 1.476453e+00
INDE trace(X-X^2) = 4.203469e+01
INDE trace(X) = 8.109652e+01
INDE Checking stopping criterion...   
INDE Order of convergence cannot be computed
TIDE stopping_criterion took      0.00 usr cpu s       0.00 sys cpu s       0.00 wall s
TIDE Iteration 13 took      0.02 usr cpu s       0.09 sys cpu s       0.02 wall s
INDE     ITERATION 14 :
TIDE purify_X took      0.00 usr cpu s       0.00 sys cpu s       0.00 wall s
TIDE truncate_matrix took      0.00 usr cpu s       0.00 sys cpu s       0.00 wall s
INDE Actual introduced error   0.000000e+00 : nnz before  116964 <-> 100.00 % , nnz after  116964 <-> 100.00 %
TIDE square took      0.03 usr cpu s       0.04 sys cpu s       0.01 wall s
INDE NNZ Xsq = 116964 <-> 100.00 %
TIDE Frobenius norm of X-X^2 took      0.00 usr cpu s       0.00 sys cpu s       0.00 wall s
TIDE Mixed norm of X-X^2 took      0.00 usr cpu s       0.01 sys cpu s       0.00 wall s
TIDE Trace of X-X^2 took      0.00 usr cpu s       0.00 sys cpu s       0.00 wall s
INDE ||X-X^2||_F = 3.137433e+00 , ||X-X^2||_mixed = 1.633222e+00
INDE trace(X-X^2) = 4.810057e+01
INDE trace(X) = 1.231312e+02
INDE Checking stopping criterion...   
INDE Order of convergence cannot be computed
TIDE stopping_criterion took      0.00 usr cpu s       0.00 sys cpu s       0.00 wall s
TIDE Iteration 14 took      0.04 usr cpu s       0.06 sys cpu s       0.01 wall s
INDE     ITERATION 15 :
TIDE purify_X took      0.00 usr cpu s       0.00 sys cpu s       0.00 wall s
TIDE truncate_matrix took      0.00 usr cpu s       0.00 sys cpu s       0.00 wall s
INDE Actual introduced error   0.000000e+00 : nnz before  116964 <-> 100.00 % , nnz after  116964 <-> 100.00 %
TIDE square took      0.04 usr cpu s       0.04 sys cpu s       0.01 wall s
INDE NNZ Xsq = 116964 <-> 100.00 %
TIDE Frobenius norm of X-X^2 took      0.00 usr cpu s       0.00 sys cpu s       0.00 wall s
TIDE Mixed norm of X-X^2 took      0.00 usr cpu s       0.01 sys cpu s       0.00 wall s
TIDE Trace of X-X^2 took      0.00 usr cpu s       0.00 sys cpu s       0.00 wall s
INDE ||X-X^2||_F = 2.538327e+00 , ||X-X^2||_mixed = 1.427881e+00
INDE trace(X-X^2) = 3.388155e+01
INDE trace(X) = 7.503064e+01
INDE Checking stopping criterion...   
INDE Order of convergence cannot be computed
TIDE stopping_criterion took      0.00 usr cpu s       0.00 sys cpu s       0.00 wall s
TIDE Iteration 15 took      0.04 usr cpu s       0.06 sys cpu s       0.02 wall s
INDE     ITERATION 16 :
TIDE purify_X took      0.00 usr cpu s       0.00 sys cpu s       0.00 wall s
TIDE truncate_matrix took      0.00 usr cpu s       0.00 sys cpu s       0.00 wall s
INDE Actual introduced error   0.000000e+00 : nnz before  116964 <-> 100.00 % , nnz after  116964 <-> 100.00 %
TIDE square took      0.02 usr cpu s       0.06 sys cpu s       0.01 wall s
INDE NNZ Xsq = 116964 <-> 100.00 %
TIDE Frobenius norm of X-X^2 took      0.00 usr cpu s       0.00 sys cpu s       0.00 wall s
TIDE Mixed norm of X-X^2 took      0.01 usr cpu s       0.01 sys cpu s       0.00 wall s
TIDE Trace of X-X^2 took      0.00 usr cpu s       0.00 sys cpu s       0.00 wall s
INDE ||X-X^2||_F = 2.741272e+00 , ||X-X^2||_mixed = 1.619469e+00
INDE trace(X-X^2) = 3.724942e+01
INDE trace(X) = 1.089122e+02
INDE Checking stopping criterion...   
INDE Order of convergence cannot be computed
TIDE stopping_criterion took      0.00 usr cpu s       0.00 sys cpu s       0.00 wall s
TIDE Iteration 16 took      0.03 usr cpu s       0.08 sys cpu s       0.02 wall s
INDE     ITERATION 17 :
TIDE purify_X took      0.00 usr cpu s       0.00 sys cpu s       0.00 wall s
TIDE truncate_matrix took      0.00 usr cpu s       0.00 sys cpu s       0.00 wall s
INDE Actual introduced error   0.000000e+00 : nnz before  116964 <-> 100.00 % , nnz after  116964 <-> 100.00 %
TIDE square took      0.02 usr cpu s       0.06 sys cpu s       0.01 wall s
INDE NNZ Xsq = 116964 <-> 100.00 %
TIDE Frobenius norm of X-X^2 took      0.00 usr cpu s       0.00 sys cpu s       0.00 wall s
TIDE Mixed norm of X-X^2 took      0.00 usr cpu s       0.01 sys cpu s       0.00 wall s
TIDE Trace of X-X^2 took      0.00 usr cpu s       0.00 sys cpu s       0.00 wall s
INDE ||X-X^2||_F = 2.196867e+00 , ||X-X^2||_mixed = 1.348216e+00
INDE trace(X-X^2) = 2.633768e+01
INDE trace(X) = 7.166277e+01
INDE Checking stopping criterion...   
INDE Order of convergence cannot be computed
TIDE stopping_criterion took      0.00 usr cpu s       0.00 sys cpu s       0.00 wall s
TIDE Iteration 17 took      0.03 usr cpu s       0.08 sys cpu s       0.02 wall s
INDE     ITERATION 18 :
TIDE purify_X took      0.00 usr cpu s       0.00 sys cpu s       0.00 wall s
TIDE truncate_matrix took      0.00 usr cpu s       0.00 sys cpu s       0.00 wall s
INDE Actual introduced error   0.000000e+00 : nnz before  116964 <-> 100.00 % , nnz after  116964 <-> 100.00 %
TIDE square took      0.02 usr cpu s       0.07 sys cpu s       0.01 wall s
INDE NNZ Xsq = 116964 <-> 100.00 %
TIDE Frobenius norm of X-X^2 took      0.00 usr cpu s       0.00 sys cpu s       0.00 wall s
TIDE Mixed norm of X-X^2 took      0.00 usr cpu s       0.02 sys cpu s       0.00 wall s
TIDE Trace of X-X^2 took      0.00 usr cpu s       0.00 sys cpu s       0.00 wall s
INDE ||X-X^2||_F = 1.503685e+00 , ||X-X^2||_mixed = 1.049197e+00
INDE trace(X-X^2) = 1.465039e+01
INDE trace(X) = 4.532509e+01
INDE Checking stopping criterion...   
INDE Order of convergence cannot be computed
TIDE stopping_criterion took      0.00 usr cpu s       0.00 sys cpu s       0.00 wall s
TIDE Iteration 18 took      0.02 usr cpu s       0.09 sys cpu s       0.02 wall s
INDE     ITERATION 19 :
TIDE purify_X took      0.00 usr cpu s       0.00 sys cpu s       0.00 wall s
TIDE truncate_matrix took      0.00 usr cpu s       0.00 sys cpu s       0.00 wall s
INDE Actual introduced error   0.000000e+00 : nnz before  116964 <-> 100.00 % , nnz after  116964 <-> 100.00 %
TIDE square took      0.02 usr cpu s       0.06 sys cpu s       0.01 wall s
INDE NNZ Xsq = 116964 <-> 100.00 %
TIDE Frobenius norm of X-X^2 took      0.00 usr cpu s       0.00 sys cpu s       0.00 wall s
TIDE Mixed norm of X-X^2 took      0.00 usr cpu s       0.02 sys cpu s       0.00 wall s
TIDE Trace of X-X^2 took      0.00 usr cpu s       0.00 sys cpu s       0.00 wall s
INDE ||X-X^2||_F = 1.606133e+00 , ||X-X^2||_mixed = 1.077413e+00
INDE trace(X-X^2) = 1.666802e+01
INDE trace(X) = 5.997547e+01
INDE Checking stopping criterion...   
INDE Order of convergence cannot be computed
TIDE stopping_criterion took      0.00 usr cpu s       0.00 sys cpu s       0.00 wall s
TIDE Iteration 19 took      0.03 usr cpu s       0.08 sys cpu s       0.02 wall s
INDE     ITERATION 20 :
TIDE purify_X took      0.00 usr cpu s       0.00 sys cpu s       0.00 wall s
TIDE truncate_matrix took      0.00 usr cpu s       0.00 sys cpu s       0.00 wall s
INDE Actual introduced error   0.000000e+00 : nnz before  116964 <-> 100.00 % , nnz after  116964 <-> 100.00 %
TIDE square took      0.02 usr cpu s       0.07 sys cpu s       0.01 wall s
INDE NNZ Xsq = 116964 <-> 100.00 %
TIDE Frobenius norm of X-X^2 took      0.00 usr cpu s       0.00 sys cpu s       0.00 wall s
TIDE Mixed norm of X-X^2 took      0.01 usr cpu s       0.01 sys cpu s       0.00 wall s
TIDE Trace of X-X^2 took      0.00 usr cpu s       0.00 sys cpu s       0.00 wall s
INDE ||X-X^2||_F = 1.109688e+00 , ||X-X^2||_mixed = 8.472663e-01
INDE trace(X-X^2) = 8.649410e+00
INDE trace(X) = 4.330746e+01
INDE Checking stopping criterion...   
INDE Order of convergence cannot be computed
TIDE stopping_criterion took      0.00 usr cpu s       0.00 sys cpu s       0.00 wall s
TIDE Iteration 20 took      0.03 usr cpu s       0.08 sys cpu s       0.02 wall s
INDE     ITERATION 21 :
TIDE purify_X took      0.00 usr cpu s       0.00 sys cpu s       0.00 wall s
TIDE truncate_matrix took      0.00 usr cpu s       0.00 sys cpu s       0.00 wall s
INDE Actual introduced error   0.000000e+00 : nnz before  116964 <-> 100.00 % , nnz after  116964 <-> 100.00 %
TIDE square took      0.02 usr cpu s       0.07 sys cpu s       0.01 wall s
INDE NNZ Xsq = 116964 <-> 100.00 %
TIDE Frobenius norm of X-X^2 took      0.00 usr cpu s       0.00 sys cpu s       0.00 wall s
TIDE Mixed norm of X-X^2 took      0.00 usr cpu s       0.01 sys cpu s       0.00 wall s
TIDE Trace of X-X^2 took      0.00 usr cpu s       0.00 sys cpu s       0.00 wall s
INDE ||X-X^2||_F = 9.694016e-01 , ||X-X^2||_mixed = 7.162068e-01
INDE trace(X-X^2) = 8.394740e+00
INDE trace(X) = 5.195687e+01
INDE Checking stopping criterion...   
INDE Order of convergence cannot be computed
TIDE stopping_criterion took      0.00 usr cpu s       0.00 sys cpu s       0.00 wall s
TIDE Iteration 21 took      0.02 usr cpu s       0.09 sys cpu s       0.02 wall s
INDE     ITERATION 22 :
TIDE purify_X took      0.00 usr cpu s       0.00 sys cpu s       0.00 wall s
TIDE truncate_matrix took      0.00 usr cpu s       0.00 sys cpu s       0.00 wall s
INDE Actual introduced error   0.000000e+00 : nnz before  116964 <-> 100.00 % , nnz after  116964 <-> 100.00 %
TIDE square took      0.02 usr cpu s       0.06 sys cpu s       0.01 wall s
INDE NNZ Xsq = 116964 <-> 100.00 %
TIDE Frobenius norm of X-X^2 took      0.00 usr cpu s       0.00 sys cpu s       0.00 wall s
TIDE Mixed norm of X-X^2 took      0.00 usr cpu s       0.02 sys cpu s       0.00 wall s
TIDE Trace of X-X^2 took      0.00 usr cpu s       0.00 sys cpu s       0.00 wall s
INDE ||X-X^2||_F = 1.308114e+00 , ||X-X^2||_mixed = 9.750828e-01
INDE trace(X-X^2) = 1.060333e+01
INDE trace(X) = 6.035161e+01
INDE Checking stopping criterion...   
INDE Order of convergence cannot be computed
TIDE stopping_criterion took      0.00 usr cpu s       0.00 sys cpu s       0.00 wall s
TIDE Iteration 22 took      0.03 usr cpu s       0.08 sys cpu s       0.02 wall s
INDE     ITERATION 23 :
TIDE purify_X took      0.00 usr cpu s       0.00 sys cpu s       0.00 wall s
TIDE truncate_matrix took      0.00 usr cpu s       0.00 sys cpu s       0.00 wall s
INDE Actual introduced error   0.000000e+00 : nnz before  116964 <-> 100.00 % , nnz after  116964 <-> 100.00 %
TIDE square took      0.02 usr cpu s       0.06 sys cpu s       0.01 wall s
INDE NNZ Xsq = 116964 <-> 100.00 %
TIDE Frobenius norm of X-X^2 took      0.00 usr cpu s       0.00 sys cpu s       0.00 wall s
TIDE Mixed norm of X-X^2 took      0.00 usr cpu s       0.01 sys cpu s       0.00 wall s
TIDE Trace of X-X^2 took      0.00 usr cpu s       0.00 sys cpu s       0.00 wall s
INDE ||X-X^2||_F = 5.528656e-01 , ||X-X^2||_mixed = 4.415057e-01
INDE trace(X-X^2) = 3.713742e+00
INDE trace(X) = 4.974828e+01
INDE Checking stopping criterion...   
INDE e_i =4.415057e-01, C*e_{i-1}^q = 3.532805e+00
INDE Order of convergence = 8.230503, stop = 0
TIDE stopping_criterion took      0.00 usr cpu s       0.00 sys cpu s       0.00 wall s
TIDE Iteration 23 took      0.03 usr cpu s       0.08 sys cpu s       0.02 wall s
INDE     ITERATION 24 :
TIDE purify_X took      0.00 usr cpu s       0.00 sys cpu s       0.00 wall s
TIDE truncate_matrix took      0.00 usr cpu s       0.00 sys cpu s       0.00 wall s
INDE Actual introduced error   0.000000e+00 : nnz before  116964 <-> 100.00 % , nnz after  116964 <-> 100.00 %
TIDE square took      0.03 usr cpu s       0.06 sys cpu s       0.01 wall s
INDE NNZ Xsq = 116964 <-> 100.00 %
TIDE Frobenius norm of X-X^2 took      0.00 usr cpu s       0.00 sys cpu s       0.00 wall s
TIDE Mixed norm of X-X^2 took      0.00 usr cpu s       0.01 sys cpu s       0.00 wall s
TIDE Trace of X-X^2 took      0.00 usr cpu s       0.00 sys cpu s       0.00 wall s
INDE ||X-X^2||_F = 3.562246e-01 , ||X-X^2||_mixed = 3.225723e-01
INDE trace(X-X^2) = 1.459674e+00
INDE trace(X) = 4.603454e+01
INDE Checking stopping criterion...   
INDE Order of convergence cannot be computed
TIDE stopping_criterion took      0.00 usr cpu s       0.00 sys cpu s       0.00 wall s
TIDE Iteration 24 took      0.04 usr cpu s       0.07 sys cpu s       0.02 wall s
INDE     ITERATION 25 :
TIDE purify_X took      0.00 usr cpu s       0.00 sys cpu s       0.00 wall s
TIDE truncate_matrix took      0.00 usr cpu s       0.00 sys cpu s       0.00 wall s
INDE Actual introduced error   0.000000e+00 : nnz before  116964 <-> 100.00 % , nnz after  116964 <-> 100.00 %
TIDE square took      0.01 usr cpu s       0.07 sys cpu s       0.01 wall s
INDE NNZ Xsq = 116964 <-> 100.00 %
TIDE Frobenius norm of X-X^2 took      0.00 usr cpu s       0.00 sys cpu s       0.00 wall s
TIDE Mixed norm of X-X^2 took      0.01 usr cpu s       0.01 sys cpu s       0.00 wall s
TIDE Trace of X-X^2 took      0.00 usr cpu s       0.00 sys cpu s       0.00 wall s
INDE ||X-X^2||_F = 1.792346e-01 , ||X-X^2||_mixed = 1.540878e-01
INDE trace(X-X^2) = 8.442894e-01
INDE trace(X) = 4.749421e+01
INDE Checking stopping criterion...   
INDE e_i =1.540878e-01, C*e_{i-1}^q = 1.342503e+00
INDE Order of convergence = 4.647826, stop = 0
TIDE stopping_criterion took      0.00 usr cpu s       0.00 sys cpu s       0.00 wall s
TIDE Iteration 25 took      0.03 usr cpu s       0.08 sys cpu s       0.02 wall s
INDE     ITERATION 26 :
TIDE purify_X took      0.00 usr cpu s       0.00 sys cpu s       0.00 wall s
TIDE truncate_matrix took      0.00 usr cpu s       0.00 sys cpu s       0.00 wall s
INDE Actual introduced error   0.000000e+00 : nnz before  116964 <-> 100.00 % , nnz after  116964 <-> 100.00 %
TIDE square took      0.02 usr cpu s       0.07 sys cpu s       0.01 wall s
INDE NNZ Xsq = 116964 <-> 100.00 %
TIDE Frobenius norm of X-X^2 took      0.00 usr cpu s       0.00 sys cpu s       0.00 wall s
TIDE Mixed norm of X-X^2 took      0.01 usr cpu s       0.01 sys cpu s       0.00 wall s
TIDE Trace of X-X^2 took      0.00 usr cpu s       0.00 sys cpu s       0.00 wall s
INDE ||X-X^2||_F = 2.835699e-01 , ||X-X^2||_mixed = 2.369038e-01
INDE trace(X-X^2) = 1.260287e+00
INDE trace(X) = 4.833850e+01
INDE Checking stopping criterion...   
INDE Order of convergence cannot be computed
TIDE stopping_criterion took      0.00 usr cpu s       0.00 sys cpu s       0.00 wall s
TIDE Iteration 26 took      0.03 usr cpu s       0.08 sys cpu s       0.02 wall s
INDE     ITERATION 27 :
TIDE purify_X took      0.00 usr cpu s       0.00 sys cpu s       0.00 wall s
TIDE truncate_matrix took      0.00 usr cpu s       0.00 sys cpu s       0.00 wall s
INDE Actual introduced error   0.000000e+00 : nnz before  116964 <-> 100.00 % , nnz after  116964 <-> 100.00 %
TIDE square took      0.02 usr cpu s       0.06 sys cpu s       0.01 wall s
INDE NNZ Xsq = 116964 <-> 100.00 %
TIDE Frobenius norm of X-X^2 took      0.00 usr cpu s       0.00 sys cpu s       0.00 wall s
TIDE Mixed norm of X-X^2 took      0.01 usr cpu s       0.01 sys cpu s       0.00 wall s
TIDE Trace of X-X^2 took      0.00 usr cpu s       0.00 sys cpu s       0.00 wall s
INDE ||X-X^2||_F = 3.436137e-02 , ||X-X^2||_mixed = 2.955801e-02
INDE trace(X-X^2) = 1.172634e-01
INDE trace(X) = 4.707821e+01
INDE Checking stopping criterion...   
INDE e_i =2.955801e-02, C*e_{i-1}^q = 1.635232e-01
INDE Order of convergence = 2.914646, stop = 0
TIDE stopping_criterion took      0.00 usr cpu s       0.00 sys cpu s       0.00 wall s
TIDE Iteration 27 took      0.03 usr cpu s       0.08 sys cpu s       0.02 wall s
INDE     ITERATION 28 :
TIDE purify_X took      0.00 usr cpu s       0.00 sys cpu s       0.00 wall s
TIDE truncate_matrix took      0.00 usr cpu s       0.00 sys cpu s       0.00 wall s
INDE Actual introduced error   0.000000e+00 : nnz before  116964 <-> 100.00 % , nnz after  116964 <-> 100.00 %
TIDE square took      0.01 usr cpu s       0.07 sys cpu s       0.01 wall s
INDE NNZ Xsq = 116964 <-> 100.00 %
TIDE Frobenius norm of X-X^2 took      0.00 usr cpu s       0.00 sys cpu s       0.00 wall s
TIDE Mixed norm of X-X^2 took      0.00 usr cpu s       0.01 sys cpu s       0.00 wall s
TIDE Trace of X-X^2 took      0.00 usr cpu s       0.00 sys cpu s       0.00 wall s
INDE ||X-X^2||_F = 2.687616e-02 , ||X-X^2||_mixed = 2.659848e-02
INDE trace(X-X^2) = 4.034048e-02
INDE trace(X) = 4.696095e+01
INDE Checking stopping criterion...   
INDE Order of convergence cannot be computed
TIDE stopping_criterion took      0.00 usr cpu s       0.00 sys cpu s       0.00 wall s
TIDE Iteration 28 took      0.02 usr cpu s       0.08 sys cpu s       0.02 wall s
INDE     ITERATION 29 :
TIDE purify_X took      0.00 usr cpu s       0.00 sys cpu s       0.00 wall s
TIDE truncate_matrix took      0.00 usr cpu s       0.00 sys cpu s       0.00 wall s
INDE Actual introduced error   0.000000e+00 : nnz before  116964 <-> 100.00 % , nnz after  116964 <-> 100.00 %
TIDE square took      0.04 usr cpu s       0.16 sys cpu s       0.03 wall s
INDE NNZ Xsq = 116964 <-> 100.00 %
TIDE Frobenius norm of X-X^2 took      0.00 usr cpu s       0.00 sys cpu s       0.00 wall s
TIDE Mixed norm of X-X^2 took      0.00 usr cpu s       0.01 sys cpu s       0.00 wall s
TIDE Trace of X-X^2 took      0.00 usr cpu s       0.00 sys cpu s       0.00 wall s
INDE ||X-X^2||_F = 1.059266e-03 , ||X-X^2||_mixed = 9.559883e-04
INDE trace(X-X^2) = 2.794310e-03
INDE trace(X) = 4.700129e+01
INDE Checking stopping criterion...   
INDE e_i =9.559883e-04, C*e_{i-1}^q = 6.017181e-03
INDE Order of convergence = 2.522414, stop = 0
TIDE stopping_criterion took      0.00 usr cpu s       0.00 sys cpu s       0.00 wall s
TIDE Iteration 29 took      0.04 usr cpu s       0.18 sys cpu s       0.04 wall s
INDE     ITERATION 30 :
TIDE purify_X took      0.00 usr cpu s       0.00 sys cpu s       0.00 wall s
TIDE truncate_matrix took      0.00 usr cpu s       0.00 sys cpu s       0.00 wall s
INDE Actual introduced error   0.000000e+00 : nnz before  116964 <-> 100.00 % , nnz after  116964 <-> 100.00 %
TIDE square took      0.02 usr cpu s       0.09 sys cpu s       0.02 wall s
INDE NNZ Xsq = 116964 <-> 100.00 %
TIDE Frobenius norm of X-X^2 took      0.00 usr cpu s       0.00 sys cpu s       0.00 wall s
TIDE Mixed norm of X-X^2 took      0.01 usr cpu s       0.02 sys cpu s       0.00 wall s
TIDE Trace of X-X^2 took      0.00 usr cpu s       0.00 sys cpu s       0.00 wall s
INDE ||X-X^2||_F = 1.120828e-03 , ||X-X^2||_mixed = 1.113171e-03
INDE trace(X-X^2) = 1.503639e-03
INDE trace(X) = 4.699850e+01
INDE Checking stopping criterion...   
INDE e_i =1.113171e-03, C*e_{i-1}^q = 4.872549e-03
INDE Order of convergence = 2.407070, stop = 0
TIDE stopping_criterion took      0.00 usr cpu s       0.00 sys cpu s       0.00 wall s
TIDE Iteration 30 took      0.03 usr cpu s       0.11 sys cpu s       0.02 wall s
INDE     ITERATION 31 :
TIDE purify_X took      0.00 usr cpu s       0.00 sys cpu s       0.00 wall s
TIDE truncate_matrix took      0.00 usr cpu s       0.00 sys cpu s       0.00 wall s
INDE Actual introduced error   0.000000e+00 : nnz before  116964 <-> 100.00 % , nnz after  116964 <-> 100.00 %
TIDE square took      0.02 usr cpu s       0.04 sys cpu s       0.01 wall s
INDE NNZ Xsq = 116964 <-> 100.00 %
TIDE Frobenius norm of X-X^2 took      0.00 usr cpu s       0.00 sys cpu s       0.00 wall s
TIDE Mixed norm of X-X^2 took      0.00 usr cpu s       0.01 sys cpu s       0.00 wall s
TIDE Trace of X-X^2 took      0.00 usr cpu s       0.00 sys cpu s       0.00 wall s
INDE ||X-X^2||_F = 1.408666e-06 , ||X-X^2||_mixed = 1.348601e-06
INDE trace(X-X^2) = 2.875262e-06
INDE trace(X) = 4.700000e+01
INDE Checking stopping criterion...   
INDE e_i =1.348601e-06, C*e_{i-1}^q = 6.294306e-06
INDE Order of convergence = 2.221578, stop = 0
TIDE stopping_criterion took      0.00 usr cpu s       0.00 sys cpu s       0.00 wall s
TIDE Iteration 31 took      0.03 usr cpu s       0.05 sys cpu s       0.01 wall s
INDE     ITERATION 32 :
TIDE purify_X took      0.00 usr cpu s       0.00 sys cpu s       0.00 wall s
TIDE truncate_matrix took      0.00 usr cpu s       0.00 sys cpu s       0.00 wall s
INDE Actual introduced error   0.000000e+00 : nnz before  116964 <-> 100.00 % , nnz after  116964 <-> 100.00 %
TIDE square took      0.02 usr cpu s       0.07 sys cpu s       0.01 wall s
INDE NNZ Xsq = 116964 <-> 100.00 %
TIDE Frobenius norm of X-X^2 took      0.00 usr cpu s       0.00 sys cpu s       0.00 wall s
TIDE Mixed norm of X-X^2 took      0.00 usr cpu s       0.01 sys cpu s       0.00 wall s
TIDE Trace of X-X^2 took      0.00 usr cpu s       0.00 sys cpu s       0.00 wall s
INDE ||X-X^2||_F = 1.895452e-06 , ||X-X^2||_mixed = 1.768203e-06
INDE trace(X-X^2) = 3.233452e-06
INDE trace(X) = 4.700000e+01
INDE Checking stopping criterion...   
INDE Order of convergence cannot be computed
TIDE stopping_criterion took      0.00 usr cpu s       0.00 sys cpu s       0.00 wall s
TIDE Iteration 32 took      0.02 usr cpu s       0.09 sys cpu s       0.02 wall s
INDE     ITERATION 33 :
TIDE purify_X took      0.00 usr cpu s       0.00 sys cpu s       0.00 wall s
TIDE truncate_matrix took      0.00 usr cpu s       0.00 sys cpu s       0.00 wall s
INDE Actual introduced error   0.000000e+00 : nnz before  116964 <-> 100.00 % , nnz after  116964 <-> 100.00 %
TIDE square took      0.03 usr cpu s       0.06 sys cpu s       0.01 wall s
INDE NNZ Xsq = 116964 <-> 100.00 %
TIDE Frobenius norm of X-X^2 took      0.00 usr cpu s       0.00 sys cpu s       0.00 wall s
TIDE Mixed norm of X-X^2 took      0.00 usr cpu s       0.01 sys cpu s       0.00 wall s
TIDE Trace of X-X^2 took      0.00 usr cpu s       0.00 sys cpu s       0.00 wall s
INDE ||X-X^2||_F = 3.470502e-12 , ||X-X^2||_mixed = 3.387704e-12
INDE trace(X-X^2) = 5.776712e-12
INDE trace(X) = 4.700000e+01
INDE Checking stopping criterion...   
INDE e_i =3.387704e-12, C*e_{i-1}^q = 1.252592e-11
INDE Order of convergence = 2.096745, stop = 0
TIDE stopping_criterion took      0.00 usr cpu s       0.00 sys cpu s       0.00 wall s
TIDE Iteration 33 took      0.03 usr cpu s       0.07 sys cpu s       0.02 wall s
INDE     ITERATION 34 :
TIDE purify_X took      0.00 usr cpu s       0.00 sys cpu s       0.00 wall s
TIDE truncate_matrix took      0.00 usr cpu s       0.00 sys cpu s       0.00 wall s
INDE Actual introduced error   0.000000e+00 : nnz before  116964 <-> 100.00 % , nnz after  116964 <-> 100.00 %
TIDE square took      0.02 usr cpu s       0.06 sys cpu s       0.01 wall s
INDE NNZ Xsq = 116964 <-> 100.00 %
TIDE Frobenius norm of X-X^2 took      0.00 usr cpu s       0.00 sys cpu s       0.00 wall s
TIDE Mixed norm of X-X^2 took      0.00 usr cpu s       0.01 sys cpu s       0.00 wall s
TIDE Trace of X-X^2 took      0.00 usr cpu s       0.00 sys cpu s       0.00 wall s
INDE ||X-X^2||_F = 4.110180e-12 , ||X-X^2||_mixed = 4.109943e-12
INDE trace(X-X^2) = 4.334311e-12
INDE trace(X) = 4.700000e+01
INDE Checking stopping criterion...   
INDE Order of convergence cannot be computed
TIDE stopping_criterion took      0.00 usr cpu s       0.00 sys cpu s       0.00 wall s
TIDE Iteration 34 took      0.02 usr cpu s       0.07 sys cpu s       0.01 wall s
INDE     ITERATION 35 :
TIDE purify_X took      0.00 usr cpu s       0.00 sys cpu s       0.00 wall s
TIDE truncate_matrix took      0.00 usr cpu s       0.00 sys cpu s       0.00 wall s
INDE Actual introduced error   0.000000e+00 : nnz before  116964 <-> 100.00 % , nnz after  116964 <-> 100.00 %
TIDE square took      0.02 usr cpu s       0.10 sys cpu s       0.02 wall s
INDE NNZ Xsq = 116964 <-> 100.00 %
TIDE Frobenius norm of X-X^2 took      0.00 usr cpu s       0.00 sys cpu s       0.00 wall s
TIDE Mixed norm of X-X^2 took      0.00 usr cpu s       0.00 sys cpu s       0.00 wall s
TIDE Trace of X-X^2 took      0.00 usr cpu s       0.00 sys cpu s       0.00 wall s
INDE ||X-X^2||_F = 2.251409e-15 , ||X-X^2||_mixed = 0.000000e+00
INDE trace(X-X^2) = 0.000000e+00
INDE trace(X) = 4.700000e+01
INDE Checking stopping criterion...   
INDE ************************************************************************************************************
INDE The norm value went much below machine precision, therefore we stop here since n_max can be underestimated.
INDE ************************************************************************************************************
INDE e_i =0.000000e+00, C*e_{i-1}^q = 7.904123e-23
INDE Order of convergence = inf, stop = 1
TIDE stopping_criterion took      0.00 usr cpu s       0.00 sys cpu s       0.00 wall s
INDE PURIFICATION CONVERGED after 35 iterations
TIDE Iteration 35 took      0.03 usr cpu s       0.11 sys cpu s       0.02 wall s
INDE Number of non-zeros in D is  116964 <-> 100.00 %
TIDE FileWritable::writeAndReadAll took      0.00 usr cpu s       0.00 sys cpu s       0.00 wall s
INDE writeAndReadAll sizesStr: '0 MB (1 MatrixGeneral, 0 > 1 MB) + 0 MB (13 MatrixSymmetric, 0 > 1 MB) + 0 MB (2 VectorGeneral, 0 > 1 MB) = 0 MB (16 total, 0 > 1 MB)
INDE TOTAL accumulated subspace error is 0.000000e+00
INDE TOTAL X square time: 0.498175 wall s
INDE TOTAL X trunction time: 0.008686 wall s
INDE TOTAL X purify (exl. X^2 computation) time: 0.008099 wall s
INDE TOTAL time to get number of non-zero elements: 0.001623 wall s
INDE TOTAL time to get mixed norm: 0.092068 wall s
INDE TOTAL time to get Frobenius norm: 0.009461 wall s
INDE TOTAL time for stopping criterion: 0.001691 wall s
INDE TOTAL time to get matrix trace: 0.000835 wall s
INDE Estimated bounds for the eigenvalues for the Fock matrix:
INDE LUMO: [ 0.035549679085 , 0.056525112323 ]
INDE HOMO: [ -0.357278101527 , -0.348181679848 ]
TIDE eigenvalue_bounds_estimation() took      0.00 usr cpu s       0.00 sys cpu s       0.00 wall s
TIDE Recursive expansion took      1.16 usr cpu s       3.27 sys cpu s       0.68 wall s
TIDE Puri->PurificationStart() took      1.16 usr cpu s       3.27 sys cpu s       0.68 wall s
TIDE Accumulated wall times for writeToFile in PurificationStart()          : 0 s (MatrixGeneral) + 3.1e-06 s (MatrixSymmetric) + 0.00014 s (VectorGeneral) = 0.00014 s
TIDE Accumulated wall times for readFromFile in PurificationStart()         : 0 s (MatrixGeneral) + 1.9e-06 s (MatrixSymmetric) + 4.9e-05 s (VectorGeneral) = 5.1e-05 s
TIDE Accumulated wall times for copy and assign in PurificationStart()      : 2.1e-06 s (MatrixSymmetric) + 6.2e-05 s (VectorGeneral) = 6.4e-05 s
INDE Number of calls to writeToFile in PurificationStart()                  : 2 (MatrixGeneral) + 27 (MatrixSymmetric) + 1507 (VectorGeneral) = 1536 
INDE Number of calls to readFromFile in PurificationStart()                 : 2 (MatrixGeneral) + 26 (MatrixSymmetric) + 601 (VectorGeneral) = 629 
INDE Number of calls to FileWritable copy and assign in PurificationStart() : 2 (MatrixSymmetric) + 37 (VectorGeneral) = 39 
TIDE mat::Gblas::time after purification :     3.388742
INDE Created .m files with results of the purification
INDE Purification converged OK, subspaceError <=          0.00000000000
INDE E(LUMO) - E(HOMO) >=          0.38373135893 =         10.44186227253 eV
INDE E(LUMO) - E(HOMO) <=          0.41380321385 =         11.26015913574 eV
INDE HOMO interval : [   -0.357278101527   -0.348181679848 ]
INDE LUMO interval : [    0.035549679085    0.056525112323 ]
INDE Trace of resulting density matrix is         47.00000000000, error is   0.00000000000000.
INDE Truncated D_ort ( mixed ), selected threshold = 9.99999e-08, returned error =          0, nnz before = 116964 <-> 100.0000 %, nnz after = 116964 <-> 100.0000 %
TIDE FileWritable::writeAndReadAll took      0.00 usr cpu s       0.00 sys cpu s       0.00 wall s
INDE writeAndReadAll sizesStr: '0 MB (1 MatrixGeneral, 0 > 1 MB) + 0 MB (12 MatrixSymmetric, 0 > 1 MB) + 0 MB (1 MatrixTriangular, 0 > 1 MB) = 0 MB (14 total, 0 > 1 MB)
TIDE D_w to non-orthogonal basis took      0.05 usr cpu s       0.17 sys cpu s       0.04 wall s
INDE Truncated D_S (eucl with Z), selected threshold = 9.99999e-08, returned error =          0, nnz before = 100.0000 %, nnz after = 100.0000 %
INDE get_dens_from_fock_sparse ending OK
TIDE get_dens_from_fock_sparse took      1.61 usr cpu s       4.90 sys cpu s       1.03 wall s
ERDE get_dens_from_fock  (GetDensFromFock class) : purification finished OK.
TIDE get_dens_from_fock took      1.61 usr cpu s       4.90 sys cpu s       1.03 wall s
INSC Matrix 'new density matrix' ( symm ): n =    342, nnz =       116964 <-> 100.00 %, mem usage  0.0005 G
INSC Tr( D * S ) =         93.99999999999
TISC get_new_density_matrix took      1.61 usr cpu s       4.90 sys cpu s       1.03 wall s
INSC SCF_restricted::report_density_difference, diff_eucl =          0.00004158640
TISC SCF_restricted::report_density_difference took      0.01 usr cpu s       0.07 sys cpu s       0.01 wall s
INMA ddf_writeShellListAndDensityMatricesToFile_sparse, n =    342, densityMatrixList[0].nvalues =       58653
INMA opened temporary file 'density.bin.oW52iP' for writing
INMA Choosing matrixStorageType = MATRIX_STORAGE_TYPE_TRIANGLE.
INMA fileSize =          560392 bytes =      0.560 MegaBytes
INMA renamed file 'density.bin.oW52iP' to 'density.bin'
INMA ddf_writeShellListAndDensityMatricesToFile_sparse freeing buffer.
INMA ddf_writeShellListAndDensityMatricesToFile_sparse returning OK.
TISC write_density_to_file took      0.01 usr cpu s       0.04 sys cpu s       0.01 wall s
INSC Creating mtx file for Fock matrix
INSC Creating mtx file for density matrix
INSC SCF cycle  13 finished.
TISC SCF cycle  13 took    984.77 usr cpu s       8.52 sys cpu s     165.21 wall s
INSC Beginning of SCF cycle 14:  Thu Dec 18 16:22:25 2025
INDE compute_J_by_boxes_sparse() start.
TIDE FileWritable::writeAndReadAll took      0.00 usr cpu s       0.00 sys cpu s       0.00 wall s
INDE writeAndReadAll: '0 MB (1 MatrixGeneral, 0 > 1 MB) + 0 MB (11 MatrixSymmetric, 0 > 1 MB) = 0 MB (12 total, 0 > 1 MB)
IN   compute_J_by_boxes_sparse, maxDensityMatrixElement =         22.35795637105
ININ get_basis_func_pair_list, n =    342
ININ create_box_system end OK, toplevelBoxSize:   7.0, #levels:  3, #boxes at top level:      6
TIIN get_basis_func_pair_list_2el took      0.17 usr cpu s       0.00 sys cpu s       0.17 wall s
IN   compute_J_by_boxes_sparse: noOfBasisFuncIndexPairs = 52606 ==> storing  44.98 % of a full matrix
ININ entering compute_J_by_boxes_linear, no of basis funcs =   342, threshold_J =   1e-12
ININ use_fmm = 1, fmm_box_size =   5.00
TIIN Compute extent for all distrs took      0.47 usr cpu s       0.00 sys cpu s       0.47 wall s
ININ extent_min =    0.000, extent_max =   19.778
ININ Creating list of distributions etc done, distrCount =    353701
TIIN Creating list of distributions etc took      0.69 usr cpu s       0.02 sys cpu s       0.71 wall s
ININ create_box_system end OK, toplevelBoxSize:   5.0, #levels:  3, #boxes at top level:     10
TIIN Creating boxes took      0.04 usr cpu s       0.01 sys cpu s       0.05 wall s
ININ noOfBranches = 5, splitters:  10.00  5.00  2.50  0.00
ININ J org done, groupCount =    15565
TIIN J org took      1.58 usr cpu s       0.00 sys cpu s       1.58 wall s
TIIN Generate group multipoles took      0.66 usr cpu s       0.00 sys cpu s       0.66 wall s
ININ totChargeWholeSystem =          0.00000000000
ININ Generating multipole for each branch at top level, MAX_MULTIPOLE_DEGREE = 15
TIIN Translate multipoles (step 1) took      0.50 usr cpu s       0.00 sys cpu s       0.50 wall s
TIIN Translate multipoles (step 2) took      0.08 usr cpu s       0.00 sys cpu s       0.08 wall s
ININ job lists for J created OK, noOfJobs_J_standard =     1255, noOfJobs_J_multipole =       40
TIIN Creating job lists for J took      0.00 usr cpu s       0.00 sys cpu s       0.00 wall s
ININ execute_joblist_J_std_threaded, noOfThreads =  8
ININ 8 threads started OK.
ININ all 8 threads have finished.
TIIN execute_joblist_J_std_threaded took    225.14 usr cpu s       0.27 sys cpu s      36.72 wall s
TIIN sort_list_of_multipole_jobs init part took      0.00 usr cpu s       0.00 sys cpu s       0.00 wall s
TIIN sort_list_of_multipole_jobs complete took      0.00 usr cpu s       0.00 sys cpu s       0.00 wall s
TIIN sort_list_of_multipole_jobs took      0.00 usr cpu s       0.00 sys cpu s       0.00 wall s
ININ execute_joblist_J_fmm_shared: Allocating multipoleList_4, maxnoOfMinimalDistrsPerBoxBranch =     65422
ININ execute_joblist_J_fmm_shared: jobIndexLo =            0, jobIndexHi =            5
ININ execute_joblist_J_fmm_shared: Allocating multipoleList_4, maxnoOfMinimalDistrsPerBoxBranch =     65422
ININ execute_joblist_J_fmm_shared: jobIndexLo =            5, jobIndexHi =           10
ININ execute_joblist_J_fmm_shared: Allocating multipoleList_4, maxnoOfMinimalDistrsPerBoxBranch =     65422
ININ execute_joblist_J_fmm_shared: Allocating multipoleList_4, maxnoOfMinimalDistrsPerBoxBranch =     65422
ININ execute_joblist_J_fmm_shared: jobIndexLo =           15, jobIndexHi =           20
ININ execute_joblist_J_fmm_shared: jobIndexLo =           10, jobIndexHi =           15
ININ execute_joblist_J_fmm_shared: Allocating multipoleList_4, maxnoOfMinimalDistrsPerBoxBranch =     65422
ININ execute_joblist_J_fmm_shared: jobIndexLo =           20, jobIndexHi =           25
ININ execute_joblist_J_fmm_shared: Allocating multipoleList_4, maxnoOfMinimalDistrsPerBoxBranch =     65422
ININ execute_joblist_J_fmm_shared: jobIndexLo =           25, jobIndexHi =           30
ININ execute_joblist_J_fmm_shared: Allocating multipoleList_4, maxnoOfMinimalDistrsPerBoxBranch =     65422
ININ execute_joblist_J_fmm_shared: jobIndexLo =           30, jobIndexHi =           35
ININ execute_joblist_J_fmm_shared: Allocating multipoleList_4, maxnoOfMinimalDistrsPerBoxBranch =     65422
ININ execute_joblist_J_fmm_shared: jobIndexLo =           35, jobIndexHi =           40
ININ execute_joblist_J_fmm_shared: done!
ININ execute_joblist_J_fmm_shared: done!
ININ execute_joblist_J_fmm_shared: done!
ININ execute_joblist_J_fmm_shared: done!
ININ execute_joblist_J_fmm_shared: done!
ININ execute_joblist_J_fmm_shared: done!
ININ execute_joblist_J_fmm_shared: done!
ININ execute_joblist_J_fmm_shared: done!
ININ multipole job list for J executed, largest L used: 12
TIIN Executing multipole job list for J took      0.31 usr cpu s       0.00 sys cpu s       0.13 wall s
ININ compute_J_by_boxes_linear ending OK.
TIIN compute_J_by_boxes_linear took    229.03 usr cpu s       0.30 sys cpu s      40.46 wall s
TI   compute_J_by_boxes_sparse total took    229.20 usr cpu s       0.30 sys cpu s      40.64 wall s
ININ entering create_CSR_for_K, no of basis funcs =   342, threshold_K =   1e-12
ININ create_box_system end OK, toplevelBoxSize:   7.0, #levels:  3, #boxes at top level:      6
ININ create_box_system end OK, toplevelBoxSize:   7.0, #levels:  3, #boxes at top level:      6
ININ create_box_system end OK, toplevelBoxSize:   7.0, #levels:  3, #boxes at top level:      6
TIIN create_CSR_for_K getting list of distrs took      0.44 usr cpu s       0.00 sys cpu s       0.44 wall s
ININ list of neighbors complete.
TIIN create_CSR_for_K getting list of neighbors took      0.00 usr cpu s       0.00 sys cpu s       0.00 wall s
TIIN create_CSR_for_K sort each list of neighbors took      0.06 usr cpu s       0.00 sys cpu s       0.06 wall s
ININ 8 threads started OK.
TIIN identify_needed_elements() took    596.72 usr cpu s       1.02 sys cpu s      86.83 wall s
ININ computing nnz..
ININ create_CSR_for_K: predicted nnz =        58653, <->  50.15% of a full matrix
TIIN create_CSR_for_K last part took      0.00 usr cpu s       0.00 sys cpu s       0.00 wall s
TIIN create_CSR_for_K total took    597.23 usr cpu s       1.02 sys cpu s      87.34 wall s
ININ entering compute_K_by_boxes, no of basis funcs =   342, threshold_K =   1e-12, exchange_box_size =   5.00
ININ create_box_system end OK, toplevelBoxSize:   7.0, #levels:  3, #boxes at top level:      6
ININ create_box_system end OK, toplevelBoxSize:   7.0, #levels:  3, #boxes at top level:      6
ININ create_box_system end OK, toplevelBoxSize:   7.0, #levels:  3, #boxes at top level:      6
TIIN Compute extent for all distrs took      0.49 usr cpu s       0.00 sys cpu s       0.49 wall s
ININ Creating list of distributions done, distrCountTot =    353701
TIIN Creating list of distributions took      0.82 usr cpu s       0.00 sys cpu s       0.82 wall s
ININ create_box_system end OK, toplevelBoxSize:   5.0, #levels:  3, #boxes at top level:     10
ININ create_box_system end OK, toplevelBoxSize:   2.5, #levels:  4, #boxes at top level:     16
ININ noOfLevelsBasisFuncs = 4, noOfLevelsDiff = 1
TIIN Creating boxes etc took      0.04 usr cpu s       0.00 sys cpu s       0.04 wall s
TIIN getting multipoleNormVectorList took      0.76 usr cpu s       0.00 sys cpu s       0.76 wall s
TIIN K organize_distributions for all boxes took      2.05 usr cpu s       0.01 sys cpu s       2.06 wall s
ININ starting loop to setup basisFuncGroupInfoList, with added index checks.
TIIN GetLimitsAllLevels took      0.31 usr cpu s       0.00 sys cpu s       0.31 wall s
ININ getDmatLimitMatrixCSRList start.
TIIN getting densityMatrixLimitMatrixList took      0.02 usr cpu s       0.00 sys cpu s       0.02 wall s
ININ job list for K created,       55 jobs
TIIN creating job list for K took      0.00 usr cpu s       0.00 sys cpu s       0.00 wall s
ININ execute_joblist_K_threaded, noOfThreads =  8, basisFuncListCount_max =   325
ININ 8 threads started OK.
ININ all 8 threads have finished, took       33 wall s.
TIIN Executing job list for K took    150.73 usr cpu s       0.08 sys cpu s      33.01 wall s
TIIN compute_K_by_boxes took    154.74 usr cpu s       0.10 sys cpu s      37.03 wall s
TI   compute_K_by_boxes_sparse total took    752.00 usr cpu s       1.12 sys cpu s     124.42 wall s
INSC About to truncate FockMatrix, gap of Fprev >=          0.38373135893
TISC symmMatrix::mixed_diff for F vs Fprev maxEigValMovement_mixed took      0.00 usr cpu s       0.00 sys cpu s       0.00 wall s
TISC symmMatrix::eucl_diff for maxEigValMovement_eucl  took      0.03 usr cpu s       0.16 sys cpu s       0.03 wall s
INSC maxEigValMovement_frob  =          0.00000186192
INSC maxEigValMovement_mixed =          0.00000142478
INSC maxEigValMovement_eucl  =          0.00000066564
TISC FockMatrix.eucl_thresh() (with Z) took      0.17 usr cpu s       0.47 sys cpu s       0.11 wall s
INSC Truncated FockMatrix (eucl with Z), selected threshold = 3.8373e-08, returned error =          0, nnz before = 100.0000 %, nnz after = 100.0000 %
INSC Matrix 'S' ( symm ): n =    342, nnz =       116964 <-> 100.00 %, mem usage  0.0005 G
INSC Matrix 'F' ( symm ): n =    342, nnz =       116964 <-> 100.00 %, mem usage  0.0005 G
INSC Matrix 'D' ( symm ): n =    342, nnz =       116964 <-> 100.00 %, mem usage  0.0005 G
INSC nuclearEnergy, energy_2el, energy = 782.160484, 1007.253420, -645.112846
INSC Energy  14 =       -645.11284581280  ( diff     -0.000000000035016 )
INSC calling compute_FDSminusSDF_sparse, n = 342
INDE compute_FDSminusSDF_sparse() start.
TIDE FileWritable::writeAndReadAll took      0.00 usr cpu s       0.00 sys cpu s       0.00 wall s
INDE writeAndReadAll: '0 MB (1 MatrixGeneral, 0 > 1 MB) + 0 MB (9 MatrixSymmetric, 0 > 1 MB) = 0 MB (10 total, 0 > 1 MB)
TISC compute_FDSminusSDF_sparse, F*D mult took      0.03 usr cpu s       0.07 sys cpu s       0.01 wall s
INSC Matrix 'FD before eucl truncation' (normal): n =    342, nnz =       116964 <-> 100.00 %, mem usage  0.0009 G
INSC Matrix 'FD after  eucl truncation' (normal): n =    342, nnz =       116964 <-> 100.00 %, mem usage  0.0009 G
INSC Matrix 'FDS before eucl truncation' (normal): n =    342, nnz =       116964 <-> 100.00 %, mem usage  0.0009 G
INSC Matrix 'FDS after  eucl truncation' (normal): n =    342, nnz =       116964 <-> 100.00 %, mem usage  0.0009 G
INSC compute_FDSminusSDF_sparse ending OK.
TISC compute_FDSminusSDF_sparse took      0.15 usr cpu s       0.34 sys cpu s       0.06 wall s
INSC Matrix 'FDS-SDF' (normal): n =    342, nnz =       114852 <->  98.19 %, mem usage  0.0009 G
INSC SCF_restricted::get_FDSminusSDF finished.
TISC get_FDSminusSDF took      0.15 usr cpu s       0.34 sys cpu s       0.06 wall s
INSC maxabs FDS-SDF is 1.16e-07
INSC frob   FDS-SDF is 1.51e-06
TISC get_error_measure took      0.00 usr cpu s       0.01 sys cpu s       0.00 wall s
INSC Creating mtx file for Fock matrix
RESC CONVERGED after  14 iterations.
RESC FINAL ENERGY:       -645.11284581280
TISC Main SCF loop took  13663.37 usr cpu s     102.09 sys cpu s    2245.60 wall s
INSC After main SCF loop: AllocatorManager statistics:  noOfRealsPerBuffer: 1024 noOfBuffers: 20000 list.size(): 1. Allocated: 0.164 GB, Used: 0.0189 GB, Peak alloc: 0.164 GB.
INSC SCF_restricted::compute_dipole_moment
ININ compute_operator_matrix_sparse, nBastA =    342, nBastB =    342, pows (x y z) = (1 0 0)
ININ create_box_system end OK, toplevelBoxSize:   7.0, #levels:  3, #boxes at top level:      6
ININ compute_operator_matrix_sparse finished.
TIIN compute_operator_matrix_sparse took      0.18 usr cpu s       0.00 sys cpu s       0.18 wall s
ININ compute_operator_matrix_sparse, nBastA =    342, nBastB =    342, pows (x y z) = (0 1 0)
ININ create_box_system end OK, toplevelBoxSize:   7.0, #levels:  3, #boxes at top level:      6
ININ compute_operator_matrix_sparse finished.
TIIN compute_operator_matrix_sparse took      0.19 usr cpu s       0.00 sys cpu s       0.19 wall s
ININ compute_operator_matrix_sparse, nBastA =    342, nBastB =    342, pows (x y z) = (0 0 1)
ININ create_box_system end OK, toplevelBoxSize:   7.0, #levels:  3, #boxes at top level:      6
ININ compute_operator_matrix_sparse finished.
TIIN compute_operator_matrix_sparse took      0.20 usr cpu s       0.00 sys cpu s       0.20 wall s
INSC SCF: dipole_moment_x [atomic units] =      -0.42052276
INSC SCF: dipole_moment_y [atomic units] =       0.35240594
INSC SCF: dipole_moment_z [atomic units] =       0.16845523
INSC SCF_general::do_SCF_iterations finished.
TISC SCF_general::do_SCF_iterations took  13664.67 usr cpu s     103.78 sys cpu s    2246.59 wall s
INMA 
  Ergo, version 3.8.2, a program for linear scaling electronic structure
  calculations.
  Copyright (C) 2023 Elias Rudberg, Emanuel H. Rubensson, Pawel Salek,
  and Anastasia Kruchinina.
  
  This program is free software: you can redistribute it and/or modify
  it under the terms of the GNU General Public License as published by
  the Free Software Foundation, either version 3 of the License, or
  (at your option) any later version.
  
  This program is distributed in the hope that it will be useful,
  but WITHOUT ANY WARRANTY; without even the implied warranty of
  MERCHANTABILITY or FITNESS FOR A PARTICULAR PURPOSE.  See the
  GNU General Public License for more details.
  
  You should have received a copy of the GNU General Public License
  along with this program.  If not, see <http://www.gnu.org/licenses/>.
  
  Primary academic reference:
  Ergo: An open-source program for linear-scaling electronic structure
  calculations,
  Elias Rudberg, Emanuel H. Rubensson, Pawel Salek, and Anastasia
  Kruchinina,
  SoftwareX 7, 107 (2018),
  <http://dx.doi.org/10.1016/j.softx.2018.03.005>
  
  For further information about Ergo, see <http://www.ergoscf.org>.

INMA  threads_J := 8

INMA  threads_K := 8

INMA  threads := 8

INMA  no_of_threads_for_V := 8

INMA  threads := 1

INMA ERGO version 3.8.2

