INMA 
  Ergo, version 3.8.2, a program for linear scaling electronic structure
  calculations.
  Copyright (C) 2023 Elias Rudberg, Emanuel H. Rubensson, Pawel Salek,
  and Anastasia Kruchinina.
  
  This program is free software: you can redistribute it and/or modify
  it under the terms of the GNU General Public License as published by
  the Free Software Foundation, either version 3 of the License, or
  (at your option) any later version.
  
  This program is distributed in the hope that it will be useful,
  but WITHOUT ANY WARRANTY; without even the implied warranty of
  MERCHANTABILITY or FITNESS FOR A PARTICULAR PURPOSE.  See the
  GNU General Public License for more details.
  
  You should have received a copy of the GNU General Public License
  along with this program.  If not, see <http://www.gnu.org/licenses/>.
  
  Primary academic reference:
  Ergo: An open-source program for linear-scaling electronic structure
  calculations,
  Elias Rudberg, Emanuel H. Rubensson, Pawel Salek, and Anastasia
  Kruchinina,
  SoftwareX 7, 107 (2018),
  <http://dx.doi.org/10.1016/j.softx.2018.03.005>
  
  For further information about Ergo, see <http://www.ergoscf.org>.

INMA  threads_J := 8

INMA  threads_K := 8

INMA  threads := 8

INMA  no_of_threads_for_V := 8

INMA  threads := 1

INMA ERGO version 3.8.2

INMA Reading molecule file: /home/emanuel/clones/articles/sp8_acc_project/sp8_acc/plots/aspirin/aspirin.xyz

INMA read_molecule_file_in_xyz_format: File '/home/emanuel/clones/articles/sp8_acc_project/sp8_acc/plots/aspirin/aspirin.xyz' read OK, nBytes = 715
INMA read_molecule_file_in_xyz_format: nAtoms =     21
INMA Not using CHT, so values numWorkers_CHT=1 and numThreads_CHT=1 will be ignored.
INMA  initial_density := density.bin

INMA  basis := 6-311++Gss

INMA Basis really set to 6-311++Gss

INMA  calculation_identifier := Aspirin

INMA  threshold_1el := 1e-16

INMA  threshold_2el_K := 1e-16

INMA  threshold_2el_J := 1e-16

INMA  create_mtx_file_S := 1

INMA  create_mtx_files_F := 1

INMA  create_mtx_files_D := 1

INMA running HF

ININ IntegralInfo::init() calling boysFunctionManager.init().
TIIN BoysFunctionManager::init took      0.04 usr cpu s       0.11 sys cpu s       0.02 wall s
ININ IntegralInfo::init() calling multipolePrep.init().
ININ IntegralInfo::init() calling mmLimitTable.init().
ININ IntegralInfo::init() calling monomial_info.init().
ININ IntegralInfo::init() calling hermite_conversion_info.init().
TIIN hermite_conversion_info_struct constructor took      0.16 usr cpu s       0.35 sys cpu s       0.34 wall s
ININ IntegralInfo::init() calling setup_basis_func_polys
WAIN Trying basis set file './6-311++Gss'...
WAIN Trying basis set file './6-311++Gss'...
WAIN Trying basis set file 'basis/6-311++Gss'...
WAIN Trying basis set file 'basis/6-311++Gss'...
WAIN Trying basis set file '../basis/6-311++Gss'...
WAIN Trying basis set file '../basis/6-311++Gss'...
WAIN Trying basis set file '/usr/local/share/ergo/basis/6-311++Gss'...
WAIN Trying basis set file '/usr/local/share/ergo/basis/6-311++Gss'...
WAIN Trying basis set file '/usr/local/share/ergo/6-311++Gss'...
WAIN Trying basis set file '/usr/local/share/ergo/6-311++Gss'...
WAIN Trying basis set file '/home/emanuel/clones/articles/sp8_acc_project/sp8_acc/plots/aspirin/ergo-3.8.2/basis/6-311++Gss'...
ININ total number of shells in basis set: 87
ININ Basis set file '6-311++Gss' processed OK, noOfAtomTypes = 10
ININ setup_shells_multi_basis_getcount, noOfShells = 170
ININ BasisInfoStruct::addBasisfuncsForAtomList, noOfShellsNew = 170
ININ BasisInfoStruct::normalizeShells finished, normalizationFactor min max :   0.99999981795   1.00000070408
ININ get_basis_funcs returned OK, number of basis funcs: 342
ININ getSimplePrimitivesAll returned OK, n = 566
ERMA Variable store_all_eigenvalues_to_file not found.

ERMA Undefined integer variable store_all_eigenvalues_to_file

IN   creating matrix SizesAndBlocks using blockSizeVector:
IN   blockSizeVector[0] =        65536
IN   blockSizeVector[1] =         8192
IN   blockSizeVector[2] =         1024
IN   blockSizeVector[3] =           32
IN   blockSizeVector[4] =            1
IN   creating matrix permutation using blockSizeVector:
IN   blockSizeVector[0] =        65536
IN   blockSizeVector[1] =         8192
IN   blockSizeVector[2] =         1024
IN   blockSizeVector[3] =           32
IN   blockSizeVector[4] =            1
INMA OpenMP not used in matrix library. Number of threads set to 1.
INMA Calling grid_set_tmpdir with tmpdir = '/tmp'
INMA Running HF (restarted)
INDE Create object from GetDensFromFock.
INSC SCF_general constructor, number of basis functions: 342
INSC ************** Some general info here **********************
INSC VERSION: 3.8.2  time :  Thu Mar 26 20:09:10 2026
INSC machine_epsilon =   1.1e-16
INSC sizeof(ergo_real) = 8
INSC sizeof(size_t)    = 8
INSC sizeof(int)       = 4
INSC sizeof(long)      = 8
INSC sizeof(char*)     = 8
INSC Host name:         'cheetah'
INSC Working directory: '/home/emanuel/clones/articles/sp8_acc_project/sp8_acc/plots/aspirin/aspirin_mtx_new'
INSC Process ID (PID):     203884
INSC ************************************************************
INSC Min internuclear distance:      1.85385 a.u.  =      0.98101 Angstrom
INSC Max internuclear distance:     15.20283 a.u.  =      8.04499 Angstrom
ININ compute_operator_matrix_sparse, nBastA =    342, nBastB =    342, pows (x y z) = (0 0 0)
ININ create_box_system end OK, toplevelBoxSize:   7.0, #levels:  3, #boxes at top level:      6
ININ compute_operator_matrix_sparse finished.
TIIN compute_operator_matrix_sparse took      0.14 usr cpu s       0.00 sys cpu s       0.14 wall s
IN   diag elements of ovl matrix differ from 1 by at most 4.44089e-16
INSC Matrix 'S_symm before trunc' ( symm ): n =    342, nnz =       116964 <-> 100.00 %, mem usage  0.0005 G
INSC truncating S using threshold value  1e-09
INSC Truncated S (eucl), selected threshold =      1e-09, returned error =          0, nnz before = 100.0000 %, nnz after = 100.0000 %
INSC Computing Euclidean norm of overlap matrix (just for fun)...
TISC S_symm.eucl() took      0.02 usr cpu s       0.03 sys cpu s       0.01 wall s
INSC Euclidean norm of overlap matrix =         15.36732802770  (acc 1.49e-08)
INSC Calling invCholFactor.inch with matOpts.threshold_inch = 1e-10
TISC invCholFactor.inch took      0.02 usr cpu s       0.02 sys cpu s       0.01 wall s
INSC Matrix 'invCholFactor before truncation' (triang): n =    342, nnz =        63844 <->  54.58 %, mem usage  0.0005 G
INSC truncating Z using threshold value  1e-08
INSC Truncated Z (eucl), selected threshold =      1e-08, returned error =          0, nnz before = 54.5843 %, nnz after = 54.5843 %
INSC Matrix 'invCholFactor after truncation' (triang): n =    342, nnz =        63844 <->  54.58 %, mem usage  0.0005 G
INSC Frobenius norm of invCholFactor after truncation =       1534.98128408718
INSC Euclidean norm of invCholFactor after truncation =       1185.38986007010
TISC invCholFactor.eucl() took      0.01 usr cpu s       0.03 sys cpu s       0.00 wall s
INSC testing invCholFactor by computing ZT*S*Z
INSC Truncating tmp matrix S*Z using eucl_thresh() with threshold value  1e-08
INSC frobenius_error for ZT*S*Z is 4.9096e-08
TISC testing invCholFactor by computing ZT*S*Z took      0.02 usr cpu s       0.04 sys cpu s       0.01 wall s
INSC entering compute_h_core_matrix_sparse, nAtoms = 21, n = 342, threshold = 1e-16
ININ get_basis_func_pair_list_simple, n =    342
ININ create_box_system end OK, toplevelBoxSize:   6.5, #levels:  3, #boxes at top level:      6
TIIN get_basis_func_pair_list_simple took      0.02 usr cpu s       0.05 sys cpu s       0.01 wall s
ININ get_basis_func_pair_list_simple, n =    342
ININ create_box_system end OK, toplevelBoxSize:   6.5, #levels:  3, #boxes at top level:      6
TIIN get_basis_func_pair_list_simple took      0.02 usr cpu s       0.05 sys cpu s       0.01 wall s
IN   compute_T_matrix_sparse_linear: n = 342, threshold = 1e-16, boxSize = 6.500000
IN   compute_T_matrix_sparse_linear: noOfBasisFuncIndexPairs = 58058 ==> storing  49.64 % of a full matrix
INSC compute_T_sparse_linear returned OK.
TISC compute_T_sparse_linear took      0.61 usr cpu s       0.46 sys cpu s       0.54 wall s
IN   compute_V_sparse, no of atoms =    21, maxCharge =   8.00
ININ get_basis_func_pair_list_1el_for_V, n =    342
ININ create_box_system end OK, toplevelBoxSize:   6.5, #levels:  3, #boxes at top level:      6
TIIN get_basis_func_pair_list_1el_for_V took      0.06 usr cpu s       0.00 sys cpu s       0.06 wall s
ININ get_basis_func_pair_list_1el_for_V, n =    342
ININ create_box_system end OK, toplevelBoxSize:   6.5, #levels:  3, #boxes at top level:      6
TIIN get_basis_func_pair_list_1el_for_V took      0.06 usr cpu s       0.00 sys cpu s       0.06 wall s
IN   noOfBasisFuncIndexPairs = 54508 ==> storing  46.60 % of a full matrix
ININ compute_V_and_gradient_linear start, compute_gradient_also = 0.
ININ compute_V_and_gradient_linear nDistrs    =    392549
ININ compute_V_and_gradient_linear groupCount =     15648
ININ create_box_system end OK, toplevelBoxSize:   6.5, #levels:  3, #boxes at top level:      6
TIIN compute_V_and_gradient_linear init part (including create_nuclei_mm_tree) took      0.21 usr cpu s       0.02 sys cpu s       0.23 wall s
ININ get_nucl_repulsion_energy_using_multipoles() gave nuclRepEnergy =        782.16048385763
TIIN get_nucl_repulsion_energy_using_multipoles took      0.00 usr cpu s       0.00 sys cpu s       0.00 wall s
TIIN compute_V_and_gradient_linear main part took      0.95 usr cpu s       0.00 sys cpu s       0.95 wall s
TIIN compute_V_and_gradient_linear total took      1.16 usr cpu s       0.02 sys cpu s       1.18 wall s
TISC Computation of V took      1.29 usr cpu s       0.02 sys cpu s       1.31 wall s
INSC compute_h_core_matrix_sparse ending OK.
TISC compute_h_core_matrix_sparse took      1.90 usr cpu s       0.48 sys cpu s       1.85 wall s
INSC Matrix 'H_core_Matrix before trunc' ( symm ): n =    342, nnz =       116964 <-> 100.00 %, mem usage  0.0005 G
INSC Truncated H_core_Matrix (eucl with Z), selected threshold =      5e-11, returned error =          0, nnz before = 100.0000 %, nnz after = 100.0000 %
INSC Matrix 'H_core_Matrix after trunc' ( symm ): n =    342, nnz =       116964 <-> 100.00 %, mem usage  0.0005 G
INMA get_nuclear_electric_field_energy, N = 21
INMA get_nuclear_electric_field_energy returning energy          0.0000000000000000000000
INSC SCF_general::do_SCF_iterations
INSC getting starting guess density from file 'density.bin'
INMA ddf_load_density_sparse("density.bin")
INMA get_basis_funcs for starting guess basis set returned OK, number of basis funcs: 222
INMA getSimplePrimitivesAll for starting guess basis set returned OK, n = 446
IN   creating matrix SizesAndBlocks using blockSizeVector:
IN   blockSizeVector[0] =        10240
IN   blockSizeVector[1] =         1280
IN   blockSizeVector[2] =          160
IN   blockSizeVector[3] =           20
IN   blockSizeVector[4] =            1
IN   creating matrix permutation using blockSizeVector:
IN   blockSizeVector[0] =        10240
IN   blockSizeVector[1] =         1280
IN   blockSizeVector[2] =          160
IN   blockSizeVector[3] =           20
IN   blockSizeVector[4] =            1
ININ compute_operator_matrix_sparse, nBastA =    342, nBastB =    222, pows (x y z) = (0 0 0)
ININ create_box_system end OK, toplevelBoxSize:   7.0, #levels:  3, #boxes at top level:      6
ININ compute_operator_matrix_sparse finished.
TIIN compute_operator_matrix_sparse took      0.16 usr cpu s       0.19 sys cpu s       0.12 wall s
IN   trying to create PR_sparse
TI   PR_sparse = P * R multiplication took      0.02 usr cpu s       0.07 sys cpu s       0.01 wall s
IN   calling get_dens_from_fock_general for SDS to force idempotency and correct trace of starting guess
INDE get_dens_from_fock_general, n = 342, use_diagonalization = 0, use_diag_on_error = 0
INDE Before writeAndReadAll(): AllocatorManager statistics:  noOfRealsPerBuffer: 1024 noOfBuffers: 20000 list.size(): 1. Allocated: 0.164 GB, Used: 0.0027 GB, Peak alloc: 0.164 GB.
TIDE FileWritable::writeAndReadAll took      0.00 usr cpu s       0.00 sys cpu s       0.00 wall s
INDE writeAndReadAll sizesStr: '0 MB (2 MatrixGeneral, 0 > 1 MB) + 0 MB (15 MatrixSymmetric, 0 > 1 MB) = 0 MB (17 total, 0 > 1 MB)
INDE After writeAndReadAll(): AllocatorManager statistics:  noOfRealsPerBuffer: 1024 noOfBuffers: 20000 list.size(): 1. Allocated: 0.164 GB, Used: 0.0027 GB, Peak alloc: 0.164 GB.
INDE calling get_dens_from_fock_sparse, n =    342, subspaceErrorLimit = 1e-06
INDE get_dens_from_fock_sparse() start!
INDE After F.readFromFile(): AllocatorManager statistics:  noOfRealsPerBuffer: 1024 noOfBuffers: 20000 list.size(): 1. Allocated: 0.164 GB, Used: 0.00315 GB, Peak alloc: 0.164 GB.
INDE After creating wrapper MatrixType F_w(F): AllocatorManager statistics:  noOfRealsPerBuffer: 1024 noOfBuffers: 20000 list.size(): 1. Allocated: 0.164 GB, Used: 0.0036 GB, Peak alloc: 0.164 GB.
TIDE  F_w to orthogonal basis took      0.01 usr cpu s       0.04 sys cpu s       0.01 wall s
TIDE MatrixType::mixed_diff for maxEigValMovement_mixed took      0.00 usr cpu s       0.01 sys cpu s       0.00 wall s
TIDE symmMatrixWrap::eucl_diff for maxEigValMovement_eucl  took      0.13 usr cpu s       0.32 sys cpu s       0.06 wall s
INDE maxEigValMovement_frob  =         13.70992123862
INDE maxEigValMovement_mixed =         10.37095645984
INDE maxEigValMovement_eucl  =          1.99997548563
INDE lumo before truncation: [ -10000000000000000000000.000000000000 , 10000000000000000000000.000000000000 ]
INDE homo before truncation: [ -10000000000000000000000.000000000000 , 10000000000000000000000.000000000000 ]
INDE Truncate matrix F and update intervals for homo and lumo.
INDE Truncating F_ort ( mixed ), selected threshold =      5e-09
INDE Truncated F_ort ( mixed ), selected threshold =      5e-09, returned error =          0, nnz before = 100.0000 %, nnz after = 100.0000 %
TIDE Truncation of F_ort took      0.00 usr cpu s       0.00 sys cpu s       0.00 wall s
INDE Chosen Ergo Wrapper
INDE Creating purification object: N = 342 , nocc = 47 , NNZ = 116964  <-> 100.00000 %
INDE Chosen norm for the truncation: 
INDE mixed
INDE Chosen norm for the stopping criterion: 
INDE mixed
INDE Chosen the NEW stopping criterion.
INDE Allowed error in subspace 7.000000e-07
INDE Chosen SP2 purification method
INDE calling Puri->PurificationStart(), number of threads = 1, trunc norm 'mixed'
TIDE gershgorin took      0.00 usr cpu s       0.01 sys cpu s       0.00 wall s
INDE Gershgorin bounds: [ -12.246917599391 , 10.746082287502 ]
INDE EXPANDED Gershgorin bounds: [ -12.246917614292 , 10.746082302403 ]
INDE Trying to impove bounds using Lanczos algorithm...
TIDE compute_spectrum_bounds took      0.02 usr cpu s       0.13 sys cpu s       0.02 wall s
INDE Spectrum of F: 	 [ -1.999988582467 , 0.000014901166 ]
INDE Transform homo and lumo bounds...
INDE Bounds for homo and lumo of F are overlapping.
INDE HOMO bounds of X: 	 [ 0.000000000000 , 1.000000000000 ]
INDE LUMO bounds of X: 	 [ -0.000000000000 , 1.000000000000 ]
INDE ESTIMATED NUMBER OF ITERATIONS IS 100
INDE Put eigenvalues of F to the interval [0,1] in reverse order.
TIDE compute_X() took      0.00 usr cpu s       0.00 sys cpu s       0.00 wall s
TIDE prepare_to_purification() took      0.02 usr cpu s       0.13 sys cpu s       0.02 wall s
INDE (EIGV,PARAMS) Requested 0 occipied eigenpair(s).
INDE (EIGV,PARAMS) Requested 0 unoccipied eigenpair(s).
TIDE prepare_to_purification_eigenvectors() took      0.00 usr cpu s       0.00 sys cpu s       0.00 wall s
INDE Starting recursive expansion
INDE     BEFORE ITERATIONS:
TIDE truncate_matrix took      0.00 usr cpu s       0.00 sys cpu s       0.00 wall s
INDE Actual introduced error   0.000000e+00 : nnz before  116964 <-> 100.00 % , nnz after  116964 <-> 100.00 %
TIDE square took      0.02 usr cpu s       0.03 sys cpu s       0.01 wall s
INDE NNZ Xsq = 116964 <-> 100.00 %
TIDE Frobenius norm of X-X^2 took      0.00 usr cpu s       0.00 sys cpu s       0.00 wall s
TIDE Mixed norm of X-X^2 took      0.00 usr cpu s       0.01 sys cpu s       0.00 wall s
TIDE Trace of X-X^2 took      0.00 usr cpu s       0.00 sys cpu s       0.00 wall s
INDE ||X-X^2||_F = 8.411123e-04 , ||X-X^2||_mixed = 6.703276e-04
INDE trace(X-X^2) = 6.686716e-03
INDE trace(X) = 4.699771e+01
TIDE Iteration 0 took      0.03 usr cpu s       0.05 sys cpu s       0.01 wall s
TIDE FileWritable::writeAndReadAll took      0.00 usr cpu s       0.00 sys cpu s       0.00 wall s
INDE writeAndReadAll sizesStr: '0 MB (2 MatrixGeneral, 0 > 1 MB) + 0 MB (21 MatrixSymmetric, 0 > 1 MB) + 0 MB (2 VectorGeneral, 0 > 1 MB) = 0 MB (25 total, 0 > 1 MB)
INDE     ITERATION 1 :
TIDE purify_X took      0.00 usr cpu s       0.00 sys cpu s       0.00 wall s
TIDE truncate_matrix took      0.00 usr cpu s       0.00 sys cpu s       0.00 wall s
INDE Actual introduced error   0.000000e+00 : nnz before  116964 <-> 100.00 % , nnz after  116964 <-> 100.00 %
TIDE square took      0.01 usr cpu s       0.04 sys cpu s       0.01 wall s
INDE NNZ Xsq = 116964 <-> 100.00 %
TIDE Frobenius norm of X-X^2 took      0.00 usr cpu s       0.00 sys cpu s       0.00 wall s
TIDE Mixed norm of X-X^2 took      0.00 usr cpu s       0.01 sys cpu s       0.00 wall s
TIDE Trace of X-X^2 took      0.00 usr cpu s       0.00 sys cpu s       0.00 wall s
INDE ||X-X^2||_F = 2.559308e-04 , ||X-X^2||_mixed = 1.257413e-04
INDE trace(X-X^2) = 4.396446e-03
INDE trace(X) = 4.700440e+01
TIDE Iteration 1 took      0.01 usr cpu s       0.06 sys cpu s       0.01 wall s
INDE     ITERATION 2 :
TIDE purify_X took      0.00 usr cpu s       0.00 sys cpu s       0.00 wall s
TIDE truncate_matrix took      0.00 usr cpu s       0.00 sys cpu s       0.00 wall s
INDE Actual introduced error   0.000000e+00 : nnz before  116964 <-> 100.00 % , nnz after  116964 <-> 100.00 %
TIDE square took      0.02 usr cpu s       0.04 sys cpu s       0.01 wall s
INDE NNZ Xsq = 116964 <-> 100.00 %
TIDE Frobenius norm of X-X^2 took      0.00 usr cpu s       0.00 sys cpu s       0.00 wall s
TIDE Mixed norm of X-X^2 took      0.00 usr cpu s       0.01 sys cpu s       0.00 wall s
TIDE Trace of X-X^2 took      0.00 usr cpu s       0.00 sys cpu s       0.00 wall s
INDE ||X-X^2||_F = 3.244000e-07 , ||X-X^2||_mixed = 2.702862e-07
INDE trace(X-X^2) = 1.448201e-06
INDE trace(X) = 4.700000e+01
INDE Checking stopping criterion...   
INDE e_i =2.702862e-07, C*e_{i-1}^q = 3.094688e-06
INDE Order of convergence = 2.333613, stop = 0
TIDE stopping_criterion took      0.00 usr cpu s       0.00 sys cpu s       0.00 wall s
TIDE Iteration 2 took      0.02 usr cpu s       0.05 sys cpu s       0.01 wall s
INDE     ITERATION 3 :
TIDE purify_X took      0.00 usr cpu s       0.00 sys cpu s       0.00 wall s
TIDE truncate_matrix took      0.00 usr cpu s       0.00 sys cpu s       0.00 wall s
INDE Actual introduced error   0.000000e+00 : nnz before  116964 <-> 100.00 % , nnz after  116964 <-> 100.00 %
TIDE square took      0.03 usr cpu s       0.02 sys cpu s       0.01 wall s
INDE NNZ Xsq = 116964 <-> 100.00 %
TIDE Frobenius norm of X-X^2 took      0.00 usr cpu s       0.00 sys cpu s       0.00 wall s
TIDE Mixed norm of X-X^2 took      0.00 usr cpu s       0.01 sys cpu s       0.00 wall s
TIDE Trace of X-X^2 took      0.00 usr cpu s       0.00 sys cpu s       0.00 wall s
INDE ||X-X^2||_F = 7.627404e-09 , ||X-X^2||_mixed = 3.749207e-09
INDE trace(X-X^2) = 1.310051e-07
INDE trace(X) = 4.700000e+01
INDE Checking stopping criterion...   
INDE e_i =3.749207e-09, C*e_{i-1}^q = 1.088926e-07
INDE Order of convergence = 2.375093, stop = 0
TIDE stopping_criterion took      0.00 usr cpu s       0.00 sys cpu s       0.00 wall s
TIDE Iteration 3 took      0.04 usr cpu s       0.04 sys cpu s       0.01 wall s
INDE     ITERATION 4 :
TIDE purify_X took      0.00 usr cpu s       0.00 sys cpu s       0.00 wall s
TIDE truncate_matrix took      0.00 usr cpu s       0.00 sys cpu s       0.00 wall s
INDE Actual introduced error   0.000000e+00 : nnz before  116964 <-> 100.00 % , nnz after  116964 <-> 100.00 %
TIDE square took      0.02 usr cpu s       0.04 sys cpu s       0.01 wall s
INDE NNZ Xsq = 116964 <-> 100.00 %
TIDE Frobenius norm of X-X^2 took      0.00 usr cpu s       0.00 sys cpu s       0.00 wall s
TIDE Mixed norm of X-X^2 took      0.00 usr cpu s       0.00 sys cpu s       0.00 wall s
TIDE Trace of X-X^2 took      0.00 usr cpu s       0.00 sys cpu s       0.00 wall s
INDE ||X-X^2||_F = 7.198246e-14 , ||X-X^2||_mixed = 0.000000e+00
INDE trace(X-X^2) = 2.131628e-13
INDE trace(X) = 4.700000e+01
INDE Checking stopping criterion...   
INDE ************************************************************************************************************
INDE The norm value went much below machine precision, therefore we stop here since n_max can be underestimated.
INDE ************************************************************************************************************
INDE e_i =0.000000e+00, C*e_{i-1}^q = 5.031419e-13
INDE Order of convergence = inf, stop = 1
TIDE stopping_criterion took      0.00 usr cpu s       0.00 sys cpu s       0.00 wall s
INDE PURIFICATION CONVERGED after 4 iterations
TIDE Iteration 4 took      0.02 usr cpu s       0.04 sys cpu s       0.01 wall s
INDE Number of non-zeros in D is  116964 <-> 100.00 %
TIDE FileWritable::writeAndReadAll took      0.00 usr cpu s       0.00 sys cpu s       0.00 wall s
INDE writeAndReadAll sizesStr: '0 MB (2 MatrixGeneral, 0 > 1 MB) + 0 MB (21 MatrixSymmetric, 0 > 1 MB) + 0 MB (2 VectorGeneral, 0 > 1 MB) = 0 MB (25 total, 0 > 1 MB)
INDE TOTAL X square time: 0.033741 wall s
INDE TOTAL X trunction time: 0.001136 wall s
INDE TOTAL X purify (exl. X^2 computation) time: 0.000933 wall s
INDE TOTAL time to get number of non-zero elements: 0.000202 wall s
INDE TOTAL time to get mixed norm: 0.007932 wall s
INDE TOTAL time to get Frobenius norm: 0.001218 wall s
INDE TOTAL time for stopping criterion: 0.000213 wall s
INDE TOTAL time to get matrix trace: 0.000111 wall s
INDE Estimated bounds for the eigenvalues for the Fock matrix:
INDE LUMO: [ -0.000028396071 , 0.000000002338 ]
INDE HOMO: [ -1.999776955152 , -1.999253344758 ]
TIDE eigenvalue_bounds_estimation() took      0.00 usr cpu s       0.00 sys cpu s       0.00 wall s
TIDE Recursive expansion took      0.15 usr cpu s       0.37 sys cpu s       0.07 wall s
TIDE Puri->PurificationStart() took      0.15 usr cpu s       0.37 sys cpu s       0.07 wall s
TIDE Accumulated wall times for writeToFile in PurificationStart()          : 0 s (MatrixGeneral) + 3.1e-06 s (MatrixSymmetric) + 1.3e-05 s (VectorGeneral) = 1.6e-05 s
TIDE Accumulated wall times for readFromFile in PurificationStart()         : 0 s (MatrixGeneral) + 3.1e-06 s (MatrixSymmetric) + 5.7e-06 s (VectorGeneral) = 8.8e-06 s
TIDE Accumulated wall times for copy and assign in PurificationStart()      : 9.5e-07 s (MatrixSymmetric) + 7.4e-06 s (VectorGeneral) = 8.3e-06 s
INDE Number of calls to writeToFile in PurificationStart()                  : 4 (MatrixGeneral) + 43 (MatrixSymmetric) + 148 (VectorGeneral) = 195 
INDE Number of calls to readFromFile in PurificationStart()                 : 4 (MatrixGeneral) + 42 (MatrixSymmetric) + 61 (VectorGeneral) = 107 
INDE Number of calls to FileWritable copy and assign in PurificationStart() : 2 (MatrixSymmetric) + 6 (VectorGeneral) = 8 
TIDE mat::Gblas::time after purification :     0.313670
INDE Created .m files with results of the purification
INDE Purification converged OK
INDE E(LUMO) - E(HOMO) >=          1.99922494869 =         54.40168253139 eV
INDE E(LUMO) - E(HOMO) <=          1.99977695749 =         54.41670345618 eV
INDE HOMO interval : [   -1.999776955152   -1.999253344758 ]
INDE LUMO interval : [   -0.000028396071    0.000000002338 ]
INDE Trace of resulting density matrix is         47.00000000000, error is  -0.00000000000020.
INDE Truncated D_ort ( mixed ), selected threshold = 9.99999e-08, returned error =          0, nnz before = 116964 <-> 100.0000 %, nnz after = 116964 <-> 100.0000 %
TIDE FileWritable::writeAndReadAll took      0.00 usr cpu s       0.00 sys cpu s       0.00 wall s
INDE writeAndReadAll sizesStr: '0 MB (2 MatrixGeneral, 0 > 1 MB) + 0 MB (20 MatrixSymmetric, 0 > 1 MB) + 0 MB (1 MatrixTriangular, 0 > 1 MB) = 0 MB (23 total, 0 > 1 MB)
TIDE D_w to non-orthogonal basis took      0.02 usr cpu s       0.03 sys cpu s       0.01 wall s
INDE Truncated D_S (eucl with Z), selected threshold = 9.99999e-08, returned error =          0, nnz before = 100.0000 %, nnz after = 100.0000 %
INDE get_dens_from_fock_sparse ending OK
TIDE get_dens_from_fock_sparse took      0.50 usr cpu s       1.40 sys cpu s       0.24 wall s
ERDE get_dens_from_fock  (GetDensFromFock class) : purification finished OK.
TIDE get_dens_from_fock took      0.50 usr cpu s       1.40 sys cpu s       0.24 wall s
IN   get_dens_from_fock_general finished OK.
TI   load_density_and_project_sparse took      0.71 usr cpu s       1.72 sys cpu s       0.39 wall s
INSC Matrix 'starting guess density matrix' ( symm ): n =    342, nnz =       116964 <-> 100.00 %, mem usage  0.0005 G
INSC Beginning of SCF cycle 1:  Thu Mar 26 20:09:13 2026
INDE compute_J_by_boxes_sparse() start.
TIDE FileWritable::writeAndReadAll took      0.00 usr cpu s       0.00 sys cpu s       0.00 wall s
INDE writeAndReadAll: '0 MB (1 MatrixGeneral, 0 > 1 MB) + 0 MB (11 MatrixSymmetric, 0 > 1 MB) = 0 MB (12 total, 0 > 1 MB)
IN   compute_J_by_boxes_sparse, maxDensityMatrixElement =          3.66937579055
ININ get_basis_func_pair_list, n =    342
ININ create_box_system end OK, toplevelBoxSize:   7.0, #levels:  3, #boxes at top level:      6
TIIN get_basis_func_pair_list_2el took      0.22 usr cpu s       0.23 sys cpu s       0.18 wall s
IN   compute_J_by_boxes_sparse: noOfBasisFuncIndexPairs = 54304 ==> storing  46.43 % of a full matrix
ININ entering compute_J_by_boxes_linear, no of basis funcs =   342, threshold_J =   1e-16
ININ use_fmm = 1, fmm_box_size =   5.00
TIIN Compute extent for all distrs took      0.50 usr cpu s       0.00 sys cpu s       0.50 wall s
ININ extent_min =    0.000, extent_max =   22.194
ININ Creating list of distributions etc done, distrCount =    382365
TIIN Creating list of distributions etc took      0.72 usr cpu s       0.02 sys cpu s       0.74 wall s
ININ create_box_system end OK, toplevelBoxSize:   5.0, #levels:  3, #boxes at top level:     10
TIIN Creating boxes took      0.04 usr cpu s       0.01 sys cpu s       0.05 wall s
ININ noOfBranches = 6, splitters:  20.00 10.00  5.00  2.50  0.00
ININ J org done, groupCount =    16427
TIIN J org took      1.67 usr cpu s       0.01 sys cpu s       1.68 wall s
TIIN Generate group multipoles took      0.70 usr cpu s       0.00 sys cpu s       0.70 wall s
ININ totChargeWholeSystem =          0.00000000000
ININ Generating multipole for each branch at top level, MAX_MULTIPOLE_DEGREE = 15
TIIN Translate multipoles (step 1) took      0.45 usr cpu s       0.00 sys cpu s       0.45 wall s
TIIN Translate multipoles (step 2) took      0.10 usr cpu s       0.00 sys cpu s       0.10 wall s
ININ job lists for J created OK, noOfJobs_J_standard =     1675, noOfJobs_J_multipole =      270
TIIN Creating job lists for J took      0.00 usr cpu s       0.00 sys cpu s       0.00 wall s
ININ execute_joblist_J_std_threaded, noOfThreads =  8
ININ 8 threads started OK.
ININ all 8 threads have finished.
TIIN execute_joblist_J_std_threaded took    271.80 usr cpu s       0.17 sys cpu s      43.06 wall s
TIIN sort_list_of_multipole_jobs init part took      0.00 usr cpu s       0.00 sys cpu s       0.00 wall s
TIIN sort_list_of_multipole_jobs complete took      0.00 usr cpu s       0.00 sys cpu s       0.00 wall s
TIIN sort_list_of_multipole_jobs took      0.00 usr cpu s       0.00 sys cpu s       0.00 wall s
ININ execute_joblist_J_fmm_shared: Allocating multipoleList_4, maxnoOfMinimalDistrsPerBoxBranch =     63759
ININ execute_joblist_J_fmm_shared: jobIndexLo =            0, jobIndexHi =           33
ININ execute_joblist_J_fmm_shared: Allocating multipoleList_4, maxnoOfMinimalDistrsPerBoxBranch =     63759
ININ execute_joblist_J_fmm_shared: jobIndexLo =           33, jobIndexHi =           67
ININ execute_joblist_J_fmm_shared: Allocating multipoleList_4, maxnoOfMinimalDistrsPerBoxBranch =     63759
ININ execute_joblist_J_fmm_shared: jobIndexLo =           67, jobIndexHi =          101
ININ execute_joblist_J_fmm_shared: Allocating multipoleList_4, maxnoOfMinimalDistrsPerBoxBranch =     63759
ININ execute_joblist_J_fmm_shared: jobIndexLo =          101, jobIndexHi =          135
ININ execute_joblist_J_fmm_shared: Allocating multipoleList_4, maxnoOfMinimalDistrsPerBoxBranch =     63759
ININ execute_joblist_J_fmm_shared: jobIndexLo =          135, jobIndexHi =          168
ININ execute_joblist_J_fmm_shared: Allocating multipoleList_4, maxnoOfMinimalDistrsPerBoxBranch =     63759
ININ execute_joblist_J_fmm_shared: jobIndexLo =          168, jobIndexHi =          202
ININ execute_joblist_J_fmm_shared: Allocating multipoleList_4, maxnoOfMinimalDistrsPerBoxBranch =     63759
ININ execute_joblist_J_fmm_shared: jobIndexLo =          202, jobIndexHi =          236
ININ execute_joblist_J_fmm_shared: Allocating multipoleList_4, maxnoOfMinimalDistrsPerBoxBranch =     63759
ININ execute_joblist_J_fmm_shared: jobIndexLo =          236, jobIndexHi =          270
ININ execute_joblist_J_fmm_shared: done!
ININ execute_joblist_J_fmm_shared: done!
ININ execute_joblist_J_fmm_shared: done!
ININ execute_joblist_J_fmm_shared: done!
ININ execute_joblist_J_fmm_shared: done!
ININ execute_joblist_J_fmm_shared: done!
ININ execute_joblist_J_fmm_shared: done!
ININ execute_joblist_J_fmm_shared: done!
ININ multipole job list for J executed, largest L used: 11
TIIN Executing multipole job list for J took      0.78 usr cpu s       0.13 sys cpu s       0.37 wall s
ININ compute_J_by_boxes_linear ending OK.
TIIN compute_J_by_boxes_linear took    276.29 usr cpu s       0.34 sys cpu s      47.17 wall s
TI   compute_J_by_boxes_sparse total took    276.51 usr cpu s       0.58 sys cpu s      47.37 wall s
ININ entering create_CSR_for_K, no of basis funcs =   342, threshold_K =   1e-16
ININ create_box_system end OK, toplevelBoxSize:   7.0, #levels:  3, #boxes at top level:      6
ININ create_box_system end OK, toplevelBoxSize:   7.0, #levels:  3, #boxes at top level:      6
ININ create_box_system end OK, toplevelBoxSize:   7.0, #levels:  3, #boxes at top level:      6
TIIN create_CSR_for_K getting list of distrs took      0.45 usr cpu s       0.02 sys cpu s       0.47 wall s
ININ list of neighbors complete.
TIIN create_CSR_for_K getting list of neighbors took      0.00 usr cpu s       0.00 sys cpu s       0.00 wall s
TIIN create_CSR_for_K sort each list of neighbors took      0.06 usr cpu s       0.00 sys cpu s       0.06 wall s
ININ 8 threads started OK.
TIIN identify_needed_elements() took    696.20 usr cpu s       0.45 sys cpu s      90.08 wall s
ININ computing nnz..
ININ create_CSR_for_K: predicted nnz =        58653, <->  50.15% of a full matrix
TIIN create_CSR_for_K last part took      0.00 usr cpu s       0.00 sys cpu s       0.00 wall s
TIIN create_CSR_for_K total took    696.72 usr cpu s       0.47 sys cpu s      90.62 wall s
ININ entering compute_K_by_boxes, no of basis funcs =   342, threshold_K =   1e-16, exchange_box_size =   5.00
ININ create_box_system end OK, toplevelBoxSize:   7.0, #levels:  3, #boxes at top level:      6
ININ create_box_system end OK, toplevelBoxSize:   7.0, #levels:  3, #boxes at top level:      6
ININ create_box_system end OK, toplevelBoxSize:   7.0, #levels:  3, #boxes at top level:      6
TIIN Compute extent for all distrs took      0.50 usr cpu s       0.00 sys cpu s       0.50 wall s
ININ Creating list of distributions done, distrCountTot =    382365
TIIN Creating list of distributions took      0.77 usr cpu s       0.02 sys cpu s       0.79 wall s
ININ create_box_system end OK, toplevelBoxSize:   5.0, #levels:  3, #boxes at top level:     10
ININ create_box_system end OK, toplevelBoxSize:   2.5, #levels:  4, #boxes at top level:     16
ININ noOfLevelsBasisFuncs = 4, noOfLevelsDiff = 1
TIIN Creating boxes etc took      0.04 usr cpu s       0.00 sys cpu s       0.04 wall s
TIIN getting multipoleNormVectorList took      0.77 usr cpu s       0.00 sys cpu s       0.77 wall s
TIIN K organize_distributions for all boxes took      2.15 usr cpu s       0.02 sys cpu s       2.17 wall s
ININ starting loop to setup basisFuncGroupInfoList, with added index checks.
TIIN GetLimitsAllLevels took      0.33 usr cpu s       0.00 sys cpu s       0.33 wall s
ININ getDmatLimitMatrixCSRList start.
TIIN getting densityMatrixLimitMatrixList took      0.02 usr cpu s       0.00 sys cpu s       0.02 wall s
ININ job list for K created,       55 jobs
TIIN creating job list for K took      0.00 usr cpu s       0.00 sys cpu s       0.00 wall s
ININ execute_joblist_K_threaded, noOfThreads =  8, basisFuncListCount_max =   332
ININ 8 threads started OK.
ININ all 8 threads have finished, took       38 wall s.
TIIN Executing job list for K took    181.30 usr cpu s       0.13 sys cpu s      38.10 wall s
TIIN compute_K_by_boxes took    185.39 usr cpu s       0.16 sys cpu s      42.23 wall s
TI   compute_K_by_boxes_sparse total took    882.14 usr cpu s       0.64 sys cpu s     132.89 wall s
INSC About to truncate FockMatrix, gap of Fprev >= -20000000000000000000000.00000000000
TISC symmMatrix::mixed_diff for F vs Fprev maxEigValMovement_mixed took      0.00 usr cpu s       0.00 sys cpu s       0.00 wall s
TISC symmMatrix::eucl_diff for maxEigValMovement_eucl  took      0.04 usr cpu s       0.18 sys cpu s       0.04 wall s
INSC maxEigValMovement_frob  =        122.46420494330
INSC maxEigValMovement_mixed =         74.76392129387
INSC maxEigValMovement_eucl  =         45.28519100711
TISC FockMatrix.eucl_thresh() (with Z) took      0.12 usr cpu s       0.37 sys cpu s       0.08 wall s
INSC Truncated FockMatrix (eucl with Z), selected threshold =      5e-09, returned error =          0, nnz before = 100.0000 %, nnz after = 100.0000 %
INSC Matrix 'S' ( symm ): n =    342, nnz =       116964 <-> 100.00 %, mem usage  0.0005 G
INSC Matrix 'F' ( symm ): n =    342, nnz =       116964 <-> 100.00 %, mem usage  0.0005 G
INSC Matrix 'D' ( symm ): n =    342, nnz =       116964 <-> 100.00 %, mem usage  0.0005 G
INSC nuclearEnergy, energy_2el, energy = 782.160484, 1007.696887, -645.085995
INSC Energy   1 =       -645.08599487330
INSC calling compute_FDSminusSDF_sparse, n = 342
INDE compute_FDSminusSDF_sparse() start.
TIDE FileWritable::writeAndReadAll took      0.00 usr cpu s       0.00 sys cpu s       0.00 wall s
INDE writeAndReadAll: '0 MB (1 MatrixGeneral, 0 > 1 MB) + 0 MB (9 MatrixSymmetric, 0 > 1 MB) = 0 MB (10 total, 0 > 1 MB)
TISC compute_FDSminusSDF_sparse, F*D mult took      0.04 usr cpu s       0.07 sys cpu s       0.01 wall s
INSC Matrix 'FD before eucl truncation' (normal): n =    342, nnz =       116964 <-> 100.00 %, mem usage  0.0009 G
INSC Matrix 'FD after  eucl truncation' (normal): n =    342, nnz =       116964 <-> 100.00 %, mem usage  0.0009 G
INSC Matrix 'FDS before eucl truncation' (normal): n =    342, nnz =       116964 <-> 100.00 %, mem usage  0.0009 G
INSC Matrix 'FDS after  eucl truncation' (normal): n =    342, nnz =       116964 <-> 100.00 %, mem usage  0.0009 G
INSC compute_FDSminusSDF_sparse ending OK.
TISC compute_FDSminusSDF_sparse took      0.12 usr cpu s       0.27 sys cpu s       0.05 wall s
INSC Matrix 'FDS-SDF' (normal): n =    342, nnz =       116964 <-> 100.00 %, mem usage  0.0009 G
INSC SCF_restricted::get_FDSminusSDF finished.
TISC get_FDSminusSDF took      0.12 usr cpu s       0.27 sys cpu s       0.05 wall s
INSC maxabs FDS-SDF is    0.032
INSC frob   FDS-SDF is     0.57
TISC get_error_measure took      0.00 usr cpu s       0.01 sys cpu s       0.00 wall s
INSC entering DIISManagerRestricted::AddIterationToList, IterCount =  0
INSC DIISManagerRestricted::AddIterationToList ending OK.
TISC DIISManagerRestricted::AddIterationToList took      0.00 usr cpu s       0.01 sys cpu s       0.00 wall s
TISC clear_error_matrices took      0.00 usr cpu s       0.00 sys cpu s       0.00 wall s
TISC save_current_fock_as_fprev took      0.00 usr cpu s       0.00 sys cpu s       0.00 wall s
INDE get_dens_from_fock_general, n = 342, use_diagonalization = 0, use_diag_on_error = 1
INDE Before writeAndReadAll(): AllocatorManager statistics:  noOfRealsPerBuffer: 1024 noOfBuffers: 20000 list.size(): 1. Allocated: 0.164 GB, Used: 0.00532 GB, Peak alloc: 0.164 GB.
TIDE FileWritable::writeAndReadAll took      0.00 usr cpu s       0.00 sys cpu s       0.00 wall s
INDE writeAndReadAll sizesStr: '0 MB (1 MatrixGeneral, 0 > 1 MB) + 0 MB (7 MatrixSymmetric, 0 > 1 MB) = 0 MB (8 total, 0 > 1 MB)
INDE After writeAndReadAll(): AllocatorManager statistics:  noOfRealsPerBuffer: 1024 noOfBuffers: 20000 list.size(): 1. Allocated: 0.164 GB, Used: 0.00532 GB, Peak alloc: 0.164 GB.
INDE calling get_dens_from_fock_sparse, n =    342, subspaceErrorLimit = 1e-06
INDE get_dens_from_fock_sparse() start!
INDE After F.readFromFile(): AllocatorManager statistics:  noOfRealsPerBuffer: 1024 noOfBuffers: 20000 list.size(): 1. Allocated: 0.164 GB, Used: 0.00532 GB, Peak alloc: 0.164 GB.
INDE After creating wrapper MatrixType F_w(F): AllocatorManager statistics:  noOfRealsPerBuffer: 1024 noOfBuffers: 20000 list.size(): 1. Allocated: 0.164 GB, Used: 0.00578 GB, Peak alloc: 0.164 GB.
TIDE  F_w to orthogonal basis took      0.03 usr cpu s       0.03 sys cpu s       0.01 wall s
TIDE MatrixType::mixed_diff for maxEigValMovement_mixed took      0.00 usr cpu s       0.01 sys cpu s       0.00 wall s
TIDE symmMatrixWrap::eucl_diff for maxEigValMovement_eucl  took      0.05 usr cpu s       0.27 sys cpu s       0.04 wall s
INDE maxEigValMovement_frob  =        144.36737410862
INDE maxEigValMovement_mixed =         82.09166955855
INDE maxEigValMovement_eucl  =         51.71793333967
INDE lumo before truncation: [ -10000000000000000000000.000000000000 , 10000000000000000000000.000000000000 ]
INDE homo before truncation: [ -10000000000000000000000.000000000000 , 10000000000000000000000.000000000000 ]
INDE Truncate matrix F and update intervals for homo and lumo.
INDE Truncating F_ort ( mixed ), selected threshold =      5e-09
INDE Truncated F_ort ( mixed ), selected threshold =      5e-09, returned error =          0, nnz before = 100.0000 %, nnz after = 100.0000 %
TIDE Truncation of F_ort took      0.00 usr cpu s       0.00 sys cpu s       0.00 wall s
INDE Chosen Ergo Wrapper
INDE Creating purification object: N = 342 , nocc = 47 , NNZ = 116964  <-> 100.00000 %
INDE Chosen norm for the truncation: 
INDE mixed
INDE Chosen norm for the stopping criterion: 
INDE mixed
INDE Chosen the NEW stopping criterion.
INDE Allowed error in subspace 7.000000e-07
INDE Chosen SP2 purification method
INDE calling Puri->PurificationStart(), number of threads = 1, trunc norm 'mixed'
TIDE gershgorin took      0.01 usr cpu s       0.01 sys cpu s       0.00 wall s
INDE Gershgorin bounds: [ -59.819065939161 , 100.438771453711 ]
INDE EXPANDED Gershgorin bounds: [ -59.819065954062 , 100.438771468613 ]
INDE Trying to impove bounds using Lanczos algorithm...
TIDE compute_spectrum_bounds took      0.10 usr cpu s       0.40 sys cpu s       0.07 wall s
INDE Spectrum of F: 	 [ -20.622872276275 , 51.717948230354 ]
INDE Transform homo and lumo bounds...
INDE Bounds for homo and lumo of F are overlapping.
INDE HOMO bounds of X: 	 [ 0.000000000000 , 1.000000000000 ]
INDE LUMO bounds of X: 	 [ -0.000000000000 , 1.000000000000 ]
INDE ESTIMATED NUMBER OF ITERATIONS IS 100
INDE Put eigenvalues of F to the interval [0,1] in reverse order.
TIDE compute_X() took      0.00 usr cpu s       0.00 sys cpu s       0.00 wall s
TIDE prepare_to_purification() took      0.10 usr cpu s       0.40 sys cpu s       0.07 wall s
INDE (EIGV,PARAMS) Requested 0 occipied eigenpair(s).
INDE (EIGV,PARAMS) Requested 0 unoccipied eigenpair(s).
TIDE prepare_to_purification_eigenvectors() took      0.00 usr cpu s       0.00 sys cpu s       0.00 wall s
INDE Starting recursive expansion
INDE     BEFORE ITERATIONS:
TIDE truncate_matrix took      0.00 usr cpu s       0.00 sys cpu s       0.00 wall s
INDE Actual introduced error   0.000000e+00 : nnz before  116964 <-> 100.00 % , nnz after  116964 <-> 100.00 %
TIDE square took      0.01 usr cpu s       0.04 sys cpu s       0.01 wall s
INDE NNZ Xsq = 116964 <-> 100.00 %
TIDE Frobenius norm of X-X^2 took      0.00 usr cpu s       0.00 sys cpu s       0.00 wall s
TIDE Mixed norm of X-X^2 took      0.00 usr cpu s       0.02 sys cpu s       0.00 wall s
TIDE Trace of X-X^2 took      0.00 usr cpu s       0.00 sys cpu s       0.00 wall s
INDE ||X-X^2||_F = 3.852203e+00 , ||X-X^2||_mixed = 1.286105e+00
INDE trace(X-X^2) = 7.013305e+01
INDE trace(X) = 2.342363e+02
TIDE Iteration 0 took      0.02 usr cpu s       0.06 sys cpu s       0.01 wall s
TIDE FileWritable::writeAndReadAll took      0.00 usr cpu s       0.00 sys cpu s       0.00 wall s
INDE writeAndReadAll sizesStr: '0 MB (1 MatrixGeneral, 0 > 1 MB) + 0 MB (13 MatrixSymmetric, 0 > 1 MB) + 0 MB (2 VectorGeneral, 0 > 1 MB) = 0 MB (16 total, 0 > 1 MB)
INDE     ITERATION 1 :
TIDE purify_X took      0.00 usr cpu s       0.00 sys cpu s       0.00 wall s
TIDE truncate_matrix took      0.00 usr cpu s       0.00 sys cpu s       0.00 wall s
INDE Actual introduced error   0.000000e+00 : nnz before  116964 <-> 100.00 % , nnz after  116964 <-> 100.00 %
TIDE square took      0.01 usr cpu s       0.04 sys cpu s       0.01 wall s
INDE NNZ Xsq = 116964 <-> 100.00 %
TIDE Frobenius norm of X-X^2 took      0.00 usr cpu s       0.00 sys cpu s       0.00 wall s
TIDE Mixed norm of X-X^2 took      0.00 usr cpu s       0.02 sys cpu s       0.00 wall s
TIDE Trace of X-X^2 took      0.00 usr cpu s       0.00 sys cpu s       0.00 wall s
INDE ||X-X^2||_F = 4.467901e+00 , ||X-X^2||_mixed = 1.460655e+00
INDE trace(X-X^2) = 8.127563e+01
INDE trace(X) = 1.641033e+02
TIDE Iteration 1 took      0.02 usr cpu s       0.07 sys cpu s       0.01 wall s
INDE     ITERATION 2 :
TIDE purify_X took      0.00 usr cpu s       0.00 sys cpu s       0.00 wall s
TIDE truncate_matrix took      0.00 usr cpu s       0.00 sys cpu s       0.00 wall s
INDE Actual introduced error   0.000000e+00 : nnz before  116964 <-> 100.00 % , nnz after  116964 <-> 100.00 %
TIDE square took      0.01 usr cpu s       0.04 sys cpu s       0.01 wall s
INDE NNZ Xsq = 116964 <-> 100.00 %
TIDE Frobenius norm of X-X^2 took      0.00 usr cpu s       0.00 sys cpu s       0.00 wall s
TIDE Mixed norm of X-X^2 took      0.00 usr cpu s       0.02 sys cpu s       0.00 wall s
TIDE Trace of X-X^2 took      0.00 usr cpu s       0.00 sys cpu s       0.00 wall s
INDE ||X-X^2||_F = 3.254360e+00 , ||X-X^2||_mixed = 1.135500e+00
INDE trace(X-X^2) = 5.848385e+01
INDE trace(X) = 8.282766e+01
INDE Checking stopping criterion...   
INDE Order of convergence cannot be computed
TIDE stopping_criterion took      0.00 usr cpu s       0.00 sys cpu s       0.00 wall s
TIDE Iteration 2 took      0.02 usr cpu s       0.06 sys cpu s       0.01 wall s
INDE     ITERATION 3 :
TIDE purify_X took      0.00 usr cpu s       0.00 sys cpu s       0.00 wall s
TIDE truncate_matrix took      0.00 usr cpu s       0.00 sys cpu s       0.00 wall s
INDE Actual introduced error   0.000000e+00 : nnz before  116964 <-> 100.00 % , nnz after  116964 <-> 100.00 %
TIDE square took      0.01 usr cpu s       0.04 sys cpu s       0.01 wall s
INDE NNZ Xsq = 116964 <-> 100.00 %
TIDE Frobenius norm of X-X^2 took      0.00 usr cpu s       0.00 sys cpu s       0.00 wall s
TIDE Mixed norm of X-X^2 took      0.00 usr cpu s       0.02 sys cpu s       0.00 wall s
TIDE Trace of X-X^2 took      0.00 usr cpu s       0.00 sys cpu s       0.00 wall s
INDE ||X-X^2||_F = 1.155442e+00 , ||X-X^2||_mixed = 5.156086e-01
INDE trace(X-X^2) = 1.837347e+01
INDE trace(X) = 2.434381e+01
INDE Checking stopping criterion...   
INDE Order of convergence cannot be computed
TIDE stopping_criterion took      0.00 usr cpu s       0.00 sys cpu s       0.00 wall s
TIDE Iteration 3 took      0.02 usr cpu s       0.06 sys cpu s       0.01 wall s
INDE     ITERATION 4 :
TIDE purify_X took      0.00 usr cpu s       0.00 sys cpu s       0.00 wall s
TIDE truncate_matrix took      0.00 usr cpu s       0.00 sys cpu s       0.00 wall s
INDE Actual introduced error   0.000000e+00 : nnz before  116964 <-> 100.00 % , nnz after  116964 <-> 100.00 %
TIDE square took      0.02 usr cpu s       0.04 sys cpu s       0.01 wall s
INDE NNZ Xsq = 116964 <-> 100.00 %
TIDE Frobenius norm of X-X^2 took      0.00 usr cpu s       0.00 sys cpu s       0.00 wall s
TIDE Mixed norm of X-X^2 took      0.00 usr cpu s       0.02 sys cpu s       0.00 wall s
TIDE Trace of X-X^2 took      0.00 usr cpu s       0.00 sys cpu s       0.00 wall s
INDE ||X-X^2||_F = 1.874572e+00 , ||X-X^2||_mixed = 7.596415e-01
INDE trace(X-X^2) = 3.215690e+01
INDE trace(X) = 4.271728e+01
INDE Checking stopping criterion...   
INDE Order of convergence cannot be computed
TIDE stopping_criterion took      0.00 usr cpu s       0.00 sys cpu s       0.00 wall s
TIDE Iteration 4 took      0.02 usr cpu s       0.06 sys cpu s       0.01 wall s
INDE     ITERATION 5 :
TIDE purify_X took      0.00 usr cpu s       0.00 sys cpu s       0.00 wall s
TIDE truncate_matrix took      0.00 usr cpu s       0.00 sys cpu s       0.00 wall s
INDE Actual introduced error   0.000000e+00 : nnz before  116964 <-> 100.00 % , nnz after  116964 <-> 100.00 %
TIDE square took      0.01 usr cpu s       0.04 sys cpu s       0.01 wall s
INDE NNZ Xsq = 116964 <-> 100.00 %
TIDE Frobenius norm of X-X^2 took      0.00 usr cpu s       0.00 sys cpu s       0.00 wall s
TIDE Mixed norm of X-X^2 took      0.00 usr cpu s       0.02 sys cpu s       0.00 wall s
TIDE Trace of X-X^2 took      0.00 usr cpu s       0.00 sys cpu s       0.00 wall s
INDE ||X-X^2||_F = 2.906207e+00 , ||X-X^2||_mixed = 1.090186e+00
INDE trace(X-X^2) = 5.162206e+01
INDE trace(X) = 7.487418e+01
INDE Checking stopping criterion...   
INDE Order of convergence cannot be computed
TIDE stopping_criterion took      0.00 usr cpu s       0.00 sys cpu s       0.00 wall s
TIDE Iteration 5 took      0.02 usr cpu s       0.07 sys cpu s       0.01 wall s
INDE     ITERATION 6 :
TIDE purify_X took      0.00 usr cpu s       0.00 sys cpu s       0.00 wall s
TIDE truncate_matrix took      0.00 usr cpu s       0.00 sys cpu s       0.00 wall s
INDE Actual introduced error   0.000000e+00 : nnz before  116964 <-> 100.00 % , nnz after  116964 <-> 100.00 %
TIDE square took      0.01 usr cpu s       0.04 sys cpu s       0.01 wall s
INDE NNZ Xsq = 116964 <-> 100.00 %
TIDE Frobenius norm of X-X^2 took      0.00 usr cpu s       0.00 sys cpu s       0.00 wall s
TIDE Mixed norm of X-X^2 took      0.01 usr cpu s       0.01 sys cpu s       0.00 wall s
TIDE Trace of X-X^2 took      0.00 usr cpu s       0.00 sys cpu s       0.00 wall s
INDE ||X-X^2||_F = 1.039949e+00 , ||X-X^2||_mixed = 5.106332e-01
INDE trace(X-X^2) = 1.488332e+01
INDE trace(X) = 2.325212e+01
INDE Checking stopping criterion...   
INDE e_i =5.106332e-01, C*e_{i-1}^q = 3.974295e+00
INDE Order of convergence = 9.464119, stop = 0
TIDE stopping_criterion took      0.00 usr cpu s       0.00 sys cpu s       0.00 wall s
TIDE Iteration 6 took      0.03 usr cpu s       0.06 sys cpu s       0.01 wall s
INDE     ITERATION 7 :
TIDE purify_X took      0.00 usr cpu s       0.00 sys cpu s       0.00 wall s
TIDE truncate_matrix took      0.00 usr cpu s       0.00 sys cpu s       0.00 wall s
INDE Actual introduced error   0.000000e+00 : nnz before  116964 <-> 100.00 % , nnz after  116964 <-> 100.00 %
TIDE square took      0.01 usr cpu s       0.04 sys cpu s       0.01 wall s
INDE NNZ Xsq = 116964 <-> 100.00 %
TIDE Frobenius norm of X-X^2 took      0.00 usr cpu s       0.00 sys cpu s       0.00 wall s
TIDE Mixed norm of X-X^2 took      0.00 usr cpu s       0.02 sys cpu s       0.00 wall s
TIDE Trace of X-X^2 took      0.00 usr cpu s       0.00 sys cpu s       0.00 wall s
INDE ||X-X^2||_F = 1.467850e+00 , ||X-X^2||_mixed = 6.551138e-01
INDE trace(X-X^2) = 2.475118e+01
INDE trace(X) = 3.813543e+01
INDE Checking stopping criterion...   
INDE Order of convergence cannot be computed
TIDE stopping_criterion took      0.00 usr cpu s       0.00 sys cpu s       0.00 wall s
TIDE Iteration 7 took      0.02 usr cpu s       0.07 sys cpu s       0.01 wall s
INDE     ITERATION 8 :
TIDE purify_X took      0.00 usr cpu s       0.00 sys cpu s       0.00 wall s
TIDE truncate_matrix took      0.00 usr cpu s       0.00 sys cpu s       0.00 wall s
INDE Actual introduced error   0.000000e+00 : nnz before  116964 <-> 100.00 % , nnz after  116964 <-> 100.00 %
TIDE square took      0.02 usr cpu s       0.04 sys cpu s       0.01 wall s
INDE NNZ Xsq = 116964 <-> 100.00 %
TIDE Frobenius norm of X-X^2 took      0.00 usr cpu s       0.00 sys cpu s       0.00 wall s
TIDE Mixed norm of X-X^2 took      0.00 usr cpu s       0.02 sys cpu s       0.00 wall s
TIDE Trace of X-X^2 took      0.00 usr cpu s       0.00 sys cpu s       0.00 wall s
INDE ||X-X^2||_F = 2.423281e+00 , ||X-X^2||_mixed = 1.058598e+00
INDE trace(X-X^2) = 4.101312e+01
INDE trace(X) = 6.288662e+01
INDE Checking stopping criterion...   
INDE Order of convergence cannot be computed
TIDE stopping_criterion took      0.00 usr cpu s       0.00 sys cpu s       0.00 wall s
TIDE Iteration 8 took      0.02 usr cpu s       0.07 sys cpu s       0.01 wall s
INDE     ITERATION 9 :
TIDE purify_X took      0.00 usr cpu s       0.00 sys cpu s       0.00 wall s
TIDE truncate_matrix took      0.00 usr cpu s       0.00 sys cpu s       0.00 wall s
INDE Actual introduced error   0.000000e+00 : nnz before  116964 <-> 100.00 % , nnz after  116964 <-> 100.00 %
TIDE square took      0.01 usr cpu s       0.04 sys cpu s       0.01 wall s
INDE NNZ Xsq = 116964 <-> 100.00 %
TIDE Frobenius norm of X-X^2 took      0.00 usr cpu s       0.00 sys cpu s       0.00 wall s
TIDE Mixed norm of X-X^2 took      0.00 usr cpu s       0.02 sys cpu s       0.00 wall s
TIDE Trace of X-X^2 took      0.00 usr cpu s       0.00 sys cpu s       0.00 wall s
INDE ||X-X^2||_F = 6.062195e-01 , ||X-X^2||_mixed = 3.351992e-01
INDE trace(X-X^2) = 9.060896e+00
INDE trace(X) = 2.187350e+01
INDE Checking stopping criterion...   
INDE e_i =3.351992e-01, C*e_{i-1}^q = 2.955808e+00
INDE Order of convergence = 7.146759, stop = 0
TIDE stopping_criterion took      0.00 usr cpu s       0.00 sys cpu s       0.00 wall s
TIDE Iteration 9 took      0.02 usr cpu s       0.06 sys cpu s       0.01 wall s
INDE     ITERATION 10 :
TIDE purify_X took      0.00 usr cpu s       0.00 sys cpu s       0.00 wall s
TIDE truncate_matrix took      0.00 usr cpu s       0.00 sys cpu s       0.00 wall s
INDE Actual introduced error   0.000000e+00 : nnz before  116964 <-> 100.00 % , nnz after  116964 <-> 100.00 %
TIDE square took      0.01 usr cpu s       0.04 sys cpu s       0.01 wall s
INDE NNZ Xsq = 116964 <-> 100.00 %
TIDE Frobenius norm of X-X^2 took      0.00 usr cpu s       0.00 sys cpu s       0.00 wall s
TIDE Mixed norm of X-X^2 took      0.00 usr cpu s       0.02 sys cpu s       0.00 wall s
TIDE Trace of X-X^2 took      0.00 usr cpu s       0.00 sys cpu s       0.00 wall s
INDE ||X-X^2||_F = 1.103775e+00 , ||X-X^2||_mixed = 6.038160e-01
INDE trace(X-X^2) = 1.643847e+01
INDE trace(X) = 3.093439e+01
INDE Checking stopping criterion...   
INDE Order of convergence cannot be computed
TIDE stopping_criterion took      0.00 usr cpu s       0.00 sys cpu s       0.00 wall s
TIDE Iteration 10 took      0.01 usr cpu s       0.07 sys cpu s       0.01 wall s
INDE     ITERATION 11 :
TIDE purify_X took      0.00 usr cpu s       0.00 sys cpu s       0.00 wall s
TIDE truncate_matrix took      0.00 usr cpu s       0.00 sys cpu s       0.00 wall s
INDE Actual introduced error   0.000000e+00 : nnz before  116964 <-> 100.00 % , nnz after  116964 <-> 100.00 %
TIDE square took      0.01 usr cpu s       0.04 sys cpu s       0.01 wall s
INDE NNZ Xsq = 116964 <-> 100.00 %
TIDE Frobenius norm of X-X^2 took      0.00 usr cpu s       0.00 sys cpu s       0.00 wall s
TIDE Mixed norm of X-X^2 took      0.01 usr cpu s       0.01 sys cpu s       0.00 wall s
TIDE Trace of X-X^2 took      0.00 usr cpu s       0.00 sys cpu s       0.00 wall s
INDE ||X-X^2||_F = 1.891306e+00 , ||X-X^2||_mixed = 9.855270e-01
INDE trace(X-X^2) = 2.892376e+01
INDE trace(X) = 4.737287e+01
INDE Checking stopping criterion...   
INDE Order of convergence cannot be computed
TIDE stopping_criterion took      0.00 usr cpu s       0.00 sys cpu s       0.00 wall s
TIDE Iteration 11 took      0.02 usr cpu s       0.06 sys cpu s       0.01 wall s
INDE     ITERATION 12 :
TIDE purify_X took      0.00 usr cpu s       0.00 sys cpu s       0.00 wall s
TIDE truncate_matrix took      0.00 usr cpu s       0.00 sys cpu s       0.00 wall s
INDE Actual introduced error   0.000000e+00 : nnz before  116964 <-> 100.00 % , nnz after  116964 <-> 100.00 %
TIDE square took      0.01 usr cpu s       0.04 sys cpu s       0.01 wall s
INDE NNZ Xsq = 116964 <-> 100.00 %
TIDE Frobenius norm of X-X^2 took      0.00 usr cpu s       0.00 sys cpu s       0.00 wall s
TIDE Mixed norm of X-X^2 took      0.00 usr cpu s       0.02 sys cpu s       0.00 wall s
TIDE Trace of X-X^2 took      0.00 usr cpu s       0.00 sys cpu s       0.00 wall s
INDE ||X-X^2||_F = 4.512695e-01 , ||X-X^2||_mixed = 3.117044e-01
INDE trace(X-X^2) = 5.216986e+00
INDE trace(X) = 1.844911e+01
INDE Checking stopping criterion...   
INDE e_i =3.117044e-01, C*e_{i-1}^q = 2.511030e+00
INDE Order of convergence = 6.135684, stop = 0
TIDE stopping_criterion took      0.00 usr cpu s       0.00 sys cpu s       0.00 wall s
TIDE Iteration 12 took      0.02 usr cpu s       0.06 sys cpu s       0.01 wall s
INDE     ITERATION 13 :
TIDE purify_X took      0.00 usr cpu s       0.00 sys cpu s       0.00 wall s
TIDE truncate_matrix took      0.00 usr cpu s       0.00 sys cpu s       0.00 wall s
INDE Actual introduced error   0.000000e+00 : nnz before  116964 <-> 100.00 % , nnz after  116964 <-> 100.00 %
TIDE square took      0.03 usr cpu s       0.03 sys cpu s       0.01 wall s
INDE NNZ Xsq = 116964 <-> 100.00 %
TIDE Frobenius norm of X-X^2 took      0.00 usr cpu s       0.00 sys cpu s       0.00 wall s
TIDE Mixed norm of X-X^2 took      0.00 usr cpu s       0.02 sys cpu s       0.00 wall s
TIDE Trace of X-X^2 took      0.00 usr cpu s       0.00 sys cpu s       0.00 wall s
INDE ||X-X^2||_F = 8.221219e-01 , ||X-X^2||_mixed = 5.528423e-01
INDE trace(X-X^2) = 9.795664e+00
INDE trace(X) = 2.366609e+01
INDE Checking stopping criterion...   
INDE e_i =5.528423e-01, C*e_{i-1}^q = 6.689286e+00
INDE Order of convergence = 173.015117, stop = 0
TIDE stopping_criterion took      0.00 usr cpu s       0.00 sys cpu s       0.00 wall s
TIDE Iteration 13 took      0.03 usr cpu s       0.05 sys cpu s       0.01 wall s
INDE     ITERATION 14 :
TIDE purify_X took      0.00 usr cpu s       0.00 sys cpu s       0.00 wall s
TIDE truncate_matrix took      0.00 usr cpu s       0.00 sys cpu s       0.00 wall s
INDE Actual introduced error   0.000000e+00 : nnz before  116964 <-> 100.00 % , nnz after  116964 <-> 100.00 %
TIDE square took      0.01 usr cpu s       0.04 sys cpu s       0.01 wall s
INDE NNZ Xsq = 116964 <-> 100.00 %
TIDE Frobenius norm of X-X^2 took      0.00 usr cpu s       0.00 sys cpu s       0.00 wall s
TIDE Mixed norm of X-X^2 took      0.01 usr cpu s       0.01 sys cpu s       0.00 wall s
TIDE Trace of X-X^2 took      0.00 usr cpu s       0.00 sys cpu s       0.00 wall s
INDE ||X-X^2||_F = 1.385909e+00 , ||X-X^2||_mixed = 8.836766e-01
INDE trace(X-X^2) = 1.738497e+01
INDE trace(X) = 3.346176e+01
INDE Checking stopping criterion...   
INDE Order of convergence cannot be computed
TIDE stopping_criterion took      0.00 usr cpu s       0.00 sys cpu s       0.00 wall s
TIDE Iteration 14 took      0.02 usr cpu s       0.06 sys cpu s       0.01 wall s
INDE     ITERATION 15 :
TIDE purify_X took      0.00 usr cpu s       0.00 sys cpu s       0.00 wall s
TIDE truncate_matrix took      0.00 usr cpu s       0.00 sys cpu s       0.00 wall s
INDE Actual introduced error   0.000000e+00 : nnz before  116964 <-> 100.00 % , nnz after  116964 <-> 100.00 %
TIDE square took      0.02 usr cpu s       0.04 sys cpu s       0.01 wall s
INDE NNZ Xsq = 116964 <-> 100.00 %
TIDE Frobenius norm of X-X^2 took      0.00 usr cpu s       0.00 sys cpu s       0.00 wall s
TIDE Mixed norm of X-X^2 took      0.00 usr cpu s       0.02 sys cpu s       0.00 wall s
TIDE Trace of X-X^2 took      0.00 usr cpu s       0.00 sys cpu s       0.00 wall s
INDE ||X-X^2||_F = 2.077585e+00 , ||X-X^2||_mixed = 1.205069e+00
INDE trace(X-X^2) = 2.802990e+01
INDE trace(X) = 5.084673e+01
INDE Checking stopping criterion...   
INDE Order of convergence cannot be computed
TIDE stopping_criterion took      0.00 usr cpu s       0.00 sys cpu s       0.00 wall s
TIDE Iteration 15 took      0.02 usr cpu s       0.06 sys cpu s       0.01 wall s
INDE     ITERATION 16 :
TIDE purify_X took      0.00 usr cpu s       0.00 sys cpu s       0.00 wall s
TIDE truncate_matrix took      0.00 usr cpu s       0.00 sys cpu s       0.00 wall s
INDE Actual introduced error   0.000000e+00 : nnz before  116964 <-> 100.00 % , nnz after  116964 <-> 100.00 %
TIDE square took      0.03 usr cpu s       0.03 sys cpu s       0.01 wall s
INDE NNZ Xsq = 116964 <-> 100.00 %
TIDE Frobenius norm of X-X^2 took      0.00 usr cpu s       0.00 sys cpu s       0.00 wall s
TIDE Mixed norm of X-X^2 took      0.01 usr cpu s       0.01 sys cpu s       0.00 wall s
TIDE Trace of X-X^2 took      0.00 usr cpu s       0.00 sys cpu s       0.00 wall s
INDE ||X-X^2||_F = 9.342590e-01 , ||X-X^2||_mixed = 7.211566e-01
INDE trace(X-X^2) = 8.311052e+00
INDE trace(X) = 2.281683e+01
INDE Checking stopping criterion...   
INDE e_i =7.211566e-01, C*e_{i-1}^q = 5.378107e+00
INDE Order of convergence = 18.247527, stop = 0
TIDE stopping_criterion took      0.00 usr cpu s       0.00 sys cpu s       0.00 wall s
TIDE Iteration 16 took      0.03 usr cpu s       0.05 sys cpu s       0.01 wall s
INDE     ITERATION 17 :
TIDE purify_X took      0.00 usr cpu s       0.00 sys cpu s       0.00 wall s
TIDE truncate_matrix took      0.00 usr cpu s       0.00 sys cpu s       0.00 wall s
INDE Actual introduced error   0.000000e+00 : nnz before  116964 <-> 100.00 % , nnz after  116964 <-> 100.00 %
TIDE square took      0.04 usr cpu s       0.02 sys cpu s       0.01 wall s
INDE NNZ Xsq = 116964 <-> 100.00 %
TIDE Frobenius norm of X-X^2 took      0.00 usr cpu s       0.00 sys cpu s       0.00 wall s
TIDE Mixed norm of X-X^2 took      0.00 usr cpu s       0.02 sys cpu s       0.00 wall s
TIDE Trace of X-X^2 took      0.00 usr cpu s       0.00 sys cpu s       0.00 wall s
INDE ||X-X^2||_F = 1.353276e+00 , ||X-X^2||_mixed = 9.777228e-01
INDE trace(X-X^2) = 1.348244e+01
INDE trace(X) = 3.112788e+01
INDE Checking stopping criterion...   
INDE Order of convergence cannot be computed
TIDE stopping_criterion took      0.00 usr cpu s       0.00 sys cpu s       0.00 wall s
TIDE Iteration 17 took      0.04 usr cpu s       0.04 sys cpu s       0.01 wall s
INDE     ITERATION 18 :
TIDE purify_X took      0.00 usr cpu s       0.00 sys cpu s       0.00 wall s
TIDE truncate_matrix took      0.00 usr cpu s       0.00 sys cpu s       0.00 wall s
INDE Actual introduced error   0.000000e+00 : nnz before  116964 <-> 100.00 % , nnz after  116964 <-> 100.00 %
TIDE square took      0.02 usr cpu s       0.04 sys cpu s       0.01 wall s
INDE NNZ Xsq = 116964 <-> 100.00 %
TIDE Frobenius norm of X-X^2 took      0.00 usr cpu s       0.00 sys cpu s       0.00 wall s
TIDE Mixed norm of X-X^2 took      0.01 usr cpu s       0.01 sys cpu s       0.00 wall s
TIDE Trace of X-X^2 took      0.00 usr cpu s       0.00 sys cpu s       0.00 wall s
INDE ||X-X^2||_F = 1.729401e+00 , ||X-X^2||_mixed = 1.128171e+00
INDE trace(X-X^2) = 1.953583e+01
INDE trace(X) = 4.461032e+01
INDE Checking stopping criterion...   
INDE Order of convergence cannot be computed
TIDE stopping_criterion took      0.00 usr cpu s       0.00 sys cpu s       0.00 wall s
TIDE Iteration 18 took      0.03 usr cpu s       0.05 sys cpu s       0.01 wall s
INDE     ITERATION 19 :
TIDE purify_X took      0.00 usr cpu s       0.00 sys cpu s       0.00 wall s
TIDE truncate_matrix took      0.00 usr cpu s       0.00 sys cpu s       0.00 wall s
INDE Actual introduced error   0.000000e+00 : nnz before  116964 <-> 100.00 % , nnz after  116964 <-> 100.00 %
TIDE square took      0.04 usr cpu s       0.26 sys cpu s       0.04 wall s
INDE NNZ Xsq = 116964 <-> 100.00 %
TIDE Frobenius norm of X-X^2 took      0.00 usr cpu s       0.00 sys cpu s       0.00 wall s
TIDE Mixed norm of X-X^2 took      0.01 usr cpu s       0.01 sys cpu s       0.00 wall s
TIDE Trace of X-X^2 took      0.00 usr cpu s       0.00 sys cpu s       0.00 wall s
INDE ||X-X^2||_F = 2.060023e+00 , ||X-X^2||_mixed = 1.244156e+00
INDE trace(X-X^2) = 2.539042e+01
INDE trace(X) = 6.414615e+01
INDE Checking stopping criterion...   
INDE Order of convergence cannot be computed
TIDE stopping_criterion took      0.00 usr cpu s       0.00 sys cpu s       0.00 wall s
TIDE Iteration 19 took      0.05 usr cpu s       0.27 sys cpu s       0.05 wall s
INDE     ITERATION 20 :
TIDE purify_X took      0.00 usr cpu s       0.00 sys cpu s       0.00 wall s
TIDE truncate_matrix took      0.00 usr cpu s       0.00 sys cpu s       0.00 wall s
INDE Actual introduced error   0.000000e+00 : nnz before  116964 <-> 100.00 % , nnz after  116964 <-> 100.00 %
TIDE square took      0.02 usr cpu s       0.04 sys cpu s       0.01 wall s
INDE NNZ Xsq = 116964 <-> 100.00 %
TIDE Frobenius norm of X-X^2 took      0.00 usr cpu s       0.00 sys cpu s       0.00 wall s
TIDE Mixed norm of X-X^2 took      0.00 usr cpu s       0.01 sys cpu s       0.00 wall s
TIDE Trace of X-X^2 took      0.00 usr cpu s       0.00 sys cpu s       0.00 wall s
INDE ||X-X^2||_F = 1.385058e+00 , ||X-X^2||_mixed = 1.015493e+00
INDE trace(X-X^2) = 1.219043e+01
INDE trace(X) = 3.875573e+01
INDE Checking stopping criterion...   
INDE Order of convergence cannot be computed
TIDE stopping_criterion took      0.00 usr cpu s       0.00 sys cpu s       0.00 wall s
TIDE Iteration 20 took      0.02 usr cpu s       0.06 sys cpu s       0.01 wall s
INDE     ITERATION 21 :
TIDE purify_X took      0.00 usr cpu s       0.00 sys cpu s       0.00 wall s
TIDE truncate_matrix took      0.00 usr cpu s       0.00 sys cpu s       0.00 wall s
INDE Actual introduced error   0.000000e+00 : nnz before  116964 <-> 100.00 % , nnz after  116964 <-> 100.00 %
TIDE square took      0.01 usr cpu s       0.05 sys cpu s       0.01 wall s
INDE NNZ Xsq = 116964 <-> 100.00 %
TIDE Frobenius norm of X-X^2 took      0.00 usr cpu s       0.00 sys cpu s       0.00 wall s
TIDE Mixed norm of X-X^2 took      0.00 usr cpu s       0.02 sys cpu s       0.00 wall s
TIDE Trace of X-X^2 took      0.00 usr cpu s       0.00 sys cpu s       0.00 wall s
INDE ||X-X^2||_F = 1.402132e+00 , ||X-X^2||_mixed = 9.629682e-01
INDE trace(X-X^2) = 1.422681e+01
INDE trace(X) = 5.094616e+01
INDE Checking stopping criterion...   
INDE Order of convergence cannot be computed
TIDE stopping_criterion took      0.00 usr cpu s       0.00 sys cpu s       0.00 wall s
TIDE Iteration 21 took      0.01 usr cpu s       0.07 sys cpu s       0.01 wall s
INDE     ITERATION 22 :
TIDE purify_X took      0.00 usr cpu s       0.00 sys cpu s       0.00 wall s
TIDE truncate_matrix took      0.00 usr cpu s       0.00 sys cpu s       0.00 wall s
INDE Actual introduced error   0.000000e+00 : nnz before  116964 <-> 100.00 % , nnz after  116964 <-> 100.00 %
TIDE square took      0.01 usr cpu s       0.04 sys cpu s       0.01 wall s
INDE NNZ Xsq = 116964 <-> 100.00 %
TIDE Frobenius norm of X-X^2 took      0.00 usr cpu s       0.00 sys cpu s       0.00 wall s
TIDE Mixed norm of X-X^2 took      0.00 usr cpu s       0.01 sys cpu s       0.00 wall s
TIDE Trace of X-X^2 took      0.00 usr cpu s       0.00 sys cpu s       0.00 wall s
INDE ||X-X^2||_F = 1.175751e+00 , ||X-X^2||_mixed = 9.253745e-01
INDE trace(X-X^2) = 7.501877e+00
INDE trace(X) = 3.671935e+01
INDE Checking stopping criterion...   
INDE Order of convergence cannot be computed
TIDE stopping_criterion took      0.00 usr cpu s       0.00 sys cpu s       0.00 wall s
TIDE Iteration 22 took      0.02 usr cpu s       0.06 sys cpu s       0.01 wall s
INDE     ITERATION 23 :
TIDE purify_X took      0.00 usr cpu s       0.00 sys cpu s       0.00 wall s
TIDE truncate_matrix took      0.00 usr cpu s       0.00 sys cpu s       0.00 wall s
INDE Actual introduced error   0.000000e+00 : nnz before  116964 <-> 100.00 % , nnz after  116964 <-> 100.00 %
TIDE square took      0.02 usr cpu s       0.04 sys cpu s       0.01 wall s
INDE NNZ Xsq = 116964 <-> 100.00 %
TIDE Frobenius norm of X-X^2 took      0.00 usr cpu s       0.00 sys cpu s       0.00 wall s
TIDE Mixed norm of X-X^2 took      0.00 usr cpu s       0.02 sys cpu s       0.00 wall s
TIDE Trace of X-X^2 took      0.00 usr cpu s       0.00 sys cpu s       0.00 wall s
INDE ||X-X^2||_F = 9.311845e-01 , ||X-X^2||_mixed = 7.321408e-01
INDE trace(X-X^2) = 6.729258e+00
INDE trace(X) = 4.422123e+01
INDE Checking stopping criterion...   
INDE e_i =7.321408e-01, C*e_{i-1}^q = 6.386554e+00
INDE Order of convergence = 59.399879, stop = 0
TIDE stopping_criterion took      0.00 usr cpu s       0.00 sys cpu s       0.00 wall s
TIDE Iteration 23 took      0.02 usr cpu s       0.06 sys cpu s       0.01 wall s
INDE     ITERATION 24 :
TIDE purify_X took      0.00 usr cpu s       0.00 sys cpu s       0.00 wall s
TIDE truncate_matrix took      0.00 usr cpu s       0.00 sys cpu s       0.00 wall s
INDE Actual introduced error   0.000000e+00 : nnz before  116964 <-> 100.00 % , nnz after  116964 <-> 100.00 %
TIDE square took      0.01 usr cpu s       0.04 sys cpu s       0.01 wall s
INDE NNZ Xsq = 116964 <-> 100.00 %
TIDE Frobenius norm of X-X^2 took      0.00 usr cpu s       0.00 sys cpu s       0.00 wall s
TIDE Mixed norm of X-X^2 took      0.00 usr cpu s       0.02 sys cpu s       0.00 wall s
TIDE Trace of X-X^2 took      0.00 usr cpu s       0.00 sys cpu s       0.00 wall s
INDE ||X-X^2||_F = 7.860153e-01 , ||X-X^2||_mixed = 5.947212e-01
INDE trace(X-X^2) = 6.515047e+00
INDE trace(X) = 5.095049e+01
INDE Checking stopping criterion...   
INDE Order of convergence cannot be computed
TIDE stopping_criterion took      0.00 usr cpu s       0.00 sys cpu s       0.00 wall s
TIDE Iteration 24 took      0.02 usr cpu s       0.06 sys cpu s       0.01 wall s
INDE     ITERATION 25 :
TIDE purify_X took      0.00 usr cpu s       0.00 sys cpu s       0.00 wall s
TIDE truncate_matrix took      0.00 usr cpu s       0.00 sys cpu s       0.00 wall s
INDE Actual introduced error   0.000000e+00 : nnz before  116964 <-> 100.00 % , nnz after  116964 <-> 100.00 %
TIDE square took      0.02 usr cpu s       0.04 sys cpu s       0.01 wall s
INDE NNZ Xsq = 116964 <-> 100.00 %
TIDE Frobenius norm of X-X^2 took      0.00 usr cpu s       0.00 sys cpu s       0.00 wall s
TIDE Mixed norm of X-X^2 took      0.00 usr cpu s       0.02 sys cpu s       0.00 wall s
TIDE Trace of X-X^2 took      0.00 usr cpu s       0.00 sys cpu s       0.00 wall s
INDE ||X-X^2||_F = 6.128029e-01 , ||X-X^2||_mixed = 5.252642e-01
INDE trace(X-X^2) = 2.957295e+00
INDE trace(X) = 4.443544e+01
INDE Checking stopping criterion...   
INDE e_i =5.252642e-01, C*e_{i-1}^q = 3.691747e+00
INDE Order of convergence = 8.254214, stop = 0
TIDE stopping_criterion took      0.00 usr cpu s       0.00 sys cpu s       0.00 wall s
TIDE Iteration 25 took      0.03 usr cpu s       0.06 sys cpu s       0.01 wall s
INDE     ITERATION 26 :
TIDE purify_X took      0.00 usr cpu s       0.00 sys cpu s       0.00 wall s
TIDE truncate_matrix took      0.00 usr cpu s       0.00 sys cpu s       0.00 wall s
INDE Actual introduced error   0.000000e+00 : nnz before  116964 <-> 100.00 % , nnz after  116964 <-> 100.00 %
TIDE square took      0.01 usr cpu s       0.04 sys cpu s       0.01 wall s
INDE NNZ Xsq = 116964 <-> 100.00 %
TIDE Frobenius norm of X-X^2 took      0.00 usr cpu s       0.00 sys cpu s       0.00 wall s
TIDE Mixed norm of X-X^2 took      0.00 usr cpu s       0.02 sys cpu s       0.00 wall s
TIDE Trace of X-X^2 took      0.00 usr cpu s       0.00 sys cpu s       0.00 wall s
INDE ||X-X^2||_F = 3.399897e-01 , ||X-X^2||_mixed = 2.997588e-01
INDE trace(X-X^2) = 1.854813e+00
INDE trace(X) = 4.739274e+01
INDE Checking stopping criterion...   
INDE e_i =2.997588e-01, C*e_{i-1}^q = 2.435957e+00
INDE Order of convergence = 6.031688, stop = 0
TIDE stopping_criterion took      0.00 usr cpu s       0.00 sys cpu s       0.00 wall s
TIDE Iteration 26 took      0.02 usr cpu s       0.06 sys cpu s       0.01 wall s
INDE     ITERATION 27 :
TIDE purify_X took      0.00 usr cpu s       0.00 sys cpu s       0.00 wall s
TIDE truncate_matrix took      0.00 usr cpu s       0.00 sys cpu s       0.00 wall s
INDE Actual introduced error   0.000000e+00 : nnz before  116964 <-> 100.00 % , nnz after  116964 <-> 100.00 %
TIDE square took      0.01 usr cpu s       0.05 sys cpu s       0.01 wall s
INDE NNZ Xsq = 116964 <-> 100.00 %
TIDE Frobenius norm of X-X^2 took      0.00 usr cpu s       0.00 sys cpu s       0.00 wall s
TIDE Mixed norm of X-X^2 took      0.00 usr cpu s       0.02 sys cpu s       0.00 wall s
TIDE Trace of X-X^2 took      0.00 usr cpu s       0.00 sys cpu s       0.00 wall s
INDE ||X-X^2||_F = 4.061105e-01 , ||X-X^2||_mixed = 3.767917e-01
INDE trace(X-X^2) = 1.194370e+00
INDE trace(X) = 4.553793e+01
INDE Checking stopping criterion...   
INDE e_i =3.767917e-01, C*e_{i-1}^q = 1.900196e+00
INDE Order of convergence = 4.513023, stop = 0
TIDE stopping_criterion took      0.00 usr cpu s       0.00 sys cpu s       0.00 wall s
TIDE Iteration 27 took      0.01 usr cpu s       0.06 sys cpu s       0.01 wall s
INDE     ITERATION 28 :
TIDE purify_X took      0.00 usr cpu s       0.00 sys cpu s       0.00 wall s
TIDE truncate_matrix took      0.00 usr cpu s       0.00 sys cpu s       0.00 wall s
INDE Actual introduced error   0.000000e+00 : nnz before  116964 <-> 100.00 % , nnz after  116964 <-> 100.00 %
TIDE square took      0.01 usr cpu s       0.05 sys cpu s       0.01 wall s
INDE NNZ Xsq = 116964 <-> 100.00 %
TIDE Frobenius norm of X-X^2 took      0.00 usr cpu s       0.00 sys cpu s       0.00 wall s
TIDE Mixed norm of X-X^2 took      0.00 usr cpu s       0.01 sys cpu s       0.00 wall s
TIDE Trace of X-X^2 took      0.00 usr cpu s       0.00 sys cpu s       0.00 wall s
INDE ||X-X^2||_F = 1.822784e-01 , ||X-X^2||_mixed = 1.788555e-01
INDE trace(X-X^2) = 4.123128e-01
INDE trace(X) = 4.673230e+01
INDE Checking stopping criterion...   
INDE e_i =1.788555e-01, C*e_{i-1}^q = 6.188516e-01
INDE Order of convergence = 3.030305, stop = 0
TIDE stopping_criterion took      0.00 usr cpu s       0.00 sys cpu s       0.00 wall s
TIDE Iteration 28 took      0.02 usr cpu s       0.06 sys cpu s       0.01 wall s
INDE     ITERATION 29 :
TIDE purify_X took      0.00 usr cpu s       0.00 sys cpu s       0.00 wall s
TIDE truncate_matrix took      0.00 usr cpu s       0.00 sys cpu s       0.00 wall s
INDE Actual introduced error   0.000000e+00 : nnz before  116964 <-> 100.00 % , nnz after  116964 <-> 100.00 %
TIDE square took      0.01 usr cpu s       0.05 sys cpu s       0.01 wall s
INDE NNZ Xsq = 116964 <-> 100.00 %
TIDE Frobenius norm of X-X^2 took      0.00 usr cpu s       0.00 sys cpu s       0.00 wall s
TIDE Mixed norm of X-X^2 took      0.00 usr cpu s       0.01 sys cpu s       0.00 wall s
TIDE Trace of X-X^2 took      0.00 usr cpu s       0.00 sys cpu s       0.00 wall s
INDE ||X-X^2||_F = 5.699032e-02 , ||X-X^2||_mixed = 4.960282e-02
INDE trace(X-X^2) = 2.308876e-01
INDE trace(X) = 4.714461e+01
INDE Checking stopping criterion...   
INDE Order of convergence cannot be computed
TIDE stopping_criterion took      0.00 usr cpu s       0.00 sys cpu s       0.00 wall s
TIDE Iteration 29 took      0.02 usr cpu s       0.06 sys cpu s       0.01 wall s
INDE     ITERATION 30 :
TIDE purify_X took      0.00 usr cpu s       0.00 sys cpu s       0.00 wall s
TIDE truncate_matrix took      0.00 usr cpu s       0.00 sys cpu s       0.00 wall s
INDE Actual introduced error   0.000000e+00 : nnz before  116964 <-> 100.00 % , nnz after  116964 <-> 100.00 %
TIDE square took      0.02 usr cpu s       0.04 sys cpu s       0.01 wall s
INDE NNZ Xsq = 116964 <-> 100.00 %
TIDE Frobenius norm of X-X^2 took      0.00 usr cpu s       0.00 sys cpu s       0.00 wall s
TIDE Mixed norm of X-X^2 took      0.00 usr cpu s       0.01 sys cpu s       0.00 wall s
TIDE Trace of X-X^2 took      0.00 usr cpu s       0.00 sys cpu s       0.00 wall s
INDE ||X-X^2||_F = 5.946550e-02 , ||X-X^2||_mixed = 5.884834e-02
INDE trace(X-X^2) = 8.715086e-02
INDE trace(X) = 4.691372e+01
INDE Checking stopping criterion...   
INDE e_i =5.884834e-02, C*e_{i-1}^q = 2.203166e-01
INDE Order of convergence = 2.766976, stop = 0
TIDE stopping_criterion took      0.00 usr cpu s       0.00 sys cpu s       0.00 wall s
TIDE Iteration 30 took      0.02 usr cpu s       0.06 sys cpu s       0.01 wall s
INDE     ITERATION 31 :
TIDE purify_X took      0.00 usr cpu s       0.00 sys cpu s       0.00 wall s
TIDE truncate_matrix took      0.00 usr cpu s       0.00 sys cpu s       0.00 wall s
INDE Actual introduced error   0.000000e+00 : nnz before  116964 <-> 100.00 % , nnz after  116964 <-> 100.00 %
TIDE square took      0.01 usr cpu s       0.04 sys cpu s       0.01 wall s
INDE NNZ Xsq = 116964 <-> 100.00 %
TIDE Frobenius norm of X-X^2 took      0.00 usr cpu s       0.00 sys cpu s       0.00 wall s
TIDE Mixed norm of X-X^2 took      0.00 usr cpu s       0.01 sys cpu s       0.00 wall s
TIDE Trace of X-X^2 took      0.00 usr cpu s       0.00 sys cpu s       0.00 wall s
INDE ||X-X^2||_F = 3.389914e-03 , ||X-X^2||_mixed = 3.233098e-03
INDE trace(X-X^2) = 8.631393e-03
INDE trace(X) = 4.700087e+01
INDE Checking stopping criterion...   
INDE e_i =3.233098e-03, C*e_{i-1}^q = 1.694554e-02
INDE Order of convergence = 2.551506, stop = 0
TIDE stopping_criterion took      0.00 usr cpu s       0.00 sys cpu s       0.00 wall s
TIDE Iteration 31 took      0.02 usr cpu s       0.05 sys cpu s       0.01 wall s
INDE     ITERATION 32 :
TIDE purify_X took      0.00 usr cpu s       0.00 sys cpu s       0.00 wall s
TIDE truncate_matrix took      0.00 usr cpu s       0.00 sys cpu s       0.00 wall s
INDE Actual introduced error   0.000000e+00 : nnz before  116964 <-> 100.00 % , nnz after  116964 <-> 100.00 %
TIDE square took      0.01 usr cpu s       0.04 sys cpu s       0.01 wall s
INDE NNZ Xsq = 116964 <-> 100.00 %
TIDE Frobenius norm of X-X^2 took      0.00 usr cpu s       0.00 sys cpu s       0.00 wall s
TIDE Mixed norm of X-X^2 took      0.00 usr cpu s       0.01 sys cpu s       0.00 wall s
TIDE Trace of X-X^2 took      0.00 usr cpu s       0.00 sys cpu s       0.00 wall s
INDE ||X-X^2||_F = 5.797080e-03 , ||X-X^2||_mixed = 5.758598e-03
INDE trace(X-X^2) = 7.731985e-03
INDE trace(X) = 4.699224e+01
INDE Checking stopping criterion...   
INDE e_i =5.758598e-03, C*e_{i-1}^q = 2.385125e-02
INDE Order of convergence = 2.501676, stop = 0
TIDE stopping_criterion took      0.00 usr cpu s       0.00 sys cpu s       0.00 wall s
TIDE Iteration 32 took      0.01 usr cpu s       0.06 sys cpu s       0.01 wall s
INDE     ITERATION 33 :
TIDE purify_X took      0.00 usr cpu s       0.00 sys cpu s       0.00 wall s
TIDE truncate_matrix took      0.00 usr cpu s       0.00 sys cpu s       0.00 wall s
INDE Actual introduced error   0.000000e+00 : nnz before  116964 <-> 100.00 % , nnz after  116964 <-> 100.00 %
TIDE square took      0.01 usr cpu s       0.05 sys cpu s       0.01 wall s
INDE NNZ Xsq = 116964 <-> 100.00 %
TIDE Frobenius norm of X-X^2 took      0.00 usr cpu s       0.00 sys cpu s       0.00 wall s
TIDE Mixed norm of X-X^2 took      0.00 usr cpu s       0.01 sys cpu s       0.00 wall s
TIDE Trace of X-X^2 took      0.00 usr cpu s       0.00 sys cpu s       0.00 wall s
INDE ||X-X^2||_F = 2.854087e-05 , ||X-X^2||_mixed = 2.846568e-05
INDE trace(X-X^2) = 3.999657e-05
INDE trace(X) = 4.699997e+01
INDE Checking stopping criterion...   
INDE e_i =2.846568e-05, C*e_{i-1}^q = 7.199137e-05
INDE Order of convergence = 2.161806, stop = 0
TIDE stopping_criterion took      0.00 usr cpu s       0.00 sys cpu s       0.00 wall s
TIDE Iteration 33 took      0.01 usr cpu s       0.06 sys cpu s       0.01 wall s
INDE     ITERATION 34 :
TIDE purify_X took      0.00 usr cpu s       0.00 sys cpu s       0.00 wall s
TIDE truncate_matrix took      0.00 usr cpu s       0.00 sys cpu s       0.00 wall s
INDE Actual introduced error   0.000000e+00 : nnz before  116964 <-> 100.00 % , nnz after  116964 <-> 100.00 %
TIDE square took      0.02 usr cpu s       0.03 sys cpu s       0.01 wall s
INDE NNZ Xsq = 116964 <-> 100.00 %
TIDE Frobenius norm of X-X^2 took      0.00 usr cpu s       0.00 sys cpu s       0.00 wall s
TIDE Mixed norm of X-X^2 took      0.00 usr cpu s       0.01 sys cpu s       0.00 wall s
TIDE Trace of X-X^2 took      0.00 usr cpu s       0.00 sys cpu s       0.00 wall s
INDE ||X-X^2||_F = 6.036480e-06 , ||X-X^2||_mixed = 5.381440e-06
INDE trace(X-X^2) = 1.213976e-05
INDE trace(X) = 4.700001e+01
INDE Checking stopping criterion...   
INDE Order of convergence cannot be computed
TIDE stopping_criterion took      0.00 usr cpu s       0.00 sys cpu s       0.00 wall s
TIDE Iteration 34 took      0.03 usr cpu s       0.05 sys cpu s       0.01 wall s
INDE     ITERATION 35 :
TIDE purify_X took      0.00 usr cpu s       0.00 sys cpu s       0.00 wall s
TIDE truncate_matrix took      0.00 usr cpu s       0.00 sys cpu s       0.00 wall s
INDE Actual introduced error   0.000000e+00 : nnz before  116964 <-> 100.00 % , nnz after  116964 <-> 100.00 %
TIDE square took      0.01 usr cpu s       0.05 sys cpu s       0.01 wall s
INDE NNZ Xsq = 116964 <-> 100.00 %
TIDE Frobenius norm of X-X^2 took      0.00 usr cpu s       0.00 sys cpu s       0.00 wall s
TIDE Mixed norm of X-X^2 took      0.00 usr cpu s       0.01 sys cpu s       0.00 wall s
TIDE Trace of X-X^2 took      0.00 usr cpu s       0.00 sys cpu s       0.00 wall s
INDE ||X-X^2||_F = 1.535295e-09 , ||X-X^2||_mixed = 1.535226e-09
INDE trace(X-X^2) = 1.647464e-09
INDE trace(X) = 4.700000e+01
INDE Checking stopping criterion...   
INDE e_i =1.535226e-09, C*e_{i-1}^q = 5.580663e-09
INDE Order of convergence = 2.123307, stop = 0
TIDE stopping_criterion took      0.00 usr cpu s       0.00 sys cpu s       0.00 wall s
TIDE Iteration 35 took      0.01 usr cpu s       0.06 sys cpu s       0.01 wall s
INDE     ITERATION 36 :
TIDE purify_X took      0.00 usr cpu s       0.00 sys cpu s       0.00 wall s
TIDE truncate_matrix took      0.00 usr cpu s       0.00 sys cpu s       0.00 wall s
INDE Actual introduced error   0.000000e+00 : nnz before  116964 <-> 100.00 % , nnz after  116964 <-> 100.00 %
TIDE square took      0.02 usr cpu s       0.04 sys cpu s       0.01 wall s
INDE NNZ Xsq = 116964 <-> 100.00 %
TIDE Frobenius norm of X-X^2 took      0.00 usr cpu s       0.00 sys cpu s       0.00 wall s
TIDE Mixed norm of X-X^2 took      0.01 usr cpu s       0.01 sys cpu s       0.00 wall s
TIDE Trace of X-X^2 took      0.00 usr cpu s       0.00 sys cpu s       0.00 wall s
INDE ||X-X^2||_F = 4.802025e-11 , ||X-X^2||_mixed = 4.607234e-11
INDE trace(X-X^2) = 7.287326e-11
INDE trace(X) = 4.700000e+01
INDE Checking stopping criterion...   
INDE e_i =4.607234e-11, C*e_{i-1}^q = 1.994526e-10
INDE Order of convergence = 2.120780, stop = 0
TIDE stopping_criterion took      0.00 usr cpu s       0.00 sys cpu s       0.00 wall s
TIDE Iteration 36 took      0.03 usr cpu s       0.04 sys cpu s       0.01 wall s
INDE     ITERATION 37 :
TIDE purify_X took      0.00 usr cpu s       0.00 sys cpu s       0.00 wall s
TIDE truncate_matrix took      0.00 usr cpu s       0.00 sys cpu s       0.00 wall s
INDE Actual introduced error   0.000000e+00 : nnz before  116964 <-> 100.00 % , nnz after  116964 <-> 100.00 %
TIDE square took      0.02 usr cpu s       0.03 sys cpu s       0.01 wall s
INDE NNZ Xsq = 116964 <-> 100.00 %
TIDE Frobenius norm of X-X^2 took      0.00 usr cpu s       0.00 sys cpu s       0.00 wall s
TIDE Mixed norm of X-X^2 took      0.00 usr cpu s       0.00 sys cpu s       0.00 wall s
TIDE Trace of X-X^2 took      0.00 usr cpu s       0.00 sys cpu s       0.00 wall s
INDE ||X-X^2||_F = 2.242441e-15 , ||X-X^2||_mixed = 0.000000e+00
INDE trace(X-X^2) = 0.000000e+00
INDE trace(X) = 4.700000e+01
INDE Checking stopping criterion...   
INDE ************************************************************************************************************
INDE The norm value went much below machine precision, therefore we stop here since n_max can be underestimated.
INDE ************************************************************************************************************
INDE e_i =0.000000e+00, C*e_{i-1}^q = 1.623258e-17
INDE Order of convergence = inf, stop = 1
TIDE stopping_criterion took      0.00 usr cpu s       0.00 sys cpu s       0.00 wall s
INDE PURIFICATION CONVERGED after 37 iterations
TIDE Iteration 37 took      0.02 usr cpu s       0.04 sys cpu s       0.01 wall s
INDE Number of non-zeros in D is  116964 <-> 100.00 %
TIDE FileWritable::writeAndReadAll took      0.00 usr cpu s       0.00 sys cpu s       0.00 wall s
INDE writeAndReadAll sizesStr: '0 MB (1 MatrixGeneral, 0 > 1 MB) + 0 MB (13 MatrixSymmetric, 0 > 1 MB) + 0 MB (2 VectorGeneral, 0 > 1 MB) = 0 MB (16 total, 0 > 1 MB)
INDE TOTAL X square time: 0.304170 wall s
INDE TOTAL X trunction time: 0.008951 wall s
INDE TOTAL X purify (exl. X^2 computation) time: 0.010887 wall s
INDE TOTAL time to get number of non-zero elements: 0.001556 wall s
INDE TOTAL time to get mixed norm: 0.088552 wall s
INDE TOTAL time to get Frobenius norm: 0.009357 wall s
INDE TOTAL time for stopping criterion: 0.001822 wall s
INDE TOTAL time to get matrix trace: 0.000831 wall s
INDE Estimated bounds for the eigenvalues for the Fock matrix:
INDE LUMO: [ 0.035091206267 , 0.063215965678 ]
INDE HOMO: [ -0.381646972517 , -0.345229781910 ]
TIDE eigenvalue_bounds_estimation() took      0.00 usr cpu s       0.00 sys cpu s       0.00 wall s
TIDE Recursive expansion took      0.95 usr cpu s       2.87 sys cpu s       0.50 wall s
TIDE Puri->PurificationStart() took      0.95 usr cpu s       2.87 sys cpu s       0.50 wall s
TIDE Accumulated wall times for writeToFile in PurificationStart()          : 0 s (MatrixGeneral) + 4.1e-06 s (MatrixSymmetric) + 0.00014 s (VectorGeneral) = 0.00014 s
TIDE Accumulated wall times for readFromFile in PurificationStart()         : 0 s (MatrixGeneral) + 3.8e-06 s (MatrixSymmetric) + 5.6e-05 s (VectorGeneral) = 5.9e-05 s
TIDE Accumulated wall times for copy and assign in PurificationStart()      : 1.9e-06 s (MatrixSymmetric) + 6.9e-05 s (VectorGeneral) = 7.1e-05 s
INDE Number of calls to writeToFile in PurificationStart()                  : 2 (MatrixGeneral) + 27 (MatrixSymmetric) + 1483 (VectorGeneral) = 1512 
INDE Number of calls to readFromFile in PurificationStart()                 : 2 (MatrixGeneral) + 26 (MatrixSymmetric) + 543 (VectorGeneral) = 571 
INDE Number of calls to FileWritable copy and assign in PurificationStart() : 2 (MatrixSymmetric) + 39 (VectorGeneral) = 41 
TIDE mat::Gblas::time after purification :     2.558710
INDE Created .m files with results of the purification
INDE Purification converged OK
INDE E(LUMO) - E(HOMO) >=          0.38032098818 =         10.34906135621 eV
INDE E(LUMO) - E(HOMO) <=          0.44486293820 =         12.10533729562 eV
INDE HOMO interval : [   -0.381646972517   -0.345229781910 ]
INDE LUMO interval : [    0.035091206267    0.063215965678 ]
INDE Trace of resulting density matrix is         47.00000000000, error is   0.00000000000001.
INDE Truncated D_ort ( mixed ), selected threshold = 9.99999e-08, returned error =          0, nnz before = 116964 <-> 100.0000 %, nnz after = 116964 <-> 100.0000 %
TIDE FileWritable::writeAndReadAll took      0.00 usr cpu s       0.00 sys cpu s       0.00 wall s
INDE writeAndReadAll sizesStr: '0 MB (1 MatrixGeneral, 0 > 1 MB) + 0 MB (12 MatrixSymmetric, 0 > 1 MB) + 0 MB (1 MatrixTriangular, 0 > 1 MB) = 0 MB (14 total, 0 > 1 MB)
TIDE D_w to non-orthogonal basis took      0.02 usr cpu s       0.03 sys cpu s       0.01 wall s
INDE Truncated D_S (eucl with Z), selected threshold = 9.99999e-08, returned error =          0, nnz before = 100.0000 %, nnz after = 100.0000 %
INDE get_dens_from_fock_sparse ending OK
TIDE get_dens_from_fock_sparse took      1.21 usr cpu s       3.85 sys cpu s       0.66 wall s
ERDE get_dens_from_fock  (GetDensFromFock class) : purification finished OK.
TIDE get_dens_from_fock took      1.21 usr cpu s       3.85 sys cpu s       0.66 wall s
INSC Matrix 'new density matrix' ( symm ): n =    342, nnz =       116964 <-> 100.00 %, mem usage  0.0005 G
INSC Tr( D * S ) =         93.99999999995
TISC get_new_density_matrix took      1.21 usr cpu s       3.85 sys cpu s       0.66 wall s
INMA ddf_writeShellListAndDensityMatricesToFile_sparse, n =    342, densityMatrixList[0].nvalues =       58653
INMA opened temporary file 'density.bin.p7Bemw' for writing
INMA Choosing matrixStorageType = MATRIX_STORAGE_TYPE_TRIANGLE.
INMA fileSize =          560392 bytes =      0.560 MegaBytes
INMA renamed file 'density.bin.p7Bemw' to 'density.bin'
INMA ddf_writeShellListAndDensityMatricesToFile_sparse freeing buffer.
INMA ddf_writeShellListAndDensityMatricesToFile_sparse returning OK.
TISC write_density_to_file took      0.01 usr cpu s       0.04 sys cpu s       0.01 wall s
INSC Creating mtx file for Fock matrix
INSC Creating mtx file for density matrix
INSC SCF cycle   1 finished.
TISC SCF cycle   1 took   1160.37 usr cpu s       6.35 sys cpu s     181.39 wall s
INSC Beginning of SCF cycle 2:  Thu Mar 26 20:12:14 2026
INDE compute_J_by_boxes_sparse() start.
TIDE FileWritable::writeAndReadAll took      0.00 usr cpu s       0.00 sys cpu s       0.00 wall s
INDE writeAndReadAll: '0 MB (1 MatrixGeneral, 0 > 1 MB) + 0 MB (11 MatrixSymmetric, 0 > 1 MB) = 0 MB (12 total, 0 > 1 MB)
IN   compute_J_by_boxes_sparse, maxDensityMatrixElement =         17.44650993854
ININ get_basis_func_pair_list, n =    342
ININ create_box_system end OK, toplevelBoxSize:   7.0, #levels:  3, #boxes at top level:      6
TIIN get_basis_func_pair_list_2el took      0.16 usr cpu s       0.00 sys cpu s       0.16 wall s
IN   compute_J_by_boxes_sparse: noOfBasisFuncIndexPairs = 54577 ==> storing  46.66 % of a full matrix
ININ entering compute_J_by_boxes_linear, no of basis funcs =   342, threshold_J =   1e-16
ININ use_fmm = 1, fmm_box_size =   5.00
TIIN Compute extent for all distrs took      0.51 usr cpu s       0.00 sys cpu s       0.51 wall s
ININ extent_min =    0.000, extent_max =   22.671
ININ Creating list of distributions etc done, distrCount =    387451
TIIN Creating list of distributions etc took      0.73 usr cpu s       0.02 sys cpu s       0.75 wall s
ININ create_box_system end OK, toplevelBoxSize:   5.0, #levels:  3, #boxes at top level:     10
TIIN Creating boxes took      0.04 usr cpu s       0.02 sys cpu s       0.06 wall s
ININ noOfBranches = 6, splitters:  20.00 10.00  5.00  2.50  0.00
ININ J org done, groupCount =    16608
TIIN J org took      1.71 usr cpu s       0.00 sys cpu s       1.71 wall s
TIIN Generate group multipoles took      0.72 usr cpu s       0.00 sys cpu s       0.72 wall s
ININ totChargeWholeSystem =          0.00000000000
ININ Generating multipole for each branch at top level, MAX_MULTIPOLE_DEGREE = 15
TIIN Translate multipoles (step 1) took      0.50 usr cpu s       0.00 sys cpu s       0.50 wall s
TIIN Translate multipoles (step 2) took      0.10 usr cpu s       0.00 sys cpu s       0.10 wall s
ININ job lists for J created OK, noOfJobs_J_standard =     1711, noOfJobs_J_multipole =      228
TIIN Creating job lists for J took      0.00 usr cpu s       0.00 sys cpu s       0.00 wall s
ININ execute_joblist_J_std_threaded, noOfThreads =  8
ININ 8 threads started OK.
ININ all 8 threads have finished.
TIIN execute_joblist_J_std_threaded took    273.82 usr cpu s       0.15 sys cpu s      41.89 wall s
TIIN sort_list_of_multipole_jobs init part took      0.00 usr cpu s       0.00 sys cpu s       0.00 wall s
TIIN sort_list_of_multipole_jobs complete took      0.00 usr cpu s       0.00 sys cpu s       0.00 wall s
TIIN sort_list_of_multipole_jobs took      0.00 usr cpu s       0.00 sys cpu s       0.00 wall s
ININ execute_joblist_J_fmm_shared: Allocating multipoleList_4, maxnoOfMinimalDistrsPerBoxBranch =     63313
ININ execute_joblist_J_fmm_shared: jobIndexLo =            0, jobIndexHi =           28
ININ execute_joblist_J_fmm_shared: Allocating multipoleList_4, maxnoOfMinimalDistrsPerBoxBranch =     63313
ININ execute_joblist_J_fmm_shared: Allocating multipoleList_4, maxnoOfMinimalDistrsPerBoxBranch =     63313
ININ execute_joblist_J_fmm_shared: jobIndexLo =           57, jobIndexHi =           85
ININ execute_joblist_J_fmm_shared: jobIndexLo =           28, jobIndexHi =           57
ININ execute_joblist_J_fmm_shared: Allocating multipoleList_4, maxnoOfMinimalDistrsPerBoxBranch =     63313
ININ execute_joblist_J_fmm_shared: jobIndexLo =           85, jobIndexHi =          114
ININ execute_joblist_J_fmm_shared: Allocating multipoleList_4, maxnoOfMinimalDistrsPerBoxBranch =     63313
ININ execute_joblist_J_fmm_shared: jobIndexLo =          114, jobIndexHi =          142
ININ execute_joblist_J_fmm_shared: Allocating multipoleList_4, maxnoOfMinimalDistrsPerBoxBranch =     63313
ININ execute_joblist_J_fmm_shared: jobIndexLo =          142, jobIndexHi =          171
ININ execute_joblist_J_fmm_shared: Allocating multipoleList_4, maxnoOfMinimalDistrsPerBoxBranch =     63313
ININ execute_joblist_J_fmm_shared: jobIndexLo =          171, jobIndexHi =          199
ININ execute_joblist_J_fmm_shared: Allocating multipoleList_4, maxnoOfMinimalDistrsPerBoxBranch =     63313
ININ execute_joblist_J_fmm_shared: jobIndexLo =          199, jobIndexHi =          228
ININ execute_joblist_J_fmm_shared: done!
ININ execute_joblist_J_fmm_shared: done!
ININ execute_joblist_J_fmm_shared: done!
ININ execute_joblist_J_fmm_shared: done!
ININ execute_joblist_J_fmm_shared: done!
ININ execute_joblist_J_fmm_shared: done!
ININ execute_joblist_J_fmm_shared: done!
ININ execute_joblist_J_fmm_shared: done!
ININ multipole job list for J executed, largest L used: 11
TIIN Executing multipole job list for J took      0.97 usr cpu s       0.00 sys cpu s       0.33 wall s
ININ compute_J_by_boxes_linear ending OK.
TIIN compute_J_by_boxes_linear took    278.62 usr cpu s       0.19 sys cpu s      46.08 wall s
TI   compute_J_by_boxes_sparse total took    278.78 usr cpu s       0.20 sys cpu s      46.25 wall s
ININ entering create_CSR_for_K, no of basis funcs =   342, threshold_K =   1e-16
ININ create_box_system end OK, toplevelBoxSize:   7.0, #levels:  3, #boxes at top level:      6
ININ create_box_system end OK, toplevelBoxSize:   7.0, #levels:  3, #boxes at top level:      6
ININ create_box_system end OK, toplevelBoxSize:   7.0, #levels:  3, #boxes at top level:      6
TIIN create_CSR_for_K getting list of distrs took      0.44 usr cpu s       0.02 sys cpu s       0.47 wall s
ININ list of neighbors complete.
TIIN create_CSR_for_K getting list of neighbors took      0.00 usr cpu s       0.00 sys cpu s       0.00 wall s
TIIN create_CSR_for_K sort each list of neighbors took      0.06 usr cpu s       0.00 sys cpu s       0.06 wall s
ININ 8 threads started OK.
TIIN identify_needed_elements() took    696.87 usr cpu s       0.44 sys cpu s      90.08 wall s
ININ computing nnz..
ININ create_CSR_for_K: predicted nnz =        58653, <->  50.15% of a full matrix
TIIN create_CSR_for_K last part took      0.00 usr cpu s       0.00 sys cpu s       0.00 wall s
TIIN create_CSR_for_K total took    697.39 usr cpu s       0.47 sys cpu s      90.62 wall s
ININ entering compute_K_by_boxes, no of basis funcs =   342, threshold_K =   1e-16, exchange_box_size =   5.00
ININ create_box_system end OK, toplevelBoxSize:   7.0, #levels:  3, #boxes at top level:      6
ININ create_box_system end OK, toplevelBoxSize:   7.0, #levels:  3, #boxes at top level:      6
ININ create_box_system end OK, toplevelBoxSize:   7.0, #levels:  3, #boxes at top level:      6
TIIN Compute extent for all distrs took      0.52 usr cpu s       0.00 sys cpu s       0.52 wall s
ININ Creating list of distributions done, distrCountTot =    387451
TIIN Creating list of distributions took      0.80 usr cpu s       0.02 sys cpu s       0.82 wall s
ININ create_box_system end OK, toplevelBoxSize:   5.0, #levels:  3, #boxes at top level:     10
ININ create_box_system end OK, toplevelBoxSize:   2.5, #levels:  4, #boxes at top level:     16
ININ noOfLevelsBasisFuncs = 4, noOfLevelsDiff = 1
TIIN Creating boxes etc took      0.04 usr cpu s       0.00 sys cpu s       0.04 wall s
TIIN getting multipoleNormVectorList took      0.79 usr cpu s       0.00 sys cpu s       0.79 wall s
TIIN K organize_distributions for all boxes took      2.19 usr cpu s       0.01 sys cpu s       2.21 wall s
ININ starting loop to setup basisFuncGroupInfoList, with added index checks.
TIIN GetLimitsAllLevels took      0.33 usr cpu s       0.00 sys cpu s       0.33 wall s
ININ getDmatLimitMatrixCSRList start.
TIIN getting densityMatrixLimitMatrixList took      0.02 usr cpu s       0.00 sys cpu s       0.02 wall s
ININ job list for K created,       55 jobs
TIIN creating job list for K took      0.00 usr cpu s       0.00 sys cpu s       0.00 wall s
ININ execute_joblist_K_threaded, noOfThreads =  8, basisFuncListCount_max =   333
ININ 8 threads started OK.
ININ all 8 threads have finished, took       38 wall s.
TIIN Executing job list for K took    182.69 usr cpu s       0.08 sys cpu s      37.91 wall s
TIIN compute_K_by_boxes took    186.87 usr cpu s       0.12 sys cpu s      42.12 wall s
TI   compute_K_by_boxes_sparse total took    884.29 usr cpu s       0.60 sys cpu s     132.78 wall s
INSC About to truncate FockMatrix, gap of Fprev >=          0.38032098818
TISC symmMatrix::mixed_diff for F vs Fprev maxEigValMovement_mixed took      0.00 usr cpu s       0.00 sys cpu s       0.00 wall s
TISC symmMatrix::eucl_diff for maxEigValMovement_eucl  took      0.06 usr cpu s       0.22 sys cpu s       0.05 wall s
INSC maxEigValMovement_frob  =          0.17135749035
INSC maxEigValMovement_mixed =          0.14915273840
INSC maxEigValMovement_eucl  =          0.08130376994
TISC FockMatrix.eucl_thresh() (with Z) took      0.15 usr cpu s       0.48 sys cpu s       0.11 wall s
INSC Truncated FockMatrix (eucl with Z), selected threshold = 2.17713e-08, returned error =          0, nnz before = 100.0000 %, nnz after = 100.0000 %
INSC Matrix 'S' ( symm ): n =    342, nnz =       116964 <-> 100.00 %, mem usage  0.0005 G
INSC Matrix 'F' ( symm ): n =    342, nnz =       116964 <-> 100.00 %, mem usage  0.0005 G
INSC Matrix 'D' ( symm ): n =    342, nnz =       116964 <-> 100.00 %, mem usage  0.0005 G
INSC nuclearEnergy, energy_2el, energy = 782.160484, 1007.388587, -645.111648
INSC Energy   2 =       -645.11164849338
INSC calling compute_FDSminusSDF_sparse, n = 342
INDE compute_FDSminusSDF_sparse() start.
TIDE FileWritable::writeAndReadAll took      0.00 usr cpu s       0.00 sys cpu s       0.00 wall s
INDE writeAndReadAll: '0 MB (1 MatrixGeneral, 0 > 1 MB) + 0 MB (9 MatrixSymmetric, 0 > 1 MB) = 0 MB (10 total, 0 > 1 MB)
TISC compute_FDSminusSDF_sparse, F*D mult took      0.04 usr cpu s       0.07 sys cpu s       0.01 wall s
INSC Matrix 'FD before eucl truncation' (normal): n =    342, nnz =       116964 <-> 100.00 %, mem usage  0.0009 G
INSC Matrix 'FD after  eucl truncation' (normal): n =    342, nnz =       116964 <-> 100.00 %, mem usage  0.0009 G
INSC Matrix 'FDS before eucl truncation' (normal): n =    342, nnz =       116964 <-> 100.00 %, mem usage  0.0009 G
INSC Matrix 'FDS after  eucl truncation' (normal): n =    342, nnz =       116964 <-> 100.00 %, mem usage  0.0009 G
INSC compute_FDSminusSDF_sparse ending OK.
TISC compute_FDSminusSDF_sparse took      0.10 usr cpu s       0.27 sys cpu s       0.05 wall s
INSC Matrix 'FDS-SDF' (normal): n =    342, nnz =       116964 <-> 100.00 %, mem usage  0.0009 G
INSC SCF_restricted::get_FDSminusSDF finished.
TISC get_FDSminusSDF took      0.10 usr cpu s       0.27 sys cpu s       0.05 wall s
INSC maxabs FDS-SDF is  0.00605
INSC frob   FDS-SDF is   0.0967
TISC get_error_measure took      0.01 usr cpu s       0.00 sys cpu s       0.00 wall s
INSC entering DIISManagerRestricted::AddIterationToList, IterCount =  1
INSC DIISManagerRestricted::AddIterationToList ending OK.
TISC DIISManagerRestricted::AddIterationToList took      0.00 usr cpu s       0.01 sys cpu s       0.00 wall s
INSC using DIIS to get combined Fock matrix, number of iters used for DIIS:  2
TISC clear_error_matrices took      0.00 usr cpu s       0.00 sys cpu s       0.00 wall s
TISC save_current_fock_as_fprev took      0.00 usr cpu s       0.00 sys cpu s       0.00 wall s
INDE get_dens_from_fock_general, n = 342, use_diagonalization = 0, use_diag_on_error = 1
INDE Before writeAndReadAll(): AllocatorManager statistics:  noOfRealsPerBuffer: 1024 noOfBuffers: 20000 list.size(): 1. Allocated: 0.164 GB, Used: 0.00795 GB, Peak alloc: 0.164 GB.
TIDE FileWritable::writeAndReadAll took      0.00 usr cpu s       0.00 sys cpu s       0.00 wall s
INDE writeAndReadAll sizesStr: '0 MB (1 MatrixGeneral, 0 > 1 MB) + 0 MB (7 MatrixSymmetric, 0 > 1 MB) = 0 MB (8 total, 0 > 1 MB)
INDE After writeAndReadAll(): AllocatorManager statistics:  noOfRealsPerBuffer: 1024 noOfBuffers: 20000 list.size(): 1. Allocated: 0.164 GB, Used: 0.00795 GB, Peak alloc: 0.164 GB.
INDE calling get_dens_from_fock_sparse, n =    342, subspaceErrorLimit = 1e-06
INDE get_dens_from_fock_sparse() start!
INDE After F.readFromFile(): AllocatorManager statistics:  noOfRealsPerBuffer: 1024 noOfBuffers: 20000 list.size(): 1. Allocated: 0.164 GB, Used: 0.00795 GB, Peak alloc: 0.164 GB.
INDE After creating wrapper MatrixType F_w(F): AllocatorManager statistics:  noOfRealsPerBuffer: 1024 noOfBuffers: 20000 list.size(): 1. Allocated: 0.164 GB, Used: 0.0084 GB, Peak alloc: 0.164 GB.
TIDE  F_w to orthogonal basis took      0.02 usr cpu s       0.04 sys cpu s       0.01 wall s
TIDE MatrixType::mixed_diff for maxEigValMovement_mixed took      0.00 usr cpu s       0.02 sys cpu s       0.00 wall s
TIDE symmMatrixWrap::eucl_diff for maxEigValMovement_eucl  took      0.14 usr cpu s       0.63 sys cpu s       0.10 wall s
INDE maxEigValMovement_frob  =          0.08695006758
INDE maxEigValMovement_mixed =          0.05557944267
INDE maxEigValMovement_eucl  =          0.01276706356
INDE lumo before truncation: [ 0.022324142710 , 0.075983029234 ]
INDE homo before truncation: [ -0.394414036074 , -0.332462718354 ]
INDE Truncate matrix F and update intervals for homo and lumo.
INDE Truncating F_ort ( mixed ), selected threshold = 3.54787e-08
INDE Truncated F_ort ( mixed ), selected threshold = 3.54787e-08, returned error =          0, nnz before = 100.0000 %, nnz after = 100.0000 %
TIDE Truncation of F_ort took      0.00 usr cpu s       0.00 sys cpu s       0.00 wall s
INDE Chosen Ergo Wrapper
INDE Creating purification object: N = 342 , nocc = 47 , NNZ = 116964  <-> 100.00000 %
INDE Chosen norm for the truncation: 
INDE mixed
INDE Chosen norm for the stopping criterion: 
INDE mixed
INDE Chosen the NEW stopping criterion.
INDE Allowed error in subspace 7.000000e-07
INDE Chosen SP2 purification method
INDE calling Puri->PurificationStart(), number of threads = 1, trunc norm 'mixed'
TIDE gershgorin took      0.00 usr cpu s       0.01 sys cpu s       0.00 wall s
INDE Gershgorin bounds: [ -59.817087022653 , 100.441408755130 ]
INDE EXPANDED Gershgorin bounds: [ -59.817087037554 , 100.441408770032 ]
INDE Trying to impove bounds using Lanczos algorithm...
TIDE compute_spectrum_bounds took      0.07 usr cpu s       0.41 sys cpu s       0.08 wall s
INDE Spectrum of F: 	 [ -20.619210924619 , 51.717613944737 ]
INDE Transform homo and lumo bounds...
INDE HOMO bounds of X: 	 [ 0.719551580500 , 0.720408008990 ]
INDE LUMO bounds of X: 	 [ 0.713905137650 , 0.714646929768 ]
INDE INIT LUMO: [ 0.713905137650 , 0.714646929768 ]
INDE INIT HOMO: [ 0.279591991010 , 0.280448419500 ]
INDE ESTIMATED NUMBER OF ITERATIONS IS 35
INDE Put eigenvalues of F to the interval [0,1] in reverse order.
TIDE compute_X() took      0.00 usr cpu s       0.00 sys cpu s       0.00 wall s
TIDE prepare_to_purification() took      0.07 usr cpu s       0.41 sys cpu s       0.08 wall s
INDE (EIGV,PARAMS) Requested 0 occipied eigenpair(s).
INDE (EIGV,PARAMS) Requested 0 unoccipied eigenpair(s).
TIDE prepare_to_purification_eigenvectors() took      0.00 usr cpu s       0.00 sys cpu s       0.00 wall s
INDE Starting recursive expansion
INDE     BEFORE ITERATIONS:
TIDE truncate_matrix took      0.00 usr cpu s       0.00 sys cpu s       0.00 wall s
INDE Actual introduced error   0.000000e+00 : nnz before  116964 <-> 100.00 % , nnz after  116964 <-> 100.00 %
TIDE square took      0.01 usr cpu s       0.04 sys cpu s       0.01 wall s
INDE NNZ Xsq = 116964 <-> 100.00 %
TIDE Frobenius norm of X-X^2 took      0.00 usr cpu s       0.00 sys cpu s       0.00 wall s
TIDE Mixed norm of X-X^2 took      0.01 usr cpu s       0.02 sys cpu s       0.00 wall s
TIDE Trace of X-X^2 took      0.00 usr cpu s       0.00 sys cpu s       0.00 wall s
INDE ||X-X^2||_F = 3.851648e+00 , ||X-X^2||_mixed = 1.285963e+00
INDE trace(X-X^2) = 7.012247e+01
INDE trace(X) = 2.342635e+02
TIDE Iteration 0 took      0.02 usr cpu s       0.06 sys cpu s       0.01 wall s
TIDE FileWritable::writeAndReadAll took      0.00 usr cpu s       0.00 sys cpu s       0.00 wall s
INDE writeAndReadAll sizesStr: '0 MB (1 MatrixGeneral, 0 > 1 MB) + 0 MB (13 MatrixSymmetric, 0 > 1 MB) + 0 MB (2 VectorGeneral, 0 > 1 MB) = 0 MB (16 total, 0 > 1 MB)
INDE     ITERATION 1 :
TIDE purify_X took      0.00 usr cpu s       0.00 sys cpu s       0.00 wall s
TIDE truncate_matrix took      0.00 usr cpu s       0.00 sys cpu s       0.00 wall s
INDE Actual introduced error   0.000000e+00 : nnz before  116964 <-> 100.00 % , nnz after  116964 <-> 100.00 %
TIDE square took      0.03 usr cpu s       0.02 sys cpu s       0.01 wall s
INDE NNZ Xsq = 116964 <-> 100.00 %
TIDE Frobenius norm of X-X^2 took      0.00 usr cpu s       0.00 sys cpu s       0.00 wall s
TIDE Mixed norm of X-X^2 took      0.00 usr cpu s       0.02 sys cpu s       0.00 wall s
TIDE Trace of X-X^2 took      0.00 usr cpu s       0.00 sys cpu s       0.00 wall s
INDE ||X-X^2||_F = 4.467961e+00 , ||X-X^2||_mixed = 1.460712e+00
INDE trace(X-X^2) = 8.127637e+01
INDE trace(X) = 1.641410e+02
TIDE Iteration 1 took      0.04 usr cpu s       0.04 sys cpu s       0.01 wall s
INDE     ITERATION 2 :
TIDE purify_X took      0.00 usr cpu s       0.00 sys cpu s       0.00 wall s
TIDE truncate_matrix took      0.00 usr cpu s       0.00 sys cpu s       0.00 wall s
INDE Actual introduced error   0.000000e+00 : nnz before  116964 <-> 100.00 % , nnz after  116964 <-> 100.00 %
TIDE square took      0.01 usr cpu s       0.04 sys cpu s       0.01 wall s
INDE NNZ Xsq = 116964 <-> 100.00 %
TIDE Frobenius norm of X-X^2 took      0.00 usr cpu s       0.00 sys cpu s       0.00 wall s
TIDE Mixed norm of X-X^2 took      0.00 usr cpu s       0.02 sys cpu s       0.00 wall s
TIDE Trace of X-X^2 took      0.00 usr cpu s       0.00 sys cpu s       0.00 wall s
INDE ||X-X^2||_F = 3.255337e+00 , ||X-X^2||_mixed = 1.135828e+00
INDE trace(X-X^2) = 5.850146e+01
INDE trace(X) = 8.286461e+01
INDE Checking stopping criterion...   
INDE Order of convergence cannot be computed
TIDE stopping_criterion took      0.00 usr cpu s       0.00 sys cpu s       0.00 wall s
TIDE Iteration 2 took      0.02 usr cpu s       0.06 sys cpu s       0.01 wall s
INDE     ITERATION 3 :
TIDE purify_X took      0.00 usr cpu s       0.00 sys cpu s       0.00 wall s
TIDE truncate_matrix took      0.00 usr cpu s       0.00 sys cpu s       0.00 wall s
INDE Actual introduced error   0.000000e+00 : nnz before  116964 <-> 100.00 % , nnz after  116964 <-> 100.00 %
TIDE square took      0.01 usr cpu s       0.04 sys cpu s       0.01 wall s
INDE NNZ Xsq = 116964 <-> 100.00 %
TIDE Frobenius norm of X-X^2 took      0.00 usr cpu s       0.00 sys cpu s       0.00 wall s
TIDE Mixed norm of X-X^2 took      0.00 usr cpu s       0.02 sys cpu s       0.00 wall s
TIDE Trace of X-X^2 took      0.00 usr cpu s       0.00 sys cpu s       0.00 wall s
INDE ||X-X^2||_F = 4.290674e+00 , ||X-X^2||_mixed = 1.444795e+00
INDE trace(X-X^2) = 7.742126e+01
INDE trace(X) = 1.413661e+02
INDE Checking stopping criterion...   
INDE Order of convergence cannot be computed
TIDE stopping_criterion took      0.00 usr cpu s       0.00 sys cpu s       0.00 wall s
TIDE Iteration 3 took      0.02 usr cpu s       0.06 sys cpu s       0.01 wall s
INDE     ITERATION 4 :
TIDE purify_X took      0.00 usr cpu s       0.00 sys cpu s       0.00 wall s
TIDE truncate_matrix took      0.00 usr cpu s       0.00 sys cpu s       0.00 wall s
INDE Actual introduced error   0.000000e+00 : nnz before  116964 <-> 100.00 % , nnz after  116964 <-> 100.00 %
TIDE square took      0.02 usr cpu s       0.03 sys cpu s       0.01 wall s
INDE NNZ Xsq = 116964 <-> 100.00 %
TIDE Frobenius norm of X-X^2 took      0.00 usr cpu s       0.00 sys cpu s       0.00 wall s
TIDE Mixed norm of X-X^2 took      0.01 usr cpu s       0.02 sys cpu s       0.00 wall s
TIDE Trace of X-X^2 took      0.00 usr cpu s       0.00 sys cpu s       0.00 wall s
INDE ||X-X^2||_F = 4.002603e+00 , ||X-X^2||_mixed = 1.405808e+00
INDE trace(X-X^2) = 7.176650e+01
INDE trace(X) = 2.187873e+02
INDE Checking stopping criterion...   
INDE Order of convergence cannot be computed
TIDE stopping_criterion took      0.00 usr cpu s       0.00 sys cpu s       0.00 wall s
TIDE Iteration 4 took      0.03 usr cpu s       0.05 sys cpu s       0.01 wall s
INDE     ITERATION 5 :
TIDE purify_X took      0.00 usr cpu s       0.00 sys cpu s       0.00 wall s
TIDE truncate_matrix took      0.00 usr cpu s       0.00 sys cpu s       0.00 wall s
INDE Actual introduced error   0.000000e+00 : nnz before  116964 <-> 100.00 % , nnz after  116964 <-> 100.00 %
TIDE square took      0.02 usr cpu s       0.04 sys cpu s       0.01 wall s
INDE NNZ Xsq = 116964 <-> 100.00 %
TIDE Frobenius norm of X-X^2 took      0.00 usr cpu s       0.00 sys cpu s       0.00 wall s
TIDE Mixed norm of X-X^2 took      0.00 usr cpu s       0.02 sys cpu s       0.00 wall s
TIDE Trace of X-X^2 took      0.00 usr cpu s       0.00 sys cpu s       0.00 wall s
INDE ||X-X^2||_F = 4.269230e+00 , ||X-X^2||_mixed = 1.493316e+00
INDE trace(X-X^2) = 7.626714e+01
INDE trace(X) = 1.470208e+02
INDE Checking stopping criterion...   
INDE Order of convergence cannot be computed
TIDE stopping_criterion took      0.00 usr cpu s       0.00 sys cpu s       0.00 wall s
TIDE Iteration 5 took      0.03 usr cpu s       0.06 sys cpu s       0.01 wall s
INDE     ITERATION 6 :
TIDE purify_X took      0.00 usr cpu s       0.00 sys cpu s       0.00 wall s
TIDE truncate_matrix took      0.00 usr cpu s       0.00 sys cpu s       0.00 wall s
INDE Actual introduced error   0.000000e+00 : nnz before  116964 <-> 100.00 % , nnz after  116964 <-> 100.00 %
TIDE square took      0.03 usr cpu s       0.02 sys cpu s       0.01 wall s
INDE NNZ Xsq = 116964 <-> 100.00 %
TIDE Frobenius norm of X-X^2 took      0.00 usr cpu s       0.00 sys cpu s       0.00 wall s
TIDE Mixed norm of X-X^2 took      0.00 usr cpu s       0.02 sys cpu s       0.00 wall s
TIDE Trace of X-X^2 took      0.00 usr cpu s       0.00 sys cpu s       0.00 wall s
INDE ||X-X^2||_F = 2.735722e+00 , ||X-X^2||_mixed = 1.097320e+00
INDE trace(X-X^2) = 4.782229e+01
INDE trace(X) = 7.075368e+01
INDE Checking stopping criterion...   
INDE Order of convergence cannot be computed
TIDE stopping_criterion took      0.00 usr cpu s       0.00 sys cpu s       0.00 wall s
TIDE Iteration 6 took      0.04 usr cpu s       0.04 sys cpu s       0.01 wall s
INDE     ITERATION 7 :
TIDE purify_X took      0.00 usr cpu s       0.00 sys cpu s       0.00 wall s
TIDE truncate_matrix took      0.00 usr cpu s       0.00 sys cpu s       0.00 wall s
INDE Actual introduced error   0.000000e+00 : nnz before  116964 <-> 100.00 % , nnz after  116964 <-> 100.00 %
TIDE square took      0.01 usr cpu s       0.04 sys cpu s       0.01 wall s
INDE NNZ Xsq = 116964 <-> 100.00 %
TIDE Frobenius norm of X-X^2 took      0.00 usr cpu s       0.00 sys cpu s       0.00 wall s
TIDE Mixed norm of X-X^2 took      0.00 usr cpu s       0.02 sys cpu s       0.00 wall s
TIDE Trace of X-X^2 took      0.00 usr cpu s       0.00 sys cpu s       0.00 wall s
INDE ||X-X^2||_F = 3.851943e+00 , ||X-X^2||_mixed = 1.464689e+00
INDE trace(X-X^2) = 6.766072e+01
INDE trace(X) = 1.185760e+02
INDE Checking stopping criterion...   
INDE Order of convergence cannot be computed
TIDE stopping_criterion took      0.00 usr cpu s       0.00 sys cpu s       0.00 wall s
TIDE Iteration 7 took      0.02 usr cpu s       0.06 sys cpu s       0.01 wall s
INDE     ITERATION 8 :
TIDE purify_X took      0.00 usr cpu s       0.00 sys cpu s       0.00 wall s
TIDE truncate_matrix took      0.00 usr cpu s       0.00 sys cpu s       0.00 wall s
INDE Actual introduced error   0.000000e+00 : nnz before  116964 <-> 100.00 % , nnz after  116964 <-> 100.00 %
TIDE square took      0.01 usr cpu s       0.05 sys cpu s       0.01 wall s
INDE NNZ Xsq = 116964 <-> 100.00 %
TIDE Frobenius norm of X-X^2 took      0.00 usr cpu s       0.00 sys cpu s       0.00 wall s
TIDE Mixed norm of X-X^2 took      0.01 usr cpu s       0.01 sys cpu s       0.00 wall s
TIDE Trace of X-X^2 took      0.00 usr cpu s       0.00 sys cpu s       0.00 wall s
INDE ||X-X^2||_F = 4.119824e+00 , ||X-X^2||_mixed = 1.498012e+00
INDE trace(X-X^2) = 7.298711e+01
INDE trace(X) = 1.862367e+02
INDE Checking stopping criterion...   
INDE Order of convergence cannot be computed
TIDE stopping_criterion took      0.00 usr cpu s       0.00 sys cpu s       0.00 wall s
TIDE Iteration 8 took      0.02 usr cpu s       0.06 sys cpu s       0.01 wall s
INDE     ITERATION 9 :
TIDE purify_X took      0.00 usr cpu s       0.00 sys cpu s       0.00 wall s
TIDE truncate_matrix took      0.00 usr cpu s       0.00 sys cpu s       0.00 wall s
INDE Actual introduced error   0.000000e+00 : nnz before  116964 <-> 100.00 % , nnz after  116964 <-> 100.00 %
TIDE square took      0.03 usr cpu s       0.06 sys cpu s       0.01 wall s
INDE NNZ Xsq = 116964 <-> 100.00 %
TIDE Frobenius norm of X-X^2 took      0.00 usr cpu s       0.00 sys cpu s       0.00 wall s
TIDE Mixed norm of X-X^2 took      0.00 usr cpu s       0.02 sys cpu s       0.00 wall s
TIDE Trace of X-X^2 took      0.00 usr cpu s       0.00 sys cpu s       0.00 wall s
INDE ||X-X^2||_F = 3.667264e+00 , ||X-X^2||_mixed = 1.505194e+00
INDE trace(X-X^2) = 6.287430e+01
INDE trace(X) = 1.132496e+02
INDE Checking stopping criterion...   
INDE Order of convergence cannot be computed
TIDE stopping_criterion took      0.00 usr cpu s       0.00 sys cpu s       0.00 wall s
TIDE Iteration 9 took      0.03 usr cpu s       0.08 sys cpu s       0.02 wall s
INDE     ITERATION 10 :
TIDE purify_X took      0.00 usr cpu s       0.00 sys cpu s       0.00 wall s
TIDE truncate_matrix took      0.00 usr cpu s       0.00 sys cpu s       0.00 wall s
INDE Actual introduced error   0.000000e+00 : nnz before  116964 <-> 100.00 % , nnz after  116964 <-> 100.00 %
TIDE square took      0.01 usr cpu s       0.04 sys cpu s       0.01 wall s
INDE NNZ Xsq = 116964 <-> 100.00 %
TIDE Frobenius norm of X-X^2 took      0.00 usr cpu s       0.00 sys cpu s       0.00 wall s
TIDE Mixed norm of X-X^2 took      0.00 usr cpu s       0.02 sys cpu s       0.00 wall s
TIDE Trace of X-X^2 took      0.00 usr cpu s       0.00 sys cpu s       0.00 wall s
INDE ||X-X^2||_F = 3.887460e+00 , ||X-X^2||_mixed = 1.520128e+00
INDE trace(X-X^2) = 6.811040e+01
INDE trace(X) = 1.761239e+02
INDE Checking stopping criterion...   
INDE Order of convergence cannot be computed
TIDE stopping_criterion took      0.00 usr cpu s       0.00 sys cpu s       0.00 wall s
TIDE Iteration 10 took      0.02 usr cpu s       0.06 sys cpu s       0.01 wall s
INDE     ITERATION 11 :
TIDE purify_X took      0.00 usr cpu s       0.00 sys cpu s       0.00 wall s
TIDE truncate_matrix took      0.00 usr cpu s       0.00 sys cpu s       0.00 wall s
INDE Actual introduced error   0.000000e+00 : nnz before  116964 <-> 100.00 % , nnz after  116964 <-> 100.00 %
TIDE square took      0.02 usr cpu s       0.04 sys cpu s       0.01 wall s
INDE NNZ Xsq = 116964 <-> 100.00 %
TIDE Frobenius norm of X-X^2 took      0.00 usr cpu s       0.00 sys cpu s       0.00 wall s
TIDE Mixed norm of X-X^2 took      0.00 usr cpu s       0.02 sys cpu s       0.00 wall s
TIDE Trace of X-X^2 took      0.00 usr cpu s       0.00 sys cpu s       0.00 wall s
INDE ||X-X^2||_F = 3.438012e+00 , ||X-X^2||_mixed = 1.550608e+00
INDE trace(X-X^2) = 5.638677e+01
INDE trace(X) = 1.080135e+02
INDE Checking stopping criterion...   
INDE Order of convergence cannot be computed
TIDE stopping_criterion took      0.00 usr cpu s       0.00 sys cpu s       0.00 wall s
TIDE Iteration 11 took      0.03 usr cpu s       0.06 sys cpu s       0.01 wall s
INDE     ITERATION 12 :
TIDE purify_X took      0.00 usr cpu s       0.00 sys cpu s       0.00 wall s
TIDE truncate_matrix took      0.00 usr cpu s       0.00 sys cpu s       0.00 wall s
INDE Actual introduced error   0.000000e+00 : nnz before  116964 <-> 100.00 % , nnz after  116964 <-> 100.00 %
TIDE square took      0.02 usr cpu s       0.04 sys cpu s       0.01 wall s
INDE NNZ Xsq = 116964 <-> 100.00 %
TIDE Frobenius norm of X-X^2 took      0.00 usr cpu s       0.00 sys cpu s       0.00 wall s
TIDE Mixed norm of X-X^2 took      0.01 usr cpu s       0.01 sys cpu s       0.00 wall s
TIDE Trace of X-X^2 took      0.00 usr cpu s       0.00 sys cpu s       0.00 wall s
INDE ||X-X^2||_F = 2.137965e+00 , ||X-X^2||_mixed = 1.205386e+00
INDE trace(X-X^2) = 2.964714e+01
INDE trace(X) = 5.162671e+01
INDE Checking stopping criterion...   
INDE Order of convergence cannot be computed
TIDE stopping_criterion took      0.00 usr cpu s       0.00 sys cpu s       0.00 wall s
TIDE Iteration 12 took      0.03 usr cpu s       0.05 sys cpu s       0.01 wall s
INDE     ITERATION 13 :
TIDE purify_X took      0.00 usr cpu s       0.00 sys cpu s       0.00 wall s
TIDE truncate_matrix took      0.00 usr cpu s       0.00 sys cpu s       0.00 wall s
INDE Actual introduced error   0.000000e+00 : nnz before  116964 <-> 100.00 % , nnz after  116964 <-> 100.00 %
TIDE square took      0.01 usr cpu s       0.05 sys cpu s       0.01 wall s
INDE NNZ Xsq = 116964 <-> 100.00 %
TIDE Frobenius norm of X-X^2 took      0.00 usr cpu s       0.00 sys cpu s       0.00 wall s
TIDE Mixed norm of X-X^2 took      0.00 usr cpu s       0.02 sys cpu s       0.00 wall s
TIDE Trace of X-X^2 took      0.00 usr cpu s       0.00 sys cpu s       0.00 wall s
INDE ||X-X^2||_F = 2.859689e+00 , ||X-X^2||_mixed = 1.477540e+00
INDE trace(X-X^2) = 4.209665e+01
INDE trace(X) = 8.127385e+01
INDE Checking stopping criterion...   
INDE Order of convergence cannot be computed
TIDE stopping_criterion took      0.00 usr cpu s       0.00 sys cpu s       0.00 wall s
TIDE Iteration 13 took      0.02 usr cpu s       0.07 sys cpu s       0.01 wall s
INDE     ITERATION 14 :
TIDE purify_X took      0.00 usr cpu s       0.00 sys cpu s       0.00 wall s
TIDE truncate_matrix took      0.00 usr cpu s       0.00 sys cpu s       0.00 wall s
INDE Actual introduced error   0.000000e+00 : nnz before  116964 <-> 100.00 % , nnz after  116964 <-> 100.00 %
TIDE square took      0.02 usr cpu s       0.04 sys cpu s       0.01 wall s
INDE NNZ Xsq = 116964 <-> 100.00 %
TIDE Frobenius norm of X-X^2 took      0.00 usr cpu s       0.00 sys cpu s       0.00 wall s
TIDE Mixed norm of X-X^2 took      0.00 usr cpu s       0.02 sys cpu s       0.00 wall s
TIDE Trace of X-X^2 took      0.00 usr cpu s       0.00 sys cpu s       0.00 wall s
INDE ||X-X^2||_F = 3.137701e+00 , ||X-X^2||_mixed = 1.633479e+00
INDE trace(X-X^2) = 4.811569e+01
INDE trace(X) = 1.233705e+02
INDE Checking stopping criterion...   
INDE Order of convergence cannot be computed
TIDE stopping_criterion took      0.00 usr cpu s       0.00 sys cpu s       0.00 wall s
TIDE Iteration 14 took      0.02 usr cpu s       0.06 sys cpu s       0.01 wall s
INDE     ITERATION 15 :
TIDE purify_X took      0.00 usr cpu s       0.00 sys cpu s       0.00 wall s
TIDE truncate_matrix took      0.00 usr cpu s       0.00 sys cpu s       0.00 wall s
INDE Actual introduced error   0.000000e+00 : nnz before  116964 <-> 100.00 % , nnz after  116964 <-> 100.00 %
TIDE square took      0.02 usr cpu s       0.04 sys cpu s       0.01 wall s
INDE NNZ Xsq = 116964 <-> 100.00 %
TIDE Frobenius norm of X-X^2 took      0.00 usr cpu s       0.00 sys cpu s       0.00 wall s
TIDE Mixed norm of X-X^2 took      0.00 usr cpu s       0.02 sys cpu s       0.00 wall s
TIDE Trace of X-X^2 took      0.00 usr cpu s       0.00 sys cpu s       0.00 wall s
INDE ||X-X^2||_F = 2.542291e+00 , ||X-X^2||_mixed = 1.429645e+00
INDE trace(X-X^2) = 3.395104e+01
INDE trace(X) = 7.525481e+01
INDE Checking stopping criterion...   
INDE Order of convergence cannot be computed
TIDE stopping_criterion took      0.00 usr cpu s       0.00 sys cpu s       0.00 wall s
TIDE Iteration 15 took      0.02 usr cpu s       0.06 sys cpu s       0.01 wall s
INDE     ITERATION 16 :
TIDE purify_X took      0.00 usr cpu s       0.00 sys cpu s       0.00 wall s
TIDE truncate_matrix took      0.00 usr cpu s       0.00 sys cpu s       0.00 wall s
INDE Actual introduced error   0.000000e+00 : nnz before  116964 <-> 100.00 % , nnz after  116964 <-> 100.00 %
TIDE square took      0.01 usr cpu s       0.04 sys cpu s       0.01 wall s
INDE NNZ Xsq = 116964 <-> 100.00 %
TIDE Frobenius norm of X-X^2 took      0.00 usr cpu s       0.00 sys cpu s       0.00 wall s
TIDE Mixed norm of X-X^2 took      0.00 usr cpu s       0.02 sys cpu s       0.00 wall s
TIDE Trace of X-X^2 took      0.00 usr cpu s       0.00 sys cpu s       0.00 wall s
INDE ||X-X^2||_F = 2.741886e+00 , ||X-X^2||_mixed = 1.620190e+00
INDE trace(X-X^2) = 3.726953e+01
INDE trace(X) = 1.092059e+02
INDE Checking stopping criterion...   
INDE Order of convergence cannot be computed
TIDE stopping_criterion took      0.00 usr cpu s       0.00 sys cpu s       0.00 wall s
TIDE Iteration 16 took      0.02 usr cpu s       0.06 sys cpu s       0.01 wall s
INDE     ITERATION 17 :
TIDE purify_X took      0.00 usr cpu s       0.00 sys cpu s       0.00 wall s
TIDE truncate_matrix took      0.00 usr cpu s       0.00 sys cpu s       0.00 wall s
INDE Actual introduced error   0.000000e+00 : nnz before  116964 <-> 100.00 % , nnz after  116964 <-> 100.00 %
TIDE square took      0.01 usr cpu s       0.04 sys cpu s       0.01 wall s
INDE NNZ Xsq = 116964 <-> 100.00 %
TIDE Frobenius norm of X-X^2 took      0.00 usr cpu s       0.00 sys cpu s       0.00 wall s
TIDE Mixed norm of X-X^2 took      0.01 usr cpu s       0.01 sys cpu s       0.00 wall s
TIDE Trace of X-X^2 took      0.00 usr cpu s       0.00 sys cpu s       0.00 wall s
INDE ||X-X^2||_F = 2.202256e+00 , ||X-X^2||_mixed = 1.351375e+00
INDE trace(X-X^2) = 2.641523e+01
INDE trace(X) = 7.193633e+01
INDE Checking stopping criterion...   
INDE Order of convergence cannot be computed
TIDE stopping_criterion took      0.00 usr cpu s       0.00 sys cpu s       0.00 wall s
TIDE Iteration 17 took      0.02 usr cpu s       0.06 sys cpu s       0.01 wall s
INDE     ITERATION 18 :
TIDE purify_X took      0.00 usr cpu s       0.00 sys cpu s       0.00 wall s
TIDE truncate_matrix took      0.00 usr cpu s       0.00 sys cpu s       0.00 wall s
INDE Actual introduced error   0.000000e+00 : nnz before  116964 <-> 100.00 % , nnz after  116964 <-> 100.00 %
TIDE square took      0.02 usr cpu s       0.03 sys cpu s       0.01 wall s
INDE NNZ Xsq = 116964 <-> 100.00 %
TIDE Frobenius norm of X-X^2 took      0.00 usr cpu s       0.00 sys cpu s       0.00 wall s
TIDE Mixed norm of X-X^2 took      0.01 usr cpu s       0.01 sys cpu s       0.00 wall s
TIDE Trace of X-X^2 took      0.00 usr cpu s       0.00 sys cpu s       0.00 wall s
INDE ||X-X^2||_F = 1.507433e+00 , ||X-X^2||_mixed = 1.050089e+00
INDE trace(X-X^2) = 1.472823e+01
INDE trace(X) = 4.552110e+01
INDE Checking stopping criterion...   
INDE Order of convergence cannot be computed
TIDE stopping_criterion took      0.00 usr cpu s       0.00 sys cpu s       0.00 wall s
TIDE Iteration 18 took      0.03 usr cpu s       0.05 sys cpu s       0.01 wall s
INDE     ITERATION 19 :
TIDE purify_X took      0.00 usr cpu s       0.00 sys cpu s       0.00 wall s
TIDE truncate_matrix took      0.00 usr cpu s       0.00 sys cpu s       0.00 wall s
INDE Actual introduced error   0.000000e+00 : nnz before  116964 <-> 100.00 % , nnz after  116964 <-> 100.00 %
TIDE square took      0.01 usr cpu s       0.05 sys cpu s       0.01 wall s
INDE NNZ Xsq = 116964 <-> 100.00 %
TIDE Frobenius norm of X-X^2 took      0.00 usr cpu s       0.00 sys cpu s       0.00 wall s
TIDE Mixed norm of X-X^2 took      0.00 usr cpu s       0.02 sys cpu s       0.00 wall s
TIDE Trace of X-X^2 took      0.00 usr cpu s       0.00 sys cpu s       0.00 wall s
INDE ||X-X^2||_F = 1.614541e+00 , ||X-X^2||_mixed = 1.082629e+00
INDE trace(X-X^2) = 1.676452e+01
INDE trace(X) = 6.024933e+01
INDE Checking stopping criterion...   
INDE Order of convergence cannot be computed
TIDE stopping_criterion took      0.00 usr cpu s       0.00 sys cpu s       0.00 wall s
TIDE Iteration 19 took      0.02 usr cpu s       0.08 sys cpu s       0.01 wall s
INDE     ITERATION 20 :
TIDE purify_X took      0.00 usr cpu s       0.00 sys cpu s       0.00 wall s
TIDE truncate_matrix took      0.00 usr cpu s       0.00 sys cpu s       0.00 wall s
INDE Actual introduced error   0.000000e+00 : nnz before  116964 <-> 100.00 % , nnz after  116964 <-> 100.00 %
TIDE square took      0.02 usr cpu s       0.03 sys cpu s       0.01 wall s
INDE NNZ Xsq = 116964 <-> 100.00 %
TIDE Frobenius norm of X-X^2 took      0.00 usr cpu s       0.00 sys cpu s       0.00 wall s
TIDE Mixed norm of X-X^2 took      0.00 usr cpu s       0.02 sys cpu s       0.00 wall s
TIDE Trace of X-X^2 took      0.00 usr cpu s       0.00 sys cpu s       0.00 wall s
INDE ||X-X^2||_F = 1.109108e+00 , ||X-X^2||_mixed = 8.455176e-01
INDE trace(X-X^2) = 8.695663e+00
INDE trace(X) = 4.348481e+01
INDE Checking stopping criterion...   
INDE Order of convergence cannot be computed
TIDE stopping_criterion took      0.00 usr cpu s       0.00 sys cpu s       0.00 wall s
TIDE Iteration 20 took      0.03 usr cpu s       0.05 sys cpu s       0.01 wall s
INDE     ITERATION 21 :
TIDE purify_X took      0.00 usr cpu s       0.00 sys cpu s       0.00 wall s
TIDE truncate_matrix took      0.00 usr cpu s       0.00 sys cpu s       0.00 wall s
INDE Actual introduced error   0.000000e+00 : nnz before  116964 <-> 100.00 % , nnz after  116964 <-> 100.00 %
TIDE square took      0.02 usr cpu s       0.04 sys cpu s       0.01 wall s
INDE NNZ Xsq = 116964 <-> 100.00 %
TIDE Frobenius norm of X-X^2 took      0.00 usr cpu s       0.00 sys cpu s       0.00 wall s
TIDE Mixed norm of X-X^2 took      0.01 usr cpu s       0.01 sys cpu s       0.00 wall s
TIDE Trace of X-X^2 took      0.00 usr cpu s       0.00 sys cpu s       0.00 wall s
INDE ||X-X^2||_F = 9.786788e-01 , ||X-X^2||_mixed = 7.221811e-01
INDE trace(X-X^2) = 8.485484e+00
INDE trace(X) = 5.218047e+01
INDE Checking stopping criterion...   
INDE Order of convergence cannot be computed
TIDE stopping_criterion took      0.00 usr cpu s       0.00 sys cpu s       0.00 wall s
TIDE Iteration 21 took      0.03 usr cpu s       0.06 sys cpu s       0.01 wall s
INDE     ITERATION 22 :
TIDE purify_X took      0.00 usr cpu s       0.00 sys cpu s       0.00 wall s
TIDE truncate_matrix took      0.00 usr cpu s       0.00 sys cpu s       0.00 wall s
INDE Actual introduced error   0.000000e+00 : nnz before  116964 <-> 100.00 % , nnz after  116964 <-> 100.00 %
TIDE square took      0.03 usr cpu s       0.02 sys cpu s       0.01 wall s
INDE NNZ Xsq = 116964 <-> 100.00 %
TIDE Frobenius norm of X-X^2 took      0.00 usr cpu s       0.00 sys cpu s       0.00 wall s
TIDE Mixed norm of X-X^2 took      0.00 usr cpu s       0.02 sys cpu s       0.00 wall s
TIDE Trace of X-X^2 took      0.00 usr cpu s       0.00 sys cpu s       0.00 wall s
INDE ||X-X^2||_F = 1.324484e+00 , ||X-X^2||_mixed = 9.867200e-01
INDE trace(X-X^2) = 1.075276e+01
INDE trace(X) = 6.066595e+01
INDE Checking stopping criterion...   
INDE Order of convergence cannot be computed
TIDE stopping_criterion took      0.00 usr cpu s       0.00 sys cpu s       0.00 wall s
TIDE Iteration 22 took      0.03 usr cpu s       0.05 sys cpu s       0.01 wall s
INDE     ITERATION 23 :
TIDE purify_X took      0.00 usr cpu s       0.00 sys cpu s       0.00 wall s
TIDE truncate_matrix took      0.00 usr cpu s       0.00 sys cpu s       0.00 wall s
INDE Actual introduced error   0.000000e+00 : nnz before  116964 <-> 100.00 % , nnz after  116964 <-> 100.00 %
TIDE square took      0.02 usr cpu s       0.04 sys cpu s       0.01 wall s
INDE NNZ Xsq = 116964 <-> 100.00 %
TIDE Frobenius norm of X-X^2 took      0.00 usr cpu s       0.00 sys cpu s       0.00 wall s
TIDE Mixed norm of X-X^2 took      0.00 usr cpu s       0.02 sys cpu s       0.00 wall s
TIDE Trace of X-X^2 took      0.00 usr cpu s       0.00 sys cpu s       0.00 wall s
INDE ||X-X^2||_F = 5.656820e-01 , ||X-X^2||_mixed = 4.509958e-01
INDE trace(X-X^2) = 3.803201e+00
INDE trace(X) = 4.991319e+01
INDE Checking stopping criterion...   
INDE e_i =4.509958e-01, C*e_{i-1}^q = 3.591988e+00
INDE Order of convergence = 8.375223, stop = 0
TIDE stopping_criterion took      0.00 usr cpu s       0.00 sys cpu s       0.00 wall s
TIDE Iteration 23 took      0.02 usr cpu s       0.06 sys cpu s       0.01 wall s
INDE     ITERATION 24 :
TIDE purify_X took      0.00 usr cpu s       0.00 sys cpu s       0.00 wall s
TIDE truncate_matrix took      0.00 usr cpu s       0.00 sys cpu s       0.00 wall s
INDE Actual introduced error   0.000000e+00 : nnz before  116964 <-> 100.00 % , nnz after  116964 <-> 100.00 %
TIDE square took      0.01 usr cpu s       0.04 sys cpu s       0.01 wall s
INDE NNZ Xsq = 116964 <-> 100.00 %
TIDE Frobenius norm of X-X^2 took      0.00 usr cpu s       0.00 sys cpu s       0.00 wall s
TIDE Mixed norm of X-X^2 took      0.00 usr cpu s       0.02 sys cpu s       0.00 wall s
TIDE Trace of X-X^2 took      0.00 usr cpu s       0.00 sys cpu s       0.00 wall s
INDE ||X-X^2||_F = 3.483356e-01 , ||X-X^2||_mixed = 3.153284e-01
INDE trace(X-X^2) = 1.448682e+00
INDE trace(X) = 4.610999e+01
INDE Checking stopping criterion...   
INDE Order of convergence cannot be computed
TIDE stopping_criterion took      0.00 usr cpu s       0.00 sys cpu s       0.00 wall s
TIDE Iteration 24 took      0.02 usr cpu s       0.06 sys cpu s       0.01 wall s
INDE     ITERATION 25 :
TIDE purify_X took      0.00 usr cpu s       0.00 sys cpu s       0.00 wall s
TIDE truncate_matrix took      0.00 usr cpu s       0.00 sys cpu s       0.00 wall s
INDE Actual introduced error   0.000000e+00 : nnz before  116964 <-> 100.00 % , nnz after  116964 <-> 100.00 %
TIDE square took      0.01 usr cpu s       0.04 sys cpu s       0.01 wall s
INDE NNZ Xsq = 116964 <-> 100.00 %
TIDE Frobenius norm of X-X^2 took      0.00 usr cpu s       0.00 sys cpu s       0.00 wall s
TIDE Mixed norm of X-X^2 took      0.00 usr cpu s       0.02 sys cpu s       0.00 wall s
TIDE Trace of X-X^2 took      0.00 usr cpu s       0.00 sys cpu s       0.00 wall s
INDE ||X-X^2||_F = 1.849905e-01 , ||X-X^2||_mixed = 1.577068e-01
INDE trace(X-X^2) = 8.796567e-01
INDE trace(X) = 4.755867e+01
INDE Checking stopping criterion...   
INDE e_i =1.577068e-01, C*e_{i-1}^q = 1.400837e+00
INDE Order of convergence = 4.742805, stop = 0
TIDE stopping_criterion took      0.00 usr cpu s       0.00 sys cpu s       0.00 wall s
TIDE Iteration 25 took      0.02 usr cpu s       0.06 sys cpu s       0.01 wall s
INDE     ITERATION 26 :
TIDE purify_X took      0.00 usr cpu s       0.00 sys cpu s       0.00 wall s
TIDE truncate_matrix took      0.00 usr cpu s       0.00 sys cpu s       0.00 wall s
INDE Actual introduced error   0.000000e+00 : nnz before  116964 <-> 100.00 % , nnz after  116964 <-> 100.00 %
TIDE square took      0.01 usr cpu s       0.04 sys cpu s       0.01 wall s
INDE NNZ Xsq = 116964 <-> 100.00 %
TIDE Frobenius norm of X-X^2 took      0.00 usr cpu s       0.00 sys cpu s       0.00 wall s
TIDE Mixed norm of X-X^2 took      0.01 usr cpu s       0.01 sys cpu s       0.00 wall s
TIDE Trace of X-X^2 took      0.00 usr cpu s       0.00 sys cpu s       0.00 wall s
INDE ||X-X^2||_F = 3.006807e-01 , ||X-X^2||_mixed = 2.511662e-01
INDE trace(X-X^2) = 1.343834e+00
INDE trace(X) = 4.843833e+01
INDE Checking stopping criterion...   
INDE Order of convergence cannot be computed
TIDE stopping_criterion took      0.00 usr cpu s       0.00 sys cpu s       0.00 wall s
TIDE Iteration 26 took      0.03 usr cpu s       0.06 sys cpu s       0.01 wall s
INDE     ITERATION 27 :
TIDE purify_X took      0.00 usr cpu s       0.00 sys cpu s       0.00 wall s
TIDE truncate_matrix took      0.00 usr cpu s       0.00 sys cpu s       0.00 wall s
INDE Actual introduced error   0.000000e+00 : nnz before  116964 <-> 100.00 % , nnz after  116964 <-> 100.00 %
TIDE square took      0.02 usr cpu s       0.03 sys cpu s       0.01 wall s
INDE NNZ Xsq = 116964 <-> 100.00 %
TIDE Frobenius norm of X-X^2 took      0.00 usr cpu s       0.00 sys cpu s       0.00 wall s
TIDE Mixed norm of X-X^2 took      0.00 usr cpu s       0.02 sys cpu s       0.00 wall s
TIDE Trace of X-X^2 took      0.00 usr cpu s       0.00 sys cpu s       0.00 wall s
INDE ||X-X^2||_F = 3.758710e-02 , ||X-X^2||_mixed = 3.199857e-02
INDE trace(X-X^2) = 1.281063e-01
INDE trace(X) = 4.709449e+01
INDE Checking stopping criterion...   
INDE e_i =3.199857e-02, C*e_{i-1}^q = 1.712945e-01
INDE Order of convergence = 2.908325, stop = 0
TIDE stopping_criterion took      0.00 usr cpu s       0.00 sys cpu s       0.00 wall s
TIDE Iteration 27 took      0.03 usr cpu s       0.05 sys cpu s       0.01 wall s
INDE     ITERATION 28 :
TIDE purify_X took      0.00 usr cpu s       0.00 sys cpu s       0.00 wall s
TIDE truncate_matrix took      0.00 usr cpu s       0.00 sys cpu s       0.00 wall s
INDE Actual introduced error   0.000000e+00 : nnz before  116964 <-> 100.00 % , nnz after  116964 <-> 100.00 %
TIDE square took      0.02 usr cpu s       0.04 sys cpu s       0.01 wall s
INDE NNZ Xsq = 116964 <-> 100.00 %
TIDE Frobenius norm of X-X^2 took      0.00 usr cpu s       0.00 sys cpu s       0.00 wall s
TIDE Mixed norm of X-X^2 took      0.00 usr cpu s       0.01 sys cpu s       0.00 wall s
TIDE Trace of X-X^2 took      0.00 usr cpu s       0.00 sys cpu s       0.00 wall s
INDE ||X-X^2||_F = 2.352219e-02 , ||X-X^2||_mixed = 2.327900e-02
INDE trace(X-X^2) = 3.566196e-02
INDE trace(X) = 4.696638e+01
INDE Checking stopping criterion...   
INDE Order of convergence cannot be computed
TIDE stopping_criterion took      0.00 usr cpu s       0.00 sys cpu s       0.00 wall s
TIDE Iteration 28 took      0.02 usr cpu s       0.06 sys cpu s       0.01 wall s
INDE     ITERATION 29 :
TIDE purify_X took      0.00 usr cpu s       0.00 sys cpu s       0.00 wall s
TIDE truncate_matrix took      0.00 usr cpu s       0.00 sys cpu s       0.00 wall s
INDE Actual introduced error   0.000000e+00 : nnz before  116964 <-> 100.00 % , nnz after  116964 <-> 100.00 %
TIDE square took      0.02 usr cpu s       0.04 sys cpu s       0.01 wall s
INDE NNZ Xsq = 116964 <-> 100.00 %
TIDE Frobenius norm of X-X^2 took      0.00 usr cpu s       0.00 sys cpu s       0.00 wall s
TIDE Mixed norm of X-X^2 took      0.00 usr cpu s       0.02 sys cpu s       0.00 wall s
TIDE Trace of X-X^2 took      0.00 usr cpu s       0.00 sys cpu s       0.00 wall s
INDE ||X-X^2||_F = 1.222513e-03 , ||X-X^2||_mixed = 1.079309e-03
INDE trace(X-X^2) = 3.191104e-03
INDE trace(X) = 4.700205e+01
INDE Checking stopping criterion...   
INDE e_i =1.079309e-03, C*e_{i-1}^q = 7.051862e-03
INDE Order of convergence = 2.545304, stop = 0
TIDE stopping_criterion took      0.00 usr cpu s       0.00 sys cpu s       0.00 wall s
TIDE Iteration 29 took      0.02 usr cpu s       0.06 sys cpu s       0.01 wall s
INDE     ITERATION 30 :
TIDE purify_X took      0.00 usr cpu s       0.00 sys cpu s       0.00 wall s
TIDE truncate_matrix took      0.00 usr cpu s       0.00 sys cpu s       0.00 wall s
INDE Actual introduced error   0.000000e+00 : nnz before  116964 <-> 100.00 % , nnz after  116964 <-> 100.00 %
TIDE square took      0.03 usr cpu s       0.03 sys cpu s       0.01 wall s
INDE NNZ Xsq = 116964 <-> 100.00 %
TIDE Frobenius norm of X-X^2 took      0.00 usr cpu s       0.00 sys cpu s       0.00 wall s
TIDE Mixed norm of X-X^2 took      0.01 usr cpu s       0.01 sys cpu s       0.00 wall s
TIDE Trace of X-X^2 took      0.00 usr cpu s       0.00 sys cpu s       0.00 wall s
INDE ||X-X^2||_F = 8.560933e-04 , ||X-X^2||_mixed = 8.503571e-04
INDE trace(X-X^2) = 1.146452e-03
INDE trace(X) = 4.699886e+01
INDE Checking stopping criterion...   
INDE e_i =8.503571e-04, C*e_{i-1}^q = 3.732255e-03
INDE Order of convergence = 2.393359, stop = 0
TIDE stopping_criterion took      0.00 usr cpu s       0.00 sys cpu s       0.00 wall s
TIDE Iteration 30 took      0.04 usr cpu s       0.03 sys cpu s       0.01 wall s
INDE     ITERATION 31 :
TIDE purify_X took      0.00 usr cpu s       0.00 sys cpu s       0.00 wall s
TIDE truncate_matrix took      0.00 usr cpu s       0.00 sys cpu s       0.00 wall s
INDE Actual introduced error   0.000000e+00 : nnz before  116964 <-> 100.00 % , nnz after  116964 <-> 100.00 %
TIDE square took      0.01 usr cpu s       0.04 sys cpu s       0.01 wall s
INDE NNZ Xsq = 116964 <-> 100.00 %
TIDE Frobenius norm of X-X^2 took      0.00 usr cpu s       0.00 sys cpu s       0.00 wall s
TIDE Mixed norm of X-X^2 took      0.00 usr cpu s       0.01 sys cpu s       0.00 wall s
TIDE Trace of X-X^2 took      0.00 usr cpu s       0.00 sys cpu s       0.00 wall s
INDE ||X-X^2||_F = 1.646125e-06 , ||X-X^2||_mixed = 1.543152e-06
INDE trace(X-X^2) = 3.359496e-06
INDE trace(X) = 4.700000e+01
INDE Checking stopping criterion...   
INDE e_i =1.543152e-06, C*e_{i-1}^q = 8.022960e-06
INDE Order of convergence = 2.241308, stop = 0
TIDE stopping_criterion took      0.00 usr cpu s       0.00 sys cpu s       0.00 wall s
TIDE Iteration 31 took      0.02 usr cpu s       0.06 sys cpu s       0.01 wall s
INDE     ITERATION 32 :
TIDE purify_X took      0.00 usr cpu s       0.00 sys cpu s       0.00 wall s
TIDE truncate_matrix took      0.00 usr cpu s       0.00 sys cpu s       0.00 wall s
INDE Actual introduced error   0.000000e+00 : nnz before  116964 <-> 100.00 % , nnz after  116964 <-> 100.00 %
TIDE square took      0.02 usr cpu s       0.03 sys cpu s       0.01 wall s
INDE NNZ Xsq = 116964 <-> 100.00 %
TIDE Frobenius norm of X-X^2 took      0.00 usr cpu s       0.00 sys cpu s       0.00 wall s
TIDE Mixed norm of X-X^2 took      0.00 usr cpu s       0.01 sys cpu s       0.00 wall s
TIDE Trace of X-X^2 took      0.00 usr cpu s       0.00 sys cpu s       0.00 wall s
INDE ||X-X^2||_F = 1.221321e-06 , ||X-X^2||_mixed = 1.219346e-06
INDE trace(X-X^2) = 1.467832e-06
INDE trace(X) = 4.700000e+01
INDE Checking stopping criterion...   
INDE e_i =1.219346e-06, C*e_{i-1}^q = 4.980183e-06
INDE Order of convergence = 2.199035, stop = 0
TIDE stopping_criterion took      0.00 usr cpu s       0.00 sys cpu s       0.00 wall s
TIDE Iteration 32 took      0.03 usr cpu s       0.05 sys cpu s       0.01 wall s
INDE     ITERATION 33 :
TIDE purify_X took      0.00 usr cpu s       0.00 sys cpu s       0.00 wall s
TIDE truncate_matrix took      0.00 usr cpu s       0.00 sys cpu s       0.00 wall s
INDE Actual introduced error   0.000000e+00 : nnz before  116964 <-> 100.00 % , nnz after  116964 <-> 100.00 %
TIDE square took      0.01 usr cpu s       0.04 sys cpu s       0.01 wall s
INDE NNZ Xsq = 116964 <-> 100.00 %
TIDE Frobenius norm of X-X^2 took      0.00 usr cpu s       0.00 sys cpu s       0.00 wall s
TIDE Mixed norm of X-X^2 took      0.01 usr cpu s       0.01 sys cpu s       0.00 wall s
TIDE Trace of X-X^2 took      0.00 usr cpu s       0.00 sys cpu s       0.00 wall s
INDE ||X-X^2||_F = 3.879243e-12 , ||X-X^2||_mixed = 3.811952e-12
INDE trace(X-X^2) = 6.160406e-12
INDE trace(X) = 4.700000e+01
INDE Checking stopping criterion...   
INDE e_i =3.811952e-12, C*e_{i-1}^q = 1.640062e-11
INDE Order of convergence = 2.109043, stop = 0
TIDE stopping_criterion took      0.00 usr cpu s       0.00 sys cpu s       0.00 wall s
TIDE Iteration 33 took      0.02 usr cpu s       0.05 sys cpu s       0.01 wall s
INDE     ITERATION 34 :
TIDE purify_X took      0.00 usr cpu s       0.00 sys cpu s       0.00 wall s
TIDE truncate_matrix took      0.00 usr cpu s       0.00 sys cpu s       0.00 wall s
INDE Actual introduced error   0.000000e+00 : nnz before  116964 <-> 100.00 % , nnz after  116964 <-> 100.00 %
TIDE square took      0.02 usr cpu s       0.04 sys cpu s       0.01 wall s
INDE NNZ Xsq = 116964 <-> 100.00 %
TIDE Frobenius norm of X-X^2 took      0.00 usr cpu s       0.00 sys cpu s       0.00 wall s
TIDE Mixed norm of X-X^2 took      0.00 usr cpu s       0.01 sys cpu s       0.00 wall s
TIDE Trace of X-X^2 took      0.00 usr cpu s       0.00 sys cpu s       0.00 wall s
INDE ||X-X^2||_F = 7.223094e-12 , ||X-X^2||_mixed = 7.123471e-12
INDE trace(X-X^2) = 9.350742e-12
INDE trace(X) = 4.700000e+01
INDE Checking stopping criterion...   
INDE Order of convergence cannot be computed
TIDE stopping_criterion took      0.00 usr cpu s       0.00 sys cpu s       0.00 wall s
TIDE Iteration 34 took      0.02 usr cpu s       0.06 sys cpu s       0.01 wall s
INDE     ITERATION 35 :
TIDE purify_X took      0.00 usr cpu s       0.00 sys cpu s       0.00 wall s
TIDE truncate_matrix took      0.00 usr cpu s       0.00 sys cpu s       0.00 wall s
INDE Actual introduced error   0.000000e+00 : nnz before  116964 <-> 100.00 % , nnz after  116964 <-> 100.00 %
TIDE square took      0.01 usr cpu s       0.04 sys cpu s       0.01 wall s
INDE NNZ Xsq = 116964 <-> 100.00 %
TIDE Frobenius norm of X-X^2 took      0.00 usr cpu s       0.00 sys cpu s       0.00 wall s
TIDE Mixed norm of X-X^2 took      0.00 usr cpu s       0.00 sys cpu s       0.00 wall s
TIDE Trace of X-X^2 took      0.00 usr cpu s       0.00 sys cpu s       0.00 wall s
INDE ||X-X^2||_F = 2.046738e-15 , ||X-X^2||_mixed = 0.000000e+00
INDE trace(X-X^2) = -7.105427e-15
INDE trace(X) = 4.700000e+01
INDE Checking stopping criterion...   
INDE ************************************************************************************************************
INDE The norm value went much below machine precision, therefore we stop here since n_max can be underestimated.
INDE ************************************************************************************************************
INDE e_i =0.000000e+00, C*e_{i-1}^q = 1.000777e-22
INDE Order of convergence = inf, stop = 1
TIDE stopping_criterion took      0.00 usr cpu s       0.00 sys cpu s       0.00 wall s
INDE PURIFICATION CONVERGED after 35 iterations
TIDE Iteration 35 took      0.02 usr cpu s       0.05 sys cpu s       0.01 wall s
INDE Number of non-zeros in D is  116964 <-> 100.00 %
TIDE FileWritable::writeAndReadAll took      0.00 usr cpu s       0.00 sys cpu s       0.00 wall s
INDE writeAndReadAll sizesStr: '0 MB (1 MatrixGeneral, 0 > 1 MB) + 0 MB (13 MatrixSymmetric, 0 > 1 MB) + 0 MB (2 VectorGeneral, 0 > 1 MB) = 0 MB (16 total, 0 > 1 MB)
INDE TOTAL accumulated subspace error is 0.000000e+00
INDE TOTAL X square time: 0.254469 wall s
INDE TOTAL X trunction time: 0.008497 wall s
INDE TOTAL X purify (exl. X^2 computation) time: 0.008594 wall s
INDE TOTAL time to get number of non-zero elements: 0.001454 wall s
INDE TOTAL time to get mixed norm: 0.084685 wall s
INDE TOTAL time to get Frobenius norm: 0.008845 wall s
INDE TOTAL time for stopping criterion: 0.001643 wall s
INDE TOTAL time to get matrix trace: 0.000791 wall s
INDE Estimated bounds for the eigenvalues for the Fock matrix:
INDE LUMO: [ 0.035032291020 , 0.058019410140 ]
INDE HOMO: [ -0.357573707908 , -0.349754147960 ]
TIDE eigenvalue_bounds_estimation() took      0.00 usr cpu s       0.00 sys cpu s       0.00 wall s
TIDE Recursive expansion took      0.97 usr cpu s       2.47 sys cpu s       0.45 wall s
TIDE Puri->PurificationStart() took      0.97 usr cpu s       2.47 sys cpu s       0.45 wall s
TIDE Accumulated wall times for writeToFile in PurificationStart()          : 0 s (MatrixGeneral) + 1.9e-06 s (MatrixSymmetric) + 0.00015 s (VectorGeneral) = 0.00015 s
TIDE Accumulated wall times for readFromFile in PurificationStart()         : 0 s (MatrixGeneral) + 1.9e-06 s (MatrixSymmetric) + 5.7e-05 s (VectorGeneral) = 5.9e-05 s
TIDE Accumulated wall times for copy and assign in PurificationStart()      : 1.9e-06 s (MatrixSymmetric) + 6e-05 s (VectorGeneral) = 6.2e-05 s
INDE Number of calls to writeToFile in PurificationStart()                  : 2 (MatrixGeneral) + 27 (MatrixSymmetric) + 1489 (VectorGeneral) = 1518 
INDE Number of calls to readFromFile in PurificationStart()                 : 2 (MatrixGeneral) + 26 (MatrixSymmetric) + 579 (VectorGeneral) = 607 
INDE Number of calls to FileWritable copy and assign in PurificationStart() : 2 (MatrixSymmetric) + 37 (VectorGeneral) = 39 
TIDE mat::Gblas::time after purification :     2.236360
INDE Created .m files with results of the purification
INDE Purification converged OK, subspaceError <=          0.00000000000
INDE E(LUMO) - E(HOMO) >=          0.38478643898 =         10.47057246335 eV
INDE E(LUMO) - E(HOMO) <=          0.41559311805 =         11.30886491044 eV
INDE HOMO interval : [   -0.357573707908   -0.349754147960 ]
INDE LUMO interval : [    0.035032291020    0.058019410140 ]
INDE Trace of resulting density matrix is         47.00000000000, error is  -0.00000000000001.
INDE Truncated D_ort ( mixed ), selected threshold = 9.99999e-08, returned error =          0, nnz before = 116964 <-> 100.0000 %, nnz after = 116964 <-> 100.0000 %
TIDE FileWritable::writeAndReadAll took      0.00 usr cpu s       0.00 sys cpu s       0.00 wall s
INDE writeAndReadAll sizesStr: '0 MB (1 MatrixGeneral, 0 > 1 MB) + 0 MB (12 MatrixSymmetric, 0 > 1 MB) + 0 MB (1 MatrixTriangular, 0 > 1 MB) = 0 MB (14 total, 0 > 1 MB)
TIDE D_w to non-orthogonal basis took      0.01 usr cpu s       0.04 sys cpu s       0.01 wall s
INDE Truncated D_S (eucl with Z), selected threshold = 9.99999e-08, returned error =          0, nnz before = 100.0000 %, nnz after = 100.0000 %
INDE get_dens_from_fock_sparse ending OK
TIDE get_dens_from_fock_sparse took      1.28 usr cpu s       3.88 sys cpu s       0.67 wall s
ERDE get_dens_from_fock  (GetDensFromFock class) : purification finished OK.
TIDE get_dens_from_fock took      1.28 usr cpu s       3.88 sys cpu s       0.67 wall s
INSC Matrix 'new density matrix' ( symm ): n =    342, nnz =       116964 <-> 100.00 %, mem usage  0.0005 G
INSC Tr( D * S ) =         93.99999999995
TISC get_new_density_matrix took      1.28 usr cpu s       3.88 sys cpu s       0.67 wall s
INSC SCF_restricted::report_density_difference, diff_eucl =          9.76032547074
TISC SCF_restricted::report_density_difference took      0.02 usr cpu s       0.08 sys cpu s       0.02 wall s
INMA ddf_writeShellListAndDensityMatricesToFile_sparse, n =    342, densityMatrixList[0].nvalues =       58653
INMA opened temporary file 'density.bin.jWMwuc' for writing
INMA Choosing matrixStorageType = MATRIX_STORAGE_TYPE_TRIANGLE.
INMA fileSize =          560392 bytes =      0.560 MegaBytes
INMA renamed file 'density.bin.jWMwuc' to 'density.bin'
INMA ddf_writeShellListAndDensityMatricesToFile_sparse freeing buffer.
INMA ddf_writeShellListAndDensityMatricesToFile_sparse returning OK.
TISC write_density_to_file took      0.01 usr cpu s       0.05 sys cpu s       0.01 wall s
INSC Creating mtx file for Fock matrix
INSC Creating mtx file for density matrix
INSC SCF cycle   2 finished.
TISC SCF cycle   2 took   1164.99 usr cpu s       6.24 sys cpu s     180.26 wall s
INSC Beginning of SCF cycle 3:  Thu Mar 26 20:15:14 2026
INDE compute_J_by_boxes_sparse() start.
TIDE FileWritable::writeAndReadAll took      0.00 usr cpu s       0.00 sys cpu s       0.00 wall s
INDE writeAndReadAll: '0 MB (1 MatrixGeneral, 0 > 1 MB) + 0 MB (11 MatrixSymmetric, 0 > 1 MB) = 0 MB (12 total, 0 > 1 MB)
IN   compute_J_by_boxes_sparse, maxDensityMatrixElement =         21.92093186045
ININ get_basis_func_pair_list, n =    342
ININ create_box_system end OK, toplevelBoxSize:   7.0, #levels:  3, #boxes at top level:      6
TIIN get_basis_func_pair_list_2el took      0.16 usr cpu s       0.00 sys cpu s       0.16 wall s
IN   compute_J_by_boxes_sparse: noOfBasisFuncIndexPairs = 54623 ==> storing  46.70 % of a full matrix
ININ entering compute_J_by_boxes_linear, no of basis funcs =   342, threshold_J =   1e-16
ININ use_fmm = 1, fmm_box_size =   5.00
TIIN Compute extent for all distrs took      0.50 usr cpu s       0.00 sys cpu s       0.50 wall s
ININ extent_min =    0.000, extent_max =   22.740
ININ Creating list of distributions etc done, distrCount =    388025
TIIN Creating list of distributions etc took      0.73 usr cpu s       0.02 sys cpu s       0.74 wall s
ININ create_box_system end OK, toplevelBoxSize:   5.0, #levels:  3, #boxes at top level:     10
TIIN Creating boxes took      0.04 usr cpu s       0.01 sys cpu s       0.05 wall s
ININ noOfBranches = 6, splitters:  20.00 10.00  5.00  2.50  0.00
ININ J org done, groupCount =    16618
TIIN J org took      1.72 usr cpu s       0.00 sys cpu s       1.72 wall s
TIIN Generate group multipoles took      0.71 usr cpu s       0.00 sys cpu s       0.71 wall s
ININ totChargeWholeSystem =          0.00000000000
ININ Generating multipole for each branch at top level, MAX_MULTIPOLE_DEGREE = 15
TIIN Translate multipoles (step 1) took      0.48 usr cpu s       0.00 sys cpu s       0.47 wall s
TIIN Translate multipoles (step 2) took      0.10 usr cpu s       0.00 sys cpu s       0.10 wall s
ININ job lists for J created OK, noOfJobs_J_standard =     1733, noOfJobs_J_multipole =      193
TIIN Creating job lists for J took      0.00 usr cpu s       0.00 sys cpu s       0.00 wall s
ININ execute_joblist_J_std_threaded, noOfThreads =  8
ININ 8 threads started OK.
ININ all 8 threads have finished.
TIIN execute_joblist_J_std_threaded took    274.57 usr cpu s       0.20 sys cpu s      42.53 wall s
TIIN sort_list_of_multipole_jobs init part took      0.00 usr cpu s       0.00 sys cpu s       0.00 wall s
TIIN sort_list_of_multipole_jobs complete took      0.00 usr cpu s       0.00 sys cpu s       0.00 wall s
TIIN sort_list_of_multipole_jobs took      0.00 usr cpu s       0.00 sys cpu s       0.00 wall s
ININ execute_joblist_J_fmm_shared: Allocating multipoleList_4, maxnoOfMinimalDistrsPerBoxBranch =     63208
ININ execute_joblist_J_fmm_shared: Allocating multipoleList_4, maxnoOfMinimalDistrsPerBoxBranch =     63208
ININ execute_joblist_J_fmm_shared: jobIndexLo =           24, jobIndexHi =           48
ININ execute_joblist_J_fmm_shared: jobIndexLo =            0, jobIndexHi =           24
ININ execute_joblist_J_fmm_shared: Allocating multipoleList_4, maxnoOfMinimalDistrsPerBoxBranch =     63208
ININ execute_joblist_J_fmm_shared: jobIndexLo =           72, jobIndexHi =           96
ININ execute_joblist_J_fmm_shared: Allocating multipoleList_4, maxnoOfMinimalDistrsPerBoxBranch =     63208
ININ execute_joblist_J_fmm_shared: jobIndexLo =           48, jobIndexHi =           72
ININ execute_joblist_J_fmm_shared: Allocating multipoleList_4, maxnoOfMinimalDistrsPerBoxBranch =     63208
ININ execute_joblist_J_fmm_shared: jobIndexLo =           96, jobIndexHi =          120
ININ execute_joblist_J_fmm_shared: Allocating multipoleList_4, maxnoOfMinimalDistrsPerBoxBranch =     63208
ININ execute_joblist_J_fmm_shared: jobIndexLo =          120, jobIndexHi =          144
ININ execute_joblist_J_fmm_shared: Allocating multipoleList_4, maxnoOfMinimalDistrsPerBoxBranch =     63208
ININ execute_joblist_J_fmm_shared: jobIndexLo =          144, jobIndexHi =          168
ININ execute_joblist_J_fmm_shared: Allocating multipoleList_4, maxnoOfMinimalDistrsPerBoxBranch =     63208
ININ execute_joblist_J_fmm_shared: jobIndexLo =          168, jobIndexHi =          193
ININ execute_joblist_J_fmm_shared: done!
ININ execute_joblist_J_fmm_shared: done!
ININ execute_joblist_J_fmm_shared: done!
ININ execute_joblist_J_fmm_shared: done!
ININ execute_joblist_J_fmm_shared: done!
ININ execute_joblist_J_fmm_shared: done!
ININ execute_joblist_J_fmm_shared: done!
ININ execute_joblist_J_fmm_shared: done!
ININ multipole job list for J executed, largest L used: 11
TIIN Executing multipole job list for J took      0.63 usr cpu s       0.00 sys cpu s       0.25 wall s
ININ compute_J_by_boxes_linear ending OK.
TIIN compute_J_by_boxes_linear took    279.01 usr cpu s       0.23 sys cpu s      46.60 wall s
TI   compute_J_by_boxes_sparse total took    279.17 usr cpu s       0.23 sys cpu s      46.77 wall s
ININ entering create_CSR_for_K, no of basis funcs =   342, threshold_K =   1e-16
ININ create_box_system end OK, toplevelBoxSize:   7.0, #levels:  3, #boxes at top level:      6
ININ create_box_system end OK, toplevelBoxSize:   7.0, #levels:  3, #boxes at top level:      6
ININ create_box_system end OK, toplevelBoxSize:   7.0, #levels:  3, #boxes at top level:      6
TIIN create_CSR_for_K getting list of distrs took      0.45 usr cpu s       0.02 sys cpu s       0.47 wall s
ININ list of neighbors complete.
TIIN create_CSR_for_K getting list of neighbors took      0.00 usr cpu s       0.00 sys cpu s       0.00 wall s
TIIN create_CSR_for_K sort each list of neighbors took      0.06 usr cpu s       0.00 sys cpu s       0.06 wall s
ININ 8 threads started OK.
TIIN identify_needed_elements() took    697.95 usr cpu s       0.42 sys cpu s      89.91 wall s
ININ computing nnz..
ININ create_CSR_for_K: predicted nnz =        58653, <->  50.15% of a full matrix
TIIN create_CSR_for_K last part took      0.00 usr cpu s       0.00 sys cpu s       0.00 wall s
TIIN create_CSR_for_K total took    698.47 usr cpu s       0.44 sys cpu s      90.46 wall s
ININ entering compute_K_by_boxes, no of basis funcs =   342, threshold_K =   1e-16, exchange_box_size =   5.00
ININ create_box_system end OK, toplevelBoxSize:   7.0, #levels:  3, #boxes at top level:      6
ININ create_box_system end OK, toplevelBoxSize:   7.0, #levels:  3, #boxes at top level:      6
ININ create_box_system end OK, toplevelBoxSize:   7.0, #levels:  3, #boxes at top level:      6
TIIN Compute extent for all distrs took      0.51 usr cpu s       0.00 sys cpu s       0.51 wall s
ININ Creating list of distributions done, distrCountTot =    388025
TIIN Creating list of distributions took      0.79 usr cpu s       0.02 sys cpu s       0.81 wall s
ININ create_box_system end OK, toplevelBoxSize:   5.0, #levels:  3, #boxes at top level:     10
ININ create_box_system end OK, toplevelBoxSize:   2.5, #levels:  4, #boxes at top level:     16
ININ noOfLevelsBasisFuncs = 4, noOfLevelsDiff = 1
TIIN Creating boxes etc took      0.04 usr cpu s       0.00 sys cpu s       0.04 wall s
TIIN getting multipoleNormVectorList took      0.78 usr cpu s       0.00 sys cpu s       0.78 wall s
TIIN K organize_distributions for all boxes took      2.20 usr cpu s       0.01 sys cpu s       2.21 wall s
ININ starting loop to setup basisFuncGroupInfoList, with added index checks.
TIIN GetLimitsAllLevels took      0.33 usr cpu s       0.00 sys cpu s       0.33 wall s
ININ getDmatLimitMatrixCSRList start.
TIIN getting densityMatrixLimitMatrixList took      0.02 usr cpu s       0.00 sys cpu s       0.02 wall s
ININ job list for K created,       55 jobs
TIIN creating job list for K took      0.00 usr cpu s       0.00 sys cpu s       0.00 wall s
ININ execute_joblist_K_threaded, noOfThreads =  8, basisFuncListCount_max =   333
ININ 8 threads started OK.
ININ all 8 threads have finished, took       38 wall s.
TIIN Executing job list for K took    184.33 usr cpu s       0.07 sys cpu s      38.50 wall s
TIIN compute_K_by_boxes took    188.50 usr cpu s       0.10 sys cpu s      42.70 wall s
TI   compute_K_by_boxes_sparse total took    886.99 usr cpu s       0.55 sys cpu s     133.19 wall s
INSC About to truncate FockMatrix, gap of Fprev >=          0.38478643898
TISC symmMatrix::mixed_diff for F vs Fprev maxEigValMovement_mixed took      0.00 usr cpu s       0.00 sys cpu s       0.00 wall s
TISC symmMatrix::eucl_diff for maxEigValMovement_eucl  took      0.05 usr cpu s       0.22 sys cpu s       0.04 wall s
INSC maxEigValMovement_frob  =          0.04649694210
INSC maxEigValMovement_mixed =          0.03741122117
INSC maxEigValMovement_eucl  =          0.02208277856
TISC FockMatrix.eucl_thresh() (with Z) took      0.17 usr cpu s       0.48 sys cpu s       0.11 wall s
INSC Truncated FockMatrix (eucl with Z), selected threshold = 3.40621e-08, returned error =          0, nnz before = 100.0000 %, nnz after = 100.0000 %
INSC Matrix 'S' ( symm ): n =    342, nnz =       116964 <-> 100.00 %, mem usage  0.0005 G
INSC Matrix 'F' ( symm ): n =    342, nnz =       116964 <-> 100.00 %, mem usage  0.0005 G
INSC Matrix 'D' ( symm ): n =    342, nnz =       116964 <-> 100.00 %, mem usage  0.0005 G
INSC nuclearEnergy, energy_2el, energy = 782.160484, 1007.253950, -645.112772
INSC Energy   3 =       -645.11277154251  ( diff     -0.001123049136595 )
INSC calling compute_FDSminusSDF_sparse, n = 342
INDE compute_FDSminusSDF_sparse() start.
TIDE FileWritable::writeAndReadAll took      0.00 usr cpu s       0.00 sys cpu s       0.00 wall s
INDE writeAndReadAll: '0 MB (1 MatrixGeneral, 0 > 1 MB) + 0 MB (9 MatrixSymmetric, 0 > 1 MB) = 0 MB (10 total, 0 > 1 MB)
TISC compute_FDSminusSDF_sparse, F*D mult took      0.03 usr cpu s       0.08 sys cpu s       0.01 wall s
INSC Matrix 'FD before eucl truncation' (normal): n =    342, nnz =       116964 <-> 100.00 %, mem usage  0.0009 G
INSC Matrix 'FD after  eucl truncation' (normal): n =    342, nnz =       116964 <-> 100.00 %, mem usage  0.0009 G
INSC Matrix 'FDS before eucl truncation' (normal): n =    342, nnz =       116964 <-> 100.00 %, mem usage  0.0009 G
INSC Matrix 'FDS after  eucl truncation' (normal): n =    342, nnz =       116964 <-> 100.00 %, mem usage  0.0009 G
INSC compute_FDSminusSDF_sparse ending OK.
TISC compute_FDSminusSDF_sparse took      0.10 usr cpu s       0.30 sys cpu s       0.05 wall s
INSC Matrix 'FDS-SDF' (normal): n =    342, nnz =       116964 <-> 100.00 %, mem usage  0.0009 G
INSC SCF_restricted::get_FDSminusSDF finished.
TISC get_FDSminusSDF took      0.10 usr cpu s       0.30 sys cpu s       0.05 wall s
INSC maxabs FDS-SDF is  0.00256
INSC frob   FDS-SDF is   0.0307
TISC get_error_measure took      0.00 usr cpu s       0.01 sys cpu s       0.00 wall s
INSC entering DIISManagerRestricted::AddIterationToList, IterCount =  2
INSC DIISManagerRestricted::AddIterationToList ending OK.
TISC DIISManagerRestricted::AddIterationToList took      0.00 usr cpu s       0.01 sys cpu s       0.00 wall s
INSC using DIIS to get combined Fock matrix, number of iters used for DIIS:  3
TISC clear_error_matrices took      0.00 usr cpu s       0.00 sys cpu s       0.00 wall s
TISC save_current_fock_as_fprev took      0.00 usr cpu s       0.00 sys cpu s       0.00 wall s
INDE get_dens_from_fock_general, n = 342, use_diagonalization = 0, use_diag_on_error = 1
INDE Before writeAndReadAll(): AllocatorManager statistics:  noOfRealsPerBuffer: 1024 noOfBuffers: 20000 list.size(): 1. Allocated: 0.164 GB, Used: 0.00922 GB, Peak alloc: 0.164 GB.
TIDE FileWritable::writeAndReadAll took      0.00 usr cpu s       0.00 sys cpu s       0.00 wall s
INDE writeAndReadAll sizesStr: '0 MB (1 MatrixGeneral, 0 > 1 MB) + 0 MB (7 MatrixSymmetric, 0 > 1 MB) = 0 MB (8 total, 0 > 1 MB)
INDE After writeAndReadAll(): AllocatorManager statistics:  noOfRealsPerBuffer: 1024 noOfBuffers: 20000 list.size(): 1. Allocated: 0.164 GB, Used: 0.00922 GB, Peak alloc: 0.164 GB.
INDE calling get_dens_from_fock_sparse, n =    342, subspaceErrorLimit = 1e-06
INDE get_dens_from_fock_sparse() start!
INDE After F.readFromFile(): AllocatorManager statistics:  noOfRealsPerBuffer: 1024 noOfBuffers: 20000 list.size(): 1. Allocated: 0.164 GB, Used: 0.00922 GB, Peak alloc: 0.164 GB.
INDE After creating wrapper MatrixType F_w(F): AllocatorManager statistics:  noOfRealsPerBuffer: 1024 noOfBuffers: 20000 list.size(): 1. Allocated: 0.164 GB, Used: 0.00967 GB, Peak alloc: 0.164 GB.
TIDE  F_w to orthogonal basis took      0.02 usr cpu s       0.04 sys cpu s       0.01 wall s
TIDE MatrixType::mixed_diff for maxEigValMovement_mixed took      0.00 usr cpu s       0.01 sys cpu s       0.00 wall s
TIDE symmMatrixWrap::eucl_diff for maxEigValMovement_eucl  took      0.06 usr cpu s       0.31 sys cpu s       0.05 wall s
INDE maxEigValMovement_frob  =          0.03127627129
INDE maxEigValMovement_mixed =          0.02163070068
INDE maxEigValMovement_eucl  =          0.00922510187
INDE lumo before truncation: [ 0.025807189147 , 0.067244512014 ]
INDE homo before truncation: [ -0.366798809781 , -0.340529046087 ]
INDE Truncate matrix F and update intervals for homo and lumo.
INDE Truncating F_ort ( mixed ), selected threshold = 3.66336e-08
INDE Truncated F_ort ( mixed ), selected threshold = 3.66336e-08, returned error =          0, nnz before = 100.0000 %, nnz after = 100.0000 %
TIDE Truncation of F_ort took      0.00 usr cpu s       0.00 sys cpu s       0.00 wall s
INDE Chosen Ergo Wrapper
INDE Creating purification object: N = 342 , nocc = 47 , NNZ = 116964  <-> 100.00000 %
INDE Chosen norm for the truncation: 
INDE mixed
INDE Chosen norm for the stopping criterion: 
INDE mixed
INDE Chosen the NEW stopping criterion.
INDE Allowed error in subspace 7.000000e-07
INDE Chosen SP2 purification method
INDE calling Puri->PurificationStart(), number of threads = 1, trunc norm 'mixed'
TIDE gershgorin took      0.00 usr cpu s       0.01 sys cpu s       0.00 wall s
INDE Gershgorin bounds: [ -59.824064757586 , 100.434196181445 ]
INDE EXPANDED Gershgorin bounds: [ -59.824064772487 , 100.434196196346 ]
INDE Trying to impove bounds using Lanczos algorithm...
TIDE compute_spectrum_bounds took      0.12 usr cpu s       0.44 sys cpu s       0.08 wall s
INDE Spectrum of F: 	 [ -20.628083141999 , 51.713343033171 ]
INDE Transform homo and lumo bounds...
INDE HOMO bounds of X: 	 [ 0.719558278450 , 0.719921414278 ]
INDE LUMO bounds of X: 	 [ 0.713921486647 , 0.714494288775 ]
INDE INIT LUMO: [ 0.713921486647 , 0.714494288775 ]
INDE INIT HOMO: [ 0.280078585722 , 0.280441721550 ]
INDE ESTIMATED NUMBER OF ITERATIONS IS 35
INDE Put eigenvalues of F to the interval [0,1] in reverse order.
TIDE compute_X() took      0.00 usr cpu s       0.00 sys cpu s       0.00 wall s
TIDE prepare_to_purification() took      0.12 usr cpu s       0.44 sys cpu s       0.08 wall s
INDE (EIGV,PARAMS) Requested 0 occipied eigenpair(s).
INDE (EIGV,PARAMS) Requested 0 unoccipied eigenpair(s).
TIDE prepare_to_purification_eigenvectors() took      0.00 usr cpu s       0.00 sys cpu s       0.00 wall s
INDE Starting recursive expansion
INDE     BEFORE ITERATIONS:
TIDE truncate_matrix took      0.00 usr cpu s       0.00 sys cpu s       0.00 wall s
INDE Actual introduced error   0.000000e+00 : nnz before  116964 <-> 100.00 % , nnz after  116964 <-> 100.00 %
TIDE square took      0.01 usr cpu s       0.04 sys cpu s       0.01 wall s
INDE NNZ Xsq = 116964 <-> 100.00 %
TIDE Frobenius norm of X-X^2 took      0.00 usr cpu s       0.00 sys cpu s       0.00 wall s
TIDE Mixed norm of X-X^2 took      0.00 usr cpu s       0.02 sys cpu s       0.00 wall s
TIDE Trace of X-X^2 took      0.00 usr cpu s       0.00 sys cpu s       0.00 wall s
INDE ||X-X^2||_F = 3.852283e+00 , ||X-X^2||_mixed = 1.286118e+00
INDE trace(X-X^2) = 7.013472e+01
INDE trace(X) = 2.342322e+02
TIDE Iteration 0 took      0.02 usr cpu s       0.06 sys cpu s       0.01 wall s
TIDE FileWritable::writeAndReadAll took      0.00 usr cpu s       0.00 sys cpu s       0.00 wall s
INDE writeAndReadAll sizesStr: '0 MB (1 MatrixGeneral, 0 > 1 MB) + 0 MB (13 MatrixSymmetric, 0 > 1 MB) + 0 MB (2 VectorGeneral, 0 > 1 MB) = 0 MB (16 total, 0 > 1 MB)
INDE     ITERATION 1 :
TIDE purify_X took      0.00 usr cpu s       0.00 sys cpu s       0.00 wall s
TIDE truncate_matrix took      0.00 usr cpu s       0.00 sys cpu s       0.00 wall s
INDE Actual introduced error   0.000000e+00 : nnz before  116964 <-> 100.00 % , nnz after  116964 <-> 100.00 %
TIDE square took      0.02 usr cpu s       0.04 sys cpu s       0.01 wall s
INDE NNZ Xsq = 116964 <-> 100.00 %
TIDE Frobenius norm of X-X^2 took      0.00 usr cpu s       0.00 sys cpu s       0.00 wall s
TIDE Mixed norm of X-X^2 took      0.01 usr cpu s       0.02 sys cpu s       0.00 wall s
TIDE Trace of X-X^2 took      0.00 usr cpu s       0.00 sys cpu s       0.00 wall s
INDE ||X-X^2||_F = 4.467918e+00 , ||X-X^2||_mixed = 1.460653e+00
INDE trace(X-X^2) = 8.127604e+01
INDE trace(X) = 1.640975e+02
TIDE Iteration 1 took      0.02 usr cpu s       0.06 sys cpu s       0.01 wall s
INDE     ITERATION 2 :
TIDE purify_X took      0.00 usr cpu s       0.00 sys cpu s       0.00 wall s
TIDE truncate_matrix took      0.00 usr cpu s       0.00 sys cpu s       0.00 wall s
INDE Actual introduced error   0.000000e+00 : nnz before  116964 <-> 100.00 % , nnz after  116964 <-> 100.00 %
TIDE square took      0.01 usr cpu s       0.05 sys cpu s       0.01 wall s
INDE NNZ Xsq = 116964 <-> 100.00 %
TIDE Frobenius norm of X-X^2 took      0.00 usr cpu s       0.00 sys cpu s       0.00 wall s
TIDE Mixed norm of X-X^2 took      0.01 usr cpu s       0.02 sys cpu s       0.00 wall s
TIDE Trace of X-X^2 took      0.00 usr cpu s       0.00 sys cpu s       0.00 wall s
INDE ||X-X^2||_F = 3.254228e+00 , ||X-X^2||_mixed = 1.135483e+00
INDE trace(X-X^2) = 5.848180e+01
INDE trace(X) = 8.282147e+01
INDE Checking stopping criterion...   
INDE Order of convergence cannot be computed
TIDE stopping_criterion took      0.00 usr cpu s       0.00 sys cpu s       0.00 wall s
TIDE Iteration 2 took      0.02 usr cpu s       0.07 sys cpu s       0.01 wall s
INDE     ITERATION 3 :
TIDE purify_X took      0.00 usr cpu s       0.00 sys cpu s       0.00 wall s
TIDE truncate_matrix took      0.00 usr cpu s       0.00 sys cpu s       0.00 wall s
INDE Actual introduced error   0.000000e+00 : nnz before  116964 <-> 100.00 % , nnz after  116964 <-> 100.00 %
TIDE square took      0.03 usr cpu s       0.03 sys cpu s       0.01 wall s
INDE NNZ Xsq = 116964 <-> 100.00 %
TIDE Frobenius norm of X-X^2 took      0.00 usr cpu s       0.00 sys cpu s       0.00 wall s
TIDE Mixed norm of X-X^2 took      0.00 usr cpu s       0.02 sys cpu s       0.00 wall s
TIDE Trace of X-X^2 took      0.00 usr cpu s       0.00 sys cpu s       0.00 wall s
INDE ||X-X^2||_F = 4.290161e+00 , ||X-X^2||_mixed = 1.444600e+00
INDE trace(X-X^2) = 7.741230e+01
INDE trace(X) = 1.413033e+02
INDE Checking stopping criterion...   
INDE Order of convergence cannot be computed
TIDE stopping_criterion took      0.00 usr cpu s       0.00 sys cpu s       0.00 wall s
TIDE Iteration 3 took      0.04 usr cpu s       0.05 sys cpu s       0.01 wall s
INDE     ITERATION 4 :
TIDE purify_X took      0.00 usr cpu s       0.00 sys cpu s       0.00 wall s
TIDE truncate_matrix took      0.00 usr cpu s       0.00 sys cpu s       0.00 wall s
INDE Actual introduced error   0.000000e+00 : nnz before  116964 <-> 100.00 % , nnz after  116964 <-> 100.00 %
TIDE square took      0.01 usr cpu s       0.04 sys cpu s       0.01 wall s
INDE NNZ Xsq = 116964 <-> 100.00 %
TIDE Frobenius norm of X-X^2 took      0.00 usr cpu s       0.00 sys cpu s       0.00 wall s
TIDE Mixed norm of X-X^2 took      0.00 usr cpu s       0.02 sys cpu s       0.00 wall s
TIDE Trace of X-X^2 took      0.00 usr cpu s       0.00 sys cpu s       0.00 wall s
INDE ||X-X^2||_F = 4.003781e+00 , ||X-X^2||_mixed = 1.406114e+00
INDE trace(X-X^2) = 7.178837e+01
INDE trace(X) = 2.187156e+02
INDE Checking stopping criterion...   
INDE Order of convergence cannot be computed
TIDE stopping_criterion took      0.00 usr cpu s       0.00 sys cpu s       0.00 wall s
TIDE Iteration 4 took      0.02 usr cpu s       0.07 sys cpu s       0.01 wall s
INDE     ITERATION 5 :
TIDE purify_X took      0.00 usr cpu s       0.00 sys cpu s       0.00 wall s
TIDE truncate_matrix took      0.00 usr cpu s       0.00 sys cpu s       0.00 wall s
INDE Actual introduced error   0.000000e+00 : nnz before  116964 <-> 100.00 % , nnz after  116964 <-> 100.00 %
TIDE square took      0.01 usr cpu s       0.04 sys cpu s       0.01 wall s
INDE NNZ Xsq = 116964 <-> 100.00 %
TIDE Frobenius norm of X-X^2 took      0.00 usr cpu s       0.00 sys cpu s       0.00 wall s
TIDE Mixed norm of X-X^2 took      0.00 usr cpu s       0.02 sys cpu s       0.00 wall s
TIDE Trace of X-X^2 took      0.00 usr cpu s       0.00 sys cpu s       0.00 wall s
INDE ||X-X^2||_F = 4.268601e+00 , ||X-X^2||_mixed = 1.493120e+00
INDE trace(X-X^2) = 7.625644e+01
INDE trace(X) = 1.469272e+02
INDE Checking stopping criterion...   
INDE Order of convergence cannot be computed
TIDE stopping_criterion took      0.00 usr cpu s       0.00 sys cpu s       0.00 wall s
TIDE Iteration 5 took      0.02 usr cpu s       0.06 sys cpu s       0.01 wall s
INDE     ITERATION 6 :
TIDE purify_X took      0.00 usr cpu s       0.00 sys cpu s       0.00 wall s
TIDE truncate_matrix took      0.00 usr cpu s       0.00 sys cpu s       0.00 wall s
INDE Actual introduced error   0.000000e+00 : nnz before  116964 <-> 100.00 % , nnz after  116964 <-> 100.00 %
TIDE square took      0.02 usr cpu s       0.04 sys cpu s       0.01 wall s
INDE NNZ Xsq = 116964 <-> 100.00 %
TIDE Frobenius norm of X-X^2 took      0.00 usr cpu s       0.00 sys cpu s       0.00 wall s
TIDE Mixed norm of X-X^2 took      0.01 usr cpu s       0.01 sys cpu s       0.00 wall s
TIDE Trace of X-X^2 took      0.00 usr cpu s       0.00 sys cpu s       0.00 wall s
INDE ||X-X^2||_F = 3.857691e+00 , ||X-X^2||_mixed = 1.410703e+00
INDE trace(X-X^2) = 6.829426e+01
INDE trace(X) = 2.231836e+02
INDE Checking stopping criterion...   
INDE Order of convergence cannot be computed
TIDE stopping_criterion took      0.00 usr cpu s       0.00 sys cpu s       0.00 wall s
TIDE Iteration 6 took      0.03 usr cpu s       0.06 sys cpu s       0.01 wall s
INDE     ITERATION 7 :
TIDE purify_X took      0.00 usr cpu s       0.00 sys cpu s       0.00 wall s
TIDE truncate_matrix took      0.00 usr cpu s       0.00 sys cpu s       0.00 wall s
INDE Actual introduced error   0.000000e+00 : nnz before  116964 <-> 100.00 % , nnz after  116964 <-> 100.00 %
TIDE square took      0.01 usr cpu s       0.05 sys cpu s       0.01 wall s
INDE NNZ Xsq = 116964 <-> 100.00 %
TIDE Frobenius norm of X-X^2 took      0.00 usr cpu s       0.00 sys cpu s       0.00 wall s
TIDE Mixed norm of X-X^2 took      0.01 usr cpu s       0.01 sys cpu s       0.00 wall s
TIDE Trace of X-X^2 took      0.00 usr cpu s       0.00 sys cpu s       0.00 wall s
INDE ||X-X^2||_F = 4.214151e+00 , ||X-X^2||_mixed = 1.520300e+00
INDE trace(X-X^2) = 7.468251e+01
INDE trace(X) = 1.548894e+02
INDE Checking stopping criterion...   
INDE Order of convergence cannot be computed
TIDE stopping_criterion took      0.00 usr cpu s       0.00 sys cpu s       0.00 wall s
TIDE Iteration 7 took      0.02 usr cpu s       0.06 sys cpu s       0.01 wall s
INDE     ITERATION 8 :
TIDE purify_X took      0.00 usr cpu s       0.00 sys cpu s       0.00 wall s
TIDE truncate_matrix took      0.00 usr cpu s       0.00 sys cpu s       0.00 wall s
INDE Actual introduced error   0.000000e+00 : nnz before  116964 <-> 100.00 % , nnz after  116964 <-> 100.00 %
TIDE square took      0.01 usr cpu s       0.04 sys cpu s       0.01 wall s
INDE NNZ Xsq = 116964 <-> 100.00 %
TIDE Frobenius norm of X-X^2 took      0.00 usr cpu s       0.00 sys cpu s       0.00 wall s
TIDE Mixed norm of X-X^2 took      0.00 usr cpu s       0.02 sys cpu s       0.00 wall s
TIDE Trace of X-X^2 took      0.00 usr cpu s       0.00 sys cpu s       0.00 wall s
INDE ||X-X^2||_F = 2.989123e+00 , ||X-X^2||_mixed = 1.291929e+00
INDE trace(X-X^2) = 5.055022e+01
INDE trace(X) = 8.020687e+01
INDE Checking stopping criterion...   
INDE Order of convergence cannot be computed
TIDE stopping_criterion took      0.00 usr cpu s       0.00 sys cpu s       0.00 wall s
TIDE Iteration 8 took      0.01 usr cpu s       0.07 sys cpu s       0.01 wall s
INDE     ITERATION 9 :
TIDE purify_X took      0.00 usr cpu s       0.00 sys cpu s       0.00 wall s
TIDE truncate_matrix took      0.00 usr cpu s       0.00 sys cpu s       0.00 wall s
INDE Actual introduced error   0.000000e+00 : nnz before  116964 <-> 100.00 % , nnz after  116964 <-> 100.00 %
TIDE square took      0.01 usr cpu s       0.04 sys cpu s       0.01 wall s
INDE NNZ Xsq = 116964 <-> 100.00 %
TIDE Frobenius norm of X-X^2 took      0.00 usr cpu s       0.00 sys cpu s       0.00 wall s
TIDE Mixed norm of X-X^2 took      0.01 usr cpu s       0.01 sys cpu s       0.00 wall s
TIDE Trace of X-X^2 took      0.00 usr cpu s       0.00 sys cpu s       0.00 wall s
INDE ||X-X^2||_F = 3.883428e+00 , ||X-X^2||_mixed = 1.532338e+00
INDE trace(X-X^2) = 6.740156e+01
INDE trace(X) = 1.307571e+02
INDE Checking stopping criterion...   
INDE Order of convergence cannot be computed
TIDE stopping_criterion took      0.00 usr cpu s       0.00 sys cpu s       0.00 wall s
TIDE Iteration 9 took      0.03 usr cpu s       0.06 sys cpu s       0.01 wall s
INDE     ITERATION 10 :
TIDE purify_X took      0.00 usr cpu s       0.00 sys cpu s       0.00 wall s
TIDE truncate_matrix took      0.00 usr cpu s       0.00 sys cpu s       0.00 wall s
INDE Actual introduced error   0.000000e+00 : nnz before  116964 <-> 100.00 % , nnz after  116964 <-> 100.00 %
TIDE square took      0.02 usr cpu s       0.03 sys cpu s       0.01 wall s
INDE NNZ Xsq = 116964 <-> 100.00 %
TIDE Frobenius norm of X-X^2 took      0.00 usr cpu s       0.00 sys cpu s       0.00 wall s
TIDE Mixed norm of X-X^2 took      0.01 usr cpu s       0.01 sys cpu s       0.00 wall s
TIDE Trace of X-X^2 took      0.00 usr cpu s       0.00 sys cpu s       0.00 wall s
INDE ||X-X^2||_F = 2.494581e+00 , ||X-X^2||_mixed = 1.239113e+00
INDE trace(X-X^2) = 3.893456e+01
INDE trace(X) = 6.335552e+01
INDE Checking stopping criterion...   
INDE Order of convergence cannot be computed
TIDE stopping_criterion took      0.00 usr cpu s       0.00 sys cpu s       0.00 wall s
TIDE Iteration 10 took      0.03 usr cpu s       0.05 sys cpu s       0.01 wall s
INDE     ITERATION 11 :
TIDE purify_X took      0.00 usr cpu s       0.00 sys cpu s       0.00 wall s
TIDE truncate_matrix took      0.00 usr cpu s       0.00 sys cpu s       0.00 wall s
INDE Actual introduced error   0.000000e+00 : nnz before  116964 <-> 100.00 % , nnz after  116964 <-> 100.00 %
TIDE square took      0.01 usr cpu s       0.04 sys cpu s       0.01 wall s
INDE NNZ Xsq = 116964 <-> 100.00 %
TIDE Frobenius norm of X-X^2 took      0.00 usr cpu s       0.00 sys cpu s       0.00 wall s
TIDE Mixed norm of X-X^2 took      0.00 usr cpu s       0.02 sys cpu s       0.00 wall s
TIDE Trace of X-X^2 took      0.00 usr cpu s       0.00 sys cpu s       0.00 wall s
INDE ||X-X^2||_F = 3.363204e+00 , ||X-X^2||_mixed = 1.529507e+00
INDE trace(X-X^2) = 5.489568e+01
INDE trace(X) = 1.022901e+02
INDE Checking stopping criterion...   
INDE Order of convergence cannot be computed
TIDE stopping_criterion took      0.00 usr cpu s       0.00 sys cpu s       0.00 wall s
TIDE Iteration 11 took      0.02 usr cpu s       0.07 sys cpu s       0.01 wall s
INDE     ITERATION 12 :
TIDE purify_X took      0.00 usr cpu s       0.00 sys cpu s       0.00 wall s
TIDE truncate_matrix took      0.00 usr cpu s       0.00 sys cpu s       0.00 wall s
INDE Actual introduced error   0.000000e+00 : nnz before  116964 <-> 100.00 % , nnz after  116964 <-> 100.00 %
TIDE square took      0.02 usr cpu s       0.04 sys cpu s       0.01 wall s
INDE NNZ Xsq = 116964 <-> 100.00 %
TIDE Frobenius norm of X-X^2 took      0.00 usr cpu s       0.00 sys cpu s       0.00 wall s
TIDE Mixed norm of X-X^2 took      0.00 usr cpu s       0.02 sys cpu s       0.00 wall s
TIDE Trace of X-X^2 took      0.00 usr cpu s       0.00 sys cpu s       0.00 wall s
INDE ||X-X^2||_F = 3.555695e+00 , ||X-X^2||_mixed = 1.585938e+00
INDE trace(X-X^2) = 6.009063e+01
INDE trace(X) = 1.571858e+02
INDE Checking stopping criterion...   
INDE Order of convergence cannot be computed
TIDE stopping_criterion took      0.00 usr cpu s       0.00 sys cpu s       0.00 wall s
TIDE Iteration 12 took      0.03 usr cpu s       0.06 sys cpu s       0.01 wall s
INDE     ITERATION 13 :
TIDE purify_X took      0.00 usr cpu s       0.00 sys cpu s       0.00 wall s
TIDE truncate_matrix took      0.00 usr cpu s       0.00 sys cpu s       0.00 wall s
INDE Actual introduced error   0.000000e+00 : nnz before  116964 <-> 100.00 % , nnz after  116964 <-> 100.00 %
TIDE square took      0.01 usr cpu s       0.04 sys cpu s       0.01 wall s
INDE NNZ Xsq = 116964 <-> 100.00 %
TIDE Frobenius norm of X-X^2 took      0.00 usr cpu s       0.00 sys cpu s       0.00 wall s
TIDE Mixed norm of X-X^2 took      0.00 usr cpu s       0.02 sys cpu s       0.00 wall s
TIDE Trace of X-X^2 took      0.00 usr cpu s       0.00 sys cpu s       0.00 wall s
INDE ||X-X^2||_F = 3.092860e+00 , ||X-X^2||_mixed = 1.553529e+00
INDE trace(X-X^2) = 4.696696e+01
INDE trace(X) = 9.709513e+01
INDE Checking stopping criterion...   
INDE Order of convergence cannot be computed
TIDE stopping_criterion took      0.00 usr cpu s       0.00 sys cpu s       0.00 wall s
TIDE Iteration 13 took      0.02 usr cpu s       0.06 sys cpu s       0.01 wall s
INDE     ITERATION 14 :
TIDE purify_X took      0.00 usr cpu s       0.00 sys cpu s       0.00 wall s
TIDE truncate_matrix took      0.00 usr cpu s       0.00 sys cpu s       0.00 wall s
INDE Actual introduced error   0.000000e+00 : nnz before  116964 <-> 100.00 % , nnz after  116964 <-> 100.00 %
TIDE square took      0.02 usr cpu s       0.08 sys cpu s       0.01 wall s
INDE NNZ Xsq = 116964 <-> 100.00 %
TIDE Frobenius norm of X-X^2 took      0.00 usr cpu s       0.00 sys cpu s       0.00 wall s
TIDE Mixed norm of X-X^2 took      0.00 usr cpu s       0.02 sys cpu s       0.00 wall s
TIDE Trace of X-X^2 took      0.00 usr cpu s       0.00 sys cpu s       0.00 wall s
INDE ||X-X^2||_F = 2.063295e+00 , ||X-X^2||_mixed = 1.244559e+00
INDE trace(X-X^2) = 2.591962e+01
INDE trace(X) = 5.012817e+01
INDE Checking stopping criterion...   
INDE Order of convergence cannot be computed
TIDE stopping_criterion took      0.00 usr cpu s       0.00 sys cpu s       0.00 wall s
TIDE Iteration 14 took      0.02 usr cpu s       0.09 sys cpu s       0.02 wall s
INDE     ITERATION 15 :
TIDE purify_X took      0.00 usr cpu s       0.00 sys cpu s       0.00 wall s
TIDE truncate_matrix took      0.00 usr cpu s       0.00 sys cpu s       0.00 wall s
INDE Actual introduced error   0.000000e+00 : nnz before  116964 <-> 100.00 % , nnz after  116964 <-> 100.00 %
TIDE square took      0.02 usr cpu s       0.04 sys cpu s       0.01 wall s
INDE NNZ Xsq = 116964 <-> 100.00 %
TIDE Frobenius norm of X-X^2 took      0.00 usr cpu s       0.00 sys cpu s       0.00 wall s
TIDE Mixed norm of X-X^2 took      0.01 usr cpu s       0.01 sys cpu s       0.00 wall s
TIDE Trace of X-X^2 took      0.00 usr cpu s       0.00 sys cpu s       0.00 wall s
INDE ||X-X^2||_F = 2.555664e+00 , ||X-X^2||_mixed = 1.432173e+00
INDE trace(X-X^2) = 3.431966e+01
INDE trace(X) = 7.604779e+01
INDE Checking stopping criterion...   
INDE Order of convergence cannot be computed
TIDE stopping_criterion took      0.00 usr cpu s       0.00 sys cpu s       0.00 wall s
TIDE Iteration 15 took      0.04 usr cpu s       0.05 sys cpu s       0.01 wall s
INDE     ITERATION 16 :
TIDE purify_X took      0.00 usr cpu s       0.00 sys cpu s       0.00 wall s
TIDE truncate_matrix took      0.00 usr cpu s       0.00 sys cpu s       0.00 wall s
INDE Actual introduced error   0.000000e+00 : nnz before  116964 <-> 100.00 % , nnz after  116964 <-> 100.00 %
TIDE square took      0.02 usr cpu s       0.04 sys cpu s       0.01 wall s
INDE NNZ Xsq = 116964 <-> 100.00 %
TIDE Frobenius norm of X-X^2 took      0.00 usr cpu s       0.00 sys cpu s       0.00 wall s
TIDE Mixed norm of X-X^2 took      0.00 usr cpu s       0.02 sys cpu s       0.00 wall s
TIDE Trace of X-X^2 took      0.00 usr cpu s       0.00 sys cpu s       0.00 wall s
INDE ||X-X^2||_F = 1.685951e+00 , ||X-X^2||_mixed = 1.138499e+00
INDE trace(X-X^2) = 1.789916e+01
INDE trace(X) = 4.172813e+01
INDE Checking stopping criterion...   
INDE Order of convergence cannot be computed
TIDE stopping_criterion took      0.00 usr cpu s       0.00 sys cpu s       0.00 wall s
TIDE Iteration 16 took      0.03 usr cpu s       0.06 sys cpu s       0.01 wall s
INDE     ITERATION 17 :
TIDE purify_X took      0.00 usr cpu s       0.00 sys cpu s       0.00 wall s
TIDE truncate_matrix took      0.00 usr cpu s       0.00 sys cpu s       0.00 wall s
INDE Actual introduced error   0.000000e+00 : nnz before  116964 <-> 100.00 % , nnz after  116964 <-> 100.00 %
TIDE square took      0.03 usr cpu s       0.03 sys cpu s       0.01 wall s
INDE NNZ Xsq = 116964 <-> 100.00 %
TIDE Frobenius norm of X-X^2 took      0.00 usr cpu s       0.00 sys cpu s       0.00 wall s
TIDE Mixed norm of X-X^2 took      0.00 usr cpu s       0.02 sys cpu s       0.00 wall s
TIDE Trace of X-X^2 took      0.00 usr cpu s       0.00 sys cpu s       0.00 wall s
INDE ||X-X^2||_F = 1.952196e+00 , ||X-X^2||_mixed = 1.214898e+00
INDE trace(X-X^2) = 2.275524e+01
INDE trace(X) = 5.962729e+01
INDE Checking stopping criterion...   
INDE Order of convergence cannot be computed
TIDE stopping_criterion took      0.00 usr cpu s       0.00 sys cpu s       0.00 wall s
TIDE Iteration 17 took      0.03 usr cpu s       0.05 sys cpu s       0.01 wall s
INDE     ITERATION 18 :
TIDE purify_X took      0.00 usr cpu s       0.00 sys cpu s       0.00 wall s
TIDE truncate_matrix took      0.00 usr cpu s       0.00 sys cpu s       0.00 wall s
INDE Actual introduced error   0.000000e+00 : nnz before  116964 <-> 100.00 % , nnz after  116964 <-> 100.00 %
TIDE square took      0.02 usr cpu s       0.04 sys cpu s       0.01 wall s
INDE NNZ Xsq = 116964 <-> 100.00 %
TIDE Frobenius norm of X-X^2 took      0.00 usr cpu s       0.00 sys cpu s       0.00 wall s
TIDE Mixed norm of X-X^2 took      0.01 usr cpu s       0.01 sys cpu s       0.00 wall s
TIDE Trace of X-X^2 took      0.00 usr cpu s       0.00 sys cpu s       0.00 wall s
INDE ||X-X^2||_F = 2.256505e+00 , ||X-X^2||_mixed = 1.443669e+00
INDE trace(X-X^2) = 2.634323e+01
INDE trace(X) = 8.238252e+01
INDE Checking stopping criterion...   
INDE Order of convergence cannot be computed
TIDE stopping_criterion took      0.00 usr cpu s       0.00 sys cpu s       0.00 wall s
TIDE Iteration 18 took      0.03 usr cpu s       0.05 sys cpu s       0.01 wall s
INDE     ITERATION 19 :
TIDE purify_X took      0.00 usr cpu s       0.00 sys cpu s       0.00 wall s
TIDE truncate_matrix took      0.00 usr cpu s       0.00 sys cpu s       0.00 wall s
INDE Actual introduced error   0.000000e+00 : nnz before  116964 <-> 100.00 % , nnz after  116964 <-> 100.00 %
TIDE square took      0.02 usr cpu s       0.04 sys cpu s       0.01 wall s
INDE NNZ Xsq = 116964 <-> 100.00 %
TIDE Frobenius norm of X-X^2 took      0.00 usr cpu s       0.00 sys cpu s       0.00 wall s
TIDE Mixed norm of X-X^2 took      0.00 usr cpu s       0.02 sys cpu s       0.00 wall s
TIDE Trace of X-X^2 took      0.00 usr cpu s       0.00 sys cpu s       0.00 wall s
INDE ||X-X^2||_F = 1.497180e+00 , ||X-X^2||_mixed = 1.012590e+00
INDE trace(X-X^2) = 1.535346e+01
INDE trace(X) = 5.603929e+01
INDE Checking stopping criterion...   
INDE Order of convergence cannot be computed
TIDE stopping_criterion took      0.00 usr cpu s       0.00 sys cpu s       0.00 wall s
TIDE Iteration 19 took      0.02 usr cpu s       0.06 sys cpu s       0.01 wall s
INDE     ITERATION 20 :
TIDE purify_X took      0.00 usr cpu s       0.00 sys cpu s       0.00 wall s
TIDE truncate_matrix took      0.00 usr cpu s       0.00 sys cpu s       0.00 wall s
INDE Actual introduced error   0.000000e+00 : nnz before  116964 <-> 100.00 % , nnz after  116964 <-> 100.00 %
TIDE square took      0.03 usr cpu s       0.04 sys cpu s       0.01 wall s
INDE NNZ Xsq = 116964 <-> 100.00 %
TIDE Frobenius norm of X-X^2 took      0.00 usr cpu s       0.00 sys cpu s       0.00 wall s
TIDE Mixed norm of X-X^2 took      0.00 usr cpu s       0.01 sys cpu s       0.00 wall s
TIDE Trace of X-X^2 took      0.00 usr cpu s       0.00 sys cpu s       0.00 wall s
INDE ||X-X^2||_F = 1.832030e+00 , ||X-X^2||_mixed = 1.269276e+00
INDE trace(X-X^2) = 1.806618e+01
INDE trace(X) = 7.139276e+01
INDE Checking stopping criterion...   
INDE Order of convergence cannot be computed
TIDE stopping_criterion took      0.00 usr cpu s       0.00 sys cpu s       0.00 wall s
TIDE Iteration 20 took      0.03 usr cpu s       0.06 sys cpu s       0.01 wall s
INDE     ITERATION 21 :
TIDE purify_X took      0.00 usr cpu s       0.00 sys cpu s       0.00 wall s
TIDE truncate_matrix took      0.00 usr cpu s       0.00 sys cpu s       0.00 wall s
INDE Actual introduced error   0.000000e+00 : nnz before  116964 <-> 100.00 % , nnz after  116964 <-> 100.00 %
TIDE square took      0.02 usr cpu s       0.05 sys cpu s       0.01 wall s
INDE NNZ Xsq = 116964 <-> 100.00 %
TIDE Frobenius norm of X-X^2 took      0.00 usr cpu s       0.00 sys cpu s       0.00 wall s
TIDE Mixed norm of X-X^2 took      0.01 usr cpu s       0.01 sys cpu s       0.00 wall s
TIDE Trace of X-X^2 took      0.00 usr cpu s       0.00 sys cpu s       0.00 wall s
INDE ||X-X^2||_F = 1.029865e+00 , ||X-X^2||_mixed = 7.575106e-01
INDE trace(X-X^2) = 8.921417e+00
INDE trace(X) = 5.332658e+01
INDE Checking stopping criterion...   
INDE Order of convergence cannot be computed
TIDE stopping_criterion took      0.00 usr cpu s       0.00 sys cpu s       0.00 wall s
TIDE Iteration 21 took      0.03 usr cpu s       0.06 sys cpu s       0.01 wall s
INDE     ITERATION 22 :
TIDE purify_X took      0.00 usr cpu s       0.00 sys cpu s       0.00 wall s
TIDE truncate_matrix took      0.00 usr cpu s       0.00 sys cpu s       0.00 wall s
INDE Actual introduced error   0.000000e+00 : nnz before  116964 <-> 100.00 % , nnz after  116964 <-> 100.00 %
TIDE square took      0.02 usr cpu s       0.04 sys cpu s       0.01 wall s
INDE NNZ Xsq = 116964 <-> 100.00 %
TIDE Frobenius norm of X-X^2 took      0.00 usr cpu s       0.00 sys cpu s       0.00 wall s
TIDE Mixed norm of X-X^2 took      0.00 usr cpu s       0.02 sys cpu s       0.00 wall s
TIDE Trace of X-X^2 took      0.00 usr cpu s       0.00 sys cpu s       0.00 wall s
INDE ||X-X^2||_F = 7.154069e-01 , ||X-X^2||_mixed = 5.882270e-01
INDE trace(X-X^2) = 4.308500e+00
INDE trace(X) = 4.440516e+01
INDE Checking stopping criterion...   
INDE Order of convergence cannot be computed
TIDE stopping_criterion took      0.00 usr cpu s       0.00 sys cpu s       0.00 wall s
TIDE Iteration 22 took      0.02 usr cpu s       0.06 sys cpu s       0.01 wall s
INDE     ITERATION 23 :
TIDE purify_X took      0.00 usr cpu s       0.00 sys cpu s       0.00 wall s
TIDE truncate_matrix took      0.00 usr cpu s       0.00 sys cpu s       0.00 wall s
INDE Actual introduced error   0.000000e+00 : nnz before  116964 <-> 100.00 % , nnz after  116964 <-> 100.00 %
TIDE square took      0.01 usr cpu s       0.04 sys cpu s       0.01 wall s
INDE NNZ Xsq = 116964 <-> 100.00 %
TIDE Frobenius norm of X-X^2 took      0.00 usr cpu s       0.00 sys cpu s       0.00 wall s
TIDE Mixed norm of X-X^2 took      0.00 usr cpu s       0.02 sys cpu s       0.00 wall s
TIDE Trace of X-X^2 took      0.00 usr cpu s       0.00 sys cpu s       0.00 wall s
INDE ||X-X^2||_F = 4.833881e-01 , ||X-X^2||_mixed = 3.923546e-01
INDE trace(X-X^2) = 3.215970e+00
INDE trace(X) = 4.871366e+01
INDE Checking stopping criterion...   
INDE e_i =3.923546e-01, C*e_{i-1}^q = 3.952029e+00
INDE Order of convergence = 10.317144, stop = 0
TIDE stopping_criterion took      0.00 usr cpu s       0.00 sys cpu s       0.00 wall s
TIDE Iteration 23 took      0.02 usr cpu s       0.06 sys cpu s       0.01 wall s
INDE     ITERATION 24 :
TIDE purify_X took      0.00 usr cpu s       0.00 sys cpu s       0.00 wall s
TIDE truncate_matrix took      0.00 usr cpu s       0.00 sys cpu s       0.00 wall s
INDE Actual introduced error   0.000000e+00 : nnz before  116964 <-> 100.00 % , nnz after  116964 <-> 100.00 %
TIDE square took      0.01 usr cpu s       0.05 sys cpu s       0.01 wall s
INDE NNZ Xsq = 116964 <-> 100.00 %
TIDE Frobenius norm of X-X^2 took      0.00 usr cpu s       0.00 sys cpu s       0.00 wall s
TIDE Mixed norm of X-X^2 took      0.01 usr cpu s       0.01 sys cpu s       0.00 wall s
TIDE Trace of X-X^2 took      0.00 usr cpu s       0.00 sys cpu s       0.00 wall s
INDE ||X-X^2||_F = 7.035710e-01 , ||X-X^2||_mixed = 5.655067e-01
INDE trace(X-X^2) = 4.354867e+00
INDE trace(X) = 5.192963e+01
INDE Checking stopping criterion...   
INDE Order of convergence cannot be computed
TIDE stopping_criterion took      0.00 usr cpu s       0.00 sys cpu s       0.00 wall s
TIDE Iteration 24 took      0.02 usr cpu s       0.06 sys cpu s       0.01 wall s
INDE     ITERATION 25 :
TIDE purify_X took      0.00 usr cpu s       0.00 sys cpu s       0.00 wall s
TIDE truncate_matrix took      0.00 usr cpu s       0.00 sys cpu s       0.00 wall s
INDE Actual introduced error   0.000000e+00 : nnz before  116964 <-> 100.00 % , nnz after  116964 <-> 100.00 %
TIDE square took      0.01 usr cpu s       0.04 sys cpu s       0.01 wall s
INDE NNZ Xsq = 116964 <-> 100.00 %
TIDE Frobenius norm of X-X^2 took      0.00 usr cpu s       0.00 sys cpu s       0.00 wall s
TIDE Mixed norm of X-X^2 took      0.01 usr cpu s       0.01 sys cpu s       0.00 wall s
TIDE Trace of X-X^2 took      0.00 usr cpu s       0.00 sys cpu s       0.00 wall s
INDE ||X-X^2||_F = 1.879359e-01 , ||X-X^2||_mixed = 1.598228e-01
INDE trace(X-X^2) = 8.880571e-01
INDE trace(X) = 4.757476e+01
INDE Checking stopping criterion...   
INDE e_i =1.598228e-01, C*e_{i-1}^q = 1.060230e+00
INDE Order of convergence = 4.022442, stop = 0
TIDE stopping_criterion took      0.00 usr cpu s       0.00 sys cpu s       0.00 wall s
TIDE Iteration 25 took      0.02 usr cpu s       0.06 sys cpu s       0.01 wall s
INDE     ITERATION 26 :
TIDE purify_X took      0.00 usr cpu s       0.00 sys cpu s       0.00 wall s
TIDE truncate_matrix took      0.00 usr cpu s       0.00 sys cpu s       0.00 wall s
INDE Actual introduced error   0.000000e+00 : nnz before  116964 <-> 100.00 % , nnz after  116964 <-> 100.00 %
TIDE square took      0.01 usr cpu s       0.04 sys cpu s       0.01 wall s
INDE NNZ Xsq = 116964 <-> 100.00 %
TIDE Frobenius norm of X-X^2 took      0.00 usr cpu s       0.00 sys cpu s       0.00 wall s
TIDE Mixed norm of X-X^2 took      0.00 usr cpu s       0.01 sys cpu s       0.00 wall s
TIDE Trace of X-X^2 took      0.00 usr cpu s       0.00 sys cpu s       0.00 wall s
INDE ||X-X^2||_F = 1.562840e-01 , ||X-X^2||_mixed = 1.527091e-01
INDE trace(X-X^2) = 3.446925e-01
INDE trace(X) = 4.668671e+01
INDE Checking stopping criterion...   
INDE Order of convergence cannot be computed
TIDE stopping_criterion took      0.00 usr cpu s       0.00 sys cpu s       0.00 wall s
TIDE Iteration 26 took      0.01 usr cpu s       0.06 sys cpu s       0.01 wall s
INDE     ITERATION 27 :
TIDE purify_X took      0.00 usr cpu s       0.00 sys cpu s       0.00 wall s
TIDE truncate_matrix took      0.00 usr cpu s       0.00 sys cpu s       0.00 wall s
INDE Actual introduced error   0.000000e+00 : nnz before  116964 <-> 100.00 % , nnz after  116964 <-> 100.00 %
TIDE square took      0.02 usr cpu s       0.04 sys cpu s       0.01 wall s
INDE NNZ Xsq = 116964 <-> 100.00 %
TIDE Frobenius norm of X-X^2 took      0.00 usr cpu s       0.00 sys cpu s       0.00 wall s
TIDE Mixed norm of X-X^2 took      0.00 usr cpu s       0.02 sys cpu s       0.00 wall s
TIDE Trace of X-X^2 took      0.00 usr cpu s       0.00 sys cpu s       0.00 wall s
INDE ||X-X^2||_F = 2.925951e-02 , ||X-X^2||_mixed = 2.678683e-02
INDE trace(X-X^2) = 9.295551e-02
INDE trace(X) = 4.703140e+01
INDE Checking stopping criterion...   
INDE e_i =2.678683e-02, C*e_{i-1}^q = 1.759220e-01
INDE Order of convergence = 3.026417, stop = 0
TIDE stopping_criterion took      0.00 usr cpu s       0.00 sys cpu s       0.00 wall s
TIDE Iteration 27 took      0.02 usr cpu s       0.06 sys cpu s       0.01 wall s
INDE     ITERATION 28 :
TIDE purify_X took      0.00 usr cpu s       0.00 sys cpu s       0.00 wall s
TIDE truncate_matrix took      0.00 usr cpu s       0.00 sys cpu s       0.00 wall s
INDE Actual introduced error   0.000000e+00 : nnz before  116964 <-> 100.00 % , nnz after  116964 <-> 100.00 %
TIDE square took      0.01 usr cpu s       0.05 sys cpu s       0.01 wall s
INDE NNZ Xsq = 116964 <-> 100.00 %
TIDE Frobenius norm of X-X^2 took      0.00 usr cpu s       0.00 sys cpu s       0.00 wall s
TIDE Mixed norm of X-X^2 took      0.01 usr cpu s       0.01 sys cpu s       0.00 wall s
TIDE Trace of X-X^2 took      0.00 usr cpu s       0.00 sys cpu s       0.00 wall s
INDE ||X-X^2||_F = 4.036649e-02 , ||X-X^2||_mixed = 3.402368e-02
INDE trace(X-X^2) = 1.235697e-01
INDE trace(X) = 4.712435e+01
INDE Checking stopping criterion...   
INDE Order of convergence cannot be computed
TIDE stopping_criterion took      0.00 usr cpu s       0.00 sys cpu s       0.00 wall s
TIDE Iteration 28 took      0.02 usr cpu s       0.06 sys cpu s       0.01 wall s
INDE     ITERATION 29 :
TIDE purify_X took      0.00 usr cpu s       0.00 sys cpu s       0.00 wall s
TIDE truncate_matrix took      0.00 usr cpu s       0.00 sys cpu s       0.00 wall s
INDE Actual introduced error   0.000000e+00 : nnz before  116964 <-> 100.00 % , nnz after  116964 <-> 100.00 %
TIDE square took      0.03 usr cpu s       0.03 sys cpu s       0.01 wall s
INDE NNZ Xsq = 116964 <-> 100.00 %
TIDE Frobenius norm of X-X^2 took      0.00 usr cpu s       0.00 sys cpu s       0.00 wall s
TIDE Mixed norm of X-X^2 took      0.00 usr cpu s       0.01 sys cpu s       0.00 wall s
TIDE Trace of X-X^2 took      0.00 usr cpu s       0.00 sys cpu s       0.00 wall s
INDE ||X-X^2||_F = 1.007535e-03 , ||X-X^2||_mixed = 9.300441e-04
INDE trace(X-X^2) = 2.590276e-03
INDE trace(X) = 4.700078e+01
INDE Checking stopping criterion...   
INDE e_i =9.300441e-04, C*e_{i-1}^q = 4.941801e-03
INDE Order of convergence = 2.461416, stop = 0
TIDE stopping_criterion took      0.00 usr cpu s       0.00 sys cpu s       0.00 wall s
TIDE Iteration 29 took      0.03 usr cpu s       0.04 sys cpu s       0.01 wall s
INDE     ITERATION 30 :
TIDE purify_X took      0.00 usr cpu s       0.00 sys cpu s       0.00 wall s
TIDE truncate_matrix took      0.00 usr cpu s       0.00 sys cpu s       0.00 wall s
INDE Actual introduced error   0.000000e+00 : nnz before  116964 <-> 100.00 % , nnz after  116964 <-> 100.00 %
TIDE square took      0.01 usr cpu s       0.05 sys cpu s       0.01 wall s
INDE NNZ Xsq = 116964 <-> 100.00 %
TIDE Frobenius norm of X-X^2 took      0.00 usr cpu s       0.00 sys cpu s       0.00 wall s
TIDE Mixed norm of X-X^2 took      0.00 usr cpu s       0.02 sys cpu s       0.00 wall s
TIDE Trace of X-X^2 took      0.00 usr cpu s       0.00 sys cpu s       0.00 wall s
INDE ||X-X^2||_F = 1.501897e-03 , ||X-X^2||_mixed = 1.309237e-03
INDE trace(X-X^2) = 3.372731e-03
INDE trace(X) = 4.700337e+01
INDE Checking stopping criterion...   
INDE e_i =1.309237e-03, C*e_{i-1}^q = 7.972696e-03
INDE Order of convergence = 2.534380, stop = 0
TIDE stopping_criterion took      0.00 usr cpu s       0.00 sys cpu s       0.00 wall s
TIDE Iteration 30 took      0.01 usr cpu s       0.07 sys cpu s       0.01 wall s
INDE     ITERATION 31 :
TIDE purify_X took      0.00 usr cpu s       0.00 sys cpu s       0.00 wall s
TIDE truncate_matrix took      0.00 usr cpu s       0.00 sys cpu s       0.00 wall s
INDE Actual introduced error   0.000000e+00 : nnz before  116964 <-> 100.00 % , nnz after  116964 <-> 100.00 %
TIDE square took      0.02 usr cpu s       0.04 sys cpu s       0.01 wall s
INDE NNZ Xsq = 116964 <-> 100.00 %
TIDE Frobenius norm of X-X^2 took      0.00 usr cpu s       0.00 sys cpu s       0.00 wall s
TIDE Mixed norm of X-X^2 took      0.00 usr cpu s       0.01 sys cpu s       0.00 wall s
TIDE Trace of X-X^2 took      0.00 usr cpu s       0.00 sys cpu s       0.00 wall s
INDE ||X-X^2||_F = 1.531409e-06 , ||X-X^2||_mixed = 1.445849e-06
INDE trace(X-X^2) = 3.161471e-06
INDE trace(X) = 4.700000e+01
INDE Checking stopping criterion...   
INDE e_i =1.445849e-06, C*e_{i-1}^q = 5.957304e-06
INDE Order of convergence = 2.202846, stop = 0
TIDE stopping_criterion took      0.00 usr cpu s       0.00 sys cpu s       0.00 wall s
TIDE Iteration 31 took      0.02 usr cpu s       0.05 sys cpu s       0.01 wall s
INDE     ITERATION 32 :
TIDE purify_X took      0.00 usr cpu s       0.00 sys cpu s       0.00 wall s
TIDE truncate_matrix took      0.00 usr cpu s       0.00 sys cpu s       0.00 wall s
INDE Actual introduced error   0.000000e+00 : nnz before  116964 <-> 100.00 % , nnz after  116964 <-> 100.00 %
TIDE square took      0.02 usr cpu s       0.04 sys cpu s       0.01 wall s
INDE NNZ Xsq = 116964 <-> 100.00 %
TIDE Frobenius norm of X-X^2 took      0.00 usr cpu s       0.00 sys cpu s       0.00 wall s
TIDE Mixed norm of X-X^2 took      0.00 usr cpu s       0.01 sys cpu s       0.00 wall s
TIDE Trace of X-X^2 took      0.00 usr cpu s       0.00 sys cpu s       0.00 wall s
INDE ||X-X^2||_F = 1.482635e-06 , ||X-X^2||_mixed = 1.479724e-06
INDE trace(X-X^2) = 1.803882e-06
INDE trace(X) = 4.700000e+01
INDE Checking stopping criterion...   
INDE Order of convergence cannot be computed
TIDE stopping_criterion took      0.00 usr cpu s       0.00 sys cpu s       0.00 wall s
TIDE Iteration 32 took      0.02 usr cpu s       0.05 sys cpu s       0.01 wall s
INDE     ITERATION 33 :
TIDE purify_X took      0.00 usr cpu s       0.00 sys cpu s       0.00 wall s
TIDE truncate_matrix took      0.00 usr cpu s       0.00 sys cpu s       0.00 wall s
INDE Actual introduced error   0.000000e+00 : nnz before  116964 <-> 100.00 % , nnz after  116964 <-> 100.00 %
TIDE square took      0.02 usr cpu s       0.04 sys cpu s       0.01 wall s
INDE NNZ Xsq = 116964 <-> 100.00 %
TIDE Frobenius norm of X-X^2 took      0.00 usr cpu s       0.00 sys cpu s       0.00 wall s
TIDE Mixed norm of X-X^2 took      0.00 usr cpu s       0.01 sys cpu s       0.00 wall s
TIDE Trace of X-X^2 took      0.00 usr cpu s       0.00 sys cpu s       0.00 wall s
INDE ||X-X^2||_F = 3.501287e-12 , ||X-X^2||_mixed = 3.420195e-12
INDE trace(X-X^2) = 5.790923e-12
INDE trace(X) = 4.700000e+01
INDE Checking stopping criterion...   
INDE e_i =3.420195e-12, C*e_{i-1}^q = 1.439756e-11
INDE Order of convergence = 2.106892, stop = 0
TIDE stopping_criterion took      0.00 usr cpu s       0.00 sys cpu s       0.00 wall s
TIDE Iteration 33 took      0.02 usr cpu s       0.05 sys cpu s       0.01 wall s
INDE     ITERATION 34 :
TIDE purify_X took      0.00 usr cpu s       0.00 sys cpu s       0.00 wall s
TIDE truncate_matrix took      0.00 usr cpu s       0.00 sys cpu s       0.00 wall s
INDE Actual introduced error   0.000000e+00 : nnz before  116964 <-> 100.00 % , nnz after  116964 <-> 100.00 %
TIDE square took      0.01 usr cpu s       0.04 sys cpu s       0.01 wall s
INDE NNZ Xsq = 116964 <-> 100.00 %
TIDE Frobenius norm of X-X^2 took      0.00 usr cpu s       0.00 sys cpu s       0.00 wall s
TIDE Mixed norm of X-X^2 took      0.00 usr cpu s       0.01 sys cpu s       0.00 wall s
TIDE Trace of X-X^2 took      0.00 usr cpu s       0.00 sys cpu s       0.00 wall s
INDE ||X-X^2||_F = 4.135150e-12 , ||X-X^2||_mixed = 4.134850e-12
INDE trace(X-X^2) = 4.384049e-12
INDE trace(X) = 4.700000e+01
INDE Checking stopping criterion...   
INDE e_i =4.134850e-12, C*e_{i-1}^q = 1.508010e-11
INDE Order of convergence = 2.096391, stop = 0
TIDE stopping_criterion took      0.00 usr cpu s       0.00 sys cpu s       0.00 wall s
TIDE Iteration 34 took      0.02 usr cpu s       0.05 sys cpu s       0.01 wall s
INDE     ITERATION 35 :
TIDE purify_X took      0.00 usr cpu s       0.00 sys cpu s       0.00 wall s
TIDE truncate_matrix took      0.00 usr cpu s       0.00 sys cpu s       0.00 wall s
INDE Actual introduced error   0.000000e+00 : nnz before  116964 <-> 100.00 % , nnz after  116964 <-> 100.00 %
TIDE square took      0.02 usr cpu s       0.03 sys cpu s       0.01 wall s
INDE NNZ Xsq = 116964 <-> 100.00 %
TIDE Frobenius norm of X-X^2 took      0.00 usr cpu s       0.00 sys cpu s       0.00 wall s
TIDE Mixed norm of X-X^2 took      0.00 usr cpu s       0.00 sys cpu s       0.00 wall s
TIDE Trace of X-X^2 took      0.00 usr cpu s       0.00 sys cpu s       0.00 wall s
INDE ||X-X^2||_F = 2.277469e-15 , ||X-X^2||_mixed = 0.000000e+00
INDE trace(X-X^2) = 0.000000e+00
INDE trace(X) = 4.700000e+01
INDE Checking stopping criterion...   
INDE ************************************************************************************************************
INDE The norm value went much below machine precision, therefore we stop here since n_max can be underestimated.
INDE ************************************************************************************************************
INDE e_i =0.000000e+00, C*e_{i-1}^q = 8.056463e-23
INDE Order of convergence = inf, stop = 1
TIDE stopping_criterion took      0.00 usr cpu s       0.00 sys cpu s       0.00 wall s
INDE PURIFICATION CONVERGED after 35 iterations
TIDE Iteration 35 took      0.03 usr cpu s       0.04 sys cpu s       0.01 wall s
INDE Number of non-zeros in D is  116964 <-> 100.00 %
TIDE FileWritable::writeAndReadAll took      0.00 usr cpu s       0.00 sys cpu s       0.00 wall s
INDE writeAndReadAll sizesStr: '0 MB (1 MatrixGeneral, 0 > 1 MB) + 0 MB (13 MatrixSymmetric, 0 > 1 MB) + 0 MB (2 VectorGeneral, 0 > 1 MB) = 0 MB (16 total, 0 > 1 MB)
INDE TOTAL accumulated subspace error is 0.000000e+00
INDE TOTAL X square time: 0.272750 wall s
INDE TOTAL X trunction time: 0.008409 wall s
INDE TOTAL X purify (exl. X^2 computation) time: 0.008614 wall s
INDE TOTAL time to get number of non-zero elements: 0.001499 wall s
INDE TOTAL time to get mixed norm: 0.084671 wall s
INDE TOTAL time to get Frobenius norm: 0.009217 wall s
INDE TOTAL time for stopping criterion: 0.001667 wall s
INDE TOTAL time to get matrix trace: 0.000821 wall s
INDE Estimated bounds for the eigenvalues for the Fock matrix:
INDE LUMO: [ 0.034393829067 , 0.077485701553 ]
INDE HOMO: [ -0.387108597679 , -0.349633509616 ]
TIDE eigenvalue_bounds_estimation() took      0.00 usr cpu s       0.00 sys cpu s       0.00 wall s
TIDE Recursive expansion took      0.99 usr cpu s       2.57 sys cpu s       0.47 wall s
TIDE Puri->PurificationStart() took      0.99 usr cpu s       2.57 sys cpu s       0.47 wall s
TIDE Accumulated wall times for writeToFile in PurificationStart()          : 0 s (MatrixGeneral) + 1.2e-06 s (MatrixSymmetric) + 0.00013 s (VectorGeneral) = 0.00013 s
TIDE Accumulated wall times for readFromFile in PurificationStart()         : 0 s (MatrixGeneral) + 9.5e-07 s (MatrixSymmetric) + 6.6e-05 s (VectorGeneral) = 6.7e-05 s
TIDE Accumulated wall times for copy and assign in PurificationStart()      : 1.2e-06 s (MatrixSymmetric) + 5.3e-05 s (VectorGeneral) = 5.4e-05 s
INDE Number of calls to writeToFile in PurificationStart()                  : 2 (MatrixGeneral) + 27 (MatrixSymmetric) + 1509 (VectorGeneral) = 1538 
INDE Number of calls to readFromFile in PurificationStart()                 : 2 (MatrixGeneral) + 26 (MatrixSymmetric) + 609 (VectorGeneral) = 637 
INDE Number of calls to FileWritable copy and assign in PurificationStart() : 2 (MatrixSymmetric) + 37 (VectorGeneral) = 39 
TIDE mat::Gblas::time after purification :     2.340702
INDE Created .m files with results of the purification
INDE Purification converged OK, subspaceError <=          0.00000000000
INDE E(LUMO) - E(HOMO) >=          0.38402733868 =         10.44991629187 eV
INDE E(LUMO) - E(HOMO) <=          0.46459429923 =         12.64225498452 eV
INDE HOMO interval : [   -0.387108597679   -0.349633509616 ]
INDE LUMO interval : [    0.034393829067    0.077485701553 ]
INDE Trace of resulting density matrix is         47.00000000000, error is   0.00000000000000.
INDE Truncated D_ort ( mixed ), selected threshold = 9.99999e-08, returned error =          0, nnz before = 116964 <-> 100.0000 %, nnz after = 116964 <-> 100.0000 %
TIDE FileWritable::writeAndReadAll took      0.00 usr cpu s       0.00 sys cpu s       0.00 wall s
INDE writeAndReadAll sizesStr: '0 MB (1 MatrixGeneral, 0 > 1 MB) + 0 MB (12 MatrixSymmetric, 0 > 1 MB) + 0 MB (1 MatrixTriangular, 0 > 1 MB) = 0 MB (14 total, 0 > 1 MB)
TIDE D_w to non-orthogonal basis took      0.01 usr cpu s       0.04 sys cpu s       0.01 wall s
INDE Truncated D_S (eucl with Z), selected threshold = 9.99999e-08, returned error =          0, nnz before = 100.0000 %, nnz after = 100.0000 %
INDE get_dens_from_fock_sparse ending OK
TIDE get_dens_from_fock_sparse took      1.27 usr cpu s       3.65 sys cpu s       0.65 wall s
ERDE get_dens_from_fock  (GetDensFromFock class) : purification finished OK.
TIDE get_dens_from_fock took      1.27 usr cpu s       3.65 sys cpu s       0.65 wall s
INSC Matrix 'new density matrix' ( symm ): n =    342, nnz =       116964 <-> 100.00 %, mem usage  0.0005 G
INSC Tr( D * S ) =         93.99999999996
TISC get_new_density_matrix took      1.27 usr cpu s       3.65 sys cpu s       0.65 wall s
INSC SCF_restricted::report_density_difference, diff_eucl =          0.81574006120
TISC SCF_restricted::report_density_difference took      0.02 usr cpu s       0.07 sys cpu s       0.01 wall s
INMA ddf_writeShellListAndDensityMatricesToFile_sparse, n =    342, densityMatrixList[0].nvalues =       58653
INMA opened temporary file 'density.bin.7jyNZd' for writing
INMA Choosing matrixStorageType = MATRIX_STORAGE_TYPE_TRIANGLE.
INMA fileSize =          560392 bytes =      0.560 MegaBytes
INMA renamed file 'density.bin.7jyNZd' to 'density.bin'
INMA ddf_writeShellListAndDensityMatricesToFile_sparse freeing buffer.
INMA ddf_writeShellListAndDensityMatricesToFile_sparse returning OK.
TISC write_density_to_file took      0.02 usr cpu s       0.04 sys cpu s       0.01 wall s
INSC Creating mtx file for Fock matrix
INSC Creating mtx file for density matrix
INSC SCF cycle   3 finished.
TISC SCF cycle   3 took   1168.05 usr cpu s       6.01 sys cpu s     181.17 wall s
INSC Beginning of SCF cycle 4:  Thu Mar 26 20:18:16 2026
INDE compute_J_by_boxes_sparse() start.
TIDE FileWritable::writeAndReadAll took      0.00 usr cpu s       0.00 sys cpu s       0.00 wall s
INDE writeAndReadAll: '0 MB (1 MatrixGeneral, 0 > 1 MB) + 0 MB (11 MatrixSymmetric, 0 > 1 MB) = 0 MB (12 total, 0 > 1 MB)
IN   compute_J_by_boxes_sparse, maxDensityMatrixElement =         22.31401013931
ININ get_basis_func_pair_list, n =    342
ININ create_box_system end OK, toplevelBoxSize:   7.0, #levels:  3, #boxes at top level:      6
TIIN get_basis_func_pair_list_2el took      0.15 usr cpu s       0.00 sys cpu s       0.15 wall s
IN   compute_J_by_boxes_sparse: noOfBasisFuncIndexPairs = 54626 ==> storing  46.70 % of a full matrix
ININ entering compute_J_by_boxes_linear, no of basis funcs =   342, threshold_J =   1e-16
ININ use_fmm = 1, fmm_box_size =   5.00
TIIN Compute extent for all distrs took      0.51 usr cpu s       0.00 sys cpu s       0.51 wall s
ININ extent_min =    0.000, extent_max =   22.744
ININ Creating list of distributions etc done, distrCount =    388094
TIIN Creating list of distributions etc took      0.73 usr cpu s       0.00 sys cpu s       0.73 wall s
ININ create_box_system end OK, toplevelBoxSize:   5.0, #levels:  3, #boxes at top level:     10
TIIN Creating boxes took      0.04 usr cpu s       0.00 sys cpu s       0.05 wall s
ININ noOfBranches = 6, splitters:  20.00 10.00  5.00  2.50  0.00
ININ J org done, groupCount =    16614
TIIN J org took      1.68 usr cpu s       0.00 sys cpu s       1.68 wall s
TIIN Generate group multipoles took      0.73 usr cpu s       0.00 sys cpu s       0.73 wall s
ININ totChargeWholeSystem =          0.00000000000
ININ Generating multipole for each branch at top level, MAX_MULTIPOLE_DEGREE = 15
TIIN Translate multipoles (step 1) took      0.58 usr cpu s       0.00 sys cpu s       0.58 wall s
TIIN Translate multipoles (step 2) took      0.11 usr cpu s       0.00 sys cpu s       0.11 wall s
ININ job lists for J created OK, noOfJobs_J_standard =     1733, noOfJobs_J_multipole =      193
TIIN Creating job lists for J took      0.00 usr cpu s       0.00 sys cpu s       0.00 wall s
ININ execute_joblist_J_std_threaded, noOfThreads =  8
ININ 8 threads started OK.
ININ all 8 threads have finished.
TIIN execute_joblist_J_std_threaded took    273.99 usr cpu s       0.17 sys cpu s      40.94 wall s
TIIN sort_list_of_multipole_jobs init part took      0.00 usr cpu s       0.00 sys cpu s       0.00 wall s
TIIN sort_list_of_multipole_jobs complete took      0.00 usr cpu s       0.00 sys cpu s       0.00 wall s
TIIN sort_list_of_multipole_jobs took      0.00 usr cpu s       0.00 sys cpu s       0.00 wall s
ININ execute_joblist_J_fmm_shared: Allocating multipoleList_4, maxnoOfMinimalDistrsPerBoxBranch =     63205
ININ execute_joblist_J_fmm_shared: jobIndexLo =            0, jobIndexHi =           24
ININ execute_joblist_J_fmm_shared: Allocating multipoleList_4, maxnoOfMinimalDistrsPerBoxBranch =     63205
ININ execute_joblist_J_fmm_shared: Allocating multipoleList_4, maxnoOfMinimalDistrsPerBoxBranch =     63205
ININ execute_joblist_J_fmm_shared: jobIndexLo =           48, jobIndexHi =           72
ININ execute_joblist_J_fmm_shared: jobIndexLo =           24, jobIndexHi =           48
ININ execute_joblist_J_fmm_shared: Allocating multipoleList_4, maxnoOfMinimalDistrsPerBoxBranch =     63205
ININ execute_joblist_J_fmm_shared: jobIndexLo =           72, jobIndexHi =           96
ININ execute_joblist_J_fmm_shared: Allocating multipoleList_4, maxnoOfMinimalDistrsPerBoxBranch =     63205
ININ execute_joblist_J_fmm_shared: jobIndexLo =           96, jobIndexHi =          120
ININ execute_joblist_J_fmm_shared: Allocating multipoleList_4, maxnoOfMinimalDistrsPerBoxBranch =     63205
ININ execute_joblist_J_fmm_shared: jobIndexLo =          120, jobIndexHi =          144
ININ execute_joblist_J_fmm_shared: Allocating multipoleList_4, maxnoOfMinimalDistrsPerBoxBranch =     63205
ININ execute_joblist_J_fmm_shared: jobIndexLo =          144, jobIndexHi =          168
ININ execute_joblist_J_fmm_shared: Allocating multipoleList_4, maxnoOfMinimalDistrsPerBoxBranch =     63205
ININ execute_joblist_J_fmm_shared: jobIndexLo =          168, jobIndexHi =          193
ININ execute_joblist_J_fmm_shared: done!
ININ execute_joblist_J_fmm_shared: done!
ININ execute_joblist_J_fmm_shared: done!
ININ execute_joblist_J_fmm_shared: done!
ININ execute_joblist_J_fmm_shared: done!
ININ execute_joblist_J_fmm_shared: done!
ININ execute_joblist_J_fmm_shared: done!
ININ execute_joblist_J_fmm_shared: done!
ININ multipole job list for J executed, largest L used: 11
TIIN Executing multipole job list for J took      0.64 usr cpu s       0.00 sys cpu s       0.25 wall s
ININ compute_J_by_boxes_linear ending OK.
TIIN compute_J_by_boxes_linear took    278.51 usr cpu s       0.18 sys cpu s      45.08 wall s
TI   compute_J_by_boxes_sparse total took    278.68 usr cpu s       0.18 sys cpu s      45.25 wall s
ININ entering create_CSR_for_K, no of basis funcs =   342, threshold_K =   1e-16
ININ create_box_system end OK, toplevelBoxSize:   7.0, #levels:  3, #boxes at top level:      6
ININ create_box_system end OK, toplevelBoxSize:   7.0, #levels:  3, #boxes at top level:      6
ININ create_box_system end OK, toplevelBoxSize:   7.0, #levels:  3, #boxes at top level:      6
TIIN create_CSR_for_K getting list of distrs took      0.45 usr cpu s       0.03 sys cpu s       0.49 wall s
ININ list of neighbors complete.
TIIN create_CSR_for_K getting list of neighbors took      0.00 usr cpu s       0.00 sys cpu s       0.00 wall s
TIIN create_CSR_for_K sort each list of neighbors took      0.06 usr cpu s       0.00 sys cpu s       0.06 wall s
ININ 8 threads started OK.
TIIN identify_needed_elements() took    697.09 usr cpu s       0.50 sys cpu s      89.67 wall s
ININ computing nnz..
ININ create_CSR_for_K: predicted nnz =        58653, <->  50.15% of a full matrix
TIIN create_CSR_for_K last part took      0.00 usr cpu s       0.00 sys cpu s       0.00 wall s
TIIN create_CSR_for_K total took    697.61 usr cpu s       0.54 sys cpu s      90.23 wall s
ININ entering compute_K_by_boxes, no of basis funcs =   342, threshold_K =   1e-16, exchange_box_size =   5.00
ININ create_box_system end OK, toplevelBoxSize:   7.0, #levels:  3, #boxes at top level:      6
ININ create_box_system end OK, toplevelBoxSize:   7.0, #levels:  3, #boxes at top level:      6
ININ create_box_system end OK, toplevelBoxSize:   7.0, #levels:  3, #boxes at top level:      6
TIIN Compute extent for all distrs took      0.51 usr cpu s       0.00 sys cpu s       0.51 wall s
ININ Creating list of distributions done, distrCountTot =    388094
TIIN Creating list of distributions took      0.79 usr cpu s       0.02 sys cpu s       0.81 wall s
ININ create_box_system end OK, toplevelBoxSize:   5.0, #levels:  3, #boxes at top level:     10
ININ create_box_system end OK, toplevelBoxSize:   2.5, #levels:  4, #boxes at top level:     16
ININ noOfLevelsBasisFuncs = 4, noOfLevelsDiff = 1
TIIN Creating boxes etc took      0.04 usr cpu s       0.00 sys cpu s       0.04 wall s
TIIN getting multipoleNormVectorList took      0.79 usr cpu s       0.00 sys cpu s       0.79 wall s
TIIN K organize_distributions for all boxes took      2.20 usr cpu s       0.02 sys cpu s       2.22 wall s
ININ starting loop to setup basisFuncGroupInfoList, with added index checks.
TIIN GetLimitsAllLevels took      0.34 usr cpu s       0.00 sys cpu s       0.34 wall s
ININ getDmatLimitMatrixCSRList start.
TIIN getting densityMatrixLimitMatrixList took      0.02 usr cpu s       0.00 sys cpu s       0.02 wall s
ININ job list for K created,       55 jobs
TIIN creating job list for K took      0.00 usr cpu s       0.00 sys cpu s       0.00 wall s
ININ execute_joblist_K_threaded, noOfThreads =  8, basisFuncListCount_max =   333
ININ 8 threads started OK.
ININ all 8 threads have finished, took       40 wall s.
TIIN Executing job list for K took    178.74 usr cpu s       0.07 sys cpu s      39.97 wall s
TIIN compute_K_by_boxes took    182.91 usr cpu s       0.11 sys cpu s      44.18 wall s
TI   compute_K_by_boxes_sparse total took    880.55 usr cpu s       0.65 sys cpu s     134.45 wall s
INSC About to truncate FockMatrix, gap of Fprev >=          0.38402733868
TISC symmMatrix::mixed_diff for F vs Fprev maxEigValMovement_mixed took      0.00 usr cpu s       0.00 sys cpu s       0.00 wall s
TISC symmMatrix::eucl_diff for maxEigValMovement_eucl  took      0.04 usr cpu s       0.11 sys cpu s       0.02 wall s
INSC maxEigValMovement_frob  =          0.02813063192
INSC maxEigValMovement_mixed =          0.02275041985
INSC maxEigValMovement_eucl  =          0.01278724024
TISC FockMatrix.eucl_thresh() (with Z) took      0.12 usr cpu s       0.35 sys cpu s       0.08 wall s
INSC Truncated FockMatrix (eucl with Z), selected threshold = 3.58453e-08, returned error =          0, nnz before = 100.0000 %, nnz after = 100.0000 %
INSC Matrix 'S' ( symm ): n =    342, nnz =       116964 <-> 100.00 %, mem usage  0.0005 G
INSC Matrix 'F' ( symm ): n =    342, nnz =       116964 <-> 100.00 %, mem usage  0.0005 G
INSC Matrix 'D' ( symm ): n =    342, nnz =       116964 <-> 100.00 %, mem usage  0.0005 G
INSC nuclearEnergy, energy_2el, energy = 782.160484, 1007.260626, -645.112834
INSC Energy   4 =       -645.11283421178  ( diff     -0.000062669267209 )
INSC calling compute_FDSminusSDF_sparse, n = 342
INDE compute_FDSminusSDF_sparse() start.
TIDE FileWritable::writeAndReadAll took      0.00 usr cpu s       0.00 sys cpu s       0.00 wall s
INDE writeAndReadAll: '0 MB (1 MatrixGeneral, 0 > 1 MB) + 0 MB (9 MatrixSymmetric, 0 > 1 MB) = 0 MB (10 total, 0 > 1 MB)
TISC compute_FDSminusSDF_sparse, F*D mult took      0.05 usr cpu s       0.06 sys cpu s       0.01 wall s
INSC Matrix 'FD before eucl truncation' (normal): n =    342, nnz =       116964 <-> 100.00 %, mem usage  0.0009 G
INSC Matrix 'FD after  eucl truncation' (normal): n =    342, nnz =       116964 <-> 100.00 %, mem usage  0.0009 G
INSC Matrix 'FDS before eucl truncation' (normal): n =    342, nnz =       116964 <-> 100.00 %, mem usage  0.0009 G
INSC Matrix 'FDS after  eucl truncation' (normal): n =    342, nnz =       116964 <-> 100.00 %, mem usage  0.0009 G
INSC compute_FDSminusSDF_sparse ending OK.
TISC compute_FDSminusSDF_sparse took      0.13 usr cpu s       0.26 sys cpu s       0.05 wall s
INSC Matrix 'FDS-SDF' (normal): n =    342, nnz =       116964 <-> 100.00 %, mem usage  0.0009 G
INSC SCF_restricted::get_FDSminusSDF finished.
TISC get_FDSminusSDF took      0.13 usr cpu s       0.26 sys cpu s       0.05 wall s
INSC maxabs FDS-SDF is  0.00167
INSC frob   FDS-SDF is    0.016
TISC get_error_measure took      0.00 usr cpu s       0.01 sys cpu s       0.00 wall s
INSC entering DIISManagerRestricted::AddIterationToList, IterCount =  3
INSC DIISManagerRestricted::AddIterationToList ending OK.
TISC DIISManagerRestricted::AddIterationToList took      0.00 usr cpu s       0.01 sys cpu s       0.00 wall s
INSC using DIIS to get combined Fock matrix, number of iters used for DIIS:  4
TISC clear_error_matrices took      0.00 usr cpu s       0.00 sys cpu s       0.00 wall s
TISC save_current_fock_as_fprev took      0.00 usr cpu s       0.00 sys cpu s       0.00 wall s
INDE get_dens_from_fock_general, n = 342, use_diagonalization = 0, use_diag_on_error = 1
INDE Before writeAndReadAll(): AllocatorManager statistics:  noOfRealsPerBuffer: 1024 noOfBuffers: 20000 list.size(): 1. Allocated: 0.164 GB, Used: 0.0105 GB, Peak alloc: 0.164 GB.
TIDE FileWritable::writeAndReadAll took      0.00 usr cpu s       0.00 sys cpu s       0.00 wall s
INDE writeAndReadAll sizesStr: '0 MB (1 MatrixGeneral, 0 > 1 MB) + 0 MB (7 MatrixSymmetric, 0 > 1 MB) = 0 MB (8 total, 0 > 1 MB)
INDE After writeAndReadAll(): AllocatorManager statistics:  noOfRealsPerBuffer: 1024 noOfBuffers: 20000 list.size(): 1. Allocated: 0.164 GB, Used: 0.0105 GB, Peak alloc: 0.164 GB.
INDE calling get_dens_from_fock_sparse, n =    342, subspaceErrorLimit = 1e-06
INDE get_dens_from_fock_sparse() start!
INDE After F.readFromFile(): AllocatorManager statistics:  noOfRealsPerBuffer: 1024 noOfBuffers: 20000 list.size(): 1. Allocated: 0.164 GB, Used: 0.0105 GB, Peak alloc: 0.164 GB.
INDE After creating wrapper MatrixType F_w(F): AllocatorManager statistics:  noOfRealsPerBuffer: 1024 noOfBuffers: 20000 list.size(): 1. Allocated: 0.164 GB, Used: 0.0109 GB, Peak alloc: 0.164 GB.
TIDE  F_w to orthogonal basis took      0.01 usr cpu s       0.05 sys cpu s       0.01 wall s
TIDE MatrixType::mixed_diff for maxEigValMovement_mixed took      0.01 usr cpu s       0.01 sys cpu s       0.00 wall s
TIDE symmMatrixWrap::eucl_diff for maxEigValMovement_eucl  took      0.07 usr cpu s       0.32 sys cpu s       0.05 wall s
INDE maxEigValMovement_frob  =          0.01244165243
INDE maxEigValMovement_mixed =          0.00874422773
INDE maxEigValMovement_eucl  =          0.00380729317
INDE lumo before truncation: [ 0.030586535898 , 0.081292994722 ]
INDE homo before truncation: [ -0.390915890848 , -0.345826216447 ]
INDE Truncate matrix F and update intervals for homo and lumo.
INDE Truncating F_ort ( mixed ), selected threshold = 3.76413e-08
INDE Truncated F_ort ( mixed ), selected threshold = 3.76413e-08, returned error =          0, nnz before = 100.0000 %, nnz after = 100.0000 %
TIDE Truncation of F_ort took      0.00 usr cpu s       0.00 sys cpu s       0.00 wall s
INDE Chosen Ergo Wrapper
INDE Creating purification object: N = 342 , nocc = 47 , NNZ = 116964  <-> 100.00000 %
INDE Chosen norm for the truncation: 
INDE mixed
INDE Chosen norm for the stopping criterion: 
INDE mixed
INDE Chosen the NEW stopping criterion.
INDE Allowed error in subspace 7.000000e-07
INDE Chosen SP2 purification method
INDE calling Puri->PurificationStart(), number of threads = 1, trunc norm 'mixed'
TIDE gershgorin took      0.00 usr cpu s       0.01 sys cpu s       0.00 wall s
INDE Gershgorin bounds: [ -59.820533607280 , 100.436227740193 ]
INDE EXPANDED Gershgorin bounds: [ -59.820533622181 , 100.436227755094 ]
INDE Trying to impove bounds using Lanczos algorithm...
TIDE compute_spectrum_bounds took      0.09 usr cpu s       0.36 sys cpu s       0.06 wall s
INDE Spectrum of F: 	 [ -20.624457123051 , 51.715313043173 ]
INDE Transform homo and lumo bounds...
INDE HOMO bounds of X: 	 [ 0.719675209639 , 0.720298513726 ]
INDE LUMO bounds of X: 	 [ 0.713770861171 , 0.714471809746 ]
INDE INIT LUMO: [ 0.713770861171 , 0.714471809746 ]
INDE INIT HOMO: [ 0.279701486274 , 0.280324790361 ]
INDE ESTIMATED NUMBER OF ITERATIONS IS 35
INDE Put eigenvalues of F to the interval [0,1] in reverse order.
TIDE compute_X() took      0.00 usr cpu s       0.00 sys cpu s       0.00 wall s
TIDE prepare_to_purification() took      0.10 usr cpu s       0.36 sys cpu s       0.06 wall s
INDE (EIGV,PARAMS) Requested 0 occipied eigenpair(s).
INDE (EIGV,PARAMS) Requested 0 unoccipied eigenpair(s).
TIDE prepare_to_purification_eigenvectors() took      0.00 usr cpu s       0.00 sys cpu s       0.00 wall s
INDE Starting recursive expansion
INDE     BEFORE ITERATIONS:
TIDE truncate_matrix took      0.00 usr cpu s       0.00 sys cpu s       0.00 wall s
INDE Actual introduced error   0.000000e+00 : nnz before  116964 <-> 100.00 % , nnz after  116964 <-> 100.00 %
TIDE square took      0.03 usr cpu s       0.02 sys cpu s       0.01 wall s
INDE NNZ Xsq = 116964 <-> 100.00 %
TIDE Frobenius norm of X-X^2 took      0.00 usr cpu s       0.00 sys cpu s       0.00 wall s
TIDE Mixed norm of X-X^2 took      0.01 usr cpu s       0.01 sys cpu s       0.00 wall s
TIDE Trace of X-X^2 took      0.00 usr cpu s       0.00 sys cpu s       0.00 wall s
INDE ||X-X^2||_F = 3.851980e+00 , ||X-X^2||_mixed = 1.286045e+00
INDE trace(X-X^2) = 7.012889e+01
INDE trace(X) = 2.342473e+02
TIDE Iteration 0 took      0.04 usr cpu s       0.04 sys cpu s       0.01 wall s
TIDE FileWritable::writeAndReadAll took      0.00 usr cpu s       0.00 sys cpu s       0.00 wall s
INDE writeAndReadAll sizesStr: '0 MB (1 MatrixGeneral, 0 > 1 MB) + 0 MB (13 MatrixSymmetric, 0 > 1 MB) + 0 MB (2 VectorGeneral, 0 > 1 MB) = 0 MB (16 total, 0 > 1 MB)
INDE     ITERATION 1 :
TIDE purify_X took      0.00 usr cpu s       0.00 sys cpu s       0.00 wall s
TIDE truncate_matrix took      0.00 usr cpu s       0.00 sys cpu s       0.00 wall s
INDE Actual introduced error   0.000000e+00 : nnz before  116964 <-> 100.00 % , nnz after  116964 <-> 100.00 %
TIDE square took      0.01 usr cpu s       0.05 sys cpu s       0.01 wall s
INDE NNZ Xsq = 116964 <-> 100.00 %
TIDE Frobenius norm of X-X^2 took      0.00 usr cpu s       0.00 sys cpu s       0.00 wall s
TIDE Mixed norm of X-X^2 took      0.00 usr cpu s       0.02 sys cpu s       0.00 wall s
TIDE Trace of X-X^2 took      0.00 usr cpu s       0.00 sys cpu s       0.00 wall s
INDE ||X-X^2||_F = 4.467941e+00 , ||X-X^2||_mixed = 1.460682e+00
INDE trace(X-X^2) = 8.127625e+01
INDE trace(X) = 1.641185e+02
TIDE Iteration 1 took      0.02 usr cpu s       0.07 sys cpu s       0.01 wall s
INDE     ITERATION 2 :
TIDE purify_X took      0.00 usr cpu s       0.00 sys cpu s       0.00 wall s
TIDE truncate_matrix took      0.00 usr cpu s       0.00 sys cpu s       0.00 wall s
INDE Actual introduced error   0.000000e+00 : nnz before  116964 <-> 100.00 % , nnz after  116964 <-> 100.00 %
TIDE square took      0.01 usr cpu s       0.04 sys cpu s       0.01 wall s
INDE NNZ Xsq = 116964 <-> 100.00 %
TIDE Frobenius norm of X-X^2 took      0.00 usr cpu s       0.00 sys cpu s       0.00 wall s
TIDE Mixed norm of X-X^2 took      0.00 usr cpu s       0.02 sys cpu s       0.00 wall s
TIDE Trace of X-X^2 took      0.00 usr cpu s       0.00 sys cpu s       0.00 wall s
INDE ||X-X^2||_F = 3.254758e+00 , ||X-X^2||_mixed = 1.135645e+00
INDE trace(X-X^2) = 5.849124e+01
INDE trace(X) = 8.284221e+01
INDE Checking stopping criterion...   
INDE Order of convergence cannot be computed
TIDE stopping_criterion took      0.00 usr cpu s       0.00 sys cpu s       0.00 wall s
TIDE Iteration 2 took      0.02 usr cpu s       0.06 sys cpu s       0.01 wall s
INDE     ITERATION 3 :
TIDE purify_X took      0.00 usr cpu s       0.00 sys cpu s       0.00 wall s
TIDE truncate_matrix took      0.00 usr cpu s       0.00 sys cpu s       0.00 wall s
INDE Actual introduced error   0.000000e+00 : nnz before  116964 <-> 100.00 % , nnz after  116964 <-> 100.00 %
TIDE square took      0.02 usr cpu s       0.05 sys cpu s       0.01 wall s
INDE NNZ Xsq = 116964 <-> 100.00 %
TIDE Frobenius norm of X-X^2 took      0.00 usr cpu s       0.00 sys cpu s       0.00 wall s
TIDE Mixed norm of X-X^2 took      0.00 usr cpu s       0.02 sys cpu s       0.00 wall s
TIDE Trace of X-X^2 took      0.00 usr cpu s       0.00 sys cpu s       0.00 wall s
INDE ||X-X^2||_F = 4.290411e+00 , ||X-X^2||_mixed = 1.444694e+00
INDE trace(X-X^2) = 7.741667e+01
INDE trace(X) = 1.413334e+02
INDE Checking stopping criterion...   
INDE Order of convergence cannot be computed
TIDE stopping_criterion took      0.00 usr cpu s       0.00 sys cpu s       0.00 wall s
TIDE Iteration 3 took      0.02 usr cpu s       0.07 sys cpu s       0.01 wall s
INDE     ITERATION 4 :
TIDE purify_X took      0.00 usr cpu s       0.00 sys cpu s       0.00 wall s
TIDE truncate_matrix took      0.00 usr cpu s       0.00 sys cpu s       0.00 wall s
INDE Actual introduced error   0.000000e+00 : nnz before  116964 <-> 100.00 % , nnz after  116964 <-> 100.00 %
TIDE square took      0.02 usr cpu s       0.04 sys cpu s       0.01 wall s
INDE NNZ Xsq = 116964 <-> 100.00 %
TIDE Frobenius norm of X-X^2 took      0.00 usr cpu s       0.00 sys cpu s       0.00 wall s
TIDE Mixed norm of X-X^2 took      0.00 usr cpu s       0.02 sys cpu s       0.00 wall s
TIDE Trace of X-X^2 took      0.00 usr cpu s       0.00 sys cpu s       0.00 wall s
INDE ||X-X^2||_F = 4.003223e+00 , ||X-X^2||_mixed = 1.405971e+00
INDE trace(X-X^2) = 7.177803e+01
INDE trace(X) = 2.187501e+02
INDE Checking stopping criterion...   
INDE Order of convergence cannot be computed
TIDE stopping_criterion took      0.00 usr cpu s       0.00 sys cpu s       0.00 wall s
TIDE Iteration 4 took      0.02 usr cpu s       0.06 sys cpu s       0.01 wall s
INDE     ITERATION 5 :
TIDE purify_X took      0.00 usr cpu s       0.00 sys cpu s       0.00 wall s
TIDE truncate_matrix took      0.00 usr cpu s       0.00 sys cpu s       0.00 wall s
INDE Actual introduced error   0.000000e+00 : nnz before  116964 <-> 100.00 % , nnz after  116964 <-> 100.00 %
TIDE square took      0.01 usr cpu s       0.05 sys cpu s       0.01 wall s
INDE NNZ Xsq = 116964 <-> 100.00 %
TIDE Frobenius norm of X-X^2 took      0.00 usr cpu s       0.00 sys cpu s       0.00 wall s
TIDE Mixed norm of X-X^2 took      0.00 usr cpu s       0.02 sys cpu s       0.00 wall s
TIDE Trace of X-X^2 took      0.00 usr cpu s       0.00 sys cpu s       0.00 wall s
INDE ||X-X^2||_F = 4.268913e+00 , ||X-X^2||_mixed = 1.493215e+00
INDE trace(X-X^2) = 7.626176e+01
INDE trace(X) = 1.469721e+02
INDE Checking stopping criterion...   
INDE Order of convergence cannot be computed
TIDE stopping_criterion took      0.00 usr cpu s       0.00 sys cpu s       0.00 wall s
TIDE Iteration 5 took      0.02 usr cpu s       0.07 sys cpu s       0.01 wall s
INDE     ITERATION 6 :
TIDE purify_X took      0.00 usr cpu s       0.00 sys cpu s       0.00 wall s
TIDE truncate_matrix took      0.00 usr cpu s       0.00 sys cpu s       0.00 wall s
INDE Actual introduced error   0.000000e+00 : nnz before  116964 <-> 100.00 % , nnz after  116964 <-> 100.00 %
TIDE square took      0.02 usr cpu s       0.04 sys cpu s       0.01 wall s
INDE NNZ Xsq = 116964 <-> 100.00 %
TIDE Frobenius norm of X-X^2 took      0.00 usr cpu s       0.00 sys cpu s       0.00 wall s
TIDE Mixed norm of X-X^2 took      0.00 usr cpu s       0.02 sys cpu s       0.00 wall s
TIDE Trace of X-X^2 took      0.00 usr cpu s       0.00 sys cpu s       0.00 wall s
INDE ||X-X^2||_F = 2.734364e+00 , ||X-X^2||_mixed = 1.096838e+00
INDE trace(X-X^2) = 4.779847e+01
INDE trace(X) = 7.071033e+01
INDE Checking stopping criterion...   
INDE Order of convergence cannot be computed
TIDE stopping_criterion took      0.00 usr cpu s       0.00 sys cpu s       0.00 wall s
TIDE Iteration 6 took      0.03 usr cpu s       0.06 sys cpu s       0.01 wall s
INDE     ITERATION 7 :
TIDE purify_X took      0.00 usr cpu s       0.00 sys cpu s       0.00 wall s
TIDE truncate_matrix took      0.00 usr cpu s       0.00 sys cpu s       0.00 wall s
INDE Actual introduced error   0.000000e+00 : nnz before  116964 <-> 100.00 % , nnz after  116964 <-> 100.00 %
TIDE square took      0.02 usr cpu s       0.04 sys cpu s       0.01 wall s
INDE NNZ Xsq = 116964 <-> 100.00 %
TIDE Frobenius norm of X-X^2 took      0.00 usr cpu s       0.00 sys cpu s       0.00 wall s
TIDE Mixed norm of X-X^2 took      0.00 usr cpu s       0.02 sys cpu s       0.00 wall s
TIDE Trace of X-X^2 took      0.00 usr cpu s       0.00 sys cpu s       0.00 wall s
INDE ||X-X^2||_F = 3.850916e+00 , ||X-X^2||_mixed = 1.464433e+00
INDE trace(X-X^2) = 6.764192e+01
INDE trace(X) = 1.185088e+02
INDE Checking stopping criterion...   
INDE Order of convergence cannot be computed
TIDE stopping_criterion took      0.00 usr cpu s       0.00 sys cpu s       0.00 wall s
TIDE Iteration 7 took      0.02 usr cpu s       0.07 sys cpu s       0.01 wall s
INDE     ITERATION 8 :
TIDE purify_X took      0.00 usr cpu s       0.00 sys cpu s       0.00 wall s
TIDE truncate_matrix took      0.00 usr cpu s       0.00 sys cpu s       0.00 wall s
INDE Actual introduced error   0.000000e+00 : nnz before  116964 <-> 100.00 % , nnz after  116964 <-> 100.00 %
TIDE square took      0.02 usr cpu s       0.04 sys cpu s       0.01 wall s
INDE NNZ Xsq = 116964 <-> 100.00 %
TIDE Frobenius norm of X-X^2 took      0.00 usr cpu s       0.00 sys cpu s       0.00 wall s
TIDE Mixed norm of X-X^2 took      0.00 usr cpu s       0.02 sys cpu s       0.00 wall s
TIDE Trace of X-X^2 took      0.00 usr cpu s       0.00 sys cpu s       0.00 wall s
INDE ||X-X^2||_F = 4.120429e+00 , ||X-X^2||_mixed = 1.498151e+00
INDE trace(X-X^2) = 7.299830e+01
INDE trace(X) = 1.861507e+02
INDE Checking stopping criterion...   
INDE Order of convergence cannot be computed
TIDE stopping_criterion took      0.00 usr cpu s       0.00 sys cpu s       0.00 wall s
TIDE Iteration 8 took      0.03 usr cpu s       0.06 sys cpu s       0.01 wall s
INDE     ITERATION 9 :
TIDE purify_X took      0.00 usr cpu s       0.00 sys cpu s       0.00 wall s
TIDE truncate_matrix took      0.00 usr cpu s       0.00 sys cpu s       0.00 wall s
INDE Actual introduced error   0.000000e+00 : nnz before  116964 <-> 100.00 % , nnz after  116964 <-> 100.00 %
TIDE square took      0.02 usr cpu s       0.04 sys cpu s       0.01 wall s
INDE NNZ Xsq = 116964 <-> 100.00 %
TIDE Frobenius norm of X-X^2 took      0.00 usr cpu s       0.00 sys cpu s       0.00 wall s
TIDE Mixed norm of X-X^2 took      0.01 usr cpu s       0.01 sys cpu s       0.00 wall s
TIDE Trace of X-X^2 took      0.00 usr cpu s       0.00 sys cpu s       0.00 wall s
INDE ||X-X^2||_F = 3.665847e+00 , ||X-X^2||_mixed = 1.504913e+00
INDE trace(X-X^2) = 6.284652e+01
INDE trace(X) = 1.131524e+02
INDE Checking stopping criterion...   
INDE Order of convergence cannot be computed
TIDE stopping_criterion took      0.00 usr cpu s       0.00 sys cpu s       0.00 wall s
TIDE Iteration 9 took      0.03 usr cpu s       0.05 sys cpu s       0.01 wall s
INDE     ITERATION 10 :
TIDE purify_X took      0.00 usr cpu s       0.00 sys cpu s       0.00 wall s
TIDE truncate_matrix took      0.00 usr cpu s       0.00 sys cpu s       0.00 wall s
INDE Actual introduced error   0.000000e+00 : nnz before  116964 <-> 100.00 % , nnz after  116964 <-> 100.00 %
TIDE square took      0.01 usr cpu s       0.04 sys cpu s       0.01 wall s
INDE NNZ Xsq = 116964 <-> 100.00 %
TIDE Frobenius norm of X-X^2 took      0.00 usr cpu s       0.00 sys cpu s       0.00 wall s
TIDE Mixed norm of X-X^2 took      0.00 usr cpu s       0.01 sys cpu s       0.00 wall s
TIDE Trace of X-X^2 took      0.00 usr cpu s       0.00 sys cpu s       0.00 wall s
INDE ||X-X^2||_F = 3.888139e+00 , ||X-X^2||_mixed = 1.520328e+00
INDE trace(X-X^2) = 6.812211e+01
INDE trace(X) = 1.759989e+02
INDE Checking stopping criterion...   
INDE Order of convergence cannot be computed
TIDE stopping_criterion took      0.00 usr cpu s       0.00 sys cpu s       0.00 wall s
TIDE Iteration 10 took      0.02 usr cpu s       0.06 sys cpu s       0.01 wall s
INDE     ITERATION 11 :
TIDE purify_X took      0.00 usr cpu s       0.00 sys cpu s       0.00 wall s
TIDE truncate_matrix took      0.00 usr cpu s       0.00 sys cpu s       0.00 wall s
INDE Actual introduced error   0.000000e+00 : nnz before  116964 <-> 100.00 % , nnz after  116964 <-> 100.00 %
TIDE square took      0.02 usr cpu s       0.04 sys cpu s       0.01 wall s
INDE NNZ Xsq = 116964 <-> 100.00 %
TIDE Frobenius norm of X-X^2 took      0.00 usr cpu s       0.00 sys cpu s       0.00 wall s
TIDE Mixed norm of X-X^2 took      0.00 usr cpu s       0.02 sys cpu s       0.00 wall s
TIDE Trace of X-X^2 took      0.00 usr cpu s       0.00 sys cpu s       0.00 wall s
INDE ||X-X^2||_F = 3.436324e+00 , ||X-X^2||_mixed = 1.550253e+00
INDE trace(X-X^2) = 5.635108e+01
INDE trace(X) = 1.078768e+02
INDE Checking stopping criterion...   
INDE Order of convergence cannot be computed
TIDE stopping_criterion took      0.00 usr cpu s       0.00 sys cpu s       0.00 wall s
TIDE Iteration 11 took      0.02 usr cpu s       0.06 sys cpu s       0.01 wall s
INDE     ITERATION 12 :
TIDE purify_X took      0.00 usr cpu s       0.00 sys cpu s       0.00 wall s
TIDE truncate_matrix took      0.00 usr cpu s       0.00 sys cpu s       0.00 wall s
INDE Actual introduced error   0.000000e+00 : nnz before  116964 <-> 100.00 % , nnz after  116964 <-> 100.00 %
TIDE square took      0.01 usr cpu s       0.05 sys cpu s       0.01 wall s
INDE NNZ Xsq = 116964 <-> 100.00 %
TIDE Frobenius norm of X-X^2 took      0.00 usr cpu s       0.00 sys cpu s       0.00 wall s
TIDE Mixed norm of X-X^2 took      0.00 usr cpu s       0.02 sys cpu s       0.00 wall s
TIDE Trace of X-X^2 took      0.00 usr cpu s       0.00 sys cpu s       0.00 wall s
INDE ||X-X^2||_F = 2.134359e+00 , ||X-X^2||_mixed = 1.203980e+00
INDE trace(X-X^2) = 2.958653e+01
INDE trace(X) = 5.152575e+01
INDE Checking stopping criterion...   
INDE Order of convergence cannot be computed
TIDE stopping_criterion took      0.00 usr cpu s       0.00 sys cpu s       0.00 wall s
TIDE Iteration 12 took      0.02 usr cpu s       0.07 sys cpu s       0.01 wall s
INDE     ITERATION 13 :
TIDE purify_X took      0.00 usr cpu s       0.00 sys cpu s       0.00 wall s
TIDE truncate_matrix took      0.00 usr cpu s       0.00 sys cpu s       0.00 wall s
INDE Actual introduced error   0.000000e+00 : nnz before  116964 <-> 100.00 % , nnz after  116964 <-> 100.00 %
TIDE square took      0.03 usr cpu s       0.03 sys cpu s       0.01 wall s
INDE NNZ Xsq = 116964 <-> 100.00 %
TIDE Frobenius norm of X-X^2 took      0.00 usr cpu s       0.00 sys cpu s       0.00 wall s
TIDE Mixed norm of X-X^2 took      0.01 usr cpu s       0.01 sys cpu s       0.00 wall s
TIDE Trace of X-X^2 took      0.00 usr cpu s       0.00 sys cpu s       0.00 wall s
INDE ||X-X^2||_F = 2.856714e+00 , ||X-X^2||_mixed = 1.476541e+00
INDE trace(X-X^2) = 4.204014e+01
INDE trace(X) = 8.111229e+01
INDE Checking stopping criterion...   
INDE Order of convergence cannot be computed
TIDE stopping_criterion took      0.00 usr cpu s       0.00 sys cpu s       0.00 wall s
TIDE Iteration 13 took      0.04 usr cpu s       0.05 sys cpu s       0.01 wall s
INDE     ITERATION 14 :
TIDE purify_X took      0.00 usr cpu s       0.00 sys cpu s       0.00 wall s
TIDE truncate_matrix took      0.00 usr cpu s       0.00 sys cpu s       0.00 wall s
INDE Actual introduced error   0.000000e+00 : nnz before  116964 <-> 100.00 % , nnz after  116964 <-> 100.00 %
TIDE square took      0.02 usr cpu s       0.03 sys cpu s       0.01 wall s
INDE NNZ Xsq = 116964 <-> 100.00 %
TIDE Frobenius norm of X-X^2 took      0.00 usr cpu s       0.00 sys cpu s       0.00 wall s
TIDE Mixed norm of X-X^2 took      0.00 usr cpu s       0.02 sys cpu s       0.00 wall s
TIDE Trace of X-X^2 took      0.00 usr cpu s       0.00 sys cpu s       0.00 wall s
INDE ||X-X^2||_F = 3.137480e+00 , ||X-X^2||_mixed = 1.633264e+00
INDE trace(X-X^2) = 4.810232e+01
INDE trace(X) = 1.231524e+02
INDE Checking stopping criterion...   
INDE Order of convergence cannot be computed
TIDE stopping_criterion took      0.00 usr cpu s       0.00 sys cpu s       0.00 wall s
TIDE Iteration 14 took      0.03 usr cpu s       0.06 sys cpu s       0.01 wall s
INDE     ITERATION 15 :
TIDE purify_X took      0.00 usr cpu s       0.00 sys cpu s       0.00 wall s
TIDE truncate_matrix took      0.00 usr cpu s       0.00 sys cpu s       0.00 wall s
INDE Actual introduced error   0.000000e+00 : nnz before  116964 <-> 100.00 % , nnz after  116964 <-> 100.00 %
TIDE square took      0.02 usr cpu s       0.04 sys cpu s       0.01 wall s
INDE NNZ Xsq = 116964 <-> 100.00 %
TIDE Frobenius norm of X-X^2 took      0.00 usr cpu s       0.00 sys cpu s       0.00 wall s
TIDE Mixed norm of X-X^2 took      0.00 usr cpu s       0.02 sys cpu s       0.00 wall s
TIDE Trace of X-X^2 took      0.00 usr cpu s       0.00 sys cpu s       0.00 wall s
INDE ||X-X^2||_F = 2.538629e+00 , ||X-X^2||_mixed = 1.428019e+00
INDE trace(X-X^2) = 3.388727e+01
INDE trace(X) = 7.505011e+01
INDE Checking stopping criterion...   
INDE Order of convergence cannot be computed
TIDE stopping_criterion took      0.00 usr cpu s       0.00 sys cpu s       0.00 wall s
TIDE Iteration 15 took      0.02 usr cpu s       0.06 sys cpu s       0.01 wall s
INDE     ITERATION 16 :
TIDE purify_X took      0.00 usr cpu s       0.00 sys cpu s       0.00 wall s
TIDE truncate_matrix took      0.00 usr cpu s       0.00 sys cpu s       0.00 wall s
INDE Actual introduced error   0.000000e+00 : nnz before  116964 <-> 100.00 % , nnz after  116964 <-> 100.00 %
TIDE square took      0.01 usr cpu s       0.05 sys cpu s       0.01 wall s
INDE NNZ Xsq = 116964 <-> 100.00 %
TIDE Frobenius norm of X-X^2 took      0.00 usr cpu s       0.00 sys cpu s       0.00 wall s
TIDE Mixed norm of X-X^2 took      0.00 usr cpu s       0.02 sys cpu s       0.00 wall s
TIDE Trace of X-X^2 took      0.00 usr cpu s       0.00 sys cpu s       0.00 wall s
INDE ||X-X^2||_F = 2.741358e+00 , ||X-X^2||_mixed = 1.619563e+00
INDE trace(X-X^2) = 3.725159e+01
INDE trace(X) = 1.089374e+02
INDE Checking stopping criterion...   
INDE Order of convergence cannot be computed
TIDE stopping_criterion took      0.00 usr cpu s       0.00 sys cpu s       0.00 wall s
TIDE Iteration 16 took      0.02 usr cpu s       0.08 sys cpu s       0.01 wall s
INDE     ITERATION 17 :
TIDE purify_X took      0.00 usr cpu s       0.00 sys cpu s       0.00 wall s
TIDE truncate_matrix took      0.00 usr cpu s       0.00 sys cpu s       0.00 wall s
INDE Actual introduced error   0.000000e+00 : nnz before  116964 <-> 100.00 % , nnz after  116964 <-> 100.00 %
TIDE square took      0.02 usr cpu s       0.03 sys cpu s       0.01 wall s
INDE NNZ Xsq = 116964 <-> 100.00 %
TIDE Frobenius norm of X-X^2 took      0.00 usr cpu s       0.00 sys cpu s       0.00 wall s
TIDE Mixed norm of X-X^2 took      0.00 usr cpu s       0.02 sys cpu s       0.00 wall s
TIDE Trace of X-X^2 took      0.00 usr cpu s       0.00 sys cpu s       0.00 wall s
INDE ||X-X^2||_F = 2.197256e+00 , ||X-X^2||_mixed = 1.348462e+00
INDE trace(X-X^2) = 2.634362e+01
INDE trace(X) = 7.168579e+01
INDE Checking stopping criterion...   
INDE Order of convergence cannot be computed
TIDE stopping_criterion took      0.00 usr cpu s       0.00 sys cpu s       0.00 wall s
TIDE Iteration 17 took      0.03 usr cpu s       0.05 sys cpu s       0.01 wall s
INDE     ITERATION 18 :
TIDE purify_X took      0.00 usr cpu s       0.00 sys cpu s       0.00 wall s
TIDE truncate_matrix took      0.00 usr cpu s       0.00 sys cpu s       0.00 wall s
INDE Actual introduced error   0.000000e+00 : nnz before  116964 <-> 100.00 % , nnz after  116964 <-> 100.00 %
TIDE square took      0.01 usr cpu s       0.05 sys cpu s       0.01 wall s
INDE NNZ Xsq = 116964 <-> 100.00 %
TIDE Frobenius norm of X-X^2 took      0.00 usr cpu s       0.00 sys cpu s       0.00 wall s
TIDE Mixed norm of X-X^2 took      0.01 usr cpu s       0.01 sys cpu s       0.00 wall s
TIDE Trace of X-X^2 took      0.00 usr cpu s       0.00 sys cpu s       0.00 wall s
INDE ||X-X^2||_F = 1.503886e+00 , ||X-X^2||_mixed = 1.049206e+00
INDE trace(X-X^2) = 1.465579e+01
INDE trace(X) = 4.534217e+01
INDE Checking stopping criterion...   
INDE Order of convergence cannot be computed
TIDE stopping_criterion took      0.00 usr cpu s       0.00 sys cpu s       0.00 wall s
TIDE Iteration 18 took      0.02 usr cpu s       0.06 sys cpu s       0.01 wall s
INDE     ITERATION 19 :
TIDE purify_X took      0.00 usr cpu s       0.00 sys cpu s       0.00 wall s
TIDE truncate_matrix took      0.00 usr cpu s       0.00 sys cpu s       0.00 wall s
INDE Actual introduced error   0.000000e+00 : nnz before  116964 <-> 100.00 % , nnz after  116964 <-> 100.00 %
TIDE square took      0.01 usr cpu s       0.05 sys cpu s       0.01 wall s
INDE NNZ Xsq = 116964 <-> 100.00 %
TIDE Frobenius norm of X-X^2 took      0.00 usr cpu s       0.00 sys cpu s       0.00 wall s
TIDE Mixed norm of X-X^2 took      0.01 usr cpu s       0.01 sys cpu s       0.00 wall s
TIDE Trace of X-X^2 took      0.00 usr cpu s       0.00 sys cpu s       0.00 wall s
INDE ||X-X^2||_F = 1.606688e+00 , ||X-X^2||_mixed = 1.077770e+00
INDE trace(X-X^2) = 1.667468e+01
INDE trace(X) = 5.999796e+01
INDE Checking stopping criterion...   
INDE Order of convergence cannot be computed
TIDE stopping_criterion took      0.00 usr cpu s       0.00 sys cpu s       0.00 wall s
TIDE Iteration 19 took      0.01 usr cpu s       0.07 sys cpu s       0.01 wall s
INDE     ITERATION 20 :
TIDE purify_X took      0.00 usr cpu s       0.00 sys cpu s       0.00 wall s
TIDE truncate_matrix took      0.00 usr cpu s       0.00 sys cpu s       0.00 wall s
INDE Actual introduced error   0.000000e+00 : nnz before  116964 <-> 100.00 % , nnz after  116964 <-> 100.00 %
TIDE square took      0.02 usr cpu s       0.06 sys cpu s       0.01 wall s
INDE NNZ Xsq = 116964 <-> 100.00 %
TIDE Frobenius norm of X-X^2 took      0.00 usr cpu s       0.00 sys cpu s       0.00 wall s
TIDE Mixed norm of X-X^2 took      0.01 usr cpu s       0.01 sys cpu s       0.00 wall s
TIDE Trace of X-X^2 took      0.00 usr cpu s       0.00 sys cpu s       0.00 wall s
INDE ||X-X^2||_F = 1.109464e+00 , ||X-X^2||_mixed = 8.470040e-01
INDE trace(X-X^2) = 8.651691e+00
INDE trace(X) = 4.332328e+01
INDE Checking stopping criterion...   
INDE Order of convergence cannot be computed
TIDE stopping_criterion took      0.00 usr cpu s       0.00 sys cpu s       0.00 wall s
TIDE Iteration 20 took      0.03 usr cpu s       0.08 sys cpu s       0.01 wall s
INDE     ITERATION 21 :
TIDE purify_X took      0.00 usr cpu s       0.00 sys cpu s       0.00 wall s
TIDE truncate_matrix took      0.00 usr cpu s       0.00 sys cpu s       0.00 wall s
INDE Actual introduced error   0.000000e+00 : nnz before  116964 <-> 100.00 % , nnz after  116964 <-> 100.00 %
TIDE square took      0.01 usr cpu s       0.05 sys cpu s       0.01 wall s
INDE NNZ Xsq = 116964 <-> 100.00 %
TIDE Frobenius norm of X-X^2 took      0.00 usr cpu s       0.00 sys cpu s       0.00 wall s
TIDE Mixed norm of X-X^2 took      0.01 usr cpu s       0.01 sys cpu s       0.00 wall s
TIDE Trace of X-X^2 took      0.00 usr cpu s       0.00 sys cpu s       0.00 wall s
INDE ||X-X^2||_F = 9.699450e-01 , ||X-X^2||_mixed = 7.165526e-01
INDE trace(X-X^2) = 8.400314e+00
INDE trace(X) = 5.197497e+01
INDE Checking stopping criterion...   
INDE Order of convergence cannot be computed
TIDE stopping_criterion took      0.00 usr cpu s       0.00 sys cpu s       0.00 wall s
TIDE Iteration 21 took      0.02 usr cpu s       0.06 sys cpu s       0.01 wall s
INDE     ITERATION 22 :
TIDE purify_X took      0.00 usr cpu s       0.00 sys cpu s       0.00 wall s
TIDE truncate_matrix took      0.00 usr cpu s       0.00 sys cpu s       0.00 wall s
INDE Actual introduced error   0.000000e+00 : nnz before  116964 <-> 100.00 % , nnz after  116964 <-> 100.00 %
TIDE square took      0.02 usr cpu s       0.03 sys cpu s       0.01 wall s
INDE NNZ Xsq = 116964 <-> 100.00 %
TIDE Frobenius norm of X-X^2 took      0.00 usr cpu s       0.00 sys cpu s       0.00 wall s
TIDE Mixed norm of X-X^2 took      0.00 usr cpu s       0.02 sys cpu s       0.00 wall s
TIDE Trace of X-X^2 took      0.00 usr cpu s       0.00 sys cpu s       0.00 wall s
INDE ||X-X^2||_F = 1.309320e+00 , ||X-X^2||_mixed = 9.759678e-01
INDE trace(X-X^2) = 1.061436e+01
INDE trace(X) = 6.037529e+01
INDE Checking stopping criterion...   
INDE Order of convergence cannot be computed
TIDE stopping_criterion took      0.00 usr cpu s       0.00 sys cpu s       0.00 wall s
TIDE Iteration 22 took      0.03 usr cpu s       0.06 sys cpu s       0.01 wall s
INDE     ITERATION 23 :
TIDE purify_X took      0.00 usr cpu s       0.00 sys cpu s       0.00 wall s
TIDE truncate_matrix took      0.00 usr cpu s       0.00 sys cpu s       0.00 wall s
INDE Actual introduced error   0.000000e+00 : nnz before  116964 <-> 100.00 % , nnz after  116964 <-> 100.00 %
TIDE square took      0.02 usr cpu s       0.04 sys cpu s       0.01 wall s
INDE NNZ Xsq = 116964 <-> 100.00 %
TIDE Frobenius norm of X-X^2 took      0.00 usr cpu s       0.00 sys cpu s       0.00 wall s
TIDE Mixed norm of X-X^2 took      0.00 usr cpu s       0.02 sys cpu s       0.00 wall s
TIDE Trace of X-X^2 took      0.00 usr cpu s       0.00 sys cpu s       0.00 wall s
INDE ||X-X^2||_F = 5.536953e-01 , ||X-X^2||_mixed = 4.421237e-01
INDE trace(X-X^2) = 3.719444e+00
INDE trace(X) = 4.976092e+01
INDE Checking stopping criterion...   
INDE e_i =4.421237e-01, C*e_{i-1}^q = 3.536216e+00
INDE Order of convergence = 8.238223, stop = 0
TIDE stopping_criterion took      0.00 usr cpu s       0.00 sys cpu s       0.00 wall s
TIDE Iteration 23 took      0.03 usr cpu s       0.05 sys cpu s       0.01 wall s
INDE     ITERATION 24 :
TIDE purify_X took      0.00 usr cpu s       0.00 sys cpu s       0.00 wall s
TIDE truncate_matrix took      0.00 usr cpu s       0.00 sys cpu s       0.00 wall s
INDE Actual introduced error   0.000000e+00 : nnz before  116964 <-> 100.00 % , nnz after  116964 <-> 100.00 %
TIDE square took      0.01 usr cpu s       0.05 sys cpu s       0.01 wall s
INDE NNZ Xsq = 116964 <-> 100.00 %
TIDE Frobenius norm of X-X^2 took      0.00 usr cpu s       0.00 sys cpu s       0.00 wall s
TIDE Mixed norm of X-X^2 took      0.01 usr cpu s       0.01 sys cpu s       0.00 wall s
TIDE Trace of X-X^2 took      0.00 usr cpu s       0.00 sys cpu s       0.00 wall s
INDE ||X-X^2||_F = 3.553756e-01 , ||X-X^2||_mixed = 3.218423e-01
INDE trace(X-X^2) = 1.457578e+00
INDE trace(X) = 4.604148e+01
INDE Checking stopping criterion...   
INDE Order of convergence cannot be computed
TIDE stopping_criterion took      0.00 usr cpu s       0.00 sys cpu s       0.00 wall s
TIDE Iteration 24 took      0.02 usr cpu s       0.06 sys cpu s       0.01 wall s
INDE     ITERATION 25 :
TIDE purify_X took      0.00 usr cpu s       0.00 sys cpu s       0.00 wall s
TIDE truncate_matrix took      0.00 usr cpu s       0.00 sys cpu s       0.00 wall s
INDE Actual introduced error   0.000000e+00 : nnz before  116964 <-> 100.00 % , nnz after  116964 <-> 100.00 %
TIDE square took      0.02 usr cpu s       0.04 sys cpu s       0.01 wall s
INDE NNZ Xsq = 116964 <-> 100.00 %
TIDE Frobenius norm of X-X^2 took      0.00 usr cpu s       0.00 sys cpu s       0.00 wall s
TIDE Mixed norm of X-X^2 took      0.00 usr cpu s       0.02 sys cpu s       0.00 wall s
TIDE Trace of X-X^2 took      0.00 usr cpu s       0.00 sys cpu s       0.00 wall s
INDE ||X-X^2||_F = 1.795342e-01 , ||X-X^2||_mixed = 1.542429e-01
INDE trace(X-X^2) = 8.463712e-01
INDE trace(X) = 4.749906e+01
INDE Checking stopping criterion...   
INDE e_i =1.542429e-01, C*e_{i-1}^q = 1.346264e+00
INDE Order of convergence = 4.654560, stop = 0
TIDE stopping_criterion took      0.00 usr cpu s       0.00 sys cpu s       0.00 wall s
TIDE Iteration 25 took      0.02 usr cpu s       0.06 sys cpu s       0.01 wall s
INDE     ITERATION 26 :
TIDE purify_X took      0.00 usr cpu s       0.00 sys cpu s       0.00 wall s
TIDE truncate_matrix took      0.00 usr cpu s       0.00 sys cpu s       0.00 wall s
INDE Actual introduced error   0.000000e+00 : nnz before  116964 <-> 100.00 % , nnz after  116964 <-> 100.00 %
TIDE square took      0.02 usr cpu s       0.04 sys cpu s       0.01 wall s
INDE NNZ Xsq = 116964 <-> 100.00 %
TIDE Frobenius norm of X-X^2 took      0.00 usr cpu s       0.00 sys cpu s       0.00 wall s
TIDE Mixed norm of X-X^2 took      0.00 usr cpu s       0.02 sys cpu s       0.00 wall s
TIDE Trace of X-X^2 took      0.00 usr cpu s       0.00 sys cpu s       0.00 wall s
INDE ||X-X^2||_F = 2.847380e-01 , ||X-X^2||_mixed = 2.379003e-01
INDE trace(X-X^2) = 1.266076e+00
INDE trace(X) = 4.834543e+01
INDE Checking stopping criterion...   
INDE Order of convergence cannot be computed
TIDE stopping_criterion took      0.00 usr cpu s       0.00 sys cpu s       0.00 wall s
TIDE Iteration 26 took      0.03 usr cpu s       0.06 sys cpu s       0.01 wall s
INDE     ITERATION 27 :
TIDE purify_X took      0.00 usr cpu s       0.00 sys cpu s       0.00 wall s
TIDE truncate_matrix took      0.00 usr cpu s       0.00 sys cpu s       0.00 wall s
INDE Actual introduced error   0.000000e+00 : nnz before  116964 <-> 100.00 % , nnz after  116964 <-> 100.00 %
TIDE square took      0.01 usr cpu s       0.04 sys cpu s       0.01 wall s
INDE NNZ Xsq = 116964 <-> 100.00 %
TIDE Frobenius norm of X-X^2 took      0.00 usr cpu s       0.00 sys cpu s       0.00 wall s
TIDE Mixed norm of X-X^2 took      0.00 usr cpu s       0.02 sys cpu s       0.00 wall s
TIDE Trace of X-X^2 took      0.00 usr cpu s       0.00 sys cpu s       0.00 wall s
INDE ||X-X^2||_F = 3.454050e-02 , ||X-X^2||_mixed = 2.968525e-02
INDE trace(X-X^2) = 1.179009e-01
INDE trace(X) = 4.707935e+01
INDE Checking stopping criterion...   
INDE e_i =2.968525e-02, C*e_{i-1}^q = 1.638524e-01
INDE Order of convergence = 2.913916, stop = 0
TIDE stopping_criterion took      0.00 usr cpu s       0.00 sys cpu s       0.00 wall s
TIDE Iteration 27 took      0.02 usr cpu s       0.06 sys cpu s       0.01 wall s
INDE     ITERATION 28 :
TIDE purify_X took      0.00 usr cpu s       0.00 sys cpu s       0.00 wall s
TIDE truncate_matrix took      0.00 usr cpu s       0.00 sys cpu s       0.00 wall s
INDE Actual introduced error   0.000000e+00 : nnz before  116964 <-> 100.00 % , nnz after  116964 <-> 100.00 %
TIDE square took      0.01 usr cpu s       0.04 sys cpu s       0.01 wall s
INDE NNZ Xsq = 116964 <-> 100.00 %
TIDE Frobenius norm of X-X^2 took      0.00 usr cpu s       0.00 sys cpu s       0.00 wall s
TIDE Mixed norm of X-X^2 took      0.00 usr cpu s       0.01 sys cpu s       0.00 wall s
TIDE Trace of X-X^2 took      0.00 usr cpu s       0.00 sys cpu s       0.00 wall s
INDE ||X-X^2||_F = 2.656740e-02 , ||X-X^2||_mixed = 2.629311e-02
INDE trace(X-X^2) = 3.988967e-02
INDE trace(X) = 4.696145e+01
INDE Checking stopping criterion...   
INDE Order of convergence cannot be computed
TIDE stopping_criterion took      0.00 usr cpu s       0.00 sys cpu s       0.00 wall s
TIDE Iteration 28 took      0.02 usr cpu s       0.05 sys cpu s       0.01 wall s
INDE     ITERATION 29 :
TIDE purify_X took      0.00 usr cpu s       0.00 sys cpu s       0.00 wall s
TIDE truncate_matrix took      0.00 usr cpu s       0.00 sys cpu s       0.00 wall s
INDE Actual introduced error   0.000000e+00 : nnz before  116964 <-> 100.00 % , nnz after  116964 <-> 100.00 %
TIDE square took      0.01 usr cpu s       0.04 sys cpu s       0.01 wall s
INDE NNZ Xsq = 116964 <-> 100.00 %
TIDE Frobenius norm of X-X^2 took      0.00 usr cpu s       0.00 sys cpu s       0.00 wall s
TIDE Mixed norm of X-X^2 took      0.00 usr cpu s       0.01 sys cpu s       0.00 wall s
TIDE Trace of X-X^2 took      0.00 usr cpu s       0.00 sys cpu s       0.00 wall s
INDE ||X-X^2||_F = 1.064950e-03 , ||X-X^2||_mixed = 9.590343e-04
INDE trace(X-X^2) = 2.811416e-03
INDE trace(X) = 4.700134e+01
INDE Checking stopping criterion...   
INDE e_i =9.590343e-04, C*e_{i-1}^q = 6.069096e-03
INDE Order of convergence = 2.524590, stop = 0
TIDE stopping_criterion took      0.00 usr cpu s       0.00 sys cpu s       0.00 wall s
TIDE Iteration 29 took      0.02 usr cpu s       0.06 sys cpu s       0.01 wall s
INDE     ITERATION 30 :
TIDE purify_X took      0.00 usr cpu s       0.00 sys cpu s       0.00 wall s
TIDE truncate_matrix took      0.00 usr cpu s       0.00 sys cpu s       0.00 wall s
INDE Actual introduced error   0.000000e+00 : nnz before  116964 <-> 100.00 % , nnz after  116964 <-> 100.00 %
TIDE square took      0.02 usr cpu s       0.04 sys cpu s       0.01 wall s
INDE NNZ Xsq = 116964 <-> 100.00 %
TIDE Frobenius norm of X-X^2 took      0.00 usr cpu s       0.00 sys cpu s       0.00 wall s
TIDE Mixed norm of X-X^2 took      0.00 usr cpu s       0.01 sys cpu s       0.00 wall s
TIDE Trace of X-X^2 took      0.00 usr cpu s       0.00 sys cpu s       0.00 wall s
INDE ||X-X^2||_F = 1.095003e-03 , ||X-X^2||_mixed = 1.087542e-03
INDE trace(X-X^2) = 1.468649e-03
INDE trace(X) = 4.699853e+01
INDE Checking stopping criterion...   
INDE e_i =1.087542e-03, C*e_{i-1}^q = 4.761311e-03
INDE Order of convergence = 2.405833, stop = 0
TIDE stopping_criterion took      0.00 usr cpu s       0.00 sys cpu s       0.00 wall s
TIDE Iteration 30 took      0.02 usr cpu s       0.06 sys cpu s       0.01 wall s
INDE     ITERATION 31 :
TIDE purify_X took      0.00 usr cpu s       0.00 sys cpu s       0.00 wall s
TIDE truncate_matrix took      0.00 usr cpu s       0.00 sys cpu s       0.00 wall s
INDE Actual introduced error   0.000000e+00 : nnz before  116964 <-> 100.00 % , nnz after  116964 <-> 100.00 %
TIDE square took      0.02 usr cpu s       0.03 sys cpu s       0.01 wall s
INDE NNZ Xsq = 116964 <-> 100.00 %
TIDE Frobenius norm of X-X^2 took      0.00 usr cpu s       0.00 sys cpu s       0.00 wall s
TIDE Mixed norm of X-X^2 took      0.00 usr cpu s       0.01 sys cpu s       0.00 wall s
TIDE Trace of X-X^2 took      0.00 usr cpu s       0.00 sys cpu s       0.00 wall s
INDE ||X-X^2||_F = 1.395318e-06 , ||X-X^2||_mixed = 1.332028e-06
INDE trace(X-X^2) = 2.870782e-06
INDE trace(X) = 4.700000e+01
INDE Checking stopping criterion...   
INDE e_i =1.332028e-06, C*e_{i-1}^q = 6.334479e-06
INDE Order of convergence = 2.224374, stop = 0
TIDE stopping_criterion took      0.00 usr cpu s       0.00 sys cpu s       0.00 wall s
TIDE Iteration 31 took      0.03 usr cpu s       0.05 sys cpu s       0.01 wall s
INDE     ITERATION 32 :
TIDE purify_X took      0.00 usr cpu s       0.00 sys cpu s       0.00 wall s
TIDE truncate_matrix took      0.00 usr cpu s       0.00 sys cpu s       0.00 wall s
INDE Actual introduced error   0.000000e+00 : nnz before  116964 <-> 100.00 % , nnz after  116964 <-> 100.00 %
TIDE square took      0.01 usr cpu s       0.04 sys cpu s       0.01 wall s
INDE NNZ Xsq = 116964 <-> 100.00 %
TIDE Frobenius norm of X-X^2 took      0.00 usr cpu s       0.00 sys cpu s       0.00 wall s
TIDE Mixed norm of X-X^2 took      0.00 usr cpu s       0.01 sys cpu s       0.00 wall s
TIDE Trace of X-X^2 took      0.00 usr cpu s       0.00 sys cpu s       0.00 wall s
INDE ||X-X^2||_F = 1.956045e-06 , ||X-X^2||_mixed = 1.824321e-06
INDE trace(X-X^2) = 3.339245e-06
INDE trace(X) = 4.700000e+01
INDE Checking stopping criterion...   
INDE Order of convergence cannot be computed
TIDE stopping_criterion took      0.00 usr cpu s       0.00 sys cpu s       0.00 wall s
TIDE Iteration 32 took      0.02 usr cpu s       0.06 sys cpu s       0.01 wall s
INDE     ITERATION 33 :
TIDE purify_X took      0.00 usr cpu s       0.00 sys cpu s       0.00 wall s
TIDE truncate_matrix took      0.00 usr cpu s       0.00 sys cpu s       0.00 wall s
INDE Actual introduced error   0.000000e+00 : nnz before  116964 <-> 100.00 % , nnz after  116964 <-> 100.00 %
TIDE square took      0.01 usr cpu s       0.04 sys cpu s       0.01 wall s
INDE NNZ Xsq = 116964 <-> 100.00 %
TIDE Frobenius norm of X-X^2 took      0.00 usr cpu s       0.00 sys cpu s       0.00 wall s
TIDE Mixed norm of X-X^2 took      0.00 usr cpu s       0.01 sys cpu s       0.00 wall s
TIDE Trace of X-X^2 took      0.00 usr cpu s       0.00 sys cpu s       0.00 wall s
INDE ||X-X^2||_F = 3.517238e-12 , ||X-X^2||_mixed = 3.439018e-12
INDE trace(X-X^2) = 5.798029e-12
INDE trace(X) = 4.700000e+01
INDE Checking stopping criterion...   
INDE e_i =3.439018e-12, C*e_{i-1}^q = 1.221994e-11
INDE Order of convergence = 2.093717, stop = 0
TIDE stopping_criterion took      0.00 usr cpu s       0.00 sys cpu s       0.00 wall s
TIDE Iteration 33 took      0.02 usr cpu s       0.05 sys cpu s       0.01 wall s
INDE     ITERATION 34 :
TIDE purify_X took      0.00 usr cpu s       0.00 sys cpu s       0.00 wall s
TIDE truncate_matrix took      0.00 usr cpu s       0.00 sys cpu s       0.00 wall s
INDE Actual introduced error   0.000000e+00 : nnz before  116964 <-> 100.00 % , nnz after  116964 <-> 100.00 %
TIDE square took      0.01 usr cpu s       0.04 sys cpu s       0.01 wall s
INDE NNZ Xsq = 116964 <-> 100.00 %
TIDE Frobenius norm of X-X^2 took      0.00 usr cpu s       0.00 sys cpu s       0.00 wall s
TIDE Mixed norm of X-X^2 took      0.00 usr cpu s       0.01 sys cpu s       0.00 wall s
TIDE Trace of X-X^2 took      0.00 usr cpu s       0.00 sys cpu s       0.00 wall s
INDE ||X-X^2||_F = 3.749155e-12 , ||X-X^2||_mixed = 3.748942e-12
INDE trace(X-X^2) = 3.971934e-12
INDE trace(X) = 4.700000e+01
INDE Checking stopping criterion...   
INDE Order of convergence cannot be computed
TIDE stopping_criterion took      0.00 usr cpu s       0.00 sys cpu s       0.00 wall s
TIDE Iteration 34 took      0.02 usr cpu s       0.05 sys cpu s       0.01 wall s
INDE     ITERATION 35 :
TIDE purify_X took      0.00 usr cpu s       0.00 sys cpu s       0.00 wall s
TIDE truncate_matrix took      0.00 usr cpu s       0.00 sys cpu s       0.00 wall s
INDE Actual introduced error   0.000000e+00 : nnz before  116964 <-> 100.00 % , nnz after  116964 <-> 100.00 %
TIDE square took      0.01 usr cpu s       0.04 sys cpu s       0.01 wall s
INDE NNZ Xsq = 116964 <-> 100.00 %
TIDE Frobenius norm of X-X^2 took      0.00 usr cpu s       0.00 sys cpu s       0.00 wall s
TIDE Mixed norm of X-X^2 took      0.00 usr cpu s       0.00 sys cpu s       0.00 wall s
TIDE Trace of X-X^2 took      0.00 usr cpu s       0.00 sys cpu s       0.00 wall s
INDE ||X-X^2||_F = 2.168990e-15 , ||X-X^2||_mixed = 0.000000e+00
INDE trace(X-X^2) = 0.000000e+00
INDE trace(X) = 4.700000e+01
INDE Checking stopping criterion...   
INDE ************************************************************************************************************
INDE The norm value went much below machine precision, therefore we stop here since n_max can be underestimated.
INDE ************************************************************************************************************
INDE e_i =0.000000e+00, C*e_{i-1}^q = 8.145385e-23
INDE Order of convergence = inf, stop = 1
TIDE stopping_criterion took      0.00 usr cpu s       0.00 sys cpu s       0.00 wall s
INDE PURIFICATION CONVERGED after 35 iterations
TIDE Iteration 35 took      0.01 usr cpu s       0.05 sys cpu s       0.01 wall s
INDE Number of non-zeros in D is  116964 <-> 100.00 %
TIDE FileWritable::writeAndReadAll took      0.00 usr cpu s       0.00 sys cpu s       0.00 wall s
INDE writeAndReadAll sizesStr: '0 MB (1 MatrixGeneral, 0 > 1 MB) + 0 MB (13 MatrixSymmetric, 0 > 1 MB) + 0 MB (2 VectorGeneral, 0 > 1 MB) = 0 MB (16 total, 0 > 1 MB)
INDE TOTAL accumulated subspace error is 0.000000e+00
INDE TOTAL X square time: 0.273992 wall s
INDE TOTAL X trunction time: 0.008484 wall s
INDE TOTAL X purify (exl. X^2 computation) time: 0.008094 wall s
INDE TOTAL time to get number of non-zero elements: 0.001550 wall s
INDE TOTAL time to get mixed norm: 0.086747 wall s
INDE TOTAL time to get Frobenius norm: 0.009231 wall s
INDE TOTAL time for stopping criterion: 0.001616 wall s
INDE TOTAL time to get matrix trace: 0.000834 wall s
INDE Estimated bounds for the eigenvalues for the Fock matrix:
INDE LUMO: [ 0.035564134136 , 0.056655358113 ]
INDE HOMO: [ -0.357391137763 , -0.348292091196 ]
TIDE eigenvalue_bounds_estimation() took      0.00 usr cpu s       0.00 sys cpu s       0.00 wall s
TIDE Recursive expansion took      0.96 usr cpu s       2.51 sys cpu s       0.46 wall s
TIDE Puri->PurificationStart() took      0.97 usr cpu s       2.51 sys cpu s       0.46 wall s
TIDE Accumulated wall times for writeToFile in PurificationStart()          : 0 s (MatrixGeneral) + 1.9e-06 s (MatrixSymmetric) + 0.00014 s (VectorGeneral) = 0.00014 s
TIDE Accumulated wall times for readFromFile in PurificationStart()         : 0 s (MatrixGeneral) + 5e-06 s (MatrixSymmetric) + 5.7e-05 s (VectorGeneral) = 6.2e-05 s
TIDE Accumulated wall times for copy and assign in PurificationStart()      : 9.5e-07 s (MatrixSymmetric) + 5.2e-05 s (VectorGeneral) = 5.3e-05 s
INDE Number of calls to writeToFile in PurificationStart()                  : 2 (MatrixGeneral) + 27 (MatrixSymmetric) + 1468 (VectorGeneral) = 1497 
INDE Number of calls to readFromFile in PurificationStart()                 : 2 (MatrixGeneral) + 26 (MatrixSymmetric) + 567 (VectorGeneral) = 595 
INDE Number of calls to FileWritable copy and assign in PurificationStart() : 2 (MatrixSymmetric) + 37 (VectorGeneral) = 39 
TIDE mat::Gblas::time after purification :     2.293592
INDE Created .m files with results of the purification
INDE Purification converged OK, subspaceError <=          0.00000000000
INDE E(LUMO) - E(HOMO) >=          0.38385622533 =         10.44526006036 eV
INDE E(LUMO) - E(HOMO) <=          0.41404649588 =         11.26677917694 eV
INDE HOMO interval : [   -0.357391137763   -0.348292091196 ]
INDE LUMO interval : [    0.035564134136    0.056655358113 ]
INDE Trace of resulting density matrix is         47.00000000000, error is  -0.00000000000001.
INDE Truncated D_ort ( mixed ), selected threshold = 9.99999e-08, returned error =          0, nnz before = 116964 <-> 100.0000 %, nnz after = 116964 <-> 100.0000 %
TIDE FileWritable::writeAndReadAll took      0.00 usr cpu s       0.00 sys cpu s       0.00 wall s
INDE writeAndReadAll sizesStr: '0 MB (1 MatrixGeneral, 0 > 1 MB) + 0 MB (12 MatrixSymmetric, 0 > 1 MB) + 0 MB (1 MatrixTriangular, 0 > 1 MB) = 0 MB (14 total, 0 > 1 MB)
TIDE D_w to non-orthogonal basis took      0.01 usr cpu s       0.04 sys cpu s       0.01 wall s
INDE Truncated D_S (eucl with Z), selected threshold = 9.99999e-08, returned error =          0, nnz before = 100.0000 %, nnz after = 100.0000 %
INDE get_dens_from_fock_sparse ending OK
TIDE get_dens_from_fock_sparse took      1.25 usr cpu s       3.55 sys cpu s       0.63 wall s
ERDE get_dens_from_fock  (GetDensFromFock class) : purification finished OK.
TIDE get_dens_from_fock took      1.25 usr cpu s       3.55 sys cpu s       0.63 wall s
INSC Matrix 'new density matrix' ( symm ): n =    342, nnz =       116964 <-> 100.00 %, mem usage  0.0005 G
INSC Tr( D * S ) =         93.99999999998
TISC get_new_density_matrix took      1.25 usr cpu s       3.55 sys cpu s       0.63 wall s
INSC SCF_restricted::report_density_difference, diff_eucl =          0.18613839446
TISC SCF_restricted::report_density_difference took      0.01 usr cpu s       0.05 sys cpu s       0.01 wall s
INMA ddf_writeShellListAndDensityMatricesToFile_sparse, n =    342, densityMatrixList[0].nvalues =       58653
INMA opened temporary file 'density.bin.eIq9h8' for writing
INMA Choosing matrixStorageType = MATRIX_STORAGE_TYPE_TRIANGLE.
INMA fileSize =          560392 bytes =      0.560 MegaBytes
INMA renamed file 'density.bin.eIq9h8' to 'density.bin'
INMA ddf_writeShellListAndDensityMatricesToFile_sparse freeing buffer.
INMA ddf_writeShellListAndDensityMatricesToFile_sparse returning OK.
TISC write_density_to_file took      0.01 usr cpu s       0.03 sys cpu s       0.01 wall s
INSC Creating mtx file for Fock matrix
INSC Creating mtx file for density matrix
INSC SCF cycle   4 finished.
TISC SCF cycle   4 took   1161.06 usr cpu s       5.66 sys cpu s     180.79 wall s
INSC Beginning of SCF cycle 5:  Thu Mar 26 20:21:16 2026
INDE compute_J_by_boxes_sparse() start.
TIDE FileWritable::writeAndReadAll took      0.00 usr cpu s       0.00 sys cpu s       0.00 wall s
INDE writeAndReadAll: '0 MB (1 MatrixGeneral, 0 > 1 MB) + 0 MB (11 MatrixSymmetric, 0 > 1 MB) = 0 MB (12 total, 0 > 1 MB)
IN   compute_J_by_boxes_sparse, maxDensityMatrixElement =         22.40140796336
ININ get_basis_func_pair_list, n =    342
ININ create_box_system end OK, toplevelBoxSize:   7.0, #levels:  3, #boxes at top level:      6
TIIN get_basis_func_pair_list_2el took      0.16 usr cpu s       0.00 sys cpu s       0.16 wall s
IN   compute_J_by_boxes_sparse: noOfBasisFuncIndexPairs = 54626 ==> storing  46.70 % of a full matrix
ININ entering compute_J_by_boxes_linear, no of basis funcs =   342, threshold_J =   1e-16
ININ use_fmm = 1, fmm_box_size =   5.00
TIIN Compute extent for all distrs took      0.52 usr cpu s       0.00 sys cpu s       0.52 wall s
ININ extent_min =    0.000, extent_max =   22.744
ININ Creating list of distributions etc done, distrCount =    388132
TIIN Creating list of distributions etc took      0.74 usr cpu s       0.00 sys cpu s       0.74 wall s
ININ create_box_system end OK, toplevelBoxSize:   5.0, #levels:  3, #boxes at top level:     10
TIIN Creating boxes took      0.04 usr cpu s       0.01 sys cpu s       0.05 wall s
ININ noOfBranches = 6, splitters:  20.00 10.00  5.00  2.50  0.00
ININ J org done, groupCount =    16614
TIIN J org took      1.70 usr cpu s       0.00 sys cpu s       1.70 wall s
TIIN Generate group multipoles took      0.70 usr cpu s       0.00 sys cpu s       0.71 wall s
ININ totChargeWholeSystem =          0.00000000000
ININ Generating multipole for each branch at top level, MAX_MULTIPOLE_DEGREE = 15
TIIN Translate multipoles (step 1) took      0.47 usr cpu s       0.00 sys cpu s       0.47 wall s
TIIN Translate multipoles (step 2) took      0.10 usr cpu s       0.00 sys cpu s       0.10 wall s
ININ job lists for J created OK, noOfJobs_J_standard =     1733, noOfJobs_J_multipole =      193
TIIN Creating job lists for J took      0.00 usr cpu s       0.00 sys cpu s       0.00 wall s
ININ execute_joblist_J_std_threaded, noOfThreads =  8
ININ 8 threads started OK.
ININ all 8 threads have finished.
TIIN execute_joblist_J_std_threaded took    276.40 usr cpu s       0.18 sys cpu s      42.69 wall s
TIIN sort_list_of_multipole_jobs init part took      0.00 usr cpu s       0.00 sys cpu s       0.00 wall s
TIIN sort_list_of_multipole_jobs complete took      0.00 usr cpu s       0.00 sys cpu s       0.00 wall s
TIIN sort_list_of_multipole_jobs took      0.00 usr cpu s       0.00 sys cpu s       0.00 wall s
ININ execute_joblist_J_fmm_shared: Allocating multipoleList_4, maxnoOfMinimalDistrsPerBoxBranch =     63212
ININ execute_joblist_J_fmm_shared: Allocating multipoleList_4, maxnoOfMinimalDistrsPerBoxBranch =     63212
ININ execute_joblist_J_fmm_shared: jobIndexLo =           24, jobIndexHi =           48
ININ execute_joblist_J_fmm_shared: jobIndexLo =            0, jobIndexHi =           24
ININ execute_joblist_J_fmm_shared: Allocating multipoleList_4, maxnoOfMinimalDistrsPerBoxBranch =     63212
ININ execute_joblist_J_fmm_shared: jobIndexLo =           48, jobIndexHi =           72
ININ execute_joblist_J_fmm_shared: Allocating multipoleList_4, maxnoOfMinimalDistrsPerBoxBranch =     63212
ININ execute_joblist_J_fmm_shared: jobIndexLo =           72, jobIndexHi =           96
ININ execute_joblist_J_fmm_shared: Allocating multipoleList_4, maxnoOfMinimalDistrsPerBoxBranch =     63212
ININ execute_joblist_J_fmm_shared: jobIndexLo =           96, jobIndexHi =          120
ININ execute_joblist_J_fmm_shared: Allocating multipoleList_4, maxnoOfMinimalDistrsPerBoxBranch =     63212
ININ execute_joblist_J_fmm_shared: jobIndexLo =          120, jobIndexHi =          144
ININ execute_joblist_J_fmm_shared: Allocating multipoleList_4, maxnoOfMinimalDistrsPerBoxBranch =     63212
ININ execute_joblist_J_fmm_shared: jobIndexLo =          144, jobIndexHi =          168
ININ execute_joblist_J_fmm_shared: Allocating multipoleList_4, maxnoOfMinimalDistrsPerBoxBranch =     63212
ININ execute_joblist_J_fmm_shared: jobIndexLo =          168, jobIndexHi =          193
ININ execute_joblist_J_fmm_shared: done!
ININ execute_joblist_J_fmm_shared: done!
ININ execute_joblist_J_fmm_shared: done!
ININ execute_joblist_J_fmm_shared: done!
ININ execute_joblist_J_fmm_shared: done!
ININ execute_joblist_J_fmm_shared: done!
ININ execute_joblist_J_fmm_shared: done!
ININ execute_joblist_J_fmm_shared: done!
ININ multipole job list for J executed, largest L used: 11
TIIN Executing multipole job list for J took      0.62 usr cpu s       0.01 sys cpu s       0.25 wall s
ININ compute_J_by_boxes_linear ending OK.
TIIN compute_J_by_boxes_linear took    280.81 usr cpu s       0.20 sys cpu s      46.74 wall s
TI   compute_J_by_boxes_sparse total took    280.97 usr cpu s       0.20 sys cpu s      46.90 wall s
ININ entering create_CSR_for_K, no of basis funcs =   342, threshold_K =   1e-16
ININ create_box_system end OK, toplevelBoxSize:   7.0, #levels:  3, #boxes at top level:      6
ININ create_box_system end OK, toplevelBoxSize:   7.0, #levels:  3, #boxes at top level:      6
ININ create_box_system end OK, toplevelBoxSize:   7.0, #levels:  3, #boxes at top level:      6
TIIN create_CSR_for_K getting list of distrs took      0.45 usr cpu s       0.01 sys cpu s       0.46 wall s
ININ list of neighbors complete.
TIIN create_CSR_for_K getting list of neighbors took      0.00 usr cpu s       0.00 sys cpu s       0.00 wall s
TIIN create_CSR_for_K sort each list of neighbors took      0.07 usr cpu s       0.00 sys cpu s       0.07 wall s
ININ 8 threads started OK.
TIIN identify_needed_elements() took    697.79 usr cpu s       0.46 sys cpu s      90.53 wall s
ININ computing nnz..
ININ create_CSR_for_K: predicted nnz =        58653, <->  50.15% of a full matrix
TIIN create_CSR_for_K last part took      0.00 usr cpu s       0.00 sys cpu s       0.00 wall s
TIIN create_CSR_for_K total took    698.33 usr cpu s       0.47 sys cpu s      91.07 wall s
ININ entering compute_K_by_boxes, no of basis funcs =   342, threshold_K =   1e-16, exchange_box_size =   5.00
ININ create_box_system end OK, toplevelBoxSize:   7.0, #levels:  3, #boxes at top level:      6
ININ create_box_system end OK, toplevelBoxSize:   7.0, #levels:  3, #boxes at top level:      6
ININ create_box_system end OK, toplevelBoxSize:   7.0, #levels:  3, #boxes at top level:      6
TIIN Compute extent for all distrs took      0.50 usr cpu s       0.00 sys cpu s       0.50 wall s
ININ Creating list of distributions done, distrCountTot =    388132
TIIN Creating list of distributions took      0.77 usr cpu s       0.00 sys cpu s       0.78 wall s
ININ create_box_system end OK, toplevelBoxSize:   5.0, #levels:  3, #boxes at top level:     10
ININ create_box_system end OK, toplevelBoxSize:   2.5, #levels:  4, #boxes at top level:     16
ININ noOfLevelsBasisFuncs = 4, noOfLevelsDiff = 1
TIIN Creating boxes etc took      0.04 usr cpu s       0.00 sys cpu s       0.04 wall s
TIIN getting multipoleNormVectorList took      0.78 usr cpu s       0.00 sys cpu s       0.78 wall s
TIIN K organize_distributions for all boxes took      2.19 usr cpu s       0.01 sys cpu s       2.20 wall s
ININ starting loop to setup basisFuncGroupInfoList, with added index checks.
TIIN GetLimitsAllLevels took      0.34 usr cpu s       0.00 sys cpu s       0.34 wall s
ININ getDmatLimitMatrixCSRList start.
TIIN getting densityMatrixLimitMatrixList took      0.02 usr cpu s       0.00 sys cpu s       0.02 wall s
ININ job list for K created,       55 jobs
TIIN creating job list for K took      0.00 usr cpu s       0.00 sys cpu s       0.00 wall s
ININ execute_joblist_K_threaded, noOfThreads =  8, basisFuncListCount_max =   333
ININ 8 threads started OK.
ININ all 8 threads have finished, took       39 wall s.
TIIN Executing job list for K took    179.57 usr cpu s       0.07 sys cpu s      39.01 wall s
TIIN compute_K_by_boxes took    183.71 usr cpu s       0.08 sys cpu s      43.17 wall s
TI   compute_K_by_boxes_sparse total took    882.07 usr cpu s       0.55 sys cpu s     134.27 wall s
INSC About to truncate FockMatrix, gap of Fprev >=          0.38385622533
TISC symmMatrix::mixed_diff for F vs Fprev maxEigValMovement_mixed took      0.00 usr cpu s       0.00 sys cpu s       0.00 wall s
TISC symmMatrix::eucl_diff for maxEigValMovement_eucl  took      0.04 usr cpu s       0.11 sys cpu s       0.03 wall s
INSC maxEigValMovement_frob  =          0.00694497412
INSC maxEigValMovement_mixed =          0.00552116858
INSC maxEigValMovement_eucl  =          0.00338500057
TISC FockMatrix.eucl_thresh() (with Z) took      0.11 usr cpu s       0.35 sys cpu s       0.08 wall s
INSC Truncated FockMatrix (eucl with Z), selected threshold = 3.77086e-08, returned error =          0, nnz before = 100.0000 %, nnz after = 100.0000 %
INSC Matrix 'S' ( symm ): n =    342, nnz =       116964 <-> 100.00 %, mem usage  0.0005 G
INSC Matrix 'F' ( symm ): n =    342, nnz =       116964 <-> 100.00 %, mem usage  0.0005 G
INSC Matrix 'D' ( symm ): n =    342, nnz =       116964 <-> 100.00 %, mem usage  0.0005 G
INSC nuclearEnergy, energy_2el, energy = 782.160484, 1007.252434, -645.112845
INSC Energy   5 =       -645.11284468256  ( diff     -0.000010470778079 )
INSC calling compute_FDSminusSDF_sparse, n = 342
INDE compute_FDSminusSDF_sparse() start.
TIDE FileWritable::writeAndReadAll took      0.00 usr cpu s       0.00 sys cpu s       0.00 wall s
INDE writeAndReadAll: '0 MB (1 MatrixGeneral, 0 > 1 MB) + 0 MB (9 MatrixSymmetric, 0 > 1 MB) = 0 MB (10 total, 0 > 1 MB)
TISC compute_FDSminusSDF_sparse, F*D mult took      0.03 usr cpu s       0.07 sys cpu s       0.01 wall s
INSC Matrix 'FD before eucl truncation' (normal): n =    342, nnz =       116964 <-> 100.00 %, mem usage  0.0009 G
INSC Matrix 'FD after  eucl truncation' (normal): n =    342, nnz =       116964 <-> 100.00 %, mem usage  0.0009 G
INSC Matrix 'FDS before eucl truncation' (normal): n =    342, nnz =       116964 <-> 100.00 %, mem usage  0.0009 G
INSC Matrix 'FDS after  eucl truncation' (normal): n =    342, nnz =       116964 <-> 100.00 %, mem usage  0.0009 G
INSC compute_FDSminusSDF_sparse ending OK.
TISC compute_FDSminusSDF_sparse took      0.10 usr cpu s       0.29 sys cpu s       0.05 wall s
INSC Matrix 'FDS-SDF' (normal): n =    342, nnz =       116964 <-> 100.00 %, mem usage  0.0009 G
INSC SCF_restricted::get_FDSminusSDF finished.
TISC get_FDSminusSDF took      0.10 usr cpu s       0.29 sys cpu s       0.05 wall s
INSC maxabs FDS-SDF is 0.000313
INSC frob   FDS-SDF is  0.00405
TISC get_error_measure took      0.00 usr cpu s       0.01 sys cpu s       0.00 wall s
INSC entering DIISManagerRestricted::AddIterationToList, IterCount =  4
INSC DIISManagerRestricted::AddIterationToList ending OK.
TISC DIISManagerRestricted::AddIterationToList took      0.00 usr cpu s       0.02 sys cpu s       0.00 wall s
INSC using DIIS to get combined Fock matrix, number of iters used for DIIS:  5
TISC clear_error_matrices took      0.00 usr cpu s       0.00 sys cpu s       0.00 wall s
TISC save_current_fock_as_fprev took      0.00 usr cpu s       0.00 sys cpu s       0.00 wall s
INDE get_dens_from_fock_general, n = 342, use_diagonalization = 0, use_diag_on_error = 1
INDE Before writeAndReadAll(): AllocatorManager statistics:  noOfRealsPerBuffer: 1024 noOfBuffers: 20000 list.size(): 1. Allocated: 0.164 GB, Used: 0.0118 GB, Peak alloc: 0.164 GB.
TIDE FileWritable::writeAndReadAll took      0.00 usr cpu s       0.00 sys cpu s       0.00 wall s
INDE writeAndReadAll sizesStr: '0 MB (1 MatrixGeneral, 0 > 1 MB) + 0 MB (7 MatrixSymmetric, 0 > 1 MB) = 0 MB (8 total, 0 > 1 MB)
INDE After writeAndReadAll(): AllocatorManager statistics:  noOfRealsPerBuffer: 1024 noOfBuffers: 20000 list.size(): 1. Allocated: 0.164 GB, Used: 0.0118 GB, Peak alloc: 0.164 GB.
INDE calling get_dens_from_fock_sparse, n =    342, subspaceErrorLimit = 1e-06
INDE get_dens_from_fock_sparse() start!
INDE After F.readFromFile(): AllocatorManager statistics:  noOfRealsPerBuffer: 1024 noOfBuffers: 20000 list.size(): 1. Allocated: 0.164 GB, Used: 0.0118 GB, Peak alloc: 0.164 GB.
INDE After creating wrapper MatrixType F_w(F): AllocatorManager statistics:  noOfRealsPerBuffer: 1024 noOfBuffers: 20000 list.size(): 1. Allocated: 0.164 GB, Used: 0.0122 GB, Peak alloc: 0.164 GB.
TIDE  F_w to orthogonal basis took      0.02 usr cpu s       0.05 sys cpu s       0.01 wall s
TIDE MatrixType::mixed_diff for maxEigValMovement_mixed took      0.01 usr cpu s       0.01 sys cpu s       0.00 wall s
TIDE symmMatrixWrap::eucl_diff for maxEigValMovement_eucl  took      0.08 usr cpu s       0.36 sys cpu s       0.06 wall s
INDE maxEigValMovement_frob  =          0.00364032112
INDE maxEigValMovement_mixed =          0.00224622954
INDE maxEigValMovement_eucl  =          0.00081091415
INDE lumo before truncation: [ 0.034753219984 , 0.057466272265 ]
INDE homo before truncation: [ -0.358202051915 , -0.347481177045 ]
INDE Truncate matrix F and update intervals for homo and lumo.
INDE Truncating F_ort ( mixed ), selected threshold = 3.82234e-08
INDE Truncated F_ort ( mixed ), selected threshold = 3.82234e-08, returned error =          0, nnz before = 100.0000 %, nnz after = 100.0000 %
TIDE Truncation of F_ort took      0.00 usr cpu s       0.00 sys cpu s       0.00 wall s
INDE Chosen Ergo Wrapper
INDE Creating purification object: N = 342 , nocc = 47 , NNZ = 116964  <-> 100.00000 %
INDE Chosen norm for the truncation: 
INDE mixed
INDE Chosen norm for the stopping criterion: 
INDE mixed
INDE Chosen the NEW stopping criterion.
INDE Allowed error in subspace 7.000000e-07
INDE Chosen SP2 purification method
INDE calling Puri->PurificationStart(), number of threads = 1, trunc norm 'mixed'
TIDE gershgorin took      0.01 usr cpu s       0.00 sys cpu s       0.00 wall s
INDE Gershgorin bounds: [ -59.821397958571 , 100.436640559892 ]
INDE EXPANDED Gershgorin bounds: [ -59.821397973472 , 100.436640574793 ]
INDE Trying to impove bounds using Lanczos algorithm...
TIDE compute_spectrum_bounds took      0.09 usr cpu s       0.34 sys cpu s       0.06 wall s
INDE Spectrum of F: 	 [ -20.624808062998 , 51.714919073525 ]
INDE Transform homo and lumo bounds...
INDE HOMO bounds of X: 	 [ 0.719693069236 , 0.719841270996 ]
INDE LUMO bounds of X: 	 [ 0.714095212217 , 0.714409189794 ]
INDE INIT LUMO: [ 0.714095212217 , 0.714409189794 ]
INDE INIT HOMO: [ 0.280158729004 , 0.280306930764 ]
INDE ESTIMATED NUMBER OF ITERATIONS IS 35
INDE Put eigenvalues of F to the interval [0,1] in reverse order.
TIDE compute_X() took      0.00 usr cpu s       0.00 sys cpu s       0.00 wall s
TIDE prepare_to_purification() took      0.09 usr cpu s       0.34 sys cpu s       0.06 wall s
INDE (EIGV,PARAMS) Requested 0 occipied eigenpair(s).
INDE (EIGV,PARAMS) Requested 0 unoccipied eigenpair(s).
TIDE prepare_to_purification_eigenvectors() took      0.00 usr cpu s       0.00 sys cpu s       0.00 wall s
INDE Starting recursive expansion
INDE     BEFORE ITERATIONS:
TIDE truncate_matrix took      0.00 usr cpu s       0.00 sys cpu s       0.00 wall s
INDE Actual introduced error   0.000000e+00 : nnz before  116964 <-> 100.00 % , nnz after  116964 <-> 100.00 %
TIDE square took      0.02 usr cpu s       0.03 sys cpu s       0.01 wall s
INDE NNZ Xsq = 116964 <-> 100.00 %
TIDE Frobenius norm of X-X^2 took      0.00 usr cpu s       0.00 sys cpu s       0.00 wall s
TIDE Mixed norm of X-X^2 took      0.01 usr cpu s       0.01 sys cpu s       0.00 wall s
TIDE Trace of X-X^2 took      0.00 usr cpu s       0.00 sys cpu s       0.00 wall s
INDE ||X-X^2||_F = 3.852020e+00 , ||X-X^2||_mixed = 1.286055e+00
INDE trace(X-X^2) = 7.012965e+01
INDE trace(X) = 2.342453e+02
TIDE Iteration 0 took      0.02 usr cpu s       0.05 sys cpu s       0.01 wall s
TIDE FileWritable::writeAndReadAll took      0.00 usr cpu s       0.00 sys cpu s       0.00 wall s
INDE writeAndReadAll sizesStr: '0 MB (1 MatrixGeneral, 0 > 1 MB) + 0 MB (13 MatrixSymmetric, 0 > 1 MB) + 0 MB (2 VectorGeneral, 0 > 1 MB) = 0 MB (16 total, 0 > 1 MB)
INDE     ITERATION 1 :
TIDE purify_X took      0.00 usr cpu s       0.00 sys cpu s       0.00 wall s
TIDE truncate_matrix took      0.00 usr cpu s       0.00 sys cpu s       0.00 wall s
INDE Actual introduced error   0.000000e+00 : nnz before  116964 <-> 100.00 % , nnz after  116964 <-> 100.00 %
TIDE square took      0.03 usr cpu s       0.03 sys cpu s       0.01 wall s
INDE NNZ Xsq = 116964 <-> 100.00 %
TIDE Frobenius norm of X-X^2 took      0.00 usr cpu s       0.00 sys cpu s       0.00 wall s
TIDE Mixed norm of X-X^2 took      0.00 usr cpu s       0.02 sys cpu s       0.00 wall s
TIDE Trace of X-X^2 took      0.00 usr cpu s       0.00 sys cpu s       0.00 wall s
INDE ||X-X^2||_F = 4.467937e+00 , ||X-X^2||_mixed = 1.460678e+00
INDE trace(X-X^2) = 8.127623e+01
INDE trace(X) = 1.641156e+02
TIDE Iteration 1 took      0.03 usr cpu s       0.05 sys cpu s       0.01 wall s
INDE     ITERATION 2 :
TIDE purify_X took      0.00 usr cpu s       0.00 sys cpu s       0.00 wall s
TIDE truncate_matrix took      0.00 usr cpu s       0.00 sys cpu s       0.00 wall s
INDE Actual introduced error   0.000000e+00 : nnz before  116964 <-> 100.00 % , nnz after  116964 <-> 100.00 %
TIDE square took      0.01 usr cpu s       0.04 sys cpu s       0.01 wall s
INDE NNZ Xsq = 116964 <-> 100.00 %
TIDE Frobenius norm of X-X^2 took      0.00 usr cpu s       0.00 sys cpu s       0.00 wall s
TIDE Mixed norm of X-X^2 took      0.00 usr cpu s       0.02 sys cpu s       0.00 wall s
TIDE Trace of X-X^2 took      0.00 usr cpu s       0.00 sys cpu s       0.00 wall s
INDE ||X-X^2||_F = 3.254687e+00 , ||X-X^2||_mixed = 1.135624e+00
INDE trace(X-X^2) = 5.849001e+01
INDE trace(X) = 8.283940e+01
INDE Checking stopping criterion...   
INDE Order of convergence cannot be computed
TIDE stopping_criterion took      0.00 usr cpu s       0.00 sys cpu s       0.00 wall s
TIDE Iteration 2 took      0.02 usr cpu s       0.07 sys cpu s       0.01 wall s
INDE     ITERATION 3 :
TIDE purify_X took      0.00 usr cpu s       0.00 sys cpu s       0.00 wall s
TIDE truncate_matrix took      0.00 usr cpu s       0.00 sys cpu s       0.00 wall s
INDE Actual introduced error   0.000000e+00 : nnz before  116964 <-> 100.00 % , nnz after  116964 <-> 100.00 %
TIDE square took      0.02 usr cpu s       0.04 sys cpu s       0.01 wall s
INDE NNZ Xsq = 116964 <-> 100.00 %
TIDE Frobenius norm of X-X^2 took      0.00 usr cpu s       0.00 sys cpu s       0.00 wall s
TIDE Mixed norm of X-X^2 took      0.00 usr cpu s       0.02 sys cpu s       0.00 wall s
TIDE Trace of X-X^2 took      0.00 usr cpu s       0.00 sys cpu s       0.00 wall s
INDE ||X-X^2||_F = 4.290376e+00 , ||X-X^2||_mixed = 1.444682e+00
INDE trace(X-X^2) = 7.741607e+01
INDE trace(X) = 1.413294e+02
INDE Checking stopping criterion...   
INDE Order of convergence cannot be computed
TIDE stopping_criterion took      0.00 usr cpu s       0.00 sys cpu s       0.00 wall s
TIDE Iteration 3 took      0.02 usr cpu s       0.07 sys cpu s       0.01 wall s
INDE     ITERATION 4 :
TIDE purify_X took      0.00 usr cpu s       0.00 sys cpu s       0.00 wall s
TIDE truncate_matrix took      0.00 usr cpu s       0.00 sys cpu s       0.00 wall s
INDE Actual introduced error   0.000000e+00 : nnz before  116964 <-> 100.00 % , nnz after  116964 <-> 100.00 %
TIDE square took      0.02 usr cpu s       0.03 sys cpu s       0.01 wall s
INDE NNZ Xsq = 116964 <-> 100.00 %
TIDE Frobenius norm of X-X^2 took      0.00 usr cpu s       0.00 sys cpu s       0.00 wall s
TIDE Mixed norm of X-X^2 took      0.01 usr cpu s       0.01 sys cpu s       0.00 wall s
TIDE Trace of X-X^2 took      0.00 usr cpu s       0.00 sys cpu s       0.00 wall s
INDE ||X-X^2||_F = 4.003296e+00 , ||X-X^2||_mixed = 1.405990e+00
INDE trace(X-X^2) = 7.177938e+01
INDE trace(X) = 2.187455e+02
INDE Checking stopping criterion...   
INDE Order of convergence cannot be computed
TIDE stopping_criterion took      0.00 usr cpu s       0.00 sys cpu s       0.00 wall s
TIDE Iteration 4 took      0.04 usr cpu s       0.05 sys cpu s       0.01 wall s
INDE     ITERATION 5 :
TIDE purify_X took      0.00 usr cpu s       0.00 sys cpu s       0.00 wall s
TIDE truncate_matrix took      0.00 usr cpu s       0.00 sys cpu s       0.00 wall s
INDE Actual introduced error   0.000000e+00 : nnz before  116964 <-> 100.00 % , nnz after  116964 <-> 100.00 %
TIDE square took      0.01 usr cpu s       0.05 sys cpu s       0.01 wall s
INDE NNZ Xsq = 116964 <-> 100.00 %
TIDE Frobenius norm of X-X^2 took      0.00 usr cpu s       0.00 sys cpu s       0.00 wall s
TIDE Mixed norm of X-X^2 took      0.00 usr cpu s       0.02 sys cpu s       0.00 wall s
TIDE Trace of X-X^2 took      0.00 usr cpu s       0.00 sys cpu s       0.00 wall s
INDE ||X-X^2||_F = 4.268869e+00 , ||X-X^2||_mixed = 1.493203e+00
INDE trace(X-X^2) = 7.626100e+01
INDE trace(X) = 1.469661e+02
INDE Checking stopping criterion...   
INDE Order of convergence cannot be computed
TIDE stopping_criterion took      0.00 usr cpu s       0.00 sys cpu s       0.00 wall s
TIDE Iteration 5 took      0.01 usr cpu s       0.07 sys cpu s       0.01 wall s
INDE     ITERATION 6 :
TIDE purify_X took      0.00 usr cpu s       0.00 sys cpu s       0.00 wall s
TIDE truncate_matrix took      0.00 usr cpu s       0.00 sys cpu s       0.00 wall s
INDE Actual introduced error   0.000000e+00 : nnz before  116964 <-> 100.00 % , nnz after  116964 <-> 100.00 %
TIDE square took      0.01 usr cpu s       0.04 sys cpu s       0.01 wall s
INDE NNZ Xsq = 116964 <-> 100.00 %
TIDE Frobenius norm of X-X^2 took      0.00 usr cpu s       0.00 sys cpu s       0.00 wall s
TIDE Mixed norm of X-X^2 took      0.00 usr cpu s       0.02 sys cpu s       0.00 wall s
TIDE Trace of X-X^2 took      0.00 usr cpu s       0.00 sys cpu s       0.00 wall s
INDE ||X-X^2||_F = 2.734204e+00 , ||X-X^2||_mixed = 1.096784e+00
INDE trace(X-X^2) = 4.779558e+01
INDE trace(X) = 7.070509e+01
INDE Checking stopping criterion...   
INDE Order of convergence cannot be computed
TIDE stopping_criterion took      0.00 usr cpu s       0.00 sys cpu s       0.00 wall s
TIDE Iteration 6 took      0.02 usr cpu s       0.06 sys cpu s       0.01 wall s
INDE     ITERATION 7 :
TIDE purify_X took      0.00 usr cpu s       0.00 sys cpu s       0.00 wall s
TIDE truncate_matrix took      0.00 usr cpu s       0.00 sys cpu s       0.00 wall s
INDE Actual introduced error   0.000000e+00 : nnz before  116964 <-> 100.00 % , nnz after  116964 <-> 100.00 %
TIDE square took      0.03 usr cpu s       0.03 sys cpu s       0.01 wall s
INDE NNZ Xsq = 116964 <-> 100.00 %
TIDE Frobenius norm of X-X^2 took      0.00 usr cpu s       0.00 sys cpu s       0.00 wall s
TIDE Mixed norm of X-X^2 took      0.00 usr cpu s       0.02 sys cpu s       0.00 wall s
TIDE Trace of X-X^2 took      0.00 usr cpu s       0.00 sys cpu s       0.00 wall s
INDE ||X-X^2||_F = 3.850788e+00 , ||X-X^2||_mixed = 1.464406e+00
INDE trace(X-X^2) = 6.763950e+01
INDE trace(X) = 1.185007e+02
INDE Checking stopping criterion...   
INDE Order of convergence cannot be computed
TIDE stopping_criterion took      0.00 usr cpu s       0.00 sys cpu s       0.00 wall s
TIDE Iteration 7 took      0.03 usr cpu s       0.05 sys cpu s       0.01 wall s
INDE     ITERATION 8 :
TIDE purify_X took      0.00 usr cpu s       0.00 sys cpu s       0.00 wall s
TIDE truncate_matrix took      0.00 usr cpu s       0.00 sys cpu s       0.00 wall s
INDE Actual introduced error   0.000000e+00 : nnz before  116964 <-> 100.00 % , nnz after  116964 <-> 100.00 %
TIDE square took      0.01 usr cpu s       0.04 sys cpu s       0.01 wall s
INDE NNZ Xsq = 116964 <-> 100.00 %
TIDE Frobenius norm of X-X^2 took      0.00 usr cpu s       0.00 sys cpu s       0.00 wall s
TIDE Mixed norm of X-X^2 took      0.00 usr cpu s       0.02 sys cpu s       0.00 wall s
TIDE Trace of X-X^2 took      0.00 usr cpu s       0.00 sys cpu s       0.00 wall s
INDE ||X-X^2||_F = 4.120484e+00 , ||X-X^2||_mixed = 1.498162e+00
INDE trace(X-X^2) = 7.299933e+01
INDE trace(X) = 1.861402e+02
INDE Checking stopping criterion...   
INDE Order of convergence cannot be computed
TIDE stopping_criterion took      0.00 usr cpu s       0.00 sys cpu s       0.00 wall s
TIDE Iteration 8 took      0.02 usr cpu s       0.06 sys cpu s       0.01 wall s
INDE     ITERATION 9 :
TIDE purify_X took      0.00 usr cpu s       0.00 sys cpu s       0.00 wall s
TIDE truncate_matrix took      0.00 usr cpu s       0.00 sys cpu s       0.00 wall s
INDE Actual introduced error   0.000000e+00 : nnz before  116964 <-> 100.00 % , nnz after  116964 <-> 100.00 %
TIDE square took      0.01 usr cpu s       0.05 sys cpu s       0.01 wall s
INDE NNZ Xsq = 116964 <-> 100.00 %
TIDE Frobenius norm of X-X^2 took      0.00 usr cpu s       0.00 sys cpu s       0.00 wall s
TIDE Mixed norm of X-X^2 took      0.01 usr cpu s       0.02 sys cpu s       0.00 wall s
TIDE Trace of X-X^2 took      0.00 usr cpu s       0.00 sys cpu s       0.00 wall s
INDE ||X-X^2||_F = 3.665674e+00 , ||X-X^2||_mixed = 1.504885e+00
INDE trace(X-X^2) = 6.284297e+01
INDE trace(X) = 1.131408e+02
INDE Checking stopping criterion...   
INDE Order of convergence cannot be computed
TIDE stopping_criterion took      0.00 usr cpu s       0.00 sys cpu s       0.00 wall s
TIDE Iteration 9 took      0.02 usr cpu s       0.06 sys cpu s       0.01 wall s
INDE     ITERATION 10 :
TIDE purify_X took      0.00 usr cpu s       0.00 sys cpu s       0.00 wall s
TIDE truncate_matrix took      0.00 usr cpu s       0.00 sys cpu s       0.00 wall s
INDE Actual introduced error   0.000000e+00 : nnz before  116964 <-> 100.00 % , nnz after  116964 <-> 100.00 %
TIDE square took      0.01 usr cpu s       0.04 sys cpu s       0.01 wall s
INDE NNZ Xsq = 116964 <-> 100.00 %
TIDE Frobenius norm of X-X^2 took      0.00 usr cpu s       0.00 sys cpu s       0.00 wall s
TIDE Mixed norm of X-X^2 took      0.00 usr cpu s       0.02 sys cpu s       0.00 wall s
TIDE Trace of X-X^2 took      0.00 usr cpu s       0.00 sys cpu s       0.00 wall s
INDE ||X-X^2||_F = 3.888191e+00 , ||X-X^2||_mixed = 1.520343e+00
INDE trace(X-X^2) = 6.812291e+01
INDE trace(X) = 1.759838e+02
INDE Checking stopping criterion...   
INDE Order of convergence cannot be computed
TIDE stopping_criterion took      0.00 usr cpu s       0.00 sys cpu s       0.00 wall s
TIDE Iteration 10 took      0.02 usr cpu s       0.07 sys cpu s       0.01 wall s
INDE     ITERATION 11 :
TIDE purify_X took      0.00 usr cpu s       0.00 sys cpu s       0.00 wall s
TIDE truncate_matrix took      0.00 usr cpu s       0.00 sys cpu s       0.00 wall s
INDE Actual introduced error   0.000000e+00 : nnz before  116964 <-> 100.00 % , nnz after  116964 <-> 100.00 %
TIDE square took      0.01 usr cpu s       0.04 sys cpu s       0.01 wall s
INDE NNZ Xsq = 116964 <-> 100.00 %
TIDE Frobenius norm of X-X^2 took      0.00 usr cpu s       0.00 sys cpu s       0.00 wall s
TIDE Mixed norm of X-X^2 took      0.00 usr cpu s       0.02 sys cpu s       0.00 wall s
TIDE Trace of X-X^2 took      0.00 usr cpu s       0.00 sys cpu s       0.00 wall s
INDE ||X-X^2||_F = 3.436125e+00 , ||X-X^2||_mixed = 1.550217e+00
INDE trace(X-X^2) = 5.634661e+01
INDE trace(X) = 1.078609e+02
INDE Checking stopping criterion...   
INDE Order of convergence cannot be computed
TIDE stopping_criterion took      0.00 usr cpu s       0.00 sys cpu s       0.00 wall s
TIDE Iteration 11 took      0.02 usr cpu s       0.06 sys cpu s       0.01 wall s
INDE     ITERATION 12 :
TIDE purify_X took      0.00 usr cpu s       0.00 sys cpu s       0.00 wall s
TIDE truncate_matrix took      0.00 usr cpu s       0.00 sys cpu s       0.00 wall s
INDE Actual introduced error   0.000000e+00 : nnz before  116964 <-> 100.00 % , nnz after  116964 <-> 100.00 %
TIDE square took      0.01 usr cpu s       0.05 sys cpu s       0.01 wall s
INDE NNZ Xsq = 116964 <-> 100.00 %
TIDE Frobenius norm of X-X^2 took      0.00 usr cpu s       0.00 sys cpu s       0.00 wall s
TIDE Mixed norm of X-X^2 took      0.00 usr cpu s       0.02 sys cpu s       0.00 wall s
TIDE Trace of X-X^2 took      0.00 usr cpu s       0.00 sys cpu s       0.00 wall s
INDE ||X-X^2||_F = 2.133967e+00 , ||X-X^2||_mixed = 1.203824e+00
INDE trace(X-X^2) = 2.957975e+01
INDE trace(X) = 5.151429e+01
INDE Checking stopping criterion...   
INDE Order of convergence cannot be computed
TIDE stopping_criterion took      0.00 usr cpu s       0.00 sys cpu s       0.00 wall s
TIDE Iteration 12 took      0.01 usr cpu s       0.07 sys cpu s       0.01 wall s
INDE     ITERATION 13 :
TIDE purify_X took      0.00 usr cpu s       0.00 sys cpu s       0.00 wall s
TIDE truncate_matrix took      0.00 usr cpu s       0.00 sys cpu s       0.00 wall s
INDE Actual introduced error   0.000000e+00 : nnz before  116964 <-> 100.00 % , nnz after  116964 <-> 100.00 %
TIDE square took      0.03 usr cpu s       0.03 sys cpu s       0.01 wall s
INDE NNZ Xsq = 116964 <-> 100.00 %
TIDE Frobenius norm of X-X^2 took      0.00 usr cpu s       0.00 sys cpu s       0.00 wall s
TIDE Mixed norm of X-X^2 took      0.00 usr cpu s       0.02 sys cpu s       0.00 wall s
TIDE Trace of X-X^2 took      0.00 usr cpu s       0.00 sys cpu s       0.00 wall s
INDE ||X-X^2||_F = 2.856400e+00 , ||X-X^2||_mixed = 1.476438e+00
INDE trace(X-X^2) = 4.203374e+01
INDE trace(X) = 8.109404e+01
INDE Checking stopping criterion...   
INDE Order of convergence cannot be computed
TIDE stopping_criterion took      0.00 usr cpu s       0.00 sys cpu s       0.00 wall s
TIDE Iteration 13 took      0.04 usr cpu s       0.05 sys cpu s       0.01 wall s
INDE     ITERATION 14 :
TIDE purify_X took      0.00 usr cpu s       0.00 sys cpu s       0.00 wall s
TIDE truncate_matrix took      0.00 usr cpu s       0.00 sys cpu s       0.00 wall s
INDE Actual introduced error   0.000000e+00 : nnz before  116964 <-> 100.00 % , nnz after  116964 <-> 100.00 %
TIDE square took      0.01 usr cpu s       0.04 sys cpu s       0.01 wall s
INDE NNZ Xsq = 116964 <-> 100.00 %
TIDE Frobenius norm of X-X^2 took      0.00 usr cpu s       0.00 sys cpu s       0.00 wall s
TIDE Mixed norm of X-X^2 took      0.00 usr cpu s       0.02 sys cpu s       0.00 wall s
TIDE Trace of X-X^2 took      0.00 usr cpu s       0.00 sys cpu s       0.00 wall s
INDE ||X-X^2||_F = 3.137421e+00 , ||X-X^2||_mixed = 1.633220e+00
INDE trace(X-X^2) = 4.810016e+01
INDE trace(X) = 1.231278e+02
INDE Checking stopping criterion...   
INDE Order of convergence cannot be computed
TIDE stopping_criterion took      0.00 usr cpu s       0.00 sys cpu s       0.00 wall s
TIDE Iteration 14 took      0.02 usr cpu s       0.07 sys cpu s       0.01 wall s
INDE     ITERATION 15 :
TIDE purify_X took      0.00 usr cpu s       0.00 sys cpu s       0.00 wall s
TIDE truncate_matrix took      0.00 usr cpu s       0.00 sys cpu s       0.00 wall s
INDE Actual introduced error   0.000000e+00 : nnz before  116964 <-> 100.00 % , nnz after  116964 <-> 100.00 %
TIDE square took      0.01 usr cpu s       0.04 sys cpu s       0.01 wall s
INDE NNZ Xsq = 116964 <-> 100.00 %
TIDE Frobenius norm of X-X^2 took      0.00 usr cpu s       0.00 sys cpu s       0.00 wall s
TIDE Mixed norm of X-X^2 took      0.00 usr cpu s       0.02 sys cpu s       0.00 wall s
TIDE Trace of X-X^2 took      0.00 usr cpu s       0.00 sys cpu s       0.00 wall s
INDE ||X-X^2||_F = 2.538274e+00 , ||X-X^2||_mixed = 1.427854e+00
INDE trace(X-X^2) = 3.388055e+01
INDE trace(X) = 7.502762e+01
INDE Checking stopping criterion...   
INDE Order of convergence cannot be computed
TIDE stopping_criterion took      0.00 usr cpu s       0.00 sys cpu s       0.00 wall s
TIDE Iteration 15 took      0.02 usr cpu s       0.06 sys cpu s       0.01 wall s
INDE     ITERATION 16 :
TIDE purify_X took      0.00 usr cpu s       0.00 sys cpu s       0.00 wall s
TIDE truncate_matrix took      0.00 usr cpu s       0.00 sys cpu s       0.00 wall s
INDE Actual introduced error   0.000000e+00 : nnz before  116964 <-> 100.00 % , nnz after  116964 <-> 100.00 %
TIDE square took      0.01 usr cpu s       0.04 sys cpu s       0.01 wall s
INDE NNZ Xsq = 116964 <-> 100.00 %
TIDE Frobenius norm of X-X^2 took      0.00 usr cpu s       0.00 sys cpu s       0.00 wall s
TIDE Mixed norm of X-X^2 took      0.00 usr cpu s       0.02 sys cpu s       0.00 wall s
TIDE Trace of X-X^2 took      0.00 usr cpu s       0.00 sys cpu s       0.00 wall s
INDE ||X-X^2||_F = 2.741256e+00 , ||X-X^2||_mixed = 1.619459e+00
INDE trace(X-X^2) = 3.724898e+01
INDE trace(X) = 1.089082e+02
INDE Checking stopping criterion...   
INDE Order of convergence cannot be computed
TIDE stopping_criterion took      0.00 usr cpu s       0.00 sys cpu s       0.00 wall s
TIDE Iteration 16 took      0.02 usr cpu s       0.07 sys cpu s       0.01 wall s
INDE     ITERATION 17 :
TIDE purify_X took      0.00 usr cpu s       0.00 sys cpu s       0.00 wall s
TIDE truncate_matrix took      0.00 usr cpu s       0.00 sys cpu s       0.00 wall s
INDE Actual introduced error   0.000000e+00 : nnz before  116964 <-> 100.00 % , nnz after  116964 <-> 100.00 %
TIDE square took      0.02 usr cpu s       0.04 sys cpu s       0.01 wall s
INDE NNZ Xsq = 116964 <-> 100.00 %
TIDE Frobenius norm of X-X^2 took      0.00 usr cpu s       0.00 sys cpu s       0.00 wall s
TIDE Mixed norm of X-X^2 took      0.00 usr cpu s       0.02 sys cpu s       0.00 wall s
TIDE Trace of X-X^2 took      0.00 usr cpu s       0.00 sys cpu s       0.00 wall s
INDE ||X-X^2||_F = 2.196796e+00 , ||X-X^2||_mixed = 1.348170e+00
INDE trace(X-X^2) = 2.633662e+01
INDE trace(X) = 7.165919e+01
INDE Checking stopping criterion...   
INDE Order of convergence cannot be computed
TIDE stopping_criterion took      0.00 usr cpu s       0.00 sys cpu s       0.00 wall s
TIDE Iteration 17 took      0.02 usr cpu s       0.06 sys cpu s       0.01 wall s
INDE     ITERATION 18 :
TIDE purify_X took      0.00 usr cpu s       0.00 sys cpu s       0.00 wall s
TIDE truncate_matrix took      0.00 usr cpu s       0.00 sys cpu s       0.00 wall s
INDE Actual introduced error   0.000000e+00 : nnz before  116964 <-> 100.00 % , nnz after  116964 <-> 100.00 %
TIDE square took      0.02 usr cpu s       0.03 sys cpu s       0.01 wall s
INDE NNZ Xsq = 116964 <-> 100.00 %
TIDE Frobenius norm of X-X^2 took      0.00 usr cpu s       0.00 sys cpu s       0.00 wall s
TIDE Mixed norm of X-X^2 took      0.00 usr cpu s       0.02 sys cpu s       0.00 wall s
TIDE Trace of X-X^2 took      0.00 usr cpu s       0.00 sys cpu s       0.00 wall s
INDE ||X-X^2||_F = 1.503643e+00 , ||X-X^2||_mixed = 1.049184e+00
INDE trace(X-X^2) = 1.464943e+01
INDE trace(X) = 4.532257e+01
INDE Checking stopping criterion...   
INDE Order of convergence cannot be computed
TIDE stopping_criterion took      0.00 usr cpu s       0.00 sys cpu s       0.00 wall s
TIDE Iteration 18 took      0.03 usr cpu s       0.05 sys cpu s       0.01 wall s
INDE     ITERATION 19 :
TIDE purify_X took      0.00 usr cpu s       0.00 sys cpu s       0.00 wall s
TIDE truncate_matrix took      0.00 usr cpu s       0.00 sys cpu s       0.00 wall s
INDE Actual introduced error   0.000000e+00 : nnz before  116964 <-> 100.00 % , nnz after  116964 <-> 100.00 %
TIDE square took      0.02 usr cpu s       0.04 sys cpu s       0.01 wall s
INDE NNZ Xsq = 116964 <-> 100.00 %
TIDE Frobenius norm of X-X^2 took      0.00 usr cpu s       0.00 sys cpu s       0.00 wall s
TIDE Mixed norm of X-X^2 took      0.00 usr cpu s       0.02 sys cpu s       0.00 wall s
TIDE Trace of X-X^2 took      0.00 usr cpu s       0.00 sys cpu s       0.00 wall s
INDE ||X-X^2||_F = 1.606024e+00 , ||X-X^2||_mixed = 1.077340e+00
INDE trace(X-X^2) = 1.666677e+01
INDE trace(X) = 5.997200e+01
INDE Checking stopping criterion...   
INDE Order of convergence cannot be computed
TIDE stopping_criterion took      0.00 usr cpu s       0.00 sys cpu s       0.00 wall s
TIDE Iteration 19 took      0.02 usr cpu s       0.06 sys cpu s       0.01 wall s
INDE     ITERATION 20 :
TIDE purify_X took      0.00 usr cpu s       0.00 sys cpu s       0.00 wall s
TIDE truncate_matrix took      0.00 usr cpu s       0.00 sys cpu s       0.00 wall s
INDE Actual introduced error   0.000000e+00 : nnz before  116964 <-> 100.00 % , nnz after  116964 <-> 100.00 %
TIDE square took      0.02 usr cpu s       0.04 sys cpu s       0.01 wall s
INDE NNZ Xsq = 116964 <-> 100.00 %
TIDE Frobenius norm of X-X^2 took      0.00 usr cpu s       0.00 sys cpu s       0.00 wall s
TIDE Mixed norm of X-X^2 took      0.00 usr cpu s       0.02 sys cpu s       0.00 wall s
TIDE Trace of X-X^2 took      0.00 usr cpu s       0.00 sys cpu s       0.00 wall s
INDE ||X-X^2||_F = 1.109702e+00 , ||X-X^2||_mixed = 8.472817e-01
INDE trace(X-X^2) = 8.648886e+00
INDE trace(X) = 4.330522e+01
INDE Checking stopping criterion...   
INDE Order of convergence cannot be computed
TIDE stopping_criterion took      0.00 usr cpu s       0.00 sys cpu s       0.00 wall s
TIDE Iteration 20 took      0.03 usr cpu s       0.05 sys cpu s       0.01 wall s
INDE     ITERATION 21 :
TIDE purify_X took      0.00 usr cpu s       0.00 sys cpu s       0.00 wall s
TIDE truncate_matrix took      0.00 usr cpu s       0.00 sys cpu s       0.00 wall s
INDE Actual introduced error   0.000000e+00 : nnz before  116964 <-> 100.00 % , nnz after  116964 <-> 100.00 %
TIDE square took      0.02 usr cpu s       0.03 sys cpu s       0.01 wall s
INDE NNZ Xsq = 116964 <-> 100.00 %
TIDE Frobenius norm of X-X^2 took      0.00 usr cpu s       0.00 sys cpu s       0.00 wall s
TIDE Mixed norm of X-X^2 took      0.01 usr cpu s       0.01 sys cpu s       0.00 wall s
TIDE Trace of X-X^2 took      0.00 usr cpu s       0.00 sys cpu s       0.00 wall s
INDE ||X-X^2||_F = 9.692759e-01 , ||X-X^2||_mixed = 7.161198e-01
INDE trace(X-X^2) = 8.393568e+00
INDE trace(X) = 5.195411e+01
INDE Checking stopping criterion...   
INDE Order of convergence cannot be computed
TIDE stopping_criterion took      0.00 usr cpu s       0.00 sys cpu s       0.00 wall s
TIDE Iteration 21 took      0.03 usr cpu s       0.05 sys cpu s       0.01 wall s
INDE     ITERATION 22 :
TIDE purify_X took      0.00 usr cpu s       0.00 sys cpu s       0.00 wall s
TIDE truncate_matrix took      0.00 usr cpu s       0.00 sys cpu s       0.00 wall s
INDE Actual introduced error   0.000000e+00 : nnz before  116964 <-> 100.00 % , nnz after  116964 <-> 100.00 %
TIDE square took      0.01 usr cpu s       0.04 sys cpu s       0.01 wall s
INDE NNZ Xsq = 116964 <-> 100.00 %
TIDE Frobenius norm of X-X^2 took      0.00 usr cpu s       0.00 sys cpu s       0.00 wall s
TIDE Mixed norm of X-X^2 took      0.00 usr cpu s       0.02 sys cpu s       0.00 wall s
TIDE Trace of X-X^2 took      0.00 usr cpu s       0.00 sys cpu s       0.00 wall s
INDE ||X-X^2||_F = 1.307904e+00 , ||X-X^2||_mixed = 9.749366e-01
INDE trace(X-X^2) = 1.060139e+01
INDE trace(X) = 6.034768e+01
INDE Checking stopping criterion...   
INDE Order of convergence cannot be computed
TIDE stopping_criterion took      0.00 usr cpu s       0.00 sys cpu s       0.00 wall s
TIDE Iteration 22 took      0.02 usr cpu s       0.06 sys cpu s       0.01 wall s
INDE     ITERATION 23 :
TIDE purify_X took      0.00 usr cpu s       0.00 sys cpu s       0.00 wall s
TIDE truncate_matrix took      0.00 usr cpu s       0.00 sys cpu s       0.00 wall s
INDE Actual introduced error   0.000000e+00 : nnz before  116964 <-> 100.00 % , nnz after  116964 <-> 100.00 %
TIDE square took      0.02 usr cpu s       0.03 sys cpu s       0.01 wall s
INDE NNZ Xsq = 116964 <-> 100.00 %
TIDE Frobenius norm of X-X^2 took      0.00 usr cpu s       0.00 sys cpu s       0.00 wall s
TIDE Mixed norm of X-X^2 took      0.00 usr cpu s       0.02 sys cpu s       0.00 wall s
TIDE Trace of X-X^2 took      0.00 usr cpu s       0.00 sys cpu s       0.00 wall s
INDE ||X-X^2||_F = 5.526940e-01 , ||X-X^2||_mixed = 4.413787e-01
INDE trace(X-X^2) = 3.712556e+00
INDE trace(X) = 4.974629e+01
INDE Checking stopping criterion...   
INDE e_i =4.413787e-01, C*e_{i-1}^q = 3.531946e+00
INDE Order of convergence = 8.228370, stop = 0
TIDE stopping_criterion took      0.00 usr cpu s       0.00 sys cpu s       0.00 wall s
TIDE Iteration 23 took      0.03 usr cpu s       0.05 sys cpu s       0.01 wall s
INDE     ITERATION 24 :
TIDE purify_X took      0.00 usr cpu s       0.00 sys cpu s       0.00 wall s
TIDE truncate_matrix took      0.00 usr cpu s       0.00 sys cpu s       0.00 wall s
INDE Actual introduced error   0.000000e+00 : nnz before  116964 <-> 100.00 % , nnz after  116964 <-> 100.00 %
TIDE square took      0.01 usr cpu s       0.04 sys cpu s       0.01 wall s
INDE NNZ Xsq = 116964 <-> 100.00 %
TIDE Frobenius norm of X-X^2 took      0.00 usr cpu s       0.00 sys cpu s       0.00 wall s
TIDE Mixed norm of X-X^2 took      0.00 usr cpu s       0.02 sys cpu s       0.00 wall s
TIDE Trace of X-X^2 took      0.00 usr cpu s       0.00 sys cpu s       0.00 wall s
INDE ||X-X^2||_F = 3.562834e-01 , ||X-X^2||_mixed = 3.226265e-01
INDE trace(X-X^2) = 1.459728e+00
INDE trace(X) = 4.603373e+01
INDE Checking stopping criterion...   
INDE Order of convergence cannot be computed
TIDE stopping_criterion took      0.00 usr cpu s       0.00 sys cpu s       0.00 wall s
TIDE Iteration 24 took      0.02 usr cpu s       0.06 sys cpu s       0.01 wall s
INDE     ITERATION 25 :
TIDE purify_X took      0.00 usr cpu s       0.00 sys cpu s       0.00 wall s
TIDE truncate_matrix took      0.00 usr cpu s       0.00 sys cpu s       0.00 wall s
INDE Actual introduced error   0.000000e+00 : nnz before  116964 <-> 100.00 % , nnz after  116964 <-> 100.00 %
TIDE square took      0.01 usr cpu s       0.04 sys cpu s       0.01 wall s
INDE NNZ Xsq = 116964 <-> 100.00 %
TIDE Frobenius norm of X-X^2 took      0.00 usr cpu s       0.00 sys cpu s       0.00 wall s
TIDE Mixed norm of X-X^2 took      0.01 usr cpu s       0.01 sys cpu s       0.00 wall s
TIDE Trace of X-X^2 took      0.00 usr cpu s       0.00 sys cpu s       0.00 wall s
INDE ||X-X^2||_F = 1.791538e-01 , ||X-X^2||_mixed = 1.540349e-01
INDE trace(X-X^2) = 8.438010e-01
INDE trace(X) = 4.749346e+01
INDE Checking stopping criterion...   
INDE e_i =1.540349e-01, C*e_{i-1}^q = 1.341731e+00
INDE Order of convergence = 4.646611, stop = 0
TIDE stopping_criterion took      0.00 usr cpu s       0.00 sys cpu s       0.00 wall s
TIDE Iteration 25 took      0.02 usr cpu s       0.06 sys cpu s       0.01 wall s
INDE     ITERATION 26 :
TIDE purify_X took      0.00 usr cpu s       0.00 sys cpu s       0.00 wall s
TIDE truncate_matrix took      0.00 usr cpu s       0.00 sys cpu s       0.00 wall s
INDE Actual introduced error   0.000000e+00 : nnz before  116964 <-> 100.00 % , nnz after  116964 <-> 100.00 %
TIDE square took      0.02 usr cpu s       0.03 sys cpu s       0.01 wall s
INDE NNZ Xsq = 116964 <-> 100.00 %
TIDE Frobenius norm of X-X^2 took      0.00 usr cpu s       0.00 sys cpu s       0.00 wall s
TIDE Mixed norm of X-X^2 took      0.00 usr cpu s       0.02 sys cpu s       0.00 wall s
TIDE Trace of X-X^2 took      0.00 usr cpu s       0.00 sys cpu s       0.00 wall s
INDE ||X-X^2||_F = 2.833507e-01 , ||X-X^2||_mixed = 2.367222e-01
INDE trace(X-X^2) = 1.259242e+00
INDE trace(X) = 4.833726e+01
INDE Checking stopping criterion...   
INDE Order of convergence cannot be computed
TIDE stopping_criterion took      0.00 usr cpu s       0.00 sys cpu s       0.00 wall s
TIDE Iteration 26 took      0.03 usr cpu s       0.06 sys cpu s       0.01 wall s
INDE     ITERATION 27 :
TIDE purify_X took      0.00 usr cpu s       0.00 sys cpu s       0.00 wall s
TIDE truncate_matrix took      0.00 usr cpu s       0.00 sys cpu s       0.00 wall s
INDE Actual introduced error   0.000000e+00 : nnz before  116964 <-> 100.00 % , nnz after  116964 <-> 100.00 %
TIDE square took      0.02 usr cpu s       0.03 sys cpu s       0.01 wall s
INDE NNZ Xsq = 116964 <-> 100.00 %
TIDE Frobenius norm of X-X^2 took      0.00 usr cpu s       0.00 sys cpu s       0.00 wall s
TIDE Mixed norm of X-X^2 took      0.00 usr cpu s       0.01 sys cpu s       0.00 wall s
TIDE Trace of X-X^2 took      0.00 usr cpu s       0.00 sys cpu s       0.00 wall s
INDE ||X-X^2||_F = 3.432008e-02 , ||X-X^2||_mixed = 2.952668e-02
INDE trace(X-X^2) = 1.171222e-01
INDE trace(X) = 4.707802e+01
INDE Checking stopping criterion...   
INDE e_i =2.952668e-02, C*e_{i-1}^q = 1.634110e-01
INDE Order of convergence = 2.914678, stop = 0
TIDE stopping_criterion took      0.00 usr cpu s       0.00 sys cpu s       0.00 wall s
TIDE Iteration 27 took      0.03 usr cpu s       0.05 sys cpu s       0.01 wall s
INDE     ITERATION 28 :
TIDE purify_X took      0.00 usr cpu s       0.00 sys cpu s       0.00 wall s
TIDE truncate_matrix took      0.00 usr cpu s       0.00 sys cpu s       0.00 wall s
INDE Actual introduced error   0.000000e+00 : nnz before  116964 <-> 100.00 % , nnz after  116964 <-> 100.00 %
TIDE square took      0.01 usr cpu s       0.05 sys cpu s       0.01 wall s
INDE NNZ Xsq = 116964 <-> 100.00 %
TIDE Frobenius norm of X-X^2 took      0.00 usr cpu s       0.00 sys cpu s       0.00 wall s
TIDE Mixed norm of X-X^2 took      0.00 usr cpu s       0.01 sys cpu s       0.00 wall s
TIDE Trace of X-X^2 took      0.00 usr cpu s       0.00 sys cpu s       0.00 wall s
INDE ||X-X^2||_F = 2.690948e-02 , ||X-X^2||_mixed = 2.663140e-02
INDE trace(X-X^2) = 4.038492e-02
INDE trace(X) = 4.696090e+01
INDE Checking stopping criterion...   
INDE Order of convergence cannot be computed
TIDE stopping_criterion took      0.00 usr cpu s       0.00 sys cpu s       0.00 wall s
TIDE Iteration 28 took      0.01 usr cpu s       0.07 sys cpu s       0.01 wall s
INDE     ITERATION 29 :
TIDE purify_X took      0.00 usr cpu s       0.00 sys cpu s       0.00 wall s
TIDE truncate_matrix took      0.00 usr cpu s       0.00 sys cpu s       0.00 wall s
INDE Actual introduced error   0.000000e+00 : nnz before  116964 <-> 100.00 % , nnz after  116964 <-> 100.00 %
TIDE square took      0.01 usr cpu s       0.08 sys cpu s       0.01 wall s
INDE NNZ Xsq = 116964 <-> 100.00 %
TIDE Frobenius norm of X-X^2 took      0.00 usr cpu s       0.00 sys cpu s       0.00 wall s
TIDE Mixed norm of X-X^2 took      0.01 usr cpu s       0.01 sys cpu s       0.00 wall s
TIDE Trace of X-X^2 took      0.00 usr cpu s       0.00 sys cpu s       0.00 wall s
INDE ||X-X^2||_F = 1.057450e-03 , ||X-X^2||_mixed = 9.546477e-04
INDE trace(X-X^2) = 2.789339e-03
INDE trace(X) = 4.700128e+01
INDE Checking stopping criterion...   
INDE e_i =9.546477e-04, C*e_{i-1}^q = 6.004431e-03
INDE Order of convergence = 2.522053, stop = 0
TIDE stopping_criterion took      0.00 usr cpu s       0.00 sys cpu s       0.00 wall s
TIDE Iteration 29 took      0.02 usr cpu s       0.10 sys cpu s       0.02 wall s
INDE     ITERATION 30 :
TIDE purify_X took      0.00 usr cpu s       0.00 sys cpu s       0.00 wall s
TIDE truncate_matrix took      0.00 usr cpu s       0.00 sys cpu s       0.00 wall s
INDE Actual introduced error   0.000000e+00 : nnz before  116964 <-> 100.00 % , nnz after  116964 <-> 100.00 %
TIDE square took      0.02 usr cpu s       0.04 sys cpu s       0.01 wall s
INDE NNZ Xsq = 116964 <-> 100.00 %
TIDE Frobenius norm of X-X^2 took      0.00 usr cpu s       0.00 sys cpu s       0.00 wall s
TIDE Mixed norm of X-X^2 took      0.00 usr cpu s       0.01 sys cpu s       0.00 wall s
TIDE Trace of X-X^2 took      0.00 usr cpu s       0.00 sys cpu s       0.00 wall s
INDE ||X-X^2||_F = 1.123519e-03 , ||X-X^2||_mixed = 1.115835e-03
INDE trace(X-X^2) = 1.507434e-03
INDE trace(X) = 4.699849e+01
INDE Checking stopping criterion...   
INDE e_i =1.115835e-03, C*e_{i-1}^q = 4.884620e-03
INDE Order of convergence = 2.407233, stop = 0
TIDE stopping_criterion took      0.00 usr cpu s       0.00 sys cpu s       0.00 wall s
TIDE Iteration 30 took      0.02 usr cpu s       0.06 sys cpu s       0.01 wall s
INDE     ITERATION 31 :
TIDE purify_X took      0.00 usr cpu s       0.00 sys cpu s       0.00 wall s
TIDE truncate_matrix took      0.00 usr cpu s       0.00 sys cpu s       0.00 wall s
INDE Actual introduced error   0.000000e+00 : nnz before  116964 <-> 100.00 % , nnz after  116964 <-> 100.00 %
TIDE square took      0.02 usr cpu s       0.06 sys cpu s       0.01 wall s
INDE NNZ Xsq = 116964 <-> 100.00 %
TIDE Frobenius norm of X-X^2 took      0.00 usr cpu s       0.00 sys cpu s       0.00 wall s
TIDE Mixed norm of X-X^2 took      0.01 usr cpu s       0.01 sys cpu s       0.00 wall s
TIDE Trace of X-X^2 took      0.00 usr cpu s       0.00 sys cpu s       0.00 wall s
INDE ||X-X^2||_F = 1.407991e-06 , ||X-X^2||_mixed = 1.348502e-06
INDE trace(X-X^2) = 2.870592e-06
INDE trace(X) = 4.700000e+01
INDE Checking stopping criterion...   
INDE e_i =1.348502e-06, C*e_{i-1}^q = 6.276665e-06
INDE Order of convergence = 2.221140, stop = 0
TIDE stopping_criterion took      0.00 usr cpu s       0.00 sys cpu s       0.00 wall s
TIDE Iteration 31 took      0.03 usr cpu s       0.08 sys cpu s       0.01 wall s
INDE     ITERATION 32 :
TIDE purify_X took      0.00 usr cpu s       0.00 sys cpu s       0.00 wall s
TIDE truncate_matrix took      0.00 usr cpu s       0.00 sys cpu s       0.00 wall s
INDE Actual introduced error   0.000000e+00 : nnz before  116964 <-> 100.00 % , nnz after  116964 <-> 100.00 %
TIDE square took      0.01 usr cpu s       0.04 sys cpu s       0.01 wall s
INDE NNZ Xsq = 116964 <-> 100.00 %
TIDE Frobenius norm of X-X^2 took      0.00 usr cpu s       0.00 sys cpu s       0.00 wall s
TIDE Mixed norm of X-X^2 took      0.00 usr cpu s       0.01 sys cpu s       0.00 wall s
TIDE Trace of X-X^2 took      0.00 usr cpu s       0.00 sys cpu s       0.00 wall s
INDE ||X-X^2||_F = 1.882986e-06 , ||X-X^2||_mixed = 1.756602e-06
INDE trace(X-X^2) = 3.211999e-06
INDE trace(X) = 4.700000e+01
INDE Checking stopping criterion...   
INDE Order of convergence cannot be computed
TIDE stopping_criterion took      0.00 usr cpu s       0.00 sys cpu s       0.00 wall s
TIDE Iteration 32 took      0.02 usr cpu s       0.06 sys cpu s       0.01 wall s
INDE     ITERATION 33 :
TIDE purify_X took      0.00 usr cpu s       0.00 sys cpu s       0.00 wall s
TIDE truncate_matrix took      0.00 usr cpu s       0.00 sys cpu s       0.00 wall s
INDE Actual introduced error   0.000000e+00 : nnz before  116964 <-> 100.00 % , nnz after  116964 <-> 100.00 %
TIDE square took      0.02 usr cpu s       0.05 sys cpu s       0.01 wall s
INDE NNZ Xsq = 116964 <-> 100.00 %
TIDE Frobenius norm of X-X^2 took      0.00 usr cpu s       0.00 sys cpu s       0.00 wall s
TIDE Mixed norm of X-X^2 took      0.00 usr cpu s       0.01 sys cpu s       0.00 wall s
TIDE Trace of X-X^2 took      0.00 usr cpu s       0.00 sys cpu s       0.00 wall s
INDE ||X-X^2||_F = 3.452111e-12 , ||X-X^2||_mixed = 3.369087e-12
INDE trace(X-X^2) = 5.741185e-12
INDE trace(X) = 4.700000e+01
INDE Checking stopping criterion...   
INDE e_i =3.369087e-12, C*e_{i-1}^q = 1.252409e-11
INDE Order of convergence = 2.097141, stop = 0
TIDE stopping_criterion took      0.00 usr cpu s       0.00 sys cpu s       0.00 wall s
TIDE Iteration 33 took      0.02 usr cpu s       0.06 sys cpu s       0.01 wall s
INDE     ITERATION 34 :
TIDE purify_X took      0.00 usr cpu s       0.00 sys cpu s       0.00 wall s
TIDE truncate_matrix took      0.00 usr cpu s       0.00 sys cpu s       0.00 wall s
INDE Actual introduced error   0.000000e+00 : nnz before  116964 <-> 100.00 % , nnz after  116964 <-> 100.00 %
TIDE square took      0.02 usr cpu s       0.06 sys cpu s       0.01 wall s
INDE NNZ Xsq = 116964 <-> 100.00 %
TIDE Frobenius norm of X-X^2 took      0.00 usr cpu s       0.00 sys cpu s       0.00 wall s
TIDE Mixed norm of X-X^2 took      0.00 usr cpu s       0.01 sys cpu s       0.00 wall s
TIDE Trace of X-X^2 took      0.00 usr cpu s       0.00 sys cpu s       0.00 wall s
INDE ||X-X^2||_F = 4.146796e-12 , ||X-X^2||_mixed = 4.146554e-12
INDE trace(X-X^2) = 4.391154e-12
INDE trace(X) = 4.700000e+01
INDE Checking stopping criterion...   
INDE Order of convergence cannot be computed
TIDE stopping_criterion took      0.00 usr cpu s       0.00 sys cpu s       0.00 wall s
TIDE Iteration 34 took      0.02 usr cpu s       0.07 sys cpu s       0.01 wall s
INDE     ITERATION 35 :
TIDE purify_X took      0.00 usr cpu s       0.00 sys cpu s       0.00 wall s
TIDE truncate_matrix took      0.00 usr cpu s       0.00 sys cpu s       0.00 wall s
INDE Actual introduced error   0.000000e+00 : nnz before  116964 <-> 100.00 % , nnz after  116964 <-> 100.00 %
TIDE square took      0.05 usr cpu s       0.39 sys cpu s       0.07 wall s
INDE NNZ Xsq = 116964 <-> 100.00 %
TIDE Frobenius norm of X-X^2 took      0.00 usr cpu s       0.00 sys cpu s       0.00 wall s
TIDE Mixed norm of X-X^2 took      0.00 usr cpu s       0.00 sys cpu s       0.00 wall s
TIDE Trace of X-X^2 took      0.00 usr cpu s       0.00 sys cpu s       0.00 wall s
INDE ||X-X^2||_F = 2.248282e-15 , ||X-X^2||_mixed = 0.000000e+00
INDE trace(X-X^2) = 0.000000e+00
INDE trace(X) = 4.700000e+01
INDE Checking stopping criterion...   
INDE ************************************************************************************************************
INDE The norm value went much below machine precision, therefore we stop here since n_max can be underestimated.
INDE ************************************************************************************************************
INDE e_i =0.000000e+00, C*e_{i-1}^q = 7.817488e-23
INDE Order of convergence = inf, stop = 1
TIDE stopping_criterion took      0.00 usr cpu s       0.00 sys cpu s       0.00 wall s
INDE PURIFICATION CONVERGED after 35 iterations
TIDE Iteration 35 took      0.06 usr cpu s       0.39 sys cpu s       0.07 wall s
INDE Number of non-zeros in D is  116964 <-> 100.00 %
TIDE FileWritable::writeAndReadAll took      0.00 usr cpu s       0.00 sys cpu s       0.00 wall s
INDE writeAndReadAll sizesStr: '0 MB (1 MatrixGeneral, 0 > 1 MB) + 0 MB (13 MatrixSymmetric, 0 > 1 MB) + 0 MB (2 VectorGeneral, 0 > 1 MB) = 0 MB (16 total, 0 > 1 MB)
INDE TOTAL accumulated subspace error is 0.000000e+00
INDE TOTAL X square time: 0.322775 wall s
INDE TOTAL X trunction time: 0.008564 wall s
INDE TOTAL X purify (exl. X^2 computation) time: 0.008846 wall s
INDE TOTAL time to get number of non-zero elements: 0.001493 wall s
INDE TOTAL time to get mixed norm: 0.085876 wall s
INDE TOTAL time to get Frobenius norm: 0.008956 wall s
INDE TOTAL time for stopping criterion: 0.001666 wall s
INDE TOTAL time to get matrix trace: 0.000810 wall s
INDE Estimated bounds for the eigenvalues for the Fock matrix:
INDE LUMO: [ 0.035552906611 , 0.056509181200 ]
INDE HOMO: [ -0.357285697117 , -0.348195196221 ]
TIDE eigenvalue_bounds_estimation() took      0.00 usr cpu s       0.00 sys cpu s       0.00 wall s
TIDE Recursive expansion took      0.96 usr cpu s       2.89 sys cpu s       0.51 wall s
TIDE Puri->PurificationStart() took      0.96 usr cpu s       2.89 sys cpu s       0.51 wall s
TIDE Accumulated wall times for writeToFile in PurificationStart()          : 0 s (MatrixGeneral) + 4.1e-06 s (MatrixSymmetric) + 0.00017 s (VectorGeneral) = 0.00018 s
TIDE Accumulated wall times for readFromFile in PurificationStart()         : 0 s (MatrixGeneral) + 9.5e-07 s (MatrixSymmetric) + 6e-05 s (VectorGeneral) = 6.1e-05 s
TIDE Accumulated wall times for copy and assign in PurificationStart()      : 2.1e-06 s (MatrixSymmetric) + 6.5e-05 s (VectorGeneral) = 6.7e-05 s
INDE Number of calls to writeToFile in PurificationStart()                  : 2 (MatrixGeneral) + 27 (MatrixSymmetric) + 1443 (VectorGeneral) = 1472 
INDE Number of calls to readFromFile in PurificationStart()                 : 2 (MatrixGeneral) + 26 (MatrixSymmetric) + 538 (VectorGeneral) = 566 
INDE Number of calls to FileWritable copy and assign in PurificationStart() : 2 (MatrixSymmetric) + 37 (VectorGeneral) = 39 
TIDE mat::Gblas::time after purification :     2.657027
INDE Created .m files with results of the purification
INDE Purification converged OK, subspaceError <=          0.00000000000
INDE E(LUMO) - E(HOMO) >=          0.38374810283 =         10.44231789723 eV
INDE E(LUMO) - E(HOMO) <=          0.41379487832 =         11.25993231431 eV
INDE HOMO interval : [   -0.357285697117   -0.348195196221 ]
INDE LUMO interval : [    0.035552906611    0.056509181200 ]
INDE Trace of resulting density matrix is         47.00000000000, error is   0.00000000000000.
INDE Truncated D_ort ( mixed ), selected threshold = 9.99999e-08, returned error =          0, nnz before = 116964 <-> 100.0000 %, nnz after = 116964 <-> 100.0000 %
TIDE FileWritable::writeAndReadAll took      0.00 usr cpu s       0.00 sys cpu s       0.00 wall s
INDE writeAndReadAll sizesStr: '0 MB (1 MatrixGeneral, 0 > 1 MB) + 0 MB (12 MatrixSymmetric, 0 > 1 MB) + 0 MB (1 MatrixTriangular, 0 > 1 MB) = 0 MB (14 total, 0 > 1 MB)
TIDE D_w to non-orthogonal basis took      0.06 usr cpu s       0.28 sys cpu s       0.05 wall s
INDE Truncated D_S (eucl with Z), selected threshold = 9.99999e-08, returned error =          0, nnz before = 100.0000 %, nnz after = 100.0000 %
INDE get_dens_from_fock_sparse ending OK
TIDE get_dens_from_fock_sparse took      1.32 usr cpu s       4.30 sys cpu s       0.76 wall s
ERDE get_dens_from_fock  (GetDensFromFock class) : purification finished OK.
TIDE get_dens_from_fock took      1.32 usr cpu s       4.30 sys cpu s       0.76 wall s
INSC Matrix 'new density matrix' ( symm ): n =    342, nnz =       116964 <-> 100.00 %, mem usage  0.0005 G
INSC Tr( D * S ) =         93.99999999997
TISC get_new_density_matrix took      1.33 usr cpu s       4.30 sys cpu s       0.76 wall s
INSC SCF_restricted::report_density_difference, diff_eucl =          0.08901019037
TISC SCF_restricted::report_density_difference took      0.01 usr cpu s       0.05 sys cpu s       0.01 wall s
INMA ddf_writeShellListAndDensityMatricesToFile_sparse, n =    342, densityMatrixList[0].nvalues =       58653
INMA opened temporary file 'density.bin.A9pY4V' for writing
INMA Choosing matrixStorageType = MATRIX_STORAGE_TYPE_TRIANGLE.
INMA fileSize =          560392 bytes =      0.560 MegaBytes
INMA renamed file 'density.bin.A9pY4V' to 'density.bin'
INMA ddf_writeShellListAndDensityMatricesToFile_sparse freeing buffer.
INMA ddf_writeShellListAndDensityMatricesToFile_sparse returning OK.
TISC write_density_to_file took      0.01 usr cpu s       0.04 sys cpu s       0.01 wall s
INSC Creating mtx file for Fock matrix
INSC Creating mtx file for density matrix
INSC SCF cycle   5 finished.
TISC SCF cycle   5 took   1164.89 usr cpu s       6.38 sys cpu s     182.39 wall s
INSC Beginning of SCF cycle 6:  Thu Mar 26 20:24:19 2026
INDE compute_J_by_boxes_sparse() start.
TIDE FileWritable::writeAndReadAll took      0.00 usr cpu s       0.00 sys cpu s       0.00 wall s
INDE writeAndReadAll: '0 MB (1 MatrixGeneral, 0 > 1 MB) + 0 MB (11 MatrixSymmetric, 0 > 1 MB) = 0 MB (12 total, 0 > 1 MB)
IN   compute_J_by_boxes_sparse, maxDensityMatrixElement =         22.36673957102
ININ get_basis_func_pair_list, n =    342
ININ create_box_system end OK, toplevelBoxSize:   7.0, #levels:  3, #boxes at top level:      6
TIIN get_basis_func_pair_list_2el took      0.16 usr cpu s       0.00 sys cpu s       0.16 wall s
IN   compute_J_by_boxes_sparse: noOfBasisFuncIndexPairs = 54626 ==> storing  46.70 % of a full matrix
ININ entering compute_J_by_boxes_linear, no of basis funcs =   342, threshold_J =   1e-16
ININ use_fmm = 1, fmm_box_size =   5.00
TIIN Compute extent for all distrs took      0.51 usr cpu s       0.00 sys cpu s       0.51 wall s
ININ extent_min =    0.000, extent_max =   22.744
ININ Creating list of distributions etc done, distrCount =    388115
TIIN Creating list of distributions etc took      0.73 usr cpu s       0.00 sys cpu s       0.73 wall s
ININ create_box_system end OK, toplevelBoxSize:   5.0, #levels:  3, #boxes at top level:     10
TIIN Creating boxes took      0.04 usr cpu s       0.00 sys cpu s       0.04 wall s
ININ noOfBranches = 6, splitters:  20.00 10.00  5.00  2.50  0.00
ININ J org done, groupCount =    16614
TIIN J org took      1.74 usr cpu s       0.00 sys cpu s       1.74 wall s
TIIN Generate group multipoles took      0.70 usr cpu s       0.00 sys cpu s       0.71 wall s
ININ totChargeWholeSystem =          0.00000000000
ININ Generating multipole for each branch at top level, MAX_MULTIPOLE_DEGREE = 15
TIIN Translate multipoles (step 1) took      0.52 usr cpu s       0.00 sys cpu s       0.53 wall s
TIIN Translate multipoles (step 2) took      0.10 usr cpu s       0.00 sys cpu s       0.10 wall s
ININ job lists for J created OK, noOfJobs_J_standard =     1733, noOfJobs_J_multipole =      193
TIIN Creating job lists for J took      0.00 usr cpu s       0.00 sys cpu s       0.00 wall s
ININ execute_joblist_J_std_threaded, noOfThreads =  8
ININ 8 threads started OK.
ININ all 8 threads have finished.
TIIN execute_joblist_J_std_threaded took    278.58 usr cpu s       0.17 sys cpu s      41.88 wall s
TIIN sort_list_of_multipole_jobs init part took      0.00 usr cpu s       0.00 sys cpu s       0.00 wall s
TIIN sort_list_of_multipole_jobs complete took      0.00 usr cpu s       0.00 sys cpu s       0.00 wall s
TIIN sort_list_of_multipole_jobs took      0.00 usr cpu s       0.00 sys cpu s       0.00 wall s
ININ execute_joblist_J_fmm_shared: Allocating multipoleList_4, maxnoOfMinimalDistrsPerBoxBranch =     63208
ININ execute_joblist_J_fmm_shared: Allocating multipoleList_4, maxnoOfMinimalDistrsPerBoxBranch =     63208
ININ execute_joblist_J_fmm_shared: jobIndexLo =           24, jobIndexHi =           48
ININ execute_joblist_J_fmm_shared: Allocating multipoleList_4, maxnoOfMinimalDistrsPerBoxBranch =     63208
ININ execute_joblist_J_fmm_shared: jobIndexLo =            0, jobIndexHi =           24
ININ execute_joblist_J_fmm_shared: jobIndexLo =           48, jobIndexHi =           72
ININ execute_joblist_J_fmm_shared: Allocating multipoleList_4, maxnoOfMinimalDistrsPerBoxBranch =     63208
ININ execute_joblist_J_fmm_shared: jobIndexLo =           72, jobIndexHi =           96
ININ execute_joblist_J_fmm_shared: Allocating multipoleList_4, maxnoOfMinimalDistrsPerBoxBranch =     63208
ININ execute_joblist_J_fmm_shared: jobIndexLo =           96, jobIndexHi =          120
ININ execute_joblist_J_fmm_shared: Allocating multipoleList_4, maxnoOfMinimalDistrsPerBoxBranch =     63208
ININ execute_joblist_J_fmm_shared: jobIndexLo =          120, jobIndexHi =          144
ININ execute_joblist_J_fmm_shared: Allocating multipoleList_4, maxnoOfMinimalDistrsPerBoxBranch =     63208
ININ execute_joblist_J_fmm_shared: jobIndexLo =          144, jobIndexHi =          168
ININ execute_joblist_J_fmm_shared: Allocating multipoleList_4, maxnoOfMinimalDistrsPerBoxBranch =     63208
ININ execute_joblist_J_fmm_shared: jobIndexLo =          168, jobIndexHi =          193
ININ execute_joblist_J_fmm_shared: done!
ININ execute_joblist_J_fmm_shared: done!
ININ execute_joblist_J_fmm_shared: done!
ININ execute_joblist_J_fmm_shared: done!
ININ execute_joblist_J_fmm_shared: done!
ININ execute_joblist_J_fmm_shared: done!
ININ execute_joblist_J_fmm_shared: done!
ININ execute_joblist_J_fmm_shared: done!
ININ multipole job list for J executed, largest L used: 11
TIIN Executing multipole job list for J took      0.63 usr cpu s       0.00 sys cpu s       0.27 wall s
ININ compute_J_by_boxes_linear ending OK.
TIIN compute_J_by_boxes_linear took    283.08 usr cpu s       0.18 sys cpu s      46.03 wall s
TI   compute_J_by_boxes_sparse total took    283.25 usr cpu s       0.18 sys cpu s      46.20 wall s
ININ entering create_CSR_for_K, no of basis funcs =   342, threshold_K =   1e-16
ININ create_box_system end OK, toplevelBoxSize:   7.0, #levels:  3, #boxes at top level:      6
ININ create_box_system end OK, toplevelBoxSize:   7.0, #levels:  3, #boxes at top level:      6
ININ create_box_system end OK, toplevelBoxSize:   7.0, #levels:  3, #boxes at top level:      6
TIIN create_CSR_for_K getting list of distrs took      0.46 usr cpu s       0.00 sys cpu s       0.46 wall s
ININ list of neighbors complete.
TIIN create_CSR_for_K getting list of neighbors took      0.00 usr cpu s       0.00 sys cpu s       0.00 wall s
TIIN create_CSR_for_K sort each list of neighbors took      0.06 usr cpu s       0.00 sys cpu s       0.06 wall s
ININ 8 threads started OK.
TIIN identify_needed_elements() took    697.73 usr cpu s       0.37 sys cpu s      90.15 wall s
ININ computing nnz..
ININ create_CSR_for_K: predicted nnz =        58653, <->  50.15% of a full matrix
TIIN create_CSR_for_K last part took      0.00 usr cpu s       0.00 sys cpu s       0.00 wall s
TIIN create_CSR_for_K total took    698.26 usr cpu s       0.37 sys cpu s      90.68 wall s
ININ entering compute_K_by_boxes, no of basis funcs =   342, threshold_K =   1e-16, exchange_box_size =   5.00
ININ create_box_system end OK, toplevelBoxSize:   7.0, #levels:  3, #boxes at top level:      6
ININ create_box_system end OK, toplevelBoxSize:   7.0, #levels:  3, #boxes at top level:      6
ININ create_box_system end OK, toplevelBoxSize:   7.0, #levels:  3, #boxes at top level:      6
TIIN Compute extent for all distrs took      0.51 usr cpu s       0.00 sys cpu s       0.51 wall s
ININ Creating list of distributions done, distrCountTot =    388115
TIIN Creating list of distributions took      0.79 usr cpu s       0.00 sys cpu s       0.79 wall s
ININ create_box_system end OK, toplevelBoxSize:   5.0, #levels:  3, #boxes at top level:     10
ININ create_box_system end OK, toplevelBoxSize:   2.5, #levels:  4, #boxes at top level:     16
ININ noOfLevelsBasisFuncs = 4, noOfLevelsDiff = 1
TIIN Creating boxes etc took      0.04 usr cpu s       0.00 sys cpu s       0.04 wall s
TIIN getting multipoleNormVectorList took      0.79 usr cpu s       0.00 sys cpu s       0.79 wall s
TIIN K organize_distributions for all boxes took      2.21 usr cpu s       0.00 sys cpu s       2.21 wall s
ININ starting loop to setup basisFuncGroupInfoList, with added index checks.
TIIN GetLimitsAllLevels took      0.34 usr cpu s       0.00 sys cpu s       0.34 wall s
ININ getDmatLimitMatrixCSRList start.
TIIN getting densityMatrixLimitMatrixList took      0.02 usr cpu s       0.00 sys cpu s       0.02 wall s
ININ job list for K created,       55 jobs
TIIN creating job list for K took      0.00 usr cpu s       0.00 sys cpu s       0.00 wall s
ININ execute_joblist_K_threaded, noOfThreads =  8, basisFuncListCount_max =   333
ININ 8 threads started OK.
ININ all 8 threads have finished, took       41 wall s.
TIIN Executing job list for K took    183.66 usr cpu s       0.07 sys cpu s      41.43 wall s
TIIN compute_K_by_boxes took    187.85 usr cpu s       0.07 sys cpu s      45.62 wall s
TI   compute_K_by_boxes_sparse total took    886.14 usr cpu s       0.44 sys cpu s     136.33 wall s
INSC About to truncate FockMatrix, gap of Fprev >=          0.38374810283
TISC symmMatrix::mixed_diff for F vs Fprev maxEigValMovement_mixed took      0.00 usr cpu s       0.00 sys cpu s       0.00 wall s
TISC symmMatrix::eucl_diff for maxEigValMovement_eucl  took      0.05 usr cpu s       0.20 sys cpu s       0.04 wall s
INSC maxEigValMovement_frob  =          0.00305084432
INSC maxEigValMovement_mixed =          0.00219109972
INSC maxEigValMovement_eucl  =          0.00112362760
TISC FockMatrix.eucl_thresh() (with Z) took      0.15 usr cpu s       0.50 sys cpu s       0.11 wall s
INSC Truncated FockMatrix (eucl with Z), selected threshold = 3.81501e-08, returned error =          0, nnz before = 100.0000 %, nnz after = 100.0000 %
INSC Matrix 'S' ( symm ): n =    342, nnz =       116964 <-> 100.00 %, mem usage  0.0005 G
INSC Matrix 'F' ( symm ): n =    342, nnz =       116964 <-> 100.00 %, mem usage  0.0005 G
INSC Matrix 'D' ( symm ): n =    342, nnz =       116964 <-> 100.00 %, mem usage  0.0005 G
INSC nuclearEnergy, energy_2el, energy = 782.160484, 1007.251944, -645.112846
INSC Energy   6 =       -645.11284558177  ( diff     -0.000000899213546 )
INSC calling compute_FDSminusSDF_sparse, n = 342
INDE compute_FDSminusSDF_sparse() start.
TIDE FileWritable::writeAndReadAll took      0.00 usr cpu s       0.00 sys cpu s       0.00 wall s
INDE writeAndReadAll: '0 MB (1 MatrixGeneral, 0 > 1 MB) + 0 MB (9 MatrixSymmetric, 0 > 1 MB) = 0 MB (10 total, 0 > 1 MB)
TISC compute_FDSminusSDF_sparse, F*D mult took      0.04 usr cpu s       0.06 sys cpu s       0.01 wall s
INSC Matrix 'FD before eucl truncation' (normal): n =    342, nnz =       116964 <-> 100.00 %, mem usage  0.0009 G
INSC Matrix 'FD after  eucl truncation' (normal): n =    342, nnz =       116964 <-> 100.00 %, mem usage  0.0009 G
INSC Matrix 'FDS before eucl truncation' (normal): n =    342, nnz =       116964 <-> 100.00 %, mem usage  0.0009 G
INSC Matrix 'FDS after  eucl truncation' (normal): n =    342, nnz =       116964 <-> 100.00 %, mem usage  0.0009 G
INSC compute_FDSminusSDF_sparse ending OK.
TISC compute_FDSminusSDF_sparse took      0.11 usr cpu s       0.28 sys cpu s       0.05 wall s
INSC Matrix 'FDS-SDF' (normal): n =    342, nnz =       116964 <-> 100.00 %, mem usage  0.0009 G
INSC SCF_restricted::get_FDSminusSDF finished.
TISC get_FDSminusSDF took      0.11 usr cpu s       0.28 sys cpu s       0.05 wall s
INSC maxabs FDS-SDF is 0.000214
INSC frob   FDS-SDF is  0.00191
TISC get_error_measure took      0.00 usr cpu s       0.01 sys cpu s       0.00 wall s
INSC entering DIISManagerRestricted::AddIterationToList, IterCount =  5
INSC DIISManagerRestricted::AddIterationToList ending OK.
TISC DIISManagerRestricted::AddIterationToList took      0.00 usr cpu s       0.02 sys cpu s       0.00 wall s
INSC using DIIS to get combined Fock matrix, number of iters used for DIIS:  6
TISC clear_error_matrices took      0.00 usr cpu s       0.00 sys cpu s       0.00 wall s
TISC save_current_fock_as_fprev took      0.00 usr cpu s       0.00 sys cpu s       0.00 wall s
INDE get_dens_from_fock_general, n = 342, use_diagonalization = 0, use_diag_on_error = 1
INDE Before writeAndReadAll(): AllocatorManager statistics:  noOfRealsPerBuffer: 1024 noOfBuffers: 20000 list.size(): 1. Allocated: 0.164 GB, Used: 0.013 GB, Peak alloc: 0.164 GB.
TIDE FileWritable::writeAndReadAll took      0.00 usr cpu s       0.00 sys cpu s       0.00 wall s
INDE writeAndReadAll sizesStr: '0 MB (1 MatrixGeneral, 0 > 1 MB) + 0 MB (7 MatrixSymmetric, 0 > 1 MB) = 0 MB (8 total, 0 > 1 MB)
INDE After writeAndReadAll(): AllocatorManager statistics:  noOfRealsPerBuffer: 1024 noOfBuffers: 20000 list.size(): 1. Allocated: 0.164 GB, Used: 0.013 GB, Peak alloc: 0.164 GB.
INDE calling get_dens_from_fock_sparse, n =    342, subspaceErrorLimit = 1e-06
INDE get_dens_from_fock_sparse() start!
INDE After F.readFromFile(): AllocatorManager statistics:  noOfRealsPerBuffer: 1024 noOfBuffers: 20000 list.size(): 1. Allocated: 0.164 GB, Used: 0.013 GB, Peak alloc: 0.164 GB.
INDE After creating wrapper MatrixType F_w(F): AllocatorManager statistics:  noOfRealsPerBuffer: 1024 noOfBuffers: 20000 list.size(): 1. Allocated: 0.164 GB, Used: 0.0135 GB, Peak alloc: 0.164 GB.
TIDE  F_w to orthogonal basis took      0.03 usr cpu s       0.05 sys cpu s       0.01 wall s
TIDE MatrixType::mixed_diff for maxEigValMovement_mixed took      0.00 usr cpu s       0.01 sys cpu s       0.00 wall s
TIDE symmMatrixWrap::eucl_diff for maxEigValMovement_eucl  took      0.11 usr cpu s       0.39 sys cpu s       0.07 wall s
INDE maxEigValMovement_frob  =          0.00143109357
INDE maxEigValMovement_mixed =          0.00098595153
INDE maxEigValMovement_eucl  =          0.00036420986
INDE lumo before truncation: [ 0.035188696749 , 0.056873391061 ]
INDE homo before truncation: [ -0.357649906979 , -0.347830986359 ]
INDE Truncate matrix F and update intervals for homo and lumo.
INDE Truncating F_ort ( mixed ), selected threshold = 3.8302e-08
INDE Truncated F_ort ( mixed ), selected threshold = 3.8302e-08, returned error =          0, nnz before = 100.0000 %, nnz after = 100.0000 %
TIDE Truncation of F_ort took      0.00 usr cpu s       0.00 sys cpu s       0.00 wall s
INDE Chosen Ergo Wrapper
INDE Creating purification object: N = 342 , nocc = 47 , NNZ = 116964  <-> 100.00000 %
INDE Chosen norm for the truncation: 
INDE mixed
INDE Chosen norm for the stopping criterion: 
INDE mixed
INDE Chosen the NEW stopping criterion.
INDE Allowed error in subspace 7.000000e-07
INDE Chosen SP2 purification method
INDE calling Puri->PurificationStart(), number of threads = 1, trunc norm 'mixed'
TIDE gershgorin took      0.00 usr cpu s       0.01 sys cpu s       0.00 wall s
INDE Gershgorin bounds: [ -59.820849579437 , 100.436223181105 ]
INDE EXPANDED Gershgorin bounds: [ -59.820849594338 , 100.436223196006 ]
INDE Trying to impove bounds using Lanczos algorithm...
TIDE compute_spectrum_bounds took      0.10 usr cpu s       0.39 sys cpu s       0.08 wall s
INDE Spectrum of F: 	 [ -20.624851872680 , 51.715193987382 ]
INDE Transform homo and lumo bounds...
INDE HOMO bounds of X: 	 [ 0.719698534259 , 0.719834267110 ]
INDE LUMO bounds of X: 	 [ 0.714104062033 , 0.714403822616 ]
INDE INIT LUMO: [ 0.714104062033 , 0.714403822616 ]
INDE INIT HOMO: [ 0.280165732890 , 0.280301465741 ]
INDE ESTIMATED NUMBER OF ITERATIONS IS 35
INDE Put eigenvalues of F to the interval [0,1] in reverse order.
TIDE compute_X() took      0.00 usr cpu s       0.00 sys cpu s       0.00 wall s
TIDE prepare_to_purification() took      0.10 usr cpu s       0.39 sys cpu s       0.08 wall s
INDE (EIGV,PARAMS) Requested 0 occipied eigenpair(s).
INDE (EIGV,PARAMS) Requested 0 unoccipied eigenpair(s).
TIDE prepare_to_purification_eigenvectors() took      0.00 usr cpu s       0.00 sys cpu s       0.00 wall s
INDE Starting recursive expansion
INDE     BEFORE ITERATIONS:
TIDE truncate_matrix took      0.00 usr cpu s       0.00 sys cpu s       0.00 wall s
INDE Actual introduced error   0.000000e+00 : nnz before  116964 <-> 100.00 % , nnz after  116964 <-> 100.00 %
TIDE square took      0.02 usr cpu s       0.04 sys cpu s       0.01 wall s
INDE NNZ Xsq = 116964 <-> 100.00 %
TIDE Frobenius norm of X-X^2 took      0.00 usr cpu s       0.00 sys cpu s       0.00 wall s
TIDE Mixed norm of X-X^2 took      0.00 usr cpu s       0.02 sys cpu s       0.00 wall s
TIDE Trace of X-X^2 took      0.00 usr cpu s       0.00 sys cpu s       0.00 wall s
INDE ||X-X^2||_F = 3.852016e+00 , ||X-X^2||_mixed = 1.286053e+00
INDE trace(X-X^2) = 7.012959e+01
INDE trace(X) = 2.342455e+02
TIDE Iteration 0 took      0.03 usr cpu s       0.05 sys cpu s       0.01 wall s
TIDE FileWritable::writeAndReadAll took      0.00 usr cpu s       0.00 sys cpu s       0.00 wall s
INDE writeAndReadAll sizesStr: '0 MB (1 MatrixGeneral, 0 > 1 MB) + 0 MB (13 MatrixSymmetric, 0 > 1 MB) + 0 MB (2 VectorGeneral, 0 > 1 MB) = 0 MB (16 total, 0 > 1 MB)
INDE     ITERATION 1 :
TIDE purify_X took      0.00 usr cpu s       0.00 sys cpu s       0.00 wall s
TIDE truncate_matrix took      0.00 usr cpu s       0.00 sys cpu s       0.00 wall s
INDE Actual introduced error   0.000000e+00 : nnz before  116964 <-> 100.00 % , nnz after  116964 <-> 100.00 %
TIDE square took      0.02 usr cpu s       0.04 sys cpu s       0.01 wall s
INDE NNZ Xsq = 116964 <-> 100.00 %
TIDE Frobenius norm of X-X^2 took      0.00 usr cpu s       0.00 sys cpu s       0.00 wall s
TIDE Mixed norm of X-X^2 took      0.01 usr cpu s       0.02 sys cpu s       0.00 wall s
TIDE Trace of X-X^2 took      0.00 usr cpu s       0.00 sys cpu s       0.00 wall s
INDE ||X-X^2||_F = 4.467938e+00 , ||X-X^2||_mixed = 1.460677e+00
INDE trace(X-X^2) = 8.127625e+01
INDE trace(X) = 1.641159e+02
TIDE Iteration 1 took      0.03 usr cpu s       0.06 sys cpu s       0.01 wall s
INDE     ITERATION 2 :
TIDE purify_X took      0.00 usr cpu s       0.00 sys cpu s       0.00 wall s
TIDE truncate_matrix took      0.00 usr cpu s       0.00 sys cpu s       0.00 wall s
INDE Actual introduced error   0.000000e+00 : nnz before  116964 <-> 100.00 % , nnz after  116964 <-> 100.00 %
TIDE square took      0.01 usr cpu s       0.05 sys cpu s       0.01 wall s
INDE NNZ Xsq = 116964 <-> 100.00 %
TIDE Frobenius norm of X-X^2 took      0.00 usr cpu s       0.00 sys cpu s       0.00 wall s
TIDE Mixed norm of X-X^2 took      0.00 usr cpu s       0.02 sys cpu s       0.00 wall s
TIDE Trace of X-X^2 took      0.00 usr cpu s       0.00 sys cpu s       0.00 wall s
INDE ||X-X^2||_F = 3.254695e+00 , ||X-X^2||_mixed = 1.135625e+00
INDE trace(X-X^2) = 5.849016e+01
INDE trace(X) = 8.283968e+01
INDE Checking stopping criterion...   
INDE Order of convergence cannot be computed
TIDE stopping_criterion took      0.00 usr cpu s       0.00 sys cpu s       0.00 wall s
TIDE Iteration 2 took      0.01 usr cpu s       0.07 sys cpu s       0.01 wall s
INDE     ITERATION 3 :
TIDE purify_X took      0.00 usr cpu s       0.00 sys cpu s       0.00 wall s
TIDE truncate_matrix took      0.00 usr cpu s       0.00 sys cpu s       0.00 wall s
INDE Actual introduced error   0.000000e+00 : nnz before  116964 <-> 100.00 % , nnz after  116964 <-> 100.00 %
TIDE square took      0.02 usr cpu s       0.04 sys cpu s       0.01 wall s
INDE NNZ Xsq = 116964 <-> 100.00 %
TIDE Frobenius norm of X-X^2 took      0.00 usr cpu s       0.00 sys cpu s       0.00 wall s
TIDE Mixed norm of X-X^2 took      0.00 usr cpu s       0.02 sys cpu s       0.00 wall s
TIDE Trace of X-X^2 took      0.00 usr cpu s       0.00 sys cpu s       0.00 wall s
INDE ||X-X^2||_F = 4.290381e+00 , ||X-X^2||_mixed = 1.444682e+00
INDE trace(X-X^2) = 7.741616e+01
INDE trace(X) = 1.413298e+02
INDE Checking stopping criterion...   
INDE Order of convergence cannot be computed
TIDE stopping_criterion took      0.00 usr cpu s       0.00 sys cpu s       0.00 wall s
TIDE Iteration 3 took      0.03 usr cpu s       0.07 sys cpu s       0.01 wall s
INDE     ITERATION 4 :
TIDE purify_X took      0.00 usr cpu s       0.00 sys cpu s       0.00 wall s
TIDE truncate_matrix took      0.00 usr cpu s       0.00 sys cpu s       0.00 wall s
INDE Actual introduced error   0.000000e+00 : nnz before  116964 <-> 100.00 % , nnz after  116964 <-> 100.00 %
TIDE square took      0.02 usr cpu s       0.04 sys cpu s       0.01 wall s
INDE NNZ Xsq = 116964 <-> 100.00 %
TIDE Frobenius norm of X-X^2 took      0.00 usr cpu s       0.00 sys cpu s       0.00 wall s
TIDE Mixed norm of X-X^2 took      0.00 usr cpu s       0.02 sys cpu s       0.00 wall s
TIDE Trace of X-X^2 took      0.00 usr cpu s       0.00 sys cpu s       0.00 wall s
INDE ||X-X^2||_F = 4.003288e+00 , ||X-X^2||_mixed = 1.405987e+00
INDE trace(X-X^2) = 7.177925e+01
INDE trace(X) = 2.187460e+02
INDE Checking stopping criterion...   
INDE Order of convergence cannot be computed
TIDE stopping_criterion took      0.00 usr cpu s       0.00 sys cpu s       0.00 wall s
TIDE Iteration 4 took      0.02 usr cpu s       0.06 sys cpu s       0.01 wall s
INDE     ITERATION 5 :
TIDE purify_X took      0.00 usr cpu s       0.00 sys cpu s       0.00 wall s
TIDE truncate_matrix took      0.00 usr cpu s       0.00 sys cpu s       0.00 wall s
INDE Actual introduced error   0.000000e+00 : nnz before  116964 <-> 100.00 % , nnz after  116964 <-> 100.00 %
TIDE square took      0.02 usr cpu s       0.04 sys cpu s       0.01 wall s
INDE NNZ Xsq = 116964 <-> 100.00 %
TIDE Frobenius norm of X-X^2 took      0.00 usr cpu s       0.00 sys cpu s       0.00 wall s
TIDE Mixed norm of X-X^2 took      0.01 usr cpu s       0.01 sys cpu s       0.00 wall s
TIDE Trace of X-X^2 took      0.00 usr cpu s       0.00 sys cpu s       0.00 wall s
INDE ||X-X^2||_F = 4.268875e+00 , ||X-X^2||_mixed = 1.493204e+00
INDE trace(X-X^2) = 7.626112e+01
INDE trace(X) = 1.469668e+02
INDE Checking stopping criterion...   
INDE Order of convergence cannot be computed
TIDE stopping_criterion took      0.00 usr cpu s       0.00 sys cpu s       0.00 wall s
TIDE Iteration 5 took      0.03 usr cpu s       0.05 sys cpu s       0.01 wall s
INDE     ITERATION 6 :
TIDE purify_X took      0.00 usr cpu s       0.00 sys cpu s       0.00 wall s
TIDE truncate_matrix took      0.00 usr cpu s       0.00 sys cpu s       0.00 wall s
INDE Actual introduced error   0.000000e+00 : nnz before  116964 <-> 100.00 % , nnz after  116964 <-> 100.00 %
TIDE square took      0.01 usr cpu s       0.04 sys cpu s       0.01 wall s
INDE NNZ Xsq = 116964 <-> 100.00 %
TIDE Frobenius norm of X-X^2 took      0.00 usr cpu s       0.00 sys cpu s       0.00 wall s
TIDE Mixed norm of X-X^2 took      0.01 usr cpu s       0.02 sys cpu s       0.00 wall s
TIDE Trace of X-X^2 took      0.00 usr cpu s       0.00 sys cpu s       0.00 wall s
INDE ||X-X^2||_F = 2.734223e+00 , ||X-X^2||_mixed = 1.096787e+00
INDE trace(X-X^2) = 4.779593e+01
INDE trace(X) = 7.070564e+01
INDE Checking stopping criterion...   
INDE Order of convergence cannot be computed
TIDE stopping_criterion took      0.00 usr cpu s       0.00 sys cpu s       0.00 wall s
TIDE Iteration 6 took      0.02 usr cpu s       0.06 sys cpu s       0.01 wall s
INDE     ITERATION 7 :
TIDE purify_X took      0.00 usr cpu s       0.00 sys cpu s       0.00 wall s
TIDE truncate_matrix took      0.00 usr cpu s       0.00 sys cpu s       0.00 wall s
INDE Actual introduced error   0.000000e+00 : nnz before  116964 <-> 100.00 % , nnz after  116964 <-> 100.00 %
TIDE square took      0.03 usr cpu s       0.02 sys cpu s       0.01 wall s
INDE NNZ Xsq = 116964 <-> 100.00 %
TIDE Frobenius norm of X-X^2 took      0.00 usr cpu s       0.00 sys cpu s       0.00 wall s
TIDE Mixed norm of X-X^2 took      0.00 usr cpu s       0.02 sys cpu s       0.00 wall s
TIDE Trace of X-X^2 took      0.00 usr cpu s       0.00 sys cpu s       0.00 wall s
INDE ||X-X^2||_F = 3.850803e+00 , ||X-X^2||_mixed = 1.464407e+00
INDE trace(X-X^2) = 6.763979e+01
INDE trace(X) = 1.185016e+02
INDE Checking stopping criterion...   
INDE Order of convergence cannot be computed
TIDE stopping_criterion took      0.00 usr cpu s       0.00 sys cpu s       0.00 wall s
TIDE Iteration 7 took      0.04 usr cpu s       0.05 sys cpu s       0.01 wall s
INDE     ITERATION 8 :
TIDE purify_X took      0.00 usr cpu s       0.00 sys cpu s       0.00 wall s
TIDE truncate_matrix took      0.00 usr cpu s       0.00 sys cpu s       0.00 wall s
INDE Actual introduced error   0.000000e+00 : nnz before  116964 <-> 100.00 % , nnz after  116964 <-> 100.00 %
TIDE square took      0.02 usr cpu s       0.03 sys cpu s       0.01 wall s
INDE NNZ Xsq = 116964 <-> 100.00 %
TIDE Frobenius norm of X-X^2 took      0.00 usr cpu s       0.00 sys cpu s       0.00 wall s
TIDE Mixed norm of X-X^2 took      0.00 usr cpu s       0.02 sys cpu s       0.00 wall s
TIDE Trace of X-X^2 took      0.00 usr cpu s       0.00 sys cpu s       0.00 wall s
INDE ||X-X^2||_F = 4.120480e+00 , ||X-X^2||_mixed = 1.498160e+00
INDE trace(X-X^2) = 7.299925e+01
INDE trace(X) = 1.861414e+02
INDE Checking stopping criterion...   
INDE Order of convergence cannot be computed
TIDE stopping_criterion took      0.00 usr cpu s       0.00 sys cpu s       0.00 wall s
TIDE Iteration 8 took      0.03 usr cpu s       0.05 sys cpu s       0.01 wall s
INDE     ITERATION 9 :
TIDE purify_X took      0.00 usr cpu s       0.00 sys cpu s       0.00 wall s
TIDE truncate_matrix took      0.00 usr cpu s       0.00 sys cpu s       0.00 wall s
INDE Actual introduced error   0.000000e+00 : nnz before  116964 <-> 100.00 % , nnz after  116964 <-> 100.00 %
TIDE square took      0.02 usr cpu s       0.04 sys cpu s       0.01 wall s
INDE NNZ Xsq = 116964 <-> 100.00 %
TIDE Frobenius norm of X-X^2 took      0.00 usr cpu s       0.00 sys cpu s       0.00 wall s
TIDE Mixed norm of X-X^2 took      0.00 usr cpu s       0.02 sys cpu s       0.00 wall s
TIDE Trace of X-X^2 took      0.00 usr cpu s       0.00 sys cpu s       0.00 wall s
INDE ||X-X^2||_F = 3.665694e+00 , ||X-X^2||_mixed = 1.504886e+00
INDE trace(X-X^2) = 6.284339e+01
INDE trace(X) = 1.131421e+02
INDE Checking stopping criterion...   
INDE Order of convergence cannot be computed
TIDE stopping_criterion took      0.00 usr cpu s       0.00 sys cpu s       0.00 wall s
TIDE Iteration 9 took      0.02 usr cpu s       0.06 sys cpu s       0.01 wall s
INDE     ITERATION 10 :
TIDE purify_X took      0.00 usr cpu s       0.00 sys cpu s       0.00 wall s
TIDE truncate_matrix took      0.00 usr cpu s       0.00 sys cpu s       0.00 wall s
INDE Actual introduced error   0.000000e+00 : nnz before  116964 <-> 100.00 % , nnz after  116964 <-> 100.00 %
TIDE square took      0.01 usr cpu s       0.05 sys cpu s       0.01 wall s
INDE NNZ Xsq = 116964 <-> 100.00 %
TIDE Frobenius norm of X-X^2 took      0.00 usr cpu s       0.00 sys cpu s       0.00 wall s
TIDE Mixed norm of X-X^2 took      0.00 usr cpu s       0.02 sys cpu s       0.00 wall s
TIDE Trace of X-X^2 took      0.00 usr cpu s       0.00 sys cpu s       0.00 wall s
INDE ||X-X^2||_F = 3.888188e+00 , ||X-X^2||_mixed = 1.520339e+00
INDE trace(X-X^2) = 6.812289e+01
INDE trace(X) = 1.759855e+02
INDE Checking stopping criterion...   
INDE Order of convergence cannot be computed
TIDE stopping_criterion took      0.00 usr cpu s       0.00 sys cpu s       0.00 wall s
TIDE Iteration 10 took      0.02 usr cpu s       0.07 sys cpu s       0.01 wall s
INDE     ITERATION 11 :
TIDE purify_X took      0.00 usr cpu s       0.00 sys cpu s       0.00 wall s
TIDE truncate_matrix took      0.00 usr cpu s       0.00 sys cpu s       0.00 wall s
INDE Actual introduced error   0.000000e+00 : nnz before  116964 <-> 100.00 % , nnz after  116964 <-> 100.00 %
TIDE square took      0.02 usr cpu s       0.03 sys cpu s       0.01 wall s
INDE NNZ Xsq = 116964 <-> 100.00 %
TIDE Frobenius norm of X-X^2 took      0.00 usr cpu s       0.00 sys cpu s       0.00 wall s
TIDE Mixed norm of X-X^2 took      0.01 usr cpu s       0.01 sys cpu s       0.00 wall s
TIDE Trace of X-X^2 took      0.00 usr cpu s       0.00 sys cpu s       0.00 wall s
INDE ||X-X^2||_F = 3.436148e+00 , ||X-X^2||_mixed = 1.550220e+00
INDE trace(X-X^2) = 5.634714e+01
INDE trace(X) = 1.078626e+02
INDE Checking stopping criterion...   
INDE Order of convergence cannot be computed
TIDE stopping_criterion took      0.00 usr cpu s       0.00 sys cpu s       0.00 wall s
TIDE Iteration 11 took      0.04 usr cpu s       0.05 sys cpu s       0.01 wall s
INDE     ITERATION 12 :
TIDE purify_X took      0.00 usr cpu s       0.00 sys cpu s       0.00 wall s
TIDE truncate_matrix took      0.00 usr cpu s       0.00 sys cpu s       0.00 wall s
INDE Actual introduced error   0.000000e+00 : nnz before  116964 <-> 100.00 % , nnz after  116964 <-> 100.00 %
TIDE square took      0.01 usr cpu s       0.04 sys cpu s       0.01 wall s
INDE NNZ Xsq = 116964 <-> 100.00 %
TIDE Frobenius norm of X-X^2 took      0.00 usr cpu s       0.00 sys cpu s       0.00 wall s
TIDE Mixed norm of X-X^2 took      0.01 usr cpu s       0.01 sys cpu s       0.00 wall s
TIDE Trace of X-X^2 took      0.00 usr cpu s       0.00 sys cpu s       0.00 wall s
INDE ||X-X^2||_F = 2.134008e+00 , ||X-X^2||_mixed = 1.203837e+00
INDE trace(X-X^2) = 2.958047e+01
INDE trace(X) = 5.151548e+01
INDE Checking stopping criterion...   
INDE Order of convergence cannot be computed
TIDE stopping_criterion took      0.00 usr cpu s       0.00 sys cpu s       0.00 wall s
TIDE Iteration 12 took      0.02 usr cpu s       0.06 sys cpu s       0.01 wall s
INDE     ITERATION 13 :
TIDE purify_X took      0.00 usr cpu s       0.00 sys cpu s       0.00 wall s
TIDE truncate_matrix took      0.00 usr cpu s       0.00 sys cpu s       0.00 wall s
INDE Actual introduced error   0.000000e+00 : nnz before  116964 <-> 100.00 % , nnz after  116964 <-> 100.00 %
TIDE square took      0.01 usr cpu s       0.04 sys cpu s       0.01 wall s
INDE NNZ Xsq = 116964 <-> 100.00 %
TIDE Frobenius norm of X-X^2 took      0.00 usr cpu s       0.00 sys cpu s       0.00 wall s
TIDE Mixed norm of X-X^2 took      0.00 usr cpu s       0.02 sys cpu s       0.00 wall s
TIDE Trace of X-X^2 took      0.00 usr cpu s       0.00 sys cpu s       0.00 wall s
INDE ||X-X^2||_F = 2.856435e+00 , ||X-X^2||_mixed = 1.476450e+00
INDE trace(X-X^2) = 4.203446e+01
INDE trace(X) = 8.109595e+01
INDE Checking stopping criterion...   
INDE Order of convergence cannot be computed
TIDE stopping_criterion took      0.00 usr cpu s       0.00 sys cpu s       0.00 wall s
TIDE Iteration 13 took      0.02 usr cpu s       0.07 sys cpu s       0.01 wall s
INDE     ITERATION 14 :
TIDE purify_X took      0.00 usr cpu s       0.00 sys cpu s       0.00 wall s
TIDE truncate_matrix took      0.00 usr cpu s       0.00 sys cpu s       0.00 wall s
INDE Actual introduced error   0.000000e+00 : nnz before  116964 <-> 100.00 % , nnz after  116964 <-> 100.00 %
TIDE square took      0.02 usr cpu s       0.04 sys cpu s       0.01 wall s
INDE NNZ Xsq = 116964 <-> 100.00 %
TIDE Frobenius norm of X-X^2 took      0.00 usr cpu s       0.00 sys cpu s       0.00 wall s
TIDE Mixed norm of X-X^2 took      0.01 usr cpu s       0.01 sys cpu s       0.00 wall s
TIDE Trace of X-X^2 took      0.00 usr cpu s       0.00 sys cpu s       0.00 wall s
INDE ||X-X^2||_F = 3.137429e+00 , ||X-X^2||_mixed = 1.633220e+00
INDE trace(X-X^2) = 4.810046e+01
INDE trace(X) = 1.231304e+02
INDE Checking stopping criterion...   
INDE Order of convergence cannot be computed
TIDE stopping_criterion took      0.00 usr cpu s       0.00 sys cpu s       0.00 wall s
TIDE Iteration 14 took      0.03 usr cpu s       0.05 sys cpu s       0.01 wall s
INDE     ITERATION 15 :
TIDE purify_X took      0.00 usr cpu s       0.00 sys cpu s       0.00 wall s
TIDE truncate_matrix took      0.00 usr cpu s       0.00 sys cpu s       0.00 wall s
INDE Actual introduced error   0.000000e+00 : nnz before  116964 <-> 100.00 % , nnz after  116964 <-> 100.00 %
TIDE square took      0.01 usr cpu s       0.04 sys cpu s       0.01 wall s
INDE NNZ Xsq = 116964 <-> 100.00 %
TIDE Frobenius norm of X-X^2 took      0.00 usr cpu s       0.00 sys cpu s       0.00 wall s
TIDE Mixed norm of X-X^2 took      0.01 usr cpu s       0.01 sys cpu s       0.00 wall s
TIDE Trace of X-X^2 took      0.00 usr cpu s       0.00 sys cpu s       0.00 wall s
INDE ||X-X^2||_F = 2.538315e+00 , ||X-X^2||_mixed = 1.427875e+00
INDE trace(X-X^2) = 3.388131e+01
INDE trace(X) = 7.502995e+01
INDE Checking stopping criterion...   
INDE Order of convergence cannot be computed
TIDE stopping_criterion took      0.00 usr cpu s       0.00 sys cpu s       0.00 wall s
TIDE Iteration 15 took      0.02 usr cpu s       0.06 sys cpu s       0.01 wall s
INDE     ITERATION 16 :
TIDE purify_X took      0.00 usr cpu s       0.00 sys cpu s       0.00 wall s
TIDE truncate_matrix took      0.00 usr cpu s       0.00 sys cpu s       0.00 wall s
INDE Actual introduced error   0.000000e+00 : nnz before  116964 <-> 100.00 % , nnz after  116964 <-> 100.00 %
TIDE square took      0.02 usr cpu s       0.11 sys cpu s       0.02 wall s
INDE NNZ Xsq = 116964 <-> 100.00 %
TIDE Frobenius norm of X-X^2 took      0.00 usr cpu s       0.00 sys cpu s       0.00 wall s
TIDE Mixed norm of X-X^2 took      0.01 usr cpu s       0.02 sys cpu s       0.00 wall s
TIDE Trace of X-X^2 took      0.00 usr cpu s       0.00 sys cpu s       0.00 wall s
INDE ||X-X^2||_F = 2.741266e+00 , ||X-X^2||_mixed = 1.619464e+00
INDE trace(X-X^2) = 3.724930e+01
INDE trace(X) = 1.089113e+02
INDE Checking stopping criterion...   
INDE Order of convergence cannot be computed
TIDE stopping_criterion took      0.00 usr cpu s       0.00 sys cpu s       0.00 wall s
TIDE Iteration 16 took      0.04 usr cpu s       0.13 sys cpu s       0.02 wall s
INDE     ITERATION 17 :
TIDE purify_X took      0.00 usr cpu s       0.00 sys cpu s       0.00 wall s
TIDE truncate_matrix took      0.00 usr cpu s       0.00 sys cpu s       0.00 wall s
INDE Actual introduced error   0.000000e+00 : nnz before  116964 <-> 100.00 % , nnz after  116964 <-> 100.00 %
TIDE square took      0.01 usr cpu s       0.05 sys cpu s       0.01 wall s
INDE NNZ Xsq = 116964 <-> 100.00 %
TIDE Frobenius norm of X-X^2 took      0.00 usr cpu s       0.00 sys cpu s       0.00 wall s
TIDE Mixed norm of X-X^2 took      0.01 usr cpu s       0.01 sys cpu s       0.00 wall s
TIDE Trace of X-X^2 took      0.00 usr cpu s       0.00 sys cpu s       0.00 wall s
INDE ||X-X^2||_F = 2.196851e+00 , ||X-X^2||_mixed = 1.348205e+00
INDE trace(X-X^2) = 2.633743e+01
INDE trace(X) = 7.166196e+01
INDE Checking stopping criterion...   
INDE Order of convergence cannot be computed
TIDE stopping_criterion took      0.00 usr cpu s       0.00 sys cpu s       0.00 wall s
TIDE Iteration 17 took      0.02 usr cpu s       0.07 sys cpu s       0.01 wall s
INDE     ITERATION 18 :
TIDE purify_X took      0.00 usr cpu s       0.00 sys cpu s       0.00 wall s
TIDE truncate_matrix took      0.00 usr cpu s       0.00 sys cpu s       0.00 wall s
INDE Actual introduced error   0.000000e+00 : nnz before  116964 <-> 100.00 % , nnz after  116964 <-> 100.00 %
TIDE square took      0.01 usr cpu s       0.04 sys cpu s       0.01 wall s
INDE NNZ Xsq = 116964 <-> 100.00 %
TIDE Frobenius norm of X-X^2 took      0.00 usr cpu s       0.00 sys cpu s       0.00 wall s
TIDE Mixed norm of X-X^2 took      0.00 usr cpu s       0.02 sys cpu s       0.00 wall s
TIDE Trace of X-X^2 took      0.00 usr cpu s       0.00 sys cpu s       0.00 wall s
INDE ||X-X^2||_F = 1.503676e+00 , ||X-X^2||_mixed = 1.049196e+00
INDE trace(X-X^2) = 1.465018e+01
INDE trace(X) = 4.532453e+01
INDE Checking stopping criterion...   
INDE Order of convergence cannot be computed
TIDE stopping_criterion took      0.00 usr cpu s       0.00 sys cpu s       0.00 wall s
TIDE Iteration 18 took      0.02 usr cpu s       0.07 sys cpu s       0.01 wall s
INDE     ITERATION 19 :
TIDE purify_X took      0.00 usr cpu s       0.00 sys cpu s       0.00 wall s
TIDE truncate_matrix took      0.00 usr cpu s       0.00 sys cpu s       0.00 wall s
INDE Actual introduced error   0.000000e+00 : nnz before  116964 <-> 100.00 % , nnz after  116964 <-> 100.00 %
TIDE square took      0.02 usr cpu s       0.04 sys cpu s       0.01 wall s
INDE NNZ Xsq = 116964 <-> 100.00 %
TIDE Frobenius norm of X-X^2 took      0.00 usr cpu s       0.00 sys cpu s       0.00 wall s
TIDE Mixed norm of X-X^2 took      0.00 usr cpu s       0.02 sys cpu s       0.00 wall s
TIDE Trace of X-X^2 took      0.00 usr cpu s       0.00 sys cpu s       0.00 wall s
INDE ||X-X^2||_F = 1.606110e+00 , ||X-X^2||_mixed = 1.077398e+00
INDE trace(X-X^2) = 1.666774e+01
INDE trace(X) = 5.997471e+01
INDE Checking stopping criterion...   
INDE Order of convergence cannot be computed
TIDE stopping_criterion took      0.00 usr cpu s       0.00 sys cpu s       0.00 wall s
TIDE Iteration 19 took      0.03 usr cpu s       0.06 sys cpu s       0.01 wall s
INDE     ITERATION 20 :
TIDE purify_X took      0.00 usr cpu s       0.00 sys cpu s       0.00 wall s
TIDE truncate_matrix took      0.00 usr cpu s       0.00 sys cpu s       0.00 wall s
INDE Actual introduced error   0.000000e+00 : nnz before  116964 <-> 100.00 % , nnz after  116964 <-> 100.00 %
TIDE square took      0.01 usr cpu s       0.04 sys cpu s       0.01 wall s
INDE NNZ Xsq = 116964 <-> 100.00 %
TIDE Frobenius norm of X-X^2 took      0.00 usr cpu s       0.00 sys cpu s       0.00 wall s
TIDE Mixed norm of X-X^2 took      0.00 usr cpu s       0.02 sys cpu s       0.00 wall s
TIDE Trace of X-X^2 took      0.00 usr cpu s       0.00 sys cpu s       0.00 wall s
INDE ||X-X^2||_F = 1.109691e+00 , ||X-X^2||_mixed = 8.472725e-01
INDE trace(X-X^2) = 8.649302e+00
INDE trace(X) = 4.330696e+01
INDE Checking stopping criterion...   
INDE Order of convergence cannot be computed
TIDE stopping_criterion took      0.00 usr cpu s       0.00 sys cpu s       0.00 wall s
TIDE Iteration 20 took      0.02 usr cpu s       0.07 sys cpu s       0.01 wall s
INDE     ITERATION 21 :
TIDE purify_X took      0.00 usr cpu s       0.00 sys cpu s       0.00 wall s
TIDE truncate_matrix took      0.00 usr cpu s       0.00 sys cpu s       0.00 wall s
INDE Actual introduced error   0.000000e+00 : nnz before  116964 <-> 100.00 % , nnz after  116964 <-> 100.00 %
TIDE square took      0.00 usr cpu s       0.05 sys cpu s       0.01 wall s
INDE NNZ Xsq = 116964 <-> 100.00 %
TIDE Frobenius norm of X-X^2 took      0.00 usr cpu s       0.00 sys cpu s       0.00 wall s
TIDE Mixed norm of X-X^2 took      0.00 usr cpu s       0.02 sys cpu s       0.00 wall s
TIDE Trace of X-X^2 took      0.00 usr cpu s       0.00 sys cpu s       0.00 wall s
INDE ||X-X^2||_F = 9.693763e-01 , ||X-X^2||_mixed = 7.161904e-01
INDE trace(X-X^2) = 8.394494e+00
INDE trace(X) = 5.195627e+01
INDE Checking stopping criterion...   
INDE Order of convergence cannot be computed
TIDE stopping_criterion took      0.00 usr cpu s       0.00 sys cpu s       0.00 wall s
TIDE Iteration 21 took      0.01 usr cpu s       0.07 sys cpu s       0.01 wall s
INDE     ITERATION 22 :
TIDE purify_X took      0.00 usr cpu s       0.00 sys cpu s       0.00 wall s
TIDE truncate_matrix took      0.00 usr cpu s       0.00 sys cpu s       0.00 wall s
INDE Actual introduced error   0.000000e+00 : nnz before  116964 <-> 100.00 % , nnz after  116964 <-> 100.00 %
TIDE square took      0.01 usr cpu s       0.05 sys cpu s       0.01 wall s
INDE NNZ Xsq = 116964 <-> 100.00 %
TIDE Frobenius norm of X-X^2 took      0.00 usr cpu s       0.00 sys cpu s       0.00 wall s
TIDE Mixed norm of X-X^2 took      0.00 usr cpu s       0.02 sys cpu s       0.00 wall s
TIDE Trace of X-X^2 took      0.00 usr cpu s       0.00 sys cpu s       0.00 wall s
INDE ||X-X^2||_F = 1.308070e+00 , ||X-X^2||_mixed = 9.750498e-01
INDE trace(X-X^2) = 1.060292e+01
INDE trace(X) = 6.035076e+01
INDE Checking stopping criterion...   
INDE Order of convergence cannot be computed
TIDE stopping_criterion took      0.00 usr cpu s       0.00 sys cpu s       0.00 wall s
TIDE Iteration 22 took      0.02 usr cpu s       0.07 sys cpu s       0.01 wall s
INDE     ITERATION 23 :
TIDE purify_X took      0.00 usr cpu s       0.00 sys cpu s       0.00 wall s
TIDE truncate_matrix took      0.00 usr cpu s       0.00 sys cpu s       0.00 wall s
INDE Actual introduced error   0.000000e+00 : nnz before  116964 <-> 100.00 % , nnz after  116964 <-> 100.00 %
TIDE square took      0.01 usr cpu s       0.04 sys cpu s       0.01 wall s
INDE NNZ Xsq = 116964 <-> 100.00 %
TIDE Frobenius norm of X-X^2 took      0.00 usr cpu s       0.00 sys cpu s       0.00 wall s
TIDE Mixed norm of X-X^2 took      0.01 usr cpu s       0.01 sys cpu s       0.00 wall s
TIDE Trace of X-X^2 took      0.00 usr cpu s       0.00 sys cpu s       0.00 wall s
INDE ||X-X^2||_F = 5.528328e-01 , ||X-X^2||_mixed = 4.414816e-01
INDE trace(X-X^2) = 3.713503e+00
INDE trace(X) = 4.974784e+01
INDE Checking stopping criterion...   
INDE e_i =4.414816e-01, C*e_{i-1}^q = 3.532642e+00
INDE Order of convergence = 8.230100, stop = 0
TIDE stopping_criterion took      0.00 usr cpu s       0.00 sys cpu s       0.00 wall s
TIDE Iteration 23 took      0.03 usr cpu s       0.05 sys cpu s       0.01 wall s
INDE     ITERATION 24 :
TIDE purify_X took      0.00 usr cpu s       0.00 sys cpu s       0.00 wall s
TIDE truncate_matrix took      0.00 usr cpu s       0.00 sys cpu s       0.00 wall s
INDE Actual introduced error   0.000000e+00 : nnz before  116964 <-> 100.00 % , nnz after  116964 <-> 100.00 %
TIDE square took      0.02 usr cpu s       0.03 sys cpu s       0.01 wall s
INDE NNZ Xsq = 116964 <-> 100.00 %
TIDE Frobenius norm of X-X^2 took      0.00 usr cpu s       0.00 sys cpu s       0.00 wall s
TIDE Mixed norm of X-X^2 took      0.00 usr cpu s       0.02 sys cpu s       0.00 wall s
TIDE Trace of X-X^2 took      0.00 usr cpu s       0.00 sys cpu s       0.00 wall s
INDE ||X-X^2||_F = 3.562444e-01 , ||X-X^2||_mixed = 3.225962e-01
INDE trace(X-X^2) = 1.459695e+00
INDE trace(X) = 4.603434e+01
INDE Checking stopping criterion...   
INDE Order of convergence cannot be computed
TIDE stopping_criterion took      0.00 usr cpu s       0.00 sys cpu s       0.00 wall s
TIDE Iteration 24 took      0.03 usr cpu s       0.05 sys cpu s       0.01 wall s
INDE     ITERATION 25 :
TIDE purify_X took      0.00 usr cpu s       0.00 sys cpu s       0.00 wall s
TIDE truncate_matrix took      0.00 usr cpu s       0.00 sys cpu s       0.00 wall s
INDE Actual introduced error   0.000000e+00 : nnz before  116964 <-> 100.00 % , nnz after  116964 <-> 100.00 %
TIDE square took      0.00 usr cpu s       0.05 sys cpu s       0.01 wall s
INDE NNZ Xsq = 116964 <-> 100.00 %
TIDE Frobenius norm of X-X^2 took      0.00 usr cpu s       0.00 sys cpu s       0.00 wall s
TIDE Mixed norm of X-X^2 took      0.01 usr cpu s       0.01 sys cpu s       0.00 wall s
TIDE Trace of X-X^2 took      0.00 usr cpu s       0.00 sys cpu s       0.00 wall s
INDE ||X-X^2||_F = 1.792258e-01 , ||X-X^2||_mixed = 1.540849e-01
INDE trace(X-X^2) = 8.442037e-01
INDE trace(X) = 4.749403e+01
INDE Checking stopping criterion...   
INDE e_i =1.540849e-01, C*e_{i-1}^q = 1.342357e+00
INDE Order of convergence = 4.647540, stop = 0
TIDE stopping_criterion took      0.00 usr cpu s       0.00 sys cpu s       0.00 wall s
TIDE Iteration 25 took      0.02 usr cpu s       0.06 sys cpu s       0.01 wall s
INDE     ITERATION 26 :
TIDE purify_X took      0.00 usr cpu s       0.00 sys cpu s       0.00 wall s
TIDE truncate_matrix took      0.00 usr cpu s       0.00 sys cpu s       0.00 wall s
INDE Actual introduced error   0.000000e+00 : nnz before  116964 <-> 100.00 % , nnz after  116964 <-> 100.00 %
TIDE square took      0.02 usr cpu s       0.03 sys cpu s       0.01 wall s
INDE NNZ Xsq = 116964 <-> 100.00 %
TIDE Frobenius norm of X-X^2 took      0.00 usr cpu s       0.00 sys cpu s       0.00 wall s
TIDE Mixed norm of X-X^2 took      0.00 usr cpu s       0.01 sys cpu s       0.00 wall s
TIDE Trace of X-X^2 took      0.00 usr cpu s       0.00 sys cpu s       0.00 wall s
INDE ||X-X^2||_F = 2.835248e-01 , ||X-X^2||_mixed = 2.368640e-01
INDE trace(X-X^2) = 1.260071e+00
INDE trace(X) = 4.833824e+01
INDE Checking stopping criterion...   
INDE Order of convergence cannot be computed
TIDE stopping_criterion took      0.00 usr cpu s       0.00 sys cpu s       0.00 wall s
TIDE Iteration 26 took      0.03 usr cpu s       0.05 sys cpu s       0.01 wall s
INDE     ITERATION 27 :
TIDE purify_X took      0.00 usr cpu s       0.00 sys cpu s       0.00 wall s
TIDE truncate_matrix took      0.00 usr cpu s       0.00 sys cpu s       0.00 wall s
INDE Actual introduced error   0.000000e+00 : nnz before  116964 <-> 100.00 % , nnz after  116964 <-> 100.00 %
TIDE square took      0.01 usr cpu s       0.05 sys cpu s       0.01 wall s
INDE NNZ Xsq = 116964 <-> 100.00 %
TIDE Frobenius norm of X-X^2 took      0.00 usr cpu s       0.00 sys cpu s       0.00 wall s
TIDE Mixed norm of X-X^2 took      0.01 usr cpu s       0.01 sys cpu s       0.00 wall s
TIDE Trace of X-X^2 took      0.00 usr cpu s       0.00 sys cpu s       0.00 wall s
INDE ||X-X^2||_F = 3.435531e-02 , ||X-X^2||_mixed = 2.955380e-02
INDE trace(X-X^2) = 1.172413e-01
INDE trace(X) = 4.707817e+01
INDE Checking stopping criterion...   
INDE e_i =2.955380e-02, C*e_{i-1}^q = 1.635170e-01
INDE Order of convergence = 2.914692, stop = 0
TIDE stopping_criterion took      0.00 usr cpu s       0.00 sys cpu s       0.00 wall s
TIDE Iteration 27 took      0.02 usr cpu s       0.07 sys cpu s       0.01 wall s
INDE     ITERATION 28 :
TIDE purify_X took      0.00 usr cpu s       0.00 sys cpu s       0.00 wall s
TIDE truncate_matrix took      0.00 usr cpu s       0.00 sys cpu s       0.00 wall s
INDE Actual introduced error   0.000000e+00 : nnz before  116964 <-> 100.00 % , nnz after  116964 <-> 100.00 %
TIDE square took      0.02 usr cpu s       0.04 sys cpu s       0.01 wall s
INDE NNZ Xsq = 116964 <-> 100.00 %
TIDE Frobenius norm of X-X^2 took      0.00 usr cpu s       0.00 sys cpu s       0.00 wall s
TIDE Mixed norm of X-X^2 took      0.00 usr cpu s       0.01 sys cpu s       0.00 wall s
TIDE Trace of X-X^2 took      0.00 usr cpu s       0.00 sys cpu s       0.00 wall s
INDE ||X-X^2||_F = 2.689308e-02 , ||X-X^2||_mixed = 2.661525e-02
INDE trace(X-X^2) = 4.036291e-02
INDE trace(X) = 4.696093e+01
INDE Checking stopping criterion...   
INDE Order of convergence cannot be computed
TIDE stopping_criterion took      0.00 usr cpu s       0.00 sys cpu s       0.00 wall s
TIDE Iteration 28 took      0.02 usr cpu s       0.06 sys cpu s       0.01 wall s
INDE     ITERATION 29 :
TIDE purify_X took      0.00 usr cpu s       0.00 sys cpu s       0.00 wall s
TIDE truncate_matrix took      0.00 usr cpu s       0.00 sys cpu s       0.00 wall s
INDE Actual introduced error   0.000000e+00 : nnz before  116964 <-> 100.00 % , nnz after  116964 <-> 100.00 %
TIDE square took      0.02 usr cpu s       0.03 sys cpu s       0.01 wall s
INDE NNZ Xsq = 116964 <-> 100.00 %
TIDE Frobenius norm of X-X^2 took      0.00 usr cpu s       0.00 sys cpu s       0.00 wall s
TIDE Mixed norm of X-X^2 took      0.00 usr cpu s       0.01 sys cpu s       0.00 wall s
TIDE Trace of X-X^2 took      0.00 usr cpu s       0.00 sys cpu s       0.00 wall s
INDE ||X-X^2||_F = 1.059151e-03 , ||X-X^2||_mixed = 9.559694e-04
INDE trace(X-X^2) = 2.793916e-03
INDE trace(X) = 4.700129e+01
INDE Checking stopping criterion...   
INDE e_i =9.559694e-04, C*e_{i-1}^q = 6.015468e-03
INDE Order of convergence = 2.522318, stop = 0
TIDE stopping_criterion took      0.00 usr cpu s       0.00 sys cpu s       0.00 wall s
TIDE Iteration 29 took      0.04 usr cpu s       0.05 sys cpu s       0.01 wall s
INDE     ITERATION 30 :
TIDE purify_X took      0.00 usr cpu s       0.00 sys cpu s       0.00 wall s
TIDE truncate_matrix took      0.00 usr cpu s       0.00 sys cpu s       0.00 wall s
INDE Actual introduced error   0.000000e+00 : nnz before  116964 <-> 100.00 % , nnz after  116964 <-> 100.00 %
TIDE square took      0.02 usr cpu s       0.06 sys cpu s       0.01 wall s
INDE NNZ Xsq = 116964 <-> 100.00 %
TIDE Frobenius norm of X-X^2 took      0.00 usr cpu s       0.00 sys cpu s       0.00 wall s
TIDE Mixed norm of X-X^2 took      0.00 usr cpu s       0.01 sys cpu s       0.00 wall s
TIDE Trace of X-X^2 took      0.00 usr cpu s       0.00 sys cpu s       0.00 wall s
INDE ||X-X^2||_F = 1.122248e-03 , ||X-X^2||_mixed = 1.114581e-03
INDE trace(X-X^2) = 1.505568e-03
INDE trace(X) = 4.699849e+01
INDE Checking stopping criterion...   
INDE e_i =1.114581e-03, C*e_{i-1}^q = 4.878695e-03
INDE Order of convergence = 2.407140, stop = 0
TIDE stopping_criterion took      0.00 usr cpu s       0.00 sys cpu s       0.00 wall s
TIDE Iteration 30 took      0.02 usr cpu s       0.07 sys cpu s       0.01 wall s
INDE     ITERATION 31 :
TIDE purify_X took      0.00 usr cpu s       0.00 sys cpu s       0.00 wall s
TIDE truncate_matrix took      0.00 usr cpu s       0.00 sys cpu s       0.00 wall s
INDE Actual introduced error   0.000000e+00 : nnz before  116964 <-> 100.00 % , nnz after  116964 <-> 100.00 %
TIDE square took      0.01 usr cpu s       0.04 sys cpu s       0.01 wall s
INDE NNZ Xsq = 116964 <-> 100.00 %
TIDE Frobenius norm of X-X^2 took      0.00 usr cpu s       0.00 sys cpu s       0.00 wall s
TIDE Mixed norm of X-X^2 took      0.00 usr cpu s       0.01 sys cpu s       0.00 wall s
TIDE Trace of X-X^2 took      0.00 usr cpu s       0.00 sys cpu s       0.00 wall s
INDE ||X-X^2||_F = 1.409772e-06 , ||X-X^2||_mixed = 1.349825e-06
INDE trace(X-X^2) = 2.876374e-06
INDE trace(X) = 4.700000e+01
INDE Checking stopping criterion...   
INDE e_i =1.349825e-06, C*e_{i-1}^q = 6.294057e-06
INDE Order of convergence = 2.221441, stop = 0
TIDE stopping_criterion took      0.00 usr cpu s       0.00 sys cpu s       0.00 wall s
TIDE Iteration 31 took      0.02 usr cpu s       0.07 sys cpu s       0.01 wall s
INDE     ITERATION 32 :
TIDE purify_X took      0.00 usr cpu s       0.00 sys cpu s       0.00 wall s
TIDE truncate_matrix took      0.00 usr cpu s       0.00 sys cpu s       0.00 wall s
INDE Actual introduced error   0.000000e+00 : nnz before  116964 <-> 100.00 % , nnz after  116964 <-> 100.00 %
TIDE square took      0.02 usr cpu s       0.04 sys cpu s       0.01 wall s
INDE NNZ Xsq = 116964 <-> 100.00 %
TIDE Frobenius norm of X-X^2 took      0.00 usr cpu s       0.00 sys cpu s       0.00 wall s
TIDE Mixed norm of X-X^2 took      0.00 usr cpu s       0.01 sys cpu s       0.00 wall s
TIDE Trace of X-X^2 took      0.00 usr cpu s       0.00 sys cpu s       0.00 wall s
INDE ||X-X^2||_F = 1.893014e-06 , ||X-X^2||_mixed = 1.765914e-06
INDE trace(X-X^2) = 3.229288e-06
INDE trace(X) = 4.700000e+01
INDE Checking stopping criterion...   
INDE Order of convergence cannot be computed
TIDE stopping_criterion took      0.00 usr cpu s       0.00 sys cpu s       0.00 wall s
TIDE Iteration 32 took      0.02 usr cpu s       0.06 sys cpu s       0.01 wall s
INDE     ITERATION 33 :
TIDE purify_X took      0.00 usr cpu s       0.00 sys cpu s       0.00 wall s
TIDE truncate_matrix took      0.00 usr cpu s       0.00 sys cpu s       0.00 wall s
INDE Actual introduced error   0.000000e+00 : nnz before  116964 <-> 100.00 % , nnz after  116964 <-> 100.00 %
TIDE square took      0.01 usr cpu s       0.04 sys cpu s       0.01 wall s
INDE NNZ Xsq = 116964 <-> 100.00 %
TIDE Frobenius norm of X-X^2 took      0.00 usr cpu s       0.00 sys cpu s       0.00 wall s
TIDE Mixed norm of X-X^2 took      0.00 usr cpu s       0.01 sys cpu s       0.00 wall s
TIDE Trace of X-X^2 took      0.00 usr cpu s       0.00 sys cpu s       0.00 wall s
INDE ||X-X^2||_F = 3.470729e-12 , ||X-X^2||_mixed = 3.387654e-12
INDE trace(X-X^2) = 5.769607e-12
INDE trace(X) = 4.700000e+01
INDE Checking stopping criterion...   
INDE e_i =3.387654e-12, C*e_{i-1}^q = 1.254867e-11
INDE Order of convergence = 2.096887, stop = 0
TIDE stopping_criterion took      0.00 usr cpu s       0.00 sys cpu s       0.00 wall s
TIDE Iteration 33 took      0.02 usr cpu s       0.06 sys cpu s       0.01 wall s
INDE     ITERATION 34 :
TIDE purify_X took      0.00 usr cpu s       0.00 sys cpu s       0.00 wall s
TIDE truncate_matrix took      0.00 usr cpu s       0.00 sys cpu s       0.00 wall s
INDE Actual introduced error   0.000000e+00 : nnz before  116964 <-> 100.00 % , nnz after  116964 <-> 100.00 %
TIDE square took      0.02 usr cpu s       0.04 sys cpu s       0.01 wall s
INDE NNZ Xsq = 116964 <-> 100.00 %
TIDE Frobenius norm of X-X^2 took      0.00 usr cpu s       0.00 sys cpu s       0.00 wall s
TIDE Mixed norm of X-X^2 took      0.00 usr cpu s       0.01 sys cpu s       0.00 wall s
TIDE Trace of X-X^2 took      0.00 usr cpu s       0.00 sys cpu s       0.00 wall s
INDE ||X-X^2||_F = 4.130591e-12 , ||X-X^2||_mixed = 4.130352e-12
INDE trace(X-X^2) = 4.369838e-12
INDE trace(X) = 4.700000e+01
INDE Checking stopping criterion...   
INDE Order of convergence cannot be computed
TIDE stopping_criterion took      0.00 usr cpu s       0.00 sys cpu s       0.00 wall s
TIDE Iteration 34 took      0.03 usr cpu s       0.05 sys cpu s       0.01 wall s
INDE     ITERATION 35 :
TIDE purify_X took      0.00 usr cpu s       0.00 sys cpu s       0.00 wall s
TIDE truncate_matrix took      0.00 usr cpu s       0.00 sys cpu s       0.00 wall s
INDE Actual introduced error   0.000000e+00 : nnz before  116964 <-> 100.00 % , nnz after  116964 <-> 100.00 %
TIDE square took      0.02 usr cpu s       0.04 sys cpu s       0.01 wall s
INDE NNZ Xsq = 116964 <-> 100.00 %
TIDE Frobenius norm of X-X^2 took      0.00 usr cpu s       0.00 sys cpu s       0.00 wall s
TIDE Mixed norm of X-X^2 took      0.00 usr cpu s       0.00 sys cpu s       0.00 wall s
TIDE Trace of X-X^2 took      0.00 usr cpu s       0.00 sys cpu s       0.00 wall s
INDE ||X-X^2||_F = 2.211578e-15 , ||X-X^2||_mixed = 0.000000e+00
INDE trace(X-X^2) = 7.105427e-15
INDE trace(X) = 4.700000e+01
INDE Checking stopping criterion...   
INDE ************************************************************************************************************
INDE The norm value went much below machine precision, therefore we stop here since n_max can be underestimated.
INDE ************************************************************************************************************
INDE e_i =0.000000e+00, C*e_{i-1}^q = 7.903888e-23
INDE Order of convergence = inf, stop = 1
TIDE stopping_criterion took      0.00 usr cpu s       0.00 sys cpu s       0.00 wall s
INDE PURIFICATION CONVERGED after 35 iterations
TIDE Iteration 35 took      0.02 usr cpu s       0.05 sys cpu s       0.01 wall s
INDE Number of non-zeros in D is  116964 <-> 100.00 %
TIDE FileWritable::writeAndReadAll took      0.00 usr cpu s       0.00 sys cpu s       0.00 wall s
INDE writeAndReadAll sizesStr: '0 MB (1 MatrixGeneral, 0 > 1 MB) + 0 MB (13 MatrixSymmetric, 0 > 1 MB) + 0 MB (2 VectorGeneral, 0 > 1 MB) = 0 MB (16 total, 0 > 1 MB)
INDE TOTAL accumulated subspace error is 0.000000e+00
INDE TOTAL X square time: 0.267240 wall s
INDE TOTAL X trunction time: 0.009272 wall s
INDE TOTAL X purify (exl. X^2 computation) time: 0.009464 wall s
INDE TOTAL time to get number of non-zero elements: 0.002989 wall s
INDE TOTAL time to get mixed norm: 0.085923 wall s
INDE TOTAL time to get Frobenius norm: 0.009972 wall s
INDE TOTAL time for stopping criterion: 0.004042 wall s
INDE TOTAL time to get matrix trace: 0.001610 wall s
INDE Estimated bounds for the eigenvalues for the Fock matrix:
INDE LUMO: [ 0.035550951856 , 0.056520119764 ]
INDE HOMO: [ -0.357264056388 , -0.348169816607 ]
TIDE eigenvalue_bounds_estimation() took      0.00 usr cpu s       0.00 sys cpu s       0.00 wall s
TIDE Recursive expansion took      0.98 usr cpu s       2.64 sys cpu s       0.47 wall s
TIDE Puri->PurificationStart() took      0.98 usr cpu s       2.64 sys cpu s       0.47 wall s
TIDE Accumulated wall times for writeToFile in PurificationStart()          : 9.5e-07 s (MatrixGeneral) + 2.9e-06 s (MatrixSymmetric) + 0.00012 s (VectorGeneral) = 0.00012 s
TIDE Accumulated wall times for readFromFile in PurificationStart()         : 0 s (MatrixGeneral) + 4.1e-06 s (MatrixSymmetric) + 6.4e-05 s (VectorGeneral) = 6.8e-05 s
TIDE Accumulated wall times for copy and assign in PurificationStart()      : 3.1e-06 s (MatrixSymmetric) + 5.7e-05 s (VectorGeneral) = 6e-05 s
INDE Number of calls to writeToFile in PurificationStart()                  : 2 (MatrixGeneral) + 27 (MatrixSymmetric) + 1492 (VectorGeneral) = 1521 
INDE Number of calls to readFromFile in PurificationStart()                 : 2 (MatrixGeneral) + 26 (MatrixSymmetric) + 585 (VectorGeneral) = 613 
INDE Number of calls to FileWritable copy and assign in PurificationStart() : 2 (MatrixSymmetric) + 37 (VectorGeneral) = 39 
TIDE mat::Gblas::time after purification :     2.321096
INDE Created .m files with results of the purification
INDE Purification converged OK, subspaceError <=          0.00000000000
INDE E(LUMO) - E(HOMO) >=          0.38372076846 =         10.44157409115 eV
INDE E(LUMO) - E(HOMO) <=          0.41378417615 =         11.25964109358 eV
INDE HOMO interval : [   -0.357264056388   -0.348169816607 ]
INDE LUMO interval : [    0.035550951856    0.056520119764 ]
INDE Trace of resulting density matrix is         47.00000000000, error is   0.00000000000001.
INDE Truncated D_ort ( mixed ), selected threshold = 9.99999e-08, returned error =          0, nnz before = 116964 <-> 100.0000 %, nnz after = 116964 <-> 100.0000 %
TIDE FileWritable::writeAndReadAll took      0.00 usr cpu s       0.00 sys cpu s       0.00 wall s
INDE writeAndReadAll sizesStr: '0 MB (1 MatrixGeneral, 0 > 1 MB) + 0 MB (12 MatrixSymmetric, 0 > 1 MB) + 0 MB (1 MatrixTriangular, 0 > 1 MB) = 0 MB (14 total, 0 > 1 MB)
TIDE D_w to non-orthogonal basis took      0.06 usr cpu s       0.28 sys cpu s       0.05 wall s
INDE Truncated D_S (eucl with Z), selected threshold = 9.99999e-08, returned error =          0, nnz before = 100.0000 %, nnz after = 100.0000 %
INDE get_dens_from_fock_sparse ending OK
TIDE get_dens_from_fock_sparse took      1.34 usr cpu s       4.10 sys cpu s       0.73 wall s
ERDE get_dens_from_fock  (GetDensFromFock class) : purification finished OK.
TIDE get_dens_from_fock took      1.35 usr cpu s       4.10 sys cpu s       0.73 wall s
INSC Matrix 'new density matrix' ( symm ): n =    342, nnz =       116964 <-> 100.00 %, mem usage  0.0005 G
INSC Tr( D * S ) =         93.99999999994
TISC get_new_density_matrix took      1.35 usr cpu s       4.10 sys cpu s       0.73 wall s
INSC SCF_restricted::report_density_difference, diff_eucl =          0.02843482277
TISC SCF_restricted::report_density_difference took      0.02 usr cpu s       0.05 sys cpu s       0.01 wall s
INMA ddf_writeShellListAndDensityMatricesToFile_sparse, n =    342, densityMatrixList[0].nvalues =       58653
INMA opened temporary file 'density.bin.hjU2NR' for writing
INMA Choosing matrixStorageType = MATRIX_STORAGE_TYPE_TRIANGLE.
INMA fileSize =          560392 bytes =      0.560 MegaBytes
INMA renamed file 'density.bin.hjU2NR' to 'density.bin'
INMA ddf_writeShellListAndDensityMatricesToFile_sparse freeing buffer.
INMA ddf_writeShellListAndDensityMatricesToFile_sparse returning OK.
TISC write_density_to_file took      0.00 usr cpu s       0.03 sys cpu s       0.01 wall s
INSC Creating mtx file for Fock matrix
INSC Creating mtx file for density matrix
INSC SCF cycle   6 finished.
TISC SCF cycle   6 took   1171.35 usr cpu s       6.29 sys cpu s     183.81 wall s
INSC Beginning of SCF cycle 7:  Thu Mar 26 20:27:23 2026
INDE compute_J_by_boxes_sparse() start.
TIDE FileWritable::writeAndReadAll took      0.00 usr cpu s       0.00 sys cpu s       0.00 wall s
INDE writeAndReadAll: '0 MB (1 MatrixGeneral, 0 > 1 MB) + 0 MB (11 MatrixSymmetric, 0 > 1 MB) = 0 MB (12 total, 0 > 1 MB)
IN   compute_J_by_boxes_sparse, maxDensityMatrixElement =         22.35611971429
ININ get_basis_func_pair_list, n =    342
ININ create_box_system end OK, toplevelBoxSize:   7.0, #levels:  3, #boxes at top level:      6
TIIN get_basis_func_pair_list_2el took      0.16 usr cpu s       0.00 sys cpu s       0.16 wall s
IN   compute_J_by_boxes_sparse: noOfBasisFuncIndexPairs = 54626 ==> storing  46.70 % of a full matrix
ININ entering compute_J_by_boxes_linear, no of basis funcs =   342, threshold_J =   1e-16
ININ use_fmm = 1, fmm_box_size =   5.00
TIIN Compute extent for all distrs took      0.51 usr cpu s       0.00 sys cpu s       0.51 wall s
ININ extent_min =    0.000, extent_max =   22.744
ININ Creating list of distributions etc done, distrCount =    388104
TIIN Creating list of distributions etc took      0.73 usr cpu s       0.00 sys cpu s       0.73 wall s
ININ create_box_system end OK, toplevelBoxSize:   5.0, #levels:  3, #boxes at top level:     10
TIIN Creating boxes took      0.04 usr cpu s       0.00 sys cpu s       0.04 wall s
ININ noOfBranches = 6, splitters:  20.00 10.00  5.00  2.50  0.00
ININ J org done, groupCount =    16614
TIIN J org took      1.68 usr cpu s       0.01 sys cpu s       1.68 wall s
TIIN Generate group multipoles took      0.71 usr cpu s       0.00 sys cpu s       0.71 wall s
ININ totChargeWholeSystem =          0.00000000000
ININ Generating multipole for each branch at top level, MAX_MULTIPOLE_DEGREE = 15
TIIN Translate multipoles (step 1) took      0.59 usr cpu s       0.00 sys cpu s       0.59 wall s
TIIN Translate multipoles (step 2) took      0.10 usr cpu s       0.00 sys cpu s       0.10 wall s
ININ job lists for J created OK, noOfJobs_J_standard =     1733, noOfJobs_J_multipole =      193
TIIN Creating job lists for J took      0.00 usr cpu s       0.00 sys cpu s       0.00 wall s
ININ execute_joblist_J_std_threaded, noOfThreads =  8
ININ 8 threads started OK.
ININ all 8 threads have finished.
TIIN execute_joblist_J_std_threaded took    274.55 usr cpu s       0.16 sys cpu s      41.08 wall s
TIIN sort_list_of_multipole_jobs init part took      0.00 usr cpu s       0.00 sys cpu s       0.00 wall s
TIIN sort_list_of_multipole_jobs complete took      0.00 usr cpu s       0.00 sys cpu s       0.00 wall s
TIIN sort_list_of_multipole_jobs took      0.00 usr cpu s       0.00 sys cpu s       0.00 wall s
ININ execute_joblist_J_fmm_shared: Allocating multipoleList_4, maxnoOfMinimalDistrsPerBoxBranch =     63209
ININ execute_joblist_J_fmm_shared: jobIndexLo =            0, jobIndexHi =           24
ININ execute_joblist_J_fmm_shared: Allocating multipoleList_4, maxnoOfMinimalDistrsPerBoxBranch =     63209
ININ execute_joblist_J_fmm_shared: Allocating multipoleList_4, maxnoOfMinimalDistrsPerBoxBranch =     63209
ININ execute_joblist_J_fmm_shared: jobIndexLo =           24, jobIndexHi =           48
ININ execute_joblist_J_fmm_shared: jobIndexLo =           48, jobIndexHi =           72
ININ execute_joblist_J_fmm_shared: Allocating multipoleList_4, maxnoOfMinimalDistrsPerBoxBranch =     63209
ININ execute_joblist_J_fmm_shared: jobIndexLo =           72, jobIndexHi =           96
ININ execute_joblist_J_fmm_shared: Allocating multipoleList_4, maxnoOfMinimalDistrsPerBoxBranch =     63209
ININ execute_joblist_J_fmm_shared: jobIndexLo =           96, jobIndexHi =          120
ININ execute_joblist_J_fmm_shared: Allocating multipoleList_4, maxnoOfMinimalDistrsPerBoxBranch =     63209
ININ execute_joblist_J_fmm_shared: jobIndexLo =          120, jobIndexHi =          144
ININ execute_joblist_J_fmm_shared: Allocating multipoleList_4, maxnoOfMinimalDistrsPerBoxBranch =     63209
ININ execute_joblist_J_fmm_shared: jobIndexLo =          144, jobIndexHi =          168
ININ execute_joblist_J_fmm_shared: Allocating multipoleList_4, maxnoOfMinimalDistrsPerBoxBranch =     63209
ININ execute_joblist_J_fmm_shared: jobIndexLo =          168, jobIndexHi =          193
ININ execute_joblist_J_fmm_shared: done!
ININ execute_joblist_J_fmm_shared: done!
ININ execute_joblist_J_fmm_shared: done!
ININ execute_joblist_J_fmm_shared: done!
ININ execute_joblist_J_fmm_shared: done!
ININ execute_joblist_J_fmm_shared: done!
ININ execute_joblist_J_fmm_shared: done!
ININ execute_joblist_J_fmm_shared: done!
ININ multipole job list for J executed, largest L used: 11
TIIN Executing multipole job list for J took      0.69 usr cpu s       0.00 sys cpu s       0.26 wall s
ININ compute_J_by_boxes_linear ending OK.
TIIN compute_J_by_boxes_linear took    279.11 usr cpu s       0.17 sys cpu s      45.22 wall s
TI   compute_J_by_boxes_sparse total took    279.28 usr cpu s       0.17 sys cpu s      45.38 wall s
ININ entering create_CSR_for_K, no of basis funcs =   342, threshold_K =   1e-16
ININ create_box_system end OK, toplevelBoxSize:   7.0, #levels:  3, #boxes at top level:      6
ININ create_box_system end OK, toplevelBoxSize:   7.0, #levels:  3, #boxes at top level:      6
ININ create_box_system end OK, toplevelBoxSize:   7.0, #levels:  3, #boxes at top level:      6
TIIN create_CSR_for_K getting list of distrs took      0.45 usr cpu s       0.00 sys cpu s       0.45 wall s
ININ list of neighbors complete.
TIIN create_CSR_for_K getting list of neighbors took      0.00 usr cpu s       0.00 sys cpu s       0.00 wall s
TIIN create_CSR_for_K sort each list of neighbors took      0.06 usr cpu s       0.00 sys cpu s       0.06 wall s
ININ 8 threads started OK.
TIIN identify_needed_elements() took    698.08 usr cpu s       0.36 sys cpu s      90.48 wall s
ININ computing nnz..
ININ create_CSR_for_K: predicted nnz =        58653, <->  50.15% of a full matrix
TIIN create_CSR_for_K last part took      0.00 usr cpu s       0.00 sys cpu s       0.00 wall s
TIIN create_CSR_for_K total took    698.60 usr cpu s       0.36 sys cpu s      91.00 wall s
ININ entering compute_K_by_boxes, no of basis funcs =   342, threshold_K =   1e-16, exchange_box_size =   5.00
ININ create_box_system end OK, toplevelBoxSize:   7.0, #levels:  3, #boxes at top level:      6
ININ create_box_system end OK, toplevelBoxSize:   7.0, #levels:  3, #boxes at top level:      6
ININ create_box_system end OK, toplevelBoxSize:   7.0, #levels:  3, #boxes at top level:      6
TIIN Compute extent for all distrs took      0.53 usr cpu s       0.00 sys cpu s       0.53 wall s
ININ Creating list of distributions done, distrCountTot =    388104
TIIN Creating list of distributions took      0.82 usr cpu s       0.00 sys cpu s       0.82 wall s
ININ create_box_system end OK, toplevelBoxSize:   5.0, #levels:  3, #boxes at top level:     10
ININ create_box_system end OK, toplevelBoxSize:   2.5, #levels:  4, #boxes at top level:     16
ININ noOfLevelsBasisFuncs = 4, noOfLevelsDiff = 1
TIIN Creating boxes etc took      0.04 usr cpu s       0.00 sys cpu s       0.04 wall s
TIIN getting multipoleNormVectorList took      0.80 usr cpu s       0.00 sys cpu s       0.81 wall s
TIIN K organize_distributions for all boxes took      2.30 usr cpu s       0.00 sys cpu s       2.30 wall s
ININ starting loop to setup basisFuncGroupInfoList, with added index checks.
TIIN GetLimitsAllLevels took      0.35 usr cpu s       0.00 sys cpu s       0.35 wall s
ININ getDmatLimitMatrixCSRList start.
TIIN getting densityMatrixLimitMatrixList took      0.02 usr cpu s       0.00 sys cpu s       0.02 wall s
ININ job list for K created,       55 jobs
TIIN creating job list for K took      0.00 usr cpu s       0.00 sys cpu s       0.00 wall s
ININ execute_joblist_K_threaded, noOfThreads =  8, basisFuncListCount_max =   333
ININ 8 threads started OK.
ININ all 8 threads have finished, took       38 wall s.
TIIN Executing job list for K took    180.42 usr cpu s       0.10 sys cpu s      37.84 wall s
TIIN compute_K_by_boxes took    184.76 usr cpu s       0.11 sys cpu s      42.18 wall s
TI   compute_K_by_boxes_sparse total took    883.39 usr cpu s       0.47 sys cpu s     133.22 wall s
INSC About to truncate FockMatrix, gap of Fprev >=          0.38372076846
TISC symmMatrix::mixed_diff for F vs Fprev maxEigValMovement_mixed took      0.00 usr cpu s       0.00 sys cpu s       0.00 wall s
TISC symmMatrix::eucl_diff for maxEigValMovement_eucl  took      0.04 usr cpu s       0.14 sys cpu s       0.03 wall s
INSC maxEigValMovement_frob  =          0.00087391218
INSC maxEigValMovement_mixed =          0.00060765923
INSC maxEigValMovement_eucl  =          0.00031901997
TISC FockMatrix.eucl_thresh() (with Z) took      0.16 usr cpu s       0.49 sys cpu s       0.11 wall s
INSC Truncated FockMatrix (eucl with Z), selected threshold = 3.83083e-08, returned error =          0, nnz before = 100.0000 %, nnz after = 100.0000 %
INSC Matrix 'S' ( symm ): n =    342, nnz =       116964 <-> 100.00 %, mem usage  0.0005 G
INSC Matrix 'F' ( symm ): n =    342, nnz =       116964 <-> 100.00 %, mem usage  0.0005 G
INSC Matrix 'D' ( symm ): n =    342, nnz =       116964 <-> 100.00 %, mem usage  0.0005 G
INSC nuclearEnergy, energy_2el, energy = 782.160484, 1007.253424, -645.112846
INSC Energy   7 =       -645.11284576038  ( diff     -0.000000178607934 )
INSC calling compute_FDSminusSDF_sparse, n = 342
INDE compute_FDSminusSDF_sparse() start.
TIDE FileWritable::writeAndReadAll took      0.00 usr cpu s       0.00 sys cpu s       0.00 wall s
INDE writeAndReadAll: '0 MB (1 MatrixGeneral, 0 > 1 MB) + 0 MB (9 MatrixSymmetric, 0 > 1 MB) = 0 MB (10 total, 0 > 1 MB)
TISC compute_FDSminusSDF_sparse, F*D mult took      0.03 usr cpu s       0.07 sys cpu s       0.02 wall s
INSC Matrix 'FD before eucl truncation' (normal): n =    342, nnz =       116964 <-> 100.00 %, mem usage  0.0009 G
INSC Matrix 'FD after  eucl truncation' (normal): n =    342, nnz =       116964 <-> 100.00 %, mem usage  0.0009 G
INSC Matrix 'FDS before eucl truncation' (normal): n =    342, nnz =       116964 <-> 100.00 %, mem usage  0.0009 G
INSC Matrix 'FDS after  eucl truncation' (normal): n =    342, nnz =       116964 <-> 100.00 %, mem usage  0.0009 G
INSC compute_FDSminusSDF_sparse ending OK.
TISC compute_FDSminusSDF_sparse took      0.11 usr cpu s       0.26 sys cpu s       0.05 wall s
INSC Matrix 'FDS-SDF' (normal): n =    342, nnz =       116964 <-> 100.00 %, mem usage  0.0009 G
INSC SCF_restricted::get_FDSminusSDF finished.
TISC get_FDSminusSDF took      0.11 usr cpu s       0.26 sys cpu s       0.05 wall s
INSC maxabs FDS-SDF is  6.3e-05
INSC frob   FDS-SDF is 0.000689
TISC get_error_measure took      0.00 usr cpu s       0.00 sys cpu s       0.00 wall s
INSC entering DIISManagerRestricted::AddIterationToList, IterCount =  6
INSC DIISManagerRestricted::AddIterationToList ending OK.
TISC DIISManagerRestricted::AddIterationToList took      0.00 usr cpu s       0.02 sys cpu s       0.00 wall s
INSC using DIIS to get combined Fock matrix, number of iters used for DIIS:  7
TISC clear_error_matrices took      0.00 usr cpu s       0.00 sys cpu s       0.00 wall s
TISC save_current_fock_as_fprev took      0.00 usr cpu s       0.00 sys cpu s       0.00 wall s
INDE get_dens_from_fock_general, n = 342, use_diagonalization = 0, use_diag_on_error = 1
INDE Before writeAndReadAll(): AllocatorManager statistics:  noOfRealsPerBuffer: 1024 noOfBuffers: 20000 list.size(): 1. Allocated: 0.164 GB, Used: 0.0143 GB, Peak alloc: 0.164 GB.
TIDE FileWritable::writeAndReadAll took      0.00 usr cpu s       0.00 sys cpu s       0.00 wall s
INDE writeAndReadAll sizesStr: '0 MB (1 MatrixGeneral, 0 > 1 MB) + 0 MB (7 MatrixSymmetric, 0 > 1 MB) = 0 MB (8 total, 0 > 1 MB)
INDE After writeAndReadAll(): AllocatorManager statistics:  noOfRealsPerBuffer: 1024 noOfBuffers: 20000 list.size(): 1. Allocated: 0.164 GB, Used: 0.0143 GB, Peak alloc: 0.164 GB.
INDE calling get_dens_from_fock_sparse, n =    342, subspaceErrorLimit = 1e-06
INDE get_dens_from_fock_sparse() start!
INDE After F.readFromFile(): AllocatorManager statistics:  noOfRealsPerBuffer: 1024 noOfBuffers: 20000 list.size(): 1. Allocated: 0.164 GB, Used: 0.0143 GB, Peak alloc: 0.164 GB.
INDE After creating wrapper MatrixType F_w(F): AllocatorManager statistics:  noOfRealsPerBuffer: 1024 noOfBuffers: 20000 list.size(): 1. Allocated: 0.164 GB, Used: 0.0147 GB, Peak alloc: 0.164 GB.
TIDE  F_w to orthogonal basis took      0.03 usr cpu s       0.13 sys cpu s       0.02 wall s
TIDE MatrixType::mixed_diff for maxEigValMovement_mixed took      0.00 usr cpu s       0.01 sys cpu s       0.00 wall s
TIDE symmMatrixWrap::eucl_diff for maxEigValMovement_eucl  took      0.08 usr cpu s       0.37 sys cpu s       0.06 wall s
INDE maxEigValMovement_frob  =          0.00048137435
INDE maxEigValMovement_mixed =          0.00031101098
INDE maxEigValMovement_eucl  =          0.00009815254
INDE lumo before truncation: [ 0.035452799321 , 0.056618272299 ]
INDE homo before truncation: [ -0.357362208923 , -0.348071664072 ]
INDE Truncate matrix F and update intervals for homo and lumo.
INDE Truncating F_ort ( mixed ), selected threshold = 3.83524e-08
INDE Truncated F_ort ( mixed ), selected threshold = 3.83524e-08, returned error =          0, nnz before = 100.0000 %, nnz after = 100.0000 %
TIDE Truncation of F_ort took      0.00 usr cpu s       0.00 sys cpu s       0.00 wall s
INDE Chosen Ergo Wrapper
INDE Creating purification object: N = 342 , nocc = 47 , NNZ = 116964  <-> 100.00000 %
INDE Chosen norm for the truncation: 
INDE mixed
INDE Chosen norm for the stopping criterion: 
INDE mixed
INDE Chosen the NEW stopping criterion.
INDE Allowed error in subspace 7.000000e-07
INDE Chosen SP2 purification method
INDE calling Puri->PurificationStart(), number of threads = 1, trunc norm 'mixed'
TIDE gershgorin took      0.00 usr cpu s       0.01 sys cpu s       0.00 wall s
INDE Gershgorin bounds: [ -59.820919030406 , 100.436358525271 ]
INDE EXPANDED Gershgorin bounds: [ -59.820919045308 , 100.436358540172 ]
INDE Trying to impove bounds using Lanczos algorithm...
TIDE compute_spectrum_bounds took      0.09 usr cpu s       0.40 sys cpu s       0.08 wall s
INDE Spectrum of F: 	 [ -20.624826791380 , 51.715168450794 ]
INDE Transform homo and lumo bounds...
INDE HOMO bounds of X: 	 [ 0.719702011876 , 0.719830440760 ]
INDE LUMO bounds of X: 	 [ 0.714107735362 , 0.714400318641 ]
INDE INIT LUMO: [ 0.714107735362 , 0.714400318641 ]
INDE INIT HOMO: [ 0.280169559240 , 0.280297988124 ]
INDE ESTIMATED NUMBER OF ITERATIONS IS 35
INDE Put eigenvalues of F to the interval [0,1] in reverse order.
TIDE compute_X() took      0.00 usr cpu s       0.00 sys cpu s       0.00 wall s
TIDE prepare_to_purification() took      0.09 usr cpu s       0.41 sys cpu s       0.08 wall s
INDE (EIGV,PARAMS) Requested 0 occipied eigenpair(s).
INDE (EIGV,PARAMS) Requested 0 unoccipied eigenpair(s).
TIDE prepare_to_purification_eigenvectors() took      0.00 usr cpu s       0.00 sys cpu s       0.00 wall s
INDE Starting recursive expansion
INDE     BEFORE ITERATIONS:
TIDE truncate_matrix took      0.00 usr cpu s       0.00 sys cpu s       0.00 wall s
INDE Actual introduced error   0.000000e+00 : nnz before  116964 <-> 100.00 % , nnz after  116964 <-> 100.00 %
TIDE square took      0.01 usr cpu s       0.04 sys cpu s       0.01 wall s
INDE NNZ Xsq = 116964 <-> 100.00 %
TIDE Frobenius norm of X-X^2 took      0.00 usr cpu s       0.00 sys cpu s       0.00 wall s
TIDE Mixed norm of X-X^2 took      0.00 usr cpu s       0.02 sys cpu s       0.00 wall s
TIDE Trace of X-X^2 took      0.00 usr cpu s       0.00 sys cpu s       0.00 wall s
INDE ||X-X^2||_F = 3.852014e+00 , ||X-X^2||_mixed = 1.286053e+00
INDE trace(X-X^2) = 7.012956e+01
INDE trace(X) = 2.342456e+02
TIDE Iteration 0 took      0.02 usr cpu s       0.06 sys cpu s       0.01 wall s
TIDE FileWritable::writeAndReadAll took      0.00 usr cpu s       0.00 sys cpu s       0.00 wall s
INDE writeAndReadAll sizesStr: '0 MB (1 MatrixGeneral, 0 > 1 MB) + 0 MB (13 MatrixSymmetric, 0 > 1 MB) + 0 MB (2 VectorGeneral, 0 > 1 MB) = 0 MB (16 total, 0 > 1 MB)
INDE     ITERATION 1 :
TIDE purify_X took      0.00 usr cpu s       0.00 sys cpu s       0.00 wall s
TIDE truncate_matrix took      0.00 usr cpu s       0.00 sys cpu s       0.00 wall s
INDE Actual introduced error   0.000000e+00 : nnz before  116964 <-> 100.00 % , nnz after  116964 <-> 100.00 %
TIDE square took      0.01 usr cpu s       0.05 sys cpu s       0.01 wall s
INDE NNZ Xsq = 116964 <-> 100.00 %
TIDE Frobenius norm of X-X^2 took      0.00 usr cpu s       0.00 sys cpu s       0.00 wall s
TIDE Mixed norm of X-X^2 took      0.00 usr cpu s       0.02 sys cpu s       0.00 wall s
TIDE Trace of X-X^2 took      0.00 usr cpu s       0.00 sys cpu s       0.00 wall s
INDE ||X-X^2||_F = 4.467938e+00 , ||X-X^2||_mixed = 1.460677e+00
INDE trace(X-X^2) = 8.127625e+01
INDE trace(X) = 1.641160e+02
TIDE Iteration 1 took      0.01 usr cpu s       0.07 sys cpu s       0.01 wall s
INDE     ITERATION 2 :
TIDE purify_X took      0.00 usr cpu s       0.00 sys cpu s       0.00 wall s
TIDE truncate_matrix took      0.00 usr cpu s       0.00 sys cpu s       0.00 wall s
INDE Actual introduced error   0.000000e+00 : nnz before  116964 <-> 100.00 % , nnz after  116964 <-> 100.00 %
TIDE square took      0.02 usr cpu s       0.04 sys cpu s       0.01 wall s
INDE NNZ Xsq = 116964 <-> 100.00 %
TIDE Frobenius norm of X-X^2 took      0.00 usr cpu s       0.00 sys cpu s       0.00 wall s
TIDE Mixed norm of X-X^2 took      0.00 usr cpu s       0.02 sys cpu s       0.00 wall s
TIDE Trace of X-X^2 took      0.00 usr cpu s       0.00 sys cpu s       0.00 wall s
INDE ||X-X^2||_F = 3.254697e+00 , ||X-X^2||_mixed = 1.135626e+00
INDE trace(X-X^2) = 5.849019e+01
INDE trace(X) = 8.283976e+01
INDE Checking stopping criterion...   
INDE Order of convergence cannot be computed
TIDE stopping_criterion took      0.00 usr cpu s       0.00 sys cpu s       0.00 wall s
TIDE Iteration 2 took      0.03 usr cpu s       0.06 sys cpu s       0.01 wall s
INDE     ITERATION 3 :
TIDE purify_X took      0.00 usr cpu s       0.00 sys cpu s       0.00 wall s
TIDE truncate_matrix took      0.00 usr cpu s       0.00 sys cpu s       0.00 wall s
INDE Actual introduced error   0.000000e+00 : nnz before  116964 <-> 100.00 % , nnz after  116964 <-> 100.00 %
TIDE square took      0.02 usr cpu s       0.05 sys cpu s       0.01 wall s
INDE NNZ Xsq = 116964 <-> 100.00 %
TIDE Frobenius norm of X-X^2 took      0.00 usr cpu s       0.00 sys cpu s       0.00 wall s
TIDE Mixed norm of X-X^2 took      0.00 usr cpu s       0.02 sys cpu s       0.00 wall s
TIDE Trace of X-X^2 took      0.00 usr cpu s       0.00 sys cpu s       0.00 wall s
INDE ||X-X^2||_F = 4.290382e+00 , ||X-X^2||_mixed = 1.444683e+00
INDE trace(X-X^2) = 7.741617e+01
INDE trace(X) = 1.413300e+02
INDE Checking stopping criterion...   
INDE Order of convergence cannot be computed
TIDE stopping_criterion took      0.00 usr cpu s       0.00 sys cpu s       0.00 wall s
TIDE Iteration 3 took      0.03 usr cpu s       0.07 sys cpu s       0.01 wall s
INDE     ITERATION 4 :
TIDE purify_X took      0.00 usr cpu s       0.00 sys cpu s       0.00 wall s
TIDE truncate_matrix took      0.00 usr cpu s       0.00 sys cpu s       0.00 wall s
INDE Actual introduced error   0.000000e+00 : nnz before  116964 <-> 100.00 % , nnz after  116964 <-> 100.00 %
TIDE square took      0.03 usr cpu s       0.03 sys cpu s       0.01 wall s
INDE NNZ Xsq = 116964 <-> 100.00 %
TIDE Frobenius norm of X-X^2 took      0.00 usr cpu s       0.00 sys cpu s       0.00 wall s
TIDE Mixed norm of X-X^2 took      0.00 usr cpu s       0.02 sys cpu s       0.00 wall s
TIDE Trace of X-X^2 took      0.00 usr cpu s       0.00 sys cpu s       0.00 wall s
INDE ||X-X^2||_F = 4.003286e+00 , ||X-X^2||_mixed = 1.405987e+00
INDE trace(X-X^2) = 7.177920e+01
INDE trace(X) = 2.187461e+02
INDE Checking stopping criterion...   
INDE Order of convergence cannot be computed
TIDE stopping_criterion took      0.00 usr cpu s       0.00 sys cpu s       0.00 wall s
TIDE Iteration 4 took      0.03 usr cpu s       0.06 sys cpu s       0.01 wall s
INDE     ITERATION 5 :
TIDE purify_X took      0.00 usr cpu s       0.00 sys cpu s       0.00 wall s
TIDE truncate_matrix took      0.00 usr cpu s       0.00 sys cpu s       0.00 wall s
INDE Actual introduced error   0.000000e+00 : nnz before  116964 <-> 100.00 % , nnz after  116964 <-> 100.00 %
TIDE square took      0.01 usr cpu s       0.05 sys cpu s       0.01 wall s
INDE NNZ Xsq = 116964 <-> 100.00 %
TIDE Frobenius norm of X-X^2 took      0.00 usr cpu s       0.00 sys cpu s       0.00 wall s
TIDE Mixed norm of X-X^2 took      0.00 usr cpu s       0.02 sys cpu s       0.00 wall s
TIDE Trace of X-X^2 took      0.00 usr cpu s       0.00 sys cpu s       0.00 wall s
INDE ||X-X^2||_F = 4.268876e+00 , ||X-X^2||_mixed = 1.493204e+00
INDE trace(X-X^2) = 7.626113e+01
INDE trace(X) = 1.469669e+02
INDE Checking stopping criterion...   
INDE Order of convergence cannot be computed
TIDE stopping_criterion took      0.00 usr cpu s       0.00 sys cpu s       0.00 wall s
TIDE Iteration 5 took      0.02 usr cpu s       0.07 sys cpu s       0.01 wall s
INDE     ITERATION 6 :
TIDE purify_X took      0.00 usr cpu s       0.00 sys cpu s       0.00 wall s
TIDE truncate_matrix took      0.00 usr cpu s       0.00 sys cpu s       0.00 wall s
INDE Actual introduced error   0.000000e+00 : nnz before  116964 <-> 100.00 % , nnz after  116964 <-> 100.00 %
TIDE square took      0.02 usr cpu s       0.03 sys cpu s       0.01 wall s
INDE NNZ Xsq = 116964 <-> 100.00 %
TIDE Frobenius norm of X-X^2 took      0.00 usr cpu s       0.00 sys cpu s       0.00 wall s
TIDE Mixed norm of X-X^2 took      0.01 usr cpu s       0.01 sys cpu s       0.00 wall s
TIDE Trace of X-X^2 took      0.00 usr cpu s       0.00 sys cpu s       0.00 wall s
INDE ||X-X^2||_F = 2.734227e+00 , ||X-X^2||_mixed = 1.096789e+00
INDE trace(X-X^2) = 4.779600e+01
INDE trace(X) = 7.070580e+01
INDE Checking stopping criterion...   
INDE Order of convergence cannot be computed
TIDE stopping_criterion took      0.00 usr cpu s       0.00 sys cpu s       0.00 wall s
TIDE Iteration 6 took      0.04 usr cpu s       0.05 sys cpu s       0.01 wall s
INDE     ITERATION 7 :
TIDE purify_X took      0.00 usr cpu s       0.00 sys cpu s       0.00 wall s
TIDE truncate_matrix took      0.00 usr cpu s       0.00 sys cpu s       0.00 wall s
INDE Actual introduced error   0.000000e+00 : nnz before  116964 <-> 100.00 % , nnz after  116964 <-> 100.00 %
TIDE square took      0.01 usr cpu s       0.04 sys cpu s       0.01 wall s
INDE NNZ Xsq = 116964 <-> 100.00 %
TIDE Frobenius norm of X-X^2 took      0.00 usr cpu s       0.00 sys cpu s       0.00 wall s
TIDE Mixed norm of X-X^2 took      0.00 usr cpu s       0.02 sys cpu s       0.00 wall s
TIDE Trace of X-X^2 took      0.00 usr cpu s       0.00 sys cpu s       0.00 wall s
INDE ||X-X^2||_F = 3.850806e+00 , ||X-X^2||_mixed = 1.464409e+00
INDE trace(X-X^2) = 6.763985e+01
INDE trace(X) = 1.185018e+02
INDE Checking stopping criterion...   
INDE Order of convergence cannot be computed
TIDE stopping_criterion took      0.00 usr cpu s       0.00 sys cpu s       0.00 wall s
TIDE Iteration 7 took      0.02 usr cpu s       0.07 sys cpu s       0.01 wall s
INDE     ITERATION 8 :
TIDE purify_X took      0.00 usr cpu s       0.00 sys cpu s       0.00 wall s
TIDE truncate_matrix took      0.00 usr cpu s       0.00 sys cpu s       0.00 wall s
INDE Actual introduced error   0.000000e+00 : nnz before  116964 <-> 100.00 % , nnz after  116964 <-> 100.00 %
TIDE square took      0.02 usr cpu s       0.04 sys cpu s       0.01 wall s
INDE NNZ Xsq = 116964 <-> 100.00 %
TIDE Frobenius norm of X-X^2 took      0.00 usr cpu s       0.00 sys cpu s       0.00 wall s
TIDE Mixed norm of X-X^2 took      0.01 usr cpu s       0.02 sys cpu s       0.00 wall s
TIDE Trace of X-X^2 took      0.00 usr cpu s       0.00 sys cpu s       0.00 wall s
INDE ||X-X^2||_F = 4.120478e+00 , ||X-X^2||_mixed = 1.498160e+00
INDE trace(X-X^2) = 7.299921e+01
INDE trace(X) = 1.861416e+02
INDE Checking stopping criterion...   
INDE Order of convergence cannot be computed
TIDE stopping_criterion took      0.00 usr cpu s       0.00 sys cpu s       0.00 wall s
TIDE Iteration 8 took      0.03 usr cpu s       0.06 sys cpu s       0.01 wall s
INDE     ITERATION 9 :
TIDE purify_X took      0.00 usr cpu s       0.00 sys cpu s       0.00 wall s
TIDE truncate_matrix took      0.00 usr cpu s       0.00 sys cpu s       0.00 wall s
INDE Actual introduced error   0.000000e+00 : nnz before  116964 <-> 100.00 % , nnz after  116964 <-> 100.00 %
TIDE square took      0.01 usr cpu s       0.04 sys cpu s       0.01 wall s
INDE NNZ Xsq = 116964 <-> 100.00 %
TIDE Frobenius norm of X-X^2 took      0.00 usr cpu s       0.00 sys cpu s       0.00 wall s
TIDE Mixed norm of X-X^2 took      0.00 usr cpu s       0.02 sys cpu s       0.00 wall s
TIDE Trace of X-X^2 took      0.00 usr cpu s       0.00 sys cpu s       0.00 wall s
INDE ||X-X^2||_F = 3.665699e+00 , ||X-X^2||_mixed = 1.504887e+00
INDE trace(X-X^2) = 6.284349e+01
INDE trace(X) = 1.131424e+02
INDE Checking stopping criterion...   
INDE Order of convergence cannot be computed
TIDE stopping_criterion took      0.00 usr cpu s       0.00 sys cpu s       0.00 wall s
TIDE Iteration 9 took      0.02 usr cpu s       0.07 sys cpu s       0.01 wall s
INDE     ITERATION 10 :
TIDE purify_X took      0.00 usr cpu s       0.00 sys cpu s       0.00 wall s
TIDE truncate_matrix took      0.00 usr cpu s       0.00 sys cpu s       0.00 wall s
INDE Actual introduced error   0.000000e+00 : nnz before  116964 <-> 100.00 % , nnz after  116964 <-> 100.00 %
TIDE square took      0.01 usr cpu s       0.04 sys cpu s       0.01 wall s
INDE NNZ Xsq = 116964 <-> 100.00 %
TIDE Frobenius norm of X-X^2 took      0.00 usr cpu s       0.00 sys cpu s       0.00 wall s
TIDE Mixed norm of X-X^2 took      0.00 usr cpu s       0.02 sys cpu s       0.00 wall s
TIDE Trace of X-X^2 took      0.00 usr cpu s       0.00 sys cpu s       0.00 wall s
INDE ||X-X^2||_F = 3.888186e+00 , ||X-X^2||_mixed = 1.520339e+00
INDE trace(X-X^2) = 6.812285e+01
INDE trace(X) = 1.759859e+02
INDE Checking stopping criterion...   
INDE Order of convergence cannot be computed
TIDE stopping_criterion took      0.00 usr cpu s       0.00 sys cpu s       0.00 wall s
TIDE Iteration 10 took      0.02 usr cpu s       0.07 sys cpu s       0.01 wall s
INDE     ITERATION 11 :
TIDE purify_X took      0.00 usr cpu s       0.00 sys cpu s       0.00 wall s
TIDE truncate_matrix took      0.00 usr cpu s       0.00 sys cpu s       0.00 wall s
INDE Actual introduced error   0.000000e+00 : nnz before  116964 <-> 100.00 % , nnz after  116964 <-> 100.00 %
TIDE square took      0.01 usr cpu s       0.05 sys cpu s       0.01 wall s
INDE NNZ Xsq = 116964 <-> 100.00 %
TIDE Frobenius norm of X-X^2 took      0.00 usr cpu s       0.00 sys cpu s       0.00 wall s
TIDE Mixed norm of X-X^2 took      0.01 usr cpu s       0.01 sys cpu s       0.00 wall s
TIDE Trace of X-X^2 took      0.00 usr cpu s       0.00 sys cpu s       0.00 wall s
INDE ||X-X^2||_F = 3.436154e+00 , ||X-X^2||_mixed = 1.550221e+00
INDE trace(X-X^2) = 5.634727e+01
INDE trace(X) = 1.078631e+02
INDE Checking stopping criterion...   
INDE Order of convergence cannot be computed
TIDE stopping_criterion took      0.00 usr cpu s       0.00 sys cpu s       0.00 wall s
TIDE Iteration 11 took      0.02 usr cpu s       0.06 sys cpu s       0.01 wall s
INDE     ITERATION 12 :
TIDE purify_X took      0.00 usr cpu s       0.00 sys cpu s       0.00 wall s
TIDE truncate_matrix took      0.00 usr cpu s       0.00 sys cpu s       0.00 wall s
INDE Actual introduced error   0.000000e+00 : nnz before  116964 <-> 100.00 % , nnz after  116964 <-> 100.00 %
TIDE square took      0.01 usr cpu s       0.04 sys cpu s       0.01 wall s
INDE NNZ Xsq = 116964 <-> 100.00 %
TIDE Frobenius norm of X-X^2 took      0.00 usr cpu s       0.00 sys cpu s       0.00 wall s
TIDE Mixed norm of X-X^2 took      0.00 usr cpu s       0.02 sys cpu s       0.00 wall s
TIDE Trace of X-X^2 took      0.00 usr cpu s       0.00 sys cpu s       0.00 wall s
INDE ||X-X^2||_F = 2.134019e+00 , ||X-X^2||_mixed = 1.203842e+00
INDE trace(X-X^2) = 2.958067e+01
INDE trace(X) = 5.151580e+01
INDE Checking stopping criterion...   
INDE Order of convergence cannot be computed
TIDE stopping_criterion took      0.00 usr cpu s       0.00 sys cpu s       0.00 wall s
TIDE Iteration 12 took      0.02 usr cpu s       0.06 sys cpu s       0.01 wall s
INDE     ITERATION 13 :
TIDE purify_X took      0.00 usr cpu s       0.00 sys cpu s       0.00 wall s
TIDE truncate_matrix took      0.00 usr cpu s       0.00 sys cpu s       0.00 wall s
INDE Actual introduced error   0.000000e+00 : nnz before  116964 <-> 100.00 % , nnz after  116964 <-> 100.00 %
TIDE square took      0.02 usr cpu s       0.03 sys cpu s       0.01 wall s
INDE NNZ Xsq = 116964 <-> 100.00 %
TIDE Frobenius norm of X-X^2 took      0.00 usr cpu s       0.00 sys cpu s       0.00 wall s
TIDE Mixed norm of X-X^2 took      0.00 usr cpu s       0.02 sys cpu s       0.00 wall s
TIDE Trace of X-X^2 took      0.00 usr cpu s       0.00 sys cpu s       0.00 wall s
INDE ||X-X^2||_F = 2.856445e+00 , ||X-X^2||_mixed = 1.476453e+00
INDE trace(X-X^2) = 4.203466e+01
INDE trace(X) = 8.109647e+01
INDE Checking stopping criterion...   
INDE Order of convergence cannot be computed
TIDE stopping_criterion took      0.00 usr cpu s       0.00 sys cpu s       0.00 wall s
TIDE Iteration 13 took      0.03 usr cpu s       0.06 sys cpu s       0.01 wall s
INDE     ITERATION 14 :
TIDE purify_X took      0.00 usr cpu s       0.00 sys cpu s       0.00 wall s
TIDE truncate_matrix took      0.00 usr cpu s       0.00 sys cpu s       0.00 wall s
INDE Actual introduced error   0.000000e+00 : nnz before  116964 <-> 100.00 % , nnz after  116964 <-> 100.00 %
TIDE square took      0.02 usr cpu s       0.04 sys cpu s       0.01 wall s
INDE NNZ Xsq = 116964 <-> 100.00 %
TIDE Frobenius norm of X-X^2 took      0.00 usr cpu s       0.00 sys cpu s       0.00 wall s
TIDE Mixed norm of X-X^2 took      0.00 usr cpu s       0.02 sys cpu s       0.00 wall s
TIDE Trace of X-X^2 took      0.00 usr cpu s       0.00 sys cpu s       0.00 wall s
INDE ||X-X^2||_F = 3.137432e+00 , ||X-X^2||_mixed = 1.633222e+00
INDE trace(X-X^2) = 4.810054e+01
INDE trace(X) = 1.231311e+02
INDE Checking stopping criterion...   
INDE Order of convergence cannot be computed
TIDE stopping_criterion took      0.00 usr cpu s       0.00 sys cpu s       0.00 wall s
TIDE Iteration 14 took      0.02 usr cpu s       0.06 sys cpu s       0.01 wall s
INDE     ITERATION 15 :
TIDE purify_X took      0.00 usr cpu s       0.00 sys cpu s       0.00 wall s
TIDE truncate_matrix took      0.00 usr cpu s       0.00 sys cpu s       0.00 wall s
INDE Actual introduced error   0.000000e+00 : nnz before  116964 <-> 100.00 % , nnz after  116964 <-> 100.00 %
TIDE square took      0.04 usr cpu s       0.02 sys cpu s       0.01 wall s
INDE NNZ Xsq = 116964 <-> 100.00 %
TIDE Frobenius norm of X-X^2 took      0.00 usr cpu s       0.00 sys cpu s       0.00 wall s
TIDE Mixed norm of X-X^2 took      0.00 usr cpu s       0.02 sys cpu s       0.00 wall s
TIDE Trace of X-X^2 took      0.00 usr cpu s       0.00 sys cpu s       0.00 wall s
INDE ||X-X^2||_F = 2.538326e+00 , ||X-X^2||_mixed = 1.427879e+00
INDE trace(X-X^2) = 3.388152e+01
INDE trace(X) = 7.503059e+01
INDE Checking stopping criterion...   
INDE Order of convergence cannot be computed
TIDE stopping_criterion took      0.00 usr cpu s       0.00 sys cpu s       0.00 wall s
TIDE Iteration 15 took      0.04 usr cpu s       0.04 sys cpu s       0.01 wall s
INDE     ITERATION 16 :
TIDE purify_X took      0.00 usr cpu s       0.00 sys cpu s       0.00 wall s
TIDE truncate_matrix took      0.00 usr cpu s       0.00 sys cpu s       0.00 wall s
INDE Actual introduced error   0.000000e+00 : nnz before  116964 <-> 100.00 % , nnz after  116964 <-> 100.00 %
TIDE square took      0.01 usr cpu s       0.05 sys cpu s       0.01 wall s
INDE NNZ Xsq = 116964 <-> 100.00 %
TIDE Frobenius norm of X-X^2 took      0.00 usr cpu s       0.00 sys cpu s       0.00 wall s
TIDE Mixed norm of X-X^2 took      0.00 usr cpu s       0.02 sys cpu s       0.00 wall s
TIDE Trace of X-X^2 took      0.00 usr cpu s       0.00 sys cpu s       0.00 wall s
INDE ||X-X^2||_F = 2.741270e+00 , ||X-X^2||_mixed = 1.619469e+00
INDE trace(X-X^2) = 3.724939e+01
INDE trace(X) = 1.089121e+02
INDE Checking stopping criterion...   
INDE Order of convergence cannot be computed
TIDE stopping_criterion took      0.00 usr cpu s       0.00 sys cpu s       0.00 wall s
TIDE Iteration 16 took      0.01 usr cpu s       0.08 sys cpu s       0.01 wall s
INDE     ITERATION 17 :
TIDE purify_X took      0.00 usr cpu s       0.00 sys cpu s       0.00 wall s
TIDE truncate_matrix took      0.00 usr cpu s       0.00 sys cpu s       0.00 wall s
INDE Actual introduced error   0.000000e+00 : nnz before  116964 <-> 100.00 % , nnz after  116964 <-> 100.00 %
TIDE square took      0.02 usr cpu s       0.03 sys cpu s       0.01 wall s
INDE NNZ Xsq = 116964 <-> 100.00 %
TIDE Frobenius norm of X-X^2 took      0.00 usr cpu s       0.00 sys cpu s       0.00 wall s
TIDE Mixed norm of X-X^2 took      0.00 usr cpu s       0.02 sys cpu s       0.00 wall s
TIDE Trace of X-X^2 took      0.00 usr cpu s       0.00 sys cpu s       0.00 wall s
INDE ||X-X^2||_F = 2.196865e+00 , ||X-X^2||_mixed = 1.348214e+00
INDE trace(X-X^2) = 2.633765e+01
INDE trace(X) = 7.166272e+01
INDE Checking stopping criterion...   
INDE Order of convergence cannot be computed
TIDE stopping_criterion took      0.00 usr cpu s       0.00 sys cpu s       0.00 wall s
TIDE Iteration 17 took      0.02 usr cpu s       0.06 sys cpu s       0.01 wall s
INDE     ITERATION 18 :
TIDE purify_X took      0.00 usr cpu s       0.00 sys cpu s       0.00 wall s
TIDE truncate_matrix took      0.00 usr cpu s       0.00 sys cpu s       0.00 wall s
INDE Actual introduced error   0.000000e+00 : nnz before  116964 <-> 100.00 % , nnz after  116964 <-> 100.00 %
TIDE square took      0.01 usr cpu s       0.04 sys cpu s       0.01 wall s
INDE NNZ Xsq = 116964 <-> 100.00 %
TIDE Frobenius norm of X-X^2 took      0.00 usr cpu s       0.00 sys cpu s       0.00 wall s
TIDE Mixed norm of X-X^2 took      0.00 usr cpu s       0.02 sys cpu s       0.00 wall s
TIDE Trace of X-X^2 took      0.00 usr cpu s       0.00 sys cpu s       0.00 wall s
INDE ||X-X^2||_F = 1.503683e+00 , ||X-X^2||_mixed = 1.049196e+00
INDE trace(X-X^2) = 1.465037e+01
INDE trace(X) = 4.532507e+01
INDE Checking stopping criterion...   
INDE Order of convergence cannot be computed
TIDE stopping_criterion took      0.00 usr cpu s       0.00 sys cpu s       0.00 wall s
TIDE Iteration 18 took      0.02 usr cpu s       0.07 sys cpu s       0.01 wall s
INDE     ITERATION 19 :
TIDE purify_X took      0.00 usr cpu s       0.00 sys cpu s       0.00 wall s
TIDE truncate_matrix took      0.00 usr cpu s       0.00 sys cpu s       0.00 wall s
INDE Actual introduced error   0.000000e+00 : nnz before  116964 <-> 100.00 % , nnz after  116964 <-> 100.00 %
TIDE square took      0.01 usr cpu s       0.04 sys cpu s       0.01 wall s
INDE NNZ Xsq = 116964 <-> 100.00 %
TIDE Frobenius norm of X-X^2 took      0.00 usr cpu s       0.00 sys cpu s       0.00 wall s
TIDE Mixed norm of X-X^2 took      0.01 usr cpu s       0.01 sys cpu s       0.00 wall s
TIDE Trace of X-X^2 took      0.00 usr cpu s       0.00 sys cpu s       0.00 wall s
INDE ||X-X^2||_F = 1.606130e+00 , ||X-X^2||_mixed = 1.077411e+00
INDE trace(X-X^2) = 1.666798e+01
INDE trace(X) = 5.997544e+01
INDE Checking stopping criterion...   
INDE Order of convergence cannot be computed
TIDE stopping_criterion took      0.00 usr cpu s       0.00 sys cpu s       0.00 wall s
TIDE Iteration 19 took      0.03 usr cpu s       0.06 sys cpu s       0.01 wall s
INDE     ITERATION 20 :
TIDE purify_X took      0.00 usr cpu s       0.00 sys cpu s       0.00 wall s
TIDE truncate_matrix took      0.00 usr cpu s       0.00 sys cpu s       0.00 wall s
INDE Actual introduced error   0.000000e+00 : nnz before  116964 <-> 100.00 % , nnz after  116964 <-> 100.00 %
TIDE square took      0.02 usr cpu s       0.04 sys cpu s       0.01 wall s
INDE NNZ Xsq = 116964 <-> 100.00 %
TIDE Frobenius norm of X-X^2 took      0.00 usr cpu s       0.00 sys cpu s       0.00 wall s
TIDE Mixed norm of X-X^2 took      0.01 usr cpu s       0.01 sys cpu s       0.00 wall s
TIDE Trace of X-X^2 took      0.00 usr cpu s       0.00 sys cpu s       0.00 wall s
INDE ||X-X^2||_F = 1.109686e+00 , ||X-X^2||_mixed = 8.472639e-01
INDE trace(X-X^2) = 8.649392e+00
INDE trace(X) = 4.330745e+01
INDE Checking stopping criterion...   
INDE Order of convergence cannot be computed
TIDE stopping_criterion took      0.00 usr cpu s       0.00 sys cpu s       0.00 wall s
TIDE Iteration 20 took      0.03 usr cpu s       0.06 sys cpu s       0.01 wall s
INDE     ITERATION 21 :
TIDE purify_X took      0.00 usr cpu s       0.00 sys cpu s       0.00 wall s
TIDE truncate_matrix took      0.00 usr cpu s       0.00 sys cpu s       0.00 wall s
INDE Actual introduced error   0.000000e+00 : nnz before  116964 <-> 100.00 % , nnz after  116964 <-> 100.00 %
TIDE square took      0.03 usr cpu s       0.03 sys cpu s       0.01 wall s
INDE NNZ Xsq = 116964 <-> 100.00 %
TIDE Frobenius norm of X-X^2 took      0.00 usr cpu s       0.00 sys cpu s       0.00 wall s
TIDE Mixed norm of X-X^2 took      0.01 usr cpu s       0.01 sys cpu s       0.00 wall s
TIDE Trace of X-X^2 took      0.00 usr cpu s       0.00 sys cpu s       0.00 wall s
INDE ||X-X^2||_F = 9.693982e-01 , ||X-X^2||_mixed = 7.162042e-01
INDE trace(X-X^2) = 8.394706e+00
INDE trace(X) = 5.195684e+01
INDE Checking stopping criterion...   
INDE Order of convergence cannot be computed
TIDE stopping_criterion took      0.00 usr cpu s       0.00 sys cpu s       0.00 wall s
TIDE Iteration 21 took      0.04 usr cpu s       0.04 sys cpu s       0.01 wall s
INDE     ITERATION 22 :
TIDE purify_X took      0.00 usr cpu s       0.00 sys cpu s       0.00 wall s
TIDE truncate_matrix took      0.00 usr cpu s       0.00 sys cpu s       0.00 wall s
INDE Actual introduced error   0.000000e+00 : nnz before  116964 <-> 100.00 % , nnz after  116964 <-> 100.00 %
TIDE square took      0.02 usr cpu s       0.03 sys cpu s       0.01 wall s
INDE NNZ Xsq = 116964 <-> 100.00 %
TIDE Frobenius norm of X-X^2 took      0.00 usr cpu s       0.00 sys cpu s       0.00 wall s
TIDE Mixed norm of X-X^2 took      0.00 usr cpu s       0.02 sys cpu s       0.00 wall s
TIDE Trace of X-X^2 took      0.00 usr cpu s       0.00 sys cpu s       0.00 wall s
INDE ||X-X^2||_F = 1.308111e+00 , ||X-X^2||_mixed = 9.750800e-01
INDE trace(X-X^2) = 1.060329e+01
INDE trace(X) = 6.035155e+01
INDE Checking stopping criterion...   
INDE Order of convergence cannot be computed
TIDE stopping_criterion took      0.00 usr cpu s       0.00 sys cpu s       0.00 wall s
TIDE Iteration 22 took      0.03 usr cpu s       0.05 sys cpu s       0.01 wall s
INDE     ITERATION 23 :
TIDE purify_X took      0.00 usr cpu s       0.00 sys cpu s       0.00 wall s
TIDE truncate_matrix took      0.00 usr cpu s       0.00 sys cpu s       0.00 wall s
INDE Actual introduced error   0.000000e+00 : nnz before  116964 <-> 100.00 % , nnz after  116964 <-> 100.00 %
TIDE square took      0.02 usr cpu s       0.04 sys cpu s       0.01 wall s
INDE NNZ Xsq = 116964 <-> 100.00 %
TIDE Frobenius norm of X-X^2 took      0.00 usr cpu s       0.00 sys cpu s       0.00 wall s
TIDE Mixed norm of X-X^2 took      0.00 usr cpu s       0.02 sys cpu s       0.00 wall s
TIDE Trace of X-X^2 took      0.00 usr cpu s       0.00 sys cpu s       0.00 wall s
INDE ||X-X^2||_F = 5.528634e-01 , ||X-X^2||_mixed = 4.415042e-01
INDE trace(X-X^2) = 3.713717e+00
INDE trace(X) = 4.974826e+01
INDE Checking stopping criterion...   
INDE e_i =4.415042e-01, C*e_{i-1}^q = 3.532779e+00
INDE Order of convergence = 8.230422, stop = 0
TIDE stopping_criterion took      0.00 usr cpu s       0.00 sys cpu s       0.00 wall s
TIDE Iteration 23 took      0.02 usr cpu s       0.06 sys cpu s       0.01 wall s
INDE     ITERATION 24 :
TIDE purify_X took      0.00 usr cpu s       0.00 sys cpu s       0.00 wall s
TIDE truncate_matrix took      0.00 usr cpu s       0.00 sys cpu s       0.00 wall s
INDE Actual introduced error   0.000000e+00 : nnz before  116964 <-> 100.00 % , nnz after  116964 <-> 100.00 %
TIDE square took      0.02 usr cpu s       0.03 sys cpu s       0.01 wall s
INDE NNZ Xsq = 116964 <-> 100.00 %
TIDE Frobenius norm of X-X^2 took      0.00 usr cpu s       0.00 sys cpu s       0.00 wall s
TIDE Mixed norm of X-X^2 took      0.00 usr cpu s       0.02 sys cpu s       0.00 wall s
TIDE Trace of X-X^2 took      0.00 usr cpu s       0.00 sys cpu s       0.00 wall s
INDE ||X-X^2||_F = 3.562234e-01 , ||X-X^2||_mixed = 3.225739e-01
INDE trace(X-X^2) = 1.459657e+00
INDE trace(X) = 4.603454e+01
INDE Checking stopping criterion...   
INDE Order of convergence cannot be computed
TIDE stopping_criterion took      0.00 usr cpu s       0.00 sys cpu s       0.00 wall s
TIDE Iteration 24 took      0.03 usr cpu s       0.05 sys cpu s       0.01 wall s
INDE     ITERATION 25 :
TIDE purify_X took      0.00 usr cpu s       0.00 sys cpu s       0.00 wall s
TIDE truncate_matrix took      0.00 usr cpu s       0.00 sys cpu s       0.00 wall s
INDE Actual introduced error   0.000000e+00 : nnz before  116964 <-> 100.00 % , nnz after  116964 <-> 100.00 %
TIDE square took      0.01 usr cpu s       0.04 sys cpu s       0.01 wall s
INDE NNZ Xsq = 116964 <-> 100.00 %
TIDE Frobenius norm of X-X^2 took      0.00 usr cpu s       0.00 sys cpu s       0.00 wall s
TIDE Mixed norm of X-X^2 took      0.00 usr cpu s       0.01 sys cpu s       0.00 wall s
TIDE Trace of X-X^2 took      0.00 usr cpu s       0.00 sys cpu s       0.00 wall s
INDE ||X-X^2||_F = 1.792361e-01 , ||X-X^2||_mixed = 1.540900e-01
INDE trace(X-X^2) = 8.442841e-01
INDE trace(X) = 4.749420e+01
INDE Checking stopping criterion...   
INDE e_i =1.540900e-01, C*e_{i-1}^q = 1.342494e+00
INDE Order of convergence = 4.647790, stop = 0
TIDE stopping_criterion took      0.00 usr cpu s       0.00 sys cpu s       0.00 wall s
TIDE Iteration 25 took      0.02 usr cpu s       0.06 sys cpu s       0.01 wall s
INDE     ITERATION 26 :
TIDE purify_X took      0.00 usr cpu s       0.00 sys cpu s       0.00 wall s
TIDE truncate_matrix took      0.00 usr cpu s       0.00 sys cpu s       0.00 wall s
INDE Actual introduced error   0.000000e+00 : nnz before  116964 <-> 100.00 % , nnz after  116964 <-> 100.00 %
TIDE square took      0.01 usr cpu s       0.05 sys cpu s       0.01 wall s
INDE NNZ Xsq = 116964 <-> 100.00 %
TIDE Frobenius norm of X-X^2 took      0.00 usr cpu s       0.00 sys cpu s       0.00 wall s
TIDE Mixed norm of X-X^2 took      0.00 usr cpu s       0.02 sys cpu s       0.00 wall s
TIDE Trace of X-X^2 took      0.00 usr cpu s       0.00 sys cpu s       0.00 wall s
INDE ||X-X^2||_F = 2.835668e-01 , ||X-X^2||_mixed = 2.369004e-01
INDE trace(X-X^2) = 1.260273e+00
INDE trace(X) = 4.833848e+01
INDE Checking stopping criterion...   
INDE Order of convergence cannot be computed
TIDE stopping_criterion took      0.00 usr cpu s       0.00 sys cpu s       0.00 wall s
TIDE Iteration 26 took      0.02 usr cpu s       0.07 sys cpu s       0.01 wall s
INDE     ITERATION 27 :
TIDE purify_X took      0.00 usr cpu s       0.00 sys cpu s       0.00 wall s
TIDE truncate_matrix took      0.00 usr cpu s       0.00 sys cpu s       0.00 wall s
INDE Actual introduced error   0.000000e+00 : nnz before  116964 <-> 100.00 % , nnz after  116964 <-> 100.00 %
TIDE square took      0.00 usr cpu s       0.05 sys cpu s       0.01 wall s
INDE NNZ Xsq = 116964 <-> 100.00 %
TIDE Frobenius norm of X-X^2 took      0.00 usr cpu s       0.00 sys cpu s       0.00 wall s
TIDE Mixed norm of X-X^2 took      0.01 usr cpu s       0.01 sys cpu s       0.00 wall s
TIDE Trace of X-X^2 took      0.00 usr cpu s       0.00 sys cpu s       0.00 wall s
INDE ||X-X^2||_F = 3.436156e-02 , ||X-X^2||_mixed = 2.955834e-02
INDE trace(X-X^2) = 1.172637e-01
INDE trace(X) = 4.707821e+01
INDE Checking stopping criterion...   
INDE e_i =2.955834e-02, C*e_{i-1}^q = 1.635278e-01
INDE Order of convergence = 2.914662, stop = 0
TIDE stopping_criterion took      0.00 usr cpu s       0.00 sys cpu s       0.00 wall s
TIDE Iteration 27 took      0.02 usr cpu s       0.07 sys cpu s       0.01 wall s
INDE     ITERATION 28 :
TIDE purify_X took      0.00 usr cpu s       0.00 sys cpu s       0.00 wall s
TIDE truncate_matrix took      0.00 usr cpu s       0.00 sys cpu s       0.00 wall s
INDE Actual introduced error   0.000000e+00 : nnz before  116964 <-> 100.00 % , nnz after  116964 <-> 100.00 %
TIDE square took      0.01 usr cpu s       0.04 sys cpu s       0.01 wall s
INDE NNZ Xsq = 116964 <-> 100.00 %
TIDE Frobenius norm of X-X^2 took      0.00 usr cpu s       0.00 sys cpu s       0.00 wall s
TIDE Mixed norm of X-X^2 took      0.00 usr cpu s       0.01 sys cpu s       0.00 wall s
TIDE Trace of X-X^2 took      0.00 usr cpu s       0.00 sys cpu s       0.00 wall s
INDE ||X-X^2||_F = 2.688051e-02 , ||X-X^2||_mixed = 2.660280e-02
INDE trace(X-X^2) = 4.034576e-02
INDE trace(X) = 4.696094e+01
INDE Checking stopping criterion...   
INDE Order of convergence cannot be computed
TIDE stopping_criterion took      0.00 usr cpu s       0.00 sys cpu s       0.00 wall s
TIDE Iteration 28 took      0.02 usr cpu s       0.06 sys cpu s       0.01 wall s
INDE     ITERATION 29 :
TIDE purify_X took      0.00 usr cpu s       0.00 sys cpu s       0.00 wall s
TIDE truncate_matrix took      0.00 usr cpu s       0.00 sys cpu s       0.00 wall s
INDE Actual introduced error   0.000000e+00 : nnz before  116964 <-> 100.00 % , nnz after  116964 <-> 100.00 %
TIDE square took      0.01 usr cpu s       0.05 sys cpu s       0.01 wall s
INDE NNZ Xsq = 116964 <-> 100.00 %
TIDE Frobenius norm of X-X^2 took      0.00 usr cpu s       0.00 sys cpu s       0.00 wall s
TIDE Mixed norm of X-X^2 took      0.00 usr cpu s       0.01 sys cpu s       0.00 wall s
TIDE Trace of X-X^2 took      0.00 usr cpu s       0.00 sys cpu s       0.00 wall s
INDE ||X-X^2||_F = 1.059326e-03 , ||X-X^2||_mixed = 9.560582e-04
INDE trace(X-X^2) = 2.794460e-03
INDE trace(X) = 4.700129e+01
INDE Checking stopping criterion...   
INDE e_i =9.560582e-04, C*e_{i-1}^q = 6.017316e-03
INDE Order of convergence = 2.522401, stop = 0
TIDE stopping_criterion took      0.00 usr cpu s       0.00 sys cpu s       0.00 wall s
TIDE Iteration 29 took      0.01 usr cpu s       0.07 sys cpu s       0.01 wall s
INDE     ITERATION 30 :
TIDE purify_X took      0.00 usr cpu s       0.00 sys cpu s       0.00 wall s
TIDE truncate_matrix took      0.00 usr cpu s       0.00 sys cpu s       0.00 wall s
INDE Actual introduced error   0.000000e+00 : nnz before  116964 <-> 100.00 % , nnz after  116964 <-> 100.00 %
TIDE square took      0.02 usr cpu s       0.05 sys cpu s       0.01 wall s
INDE NNZ Xsq = 116964 <-> 100.00 %
TIDE Frobenius norm of X-X^2 took      0.00 usr cpu s       0.00 sys cpu s       0.00 wall s
TIDE Mixed norm of X-X^2 took      0.00 usr cpu s       0.01 sys cpu s       0.00 wall s
TIDE Trace of X-X^2 took      0.00 usr cpu s       0.00 sys cpu s       0.00 wall s
INDE ||X-X^2||_F = 1.121194e-03 , ||X-X^2||_mixed = 1.113535e-03
INDE trace(X-X^2) = 1.504135e-03
INDE trace(X) = 4.699850e+01
INDE Checking stopping criterion...   
INDE e_i =1.113535e-03, C*e_{i-1}^q = 4.874132e-03
INDE Order of convergence = 2.407088, stop = 0
TIDE stopping_criterion took      0.00 usr cpu s       0.00 sys cpu s       0.00 wall s
TIDE Iteration 30 took      0.03 usr cpu s       0.06 sys cpu s       0.01 wall s
INDE     ITERATION 31 :
TIDE purify_X took      0.00 usr cpu s       0.00 sys cpu s       0.00 wall s
TIDE truncate_matrix took      0.00 usr cpu s       0.00 sys cpu s       0.00 wall s
INDE Actual introduced error   0.000000e+00 : nnz before  116964 <-> 100.00 % , nnz after  116964 <-> 100.00 %
TIDE square took      0.01 usr cpu s       0.05 sys cpu s       0.01 wall s
INDE NNZ Xsq = 116964 <-> 100.00 %
TIDE Frobenius norm of X-X^2 took      0.00 usr cpu s       0.00 sys cpu s       0.00 wall s
TIDE Mixed norm of X-X^2 took      0.01 usr cpu s       0.01 sys cpu s       0.00 wall s
TIDE Trace of X-X^2 took      0.00 usr cpu s       0.00 sys cpu s       0.00 wall s
INDE ||X-X^2||_F = 1.409092e-06 , ||X-X^2||_mixed = 1.349041e-06
INDE trace(X-X^2) = 2.875929e-06
INDE trace(X) = 4.700000e+01
INDE Checking stopping criterion...   
INDE e_i =1.349041e-06, C*e_{i-1}^q = 6.295227e-06
INDE Order of convergence = 2.221554, stop = 0
TIDE stopping_criterion took      0.00 usr cpu s       0.00 sys cpu s       0.00 wall s
TIDE Iteration 31 took      0.02 usr cpu s       0.06 sys cpu s       0.01 wall s
INDE     ITERATION 32 :
TIDE purify_X took      0.00 usr cpu s       0.00 sys cpu s       0.00 wall s
TIDE truncate_matrix took      0.00 usr cpu s       0.00 sys cpu s       0.00 wall s
INDE Actual introduced error   0.000000e+00 : nnz before  116964 <-> 100.00 % , nnz after  116964 <-> 100.00 %
TIDE square took      0.02 usr cpu s       0.03 sys cpu s       0.01 wall s
INDE NNZ Xsq = 116964 <-> 100.00 %
TIDE Frobenius norm of X-X^2 took      0.00 usr cpu s       0.00 sys cpu s       0.00 wall s
TIDE Mixed norm of X-X^2 took      0.00 usr cpu s       0.01 sys cpu s       0.00 wall s
TIDE Trace of X-X^2 took      0.00 usr cpu s       0.00 sys cpu s       0.00 wall s
INDE ||X-X^2||_F = 1.895243e-06 , ||X-X^2||_mixed = 1.767995e-06
INDE trace(X-X^2) = 3.233139e-06
INDE trace(X) = 4.700000e+01
INDE Checking stopping criterion...   
INDE Order of convergence cannot be computed
TIDE stopping_criterion took      0.00 usr cpu s       0.00 sys cpu s       0.00 wall s
TIDE Iteration 32 took      0.03 usr cpu s       0.05 sys cpu s       0.01 wall s
INDE     ITERATION 33 :
TIDE purify_X took      0.00 usr cpu s       0.00 sys cpu s       0.00 wall s
TIDE truncate_matrix took      0.00 usr cpu s       0.00 sys cpu s       0.00 wall s
INDE Actual introduced error   0.000000e+00 : nnz before  116964 <-> 100.00 % , nnz after  116964 <-> 100.00 %
TIDE square took      0.01 usr cpu s       0.05 sys cpu s       0.01 wall s
INDE NNZ Xsq = 116964 <-> 100.00 %
TIDE Frobenius norm of X-X^2 took      0.00 usr cpu s       0.00 sys cpu s       0.00 wall s
TIDE Mixed norm of X-X^2 took      0.00 usr cpu s       0.01 sys cpu s       0.00 wall s
TIDE Trace of X-X^2 took      0.00 usr cpu s       0.00 sys cpu s       0.00 wall s
INDE ||X-X^2||_F = 3.471522e-12 , ||X-X^2||_mixed = 3.388645e-12
INDE trace(X-X^2) = 5.769607e-12
INDE trace(X) = 4.700000e+01
INDE Checking stopping criterion...   
INDE e_i =3.388645e-12, C*e_{i-1}^q = 1.253409e-11
INDE Order of convergence = 2.096775, stop = 0
TIDE stopping_criterion took      0.00 usr cpu s       0.00 sys cpu s       0.00 wall s
TIDE Iteration 33 took      0.01 usr cpu s       0.07 sys cpu s       0.01 wall s
INDE     ITERATION 34 :
TIDE purify_X took      0.00 usr cpu s       0.00 sys cpu s       0.00 wall s
TIDE truncate_matrix took      0.00 usr cpu s       0.00 sys cpu s       0.00 wall s
INDE Actual introduced error   0.000000e+00 : nnz before  116964 <-> 100.00 % , nnz after  116964 <-> 100.00 %
TIDE square took      0.01 usr cpu s       0.04 sys cpu s       0.01 wall s
INDE NNZ Xsq = 116964 <-> 100.00 %
TIDE Frobenius norm of X-X^2 took      0.00 usr cpu s       0.00 sys cpu s       0.00 wall s
TIDE Mixed norm of X-X^2 took      0.00 usr cpu s       0.01 sys cpu s       0.00 wall s
TIDE Trace of X-X^2 took      0.00 usr cpu s       0.00 sys cpu s       0.00 wall s
INDE ||X-X^2||_F = 4.115558e-12 , ||X-X^2||_mixed = 4.115320e-12
INDE trace(X-X^2) = 4.334311e-12
INDE trace(X) = 4.700000e+01
INDE Checking stopping criterion...   
INDE Order of convergence cannot be computed
TIDE stopping_criterion took      0.00 usr cpu s       0.00 sys cpu s       0.00 wall s
TIDE Iteration 34 took      0.02 usr cpu s       0.06 sys cpu s       0.01 wall s
INDE     ITERATION 35 :
TIDE purify_X took      0.00 usr cpu s       0.00 sys cpu s       0.00 wall s
TIDE truncate_matrix took      0.00 usr cpu s       0.00 sys cpu s       0.00 wall s
INDE Actual introduced error   0.000000e+00 : nnz before  116964 <-> 100.00 % , nnz after  116964 <-> 100.00 %
TIDE square took      0.02 usr cpu s       0.04 sys cpu s       0.01 wall s
INDE NNZ Xsq = 116964 <-> 100.00 %
TIDE Frobenius norm of X-X^2 took      0.00 usr cpu s       0.00 sys cpu s       0.00 wall s
TIDE Mixed norm of X-X^2 took      0.00 usr cpu s       0.00 sys cpu s       0.00 wall s
TIDE Trace of X-X^2 took      0.00 usr cpu s       0.00 sys cpu s       0.00 wall s
INDE ||X-X^2||_F = 2.258187e-15 , ||X-X^2||_mixed = 0.000000e+00
INDE trace(X-X^2) = 0.000000e+00
INDE trace(X) = 4.700000e+01
INDE Checking stopping criterion...   
INDE ************************************************************************************************************
INDE The norm value went much below machine precision, therefore we stop here since n_max can be underestimated.
INDE ************************************************************************************************************
INDE e_i =0.000000e+00, C*e_{i-1}^q = 7.908511e-23
INDE Order of convergence = inf, stop = 1
TIDE stopping_criterion took      0.00 usr cpu s       0.00 sys cpu s       0.00 wall s
INDE PURIFICATION CONVERGED after 35 iterations
TIDE Iteration 35 took      0.02 usr cpu s       0.05 sys cpu s       0.01 wall s
INDE Number of non-zeros in D is  116964 <-> 100.00 %
TIDE FileWritable::writeAndReadAll took      0.00 usr cpu s       0.00 sys cpu s       0.00 wall s
INDE writeAndReadAll sizesStr: '0 MB (1 MatrixGeneral, 0 > 1 MB) + 0 MB (13 MatrixSymmetric, 0 > 1 MB) + 0 MB (2 VectorGeneral, 0 > 1 MB) = 0 MB (16 total, 0 > 1 MB)
INDE TOTAL accumulated subspace error is 0.000000e+00
INDE TOTAL X square time: 0.255044 wall s
INDE TOTAL X trunction time: 0.009639 wall s
INDE TOTAL X purify (exl. X^2 computation) time: 0.009608 wall s
INDE TOTAL time to get number of non-zero elements: 0.003862 wall s
INDE TOTAL time to get mixed norm: 0.086257 wall s
INDE TOTAL time to get Frobenius norm: 0.010303 wall s
INDE TOTAL time for stopping criterion: 0.004906 wall s
INDE TOTAL time to get matrix trace: 0.001989 wall s
INDE Estimated bounds for the eigenvalues for the Fock matrix:
INDE LUMO: [ 0.035550619025 , 0.056524651617 ]
INDE HOMO: [ -0.357271204664 , -0.348175744459 ]
TIDE eigenvalue_bounds_estimation() took      0.00 usr cpu s       0.00 sys cpu s       0.00 wall s
TIDE Recursive expansion took      0.95 usr cpu s       2.63 sys cpu s       0.47 wall s
TIDE Puri->PurificationStart() took      0.95 usr cpu s       2.63 sys cpu s       0.47 wall s
TIDE Accumulated wall times for writeToFile in PurificationStart()          : 0 s (MatrixGeneral) + 2.9e-06 s (MatrixSymmetric) + 0.00013 s (VectorGeneral) = 0.00013 s
TIDE Accumulated wall times for readFromFile in PurificationStart()         : 0 s (MatrixGeneral) + 2.9e-06 s (MatrixSymmetric) + 6.7e-05 s (VectorGeneral) = 6.9e-05 s
TIDE Accumulated wall times for copy and assign in PurificationStart()      : 1.9e-06 s (MatrixSymmetric) + 5.9e-05 s (VectorGeneral) = 6.1e-05 s
INDE Number of calls to writeToFile in PurificationStart()                  : 2 (MatrixGeneral) + 27 (MatrixSymmetric) + 1499 (VectorGeneral) = 1528 
INDE Number of calls to readFromFile in PurificationStart()                 : 2 (MatrixGeneral) + 26 (MatrixSymmetric) + 598 (VectorGeneral) = 626 
INDE Number of calls to FileWritable copy and assign in PurificationStart() : 2 (MatrixSymmetric) + 37 (VectorGeneral) = 39 
TIDE mat::Gblas::time after purification :     2.226165
INDE Created .m files with results of the purification
INDE Purification converged OK, subspaceError <=          0.00000000000
INDE E(LUMO) - E(HOMO) >=          0.38372636348 =         10.44172633942 eV
INDE E(LUMO) - E(HOMO) <=          0.41379585628 =         11.25995892607 eV
INDE HOMO interval : [   -0.357271204664   -0.348175744459 ]
INDE LUMO interval : [    0.035550619025    0.056524651617 ]
INDE Trace of resulting density matrix is         47.00000000000, error is   0.00000000000000.
INDE Truncated D_ort ( mixed ), selected threshold = 9.99999e-08, returned error =          0, nnz before = 116964 <-> 100.0000 %, nnz after = 116964 <-> 100.0000 %
TIDE FileWritable::writeAndReadAll took      0.00 usr cpu s       0.00 sys cpu s       0.00 wall s
INDE writeAndReadAll sizesStr: '0 MB (1 MatrixGeneral, 0 > 1 MB) + 0 MB (12 MatrixSymmetric, 0 > 1 MB) + 0 MB (1 MatrixTriangular, 0 > 1 MB) = 0 MB (14 total, 0 > 1 MB)
TIDE D_w to non-orthogonal basis took      0.01 usr cpu s       0.04 sys cpu s       0.01 wall s
INDE Truncated D_S (eucl with Z), selected threshold = 9.99999e-08, returned error =          0, nnz before = 100.0000 %, nnz after = 100.0000 %
INDE get_dens_from_fock_sparse ending OK
TIDE get_dens_from_fock_sparse took      1.24 usr cpu s       3.86 sys cpu s       0.68 wall s
ERDE get_dens_from_fock  (GetDensFromFock class) : purification finished OK.
TIDE get_dens_from_fock took      1.24 usr cpu s       3.86 sys cpu s       0.68 wall s
INSC Matrix 'new density matrix' ( symm ): n =    342, nnz =       116964 <-> 100.00 %, mem usage  0.0005 G
INSC Tr( D * S ) =         93.99999999996
TISC get_new_density_matrix took      1.24 usr cpu s       3.86 sys cpu s       0.68 wall s
INSC SCF_restricted::report_density_difference, diff_eucl =          0.00553797815
TISC SCF_restricted::report_density_difference took      0.02 usr cpu s       0.09 sys cpu s       0.02 wall s
INMA ddf_writeShellListAndDensityMatricesToFile_sparse, n =    342, densityMatrixList[0].nvalues =       58653
INMA opened temporary file 'density.bin.VpZ5Yh' for writing
INMA Choosing matrixStorageType = MATRIX_STORAGE_TYPE_TRIANGLE.
INMA fileSize =          560392 bytes =      0.560 MegaBytes
INMA renamed file 'density.bin.VpZ5Yh' to 'density.bin'
INMA ddf_writeShellListAndDensityMatricesToFile_sparse freeing buffer.
INMA ddf_writeShellListAndDensityMatricesToFile_sparse returning OK.
TISC write_density_to_file took      0.01 usr cpu s       0.05 sys cpu s       0.01 wall s
INSC Creating mtx file for Fock matrix
INSC Creating mtx file for density matrix
INSC SCF cycle   7 finished.
TISC SCF cycle   7 took   1164.56 usr cpu s       6.01 sys cpu s     179.83 wall s
INSC Beginning of SCF cycle 8:  Thu Mar 26 20:30:22 2026
INDE compute_J_by_boxes_sparse() start.
TIDE FileWritable::writeAndReadAll took      0.00 usr cpu s       0.00 sys cpu s       0.00 wall s
INDE writeAndReadAll: '0 MB (1 MatrixGeneral, 0 > 1 MB) + 0 MB (11 MatrixSymmetric, 0 > 1 MB) = 0 MB (12 total, 0 > 1 MB)
IN   compute_J_by_boxes_sparse, maxDensityMatrixElement =         22.35624648010
ININ get_basis_func_pair_list, n =    342
ININ create_box_system end OK, toplevelBoxSize:   7.0, #levels:  3, #boxes at top level:      6
TIIN get_basis_func_pair_list_2el took      0.16 usr cpu s       0.00 sys cpu s       0.16 wall s
IN   compute_J_by_boxes_sparse: noOfBasisFuncIndexPairs = 54626 ==> storing  46.70 % of a full matrix
ININ entering compute_J_by_boxes_linear, no of basis funcs =   342, threshold_J =   1e-16
ININ use_fmm = 1, fmm_box_size =   5.00
TIIN Compute extent for all distrs took      0.50 usr cpu s       0.00 sys cpu s       0.50 wall s
ININ extent_min =    0.000, extent_max =   22.744
ININ Creating list of distributions etc done, distrCount =    388104
TIIN Creating list of distributions etc took      0.73 usr cpu s       0.00 sys cpu s       0.73 wall s
ININ create_box_system end OK, toplevelBoxSize:   5.0, #levels:  3, #boxes at top level:     10
TIIN Creating boxes took      0.04 usr cpu s       0.00 sys cpu s       0.04 wall s
ININ noOfBranches = 6, splitters:  20.00 10.00  5.00  2.50  0.00
ININ J org done, groupCount =    16614
TIIN J org took      1.68 usr cpu s       0.00 sys cpu s       1.68 wall s
TIIN Generate group multipoles took      0.71 usr cpu s       0.00 sys cpu s       0.71 wall s
ININ totChargeWholeSystem =          0.00000000000
ININ Generating multipole for each branch at top level, MAX_MULTIPOLE_DEGREE = 15
TIIN Translate multipoles (step 1) took      0.47 usr cpu s       0.00 sys cpu s       0.47 wall s
TIIN Translate multipoles (step 2) took      0.10 usr cpu s       0.00 sys cpu s       0.10 wall s
ININ job lists for J created OK, noOfJobs_J_standard =     1733, noOfJobs_J_multipole =      193
TIIN Creating job lists for J took      0.00 usr cpu s       0.00 sys cpu s       0.00 wall s
ININ execute_joblist_J_std_threaded, noOfThreads =  8
ININ 8 threads started OK.
ININ all 8 threads have finished.
TIIN execute_joblist_J_std_threaded took    276.00 usr cpu s       0.14 sys cpu s      42.60 wall s
TIIN sort_list_of_multipole_jobs init part took      0.00 usr cpu s       0.00 sys cpu s       0.00 wall s
TIIN sort_list_of_multipole_jobs complete took      0.00 usr cpu s       0.00 sys cpu s       0.00 wall s
TIIN sort_list_of_multipole_jobs took      0.00 usr cpu s       0.00 sys cpu s       0.00 wall s
ININ execute_joblist_J_fmm_shared: Allocating multipoleList_4, maxnoOfMinimalDistrsPerBoxBranch =     63209
ININ execute_joblist_J_fmm_shared: jobIndexLo =            0, jobIndexHi =           24
ININ execute_joblist_J_fmm_shared: Allocating multipoleList_4, maxnoOfMinimalDistrsPerBoxBranch =     63209
ININ execute_joblist_J_fmm_shared: Allocating multipoleList_4, maxnoOfMinimalDistrsPerBoxBranch =     63209
ININ execute_joblist_J_fmm_shared: jobIndexLo =           48, jobIndexHi =           72
ININ execute_joblist_J_fmm_shared: jobIndexLo =           24, jobIndexHi =           48
ININ execute_joblist_J_fmm_shared: Allocating multipoleList_4, maxnoOfMinimalDistrsPerBoxBranch =     63209
ININ execute_joblist_J_fmm_shared: jobIndexLo =           72, jobIndexHi =           96
ININ execute_joblist_J_fmm_shared: Allocating multipoleList_4, maxnoOfMinimalDistrsPerBoxBranch =     63209
ININ execute_joblist_J_fmm_shared: jobIndexLo =           96, jobIndexHi =          120
ININ execute_joblist_J_fmm_shared: Allocating multipoleList_4, maxnoOfMinimalDistrsPerBoxBranch =     63209
ININ execute_joblist_J_fmm_shared: jobIndexLo =          120, jobIndexHi =          144
ININ execute_joblist_J_fmm_shared: Allocating multipoleList_4, maxnoOfMinimalDistrsPerBoxBranch =     63209
ININ execute_joblist_J_fmm_shared: jobIndexLo =          144, jobIndexHi =          168
ININ execute_joblist_J_fmm_shared: Allocating multipoleList_4, maxnoOfMinimalDistrsPerBoxBranch =     63209
ININ execute_joblist_J_fmm_shared: jobIndexLo =          168, jobIndexHi =          193
ININ execute_joblist_J_fmm_shared: done!
ININ execute_joblist_J_fmm_shared: done!
ININ execute_joblist_J_fmm_shared: done!
ININ execute_joblist_J_fmm_shared: done!
ININ execute_joblist_J_fmm_shared: done!
ININ execute_joblist_J_fmm_shared: done!
ININ execute_joblist_J_fmm_shared: done!
ININ execute_joblist_J_fmm_shared: done!
ININ multipole job list for J executed, largest L used: 11
TIIN Executing multipole job list for J took      0.63 usr cpu s       0.00 sys cpu s       0.25 wall s
ININ compute_J_by_boxes_linear ending OK.
TIIN compute_J_by_boxes_linear took    280.39 usr cpu s       0.15 sys cpu s      46.61 wall s
TI   compute_J_by_boxes_sparse total took    280.56 usr cpu s       0.15 sys cpu s      46.78 wall s
ININ entering create_CSR_for_K, no of basis funcs =   342, threshold_K =   1e-16
ININ create_box_system end OK, toplevelBoxSize:   7.0, #levels:  3, #boxes at top level:      6
ININ create_box_system end OK, toplevelBoxSize:   7.0, #levels:  3, #boxes at top level:      6
ININ create_box_system end OK, toplevelBoxSize:   7.0, #levels:  3, #boxes at top level:      6
TIIN create_CSR_for_K getting list of distrs took      0.44 usr cpu s       0.00 sys cpu s       0.44 wall s
ININ list of neighbors complete.
TIIN create_CSR_for_K getting list of neighbors took      0.00 usr cpu s       0.00 sys cpu s       0.00 wall s
TIIN create_CSR_for_K sort each list of neighbors took      0.06 usr cpu s       0.00 sys cpu s       0.06 wall s
ININ 8 threads started OK.
TIIN identify_needed_elements() took    697.42 usr cpu s       0.47 sys cpu s      90.33 wall s
ININ computing nnz..
ININ create_CSR_for_K: predicted nnz =        58653, <->  50.15% of a full matrix
TIIN create_CSR_for_K last part took      0.00 usr cpu s       0.00 sys cpu s       0.00 wall s
TIIN create_CSR_for_K total took    697.93 usr cpu s       0.47 sys cpu s      90.85 wall s
ININ entering compute_K_by_boxes, no of basis funcs =   342, threshold_K =   1e-16, exchange_box_size =   5.00
ININ create_box_system end OK, toplevelBoxSize:   7.0, #levels:  3, #boxes at top level:      6
ININ create_box_system end OK, toplevelBoxSize:   7.0, #levels:  3, #boxes at top level:      6
ININ create_box_system end OK, toplevelBoxSize:   7.0, #levels:  3, #boxes at top level:      6
TIIN Compute extent for all distrs took      0.51 usr cpu s       0.00 sys cpu s       0.51 wall s
ININ Creating list of distributions done, distrCountTot =    388104
TIIN Creating list of distributions took      0.78 usr cpu s       0.00 sys cpu s       0.78 wall s
ININ create_box_system end OK, toplevelBoxSize:   5.0, #levels:  3, #boxes at top level:     10
ININ create_box_system end OK, toplevelBoxSize:   2.5, #levels:  4, #boxes at top level:     16
ININ noOfLevelsBasisFuncs = 4, noOfLevelsDiff = 1
TIIN Creating boxes etc took      0.04 usr cpu s       0.00 sys cpu s       0.04 wall s
TIIN getting multipoleNormVectorList took      0.78 usr cpu s       0.00 sys cpu s       0.78 wall s
TIIN K organize_distributions for all boxes took      2.20 usr cpu s       0.00 sys cpu s       2.20 wall s
ININ starting loop to setup basisFuncGroupInfoList, with added index checks.
TIIN GetLimitsAllLevels took      0.34 usr cpu s       0.00 sys cpu s       0.34 wall s
ININ getDmatLimitMatrixCSRList start.
TIIN getting densityMatrixLimitMatrixList took      0.02 usr cpu s       0.00 sys cpu s       0.02 wall s
ININ job list for K created,       55 jobs
TIIN creating job list for K took      0.00 usr cpu s       0.00 sys cpu s       0.00 wall s
ININ execute_joblist_K_threaded, noOfThreads =  8, basisFuncListCount_max =   333
ININ 8 threads started OK.
ININ all 8 threads have finished, took       40 wall s.
TIIN Executing job list for K took    177.59 usr cpu s       0.06 sys cpu s      39.41 wall s
TIIN compute_K_by_boxes took    181.75 usr cpu s       0.06 sys cpu s      43.57 wall s
TI   compute_K_by_boxes_sparse total took    879.71 usr cpu s       0.53 sys cpu s     134.45 wall s
INSC About to truncate FockMatrix, gap of Fprev >=          0.38372636348
TISC symmMatrix::mixed_diff for F vs Fprev maxEigValMovement_mixed took      0.00 usr cpu s       0.00 sys cpu s       0.00 wall s
TISC symmMatrix::eucl_diff for maxEigValMovement_eucl  took      0.05 usr cpu s       0.19 sys cpu s       0.04 wall s
INSC maxEigValMovement_frob  =          0.00037146511
INSC maxEigValMovement_mixed =          0.00026575539
INSC maxEigValMovement_eucl  =          0.00015262360
TISC FockMatrix.eucl_thresh() (with Z) took      0.14 usr cpu s       0.49 sys cpu s       0.10 wall s
INSC Truncated FockMatrix (eucl with Z), selected threshold = 3.83421e-08, returned error =          0, nnz before = 100.0000 %, nnz after = 100.0000 %
INSC Matrix 'S' ( symm ): n =    342, nnz =       116964 <-> 100.00 %, mem usage  0.0005 G
INSC Matrix 'F' ( symm ): n =    342, nnz =       116964 <-> 100.00 %, mem usage  0.0005 G
INSC Matrix 'D' ( symm ): n =    342, nnz =       116964 <-> 100.00 %, mem usage  0.0005 G
INSC nuclearEnergy, energy_2el, energy = 782.160484, 1007.253546, -645.112846
INSC Energy   8 =       -645.11284580159  ( diff     -0.000000041210114 )
INSC calling compute_FDSminusSDF_sparse, n = 342
INDE compute_FDSminusSDF_sparse() start.
TIDE FileWritable::writeAndReadAll took      0.00 usr cpu s       0.00 sys cpu s       0.00 wall s
INDE writeAndReadAll: '0 MB (1 MatrixGeneral, 0 > 1 MB) + 0 MB (9 MatrixSymmetric, 0 > 1 MB) = 0 MB (10 total, 0 > 1 MB)
TISC compute_FDSminusSDF_sparse, F*D mult took      0.03 usr cpu s       0.08 sys cpu s       0.01 wall s
INSC Matrix 'FD before eucl truncation' (normal): n =    342, nnz =       116964 <-> 100.00 %, mem usage  0.0009 G
INSC Matrix 'FD after  eucl truncation' (normal): n =    342, nnz =       116964 <-> 100.00 %, mem usage  0.0009 G
INSC Matrix 'FDS before eucl truncation' (normal): n =    342, nnz =       116964 <-> 100.00 %, mem usage  0.0009 G
INSC Matrix 'FDS after  eucl truncation' (normal): n =    342, nnz =       116964 <-> 100.00 %, mem usage  0.0009 G
INSC compute_FDSminusSDF_sparse ending OK.
TISC compute_FDSminusSDF_sparse took      0.10 usr cpu s       0.29 sys cpu s       0.05 wall s
INSC Matrix 'FDS-SDF' (normal): n =    342, nnz =       116964 <-> 100.00 %, mem usage  0.0009 G
INSC SCF_restricted::get_FDSminusSDF finished.
TISC get_FDSminusSDF took      0.10 usr cpu s       0.29 sys cpu s       0.05 wall s
INSC maxabs FDS-SDF is 3.42e-05
INSC frob   FDS-SDF is 0.000304
TISC get_error_measure took      0.00 usr cpu s       0.01 sys cpu s       0.00 wall s
INSC entering DIISManagerRestricted::AddIterationToList, IterCount =  7
INSC DIISManagerRestricted::AddIterationToList ending OK.
TISC DIISManagerRestricted::AddIterationToList took      0.00 usr cpu s       0.02 sys cpu s       0.00 wall s
INSC using DIIS to get combined Fock matrix, number of iters used for DIIS:  8
TISC clear_error_matrices took      0.00 usr cpu s       0.00 sys cpu s       0.00 wall s
TISC save_current_fock_as_fprev took      0.00 usr cpu s       0.00 sys cpu s       0.00 wall s
INDE get_dens_from_fock_general, n = 342, use_diagonalization = 0, use_diag_on_error = 1
INDE Before writeAndReadAll(): AllocatorManager statistics:  noOfRealsPerBuffer: 1024 noOfBuffers: 20000 list.size(): 1. Allocated: 0.164 GB, Used: 0.0156 GB, Peak alloc: 0.164 GB.
TIDE FileWritable::writeAndReadAll took      0.00 usr cpu s       0.00 sys cpu s       0.00 wall s
INDE writeAndReadAll sizesStr: '0 MB (1 MatrixGeneral, 0 > 1 MB) + 0 MB (7 MatrixSymmetric, 0 > 1 MB) = 0 MB (8 total, 0 > 1 MB)
INDE After writeAndReadAll(): AllocatorManager statistics:  noOfRealsPerBuffer: 1024 noOfBuffers: 20000 list.size(): 1. Allocated: 0.164 GB, Used: 0.0156 GB, Peak alloc: 0.164 GB.
INDE calling get_dens_from_fock_sparse, n =    342, subspaceErrorLimit = 1e-06
INDE get_dens_from_fock_sparse() start!
INDE After F.readFromFile(): AllocatorManager statistics:  noOfRealsPerBuffer: 1024 noOfBuffers: 20000 list.size(): 1. Allocated: 0.164 GB, Used: 0.0156 GB, Peak alloc: 0.164 GB.
INDE After creating wrapper MatrixType F_w(F): AllocatorManager statistics:  noOfRealsPerBuffer: 1024 noOfBuffers: 20000 list.size(): 1. Allocated: 0.164 GB, Used: 0.016 GB, Peak alloc: 0.164 GB.
TIDE  F_w to orthogonal basis took      0.03 usr cpu s       0.05 sys cpu s       0.01 wall s
TIDE MatrixType::mixed_diff for maxEigValMovement_mixed took      0.00 usr cpu s       0.01 sys cpu s       0.00 wall s
TIDE symmMatrixWrap::eucl_diff for maxEigValMovement_eucl  took      0.08 usr cpu s       0.33 sys cpu s       0.05 wall s
INDE maxEigValMovement_frob  =          0.00023379067
INDE maxEigValMovement_mixed =          0.00015201567
INDE maxEigValMovement_eucl  =          0.00005904232
INDE lumo before truncation: [ 0.035491576702 , 0.056583693939 ]
INDE homo before truncation: [ -0.357330246987 , -0.348116702136 ]
INDE Truncate matrix F and update intervals for homo and lumo.
INDE Truncating F_ort ( mixed ), selected threshold = 3.83608e-08
INDE Truncated F_ort ( mixed ), selected threshold = 3.83608e-08, returned error =          0, nnz before = 100.0000 %, nnz after = 100.0000 %
TIDE Truncation of F_ort took      0.00 usr cpu s       0.00 sys cpu s       0.00 wall s
INDE Chosen Ergo Wrapper
INDE Creating purification object: N = 342 , nocc = 47 , NNZ = 116964  <-> 100.00000 %
INDE Chosen norm for the truncation: 
INDE mixed
INDE Chosen norm for the stopping criterion: 
INDE mixed
INDE Chosen the NEW stopping criterion.
INDE Allowed error in subspace 7.000000e-07
INDE Chosen SP2 purification method
INDE calling Puri->PurificationStart(), number of threads = 1, trunc norm 'mixed'
TIDE gershgorin took      0.00 usr cpu s       0.01 sys cpu s       0.00 wall s
INDE Gershgorin bounds: [ -59.820862914778 , 100.436329344105 ]
INDE EXPANDED Gershgorin bounds: [ -59.820862929679 , 100.436329359006 ]
INDE Trying to impove bounds using Lanczos algorithm...
TIDE compute_spectrum_bounds took      0.11 usr cpu s       0.43 sys cpu s       0.08 wall s
INDE Spectrum of F: 	 [ -20.624835468432 , 51.715197759761 ]
INDE Transform homo and lumo bounds...
INDE HOMO bounds of X: 	 [ 0.719702661701 , 0.719830026100 ]
INDE LUMO bounds of X: 	 [ 0.714108243535 , 0.714399812619 ]
INDE INIT LUMO: [ 0.714108243535 , 0.714399812619 ]
INDE INIT HOMO: [ 0.280169973900 , 0.280297338299 ]
INDE ESTIMATED NUMBER OF ITERATIONS IS 35
INDE Put eigenvalues of F to the interval [0,1] in reverse order.
TIDE compute_X() took      0.00 usr cpu s       0.00 sys cpu s       0.00 wall s
TIDE prepare_to_purification() took      0.11 usr cpu s       0.44 sys cpu s       0.08 wall s
INDE (EIGV,PARAMS) Requested 0 occipied eigenpair(s).
INDE (EIGV,PARAMS) Requested 0 unoccipied eigenpair(s).
TIDE prepare_to_purification_eigenvectors() took      0.00 usr cpu s       0.00 sys cpu s       0.00 wall s
INDE Starting recursive expansion
INDE     BEFORE ITERATIONS:
TIDE truncate_matrix took      0.00 usr cpu s       0.00 sys cpu s       0.00 wall s
INDE Actual introduced error   0.000000e+00 : nnz before  116964 <-> 100.00 % , nnz after  116964 <-> 100.00 %
TIDE square took      0.02 usr cpu s       0.04 sys cpu s       0.01 wall s
INDE NNZ Xsq = 116964 <-> 100.00 %
TIDE Frobenius norm of X-X^2 took      0.00 usr cpu s       0.00 sys cpu s       0.00 wall s
TIDE Mixed norm of X-X^2 took      0.01 usr cpu s       0.01 sys cpu s       0.00 wall s
TIDE Trace of X-X^2 took      0.00 usr cpu s       0.00 sys cpu s       0.00 wall s
INDE ||X-X^2||_F = 3.852014e+00 , ||X-X^2||_mixed = 1.286053e+00
INDE trace(X-X^2) = 7.012956e+01
INDE trace(X) = 2.342456e+02
TIDE Iteration 0 took      0.03 usr cpu s       0.05 sys cpu s       0.01 wall s
TIDE FileWritable::writeAndReadAll took      0.00 usr cpu s       0.00 sys cpu s       0.00 wall s
INDE writeAndReadAll sizesStr: '0 MB (1 MatrixGeneral, 0 > 1 MB) + 0 MB (13 MatrixSymmetric, 0 > 1 MB) + 0 MB (2 VectorGeneral, 0 > 1 MB) = 0 MB (16 total, 0 > 1 MB)
INDE     ITERATION 1 :
TIDE purify_X took      0.00 usr cpu s       0.00 sys cpu s       0.00 wall s
TIDE truncate_matrix took      0.00 usr cpu s       0.00 sys cpu s       0.00 wall s
INDE Actual introduced error   0.000000e+00 : nnz before  116964 <-> 100.00 % , nnz after  116964 <-> 100.00 %
TIDE square took      0.01 usr cpu s       0.05 sys cpu s       0.01 wall s
INDE NNZ Xsq = 116964 <-> 100.00 %
TIDE Frobenius norm of X-X^2 took      0.00 usr cpu s       0.00 sys cpu s       0.00 wall s
TIDE Mixed norm of X-X^2 took      0.00 usr cpu s       0.02 sys cpu s       0.00 wall s
TIDE Trace of X-X^2 took      0.00 usr cpu s       0.00 sys cpu s       0.00 wall s
INDE ||X-X^2||_F = 4.467938e+00 , ||X-X^2||_mixed = 1.460677e+00
INDE trace(X-X^2) = 8.127625e+01
INDE trace(X) = 1.641160e+02
TIDE Iteration 1 took      0.02 usr cpu s       0.06 sys cpu s       0.01 wall s
INDE     ITERATION 2 :
TIDE purify_X took      0.00 usr cpu s       0.00 sys cpu s       0.00 wall s
TIDE truncate_matrix took      0.00 usr cpu s       0.00 sys cpu s       0.00 wall s
INDE Actual introduced error   0.000000e+00 : nnz before  116964 <-> 100.00 % , nnz after  116964 <-> 100.00 %
TIDE square took      0.01 usr cpu s       0.04 sys cpu s       0.01 wall s
INDE NNZ Xsq = 116964 <-> 100.00 %
TIDE Frobenius norm of X-X^2 took      0.00 usr cpu s       0.00 sys cpu s       0.00 wall s
TIDE Mixed norm of X-X^2 took      0.00 usr cpu s       0.01 sys cpu s       0.00 wall s
TIDE Trace of X-X^2 took      0.00 usr cpu s       0.00 sys cpu s       0.00 wall s
INDE ||X-X^2||_F = 3.254698e+00 , ||X-X^2||_mixed = 1.135626e+00
INDE trace(X-X^2) = 5.849021e+01
INDE trace(X) = 8.283977e+01
INDE Checking stopping criterion...   
INDE Order of convergence cannot be computed
TIDE stopping_criterion took      0.00 usr cpu s       0.00 sys cpu s       0.00 wall s
TIDE Iteration 2 took      0.02 usr cpu s       0.06 sys cpu s       0.01 wall s
INDE     ITERATION 3 :
TIDE purify_X took      0.00 usr cpu s       0.00 sys cpu s       0.00 wall s
TIDE truncate_matrix took      0.00 usr cpu s       0.00 sys cpu s       0.00 wall s
INDE Actual introduced error   0.000000e+00 : nnz before  116964 <-> 100.00 % , nnz after  116964 <-> 100.00 %
TIDE square took      0.02 usr cpu s       0.04 sys cpu s       0.01 wall s
INDE NNZ Xsq = 116964 <-> 100.00 %
TIDE Frobenius norm of X-X^2 took      0.00 usr cpu s       0.00 sys cpu s       0.00 wall s
TIDE Mixed norm of X-X^2 took      0.01 usr cpu s       0.02 sys cpu s       0.00 wall s
TIDE Trace of X-X^2 took      0.00 usr cpu s       0.00 sys cpu s       0.00 wall s
INDE ||X-X^2||_F = 4.290382e+00 , ||X-X^2||_mixed = 1.444683e+00
INDE trace(X-X^2) = 7.741617e+01
INDE trace(X) = 1.413300e+02
INDE Checking stopping criterion...   
INDE Order of convergence cannot be computed
TIDE stopping_criterion took      0.00 usr cpu s       0.00 sys cpu s       0.00 wall s
TIDE Iteration 3 took      0.03 usr cpu s       0.06 sys cpu s       0.01 wall s
INDE     ITERATION 4 :
TIDE purify_X took      0.00 usr cpu s       0.00 sys cpu s       0.00 wall s
TIDE truncate_matrix took      0.00 usr cpu s       0.00 sys cpu s       0.00 wall s
INDE Actual introduced error   0.000000e+00 : nnz before  116964 <-> 100.00 % , nnz after  116964 <-> 100.00 %
TIDE square took      0.02 usr cpu s       0.05 sys cpu s       0.01 wall s
INDE NNZ Xsq = 116964 <-> 100.00 %
TIDE Frobenius norm of X-X^2 took      0.00 usr cpu s       0.00 sys cpu s       0.00 wall s
TIDE Mixed norm of X-X^2 took      0.00 usr cpu s       0.02 sys cpu s       0.00 wall s
TIDE Trace of X-X^2 took      0.00 usr cpu s       0.00 sys cpu s       0.00 wall s
INDE ||X-X^2||_F = 4.003286e+00 , ||X-X^2||_mixed = 1.405986e+00
INDE trace(X-X^2) = 7.177920e+01
INDE trace(X) = 2.187462e+02
INDE Checking stopping criterion...   
INDE Order of convergence cannot be computed
TIDE stopping_criterion took      0.00 usr cpu s       0.00 sys cpu s       0.00 wall s
TIDE Iteration 4 took      0.02 usr cpu s       0.07 sys cpu s       0.01 wall s
INDE     ITERATION 5 :
TIDE purify_X took      0.00 usr cpu s       0.00 sys cpu s       0.00 wall s
TIDE truncate_matrix took      0.00 usr cpu s       0.00 sys cpu s       0.00 wall s
INDE Actual introduced error   0.000000e+00 : nnz before  116964 <-> 100.00 % , nnz after  116964 <-> 100.00 %
TIDE square took      0.02 usr cpu s       0.04 sys cpu s       0.01 wall s
INDE NNZ Xsq = 116964 <-> 100.00 %
TIDE Frobenius norm of X-X^2 took      0.00 usr cpu s       0.00 sys cpu s       0.00 wall s
TIDE Mixed norm of X-X^2 took      0.00 usr cpu s       0.02 sys cpu s       0.00 wall s
TIDE Trace of X-X^2 took      0.00 usr cpu s       0.00 sys cpu s       0.00 wall s
INDE ||X-X^2||_F = 4.268876e+00 , ||X-X^2||_mixed = 1.493204e+00
INDE trace(X-X^2) = 7.626113e+01
INDE trace(X) = 1.469670e+02
INDE Checking stopping criterion...   
INDE Order of convergence cannot be computed
TIDE stopping_criterion took      0.00 usr cpu s       0.00 sys cpu s       0.00 wall s
TIDE Iteration 5 took      0.02 usr cpu s       0.06 sys cpu s       0.01 wall s
INDE     ITERATION 6 :
TIDE purify_X took      0.00 usr cpu s       0.00 sys cpu s       0.00 wall s
TIDE truncate_matrix took      0.00 usr cpu s       0.00 sys cpu s       0.00 wall s
INDE Actual introduced error   0.000000e+00 : nnz before  116964 <-> 100.00 % , nnz after  116964 <-> 100.00 %
TIDE square took      0.01 usr cpu s       0.04 sys cpu s       0.01 wall s
INDE NNZ Xsq = 116964 <-> 100.00 %
TIDE Frobenius norm of X-X^2 took      0.00 usr cpu s       0.00 sys cpu s       0.00 wall s
TIDE Mixed norm of X-X^2 took      0.00 usr cpu s       0.02 sys cpu s       0.00 wall s
TIDE Trace of X-X^2 took      0.00 usr cpu s       0.00 sys cpu s       0.00 wall s
INDE ||X-X^2||_F = 2.734228e+00 , ||X-X^2||_mixed = 1.096789e+00
INDE trace(X-X^2) = 4.779602e+01
INDE trace(X) = 7.070582e+01
INDE Checking stopping criterion...   
INDE Order of convergence cannot be computed
TIDE stopping_criterion took      0.00 usr cpu s       0.00 sys cpu s       0.00 wall s
TIDE Iteration 6 took      0.02 usr cpu s       0.06 sys cpu s       0.01 wall s
INDE     ITERATION 7 :
TIDE purify_X took      0.00 usr cpu s       0.00 sys cpu s       0.00 wall s
TIDE truncate_matrix took      0.00 usr cpu s       0.00 sys cpu s       0.00 wall s
INDE Actual introduced error   0.000000e+00 : nnz before  116964 <-> 100.00 % , nnz after  116964 <-> 100.00 %
TIDE square took      0.01 usr cpu s       0.04 sys cpu s       0.01 wall s
INDE NNZ Xsq = 116964 <-> 100.00 %
TIDE Frobenius norm of X-X^2 took      0.00 usr cpu s       0.00 sys cpu s       0.00 wall s
TIDE Mixed norm of X-X^2 took      0.00 usr cpu s       0.02 sys cpu s       0.00 wall s
TIDE Trace of X-X^2 took      0.00 usr cpu s       0.00 sys cpu s       0.00 wall s
INDE ||X-X^2||_F = 3.850807e+00 , ||X-X^2||_mixed = 1.464409e+00
INDE trace(X-X^2) = 6.763987e+01
INDE trace(X) = 1.185018e+02
INDE Checking stopping criterion...   
INDE Order of convergence cannot be computed
TIDE stopping_criterion took      0.00 usr cpu s       0.00 sys cpu s       0.00 wall s
TIDE Iteration 7 took      0.02 usr cpu s       0.06 sys cpu s       0.01 wall s
INDE     ITERATION 8 :
TIDE purify_X took      0.00 usr cpu s       0.00 sys cpu s       0.00 wall s
TIDE truncate_matrix took      0.00 usr cpu s       0.00 sys cpu s       0.00 wall s
INDE Actual introduced error   0.000000e+00 : nnz before  116964 <-> 100.00 % , nnz after  116964 <-> 100.00 %
TIDE square took      0.02 usr cpu s       0.03 sys cpu s       0.01 wall s
INDE NNZ Xsq = 116964 <-> 100.00 %
TIDE Frobenius norm of X-X^2 took      0.00 usr cpu s       0.00 sys cpu s       0.00 wall s
TIDE Mixed norm of X-X^2 took      0.00 usr cpu s       0.02 sys cpu s       0.00 wall s
TIDE Trace of X-X^2 took      0.00 usr cpu s       0.00 sys cpu s       0.00 wall s
INDE ||X-X^2||_F = 4.120478e+00 , ||X-X^2||_mixed = 1.498159e+00
INDE trace(X-X^2) = 7.299921e+01
INDE trace(X) = 1.861417e+02
INDE Checking stopping criterion...   
INDE Order of convergence cannot be computed
TIDE stopping_criterion took      0.00 usr cpu s       0.00 sys cpu s       0.00 wall s
TIDE Iteration 8 took      0.03 usr cpu s       0.06 sys cpu s       0.01 wall s
INDE     ITERATION 9 :
TIDE purify_X took      0.00 usr cpu s       0.00 sys cpu s       0.00 wall s
TIDE truncate_matrix took      0.00 usr cpu s       0.00 sys cpu s       0.00 wall s
INDE Actual introduced error   0.000000e+00 : nnz before  116964 <-> 100.00 % , nnz after  116964 <-> 100.00 %
TIDE square took      0.01 usr cpu s       0.04 sys cpu s       0.01 wall s
INDE NNZ Xsq = 116964 <-> 100.00 %
TIDE Frobenius norm of X-X^2 took      0.00 usr cpu s       0.00 sys cpu s       0.00 wall s
TIDE Mixed norm of X-X^2 took      0.00 usr cpu s       0.02 sys cpu s       0.00 wall s
TIDE Trace of X-X^2 took      0.00 usr cpu s       0.00 sys cpu s       0.00 wall s
INDE ||X-X^2||_F = 3.665700e+00 , ||X-X^2||_mixed = 1.504887e+00
INDE trace(X-X^2) = 6.284351e+01
INDE trace(X) = 1.131425e+02
INDE Checking stopping criterion...   
INDE Order of convergence cannot be computed
TIDE stopping_criterion took      0.00 usr cpu s       0.00 sys cpu s       0.00 wall s
TIDE Iteration 9 took      0.02 usr cpu s       0.06 sys cpu s       0.01 wall s
INDE     ITERATION 10 :
TIDE purify_X took      0.00 usr cpu s       0.00 sys cpu s       0.00 wall s
TIDE truncate_matrix took      0.00 usr cpu s       0.00 sys cpu s       0.00 wall s
INDE Actual introduced error   0.000000e+00 : nnz before  116964 <-> 100.00 % , nnz after  116964 <-> 100.00 %
TIDE square took      0.01 usr cpu s       0.04 sys cpu s       0.01 wall s
INDE NNZ Xsq = 116964 <-> 100.00 %
TIDE Frobenius norm of X-X^2 took      0.00 usr cpu s       0.00 sys cpu s       0.00 wall s
TIDE Mixed norm of X-X^2 took      0.00 usr cpu s       0.02 sys cpu s       0.00 wall s
TIDE Trace of X-X^2 took      0.00 usr cpu s       0.00 sys cpu s       0.00 wall s
INDE ||X-X^2||_F = 3.888186e+00 , ||X-X^2||_mixed = 1.520339e+00
INDE trace(X-X^2) = 6.812285e+01
INDE trace(X) = 1.759860e+02
INDE Checking stopping criterion...   
INDE Order of convergence cannot be computed
TIDE stopping_criterion took      0.00 usr cpu s       0.00 sys cpu s       0.00 wall s
TIDE Iteration 10 took      0.02 usr cpu s       0.06 sys cpu s       0.01 wall s
INDE     ITERATION 11 :
TIDE purify_X took      0.00 usr cpu s       0.00 sys cpu s       0.00 wall s
TIDE truncate_matrix took      0.00 usr cpu s       0.00 sys cpu s       0.00 wall s
INDE Actual introduced error   0.000000e+00 : nnz before  116964 <-> 100.00 % , nnz after  116964 <-> 100.00 %
TIDE square took      0.01 usr cpu s       0.05 sys cpu s       0.01 wall s
INDE NNZ Xsq = 116964 <-> 100.00 %
TIDE Frobenius norm of X-X^2 took      0.00 usr cpu s       0.00 sys cpu s       0.00 wall s
TIDE Mixed norm of X-X^2 took      0.01 usr cpu s       0.01 sys cpu s       0.00 wall s
TIDE Trace of X-X^2 took      0.00 usr cpu s       0.00 sys cpu s       0.00 wall s
INDE ||X-X^2||_F = 3.436156e+00 , ||X-X^2||_mixed = 1.550222e+00
INDE trace(X-X^2) = 5.634730e+01
INDE trace(X) = 1.078632e+02
INDE Checking stopping criterion...   
INDE Order of convergence cannot be computed
TIDE stopping_criterion took      0.00 usr cpu s       0.00 sys cpu s       0.00 wall s
TIDE Iteration 11 took      0.02 usr cpu s       0.06 sys cpu s       0.01 wall s
INDE     ITERATION 12 :
TIDE purify_X took      0.00 usr cpu s       0.00 sys cpu s       0.00 wall s
TIDE truncate_matrix took      0.00 usr cpu s       0.00 sys cpu s       0.00 wall s
INDE Actual introduced error   0.000000e+00 : nnz before  116964 <-> 100.00 % , nnz after  116964 <-> 100.00 %
TIDE square took      0.02 usr cpu s       0.04 sys cpu s       0.01 wall s
INDE NNZ Xsq = 116964 <-> 100.00 %
TIDE Frobenius norm of X-X^2 took      0.00 usr cpu s       0.00 sys cpu s       0.00 wall s
TIDE Mixed norm of X-X^2 took      0.00 usr cpu s       0.02 sys cpu s       0.00 wall s
TIDE Trace of X-X^2 took      0.00 usr cpu s       0.00 sys cpu s       0.00 wall s
INDE ||X-X^2||_F = 2.134021e+00 , ||X-X^2||_mixed = 1.203843e+00
INDE trace(X-X^2) = 2.958071e+01
INDE trace(X) = 5.151586e+01
INDE Checking stopping criterion...   
INDE Order of convergence cannot be computed
TIDE stopping_criterion took      0.00 usr cpu s       0.00 sys cpu s       0.00 wall s
TIDE Iteration 12 took      0.03 usr cpu s       0.06 sys cpu s       0.01 wall s
INDE     ITERATION 13 :
TIDE purify_X took      0.00 usr cpu s       0.00 sys cpu s       0.00 wall s
TIDE truncate_matrix took      0.00 usr cpu s       0.00 sys cpu s       0.00 wall s
INDE Actual introduced error   0.000000e+00 : nnz before  116964 <-> 100.00 % , nnz after  116964 <-> 100.00 %
TIDE square took      0.02 usr cpu s       0.03 sys cpu s       0.01 wall s
INDE NNZ Xsq = 116964 <-> 100.00 %
TIDE Frobenius norm of X-X^2 took      0.00 usr cpu s       0.00 sys cpu s       0.00 wall s
TIDE Mixed norm of X-X^2 took      0.01 usr cpu s       0.02 sys cpu s       0.00 wall s
TIDE Trace of X-X^2 took      0.00 usr cpu s       0.00 sys cpu s       0.00 wall s
INDE ||X-X^2||_F = 2.856447e+00 , ||X-X^2||_mixed = 1.476454e+00
INDE trace(X-X^2) = 4.203470e+01
INDE trace(X) = 8.109657e+01
INDE Checking stopping criterion...   
INDE Order of convergence cannot be computed
TIDE stopping_criterion took      0.00 usr cpu s       0.00 sys cpu s       0.00 wall s
TIDE Iteration 13 took      0.03 usr cpu s       0.05 sys cpu s       0.01 wall s
INDE     ITERATION 14 :
TIDE purify_X took      0.00 usr cpu s       0.00 sys cpu s       0.00 wall s
TIDE truncate_matrix took      0.00 usr cpu s       0.00 sys cpu s       0.00 wall s
INDE Actual introduced error   0.000000e+00 : nnz before  116964 <-> 100.00 % , nnz after  116964 <-> 100.00 %
TIDE square took      0.01 usr cpu s       0.04 sys cpu s       0.01 wall s
INDE NNZ Xsq = 116964 <-> 100.00 %
TIDE Frobenius norm of X-X^2 took      0.00 usr cpu s       0.00 sys cpu s       0.00 wall s
TIDE Mixed norm of X-X^2 took      0.00 usr cpu s       0.02 sys cpu s       0.00 wall s
TIDE Trace of X-X^2 took      0.00 usr cpu s       0.00 sys cpu s       0.00 wall s
INDE ||X-X^2||_F = 3.137432e+00 , ||X-X^2||_mixed = 1.633222e+00
INDE trace(X-X^2) = 4.810056e+01
INDE trace(X) = 1.231313e+02
INDE Checking stopping criterion...   
INDE Order of convergence cannot be computed
TIDE stopping_criterion took      0.00 usr cpu s       0.00 sys cpu s       0.00 wall s
TIDE Iteration 14 took      0.02 usr cpu s       0.06 sys cpu s       0.01 wall s
INDE     ITERATION 15 :
TIDE purify_X took      0.00 usr cpu s       0.00 sys cpu s       0.00 wall s
TIDE truncate_matrix took      0.00 usr cpu s       0.00 sys cpu s       0.00 wall s
INDE Actual introduced error   0.000000e+00 : nnz before  116964 <-> 100.00 % , nnz after  116964 <-> 100.00 %
TIDE square took      0.02 usr cpu s       0.05 sys cpu s       0.01 wall s
INDE NNZ Xsq = 116964 <-> 100.00 %
TIDE Frobenius norm of X-X^2 took      0.00 usr cpu s       0.00 sys cpu s       0.00 wall s
TIDE Mixed norm of X-X^2 took      0.00 usr cpu s       0.02 sys cpu s       0.00 wall s
TIDE Trace of X-X^2 took      0.00 usr cpu s       0.00 sys cpu s       0.00 wall s
INDE ||X-X^2||_F = 2.538329e+00 , ||X-X^2||_mixed = 1.427881e+00
INDE trace(X-X^2) = 3.388157e+01
INDE trace(X) = 7.503070e+01
INDE Checking stopping criterion...   
INDE Order of convergence cannot be computed
TIDE stopping_criterion took      0.00 usr cpu s       0.00 sys cpu s       0.00 wall s
TIDE Iteration 15 took      0.02 usr cpu s       0.08 sys cpu s       0.01 wall s
INDE     ITERATION 16 :
TIDE purify_X took      0.00 usr cpu s       0.00 sys cpu s       0.00 wall s
TIDE truncate_matrix took      0.00 usr cpu s       0.00 sys cpu s       0.00 wall s
INDE Actual introduced error   0.000000e+00 : nnz before  116964 <-> 100.00 % , nnz after  116964 <-> 100.00 %
TIDE square took      0.01 usr cpu s       0.05 sys cpu s       0.01 wall s
INDE NNZ Xsq = 116964 <-> 100.00 %
TIDE Frobenius norm of X-X^2 took      0.00 usr cpu s       0.00 sys cpu s       0.00 wall s
TIDE Mixed norm of X-X^2 took      0.01 usr cpu s       0.01 sys cpu s       0.00 wall s
TIDE Trace of X-X^2 took      0.00 usr cpu s       0.00 sys cpu s       0.00 wall s
INDE ||X-X^2||_F = 2.741271e+00 , ||X-X^2||_mixed = 1.619469e+00
INDE trace(X-X^2) = 3.724942e+01
INDE trace(X) = 1.089123e+02
INDE Checking stopping criterion...   
INDE Order of convergence cannot be computed
TIDE stopping_criterion took      0.00 usr cpu s       0.00 sys cpu s       0.00 wall s
TIDE Iteration 16 took      0.02 usr cpu s       0.07 sys cpu s       0.01 wall s
INDE     ITERATION 17 :
TIDE purify_X took      0.00 usr cpu s       0.00 sys cpu s       0.00 wall s
TIDE truncate_matrix took      0.00 usr cpu s       0.00 sys cpu s       0.00 wall s
INDE Actual introduced error   0.000000e+00 : nnz before  116964 <-> 100.00 % , nnz after  116964 <-> 100.00 %
TIDE square took      0.01 usr cpu s       0.05 sys cpu s       0.01 wall s
INDE NNZ Xsq = 116964 <-> 100.00 %
TIDE Frobenius norm of X-X^2 took      0.00 usr cpu s       0.00 sys cpu s       0.00 wall s
TIDE Mixed norm of X-X^2 took      0.00 usr cpu s       0.02 sys cpu s       0.00 wall s
TIDE Trace of X-X^2 took      0.00 usr cpu s       0.00 sys cpu s       0.00 wall s
INDE ||X-X^2||_F = 2.196868e+00 , ||X-X^2||_mixed = 1.348216e+00
INDE trace(X-X^2) = 2.633770e+01
INDE trace(X) = 7.166285e+01
INDE Checking stopping criterion...   
INDE Order of convergence cannot be computed
TIDE stopping_criterion took      0.00 usr cpu s       0.00 sys cpu s       0.00 wall s
TIDE Iteration 17 took      0.02 usr cpu s       0.07 sys cpu s       0.01 wall s
INDE     ITERATION 18 :
TIDE purify_X took      0.00 usr cpu s       0.00 sys cpu s       0.00 wall s
TIDE truncate_matrix took      0.00 usr cpu s       0.00 sys cpu s       0.00 wall s
INDE Actual introduced error   0.000000e+00 : nnz before  116964 <-> 100.00 % , nnz after  116964 <-> 100.00 %
TIDE square took      0.02 usr cpu s       0.03 sys cpu s       0.01 wall s
INDE NNZ Xsq = 116964 <-> 100.00 %
TIDE Frobenius norm of X-X^2 took      0.00 usr cpu s       0.00 sys cpu s       0.00 wall s
TIDE Mixed norm of X-X^2 took      0.00 usr cpu s       0.02 sys cpu s       0.00 wall s
TIDE Trace of X-X^2 took      0.00 usr cpu s       0.00 sys cpu s       0.00 wall s
INDE ||X-X^2||_F = 1.503686e+00 , ||X-X^2||_mixed = 1.049197e+00
INDE trace(X-X^2) = 1.465041e+01
INDE trace(X) = 4.532515e+01
INDE Checking stopping criterion...   
INDE Order of convergence cannot be computed
TIDE stopping_criterion took      0.00 usr cpu s       0.00 sys cpu s       0.00 wall s
TIDE Iteration 18 took      0.03 usr cpu s       0.05 sys cpu s       0.01 wall s
INDE     ITERATION 19 :
TIDE purify_X took      0.00 usr cpu s       0.00 sys cpu s       0.00 wall s
TIDE truncate_matrix took      0.00 usr cpu s       0.00 sys cpu s       0.00 wall s
INDE Actual introduced error   0.000000e+00 : nnz before  116964 <-> 100.00 % , nnz after  116964 <-> 100.00 %
TIDE square took      0.01 usr cpu s       0.04 sys cpu s       0.01 wall s
INDE NNZ Xsq = 116964 <-> 100.00 %
TIDE Frobenius norm of X-X^2 took      0.00 usr cpu s       0.00 sys cpu s       0.00 wall s
TIDE Mixed norm of X-X^2 took      0.00 usr cpu s       0.02 sys cpu s       0.00 wall s
TIDE Trace of X-X^2 took      0.00 usr cpu s       0.00 sys cpu s       0.00 wall s
INDE ||X-X^2||_F = 1.606136e+00 , ||X-X^2||_mixed = 1.077415e+00
INDE trace(X-X^2) = 1.666805e+01
INDE trace(X) = 5.997556e+01
INDE Checking stopping criterion...   
INDE Order of convergence cannot be computed
TIDE stopping_criterion took      0.00 usr cpu s       0.00 sys cpu s       0.00 wall s
TIDE Iteration 19 took      0.03 usr cpu s       0.06 sys cpu s       0.01 wall s
INDE     ITERATION 20 :
TIDE purify_X took      0.00 usr cpu s       0.00 sys cpu s       0.00 wall s
TIDE truncate_matrix took      0.00 usr cpu s       0.00 sys cpu s       0.00 wall s
INDE Actual introduced error   0.000000e+00 : nnz before  116964 <-> 100.00 % , nnz after  116964 <-> 100.00 %
TIDE square took      0.02 usr cpu s       0.03 sys cpu s       0.01 wall s
INDE NNZ Xsq = 116964 <-> 100.00 %
TIDE Frobenius norm of X-X^2 took      0.00 usr cpu s       0.00 sys cpu s       0.00 wall s
TIDE Mixed norm of X-X^2 took      0.00 usr cpu s       0.02 sys cpu s       0.00 wall s
TIDE Trace of X-X^2 took      0.00 usr cpu s       0.00 sys cpu s       0.00 wall s
INDE ||X-X^2||_F = 1.109688e+00 , ||X-X^2||_mixed = 8.472661e-01
INDE trace(X-X^2) = 8.649429e+00
INDE trace(X) = 4.330751e+01
INDE Checking stopping criterion...   
INDE Order of convergence cannot be computed
TIDE stopping_criterion took      0.00 usr cpu s       0.00 sys cpu s       0.00 wall s
TIDE Iteration 20 took      0.03 usr cpu s       0.06 sys cpu s       0.01 wall s
INDE     ITERATION 21 :
TIDE purify_X took      0.00 usr cpu s       0.00 sys cpu s       0.00 wall s
TIDE truncate_matrix took      0.00 usr cpu s       0.00 sys cpu s       0.00 wall s
INDE Actual introduced error   0.000000e+00 : nnz before  116964 <-> 100.00 % , nnz after  116964 <-> 100.00 %
TIDE square took      0.02 usr cpu s       0.07 sys cpu s       0.01 wall s
INDE NNZ Xsq = 116964 <-> 100.00 %
TIDE Frobenius norm of X-X^2 took      0.00 usr cpu s       0.00 sys cpu s       0.00 wall s
TIDE Mixed norm of X-X^2 took      0.00 usr cpu s       0.02 sys cpu s       0.00 wall s
TIDE Trace of X-X^2 took      0.00 usr cpu s       0.00 sys cpu s       0.00 wall s
INDE ||X-X^2||_F = 9.694050e-01 , ||X-X^2||_mixed = 7.162089e-01
INDE trace(X-X^2) = 8.394771e+00
INDE trace(X) = 5.195694e+01
INDE Checking stopping criterion...   
INDE Order of convergence cannot be computed
TIDE stopping_criterion took      0.00 usr cpu s       0.00 sys cpu s       0.00 wall s
TIDE Iteration 21 took      0.02 usr cpu s       0.09 sys cpu s       0.02 wall s
INDE     ITERATION 22 :
TIDE purify_X took      0.00 usr cpu s       0.00 sys cpu s       0.00 wall s
TIDE truncate_matrix took      0.00 usr cpu s       0.00 sys cpu s       0.00 wall s
INDE Actual introduced error   0.000000e+00 : nnz before  116964 <-> 100.00 % , nnz after  116964 <-> 100.00 %
TIDE square took      0.01 usr cpu s       0.05 sys cpu s       0.01 wall s
INDE NNZ Xsq = 116964 <-> 100.00 %
TIDE Frobenius norm of X-X^2 took      0.00 usr cpu s       0.00 sys cpu s       0.00 wall s
TIDE Mixed norm of X-X^2 took      0.00 usr cpu s       0.02 sys cpu s       0.00 wall s
TIDE Trace of X-X^2 took      0.00 usr cpu s       0.00 sys cpu s       0.00 wall s
INDE ||X-X^2||_F = 1.308119e+00 , ||X-X^2||_mixed = 9.750866e-01
INDE trace(X-X^2) = 1.060337e+01
INDE trace(X) = 6.035171e+01
INDE Checking stopping criterion...   
INDE Order of convergence cannot be computed
TIDE stopping_criterion took      0.00 usr cpu s       0.00 sys cpu s       0.00 wall s
TIDE Iteration 22 took      0.02 usr cpu s       0.08 sys cpu s       0.01 wall s
INDE     ITERATION 23 :
TIDE purify_X took      0.00 usr cpu s       0.00 sys cpu s       0.00 wall s
TIDE truncate_matrix took      0.00 usr cpu s       0.00 sys cpu s       0.00 wall s
INDE Actual introduced error   0.000000e+00 : nnz before  116964 <-> 100.00 % , nnz after  116964 <-> 100.00 %
TIDE square took      0.02 usr cpu s       0.03 sys cpu s       0.01 wall s
INDE NNZ Xsq = 116964 <-> 100.00 %
TIDE Frobenius norm of X-X^2 took      0.00 usr cpu s       0.00 sys cpu s       0.00 wall s
TIDE Mixed norm of X-X^2 took      0.00 usr cpu s       0.02 sys cpu s       0.00 wall s
TIDE Trace of X-X^2 took      0.00 usr cpu s       0.00 sys cpu s       0.00 wall s
INDE ||X-X^2||_F = 5.528704e-01 , ||X-X^2||_mixed = 4.415093e-01
INDE trace(X-X^2) = 3.713774e+00
INDE trace(X) = 4.974834e+01
INDE Checking stopping criterion...   
INDE e_i =4.415093e-01, C*e_{i-1}^q = 3.532825e+00
INDE Order of convergence = 8.230549, stop = 0
TIDE stopping_criterion took      0.00 usr cpu s       0.00 sys cpu s       0.00 wall s
TIDE Iteration 23 took      0.03 usr cpu s       0.05 sys cpu s       0.01 wall s
INDE     ITERATION 24 :
TIDE purify_X took      0.00 usr cpu s       0.00 sys cpu s       0.00 wall s
TIDE truncate_matrix took      0.00 usr cpu s       0.00 sys cpu s       0.00 wall s
INDE Actual introduced error   0.000000e+00 : nnz before  116964 <-> 100.00 % , nnz after  116964 <-> 100.00 %
TIDE square took      0.01 usr cpu s       0.04 sys cpu s       0.01 wall s
INDE NNZ Xsq = 116964 <-> 100.00 %
TIDE Frobenius norm of X-X^2 took      0.00 usr cpu s       0.00 sys cpu s       0.00 wall s
TIDE Mixed norm of X-X^2 took      0.00 usr cpu s       0.02 sys cpu s       0.00 wall s
TIDE Trace of X-X^2 took      0.00 usr cpu s       0.00 sys cpu s       0.00 wall s
INDE ||X-X^2||_F = 3.562220e-01 , ||X-X^2||_mixed = 3.225702e-01
INDE trace(X-X^2) = 1.459671e+00
INDE trace(X) = 4.603456e+01
INDE Checking stopping criterion...   
INDE Order of convergence cannot be computed
TIDE stopping_criterion took      0.00 usr cpu s       0.00 sys cpu s       0.00 wall s
TIDE Iteration 24 took      0.02 usr cpu s       0.07 sys cpu s       0.01 wall s
INDE     ITERATION 25 :
TIDE purify_X took      0.00 usr cpu s       0.00 sys cpu s       0.00 wall s
TIDE truncate_matrix took      0.00 usr cpu s       0.00 sys cpu s       0.00 wall s
INDE Actual introduced error   0.000000e+00 : nnz before  116964 <-> 100.00 % , nnz after  116964 <-> 100.00 %
TIDE square took      0.03 usr cpu s       0.03 sys cpu s       0.01 wall s
INDE NNZ Xsq = 116964 <-> 100.00 %
TIDE Frobenius norm of X-X^2 took      0.00 usr cpu s       0.00 sys cpu s       0.00 wall s
TIDE Mixed norm of X-X^2 took      0.00 usr cpu s       0.02 sys cpu s       0.00 wall s
TIDE Trace of X-X^2 took      0.00 usr cpu s       0.00 sys cpu s       0.00 wall s
INDE ||X-X^2||_F = 1.792372e-01 , ||X-X^2||_mixed = 1.540896e-01
INDE trace(X-X^2) = 8.443030e-01
INDE trace(X) = 4.749423e+01
INDE Checking stopping criterion...   
INDE e_i =1.540896e-01, C*e_{i-1}^q = 1.342525e+00
INDE Order of convergence = 4.647859, stop = 0
TIDE stopping_criterion took      0.00 usr cpu s       0.00 sys cpu s       0.00 wall s
TIDE Iteration 25 took      0.03 usr cpu s       0.05 sys cpu s       0.01 wall s
INDE     ITERATION 26 :
TIDE purify_X took      0.00 usr cpu s       0.00 sys cpu s       0.00 wall s
TIDE truncate_matrix took      0.00 usr cpu s       0.00 sys cpu s       0.00 wall s
INDE Actual introduced error   0.000000e+00 : nnz before  116964 <-> 100.00 % , nnz after  116964 <-> 100.00 %
TIDE square took      0.02 usr cpu s       0.03 sys cpu s       0.01 wall s
INDE NNZ Xsq = 116964 <-> 100.00 %
TIDE Frobenius norm of X-X^2 took      0.00 usr cpu s       0.00 sys cpu s       0.00 wall s
TIDE Mixed norm of X-X^2 took      0.00 usr cpu s       0.01 sys cpu s       0.00 wall s
TIDE Trace of X-X^2 took      0.00 usr cpu s       0.00 sys cpu s       0.00 wall s
INDE ||X-X^2||_F = 2.835766e-01 , ||X-X^2||_mixed = 2.369093e-01
INDE trace(X-X^2) = 1.260318e+00
INDE trace(X) = 4.833854e+01
INDE Checking stopping criterion...   
INDE Order of convergence cannot be computed
TIDE stopping_criterion took      0.00 usr cpu s       0.00 sys cpu s       0.00 wall s
TIDE Iteration 26 took      0.03 usr cpu s       0.05 sys cpu s       0.01 wall s
INDE     ITERATION 27 :
TIDE purify_X took      0.00 usr cpu s       0.00 sys cpu s       0.00 wall s
TIDE truncate_matrix took      0.00 usr cpu s       0.00 sys cpu s       0.00 wall s
INDE Actual introduced error   0.000000e+00 : nnz before  116964 <-> 100.00 % , nnz after  116964 <-> 100.00 %
TIDE square took      0.01 usr cpu s       0.04 sys cpu s       0.01 wall s
INDE NNZ Xsq = 116964 <-> 100.00 %
TIDE Frobenius norm of X-X^2 took      0.00 usr cpu s       0.00 sys cpu s       0.00 wall s
TIDE Mixed norm of X-X^2 took      0.01 usr cpu s       0.01 sys cpu s       0.00 wall s
TIDE Trace of X-X^2 took      0.00 usr cpu s       0.00 sys cpu s       0.00 wall s
INDE ||X-X^2||_F = 3.436266e-02 , ||X-X^2||_mixed = 2.955898e-02
INDE trace(X-X^2) = 1.172678e-01
INDE trace(X) = 4.707822e+01
INDE Checking stopping criterion...   
INDE e_i =2.955898e-02, C*e_{i-1}^q = 1.635269e-01
INDE Order of convergence = 2.914646, stop = 0
TIDE stopping_criterion took      0.00 usr cpu s       0.00 sys cpu s       0.00 wall s
TIDE Iteration 27 took      0.02 usr cpu s       0.06 sys cpu s       0.01 wall s
INDE     ITERATION 28 :
TIDE purify_X took      0.00 usr cpu s       0.00 sys cpu s       0.00 wall s
TIDE truncate_matrix took      0.00 usr cpu s       0.00 sys cpu s       0.00 wall s
INDE Actual introduced error   0.000000e+00 : nnz before  116964 <-> 100.00 % , nnz after  116964 <-> 100.00 %
TIDE square took      0.02 usr cpu s       0.04 sys cpu s       0.01 wall s
INDE NNZ Xsq = 116964 <-> 100.00 %
TIDE Frobenius norm of X-X^2 took      0.00 usr cpu s       0.00 sys cpu s       0.00 wall s
TIDE Mixed norm of X-X^2 took      0.00 usr cpu s       0.01 sys cpu s       0.00 wall s
TIDE Trace of X-X^2 took      0.00 usr cpu s       0.00 sys cpu s       0.00 wall s
INDE ||X-X^2||_F = 2.687532e-02 , ||X-X^2||_mixed = 2.659764e-02
INDE trace(X-X^2) = 4.033931e-02
INDE trace(X) = 4.696095e+01
INDE Checking stopping criterion...   
INDE Order of convergence cannot be computed
TIDE stopping_criterion took      0.00 usr cpu s       0.00 sys cpu s       0.00 wall s
TIDE Iteration 28 took      0.02 usr cpu s       0.06 sys cpu s       0.01 wall s
INDE     ITERATION 29 :
TIDE purify_X took      0.00 usr cpu s       0.00 sys cpu s       0.00 wall s
TIDE truncate_matrix took      0.00 usr cpu s       0.00 sys cpu s       0.00 wall s
INDE Actual introduced error   0.000000e+00 : nnz before  116964 <-> 100.00 % , nnz after  116964 <-> 100.00 %
TIDE square took      0.02 usr cpu s       0.04 sys cpu s       0.01 wall s
INDE NNZ Xsq = 116964 <-> 100.00 %
TIDE Frobenius norm of X-X^2 took      0.00 usr cpu s       0.00 sys cpu s       0.00 wall s
TIDE Mixed norm of X-X^2 took      0.00 usr cpu s       0.01 sys cpu s       0.00 wall s
TIDE Trace of X-X^2 took      0.00 usr cpu s       0.00 sys cpu s       0.00 wall s
INDE ||X-X^2||_F = 1.059320e-03 , ||X-X^2||_mixed = 9.560277e-04
INDE trace(X-X^2) = 2.794472e-03
INDE trace(X) = 4.700129e+01
INDE Checking stopping criterion...   
INDE e_i =9.560277e-04, C*e_{i-1}^q = 6.017575e-03
INDE Order of convergence = 2.522426, stop = 0
TIDE stopping_criterion took      0.00 usr cpu s       0.00 sys cpu s       0.00 wall s
TIDE Iteration 29 took      0.02 usr cpu s       0.06 sys cpu s       0.01 wall s
INDE     ITERATION 30 :
TIDE purify_X took      0.00 usr cpu s       0.00 sys cpu s       0.00 wall s
TIDE truncate_matrix took      0.00 usr cpu s       0.00 sys cpu s       0.00 wall s
INDE Actual introduced error   0.000000e+00 : nnz before  116964 <-> 100.00 % , nnz after  116964 <-> 100.00 %
TIDE square took      0.01 usr cpu s       0.04 sys cpu s       0.01 wall s
INDE NNZ Xsq = 116964 <-> 100.00 %
TIDE Frobenius norm of X-X^2 took      0.00 usr cpu s       0.00 sys cpu s       0.00 wall s
TIDE Mixed norm of X-X^2 took      0.00 usr cpu s       0.01 sys cpu s       0.00 wall s
TIDE Trace of X-X^2 took      0.00 usr cpu s       0.00 sys cpu s       0.00 wall s
INDE ||X-X^2||_F = 1.120746e-03 , ||X-X^2||_mixed = 1.113089e-03
INDE trace(X-X^2) = 1.503542e-03
INDE trace(X) = 4.699850e+01
INDE Checking stopping criterion...   
INDE e_i =1.113089e-03, C*e_{i-1}^q = 4.872243e-03
INDE Order of convergence = 2.407070, stop = 0
TIDE stopping_criterion took      0.00 usr cpu s       0.00 sys cpu s       0.00 wall s
TIDE Iteration 30 took      0.01 usr cpu s       0.07 sys cpu s       0.01 wall s
INDE     ITERATION 31 :
TIDE purify_X took      0.00 usr cpu s       0.00 sys cpu s       0.00 wall s
TIDE truncate_matrix took      0.00 usr cpu s       0.00 sys cpu s       0.00 wall s
INDE Actual introduced error   0.000000e+00 : nnz before  116964 <-> 100.00 % , nnz after  116964 <-> 100.00 %
TIDE square took      0.01 usr cpu s       0.05 sys cpu s       0.01 wall s
INDE NNZ Xsq = 116964 <-> 100.00 %
TIDE Frobenius norm of X-X^2 took      0.00 usr cpu s       0.00 sys cpu s       0.00 wall s
TIDE Mixed norm of X-X^2 took      0.00 usr cpu s       0.01 sys cpu s       0.00 wall s
TIDE Trace of X-X^2 took      0.00 usr cpu s       0.00 sys cpu s       0.00 wall s
INDE ||X-X^2||_F = 1.408664e-06 , ||X-X^2||_mixed = 1.348579e-06
INDE trace(X-X^2) = 2.875403e-06
INDE trace(X) = 4.700000e+01
INDE Checking stopping criterion...   
INDE e_i =1.348579e-06, C*e_{i-1}^q = 6.294825e-06
INDE Order of convergence = 2.221593, stop = 0
TIDE stopping_criterion took      0.00 usr cpu s       0.00 sys cpu s       0.00 wall s
TIDE Iteration 31 took      0.02 usr cpu s       0.06 sys cpu s       0.01 wall s
INDE     ITERATION 32 :
TIDE purify_X took      0.00 usr cpu s       0.00 sys cpu s       0.00 wall s
TIDE truncate_matrix took      0.00 usr cpu s       0.00 sys cpu s       0.00 wall s
INDE Actual introduced error   0.000000e+00 : nnz before  116964 <-> 100.00 % , nnz after  116964 <-> 100.00 %
TIDE square took      0.02 usr cpu s       0.04 sys cpu s       0.01 wall s
INDE NNZ Xsq = 116964 <-> 100.00 %
TIDE Frobenius norm of X-X^2 took      0.00 usr cpu s       0.00 sys cpu s       0.00 wall s
TIDE Mixed norm of X-X^2 took      0.00 usr cpu s       0.01 sys cpu s       0.00 wall s
TIDE Trace of X-X^2 took      0.00 usr cpu s       0.00 sys cpu s       0.00 wall s
INDE ||X-X^2||_F = 1.895825e-06 , ||X-X^2||_mixed = 1.768548e-06
INDE trace(X-X^2) = 3.234103e-06
INDE trace(X) = 4.700000e+01
INDE Checking stopping criterion...   
INDE Order of convergence cannot be computed
TIDE stopping_criterion took      0.00 usr cpu s       0.00 sys cpu s       0.00 wall s
TIDE Iteration 32 took      0.03 usr cpu s       0.05 sys cpu s       0.01 wall s
INDE     ITERATION 33 :
TIDE purify_X took      0.00 usr cpu s       0.00 sys cpu s       0.00 wall s
TIDE truncate_matrix took      0.00 usr cpu s       0.00 sys cpu s       0.00 wall s
INDE Actual introduced error   0.000000e+00 : nnz before  116964 <-> 100.00 % , nnz after  116964 <-> 100.00 %
TIDE square took      0.02 usr cpu s       0.04 sys cpu s       0.01 wall s
INDE NNZ Xsq = 116964 <-> 100.00 %
TIDE Frobenius norm of X-X^2 took      0.00 usr cpu s       0.00 sys cpu s       0.00 wall s
TIDE Mixed norm of X-X^2 took      0.00 usr cpu s       0.01 sys cpu s       0.00 wall s
TIDE Trace of X-X^2 took      0.00 usr cpu s       0.00 sys cpu s       0.00 wall s
INDE ||X-X^2||_F = 3.470984e-12 , ||X-X^2||_mixed = 3.388194e-12
INDE trace(X-X^2) = 5.762502e-12
INDE trace(X) = 4.700000e+01
INDE Checking stopping criterion...   
INDE e_i =3.388194e-12, C*e_{i-1}^q = 1.252552e-11
INDE Order of convergence = 2.096732, stop = 0
TIDE stopping_criterion took      0.00 usr cpu s       0.00 sys cpu s       0.00 wall s
TIDE Iteration 33 took      0.02 usr cpu s       0.06 sys cpu s       0.01 wall s
INDE     ITERATION 34 :
TIDE purify_X took      0.00 usr cpu s       0.00 sys cpu s       0.00 wall s
TIDE truncate_matrix took      0.00 usr cpu s       0.00 sys cpu s       0.00 wall s
INDE Actual introduced error   0.000000e+00 : nnz before  116964 <-> 100.00 % , nnz after  116964 <-> 100.00 %
TIDE square took      0.02 usr cpu s       0.04 sys cpu s       0.01 wall s
INDE NNZ Xsq = 116964 <-> 100.00 %
TIDE Frobenius norm of X-X^2 took      0.00 usr cpu s       0.00 sys cpu s       0.00 wall s
TIDE Mixed norm of X-X^2 took      0.00 usr cpu s       0.01 sys cpu s       0.00 wall s
TIDE Trace of X-X^2 took      0.00 usr cpu s       0.00 sys cpu s       0.00 wall s
INDE ||X-X^2||_F = 4.108882e-12 , ||X-X^2||_mixed = 4.108644e-12
INDE trace(X-X^2) = 4.348522e-12
INDE trace(X) = 4.700000e+01
INDE Checking stopping criterion...   
INDE Order of convergence cannot be computed
TIDE stopping_criterion took      0.00 usr cpu s       0.00 sys cpu s       0.00 wall s
TIDE Iteration 34 took      0.02 usr cpu s       0.05 sys cpu s       0.01 wall s
INDE     ITERATION 35 :
TIDE purify_X took      0.00 usr cpu s       0.00 sys cpu s       0.00 wall s
TIDE truncate_matrix took      0.00 usr cpu s       0.00 sys cpu s       0.00 wall s
INDE Actual introduced error   0.000000e+00 : nnz before  116964 <-> 100.00 % , nnz after  116964 <-> 100.00 %
TIDE square took      0.01 usr cpu s       0.04 sys cpu s       0.01 wall s
INDE NNZ Xsq = 116964 <-> 100.00 %
TIDE Frobenius norm of X-X^2 took      0.00 usr cpu s       0.00 sys cpu s       0.00 wall s
TIDE Mixed norm of X-X^2 took      0.00 usr cpu s       0.00 sys cpu s       0.00 wall s
TIDE Trace of X-X^2 took      0.00 usr cpu s       0.00 sys cpu s       0.00 wall s
INDE ||X-X^2||_F = 2.291845e-15 , ||X-X^2||_mixed = 0.000000e+00
INDE trace(X-X^2) = 0.000000e+00
INDE trace(X) = 4.700000e+01
INDE Checking stopping criterion...   
INDE ************************************************************************************************************
INDE The norm value went much below machine precision, therefore we stop here since n_max can be underestimated.
INDE ************************************************************************************************************
INDE e_i =0.000000e+00, C*e_{i-1}^q = 7.906409e-23
INDE Order of convergence = inf, stop = 1
TIDE stopping_criterion took      0.00 usr cpu s       0.00 sys cpu s       0.00 wall s
INDE PURIFICATION CONVERGED after 35 iterations
TIDE Iteration 35 took      0.02 usr cpu s       0.05 sys cpu s       0.01 wall s
INDE Number of non-zeros in D is  116964 <-> 100.00 %
TIDE FileWritable::writeAndReadAll took      0.00 usr cpu s       0.00 sys cpu s       0.00 wall s
INDE writeAndReadAll sizesStr: '0 MB (1 MatrixGeneral, 0 > 1 MB) + 0 MB (13 MatrixSymmetric, 0 > 1 MB) + 0 MB (2 VectorGeneral, 0 > 1 MB) = 0 MB (16 total, 0 > 1 MB)
INDE TOTAL accumulated subspace error is 0.000000e+00
INDE TOTAL X square time: 0.256827 wall s
INDE TOTAL X trunction time: 0.009291 wall s
INDE TOTAL X purify (exl. X^2 computation) time: 0.009216 wall s
INDE TOTAL time to get number of non-zero elements: 0.002916 wall s
INDE TOTAL time to get mixed norm: 0.084407 wall s
INDE TOTAL time to get Frobenius norm: 0.009771 wall s
INDE TOTAL time for stopping criterion: 0.003875 wall s
INDE TOTAL time to get matrix trace: 0.001616 wall s
INDE Estimated bounds for the eigenvalues for the Fock matrix:
INDE LUMO: [ 0.035549881897 , 0.056525799224 ]
INDE HOMO: [ -0.357277251659 , -0.348180952278 ]
TIDE eigenvalue_bounds_estimation() took      0.00 usr cpu s       0.00 sys cpu s       0.00 wall s
TIDE Recursive expansion took      0.93 usr cpu s       2.65 sys cpu s       0.46 wall s
TIDE Puri->PurificationStart() took      0.93 usr cpu s       2.65 sys cpu s       0.46 wall s
TIDE Accumulated wall times for writeToFile in PurificationStart()          : 9.5e-07 s (MatrixGeneral) + 1.9e-06 s (MatrixSymmetric) + 0.00012 s (VectorGeneral) = 0.00012 s
TIDE Accumulated wall times for readFromFile in PurificationStart()         : 0 s (MatrixGeneral) + 9.5e-07 s (MatrixSymmetric) + 5.2e-05 s (VectorGeneral) = 5.3e-05 s
TIDE Accumulated wall times for copy and assign in PurificationStart()      : 1.9e-06 s (MatrixSymmetric) + 5.2e-05 s (VectorGeneral) = 5.4e-05 s
INDE Number of calls to writeToFile in PurificationStart()                  : 2 (MatrixGeneral) + 27 (MatrixSymmetric) + 1485 (VectorGeneral) = 1514 
INDE Number of calls to readFromFile in PurificationStart()                 : 2 (MatrixGeneral) + 26 (MatrixSymmetric) + 587 (VectorGeneral) = 615 
INDE Number of calls to FileWritable copy and assign in PurificationStart() : 2 (MatrixSymmetric) + 37 (VectorGeneral) = 39 
TIDE mat::Gblas::time after purification :     2.264838
INDE Created .m files with results of the purification
INDE Purification converged OK, subspaceError <=          0.00000000000
INDE E(LUMO) - E(HOMO) >=          0.38373083418 =         10.44184799316 eV
INDE E(LUMO) - E(HOMO) <=          0.41380305088 =         11.26015470116 eV
INDE HOMO interval : [   -0.357277251659   -0.348180952278 ]
INDE LUMO interval : [    0.035549881897    0.056525799224 ]
INDE Trace of resulting density matrix is         47.00000000000, error is   0.00000000000001.
INDE Truncated D_ort ( mixed ), selected threshold = 9.99999e-08, returned error =          0, nnz before = 116964 <-> 100.0000 %, nnz after = 116964 <-> 100.0000 %
TIDE FileWritable::writeAndReadAll took      0.00 usr cpu s       0.00 sys cpu s       0.00 wall s
INDE writeAndReadAll sizesStr: '0 MB (1 MatrixGeneral, 0 > 1 MB) + 0 MB (12 MatrixSymmetric, 0 > 1 MB) + 0 MB (1 MatrixTriangular, 0 > 1 MB) = 0 MB (14 total, 0 > 1 MB)
TIDE D_w to non-orthogonal basis took      0.00 usr cpu s       0.05 sys cpu s       0.01 wall s
INDE Truncated D_S (eucl with Z), selected threshold = 9.99999e-08, returned error =          0, nnz before = 100.0000 %, nnz after = 100.0000 %
INDE get_dens_from_fock_sparse ending OK
TIDE get_dens_from_fock_sparse took      1.22 usr cpu s       3.75 sys cpu s       0.64 wall s
ERDE get_dens_from_fock  (GetDensFromFock class) : purification finished OK.
TIDE get_dens_from_fock took      1.22 usr cpu s       3.75 sys cpu s       0.64 wall s
INSC Matrix 'new density matrix' ( symm ): n =    342, nnz =       116964 <-> 100.00 %, mem usage  0.0005 G
INSC Tr( D * S ) =         93.99999999994
TISC get_new_density_matrix took      1.22 usr cpu s       3.75 sys cpu s       0.64 wall s
INSC SCF_restricted::report_density_difference, diff_eucl =          0.00416673251
TISC SCF_restricted::report_density_difference took      0.01 usr cpu s       0.07 sys cpu s       0.01 wall s
INMA ddf_writeShellListAndDensityMatricesToFile_sparse, n =    342, densityMatrixList[0].nvalues =       58653
INMA opened temporary file 'density.bin.f7TYNk' for writing
INMA Choosing matrixStorageType = MATRIX_STORAGE_TYPE_TRIANGLE.
INMA fileSize =          560392 bytes =      0.560 MegaBytes
INMA renamed file 'density.bin.f7TYNk' to 'density.bin'
INMA ddf_writeShellListAndDensityMatricesToFile_sparse freeing buffer.
INMA ddf_writeShellListAndDensityMatricesToFile_sparse returning OK.
TISC write_density_to_file took      0.01 usr cpu s       0.05 sys cpu s       0.01 wall s
INSC Creating mtx file for Fock matrix
INSC Creating mtx file for density matrix
INSC SCF cycle   8 finished.
TISC SCF cycle   8 took   1162.07 usr cpu s       6.02 sys cpu s     182.42 wall s
INSC Beginning of SCF cycle 9:  Thu Mar 26 20:33:25 2026
INDE compute_J_by_boxes_sparse() start.
TIDE FileWritable::writeAndReadAll took      0.00 usr cpu s       0.00 sys cpu s       0.00 wall s
INDE writeAndReadAll: '0 MB (1 MatrixGeneral, 0 > 1 MB) + 0 MB (11 MatrixSymmetric, 0 > 1 MB) = 0 MB (12 total, 0 > 1 MB)
IN   compute_J_by_boxes_sparse, maxDensityMatrixElement =         22.35802935328
ININ get_basis_func_pair_list, n =    342
ININ create_box_system end OK, toplevelBoxSize:   7.0, #levels:  3, #boxes at top level:      6
TIIN get_basis_func_pair_list_2el took      0.16 usr cpu s       0.00 sys cpu s       0.16 wall s
IN   compute_J_by_boxes_sparse: noOfBasisFuncIndexPairs = 54626 ==> storing  46.70 % of a full matrix
ININ entering compute_J_by_boxes_linear, no of basis funcs =   342, threshold_J =   1e-16
ININ use_fmm = 1, fmm_box_size =   5.00
TIIN Compute extent for all distrs took      0.51 usr cpu s       0.00 sys cpu s       0.51 wall s
ININ extent_min =    0.000, extent_max =   22.744
ININ Creating list of distributions etc done, distrCount =    388106
TIIN Creating list of distributions etc took      0.73 usr cpu s       0.00 sys cpu s       0.73 wall s
ININ create_box_system end OK, toplevelBoxSize:   5.0, #levels:  3, #boxes at top level:     10
TIIN Creating boxes took      0.04 usr cpu s       0.01 sys cpu s       0.06 wall s
ININ noOfBranches = 6, splitters:  20.00 10.00  5.00  2.50  0.00
ININ J org done, groupCount =    16614
TIIN J org took      1.69 usr cpu s       0.00 sys cpu s       1.70 wall s
TIIN Generate group multipoles took      0.70 usr cpu s       0.00 sys cpu s       0.70 wall s
ININ totChargeWholeSystem =          0.00000000000
ININ Generating multipole for each branch at top level, MAX_MULTIPOLE_DEGREE = 15
TIIN Translate multipoles (step 1) took      0.47 usr cpu s       0.00 sys cpu s       0.47 wall s
TIIN Translate multipoles (step 2) took      0.10 usr cpu s       0.00 sys cpu s       0.10 wall s
ININ job lists for J created OK, noOfJobs_J_standard =     1733, noOfJobs_J_multipole =      193
TIIN Creating job lists for J took      0.00 usr cpu s       0.00 sys cpu s       0.00 wall s
ININ execute_joblist_J_std_threaded, noOfThreads =  8
ININ 8 threads started OK.
ININ all 8 threads have finished.
TIIN execute_joblist_J_std_threaded took    275.52 usr cpu s       0.15 sys cpu s      40.65 wall s
TIIN sort_list_of_multipole_jobs init part took      0.00 usr cpu s       0.00 sys cpu s       0.00 wall s
TIIN sort_list_of_multipole_jobs complete took      0.00 usr cpu s       0.00 sys cpu s       0.00 wall s
TIIN sort_list_of_multipole_jobs took      0.00 usr cpu s       0.00 sys cpu s       0.00 wall s
ININ execute_joblist_J_fmm_shared: Allocating multipoleList_4, maxnoOfMinimalDistrsPerBoxBranch =     63209
ININ execute_joblist_J_fmm_shared: jobIndexLo =            0, jobIndexHi =           24
ININ execute_joblist_J_fmm_shared: Allocating multipoleList_4, maxnoOfMinimalDistrsPerBoxBranch =     63209
ININ execute_joblist_J_fmm_shared: jobIndexLo =           24, jobIndexHi =           48
ININ execute_joblist_J_fmm_shared: Allocating multipoleList_4, maxnoOfMinimalDistrsPerBoxBranch =     63209
ININ execute_joblist_J_fmm_shared: Allocating multipoleList_4, maxnoOfMinimalDistrsPerBoxBranch =     63209
ININ execute_joblist_J_fmm_shared: jobIndexLo =           72, jobIndexHi =           96
ININ execute_joblist_J_fmm_shared: jobIndexLo =           48, jobIndexHi =           72
ININ execute_joblist_J_fmm_shared: Allocating multipoleList_4, maxnoOfMinimalDistrsPerBoxBranch =     63209
ININ execute_joblist_J_fmm_shared: jobIndexLo =           96, jobIndexHi =          120
ININ execute_joblist_J_fmm_shared: Allocating multipoleList_4, maxnoOfMinimalDistrsPerBoxBranch =     63209
ININ execute_joblist_J_fmm_shared: jobIndexLo =          120, jobIndexHi =          144
ININ execute_joblist_J_fmm_shared: Allocating multipoleList_4, maxnoOfMinimalDistrsPerBoxBranch =     63209
ININ execute_joblist_J_fmm_shared: jobIndexLo =          144, jobIndexHi =          168
ININ execute_joblist_J_fmm_shared: Allocating multipoleList_4, maxnoOfMinimalDistrsPerBoxBranch =     63209
ININ execute_joblist_J_fmm_shared: jobIndexLo =          168, jobIndexHi =          193
ININ execute_joblist_J_fmm_shared: done!
ININ execute_joblist_J_fmm_shared: done!
ININ execute_joblist_J_fmm_shared: done!
ININ execute_joblist_J_fmm_shared: done!
ININ execute_joblist_J_fmm_shared: done!
ININ execute_joblist_J_fmm_shared: done!
ININ execute_joblist_J_fmm_shared: done!
ININ execute_joblist_J_fmm_shared: done!
ININ multipole job list for J executed, largest L used: 11
TIIN Executing multipole job list for J took      0.63 usr cpu s       0.00 sys cpu s       0.25 wall s
ININ compute_J_by_boxes_linear ending OK.
TIIN compute_J_by_boxes_linear took    279.90 usr cpu s       0.17 sys cpu s      44.68 wall s
TI   compute_J_by_boxes_sparse total took    280.07 usr cpu s       0.17 sys cpu s      44.84 wall s
ININ entering create_CSR_for_K, no of basis funcs =   342, threshold_K =   1e-16
ININ create_box_system end OK, toplevelBoxSize:   7.0, #levels:  3, #boxes at top level:      6
ININ create_box_system end OK, toplevelBoxSize:   7.0, #levels:  3, #boxes at top level:      6
ININ create_box_system end OK, toplevelBoxSize:   7.0, #levels:  3, #boxes at top level:      6
TIIN create_CSR_for_K getting list of distrs took      0.45 usr cpu s       0.00 sys cpu s       0.45 wall s
ININ list of neighbors complete.
TIIN create_CSR_for_K getting list of neighbors took      0.00 usr cpu s       0.00 sys cpu s       0.00 wall s
TIIN create_CSR_for_K sort each list of neighbors took      0.06 usr cpu s       0.00 sys cpu s       0.06 wall s
ININ 8 threads started OK.
TIIN identify_needed_elements() took    697.39 usr cpu s       0.46 sys cpu s      90.18 wall s
ININ computing nnz..
ININ create_CSR_for_K: predicted nnz =        58653, <->  50.15% of a full matrix
TIIN create_CSR_for_K last part took      0.00 usr cpu s       0.00 sys cpu s       0.00 wall s
TIIN create_CSR_for_K total took    697.91 usr cpu s       0.46 sys cpu s      90.70 wall s
ININ entering compute_K_by_boxes, no of basis funcs =   342, threshold_K =   1e-16, exchange_box_size =   5.00
ININ create_box_system end OK, toplevelBoxSize:   7.0, #levels:  3, #boxes at top level:      6
ININ create_box_system end OK, toplevelBoxSize:   7.0, #levels:  3, #boxes at top level:      6
ININ create_box_system end OK, toplevelBoxSize:   7.0, #levels:  3, #boxes at top level:      6
TIIN Compute extent for all distrs took      0.50 usr cpu s       0.00 sys cpu s       0.50 wall s
ININ Creating list of distributions done, distrCountTot =    388106
TIIN Creating list of distributions took      0.78 usr cpu s       0.00 sys cpu s       0.78 wall s
ININ create_box_system end OK, toplevelBoxSize:   5.0, #levels:  3, #boxes at top level:     10
ININ create_box_system end OK, toplevelBoxSize:   2.5, #levels:  4, #boxes at top level:     16
ININ noOfLevelsBasisFuncs = 4, noOfLevelsDiff = 1
TIIN Creating boxes etc took      0.04 usr cpu s       0.00 sys cpu s       0.04 wall s
TIIN getting multipoleNormVectorList took      0.78 usr cpu s       0.00 sys cpu s       0.78 wall s
TIIN K organize_distributions for all boxes took      2.20 usr cpu s       0.01 sys cpu s       2.22 wall s
ININ starting loop to setup basisFuncGroupInfoList, with added index checks.
TIIN GetLimitsAllLevels took      0.34 usr cpu s       0.00 sys cpu s       0.34 wall s
ININ getDmatLimitMatrixCSRList start.
TIIN getting densityMatrixLimitMatrixList took      0.02 usr cpu s       0.00 sys cpu s       0.02 wall s
ININ job list for K created,       55 jobs
TIIN creating job list for K took      0.00 usr cpu s       0.00 sys cpu s       0.00 wall s
ININ execute_joblist_K_threaded, noOfThreads =  8, basisFuncListCount_max =   333
ININ 8 threads started OK.
ININ all 8 threads have finished, took       35 wall s.
TIIN Executing job list for K took    178.65 usr cpu s       0.09 sys cpu s      35.34 wall s
TIIN compute_K_by_boxes took    182.82 usr cpu s       0.10 sys cpu s      39.52 wall s
TI   compute_K_by_boxes_sparse total took    880.75 usr cpu s       0.56 sys cpu s     130.25 wall s
INSC About to truncate FockMatrix, gap of Fprev >=          0.38373083418
TISC symmMatrix::mixed_diff for F vs Fprev maxEigValMovement_mixed took      0.00 usr cpu s       0.00 sys cpu s       0.00 wall s
TISC symmMatrix::eucl_diff for maxEigValMovement_eucl  took      0.03 usr cpu s       0.12 sys cpu s       0.03 wall s
INSC maxEigValMovement_frob  =          0.00014001374
INSC maxEigValMovement_mixed =          0.00010399767
INSC maxEigValMovement_eucl  =          0.00006029044
TISC FockMatrix.eucl_thresh() (with Z) took      0.15 usr cpu s       0.47 sys cpu s       0.10 wall s
INSC Truncated FockMatrix (eucl with Z), selected threshold = 3.8361e-08, returned error =          0, nnz before = 100.0000 %, nnz after = 100.0000 %
INSC Matrix 'S' ( symm ): n =    342, nnz =       116964 <-> 100.00 %, mem usage  0.0005 G
INSC Matrix 'F' ( symm ): n =    342, nnz =       116964 <-> 100.00 %, mem usage  0.0005 G
INSC Matrix 'D' ( symm ): n =    342, nnz =       116964 <-> 100.00 %, mem usage  0.0005 G
INSC nuclearEnergy, energy_2el, energy = 782.160484, 1007.253440, -645.112846
INSC Energy   9 =       -645.11284581181  ( diff     -0.000000010220447 )
INSC calling compute_FDSminusSDF_sparse, n = 342
INDE compute_FDSminusSDF_sparse() start.
TIDE FileWritable::writeAndReadAll took      0.00 usr cpu s       0.00 sys cpu s       0.00 wall s
INDE writeAndReadAll: '0 MB (1 MatrixGeneral, 0 > 1 MB) + 0 MB (9 MatrixSymmetric, 0 > 1 MB) = 0 MB (10 total, 0 > 1 MB)
TISC compute_FDSminusSDF_sparse, F*D mult took      0.03 usr cpu s       0.07 sys cpu s       0.01 wall s
INSC Matrix 'FD before eucl truncation' (normal): n =    342, nnz =       116964 <-> 100.00 %, mem usage  0.0009 G
INSC Matrix 'FD after  eucl truncation' (normal): n =    342, nnz =       116964 <-> 100.00 %, mem usage  0.0009 G
INSC Matrix 'FDS before eucl truncation' (normal): n =    342, nnz =       116964 <-> 100.00 %, mem usage  0.0009 G
INSC Matrix 'FDS after  eucl truncation' (normal): n =    342, nnz =       116964 <-> 100.00 %, mem usage  0.0009 G
INSC compute_FDSminusSDF_sparse ending OK.
TISC compute_FDSminusSDF_sparse took      0.09 usr cpu s       0.29 sys cpu s       0.05 wall s
INSC Matrix 'FDS-SDF' (normal): n =    342, nnz =       116964 <-> 100.00 %, mem usage  0.0009 G
INSC SCF_restricted::get_FDSminusSDF finished.
TISC get_FDSminusSDF took      0.09 usr cpu s       0.29 sys cpu s       0.05 wall s
INSC maxabs FDS-SDF is 5.56e-06
INSC frob   FDS-SDF is  9.8e-05
TISC get_error_measure took      0.00 usr cpu s       0.01 sys cpu s       0.00 wall s
INSC entering DIISManagerRestricted::AddIterationToList, IterCount =  8
INSC DIISManagerRestricted::AddIterationToList ending OK.
TISC DIISManagerRestricted::AddIterationToList took      0.01 usr cpu s       0.02 sys cpu s       0.00 wall s
INSC using DIIS to get combined Fock matrix, number of iters used for DIIS:  9
TISC clear_error_matrices took      0.00 usr cpu s       0.00 sys cpu s       0.00 wall s
TISC save_current_fock_as_fprev took      0.00 usr cpu s       0.00 sys cpu s       0.00 wall s
INDE get_dens_from_fock_general, n = 342, use_diagonalization = 0, use_diag_on_error = 1
INDE Before writeAndReadAll(): AllocatorManager statistics:  noOfRealsPerBuffer: 1024 noOfBuffers: 20000 list.size(): 1. Allocated: 0.164 GB, Used: 0.0168 GB, Peak alloc: 0.164 GB.
TIDE FileWritable::writeAndReadAll took      0.00 usr cpu s       0.00 sys cpu s       0.00 wall s
INDE writeAndReadAll sizesStr: '0 MB (1 MatrixGeneral, 0 > 1 MB) + 0 MB (7 MatrixSymmetric, 0 > 1 MB) = 0 MB (8 total, 0 > 1 MB)
INDE After writeAndReadAll(): AllocatorManager statistics:  noOfRealsPerBuffer: 1024 noOfBuffers: 20000 list.size(): 1. Allocated: 0.164 GB, Used: 0.0168 GB, Peak alloc: 0.164 GB.
INDE calling get_dens_from_fock_sparse, n =    342, subspaceErrorLimit = 1e-06
INDE get_dens_from_fock_sparse() start!
INDE After F.readFromFile(): AllocatorManager statistics:  noOfRealsPerBuffer: 1024 noOfBuffers: 20000 list.size(): 1. Allocated: 0.164 GB, Used: 0.0168 GB, Peak alloc: 0.164 GB.
INDE After creating wrapper MatrixType F_w(F): AllocatorManager statistics:  noOfRealsPerBuffer: 1024 noOfBuffers: 20000 list.size(): 1. Allocated: 0.164 GB, Used: 0.0173 GB, Peak alloc: 0.164 GB.
TIDE  F_w to orthogonal basis took      0.02 usr cpu s       0.05 sys cpu s       0.01 wall s
TIDE MatrixType::mixed_diff for maxEigValMovement_mixed took      0.01 usr cpu s       0.01 sys cpu s       0.00 wall s
TIDE symmMatrixWrap::eucl_diff for maxEigValMovement_eucl  took      0.06 usr cpu s       0.35 sys cpu s       0.05 wall s
INDE maxEigValMovement_frob  =          0.00007971163
INDE maxEigValMovement_mixed =          0.00004837535
INDE maxEigValMovement_eucl  =          0.00001894670
INDE lumo before truncation: [ 0.035530935197 , 0.056544745924 ]
INDE homo before truncation: [ -0.357296198359 , -0.348162005578 ]
INDE Truncate matrix F and update intervals for homo and lumo.
INDE Truncating F_ort ( mixed ), selected threshold = 3.83693e-08
INDE Truncated F_ort ( mixed ), selected threshold = 3.83693e-08, returned error =          0, nnz before = 100.0000 %, nnz after = 100.0000 %
TIDE Truncation of F_ort took      0.00 usr cpu s       0.00 sys cpu s       0.00 wall s
INDE Chosen Ergo Wrapper
INDE Creating purification object: N = 342 , nocc = 47 , NNZ = 116964  <-> 100.00000 %
INDE Chosen norm for the truncation: 
INDE mixed
INDE Chosen norm for the stopping criterion: 
INDE mixed
INDE Chosen the NEW stopping criterion.
INDE Allowed error in subspace 7.000000e-07
INDE Chosen SP2 purification method
INDE calling Puri->PurificationStart(), number of threads = 1, trunc norm 'mixed'
TIDE gershgorin took      0.00 usr cpu s       0.01 sys cpu s       0.00 wall s
INDE Gershgorin bounds: [ -59.820865477906 , 100.436329497059 ]
INDE EXPANDED Gershgorin bounds: [ -59.820865492807 , 100.436329511960 ]
INDE Trying to impove bounds using Lanczos algorithm...
TIDE compute_spectrum_bounds took      0.10 usr cpu s       0.42 sys cpu s       0.08 wall s
INDE Spectrum of F: 	 [ -20.624838421154 , 51.715195478062 ]
INDE Transform homo and lumo bounds...
INDE HOMO bounds of X: 	 [ 0.719703249741 , 0.719829517207 ]
INDE LUMO bounds of X: 	 [ 0.714108743771 , 0.714399230374 ]
INDE INIT LUMO: [ 0.714108743771 , 0.714399230374 ]
INDE INIT HOMO: [ 0.280170482793 , 0.280296750259 ]
INDE ESTIMATED NUMBER OF ITERATIONS IS 35
INDE Put eigenvalues of F to the interval [0,1] in reverse order.
TIDE compute_X() took      0.00 usr cpu s       0.00 sys cpu s       0.00 wall s
TIDE prepare_to_purification() took      0.11 usr cpu s       0.42 sys cpu s       0.08 wall s
INDE (EIGV,PARAMS) Requested 0 occipied eigenpair(s).
INDE (EIGV,PARAMS) Requested 0 unoccipied eigenpair(s).
TIDE prepare_to_purification_eigenvectors() took      0.00 usr cpu s       0.00 sys cpu s       0.00 wall s
INDE Starting recursive expansion
INDE     BEFORE ITERATIONS:
TIDE truncate_matrix took      0.00 usr cpu s       0.00 sys cpu s       0.00 wall s
INDE Actual introduced error   0.000000e+00 : nnz before  116964 <-> 100.00 % , nnz after  116964 <-> 100.00 %
TIDE square took      0.03 usr cpu s       0.03 sys cpu s       0.01 wall s
INDE NNZ Xsq = 116964 <-> 100.00 %
TIDE Frobenius norm of X-X^2 took      0.00 usr cpu s       0.00 sys cpu s       0.00 wall s
TIDE Mixed norm of X-X^2 took      0.01 usr cpu s       0.02 sys cpu s       0.00 wall s
TIDE Trace of X-X^2 took      0.00 usr cpu s       0.00 sys cpu s       0.00 wall s
INDE ||X-X^2||_F = 3.852014e+00 , ||X-X^2||_mixed = 1.286053e+00
INDE trace(X-X^2) = 7.012956e+01
INDE trace(X) = 2.342456e+02
TIDE Iteration 0 took      0.04 usr cpu s       0.05 sys cpu s       0.01 wall s
TIDE FileWritable::writeAndReadAll took      0.00 usr cpu s       0.00 sys cpu s       0.00 wall s
INDE writeAndReadAll sizesStr: '0 MB (1 MatrixGeneral, 0 > 1 MB) + 0 MB (13 MatrixSymmetric, 0 > 1 MB) + 0 MB (2 VectorGeneral, 0 > 1 MB) = 0 MB (16 total, 0 > 1 MB)
INDE     ITERATION 1 :
TIDE purify_X took      0.00 usr cpu s       0.00 sys cpu s       0.00 wall s
TIDE truncate_matrix took      0.00 usr cpu s       0.00 sys cpu s       0.00 wall s
INDE Actual introduced error   0.000000e+00 : nnz before  116964 <-> 100.00 % , nnz after  116964 <-> 100.00 %
TIDE square took      0.01 usr cpu s       0.05 sys cpu s       0.01 wall s
INDE NNZ Xsq = 116964 <-> 100.00 %
TIDE Frobenius norm of X-X^2 took      0.00 usr cpu s       0.00 sys cpu s       0.00 wall s
TIDE Mixed norm of X-X^2 took      0.00 usr cpu s       0.02 sys cpu s       0.00 wall s
TIDE Trace of X-X^2 took      0.00 usr cpu s       0.00 sys cpu s       0.00 wall s
INDE ||X-X^2||_F = 4.467938e+00 , ||X-X^2||_mixed = 1.460677e+00
INDE trace(X-X^2) = 8.127625e+01
INDE trace(X) = 1.641160e+02
TIDE Iteration 1 took      0.02 usr cpu s       0.07 sys cpu s       0.01 wall s
INDE     ITERATION 2 :
TIDE purify_X took      0.00 usr cpu s       0.00 sys cpu s       0.00 wall s
TIDE truncate_matrix took      0.00 usr cpu s       0.00 sys cpu s       0.00 wall s
INDE Actual introduced error   0.000000e+00 : nnz before  116964 <-> 100.00 % , nnz after  116964 <-> 100.00 %
TIDE square took      0.01 usr cpu s       0.04 sys cpu s       0.01 wall s
INDE NNZ Xsq = 116964 <-> 100.00 %
TIDE Frobenius norm of X-X^2 took      0.00 usr cpu s       0.00 sys cpu s       0.00 wall s
TIDE Mixed norm of X-X^2 took      0.00 usr cpu s       0.02 sys cpu s       0.00 wall s
TIDE Trace of X-X^2 took      0.00 usr cpu s       0.00 sys cpu s       0.00 wall s
INDE ||X-X^2||_F = 3.254697e+00 , ||X-X^2||_mixed = 1.135626e+00
INDE trace(X-X^2) = 5.849020e+01
INDE trace(X) = 8.283976e+01
INDE Checking stopping criterion...   
INDE Order of convergence cannot be computed
TIDE stopping_criterion took      0.00 usr cpu s       0.00 sys cpu s       0.00 wall s
TIDE Iteration 2 took      0.01 usr cpu s       0.07 sys cpu s       0.01 wall s
INDE     ITERATION 3 :
TIDE purify_X took      0.00 usr cpu s       0.00 sys cpu s       0.00 wall s
TIDE truncate_matrix took      0.00 usr cpu s       0.00 sys cpu s       0.00 wall s
INDE Actual introduced error   0.000000e+00 : nnz before  116964 <-> 100.00 % , nnz after  116964 <-> 100.00 %
TIDE square took      0.03 usr cpu s       0.03 sys cpu s       0.01 wall s
INDE NNZ Xsq = 116964 <-> 100.00 %
TIDE Frobenius norm of X-X^2 took      0.00 usr cpu s       0.00 sys cpu s       0.00 wall s
TIDE Mixed norm of X-X^2 took      0.01 usr cpu s       0.02 sys cpu s       0.00 wall s
TIDE Trace of X-X^2 took      0.00 usr cpu s       0.00 sys cpu s       0.00 wall s
INDE ||X-X^2||_F = 4.290382e+00 , ||X-X^2||_mixed = 1.444683e+00
INDE trace(X-X^2) = 7.741617e+01
INDE trace(X) = 1.413300e+02
INDE Checking stopping criterion...   
INDE Order of convergence cannot be computed
TIDE stopping_criterion took      0.00 usr cpu s       0.00 sys cpu s       0.00 wall s
TIDE Iteration 3 took      0.05 usr cpu s       0.05 sys cpu s       0.01 wall s
INDE     ITERATION 4 :
TIDE purify_X took      0.00 usr cpu s       0.00 sys cpu s       0.00 wall s
TIDE truncate_matrix took      0.00 usr cpu s       0.00 sys cpu s       0.00 wall s
INDE Actual introduced error   0.000000e+00 : nnz before  116964 <-> 100.00 % , nnz after  116964 <-> 100.00 %
TIDE square took      0.01 usr cpu s       0.05 sys cpu s       0.01 wall s
INDE NNZ Xsq = 116964 <-> 100.00 %
TIDE Frobenius norm of X-X^2 took      0.00 usr cpu s       0.00 sys cpu s       0.00 wall s
TIDE Mixed norm of X-X^2 took      0.00 usr cpu s       0.02 sys cpu s       0.00 wall s
TIDE Trace of X-X^2 took      0.00 usr cpu s       0.00 sys cpu s       0.00 wall s
INDE ||X-X^2||_F = 4.003286e+00 , ||X-X^2||_mixed = 1.405987e+00
INDE trace(X-X^2) = 7.177920e+01
INDE trace(X) = 2.187461e+02
INDE Checking stopping criterion...   
INDE Order of convergence cannot be computed
TIDE stopping_criterion took      0.00 usr cpu s       0.00 sys cpu s       0.00 wall s
TIDE Iteration 4 took      0.02 usr cpu s       0.07 sys cpu s       0.01 wall s
INDE     ITERATION 5 :
TIDE purify_X took      0.00 usr cpu s       0.00 sys cpu s       0.00 wall s
TIDE truncate_matrix took      0.00 usr cpu s       0.00 sys cpu s       0.00 wall s
INDE Actual introduced error   0.000000e+00 : nnz before  116964 <-> 100.00 % , nnz after  116964 <-> 100.00 %
TIDE square took      0.02 usr cpu s       0.03 sys cpu s       0.01 wall s
INDE NNZ Xsq = 116964 <-> 100.00 %
TIDE Frobenius norm of X-X^2 took      0.00 usr cpu s       0.00 sys cpu s       0.00 wall s
TIDE Mixed norm of X-X^2 took      0.01 usr cpu s       0.02 sys cpu s       0.00 wall s
TIDE Trace of X-X^2 took      0.00 usr cpu s       0.00 sys cpu s       0.00 wall s
INDE ||X-X^2||_F = 4.268876e+00 , ||X-X^2||_mixed = 1.493204e+00
INDE trace(X-X^2) = 7.626113e+01
INDE trace(X) = 1.469669e+02
INDE Checking stopping criterion...   
INDE Order of convergence cannot be computed
TIDE stopping_criterion took      0.00 usr cpu s       0.00 sys cpu s       0.00 wall s
TIDE Iteration 5 took      0.03 usr cpu s       0.06 sys cpu s       0.01 wall s
INDE     ITERATION 6 :
TIDE purify_X took      0.00 usr cpu s       0.00 sys cpu s       0.00 wall s
TIDE truncate_matrix took      0.00 usr cpu s       0.00 sys cpu s       0.00 wall s
INDE Actual introduced error   0.000000e+00 : nnz before  116964 <-> 100.00 % , nnz after  116964 <-> 100.00 %
TIDE square took      0.02 usr cpu s       0.03 sys cpu s       0.01 wall s
INDE NNZ Xsq = 116964 <-> 100.00 %
TIDE Frobenius norm of X-X^2 took      0.00 usr cpu s       0.00 sys cpu s       0.00 wall s
TIDE Mixed norm of X-X^2 took      0.01 usr cpu s       0.01 sys cpu s       0.00 wall s
TIDE Trace of X-X^2 took      0.00 usr cpu s       0.00 sys cpu s       0.00 wall s
INDE ||X-X^2||_F = 2.734227e+00 , ||X-X^2||_mixed = 1.096789e+00
INDE trace(X-X^2) = 4.779600e+01
INDE trace(X) = 7.070580e+01
INDE Checking stopping criterion...   
INDE Order of convergence cannot be computed
TIDE stopping_criterion took      0.00 usr cpu s       0.00 sys cpu s       0.00 wall s
TIDE Iteration 6 took      0.03 usr cpu s       0.05 sys cpu s       0.01 wall s
INDE     ITERATION 7 :
TIDE purify_X took      0.00 usr cpu s       0.00 sys cpu s       0.00 wall s
TIDE truncate_matrix took      0.00 usr cpu s       0.00 sys cpu s       0.00 wall s
INDE Actual introduced error   0.000000e+00 : nnz before  116964 <-> 100.00 % , nnz after  116964 <-> 100.00 %
TIDE square took      0.02 usr cpu s       0.03 sys cpu s       0.01 wall s
INDE NNZ Xsq = 116964 <-> 100.00 %
TIDE Frobenius norm of X-X^2 took      0.00 usr cpu s       0.00 sys cpu s       0.00 wall s
TIDE Mixed norm of X-X^2 took      0.00 usr cpu s       0.02 sys cpu s       0.00 wall s
TIDE Trace of X-X^2 took      0.00 usr cpu s       0.00 sys cpu s       0.00 wall s
INDE ||X-X^2||_F = 3.850807e+00 , ||X-X^2||_mixed = 1.464409e+00
INDE trace(X-X^2) = 6.763986e+01
INDE trace(X) = 1.185018e+02
INDE Checking stopping criterion...   
INDE Order of convergence cannot be computed
TIDE stopping_criterion took      0.00 usr cpu s       0.00 sys cpu s       0.00 wall s
TIDE Iteration 7 took      0.03 usr cpu s       0.06 sys cpu s       0.01 wall s
INDE     ITERATION 8 :
TIDE purify_X took      0.00 usr cpu s       0.00 sys cpu s       0.00 wall s
TIDE truncate_matrix took      0.00 usr cpu s       0.00 sys cpu s       0.00 wall s
INDE Actual introduced error   0.000000e+00 : nnz before  116964 <-> 100.00 % , nnz after  116964 <-> 100.00 %
TIDE square took      0.01 usr cpu s       0.04 sys cpu s       0.01 wall s
INDE NNZ Xsq = 116964 <-> 100.00 %
TIDE Frobenius norm of X-X^2 took      0.00 usr cpu s       0.00 sys cpu s       0.00 wall s
TIDE Mixed norm of X-X^2 took      0.00 usr cpu s       0.02 sys cpu s       0.00 wall s
TIDE Trace of X-X^2 took      0.00 usr cpu s       0.00 sys cpu s       0.00 wall s
INDE ||X-X^2||_F = 4.120478e+00 , ||X-X^2||_mixed = 1.498159e+00
INDE trace(X-X^2) = 7.299921e+01
INDE trace(X) = 1.861417e+02
INDE Checking stopping criterion...   
INDE Order of convergence cannot be computed
TIDE stopping_criterion took      0.00 usr cpu s       0.00 sys cpu s       0.00 wall s
TIDE Iteration 8 took      0.02 usr cpu s       0.06 sys cpu s       0.01 wall s
INDE     ITERATION 9 :
TIDE purify_X took      0.00 usr cpu s       0.00 sys cpu s       0.00 wall s
TIDE truncate_matrix took      0.00 usr cpu s       0.00 sys cpu s       0.00 wall s
INDE Actual introduced error   0.000000e+00 : nnz before  116964 <-> 100.00 % , nnz after  116964 <-> 100.00 %
TIDE square took      0.02 usr cpu s       0.04 sys cpu s       0.01 wall s
INDE NNZ Xsq = 116964 <-> 100.00 %
TIDE Frobenius norm of X-X^2 took      0.00 usr cpu s       0.00 sys cpu s       0.00 wall s
TIDE Mixed norm of X-X^2 took      0.00 usr cpu s       0.02 sys cpu s       0.00 wall s
TIDE Trace of X-X^2 took      0.00 usr cpu s       0.00 sys cpu s       0.00 wall s
INDE ||X-X^2||_F = 3.665700e+00 , ||X-X^2||_mixed = 1.504887e+00
INDE trace(X-X^2) = 6.284349e+01
INDE trace(X) = 1.131425e+02
INDE Checking stopping criterion...   
INDE Order of convergence cannot be computed
TIDE stopping_criterion took      0.00 usr cpu s       0.00 sys cpu s       0.00 wall s
TIDE Iteration 9 took      0.02 usr cpu s       0.06 sys cpu s       0.01 wall s
INDE     ITERATION 10 :
TIDE purify_X took      0.00 usr cpu s       0.00 sys cpu s       0.00 wall s
TIDE truncate_matrix took      0.00 usr cpu s       0.00 sys cpu s       0.00 wall s
INDE Actual introduced error   0.000000e+00 : nnz before  116964 <-> 100.00 % , nnz after  116964 <-> 100.00 %
TIDE square took      0.03 usr cpu s       0.09 sys cpu s       0.02 wall s
INDE NNZ Xsq = 116964 <-> 100.00 %
TIDE Frobenius norm of X-X^2 took      0.00 usr cpu s       0.00 sys cpu s       0.00 wall s
TIDE Mixed norm of X-X^2 took      0.00 usr cpu s       0.02 sys cpu s       0.00 wall s
TIDE Trace of X-X^2 took      0.00 usr cpu s       0.00 sys cpu s       0.00 wall s
INDE ||X-X^2||_F = 3.888186e+00 , ||X-X^2||_mixed = 1.520339e+00
INDE trace(X-X^2) = 6.812285e+01
INDE trace(X) = 1.759859e+02
INDE Checking stopping criterion...   
INDE Order of convergence cannot be computed
TIDE stopping_criterion took      0.00 usr cpu s       0.00 sys cpu s       0.00 wall s
TIDE Iteration 10 took      0.04 usr cpu s       0.11 sys cpu s       0.02 wall s
INDE     ITERATION 11 :
TIDE purify_X took      0.00 usr cpu s       0.00 sys cpu s       0.00 wall s
TIDE truncate_matrix took      0.00 usr cpu s       0.00 sys cpu s       0.00 wall s
INDE Actual introduced error   0.000000e+00 : nnz before  116964 <-> 100.00 % , nnz after  116964 <-> 100.00 %
TIDE square took      0.02 usr cpu s       0.06 sys cpu s       0.01 wall s
INDE NNZ Xsq = 116964 <-> 100.00 %
TIDE Frobenius norm of X-X^2 took      0.00 usr cpu s       0.00 sys cpu s       0.00 wall s
TIDE Mixed norm of X-X^2 took      0.01 usr cpu s       0.01 sys cpu s       0.00 wall s
TIDE Trace of X-X^2 took      0.00 usr cpu s       0.00 sys cpu s       0.00 wall s
INDE ||X-X^2||_F = 3.436155e+00 , ||X-X^2||_mixed = 1.550221e+00
INDE trace(X-X^2) = 5.634729e+01
INDE trace(X) = 1.078631e+02
INDE Checking stopping criterion...   
INDE Order of convergence cannot be computed
TIDE stopping_criterion took      0.00 usr cpu s       0.00 sys cpu s       0.00 wall s
TIDE Iteration 11 took      0.03 usr cpu s       0.08 sys cpu s       0.01 wall s
INDE     ITERATION 12 :
TIDE purify_X took      0.00 usr cpu s       0.00 sys cpu s       0.00 wall s
TIDE truncate_matrix took      0.00 usr cpu s       0.00 sys cpu s       0.00 wall s
INDE Actual introduced error   0.000000e+00 : nnz before  116964 <-> 100.00 % , nnz after  116964 <-> 100.00 %
TIDE square took      0.01 usr cpu s       0.05 sys cpu s       0.01 wall s
INDE NNZ Xsq = 116964 <-> 100.00 %
TIDE Frobenius norm of X-X^2 took      0.00 usr cpu s       0.00 sys cpu s       0.00 wall s
TIDE Mixed norm of X-X^2 took      0.00 usr cpu s       0.02 sys cpu s       0.00 wall s
TIDE Trace of X-X^2 took      0.00 usr cpu s       0.00 sys cpu s       0.00 wall s
INDE ||X-X^2||_F = 2.134019e+00 , ||X-X^2||_mixed = 1.203842e+00
INDE trace(X-X^2) = 2.958068e+01
INDE trace(X) = 5.151581e+01
INDE Checking stopping criterion...   
INDE Order of convergence cannot be computed
TIDE stopping_criterion took      0.00 usr cpu s       0.00 sys cpu s       0.00 wall s
TIDE Iteration 12 took      0.02 usr cpu s       0.07 sys cpu s       0.01 wall s
INDE     ITERATION 13 :
TIDE purify_X took      0.00 usr cpu s       0.00 sys cpu s       0.00 wall s
TIDE truncate_matrix took      0.00 usr cpu s       0.00 sys cpu s       0.00 wall s
INDE Actual introduced error   0.000000e+00 : nnz before  116964 <-> 100.00 % , nnz after  116964 <-> 100.00 %
TIDE square took      0.02 usr cpu s       0.06 sys cpu s       0.01 wall s
INDE NNZ Xsq = 116964 <-> 100.00 %
TIDE Frobenius norm of X-X^2 took      0.00 usr cpu s       0.00 sys cpu s       0.00 wall s
TIDE Mixed norm of X-X^2 took      0.01 usr cpu s       0.02 sys cpu s       0.00 wall s
TIDE Trace of X-X^2 took      0.00 usr cpu s       0.00 sys cpu s       0.00 wall s
INDE ||X-X^2||_F = 2.856445e+00 , ||X-X^2||_mixed = 1.476453e+00
INDE trace(X-X^2) = 4.203467e+01
INDE trace(X) = 8.109648e+01
INDE Checking stopping criterion...   
INDE Order of convergence cannot be computed
TIDE stopping_criterion took      0.00 usr cpu s       0.00 sys cpu s       0.00 wall s
TIDE Iteration 13 took      0.03 usr cpu s       0.09 sys cpu s       0.02 wall s
INDE     ITERATION 14 :
TIDE purify_X took      0.00 usr cpu s       0.00 sys cpu s       0.00 wall s
TIDE truncate_matrix took      0.00 usr cpu s       0.00 sys cpu s       0.00 wall s
INDE Actual introduced error   0.000000e+00 : nnz before  116964 <-> 100.00 % , nnz after  116964 <-> 100.00 %
TIDE square took      0.01 usr cpu s       0.04 sys cpu s       0.01 wall s
INDE NNZ Xsq = 116964 <-> 100.00 %
TIDE Frobenius norm of X-X^2 took      0.00 usr cpu s       0.00 sys cpu s       0.00 wall s
TIDE Mixed norm of X-X^2 took      0.00 usr cpu s       0.02 sys cpu s       0.00 wall s
TIDE Trace of X-X^2 took      0.00 usr cpu s       0.00 sys cpu s       0.00 wall s
INDE ||X-X^2||_F = 3.137432e+00 , ||X-X^2||_mixed = 1.633222e+00
INDE trace(X-X^2) = 4.810056e+01
INDE trace(X) = 1.231312e+02
INDE Checking stopping criterion...   
INDE Order of convergence cannot be computed
TIDE stopping_criterion took      0.00 usr cpu s       0.00 sys cpu s       0.00 wall s
TIDE Iteration 14 took      0.02 usr cpu s       0.07 sys cpu s       0.01 wall s
INDE     ITERATION 15 :
TIDE purify_X took      0.00 usr cpu s       0.00 sys cpu s       0.00 wall s
TIDE truncate_matrix took      0.00 usr cpu s       0.00 sys cpu s       0.00 wall s
INDE Actual introduced error   0.000000e+00 : nnz before  116964 <-> 100.00 % , nnz after  116964 <-> 100.00 %
TIDE square took      0.01 usr cpu s       0.06 sys cpu s       0.01 wall s
INDE NNZ Xsq = 116964 <-> 100.00 %
TIDE Frobenius norm of X-X^2 took      0.00 usr cpu s       0.00 sys cpu s       0.00 wall s
TIDE Mixed norm of X-X^2 took      0.00 usr cpu s       0.02 sys cpu s       0.00 wall s
TIDE Trace of X-X^2 took      0.00 usr cpu s       0.00 sys cpu s       0.00 wall s
INDE ||X-X^2||_F = 2.538327e+00 , ||X-X^2||_mixed = 1.427880e+00
INDE trace(X-X^2) = 3.388153e+01
INDE trace(X) = 7.503059e+01
INDE Checking stopping criterion...   
INDE Order of convergence cannot be computed
TIDE stopping_criterion took      0.00 usr cpu s       0.00 sys cpu s       0.00 wall s
TIDE Iteration 15 took      0.02 usr cpu s       0.08 sys cpu s       0.01 wall s
INDE     ITERATION 16 :
TIDE purify_X took      0.00 usr cpu s       0.00 sys cpu s       0.00 wall s
TIDE truncate_matrix took      0.00 usr cpu s       0.00 sys cpu s       0.00 wall s
INDE Actual introduced error   0.000000e+00 : nnz before  116964 <-> 100.00 % , nnz after  116964 <-> 100.00 %
TIDE square took      0.01 usr cpu s       0.05 sys cpu s       0.01 wall s
INDE NNZ Xsq = 116964 <-> 100.00 %
TIDE Frobenius norm of X-X^2 took      0.00 usr cpu s       0.00 sys cpu s       0.00 wall s
TIDE Mixed norm of X-X^2 took      0.01 usr cpu s       0.01 sys cpu s       0.00 wall s
TIDE Trace of X-X^2 took      0.00 usr cpu s       0.00 sys cpu s       0.00 wall s
INDE ||X-X^2||_F = 2.741271e+00 , ||X-X^2||_mixed = 1.619469e+00
INDE trace(X-X^2) = 3.724941e+01
INDE trace(X) = 1.089121e+02
INDE Checking stopping criterion...   
INDE Order of convergence cannot be computed
TIDE stopping_criterion took      0.00 usr cpu s       0.00 sys cpu s       0.00 wall s
TIDE Iteration 16 took      0.02 usr cpu s       0.07 sys cpu s       0.01 wall s
INDE     ITERATION 17 :
TIDE purify_X took      0.00 usr cpu s       0.00 sys cpu s       0.00 wall s
TIDE truncate_matrix took      0.00 usr cpu s       0.00 sys cpu s       0.00 wall s
INDE Actual introduced error   0.000000e+00 : nnz before  116964 <-> 100.00 % , nnz after  116964 <-> 100.00 %
TIDE square took      0.01 usr cpu s       0.05 sys cpu s       0.01 wall s
INDE NNZ Xsq = 116964 <-> 100.00 %
TIDE Frobenius norm of X-X^2 took      0.00 usr cpu s       0.00 sys cpu s       0.00 wall s
TIDE Mixed norm of X-X^2 took      0.01 usr cpu s       0.01 sys cpu s       0.00 wall s
TIDE Trace of X-X^2 took      0.00 usr cpu s       0.00 sys cpu s       0.00 wall s
INDE ||X-X^2||_F = 2.196866e+00 , ||X-X^2||_mixed = 1.348215e+00
INDE trace(X-X^2) = 2.633767e+01
INDE trace(X) = 7.166272e+01
INDE Checking stopping criterion...   
INDE Order of convergence cannot be computed
TIDE stopping_criterion took      0.00 usr cpu s       0.00 sys cpu s       0.00 wall s
TIDE Iteration 17 took      0.02 usr cpu s       0.07 sys cpu s       0.01 wall s
INDE     ITERATION 18 :
TIDE purify_X took      0.00 usr cpu s       0.00 sys cpu s       0.00 wall s
TIDE truncate_matrix took      0.00 usr cpu s       0.00 sys cpu s       0.00 wall s
INDE Actual introduced error   0.000000e+00 : nnz before  116964 <-> 100.00 % , nnz after  116964 <-> 100.00 %
TIDE square took      0.01 usr cpu s       0.04 sys cpu s       0.01 wall s
INDE NNZ Xsq = 116964 <-> 100.00 %
TIDE Frobenius norm of X-X^2 took      0.00 usr cpu s       0.00 sys cpu s       0.00 wall s
TIDE Mixed norm of X-X^2 took      0.00 usr cpu s       0.02 sys cpu s       0.00 wall s
TIDE Trace of X-X^2 took      0.00 usr cpu s       0.00 sys cpu s       0.00 wall s
INDE ||X-X^2||_F = 1.503684e+00 , ||X-X^2||_mixed = 1.049197e+00
INDE trace(X-X^2) = 1.465037e+01
INDE trace(X) = 4.532505e+01
INDE Checking stopping criterion...   
INDE Order of convergence cannot be computed
TIDE stopping_criterion took      0.00 usr cpu s       0.00 sys cpu s       0.00 wall s
TIDE Iteration 18 took      0.02 usr cpu s       0.06 sys cpu s       0.01 wall s
INDE     ITERATION 19 :
TIDE purify_X took      0.00 usr cpu s       0.00 sys cpu s       0.00 wall s
TIDE truncate_matrix took      0.00 usr cpu s       0.00 sys cpu s       0.00 wall s
INDE Actual introduced error   0.000000e+00 : nnz before  116964 <-> 100.00 % , nnz after  116964 <-> 100.00 %
TIDE square took      0.01 usr cpu s       0.04 sys cpu s       0.01 wall s
INDE NNZ Xsq = 116964 <-> 100.00 %
TIDE Frobenius norm of X-X^2 took      0.00 usr cpu s       0.00 sys cpu s       0.00 wall s
TIDE Mixed norm of X-X^2 took      0.00 usr cpu s       0.02 sys cpu s       0.00 wall s
TIDE Trace of X-X^2 took      0.00 usr cpu s       0.00 sys cpu s       0.00 wall s
INDE ||X-X^2||_F = 1.606131e+00 , ||X-X^2||_mixed = 1.077412e+00
INDE trace(X-X^2) = 1.666800e+01
INDE trace(X) = 5.997542e+01
INDE Checking stopping criterion...   
INDE Order of convergence cannot be computed
TIDE stopping_criterion took      0.00 usr cpu s       0.00 sys cpu s       0.00 wall s
TIDE Iteration 19 took      0.02 usr cpu s       0.07 sys cpu s       0.01 wall s
INDE     ITERATION 20 :
TIDE purify_X took      0.00 usr cpu s       0.00 sys cpu s       0.00 wall s
TIDE truncate_matrix took      0.00 usr cpu s       0.00 sys cpu s       0.00 wall s
INDE Actual introduced error   0.000000e+00 : nnz before  116964 <-> 100.00 % , nnz after  116964 <-> 100.00 %
TIDE square took      0.01 usr cpu s       0.04 sys cpu s       0.01 wall s
INDE NNZ Xsq = 116964 <-> 100.00 %
TIDE Frobenius norm of X-X^2 took      0.00 usr cpu s       0.00 sys cpu s       0.00 wall s
TIDE Mixed norm of X-X^2 took      0.00 usr cpu s       0.02 sys cpu s       0.00 wall s
TIDE Trace of X-X^2 took      0.00 usr cpu s       0.00 sys cpu s       0.00 wall s
INDE ||X-X^2||_F = 1.109688e+00 , ||X-X^2||_mixed = 8.472668e-01
INDE trace(X-X^2) = 8.649403e+00
INDE trace(X) = 4.330742e+01
INDE Checking stopping criterion...   
INDE Order of convergence cannot be computed
TIDE stopping_criterion took      0.00 usr cpu s       0.00 sys cpu s       0.00 wall s
TIDE Iteration 20 took      0.02 usr cpu s       0.06 sys cpu s       0.01 wall s
INDE     ITERATION 21 :
TIDE purify_X took      0.00 usr cpu s       0.00 sys cpu s       0.00 wall s
TIDE truncate_matrix took      0.00 usr cpu s       0.00 sys cpu s       0.00 wall s
INDE Actual introduced error   0.000000e+00 : nnz before  116964 <-> 100.00 % , nnz after  116964 <-> 100.00 %
TIDE square took      0.03 usr cpu s       0.03 sys cpu s       0.01 wall s
INDE NNZ Xsq = 116964 <-> 100.00 %
TIDE Frobenius norm of X-X^2 took      0.00 usr cpu s       0.00 sys cpu s       0.00 wall s
TIDE Mixed norm of X-X^2 took      0.00 usr cpu s       0.02 sys cpu s       0.00 wall s
TIDE Trace of X-X^2 took      0.00 usr cpu s       0.00 sys cpu s       0.00 wall s
INDE ||X-X^2||_F = 9.694000e-01 , ||X-X^2||_mixed = 7.162058e-01
INDE trace(X-X^2) = 8.394724e+00
INDE trace(X) = 5.195682e+01
INDE Checking stopping criterion...   
INDE Order of convergence cannot be computed
TIDE stopping_criterion took      0.00 usr cpu s       0.00 sys cpu s       0.00 wall s
TIDE Iteration 21 took      0.03 usr cpu s       0.05 sys cpu s       0.01 wall s
INDE     ITERATION 22 :
TIDE purify_X took      0.00 usr cpu s       0.00 sys cpu s       0.00 wall s
TIDE truncate_matrix took      0.00 usr cpu s       0.00 sys cpu s       0.00 wall s
INDE Actual introduced error   0.000000e+00 : nnz before  116964 <-> 100.00 % , nnz after  116964 <-> 100.00 %
TIDE square took      0.02 usr cpu s       0.04 sys cpu s       0.01 wall s
INDE NNZ Xsq = 116964 <-> 100.00 %
TIDE Frobenius norm of X-X^2 took      0.00 usr cpu s       0.00 sys cpu s       0.00 wall s
TIDE Mixed norm of X-X^2 took      0.00 usr cpu s       0.02 sys cpu s       0.00 wall s
TIDE Trace of X-X^2 took      0.00 usr cpu s       0.00 sys cpu s       0.00 wall s
INDE ||X-X^2||_F = 1.308111e+00 , ||X-X^2||_mixed = 9.750806e-01
INDE trace(X-X^2) = 1.060330e+01
INDE trace(X) = 6.035155e+01
INDE Checking stopping criterion...   
INDE Order of convergence cannot be computed
TIDE stopping_criterion took      0.00 usr cpu s       0.00 sys cpu s       0.00 wall s
TIDE Iteration 22 took      0.02 usr cpu s       0.06 sys cpu s       0.01 wall s
INDE     ITERATION 23 :
TIDE purify_X took      0.00 usr cpu s       0.00 sys cpu s       0.00 wall s
TIDE truncate_matrix took      0.00 usr cpu s       0.00 sys cpu s       0.00 wall s
INDE Actual introduced error   0.000000e+00 : nnz before  116964 <-> 100.00 % , nnz after  116964 <-> 100.00 %
TIDE square took      0.01 usr cpu s       0.04 sys cpu s       0.01 wall s
INDE NNZ Xsq = 116964 <-> 100.00 %
TIDE Frobenius norm of X-X^2 took      0.00 usr cpu s       0.00 sys cpu s       0.00 wall s
TIDE Mixed norm of X-X^2 took      0.00 usr cpu s       0.02 sys cpu s       0.00 wall s
TIDE Trace of X-X^2 took      0.00 usr cpu s       0.00 sys cpu s       0.00 wall s
INDE ||X-X^2||_F = 5.528635e-01 , ||X-X^2||_mixed = 4.415042e-01
INDE trace(X-X^2) = 3.713726e+00
INDE trace(X) = 4.974825e+01
INDE Checking stopping criterion...   
INDE e_i =4.415042e-01, C*e_{i-1}^q = 3.532794e+00
INDE Order of convergence = 8.230478, stop = 0
TIDE stopping_criterion took      0.00 usr cpu s       0.00 sys cpu s       0.00 wall s
TIDE Iteration 23 took      0.02 usr cpu s       0.06 sys cpu s       0.01 wall s
INDE     ITERATION 24 :
TIDE purify_X took      0.00 usr cpu s       0.00 sys cpu s       0.00 wall s
TIDE truncate_matrix took      0.00 usr cpu s       0.00 sys cpu s       0.00 wall s
INDE Actual introduced error   0.000000e+00 : nnz before  116964 <-> 100.00 % , nnz after  116964 <-> 100.00 %
TIDE square took      0.01 usr cpu s       0.04 sys cpu s       0.01 wall s
INDE NNZ Xsq = 116964 <-> 100.00 %
TIDE Frobenius norm of X-X^2 took      0.00 usr cpu s       0.00 sys cpu s       0.00 wall s
TIDE Mixed norm of X-X^2 took      0.01 usr cpu s       0.01 sys cpu s       0.00 wall s
TIDE Trace of X-X^2 took      0.00 usr cpu s       0.00 sys cpu s       0.00 wall s
INDE ||X-X^2||_F = 3.562264e-01 , ||X-X^2||_mixed = 3.225742e-01
INDE trace(X-X^2) = 1.459676e+00
INDE trace(X) = 4.603452e+01
INDE Checking stopping criterion...   
INDE Order of convergence cannot be computed
TIDE stopping_criterion took      0.00 usr cpu s       0.00 sys cpu s       0.00 wall s
TIDE Iteration 24 took      0.02 usr cpu s       0.06 sys cpu s       0.01 wall s
INDE     ITERATION 25 :
TIDE purify_X took      0.00 usr cpu s       0.00 sys cpu s       0.00 wall s
TIDE truncate_matrix took      0.00 usr cpu s       0.00 sys cpu s       0.00 wall s
INDE Actual introduced error   0.000000e+00 : nnz before  116964 <-> 100.00 % , nnz after  116964 <-> 100.00 %
TIDE square took      0.01 usr cpu s       0.04 sys cpu s       0.01 wall s
INDE NNZ Xsq = 116964 <-> 100.00 %
TIDE Frobenius norm of X-X^2 took      0.00 usr cpu s       0.00 sys cpu s       0.00 wall s
TIDE Mixed norm of X-X^2 took      0.01 usr cpu s       0.01 sys cpu s       0.00 wall s
TIDE Trace of X-X^2 took      0.00 usr cpu s       0.00 sys cpu s       0.00 wall s
INDE ||X-X^2||_F = 1.792342e-01 , ||X-X^2||_mixed = 1.540877e-01
INDE trace(X-X^2) = 8.442842e-01
INDE trace(X) = 4.749420e+01
INDE Checking stopping criterion...   
INDE e_i =1.540877e-01, C*e_{i-1}^q = 1.342494e+00
INDE Order of convergence = 4.647807, stop = 0
TIDE stopping_criterion took      0.00 usr cpu s       0.00 sys cpu s       0.00 wall s
TIDE Iteration 25 took      0.03 usr cpu s       0.06 sys cpu s       0.01 wall s
INDE     ITERATION 26 :
TIDE purify_X took      0.00 usr cpu s       0.00 sys cpu s       0.00 wall s
TIDE truncate_matrix took      0.00 usr cpu s       0.00 sys cpu s       0.00 wall s
INDE Actual introduced error   0.000000e+00 : nnz before  116964 <-> 100.00 % , nnz after  116964 <-> 100.00 %
TIDE square took      0.01 usr cpu s       0.04 sys cpu s       0.01 wall s
INDE NNZ Xsq = 116964 <-> 100.00 %
TIDE Frobenius norm of X-X^2 took      0.00 usr cpu s       0.00 sys cpu s       0.00 wall s
TIDE Mixed norm of X-X^2 took      0.00 usr cpu s       0.02 sys cpu s       0.00 wall s
TIDE Trace of X-X^2 took      0.00 usr cpu s       0.00 sys cpu s       0.00 wall s
INDE ||X-X^2||_F = 2.835669e-01 , ||X-X^2||_mixed = 2.369012e-01
INDE trace(X-X^2) = 1.260273e+00
INDE trace(X) = 4.833848e+01
INDE Checking stopping criterion...   
INDE Order of convergence cannot be computed
TIDE stopping_criterion took      0.00 usr cpu s       0.00 sys cpu s       0.00 wall s
TIDE Iteration 26 took      0.02 usr cpu s       0.06 sys cpu s       0.01 wall s
INDE     ITERATION 27 :
TIDE purify_X took      0.00 usr cpu s       0.00 sys cpu s       0.00 wall s
TIDE truncate_matrix took      0.00 usr cpu s       0.00 sys cpu s       0.00 wall s
INDE Actual introduced error   0.000000e+00 : nnz before  116964 <-> 100.00 % , nnz after  116964 <-> 100.00 %
TIDE square took      0.02 usr cpu s       0.04 sys cpu s       0.01 wall s
INDE NNZ Xsq = 116964 <-> 100.00 %
TIDE Frobenius norm of X-X^2 took      0.00 usr cpu s       0.00 sys cpu s       0.00 wall s
TIDE Mixed norm of X-X^2 took      0.00 usr cpu s       0.01 sys cpu s       0.00 wall s
TIDE Trace of X-X^2 took      0.00 usr cpu s       0.00 sys cpu s       0.00 wall s
INDE ||X-X^2||_F = 3.436098e-02 , ||X-X^2||_mixed = 2.955775e-02
INDE trace(X-X^2) = 1.172620e-01
INDE trace(X) = 4.707821e+01
INDE Checking stopping criterion...   
INDE e_i =2.955775e-02, C*e_{i-1}^q = 1.635230e-01
INDE Order of convergence = 2.914649, stop = 0
TIDE stopping_criterion took      0.00 usr cpu s       0.00 sys cpu s       0.00 wall s
TIDE Iteration 27 took      0.02 usr cpu s       0.06 sys cpu s       0.01 wall s
INDE     ITERATION 28 :
TIDE purify_X took      0.00 usr cpu s       0.00 sys cpu s       0.00 wall s
TIDE truncate_matrix took      0.00 usr cpu s       0.00 sys cpu s       0.00 wall s
INDE Actual introduced error   0.000000e+00 : nnz before  116964 <-> 100.00 % , nnz after  116964 <-> 100.00 %
TIDE square took      0.01 usr cpu s       0.04 sys cpu s       0.01 wall s
INDE NNZ Xsq = 116964 <-> 100.00 %
TIDE Frobenius norm of X-X^2 took      0.00 usr cpu s       0.00 sys cpu s       0.00 wall s
TIDE Mixed norm of X-X^2 took      0.00 usr cpu s       0.01 sys cpu s       0.00 wall s
TIDE Trace of X-X^2 took      0.00 usr cpu s       0.00 sys cpu s       0.00 wall s
INDE ||X-X^2||_F = 2.687744e-02 , ||X-X^2||_mixed = 2.659975e-02
INDE trace(X-X^2) = 4.034217e-02
INDE trace(X) = 4.696095e+01
INDE Checking stopping criterion...   
INDE Order of convergence cannot be computed
TIDE stopping_criterion took      0.00 usr cpu s       0.00 sys cpu s       0.00 wall s
TIDE Iteration 28 took      0.02 usr cpu s       0.06 sys cpu s       0.01 wall s
INDE     ITERATION 29 :
TIDE purify_X took      0.00 usr cpu s       0.00 sys cpu s       0.00 wall s
TIDE truncate_matrix took      0.00 usr cpu s       0.00 sys cpu s       0.00 wall s
INDE Actual introduced error   0.000000e+00 : nnz before  116964 <-> 100.00 % , nnz after  116964 <-> 100.00 %
TIDE square took      0.01 usr cpu s       0.04 sys cpu s       0.01 wall s
INDE NNZ Xsq = 116964 <-> 100.00 %
TIDE Frobenius norm of X-X^2 took      0.00 usr cpu s       0.00 sys cpu s       0.00 wall s
TIDE Mixed norm of X-X^2 took      0.00 usr cpu s       0.01 sys cpu s       0.00 wall s
TIDE Trace of X-X^2 took      0.00 usr cpu s       0.00 sys cpu s       0.00 wall s
INDE ||X-X^2||_F = 1.059261e-03 , ||X-X^2||_mixed = 9.559893e-04
INDE trace(X-X^2) = 2.794291e-03
INDE trace(X) = 4.700129e+01
INDE Checking stopping criterion...   
INDE e_i =9.559893e-04, C*e_{i-1}^q = 6.017074e-03
INDE Order of convergence = 2.522407, stop = 0
TIDE stopping_criterion took      0.00 usr cpu s       0.00 sys cpu s       0.00 wall s
TIDE Iteration 29 took      0.03 usr cpu s       0.06 sys cpu s       0.01 wall s
INDE     ITERATION 30 :
TIDE purify_X took      0.00 usr cpu s       0.00 sys cpu s       0.00 wall s
TIDE truncate_matrix took      0.00 usr cpu s       0.00 sys cpu s       0.00 wall s
INDE Actual introduced error   0.000000e+00 : nnz before  116964 <-> 100.00 % , nnz after  116964 <-> 100.00 %
TIDE square took      0.01 usr cpu s       0.04 sys cpu s       0.01 wall s
INDE NNZ Xsq = 116964 <-> 100.00 %
TIDE Frobenius norm of X-X^2 took      0.00 usr cpu s       0.00 sys cpu s       0.00 wall s
TIDE Mixed norm of X-X^2 took      0.00 usr cpu s       0.01 sys cpu s       0.00 wall s
TIDE Trace of X-X^2 took      0.00 usr cpu s       0.00 sys cpu s       0.00 wall s
INDE ||X-X^2||_F = 1.120942e-03 , ||X-X^2||_mixed = 1.113285e-03
INDE trace(X-X^2) = 1.503785e-03
INDE trace(X) = 4.699850e+01
INDE Checking stopping criterion...   
INDE e_i =1.113285e-03, C*e_{i-1}^q = 4.873015e-03
INDE Order of convergence = 2.407074, stop = 0
TIDE stopping_criterion took      0.00 usr cpu s       0.00 sys cpu s       0.00 wall s
TIDE Iteration 30 took      0.02 usr cpu s       0.06 sys cpu s       0.01 wall s
INDE     ITERATION 31 :
TIDE purify_X took      0.00 usr cpu s       0.00 sys cpu s       0.00 wall s
TIDE truncate_matrix took      0.00 usr cpu s       0.00 sys cpu s       0.00 wall s
INDE Actual introduced error   0.000000e+00 : nnz before  116964 <-> 100.00 % , nnz after  116964 <-> 100.00 %
TIDE square took      0.02 usr cpu s       0.04 sys cpu s       0.01 wall s
INDE NNZ Xsq = 116964 <-> 100.00 %
TIDE Frobenius norm of X-X^2 took      0.00 usr cpu s       0.00 sys cpu s       0.00 wall s
TIDE Mixed norm of X-X^2 took      0.00 usr cpu s       0.01 sys cpu s       0.00 wall s
TIDE Trace of X-X^2 took      0.00 usr cpu s       0.00 sys cpu s       0.00 wall s
INDE ||X-X^2||_F = 1.408768e-06 , ||X-X^2||_mixed = 1.348710e-06
INDE trace(X-X^2) = 2.875369e-06
INDE trace(X) = 4.700000e+01
INDE Checking stopping criterion...   
INDE e_i =1.348710e-06, C*e_{i-1}^q = 6.294319e-06
INDE Order of convergence = 2.221566, stop = 0
TIDE stopping_criterion took      0.00 usr cpu s       0.00 sys cpu s       0.00 wall s
TIDE Iteration 31 took      0.02 usr cpu s       0.06 sys cpu s       0.01 wall s
INDE     ITERATION 32 :
TIDE purify_X took      0.00 usr cpu s       0.00 sys cpu s       0.00 wall s
TIDE truncate_matrix took      0.00 usr cpu s       0.00 sys cpu s       0.00 wall s
INDE Actual introduced error   0.000000e+00 : nnz before  116964 <-> 100.00 % , nnz after  116964 <-> 100.00 %
TIDE square took      0.01 usr cpu s       0.04 sys cpu s       0.01 wall s
INDE NNZ Xsq = 116964 <-> 100.00 %
TIDE Frobenius norm of X-X^2 took      0.00 usr cpu s       0.00 sys cpu s       0.00 wall s
TIDE Mixed norm of X-X^2 took      0.00 usr cpu s       0.01 sys cpu s       0.00 wall s
TIDE Trace of X-X^2 took      0.00 usr cpu s       0.00 sys cpu s       0.00 wall s
INDE ||X-X^2||_F = 1.895269e-06 , ||X-X^2||_mixed = 1.768028e-06
INDE trace(X-X^2) = 3.233155e-06
INDE trace(X) = 4.700000e+01
INDE Checking stopping criterion...   
INDE Order of convergence cannot be computed
TIDE stopping_criterion took      0.00 usr cpu s       0.00 sys cpu s       0.00 wall s
TIDE Iteration 32 took      0.02 usr cpu s       0.06 sys cpu s       0.01 wall s
INDE     ITERATION 33 :
TIDE purify_X took      0.00 usr cpu s       0.00 sys cpu s       0.00 wall s
TIDE truncate_matrix took      0.00 usr cpu s       0.00 sys cpu s       0.00 wall s
INDE Actual introduced error   0.000000e+00 : nnz before  116964 <-> 100.00 % , nnz after  116964 <-> 100.00 %
TIDE square took      0.02 usr cpu s       0.04 sys cpu s       0.01 wall s
INDE NNZ Xsq = 116964 <-> 100.00 %
TIDE Frobenius norm of X-X^2 took      0.00 usr cpu s       0.00 sys cpu s       0.00 wall s
TIDE Mixed norm of X-X^2 took      0.00 usr cpu s       0.01 sys cpu s       0.00 wall s
TIDE Trace of X-X^2 took      0.00 usr cpu s       0.00 sys cpu s       0.00 wall s
INDE ||X-X^2||_F = 3.470579e-12 , ||X-X^2||_mixed = 3.387749e-12
INDE trace(X-X^2) = 5.748291e-12
INDE trace(X) = 4.700000e+01
INDE Checking stopping criterion...   
INDE e_i =3.387749e-12, C*e_{i-1}^q = 1.252795e-11
INDE Order of convergence = 2.096757, stop = 0
TIDE stopping_criterion took      0.00 usr cpu s       0.00 sys cpu s       0.00 wall s
TIDE Iteration 33 took      0.02 usr cpu s       0.05 sys cpu s       0.01 wall s
INDE     ITERATION 34 :
TIDE purify_X took      0.00 usr cpu s       0.00 sys cpu s       0.00 wall s
TIDE truncate_matrix took      0.00 usr cpu s       0.00 sys cpu s       0.00 wall s
INDE Actual introduced error   0.000000e+00 : nnz before  116964 <-> 100.00 % , nnz after  116964 <-> 100.00 %
TIDE square took      0.01 usr cpu s       0.04 sys cpu s       0.01 wall s
INDE NNZ Xsq = 116964 <-> 100.00 %
TIDE Frobenius norm of X-X^2 took      0.00 usr cpu s       0.00 sys cpu s       0.00 wall s
TIDE Mixed norm of X-X^2 took      0.00 usr cpu s       0.01 sys cpu s       0.00 wall s
TIDE Trace of X-X^2 took      0.00 usr cpu s       0.00 sys cpu s       0.00 wall s
INDE ||X-X^2||_F = 4.111904e-12 , ||X-X^2||_mixed = 4.111666e-12
INDE trace(X-X^2) = 4.362732e-12
INDE trace(X) = 4.700000e+01
INDE Checking stopping criterion...   
INDE Order of convergence cannot be computed
TIDE stopping_criterion took      0.00 usr cpu s       0.00 sys cpu s       0.00 wall s
TIDE Iteration 34 took      0.02 usr cpu s       0.06 sys cpu s       0.01 wall s
INDE     ITERATION 35 :
TIDE purify_X took      0.00 usr cpu s       0.00 sys cpu s       0.00 wall s
TIDE truncate_matrix took      0.00 usr cpu s       0.00 sys cpu s       0.00 wall s
INDE Actual introduced error   0.000000e+00 : nnz before  116964 <-> 100.00 % , nnz after  116964 <-> 100.00 %
TIDE square took      0.02 usr cpu s       0.04 sys cpu s       0.01 wall s
INDE NNZ Xsq = 116964 <-> 100.00 %
TIDE Frobenius norm of X-X^2 took      0.00 usr cpu s       0.00 sys cpu s       0.00 wall s
TIDE Mixed norm of X-X^2 took      0.00 usr cpu s       0.00 sys cpu s       0.00 wall s
TIDE Trace of X-X^2 took      0.00 usr cpu s       0.00 sys cpu s       0.00 wall s
INDE ||X-X^2||_F = 2.268556e-15 , ||X-X^2||_mixed = 0.000000e+00
INDE trace(X-X^2) = 0.000000e+00
INDE trace(X) = 4.700000e+01
INDE Checking stopping criterion...   
INDE ************************************************************************************************************
INDE The norm value went much below machine precision, therefore we stop here since n_max can be underestimated.
INDE ************************************************************************************************************
INDE e_i =0.000000e+00, C*e_{i-1}^q = 7.904333e-23
INDE Order of convergence = inf, stop = 1
TIDE stopping_criterion took      0.00 usr cpu s       0.00 sys cpu s       0.00 wall s
INDE PURIFICATION CONVERGED after 35 iterations
TIDE Iteration 35 took      0.03 usr cpu s       0.05 sys cpu s       0.01 wall s
INDE Number of non-zeros in D is  116964 <-> 100.00 %
TIDE FileWritable::writeAndReadAll took      0.00 usr cpu s       0.00 sys cpu s       0.00 wall s
INDE writeAndReadAll sizesStr: '0 MB (1 MatrixGeneral, 0 > 1 MB) + 0 MB (13 MatrixSymmetric, 0 > 1 MB) + 0 MB (2 VectorGeneral, 0 > 1 MB) = 0 MB (16 total, 0 > 1 MB)
INDE TOTAL accumulated subspace error is 0.000000e+00
INDE TOTAL X square time: 0.270616 wall s
INDE TOTAL X trunction time: 0.009666 wall s
INDE TOTAL X purify (exl. X^2 computation) time: 0.009754 wall s
INDE TOTAL time to get number of non-zero elements: 0.003771 wall s
INDE TOTAL time to get mixed norm: 0.086041 wall s
INDE TOTAL time to get Frobenius norm: 0.010401 wall s
INDE TOTAL time for stopping criterion: 0.005058 wall s
INDE TOTAL time to get matrix trace: 0.001971 wall s
INDE Estimated bounds for the eigenvalues for the Fock matrix:
INDE LUMO: [ 0.035549856370 , 0.056524746057 ]
INDE HOMO: [ -0.357276930702 , -0.348180571777 ]
TIDE eigenvalue_bounds_estimation() took      0.00 usr cpu s       0.00 sys cpu s       0.00 wall s
TIDE Recursive expansion took      1.00 usr cpu s       2.71 sys cpu s       0.48 wall s
TIDE Puri->PurificationStart() took      1.00 usr cpu s       2.71 sys cpu s       0.48 wall s
TIDE Accumulated wall times for writeToFile in PurificationStart()          : 9.5e-07 s (MatrixGeneral) + 4.8e-06 s (MatrixSymmetric) + 0.00016 s (VectorGeneral) = 0.00017 s
TIDE Accumulated wall times for readFromFile in PurificationStart()         : 0 s (MatrixGeneral) + 2.1e-06 s (MatrixSymmetric) + 6.7e-05 s (VectorGeneral) = 6.9e-05 s
TIDE Accumulated wall times for copy and assign in PurificationStart()      : 1.9e-06 s (MatrixSymmetric) + 5.8e-05 s (VectorGeneral) = 6e-05 s
INDE Number of calls to writeToFile in PurificationStart()                  : 2 (MatrixGeneral) + 27 (MatrixSymmetric) + 1526 (VectorGeneral) = 1555 
INDE Number of calls to readFromFile in PurificationStart()                 : 2 (MatrixGeneral) + 26 (MatrixSymmetric) + 628 (VectorGeneral) = 656 
INDE Number of calls to FileWritable copy and assign in PurificationStart() : 2 (MatrixSymmetric) + 37 (VectorGeneral) = 39 
TIDE mat::Gblas::time after purification :     2.352470
INDE Created .m files with results of the purification
INDE Purification converged OK, subspaceError <=          0.00000000000
INDE E(LUMO) - E(HOMO) >=          0.38373042815 =         10.44183694455 eV
INDE E(LUMO) - E(HOMO) <=          0.41380167676 =         11.26011730935 eV
INDE HOMO interval : [   -0.357276930702   -0.348180571777 ]
INDE LUMO interval : [    0.035549856370    0.056524746057 ]
INDE Trace of resulting density matrix is         47.00000000000, error is  -0.00000000000001.
INDE Truncated D_ort ( mixed ), selected threshold = 9.99999e-08, returned error =          0, nnz before = 116964 <-> 100.0000 %, nnz after = 116964 <-> 100.0000 %
TIDE FileWritable::writeAndReadAll took      0.00 usr cpu s       0.00 sys cpu s       0.00 wall s
INDE writeAndReadAll sizesStr: '0 MB (1 MatrixGeneral, 0 > 1 MB) + 0 MB (12 MatrixSymmetric, 0 > 1 MB) + 0 MB (1 MatrixTriangular, 0 > 1 MB) = 0 MB (14 total, 0 > 1 MB)
TIDE D_w to non-orthogonal basis took      0.01 usr cpu s       0.04 sys cpu s       0.01 wall s
INDE Truncated D_S (eucl with Z), selected threshold = 9.99999e-08, returned error =          0, nnz before = 100.0000 %, nnz after = 100.0000 %
INDE get_dens_from_fock_sparse ending OK
TIDE get_dens_from_fock_sparse took      1.27 usr cpu s       3.83 sys cpu s       0.66 wall s
ERDE get_dens_from_fock  (GetDensFromFock class) : purification finished OK.
TIDE get_dens_from_fock took      1.27 usr cpu s       3.83 sys cpu s       0.66 wall s
INSC Matrix 'new density matrix' ( symm ): n =    342, nnz =       116964 <-> 100.00 %, mem usage  0.0005 G
INSC Tr( D * S ) =         93.99999999995
TISC get_new_density_matrix took      1.27 usr cpu s       3.83 sys cpu s       0.67 wall s
INSC SCF_restricted::report_density_difference, diff_eucl =          0.00051975519
TISC SCF_restricted::report_density_difference took      0.02 usr cpu s       0.07 sys cpu s       0.02 wall s
INMA ddf_writeShellListAndDensityMatricesToFile_sparse, n =    342, densityMatrixList[0].nvalues =       58653
INMA opened temporary file 'density.bin.UaIxft' for writing
INMA Choosing matrixStorageType = MATRIX_STORAGE_TYPE_TRIANGLE.
INMA fileSize =          560392 bytes =      0.560 MegaBytes
INMA renamed file 'density.bin.UaIxft' to 'density.bin'
INMA ddf_writeShellListAndDensityMatricesToFile_sparse freeing buffer.
INMA ddf_writeShellListAndDensityMatricesToFile_sparse returning OK.
TISC write_density_to_file took      0.02 usr cpu s       0.04 sys cpu s       0.01 wall s
INSC Creating mtx file for Fock matrix
INSC Creating mtx file for density matrix
INSC SCF cycle   9 finished.
TISC SCF cycle   9 took   1162.69 usr cpu s       6.05 sys cpu s     176.29 wall s
INSC Beginning of SCF cycle 10:  Thu Mar 26 20:36:21 2026
INDE compute_J_by_boxes_sparse() start.
TIDE FileWritable::writeAndReadAll took      0.00 usr cpu s       0.00 sys cpu s       0.00 wall s
INDE writeAndReadAll: '0 MB (1 MatrixGeneral, 0 > 1 MB) + 0 MB (11 MatrixSymmetric, 0 > 1 MB) = 0 MB (12 total, 0 > 1 MB)
IN   compute_J_by_boxes_sparse, maxDensityMatrixElement =         22.35811150320
ININ get_basis_func_pair_list, n =    342
ININ create_box_system end OK, toplevelBoxSize:   7.0, #levels:  3, #boxes at top level:      6
TIIN get_basis_func_pair_list_2el took      0.16 usr cpu s       0.00 sys cpu s       0.16 wall s
IN   compute_J_by_boxes_sparse: noOfBasisFuncIndexPairs = 54626 ==> storing  46.70 % of a full matrix
ININ entering compute_J_by_boxes_linear, no of basis funcs =   342, threshold_J =   1e-16
ININ use_fmm = 1, fmm_box_size =   5.00
TIIN Compute extent for all distrs took      0.51 usr cpu s       0.00 sys cpu s       0.51 wall s
ININ extent_min =    0.000, extent_max =   22.744
ININ Creating list of distributions etc done, distrCount =    388106
TIIN Creating list of distributions etc took      0.74 usr cpu s       0.00 sys cpu s       0.74 wall s
ININ create_box_system end OK, toplevelBoxSize:   5.0, #levels:  3, #boxes at top level:     10
TIIN Creating boxes took      0.04 usr cpu s       0.00 sys cpu s       0.04 wall s
ININ noOfBranches = 6, splitters:  20.00 10.00  5.00  2.50  0.00
ININ J org done, groupCount =    16614
TIIN J org took      1.72 usr cpu s       0.00 sys cpu s       1.72 wall s
TIIN Generate group multipoles took      0.71 usr cpu s       0.00 sys cpu s       0.71 wall s
ININ totChargeWholeSystem =          0.00000000000
ININ Generating multipole for each branch at top level, MAX_MULTIPOLE_DEGREE = 15
TIIN Translate multipoles (step 1) took      0.53 usr cpu s       0.00 sys cpu s       0.53 wall s
TIIN Translate multipoles (step 2) took      0.10 usr cpu s       0.00 sys cpu s       0.10 wall s
ININ job lists for J created OK, noOfJobs_J_standard =     1733, noOfJobs_J_multipole =      193
TIIN Creating job lists for J took      0.00 usr cpu s       0.00 sys cpu s       0.00 wall s
ININ execute_joblist_J_std_threaded, noOfThreads =  8
ININ 8 threads started OK.
ININ all 8 threads have finished.
TIIN execute_joblist_J_std_threaded took    276.36 usr cpu s       0.18 sys cpu s      43.23 wall s
TIIN sort_list_of_multipole_jobs init part took      0.00 usr cpu s       0.00 sys cpu s       0.00 wall s
TIIN sort_list_of_multipole_jobs complete took      0.00 usr cpu s       0.00 sys cpu s       0.00 wall s
TIIN sort_list_of_multipole_jobs took      0.00 usr cpu s       0.00 sys cpu s       0.00 wall s
ININ execute_joblist_J_fmm_shared: Allocating multipoleList_4, maxnoOfMinimalDistrsPerBoxBranch =     63209
ININ execute_joblist_J_fmm_shared: jobIndexLo =            0, jobIndexHi =           24
ININ execute_joblist_J_fmm_shared: Allocating multipoleList_4, maxnoOfMinimalDistrsPerBoxBranch =     63209
ININ execute_joblist_J_fmm_shared: Allocating multipoleList_4, maxnoOfMinimalDistrsPerBoxBranch =     63209
ININ execute_joblist_J_fmm_shared: jobIndexLo =           24, jobIndexHi =           48
ININ execute_joblist_J_fmm_shared: jobIndexLo =           48, jobIndexHi =           72
ININ execute_joblist_J_fmm_shared: Allocating multipoleList_4, maxnoOfMinimalDistrsPerBoxBranch =     63209
ININ execute_joblist_J_fmm_shared: jobIndexLo =           72, jobIndexHi =           96
ININ execute_joblist_J_fmm_shared: Allocating multipoleList_4, maxnoOfMinimalDistrsPerBoxBranch =     63209
ININ execute_joblist_J_fmm_shared: jobIndexLo =           96, jobIndexHi =          120
ININ execute_joblist_J_fmm_shared: Allocating multipoleList_4, maxnoOfMinimalDistrsPerBoxBranch =     63209
ININ execute_joblist_J_fmm_shared: jobIndexLo =          120, jobIndexHi =          144
ININ execute_joblist_J_fmm_shared: Allocating multipoleList_4, maxnoOfMinimalDistrsPerBoxBranch =     63209
ININ execute_joblist_J_fmm_shared: jobIndexLo =          144, jobIndexHi =          168
ININ execute_joblist_J_fmm_shared: Allocating multipoleList_4, maxnoOfMinimalDistrsPerBoxBranch =     63209
ININ execute_joblist_J_fmm_shared: jobIndexLo =          168, jobIndexHi =          193
ININ execute_joblist_J_fmm_shared: done!
ININ execute_joblist_J_fmm_shared: done!
ININ execute_joblist_J_fmm_shared: done!
ININ execute_joblist_J_fmm_shared: done!
ININ execute_joblist_J_fmm_shared: done!
ININ execute_joblist_J_fmm_shared: done!
ININ execute_joblist_J_fmm_shared: done!
ININ execute_joblist_J_fmm_shared: done!
ININ multipole job list for J executed, largest L used: 11
TIIN Executing multipole job list for J took      0.63 usr cpu s       0.00 sys cpu s       0.25 wall s
ININ compute_J_by_boxes_linear ending OK.
TIIN compute_J_by_boxes_linear took    280.86 usr cpu s       0.18 sys cpu s      47.36 wall s
TI   compute_J_by_boxes_sparse total took    281.03 usr cpu s       0.18 sys cpu s      47.52 wall s
ININ entering create_CSR_for_K, no of basis funcs =   342, threshold_K =   1e-16
ININ create_box_system end OK, toplevelBoxSize:   7.0, #levels:  3, #boxes at top level:      6
ININ create_box_system end OK, toplevelBoxSize:   7.0, #levels:  3, #boxes at top level:      6
ININ create_box_system end OK, toplevelBoxSize:   7.0, #levels:  3, #boxes at top level:      6
TIIN create_CSR_for_K getting list of distrs took      0.45 usr cpu s       0.00 sys cpu s       0.45 wall s
ININ list of neighbors complete.
TIIN create_CSR_for_K getting list of neighbors took      0.00 usr cpu s       0.00 sys cpu s       0.00 wall s
TIIN create_CSR_for_K sort each list of neighbors took      0.06 usr cpu s       0.00 sys cpu s       0.06 wall s
ININ 8 threads started OK.
TIIN identify_needed_elements() took    698.15 usr cpu s       0.47 sys cpu s      90.05 wall s
ININ computing nnz..
ININ create_CSR_for_K: predicted nnz =        58653, <->  50.15% of a full matrix
TIIN create_CSR_for_K last part took      0.00 usr cpu s       0.00 sys cpu s       0.00 wall s
TIIN create_CSR_for_K total took    698.67 usr cpu s       0.47 sys cpu s      90.57 wall s
ININ entering compute_K_by_boxes, no of basis funcs =   342, threshold_K =   1e-16, exchange_box_size =   5.00
ININ create_box_system end OK, toplevelBoxSize:   7.0, #levels:  3, #boxes at top level:      6
ININ create_box_system end OK, toplevelBoxSize:   7.0, #levels:  3, #boxes at top level:      6
ININ create_box_system end OK, toplevelBoxSize:   7.0, #levels:  3, #boxes at top level:      6
TIIN Compute extent for all distrs took      0.51 usr cpu s       0.00 sys cpu s       0.51 wall s
ININ Creating list of distributions done, distrCountTot =    388106
TIIN Creating list of distributions took      0.78 usr cpu s       0.00 sys cpu s       0.78 wall s
ININ create_box_system end OK, toplevelBoxSize:   5.0, #levels:  3, #boxes at top level:     10
ININ create_box_system end OK, toplevelBoxSize:   2.5, #levels:  4, #boxes at top level:     16
ININ noOfLevelsBasisFuncs = 4, noOfLevelsDiff = 1
TIIN Creating boxes etc took      0.04 usr cpu s       0.00 sys cpu s       0.04 wall s
TIIN getting multipoleNormVectorList took      0.78 usr cpu s       0.00 sys cpu s       0.78 wall s
TIIN K organize_distributions for all boxes took      2.19 usr cpu s       0.00 sys cpu s       2.19 wall s
ININ starting loop to setup basisFuncGroupInfoList, with added index checks.
TIIN GetLimitsAllLevels took      0.34 usr cpu s       0.00 sys cpu s       0.34 wall s
ININ getDmatLimitMatrixCSRList start.
TIIN getting densityMatrixLimitMatrixList took      0.02 usr cpu s       0.00 sys cpu s       0.02 wall s
ININ job list for K created,       55 jobs
TIIN creating job list for K took      0.00 usr cpu s       0.00 sys cpu s       0.00 wall s
ININ execute_joblist_K_threaded, noOfThreads =  8, basisFuncListCount_max =   333
ININ 8 threads started OK.
ININ all 8 threads have finished, took       37 wall s.
TIIN Executing job list for K took    180.26 usr cpu s       0.06 sys cpu s      36.80 wall s
TIIN compute_K_by_boxes took    184.42 usr cpu s       0.06 sys cpu s      40.96 wall s
TI   compute_K_by_boxes_sparse total took    883.11 usr cpu s       0.53 sys cpu s     131.56 wall s
INSC About to truncate FockMatrix, gap of Fprev >=          0.38373042815
TISC symmMatrix::mixed_diff for F vs Fprev maxEigValMovement_mixed took      0.00 usr cpu s       0.00 sys cpu s       0.00 wall s
TISC symmMatrix::eucl_diff for maxEigValMovement_eucl  took      0.06 usr cpu s       0.12 sys cpu s       0.03 wall s
INSC maxEigValMovement_frob  =          0.00006874937
INSC maxEigValMovement_mixed =          0.00005623471
INSC maxEigValMovement_eucl  =          0.00003375573
TISC FockMatrix.eucl_thresh() (with Z) took      0.16 usr cpu s       0.46 sys cpu s       0.10 wall s
INSC Truncated FockMatrix (eucl with Z), selected threshold = 3.83663e-08, returned error =          0, nnz before = 100.0000 %, nnz after = 100.0000 %
INSC Matrix 'S' ( symm ): n =    342, nnz =       116964 <-> 100.00 %, mem usage  0.0005 G
INSC Matrix 'F' ( symm ): n =    342, nnz =       116964 <-> 100.00 %, mem usage  0.0005 G
INSC Matrix 'D' ( symm ): n =    342, nnz =       116964 <-> 100.00 %, mem usage  0.0005 G
INSC nuclearEnergy, energy_2el, energy = 782.160484, 1007.253438, -645.112846
INSC Energy  10 =       -645.11284581294  ( diff     -0.000000001131866 )
INSC calling compute_FDSminusSDF_sparse, n = 342
INDE compute_FDSminusSDF_sparse() start.
TIDE FileWritable::writeAndReadAll took      0.00 usr cpu s       0.00 sys cpu s       0.00 wall s
INDE writeAndReadAll: '0 MB (1 MatrixGeneral, 0 > 1 MB) + 0 MB (9 MatrixSymmetric, 0 > 1 MB) = 0 MB (10 total, 0 > 1 MB)
TISC compute_FDSminusSDF_sparse, F*D mult took      0.01 usr cpu s       0.09 sys cpu s       0.01 wall s
INSC Matrix 'FD before eucl truncation' (normal): n =    342, nnz =       116964 <-> 100.00 %, mem usage  0.0009 G
INSC Matrix 'FD after  eucl truncation' (normal): n =    342, nnz =       116964 <-> 100.00 %, mem usage  0.0009 G
INSC Matrix 'FDS before eucl truncation' (normal): n =    342, nnz =       116964 <-> 100.00 %, mem usage  0.0009 G
INSC Matrix 'FDS after  eucl truncation' (normal): n =    342, nnz =       116964 <-> 100.00 %, mem usage  0.0009 G
INSC compute_FDSminusSDF_sparse ending OK.
TISC compute_FDSminusSDF_sparse took      0.08 usr cpu s       0.33 sys cpu s       0.05 wall s
INSC Matrix 'FDS-SDF' (normal): n =    342, nnz =       116964 <-> 100.00 %, mem usage  0.0009 G
INSC SCF_restricted::get_FDSminusSDF finished.
TISC get_FDSminusSDF took      0.08 usr cpu s       0.33 sys cpu s       0.05 wall s
INSC maxabs FDS-SDF is 2.49e-06
INSC frob   FDS-SDF is 3.69e-05
TISC get_error_measure took      0.00 usr cpu s       0.01 sys cpu s       0.00 wall s
INSC entering DIISManagerRestricted::AddIterationToList, IterCount =  9
INSC DIISManagerRestricted::AddIterationToList ending OK.
TISC DIISManagerRestricted::AddIterationToList took      0.01 usr cpu s       0.02 sys cpu s       0.00 wall s
INSC using DIIS to get combined Fock matrix, number of iters used for DIIS: 10
TISC clear_error_matrices took      0.00 usr cpu s       0.00 sys cpu s       0.00 wall s
TISC save_current_fock_as_fprev took      0.00 usr cpu s       0.00 sys cpu s       0.00 wall s
INDE get_dens_from_fock_general, n = 342, use_diagonalization = 0, use_diag_on_error = 1
INDE Before writeAndReadAll(): AllocatorManager statistics:  noOfRealsPerBuffer: 1024 noOfBuffers: 20000 list.size(): 1. Allocated: 0.164 GB, Used: 0.0181 GB, Peak alloc: 0.164 GB.
TIDE FileWritable::writeAndReadAll took      0.00 usr cpu s       0.00 sys cpu s       0.00 wall s
INDE writeAndReadAll sizesStr: '0 MB (1 MatrixGeneral, 0 > 1 MB) + 0 MB (7 MatrixSymmetric, 0 > 1 MB) = 0 MB (8 total, 0 > 1 MB)
INDE After writeAndReadAll(): AllocatorManager statistics:  noOfRealsPerBuffer: 1024 noOfBuffers: 20000 list.size(): 1. Allocated: 0.164 GB, Used: 0.0181 GB, Peak alloc: 0.164 GB.
INDE calling get_dens_from_fock_sparse, n =    342, subspaceErrorLimit = 1e-06
INDE get_dens_from_fock_sparse() start!
INDE After F.readFromFile(): AllocatorManager statistics:  noOfRealsPerBuffer: 1024 noOfBuffers: 20000 list.size(): 1. Allocated: 0.164 GB, Used: 0.0181 GB, Peak alloc: 0.164 GB.
INDE After creating wrapper MatrixType F_w(F): AllocatorManager statistics:  noOfRealsPerBuffer: 1024 noOfBuffers: 20000 list.size(): 1. Allocated: 0.164 GB, Used: 0.0186 GB, Peak alloc: 0.164 GB.
TIDE  F_w to orthogonal basis took      0.02 usr cpu s       0.06 sys cpu s       0.01 wall s
TIDE MatrixType::mixed_diff for maxEigValMovement_mixed took      0.00 usr cpu s       0.01 sys cpu s       0.00 wall s
TIDE symmMatrixWrap::eucl_diff for maxEigValMovement_eucl  took      0.14 usr cpu s       0.57 sys cpu s       0.09 wall s
INDE maxEigValMovement_frob  =          0.00003467241
INDE maxEigValMovement_mixed =          0.00002198167
INDE maxEigValMovement_eucl  =          0.00000657829
INDE lumo before truncation: [ 0.035543278078 , 0.056531324349 ]
INDE homo before truncation: [ -0.357283508994 , -0.348173993485 ]
INDE Truncate matrix F and update intervals for homo and lumo.
INDE Truncating F_ort ( mixed ), selected threshold = 3.83717e-08
INDE Truncated F_ort ( mixed ), selected threshold = 3.83717e-08, returned error =          0, nnz before = 100.0000 %, nnz after = 100.0000 %
TIDE Truncation of F_ort took      0.00 usr cpu s       0.00 sys cpu s       0.00 wall s
INDE Chosen Ergo Wrapper
INDE Creating purification object: N = 342 , nocc = 47 , NNZ = 116964  <-> 100.00000 %
INDE Chosen norm for the truncation: 
INDE mixed
INDE Chosen norm for the stopping criterion: 
INDE mixed
INDE Chosen the NEW stopping criterion.
INDE Allowed error in subspace 7.000000e-07
INDE Chosen SP2 purification method
INDE calling Puri->PurificationStart(), number of threads = 1, trunc norm 'mixed'
TIDE gershgorin took      0.00 usr cpu s       0.01 sys cpu s       0.00 wall s
INDE Gershgorin bounds: [ -59.820858317134 , 100.436330900035 ]
INDE EXPANDED Gershgorin bounds: [ -59.820858332035 , 100.436330914936 ]
INDE Trying to impove bounds using Lanczos algorithm...
TIDE compute_spectrum_bounds took      0.07 usr cpu s       0.37 sys cpu s       0.07 wall s
INDE Spectrum of F: 	 [ -20.624837490557 , 51.715199796688 ]
INDE Transform homo and lumo bounds...
INDE HOMO bounds of X: 	 [ 0.719703441449 , 0.719829367780 ]
INDE LUMO bounds of X: 	 [ 0.714108955560 , 0.714399085992 ]
INDE INIT LUMO: [ 0.714108955560 , 0.714399085992 ]
INDE INIT HOMO: [ 0.280170632220 , 0.280296558551 ]
INDE ESTIMATED NUMBER OF ITERATIONS IS 35
INDE Put eigenvalues of F to the interval [0,1] in reverse order.
TIDE compute_X() took      0.00 usr cpu s       0.00 sys cpu s       0.00 wall s
TIDE prepare_to_purification() took      0.07 usr cpu s       0.37 sys cpu s       0.07 wall s
INDE (EIGV,PARAMS) Requested 0 occipied eigenpair(s).
INDE (EIGV,PARAMS) Requested 0 unoccipied eigenpair(s).
TIDE prepare_to_purification_eigenvectors() took      0.00 usr cpu s       0.00 sys cpu s       0.00 wall s
INDE Starting recursive expansion
INDE     BEFORE ITERATIONS:
TIDE truncate_matrix took      0.00 usr cpu s       0.00 sys cpu s       0.00 wall s
INDE Actual introduced error   0.000000e+00 : nnz before  116964 <-> 100.00 % , nnz after  116964 <-> 100.00 %
TIDE square took      0.02 usr cpu s       0.04 sys cpu s       0.01 wall s
INDE NNZ Xsq = 116964 <-> 100.00 %
TIDE Frobenius norm of X-X^2 took      0.00 usr cpu s       0.00 sys cpu s       0.00 wall s
TIDE Mixed norm of X-X^2 took      0.00 usr cpu s       0.02 sys cpu s       0.00 wall s
TIDE Trace of X-X^2 took      0.00 usr cpu s       0.00 sys cpu s       0.00 wall s
INDE ||X-X^2||_F = 3.852014e+00 , ||X-X^2||_mixed = 1.286053e+00
INDE trace(X-X^2) = 7.012956e+01
INDE trace(X) = 2.342456e+02
TIDE Iteration 0 took      0.02 usr cpu s       0.06 sys cpu s       0.01 wall s
TIDE FileWritable::writeAndReadAll took      0.00 usr cpu s       0.00 sys cpu s       0.00 wall s
INDE writeAndReadAll sizesStr: '0 MB (1 MatrixGeneral, 0 > 1 MB) + 0 MB (13 MatrixSymmetric, 0 > 1 MB) + 0 MB (2 VectorGeneral, 0 > 1 MB) = 0 MB (16 total, 0 > 1 MB)
INDE     ITERATION 1 :
TIDE purify_X took      0.00 usr cpu s       0.00 sys cpu s       0.00 wall s
TIDE truncate_matrix took      0.00 usr cpu s       0.00 sys cpu s       0.00 wall s
INDE Actual introduced error   0.000000e+00 : nnz before  116964 <-> 100.00 % , nnz after  116964 <-> 100.00 %
TIDE square took      0.03 usr cpu s       0.02 sys cpu s       0.01 wall s
INDE NNZ Xsq = 116964 <-> 100.00 %
TIDE Frobenius norm of X-X^2 took      0.00 usr cpu s       0.00 sys cpu s       0.00 wall s
TIDE Mixed norm of X-X^2 took      0.00 usr cpu s       0.02 sys cpu s       0.00 wall s
TIDE Trace of X-X^2 took      0.00 usr cpu s       0.00 sys cpu s       0.00 wall s
INDE ||X-X^2||_F = 4.467938e+00 , ||X-X^2||_mixed = 1.460677e+00
INDE trace(X-X^2) = 8.127625e+01
INDE trace(X) = 1.641160e+02
TIDE Iteration 1 took      0.04 usr cpu s       0.05 sys cpu s       0.01 wall s
INDE     ITERATION 2 :
TIDE purify_X took      0.00 usr cpu s       0.00 sys cpu s       0.00 wall s
TIDE truncate_matrix took      0.00 usr cpu s       0.00 sys cpu s       0.00 wall s
INDE Actual introduced error   0.000000e+00 : nnz before  116964 <-> 100.00 % , nnz after  116964 <-> 100.00 %
TIDE square took      0.01 usr cpu s       0.05 sys cpu s       0.01 wall s
INDE NNZ Xsq = 116964 <-> 100.00 %
TIDE Frobenius norm of X-X^2 took      0.00 usr cpu s       0.00 sys cpu s       0.00 wall s
TIDE Mixed norm of X-X^2 took      0.01 usr cpu s       0.01 sys cpu s       0.00 wall s
TIDE Trace of X-X^2 took      0.00 usr cpu s       0.00 sys cpu s       0.00 wall s
INDE ||X-X^2||_F = 3.254698e+00 , ||X-X^2||_mixed = 1.135626e+00
INDE trace(X-X^2) = 5.849021e+01
INDE trace(X) = 8.283978e+01
INDE Checking stopping criterion...   
INDE Order of convergence cannot be computed
TIDE stopping_criterion took      0.00 usr cpu s       0.00 sys cpu s       0.00 wall s
TIDE Iteration 2 took      0.03 usr cpu s       0.06 sys cpu s       0.01 wall s
INDE     ITERATION 3 :
TIDE purify_X took      0.00 usr cpu s       0.00 sys cpu s       0.00 wall s
TIDE truncate_matrix took      0.00 usr cpu s       0.00 sys cpu s       0.00 wall s
INDE Actual introduced error   0.000000e+00 : nnz before  116964 <-> 100.00 % , nnz after  116964 <-> 100.00 %
TIDE square took      0.01 usr cpu s       0.04 sys cpu s       0.01 wall s
INDE NNZ Xsq = 116964 <-> 100.00 %
TIDE Frobenius norm of X-X^2 took      0.00 usr cpu s       0.00 sys cpu s       0.00 wall s
TIDE Mixed norm of X-X^2 took      0.01 usr cpu s       0.02 sys cpu s       0.00 wall s
TIDE Trace of X-X^2 took      0.00 usr cpu s       0.00 sys cpu s       0.00 wall s
INDE ||X-X^2||_F = 4.290382e+00 , ||X-X^2||_mixed = 1.444683e+00
INDE trace(X-X^2) = 7.741617e+01
INDE trace(X) = 1.413300e+02
INDE Checking stopping criterion...   
INDE Order of convergence cannot be computed
TIDE stopping_criterion took      0.00 usr cpu s       0.00 sys cpu s       0.00 wall s
TIDE Iteration 3 took      0.02 usr cpu s       0.06 sys cpu s       0.01 wall s
INDE     ITERATION 4 :
TIDE purify_X took      0.00 usr cpu s       0.00 sys cpu s       0.00 wall s
TIDE truncate_matrix took      0.00 usr cpu s       0.00 sys cpu s       0.00 wall s
INDE Actual introduced error   0.000000e+00 : nnz before  116964 <-> 100.00 % , nnz after  116964 <-> 100.00 %
TIDE square took      0.01 usr cpu s       0.04 sys cpu s       0.01 wall s
INDE NNZ Xsq = 116964 <-> 100.00 %
TIDE Frobenius norm of X-X^2 took      0.00 usr cpu s       0.00 sys cpu s       0.00 wall s
TIDE Mixed norm of X-X^2 took      0.01 usr cpu s       0.02 sys cpu s       0.00 wall s
TIDE Trace of X-X^2 took      0.00 usr cpu s       0.00 sys cpu s       0.00 wall s
INDE ||X-X^2||_F = 4.003286e+00 , ||X-X^2||_mixed = 1.405986e+00
INDE trace(X-X^2) = 7.177920e+01
INDE trace(X) = 2.187462e+02
INDE Checking stopping criterion...   
INDE Order of convergence cannot be computed
TIDE stopping_criterion took      0.00 usr cpu s       0.00 sys cpu s       0.00 wall s
TIDE Iteration 4 took      0.02 usr cpu s       0.06 sys cpu s       0.01 wall s
INDE     ITERATION 5 :
TIDE purify_X took      0.00 usr cpu s       0.00 sys cpu s       0.00 wall s
TIDE truncate_matrix took      0.00 usr cpu s       0.00 sys cpu s       0.00 wall s
INDE Actual introduced error   0.000000e+00 : nnz before  116964 <-> 100.00 % , nnz after  116964 <-> 100.00 %
TIDE square took      0.02 usr cpu s       0.03 sys cpu s       0.01 wall s
INDE NNZ Xsq = 116964 <-> 100.00 %
TIDE Frobenius norm of X-X^2 took      0.00 usr cpu s       0.00 sys cpu s       0.00 wall s
TIDE Mixed norm of X-X^2 took      0.00 usr cpu s       0.02 sys cpu s       0.00 wall s
TIDE Trace of X-X^2 took      0.00 usr cpu s       0.00 sys cpu s       0.00 wall s
INDE ||X-X^2||_F = 4.268876e+00 , ||X-X^2||_mixed = 1.493204e+00
INDE trace(X-X^2) = 7.626113e+01
INDE trace(X) = 1.469670e+02
INDE Checking stopping criterion...   
INDE Order of convergence cannot be computed
TIDE stopping_criterion took      0.00 usr cpu s       0.00 sys cpu s       0.00 wall s
TIDE Iteration 5 took      0.03 usr cpu s       0.05 sys cpu s       0.01 wall s
INDE     ITERATION 6 :
TIDE purify_X took      0.00 usr cpu s       0.00 sys cpu s       0.00 wall s
TIDE truncate_matrix took      0.00 usr cpu s       0.00 sys cpu s       0.00 wall s
INDE Actual introduced error   0.000000e+00 : nnz before  116964 <-> 100.00 % , nnz after  116964 <-> 100.00 %
TIDE square took      0.04 usr cpu s       0.25 sys cpu s       0.04 wall s
INDE NNZ Xsq = 116964 <-> 100.00 %
TIDE Frobenius norm of X-X^2 took      0.00 usr cpu s       0.00 sys cpu s       0.00 wall s
TIDE Mixed norm of X-X^2 took      0.00 usr cpu s       0.01 sys cpu s       0.00 wall s
TIDE Trace of X-X^2 took      0.00 usr cpu s       0.00 sys cpu s       0.00 wall s
INDE ||X-X^2||_F = 2.734228e+00 , ||X-X^2||_mixed = 1.096790e+00
INDE trace(X-X^2) = 4.779602e+01
INDE trace(X) = 7.070582e+01
INDE Checking stopping criterion...   
INDE Order of convergence cannot be computed
TIDE stopping_criterion took      0.00 usr cpu s       0.00 sys cpu s       0.00 wall s
TIDE Iteration 6 took      0.05 usr cpu s       0.27 sys cpu s       0.04 wall s
INDE     ITERATION 7 :
TIDE purify_X took      0.00 usr cpu s       0.00 sys cpu s       0.00 wall s
TIDE truncate_matrix took      0.00 usr cpu s       0.00 sys cpu s       0.00 wall s
INDE Actual introduced error   0.000000e+00 : nnz before  116964 <-> 100.00 % , nnz after  116964 <-> 100.00 %
TIDE square took      0.03 usr cpu s       0.19 sys cpu s       0.03 wall s
INDE NNZ Xsq = 116964 <-> 100.00 %
TIDE Frobenius norm of X-X^2 took      0.00 usr cpu s       0.00 sys cpu s       0.00 wall s
TIDE Mixed norm of X-X^2 took      0.00 usr cpu s       0.02 sys cpu s       0.00 wall s
TIDE Trace of X-X^2 took      0.00 usr cpu s       0.00 sys cpu s       0.00 wall s
INDE ||X-X^2||_F = 3.850807e+00 , ||X-X^2||_mixed = 1.464409e+00
INDE trace(X-X^2) = 6.763987e+01
INDE trace(X) = 1.185018e+02
INDE Checking stopping criterion...   
INDE Order of convergence cannot be computed
TIDE stopping_criterion took      0.00 usr cpu s       0.00 sys cpu s       0.00 wall s
TIDE Iteration 7 took      0.04 usr cpu s       0.21 sys cpu s       0.03 wall s
INDE     ITERATION 8 :
TIDE purify_X took      0.00 usr cpu s       0.00 sys cpu s       0.00 wall s
TIDE truncate_matrix took      0.00 usr cpu s       0.00 sys cpu s       0.00 wall s
INDE Actual introduced error   0.000000e+00 : nnz before  116964 <-> 100.00 % , nnz after  116964 <-> 100.00 %
TIDE square took      0.02 usr cpu s       0.04 sys cpu s       0.01 wall s
INDE NNZ Xsq = 116964 <-> 100.00 %
TIDE Frobenius norm of X-X^2 took      0.00 usr cpu s       0.00 sys cpu s       0.00 wall s
TIDE Mixed norm of X-X^2 took      0.00 usr cpu s       0.02 sys cpu s       0.00 wall s
TIDE Trace of X-X^2 took      0.00 usr cpu s       0.00 sys cpu s       0.00 wall s
INDE ||X-X^2||_F = 4.120478e+00 , ||X-X^2||_mixed = 1.498159e+00
INDE trace(X-X^2) = 7.299921e+01
INDE trace(X) = 1.861417e+02
INDE Checking stopping criterion...   
INDE Order of convergence cannot be computed
TIDE stopping_criterion took      0.00 usr cpu s       0.00 sys cpu s       0.00 wall s
TIDE Iteration 8 took      0.03 usr cpu s       0.06 sys cpu s       0.01 wall s
INDE     ITERATION 9 :
TIDE purify_X took      0.00 usr cpu s       0.00 sys cpu s       0.00 wall s
TIDE truncate_matrix took      0.00 usr cpu s       0.00 sys cpu s       0.00 wall s
INDE Actual introduced error   0.000000e+00 : nnz before  116964 <-> 100.00 % , nnz after  116964 <-> 100.00 %
TIDE square took      0.01 usr cpu s       0.04 sys cpu s       0.01 wall s
INDE NNZ Xsq = 116964 <-> 100.00 %
TIDE Frobenius norm of X-X^2 took      0.00 usr cpu s       0.00 sys cpu s       0.00 wall s
TIDE Mixed norm of X-X^2 took      0.00 usr cpu s       0.02 sys cpu s       0.00 wall s
TIDE Trace of X-X^2 took      0.00 usr cpu s       0.00 sys cpu s       0.00 wall s
INDE ||X-X^2||_F = 3.665701e+00 , ||X-X^2||_mixed = 1.504887e+00
INDE trace(X-X^2) = 6.284351e+01
INDE trace(X) = 1.131425e+02
INDE Checking stopping criterion...   
INDE Order of convergence cannot be computed
TIDE stopping_criterion took      0.00 usr cpu s       0.00 sys cpu s       0.00 wall s
TIDE Iteration 9 took      0.02 usr cpu s       0.07 sys cpu s       0.01 wall s
INDE     ITERATION 10 :
TIDE purify_X took      0.00 usr cpu s       0.00 sys cpu s       0.00 wall s
TIDE truncate_matrix took      0.00 usr cpu s       0.00 sys cpu s       0.00 wall s
INDE Actual introduced error   0.000000e+00 : nnz before  116964 <-> 100.00 % , nnz after  116964 <-> 100.00 %
TIDE square took      0.02 usr cpu s       0.04 sys cpu s       0.01 wall s
INDE NNZ Xsq = 116964 <-> 100.00 %
TIDE Frobenius norm of X-X^2 took      0.00 usr cpu s       0.00 sys cpu s       0.00 wall s
TIDE Mixed norm of X-X^2 took      0.00 usr cpu s       0.02 sys cpu s       0.00 wall s
TIDE Trace of X-X^2 took      0.00 usr cpu s       0.00 sys cpu s       0.00 wall s
INDE ||X-X^2||_F = 3.888186e+00 , ||X-X^2||_mixed = 1.520339e+00
INDE trace(X-X^2) = 6.812285e+01
INDE trace(X) = 1.759860e+02
INDE Checking stopping criterion...   
INDE Order of convergence cannot be computed
TIDE stopping_criterion took      0.00 usr cpu s       0.00 sys cpu s       0.00 wall s
TIDE Iteration 10 took      0.03 usr cpu s       0.06 sys cpu s       0.01 wall s
INDE     ITERATION 11 :
TIDE purify_X took      0.00 usr cpu s       0.00 sys cpu s       0.00 wall s
TIDE truncate_matrix took      0.00 usr cpu s       0.00 sys cpu s       0.00 wall s
INDE Actual introduced error   0.000000e+00 : nnz before  116964 <-> 100.00 % , nnz after  116964 <-> 100.00 %
TIDE square took      0.02 usr cpu s       0.04 sys cpu s       0.01 wall s
INDE NNZ Xsq = 116964 <-> 100.00 %
TIDE Frobenius norm of X-X^2 took      0.00 usr cpu s       0.00 sys cpu s       0.00 wall s
TIDE Mixed norm of X-X^2 took      0.00 usr cpu s       0.02 sys cpu s       0.00 wall s
TIDE Trace of X-X^2 took      0.00 usr cpu s       0.00 sys cpu s       0.00 wall s
INDE ||X-X^2||_F = 3.436156e+00 , ||X-X^2||_mixed = 1.550222e+00
INDE trace(X-X^2) = 5.634731e+01
INDE trace(X) = 1.078632e+02
INDE Checking stopping criterion...   
INDE Order of convergence cannot be computed
TIDE stopping_criterion took      0.00 usr cpu s       0.00 sys cpu s       0.00 wall s
TIDE Iteration 11 took      0.03 usr cpu s       0.05 sys cpu s       0.01 wall s
INDE     ITERATION 12 :
TIDE purify_X took      0.00 usr cpu s       0.00 sys cpu s       0.00 wall s
TIDE truncate_matrix took      0.00 usr cpu s       0.00 sys cpu s       0.00 wall s
INDE Actual introduced error   0.000000e+00 : nnz before  116964 <-> 100.00 % , nnz after  116964 <-> 100.00 %
TIDE square took      0.02 usr cpu s       0.03 sys cpu s       0.01 wall s
INDE NNZ Xsq = 116964 <-> 100.00 %
TIDE Frobenius norm of X-X^2 took      0.00 usr cpu s       0.00 sys cpu s       0.00 wall s
TIDE Mixed norm of X-X^2 took      0.01 usr cpu s       0.01 sys cpu s       0.00 wall s
TIDE Trace of X-X^2 took      0.00 usr cpu s       0.00 sys cpu s       0.00 wall s
INDE ||X-X^2||_F = 2.134021e+00 , ||X-X^2||_mixed = 1.203843e+00
INDE trace(X-X^2) = 2.958071e+01
INDE trace(X) = 5.151586e+01
INDE Checking stopping criterion...   
INDE Order of convergence cannot be computed
TIDE stopping_criterion took      0.00 usr cpu s       0.00 sys cpu s       0.00 wall s
TIDE Iteration 12 took      0.03 usr cpu s       0.05 sys cpu s       0.01 wall s
INDE     ITERATION 13 :
TIDE purify_X took      0.00 usr cpu s       0.00 sys cpu s       0.00 wall s
TIDE truncate_matrix took      0.00 usr cpu s       0.00 sys cpu s       0.00 wall s
INDE Actual introduced error   0.000000e+00 : nnz before  116964 <-> 100.00 % , nnz after  116964 <-> 100.00 %
TIDE square took      0.02 usr cpu s       0.10 sys cpu s       0.02 wall s
INDE NNZ Xsq = 116964 <-> 100.00 %
TIDE Frobenius norm of X-X^2 took      0.00 usr cpu s       0.00 sys cpu s       0.00 wall s
TIDE Mixed norm of X-X^2 took      0.00 usr cpu s       0.02 sys cpu s       0.00 wall s
TIDE Trace of X-X^2 took      0.00 usr cpu s       0.00 sys cpu s       0.00 wall s
INDE ||X-X^2||_F = 2.856447e+00 , ||X-X^2||_mixed = 1.476454e+00
INDE trace(X-X^2) = 4.203470e+01
INDE trace(X) = 8.109657e+01
INDE Checking stopping criterion...   
INDE Order of convergence cannot be computed
TIDE stopping_criterion took      0.00 usr cpu s       0.00 sys cpu s       0.00 wall s
TIDE Iteration 13 took      0.03 usr cpu s       0.12 sys cpu s       0.02 wall s
INDE     ITERATION 14 :
TIDE purify_X took      0.00 usr cpu s       0.00 sys cpu s       0.00 wall s
TIDE truncate_matrix took      0.00 usr cpu s       0.00 sys cpu s       0.00 wall s
INDE Actual introduced error   0.000000e+00 : nnz before  116964 <-> 100.00 % , nnz after  116964 <-> 100.00 %
TIDE square took      0.02 usr cpu s       0.14 sys cpu s       0.02 wall s
INDE NNZ Xsq = 116964 <-> 100.00 %
TIDE Frobenius norm of X-X^2 took      0.00 usr cpu s       0.00 sys cpu s       0.00 wall s
TIDE Mixed norm of X-X^2 took      0.01 usr cpu s       0.01 sys cpu s       0.00 wall s
TIDE Trace of X-X^2 took      0.00 usr cpu s       0.00 sys cpu s       0.00 wall s
INDE ||X-X^2||_F = 3.137433e+00 , ||X-X^2||_mixed = 1.633222e+00
INDE trace(X-X^2) = 4.810057e+01
INDE trace(X) = 1.231313e+02
INDE Checking stopping criterion...   
INDE Order of convergence cannot be computed
TIDE stopping_criterion took      0.00 usr cpu s       0.00 sys cpu s       0.00 wall s
TIDE Iteration 14 took      0.04 usr cpu s       0.16 sys cpu s       0.03 wall s
INDE     ITERATION 15 :
TIDE purify_X took      0.00 usr cpu s       0.00 sys cpu s       0.00 wall s
TIDE truncate_matrix took      0.00 usr cpu s       0.00 sys cpu s       0.00 wall s
INDE Actual introduced error   0.000000e+00 : nnz before  116964 <-> 100.00 % , nnz after  116964 <-> 100.00 %
TIDE square took      0.02 usr cpu s       0.04 sys cpu s       0.01 wall s
INDE NNZ Xsq = 116964 <-> 100.00 %
TIDE Frobenius norm of X-X^2 took      0.00 usr cpu s       0.00 sys cpu s       0.00 wall s
TIDE Mixed norm of X-X^2 took      0.01 usr cpu s       0.02 sys cpu s       0.00 wall s
TIDE Trace of X-X^2 took      0.00 usr cpu s       0.00 sys cpu s       0.00 wall s
INDE ||X-X^2||_F = 2.538328e+00 , ||X-X^2||_mixed = 1.427881e+00
INDE trace(X-X^2) = 3.388157e+01
INDE trace(X) = 7.503070e+01
INDE Checking stopping criterion...   
INDE Order of convergence cannot be computed
TIDE stopping_criterion took      0.00 usr cpu s       0.00 sys cpu s       0.00 wall s
TIDE Iteration 15 took      0.03 usr cpu s       0.06 sys cpu s       0.01 wall s
INDE     ITERATION 16 :
TIDE purify_X took      0.00 usr cpu s       0.00 sys cpu s       0.00 wall s
TIDE truncate_matrix took      0.00 usr cpu s       0.00 sys cpu s       0.00 wall s
INDE Actual introduced error   0.000000e+00 : nnz before  116964 <-> 100.00 % , nnz after  116964 <-> 100.00 %
TIDE square took      0.02 usr cpu s       0.04 sys cpu s       0.01 wall s
INDE NNZ Xsq = 116964 <-> 100.00 %
TIDE Frobenius norm of X-X^2 took      0.00 usr cpu s       0.00 sys cpu s       0.00 wall s
TIDE Mixed norm of X-X^2 took      0.00 usr cpu s       0.02 sys cpu s       0.00 wall s
TIDE Trace of X-X^2 took      0.00 usr cpu s       0.00 sys cpu s       0.00 wall s
INDE ||X-X^2||_F = 2.741272e+00 , ||X-X^2||_mixed = 1.619469e+00
INDE trace(X-X^2) = 3.724943e+01
INDE trace(X) = 1.089123e+02
INDE Checking stopping criterion...   
INDE Order of convergence cannot be computed
TIDE stopping_criterion took      0.00 usr cpu s       0.00 sys cpu s       0.00 wall s
TIDE Iteration 16 took      0.03 usr cpu s       0.06 sys cpu s       0.01 wall s
INDE     ITERATION 17 :
TIDE purify_X took      0.00 usr cpu s       0.00 sys cpu s       0.00 wall s
TIDE truncate_matrix took      0.00 usr cpu s       0.00 sys cpu s       0.00 wall s
INDE Actual introduced error   0.000000e+00 : nnz before  116964 <-> 100.00 % , nnz after  116964 <-> 100.00 %
TIDE square took      0.01 usr cpu s       0.04 sys cpu s       0.01 wall s
INDE NNZ Xsq = 116964 <-> 100.00 %
TIDE Frobenius norm of X-X^2 took      0.00 usr cpu s       0.00 sys cpu s       0.00 wall s
TIDE Mixed norm of X-X^2 took      0.00 usr cpu s       0.02 sys cpu s       0.00 wall s
TIDE Trace of X-X^2 took      0.00 usr cpu s       0.00 sys cpu s       0.00 wall s
INDE ||X-X^2||_F = 2.196868e+00 , ||X-X^2||_mixed = 1.348216e+00
INDE trace(X-X^2) = 2.633770e+01
INDE trace(X) = 7.166285e+01
INDE Checking stopping criterion...   
INDE Order of convergence cannot be computed
TIDE stopping_criterion took      0.00 usr cpu s       0.00 sys cpu s       0.00 wall s
TIDE Iteration 17 took      0.02 usr cpu s       0.06 sys cpu s       0.01 wall s
INDE     ITERATION 18 :
TIDE purify_X took      0.00 usr cpu s       0.00 sys cpu s       0.00 wall s
TIDE truncate_matrix took      0.00 usr cpu s       0.00 sys cpu s       0.00 wall s
INDE Actual introduced error   0.000000e+00 : nnz before  116964 <-> 100.00 % , nnz after  116964 <-> 100.00 %
TIDE square took      0.01 usr cpu s       0.04 sys cpu s       0.01 wall s
INDE NNZ Xsq = 116964 <-> 100.00 %
TIDE Frobenius norm of X-X^2 took      0.00 usr cpu s       0.00 sys cpu s       0.00 wall s
TIDE Mixed norm of X-X^2 took      0.00 usr cpu s       0.02 sys cpu s       0.00 wall s
TIDE Trace of X-X^2 took      0.00 usr cpu s       0.00 sys cpu s       0.00 wall s
INDE ||X-X^2||_F = 1.503685e+00 , ||X-X^2||_mixed = 1.049197e+00
INDE trace(X-X^2) = 1.465041e+01
INDE trace(X) = 4.532514e+01
INDE Checking stopping criterion...   
INDE Order of convergence cannot be computed
TIDE stopping_criterion took      0.00 usr cpu s       0.00 sys cpu s       0.00 wall s
TIDE Iteration 18 took      0.02 usr cpu s       0.06 sys cpu s       0.01 wall s
INDE     ITERATION 19 :
TIDE purify_X took      0.00 usr cpu s       0.00 sys cpu s       0.00 wall s
TIDE truncate_matrix took      0.00 usr cpu s       0.00 sys cpu s       0.00 wall s
INDE Actual introduced error   0.000000e+00 : nnz before  116964 <-> 100.00 % , nnz after  116964 <-> 100.00 %
TIDE square took      0.02 usr cpu s       0.04 sys cpu s       0.01 wall s
INDE NNZ Xsq = 116964 <-> 100.00 %
TIDE Frobenius norm of X-X^2 took      0.00 usr cpu s       0.00 sys cpu s       0.00 wall s
TIDE Mixed norm of X-X^2 took      0.01 usr cpu s       0.01 sys cpu s       0.00 wall s
TIDE Trace of X-X^2 took      0.00 usr cpu s       0.00 sys cpu s       0.00 wall s
INDE ||X-X^2||_F = 1.606135e+00 , ||X-X^2||_mixed = 1.077415e+00
INDE trace(X-X^2) = 1.666804e+01
INDE trace(X) = 5.997555e+01
INDE Checking stopping criterion...   
INDE Order of convergence cannot be computed
TIDE stopping_criterion took      0.00 usr cpu s       0.00 sys cpu s       0.00 wall s
TIDE Iteration 19 took      0.03 usr cpu s       0.06 sys cpu s       0.01 wall s
INDE     ITERATION 20 :
TIDE purify_X took      0.00 usr cpu s       0.00 sys cpu s       0.00 wall s
TIDE truncate_matrix took      0.00 usr cpu s       0.00 sys cpu s       0.00 wall s
INDE Actual introduced error   0.000000e+00 : nnz before  116964 <-> 100.00 % , nnz after  116964 <-> 100.00 %
TIDE square took      0.00 usr cpu s       0.05 sys cpu s       0.01 wall s
INDE NNZ Xsq = 116964 <-> 100.00 %
TIDE Frobenius norm of X-X^2 took      0.00 usr cpu s       0.00 sys cpu s       0.00 wall s
TIDE Mixed norm of X-X^2 took      0.00 usr cpu s       0.02 sys cpu s       0.00 wall s
TIDE Trace of X-X^2 took      0.00 usr cpu s       0.00 sys cpu s       0.00 wall s
INDE ||X-X^2||_F = 1.109688e+00 , ||X-X^2||_mixed = 8.472658e-01
INDE trace(X-X^2) = 8.649421e+00
INDE trace(X) = 4.330750e+01
INDE Checking stopping criterion...   
INDE Order of convergence cannot be computed
TIDE stopping_criterion took      0.00 usr cpu s       0.00 sys cpu s       0.00 wall s
TIDE Iteration 20 took      0.01 usr cpu s       0.07 sys cpu s       0.01 wall s
INDE     ITERATION 21 :
TIDE purify_X took      0.00 usr cpu s       0.00 sys cpu s       0.00 wall s
TIDE truncate_matrix took      0.00 usr cpu s       0.00 sys cpu s       0.00 wall s
INDE Actual introduced error   0.000000e+00 : nnz before  116964 <-> 100.00 % , nnz after  116964 <-> 100.00 %
TIDE square took      0.02 usr cpu s       0.03 sys cpu s       0.01 wall s
INDE NNZ Xsq = 116964 <-> 100.00 %
TIDE Frobenius norm of X-X^2 took      0.00 usr cpu s       0.00 sys cpu s       0.00 wall s
TIDE Mixed norm of X-X^2 took      0.00 usr cpu s       0.02 sys cpu s       0.00 wall s
TIDE Trace of X-X^2 took      0.00 usr cpu s       0.00 sys cpu s       0.00 wall s
INDE ||X-X^2||_F = 9.694039e-01 , ||X-X^2||_mixed = 7.162083e-01
INDE trace(X-X^2) = 8.394762e+00
INDE trace(X) = 5.195693e+01
INDE Checking stopping criterion...   
INDE Order of convergence cannot be computed
TIDE stopping_criterion took      0.00 usr cpu s       0.00 sys cpu s       0.00 wall s
TIDE Iteration 21 took      0.03 usr cpu s       0.06 sys cpu s       0.01 wall s
INDE     ITERATION 22 :
TIDE purify_X took      0.00 usr cpu s       0.00 sys cpu s       0.00 wall s
TIDE truncate_matrix took      0.00 usr cpu s       0.00 sys cpu s       0.00 wall s
INDE Actual introduced error   0.000000e+00 : nnz before  116964 <-> 100.00 % , nnz after  116964 <-> 100.00 %
TIDE square took      0.02 usr cpu s       0.03 sys cpu s       0.01 wall s
INDE NNZ Xsq = 116964 <-> 100.00 %
TIDE Frobenius norm of X-X^2 took      0.00 usr cpu s       0.00 sys cpu s       0.00 wall s
TIDE Mixed norm of X-X^2 took      0.00 usr cpu s       0.02 sys cpu s       0.00 wall s
TIDE Trace of X-X^2 took      0.00 usr cpu s       0.00 sys cpu s       0.00 wall s
INDE ||X-X^2||_F = 1.308118e+00 , ||X-X^2||_mixed = 9.750859e-01
INDE trace(X-X^2) = 1.060336e+01
INDE trace(X) = 6.035169e+01
INDE Checking stopping criterion...   
INDE Order of convergence cannot be computed
TIDE stopping_criterion took      0.00 usr cpu s       0.00 sys cpu s       0.00 wall s
TIDE Iteration 22 took      0.03 usr cpu s       0.06 sys cpu s       0.01 wall s
INDE     ITERATION 23 :
TIDE purify_X took      0.00 usr cpu s       0.00 sys cpu s       0.00 wall s
TIDE truncate_matrix took      0.00 usr cpu s       0.00 sys cpu s       0.00 wall s
INDE Actual introduced error   0.000000e+00 : nnz before  116964 <-> 100.00 % , nnz after  116964 <-> 100.00 %
TIDE square took      0.02 usr cpu s       0.04 sys cpu s       0.01 wall s
INDE NNZ Xsq = 116964 <-> 100.00 %
TIDE Frobenius norm of X-X^2 took      0.00 usr cpu s       0.00 sys cpu s       0.00 wall s
TIDE Mixed norm of X-X^2 took      0.00 usr cpu s       0.02 sys cpu s       0.00 wall s
TIDE Trace of X-X^2 took      0.00 usr cpu s       0.00 sys cpu s       0.00 wall s
INDE ||X-X^2||_F = 5.528688e-01 , ||X-X^2||_mixed = 4.415082e-01
INDE trace(X-X^2) = 3.713764e+00
INDE trace(X) = 4.974832e+01
INDE Checking stopping criterion...   
INDE e_i =4.415082e-01, C*e_{i-1}^q = 3.532820e+00
INDE Order of convergence = 8.230538, stop = 0
TIDE stopping_criterion took      0.00 usr cpu s       0.00 sys cpu s       0.00 wall s
TIDE Iteration 23 took      0.02 usr cpu s       0.06 sys cpu s       0.01 wall s
INDE     ITERATION 24 :
TIDE purify_X took      0.00 usr cpu s       0.00 sys cpu s       0.00 wall s
TIDE truncate_matrix took      0.00 usr cpu s       0.00 sys cpu s       0.00 wall s
INDE Actual introduced error   0.000000e+00 : nnz before  116964 <-> 100.00 % , nnz after  116964 <-> 100.00 %
TIDE square took      0.02 usr cpu s       0.04 sys cpu s       0.01 wall s
INDE NNZ Xsq = 116964 <-> 100.00 %
TIDE Frobenius norm of X-X^2 took      0.00 usr cpu s       0.00 sys cpu s       0.00 wall s
TIDE Mixed norm of X-X^2 took      0.00 usr cpu s       0.02 sys cpu s       0.00 wall s
TIDE Trace of X-X^2 took      0.00 usr cpu s       0.00 sys cpu s       0.00 wall s
INDE ||X-X^2||_F = 3.562224e-01 , ||X-X^2||_mixed = 3.225705e-01
INDE trace(X-X^2) = 1.459670e+00
INDE trace(X) = 4.603456e+01
INDE Checking stopping criterion...   
INDE Order of convergence cannot be computed
TIDE stopping_criterion took      0.00 usr cpu s       0.00 sys cpu s       0.00 wall s
TIDE Iteration 24 took      0.02 usr cpu s       0.06 sys cpu s       0.01 wall s
INDE     ITERATION 25 :
TIDE purify_X took      0.00 usr cpu s       0.00 sys cpu s       0.00 wall s
TIDE truncate_matrix took      0.00 usr cpu s       0.00 sys cpu s       0.00 wall s
INDE Actual introduced error   0.000000e+00 : nnz before  116964 <-> 100.00 % , nnz after  116964 <-> 100.00 %
TIDE square took      0.01 usr cpu s       0.04 sys cpu s       0.01 wall s
INDE NNZ Xsq = 116964 <-> 100.00 %
TIDE Frobenius norm of X-X^2 took      0.00 usr cpu s       0.00 sys cpu s       0.00 wall s
TIDE Mixed norm of X-X^2 took      0.00 usr cpu s       0.02 sys cpu s       0.00 wall s
TIDE Trace of X-X^2 took      0.00 usr cpu s       0.00 sys cpu s       0.00 wall s
INDE ||X-X^2||_F = 1.792361e-01 , ||X-X^2||_mixed = 1.540887e-01
INDE trace(X-X^2) = 8.442983e-01
INDE trace(X) = 4.749423e+01
INDE Checking stopping criterion...   
INDE e_i =1.540887e-01, C*e_{i-1}^q = 1.342518e+00
INDE Order of convergence = 4.647851, stop = 0
TIDE stopping_criterion took      0.00 usr cpu s       0.00 sys cpu s       0.00 wall s
TIDE Iteration 25 took      0.02 usr cpu s       0.06 sys cpu s       0.01 wall s
INDE     ITERATION 26 :
TIDE purify_X took      0.00 usr cpu s       0.00 sys cpu s       0.00 wall s
TIDE truncate_matrix took      0.00 usr cpu s       0.00 sys cpu s       0.00 wall s
INDE Actual introduced error   0.000000e+00 : nnz before  116964 <-> 100.00 % , nnz after  116964 <-> 100.00 %
TIDE square took      0.02 usr cpu s       0.04 sys cpu s       0.01 wall s
INDE NNZ Xsq = 116964 <-> 100.00 %
TIDE Frobenius norm of X-X^2 took      0.00 usr cpu s       0.00 sys cpu s       0.00 wall s
TIDE Mixed norm of X-X^2 took      0.00 usr cpu s       0.01 sys cpu s       0.00 wall s
TIDE Trace of X-X^2 took      0.00 usr cpu s       0.00 sys cpu s       0.00 wall s
INDE ||X-X^2||_F = 2.835744e-01 , ||X-X^2||_mixed = 2.369075e-01
INDE trace(X-X^2) = 1.260308e+00
INDE trace(X) = 4.833853e+01
INDE Checking stopping criterion...   
INDE Order of convergence cannot be computed
TIDE stopping_criterion took      0.00 usr cpu s       0.00 sys cpu s       0.00 wall s
TIDE Iteration 26 took      0.03 usr cpu s       0.06 sys cpu s       0.01 wall s
INDE     ITERATION 27 :
TIDE purify_X took      0.00 usr cpu s       0.00 sys cpu s       0.00 wall s
TIDE truncate_matrix took      0.00 usr cpu s       0.00 sys cpu s       0.00 wall s
INDE Actual introduced error   0.000000e+00 : nnz before  116964 <-> 100.00 % , nnz after  116964 <-> 100.00 %
TIDE square took      0.02 usr cpu s       0.03 sys cpu s       0.01 wall s
INDE NNZ Xsq = 116964 <-> 100.00 %
TIDE Frobenius norm of X-X^2 took      0.00 usr cpu s       0.00 sys cpu s       0.00 wall s
TIDE Mixed norm of X-X^2 took      0.00 usr cpu s       0.02 sys cpu s       0.00 wall s
TIDE Trace of X-X^2 took      0.00 usr cpu s       0.00 sys cpu s       0.00 wall s
INDE ||X-X^2||_F = 3.436214e-02 , ||X-X^2||_mixed = 2.955859e-02
INDE trace(X-X^2) = 1.172660e-01
INDE trace(X) = 4.707822e+01
INDE Checking stopping criterion...   
INDE e_i =2.955859e-02, C*e_{i-1}^q = 1.635251e-01
INDE Order of convergence = 2.914644, stop = 0
TIDE stopping_criterion took      0.00 usr cpu s       0.00 sys cpu s       0.00 wall s
TIDE Iteration 27 took      0.03 usr cpu s       0.06 sys cpu s       0.01 wall s
INDE     ITERATION 28 :
TIDE purify_X took      0.00 usr cpu s       0.00 sys cpu s       0.00 wall s
TIDE truncate_matrix took      0.00 usr cpu s       0.00 sys cpu s       0.00 wall s
INDE Actual introduced error   0.000000e+00 : nnz before  116964 <-> 100.00 % , nnz after  116964 <-> 100.00 %
TIDE square took      0.02 usr cpu s       0.04 sys cpu s       0.01 wall s
INDE NNZ Xsq = 116964 <-> 100.00 %
TIDE Frobenius norm of X-X^2 took      0.00 usr cpu s       0.00 sys cpu s       0.00 wall s
TIDE Mixed norm of X-X^2 took      0.00 usr cpu s       0.02 sys cpu s       0.00 wall s
TIDE Trace of X-X^2 took      0.00 usr cpu s       0.00 sys cpu s       0.00 wall s
INDE ||X-X^2||_F = 2.687526e-02 , ||X-X^2||_mixed = 2.659759e-02
INDE trace(X-X^2) = 4.033922e-02
INDE trace(X) = 4.696095e+01
INDE Checking stopping criterion...   
INDE Order of convergence cannot be computed
TIDE stopping_criterion took      0.00 usr cpu s       0.00 sys cpu s       0.00 wall s
TIDE Iteration 28 took      0.02 usr cpu s       0.06 sys cpu s       0.01 wall s
INDE     ITERATION 29 :
TIDE purify_X took      0.00 usr cpu s       0.00 sys cpu s       0.00 wall s
TIDE truncate_matrix took      0.00 usr cpu s       0.00 sys cpu s       0.00 wall s
INDE Actual introduced error   0.000000e+00 : nnz before  116964 <-> 100.00 % , nnz after  116964 <-> 100.00 %
TIDE square took      0.02 usr cpu s       0.03 sys cpu s       0.01 wall s
INDE NNZ Xsq = 116964 <-> 100.00 %
TIDE Frobenius norm of X-X^2 took      0.00 usr cpu s       0.00 sys cpu s       0.00 wall s
TIDE Mixed norm of X-X^2 took      0.00 usr cpu s       0.01 sys cpu s       0.00 wall s
TIDE Trace of X-X^2 took      0.00 usr cpu s       0.00 sys cpu s       0.00 wall s
INDE ||X-X^2||_F = 1.059295e-03 , ||X-X^2||_mixed = 9.560085e-04
INDE trace(X-X^2) = 2.794395e-03
INDE trace(X) = 4.700129e+01
INDE Checking stopping criterion...   
INDE e_i =9.560085e-04, C*e_{i-1}^q = 6.017416e-03
INDE Order of convergence = 2.522422, stop = 0
TIDE stopping_criterion took      0.00 usr cpu s       0.00 sys cpu s       0.00 wall s
TIDE Iteration 29 took      0.03 usr cpu s       0.05 sys cpu s       0.01 wall s
INDE     ITERATION 30 :
TIDE purify_X took      0.00 usr cpu s       0.00 sys cpu s       0.00 wall s
TIDE truncate_matrix took      0.00 usr cpu s       0.00 sys cpu s       0.00 wall s
INDE Actual introduced error   0.000000e+00 : nnz before  116964 <-> 100.00 % , nnz after  116964 <-> 100.00 %
TIDE square took      0.02 usr cpu s       0.04 sys cpu s       0.01 wall s
INDE NNZ Xsq = 116964 <-> 100.00 %
TIDE Frobenius norm of X-X^2 took      0.00 usr cpu s       0.00 sys cpu s       0.00 wall s
TIDE Mixed norm of X-X^2 took      0.00 usr cpu s       0.01 sys cpu s       0.00 wall s
TIDE Trace of X-X^2 took      0.00 usr cpu s       0.00 sys cpu s       0.00 wall s
INDE ||X-X^2||_F = 1.120751e-03 , ||X-X^2||_mixed = 1.113095e-03
INDE trace(X-X^2) = 1.503536e-03
INDE trace(X) = 4.699850e+01
INDE Checking stopping criterion...   
INDE e_i =1.113095e-03, C*e_{i-1}^q = 4.872224e-03
INDE Order of convergence = 2.407067, stop = 0
TIDE stopping_criterion took      0.00 usr cpu s       0.00 sys cpu s       0.00 wall s
TIDE Iteration 30 took      0.02 usr cpu s       0.06 sys cpu s       0.01 wall s
INDE     ITERATION 31 :
TIDE purify_X took      0.00 usr cpu s       0.00 sys cpu s       0.00 wall s
TIDE truncate_matrix took      0.00 usr cpu s       0.00 sys cpu s       0.00 wall s
INDE Actual introduced error   0.000000e+00 : nnz before  116964 <-> 100.00 % , nnz after  116964 <-> 100.00 %
TIDE square took      0.02 usr cpu s       0.03 sys cpu s       0.01 wall s
INDE NNZ Xsq = 116964 <-> 100.00 %
TIDE Frobenius norm of X-X^2 took      0.00 usr cpu s       0.00 sys cpu s       0.00 wall s
TIDE Mixed norm of X-X^2 took      0.00 usr cpu s       0.01 sys cpu s       0.00 wall s
TIDE Trace of X-X^2 took      0.00 usr cpu s       0.00 sys cpu s       0.00 wall s
INDE ||X-X^2||_F = 1.408644e-06 , ||X-X^2||_mixed = 1.348567e-06
INDE trace(X-X^2) = 2.875302e-06
INDE trace(X) = 4.700000e+01
INDE Checking stopping criterion...   
INDE e_i =1.348567e-06, C*e_{i-1}^q = 6.294572e-06
INDE Order of convergence = 2.221588, stop = 0
TIDE stopping_criterion took      0.00 usr cpu s       0.00 sys cpu s       0.00 wall s
TIDE Iteration 31 took      0.03 usr cpu s       0.05 sys cpu s       0.01 wall s
INDE     ITERATION 32 :
TIDE purify_X took      0.00 usr cpu s       0.00 sys cpu s       0.00 wall s
TIDE truncate_matrix took      0.00 usr cpu s       0.00 sys cpu s       0.00 wall s
INDE Actual introduced error   0.000000e+00 : nnz before  116964 <-> 100.00 % , nnz after  116964 <-> 100.00 %
TIDE square took      0.03 usr cpu s       0.03 sys cpu s       0.01 wall s
INDE NNZ Xsq = 116964 <-> 100.00 %
TIDE Frobenius norm of X-X^2 took      0.00 usr cpu s       0.00 sys cpu s       0.00 wall s
TIDE Mixed norm of X-X^2 took      0.00 usr cpu s       0.01 sys cpu s       0.00 wall s
TIDE Trace of X-X^2 took      0.00 usr cpu s       0.00 sys cpu s       0.00 wall s
INDE ||X-X^2||_F = 1.895699e-06 , ||X-X^2||_mixed = 1.768433e-06
INDE trace(X-X^2) = 3.233876e-06
INDE trace(X) = 4.700000e+01
INDE Checking stopping criterion...   
INDE Order of convergence cannot be computed
TIDE stopping_criterion took      0.00 usr cpu s       0.00 sys cpu s       0.00 wall s
TIDE Iteration 32 took      0.03 usr cpu s       0.05 sys cpu s       0.01 wall s
INDE     ITERATION 33 :
TIDE purify_X took      0.00 usr cpu s       0.00 sys cpu s       0.00 wall s
TIDE truncate_matrix took      0.00 usr cpu s       0.00 sys cpu s       0.00 wall s
INDE Actual introduced error   0.000000e+00 : nnz before  116964 <-> 100.00 % , nnz after  116964 <-> 100.00 %
TIDE square took      0.01 usr cpu s       0.04 sys cpu s       0.01 wall s
INDE NNZ Xsq = 116964 <-> 100.00 %
TIDE Frobenius norm of X-X^2 took      0.00 usr cpu s       0.00 sys cpu s       0.00 wall s
TIDE Mixed norm of X-X^2 took      0.00 usr cpu s       0.01 sys cpu s       0.00 wall s
TIDE Trace of X-X^2 took      0.00 usr cpu s       0.00 sys cpu s       0.00 wall s
INDE ||X-X^2||_F = 3.470712e-12 , ||X-X^2||_mixed = 3.387933e-12
INDE trace(X-X^2) = 5.762502e-12
INDE trace(X) = 4.700000e+01
INDE Checking stopping criterion...   
INDE e_i =3.387933e-12, C*e_{i-1}^q = 1.252528e-11
INDE Order of convergence = 2.096736, stop = 0
TIDE stopping_criterion took      0.00 usr cpu s       0.00 sys cpu s       0.00 wall s
TIDE Iteration 33 took      0.02 usr cpu s       0.06 sys cpu s       0.01 wall s
INDE     ITERATION 34 :
TIDE purify_X took      0.00 usr cpu s       0.00 sys cpu s       0.00 wall s
TIDE truncate_matrix took      0.00 usr cpu s       0.00 sys cpu s       0.00 wall s
INDE Actual introduced error   0.000000e+00 : nnz before  116964 <-> 100.00 % , nnz after  116964 <-> 100.00 %
TIDE square took      0.02 usr cpu s       0.03 sys cpu s       0.01 wall s
INDE NNZ Xsq = 116964 <-> 100.00 %
TIDE Frobenius norm of X-X^2 took      0.00 usr cpu s       0.00 sys cpu s       0.00 wall s
TIDE Mixed norm of X-X^2 took      0.00 usr cpu s       0.01 sys cpu s       0.00 wall s
TIDE Trace of X-X^2 took      0.00 usr cpu s       0.00 sys cpu s       0.00 wall s
INDE ||X-X^2||_F = 4.108921e-12 , ||X-X^2||_mixed = 4.108684e-12
INDE trace(X-X^2) = 4.355627e-12
INDE trace(X) = 4.700000e+01
INDE Checking stopping criterion...   
INDE Order of convergence cannot be computed
TIDE stopping_criterion took      0.00 usr cpu s       0.00 sys cpu s       0.00 wall s
TIDE Iteration 34 took      0.03 usr cpu s       0.04 sys cpu s       0.01 wall s
INDE     ITERATION 35 :
TIDE purify_X took      0.00 usr cpu s       0.00 sys cpu s       0.00 wall s
TIDE truncate_matrix took      0.00 usr cpu s       0.00 sys cpu s       0.00 wall s
INDE Actual introduced error   0.000000e+00 : nnz before  116964 <-> 100.00 % , nnz after  116964 <-> 100.00 %
TIDE square took      0.02 usr cpu s       0.04 sys cpu s       0.01 wall s
INDE NNZ Xsq = 116964 <-> 100.00 %
TIDE Frobenius norm of X-X^2 took      0.00 usr cpu s       0.00 sys cpu s       0.00 wall s
TIDE Mixed norm of X-X^2 took      0.00 usr cpu s       0.00 sys cpu s       0.00 wall s
TIDE Trace of X-X^2 took      0.00 usr cpu s       0.00 sys cpu s       0.00 wall s
INDE ||X-X^2||_F = 2.180580e-15 , ||X-X^2||_mixed = 0.000000e+00
INDE trace(X-X^2) = 0.000000e+00
INDE trace(X) = 4.700000e+01
INDE Checking stopping criterion...   
INDE ************************************************************************************************************
INDE The norm value went much below machine precision, therefore we stop here since n_max can be underestimated.
INDE ************************************************************************************************************
INDE e_i =0.000000e+00, C*e_{i-1}^q = 7.905189e-23
INDE Order of convergence = inf, stop = 1
TIDE stopping_criterion took      0.00 usr cpu s       0.00 sys cpu s       0.00 wall s
INDE PURIFICATION CONVERGED after 35 iterations
TIDE Iteration 35 took      0.03 usr cpu s       0.05 sys cpu s       0.01 wall s
INDE Number of non-zeros in D is  116964 <-> 100.00 %
TIDE FileWritable::writeAndReadAll took      0.00 usr cpu s       0.00 sys cpu s       0.00 wall s
INDE writeAndReadAll sizesStr: '0 MB (1 MatrixGeneral, 0 > 1 MB) + 0 MB (13 MatrixSymmetric, 0 > 1 MB) + 0 MB (2 VectorGeneral, 0 > 1 MB) = 0 MB (16 total, 0 > 1 MB)
INDE TOTAL accumulated subspace error is 0.000000e+00
INDE TOTAL X square time: 0.336511 wall s
INDE TOTAL X trunction time: 0.009268 wall s
INDE TOTAL X purify (exl. X^2 computation) time: 0.009091 wall s
INDE TOTAL time to get number of non-zero elements: 0.003016 wall s
INDE TOTAL time to get mixed norm: 0.085072 wall s
INDE TOTAL time to get Frobenius norm: 0.010018 wall s
INDE TOTAL time for stopping criterion: 0.004098 wall s
INDE TOTAL time to get matrix trace: 0.001642 wall s
INDE Estimated bounds for the eigenvalues for the Fock matrix:
INDE LUMO: [ 0.035549623930 , 0.056525493706 ]
INDE HOMO: [ -0.357278194477 , -0.348181737031 ]
TIDE eigenvalue_bounds_estimation() took      0.00 usr cpu s       0.00 sys cpu s       0.00 wall s
TIDE Recursive expansion took      1.05 usr cpu s       2.99 sys cpu s       0.54 wall s
TIDE Puri->PurificationStart() took      1.05 usr cpu s       2.99 sys cpu s       0.54 wall s
TIDE Accumulated wall times for writeToFile in PurificationStart()          : 0 s (MatrixGeneral) + 4.1e-06 s (MatrixSymmetric) + 0.00012 s (VectorGeneral) = 0.00012 s
TIDE Accumulated wall times for readFromFile in PurificationStart()         : 0 s (MatrixGeneral) + 9.5e-07 s (MatrixSymmetric) + 6.5e-05 s (VectorGeneral) = 6.6e-05 s
TIDE Accumulated wall times for copy and assign in PurificationStart()      : 1.9e-06 s (MatrixSymmetric) + 5.5e-05 s (VectorGeneral) = 5.7e-05 s
INDE Number of calls to writeToFile in PurificationStart()                  : 2 (MatrixGeneral) + 27 (MatrixSymmetric) + 1473 (VectorGeneral) = 1502 
INDE Number of calls to readFromFile in PurificationStart()                 : 2 (MatrixGeneral) + 26 (MatrixSymmetric) + 569 (VectorGeneral) = 597 
INDE Number of calls to FileWritable copy and assign in PurificationStart() : 2 (MatrixSymmetric) + 37 (VectorGeneral) = 39 
TIDE mat::Gblas::time after purification :     2.759590
INDE Created .m files with results of the purification
INDE Purification converged OK, subspaceError <=          0.00000000000
INDE E(LUMO) - E(HOMO) >=          0.38373136096 =         10.44186232771 eV
INDE E(LUMO) - E(HOMO) <=          0.41380368818 =         11.26017204299 eV
INDE HOMO interval : [   -0.357278194477   -0.348181737031 ]
INDE LUMO interval : [    0.035549623930    0.056525493706 ]
INDE Trace of resulting density matrix is         47.00000000000, error is   0.00000000000000.
INDE Truncated D_ort ( mixed ), selected threshold = 9.99999e-08, returned error =          0, nnz before = 116964 <-> 100.0000 %, nnz after = 116964 <-> 100.0000 %
TIDE FileWritable::writeAndReadAll took      0.00 usr cpu s       0.00 sys cpu s       0.00 wall s
INDE writeAndReadAll sizesStr: '0 MB (1 MatrixGeneral, 0 > 1 MB) + 0 MB (12 MatrixSymmetric, 0 > 1 MB) + 0 MB (1 MatrixTriangular, 0 > 1 MB) = 0 MB (14 total, 0 > 1 MB)
TIDE D_w to non-orthogonal basis took      0.02 usr cpu s       0.04 sys cpu s       0.01 wall s
INDE Truncated D_S (eucl with Z), selected threshold = 9.99999e-08, returned error =          0, nnz before = 100.0000 %, nnz after = 100.0000 %
INDE get_dens_from_fock_sparse ending OK
TIDE get_dens_from_fock_sparse took      1.41 usr cpu s       4.32 sys cpu s       0.76 wall s
ERDE get_dens_from_fock  (GetDensFromFock class) : purification finished OK.
TIDE get_dens_from_fock took      1.41 usr cpu s       4.32 sys cpu s       0.76 wall s
INSC Matrix 'new density matrix' ( symm ): n =    342, nnz =       116964 <-> 100.00 %, mem usage  0.0005 G
INSC Tr( D * S ) =         93.99999999996
TISC get_new_density_matrix took      1.41 usr cpu s       4.32 sys cpu s       0.76 wall s
INSC SCF_restricted::report_density_difference, diff_eucl =          0.00044686852
TISC SCF_restricted::report_density_difference took      0.02 usr cpu s       0.06 sys cpu s       0.01 wall s
INMA ddf_writeShellListAndDensityMatricesToFile_sparse, n =    342, densityMatrixList[0].nvalues =       58653
INMA opened temporary file 'density.bin.L2CHyB' for writing
INMA Choosing matrixStorageType = MATRIX_STORAGE_TYPE_TRIANGLE.
INMA fileSize =          560392 bytes =      0.560 MegaBytes
INMA renamed file 'density.bin.L2CHyB' to 'density.bin'
INMA ddf_writeShellListAndDensityMatricesToFile_sparse freeing buffer.
INMA ddf_writeShellListAndDensityMatricesToFile_sparse returning OK.
TISC write_density_to_file took      0.01 usr cpu s       0.04 sys cpu s       0.01 wall s
INSC Creating mtx file for Fock matrix
INSC Creating mtx file for density matrix
INSC SCF cycle  10 finished.
TISC SCF cycle  10 took   1166.18 usr cpu s       6.52 sys cpu s     180.38 wall s
INSC Beginning of SCF cycle 11:  Thu Mar 26 20:39:22 2026
INDE compute_J_by_boxes_sparse() start.
TIDE FileWritable::writeAndReadAll took      0.00 usr cpu s       0.00 sys cpu s       0.00 wall s
INDE writeAndReadAll: '0 MB (1 MatrixGeneral, 0 > 1 MB) + 0 MB (11 MatrixSymmetric, 0 > 1 MB) = 0 MB (12 total, 0 > 1 MB)
IN   compute_J_by_boxes_sparse, maxDensityMatrixElement =         22.35798257666
ININ get_basis_func_pair_list, n =    342
ININ create_box_system end OK, toplevelBoxSize:   7.0, #levels:  3, #boxes at top level:      6
TIIN get_basis_func_pair_list_2el took      0.16 usr cpu s       0.00 sys cpu s       0.16 wall s
IN   compute_J_by_boxes_sparse: noOfBasisFuncIndexPairs = 54626 ==> storing  46.70 % of a full matrix
ININ entering compute_J_by_boxes_linear, no of basis funcs =   342, threshold_J =   1e-16
ININ use_fmm = 1, fmm_box_size =   5.00
TIIN Compute extent for all distrs took      0.50 usr cpu s       0.00 sys cpu s       0.50 wall s
ININ extent_min =    0.000, extent_max =   22.744
ININ Creating list of distributions etc done, distrCount =    388106
TIIN Creating list of distributions etc took      0.72 usr cpu s       0.00 sys cpu s       0.72 wall s
ININ create_box_system end OK, toplevelBoxSize:   5.0, #levels:  3, #boxes at top level:     10
TIIN Creating boxes took      0.04 usr cpu s       0.00 sys cpu s       0.04 wall s
ININ noOfBranches = 6, splitters:  20.00 10.00  5.00  2.50  0.00
ININ J org done, groupCount =    16614
TIIN J org took      1.71 usr cpu s       0.00 sys cpu s       1.71 wall s
TIIN Generate group multipoles took      0.76 usr cpu s       0.00 sys cpu s       0.76 wall s
ININ totChargeWholeSystem =          0.00000000000
ININ Generating multipole for each branch at top level, MAX_MULTIPOLE_DEGREE = 15
TIIN Translate multipoles (step 1) took      0.48 usr cpu s       0.00 sys cpu s       0.48 wall s
TIIN Translate multipoles (step 2) took      0.10 usr cpu s       0.00 sys cpu s       0.10 wall s
ININ job lists for J created OK, noOfJobs_J_standard =     1733, noOfJobs_J_multipole =      193
TIIN Creating job lists for J took      0.00 usr cpu s       0.00 sys cpu s       0.00 wall s
ININ execute_joblist_J_std_threaded, noOfThreads =  8
ININ 8 threads started OK.
ININ all 8 threads have finished.
TIIN execute_joblist_J_std_threaded took    276.81 usr cpu s       0.12 sys cpu s      42.71 wall s
TIIN sort_list_of_multipole_jobs init part took      0.00 usr cpu s       0.00 sys cpu s       0.00 wall s
TIIN sort_list_of_multipole_jobs complete took      0.00 usr cpu s       0.00 sys cpu s       0.00 wall s
TIIN sort_list_of_multipole_jobs took      0.00 usr cpu s       0.00 sys cpu s       0.00 wall s
ININ execute_joblist_J_fmm_shared: Allocating multipoleList_4, maxnoOfMinimalDistrsPerBoxBranch =     63209
ININ execute_joblist_J_fmm_shared: jobIndexLo =            0, jobIndexHi =           24
ININ execute_joblist_J_fmm_shared: Allocating multipoleList_4, maxnoOfMinimalDistrsPerBoxBranch =     63209
ININ execute_joblist_J_fmm_shared: Allocating multipoleList_4, maxnoOfMinimalDistrsPerBoxBranch =     63209
ININ execute_joblist_J_fmm_shared: jobIndexLo =           24, jobIndexHi =           48
ININ execute_joblist_J_fmm_shared: jobIndexLo =           48, jobIndexHi =           72
ININ execute_joblist_J_fmm_shared: Allocating multipoleList_4, maxnoOfMinimalDistrsPerBoxBranch =     63209
ININ execute_joblist_J_fmm_shared: jobIndexLo =           72, jobIndexHi =           96
ININ execute_joblist_J_fmm_shared: Allocating multipoleList_4, maxnoOfMinimalDistrsPerBoxBranch =     63209
ININ execute_joblist_J_fmm_shared: jobIndexLo =           96, jobIndexHi =          120
ININ execute_joblist_J_fmm_shared: Allocating multipoleList_4, maxnoOfMinimalDistrsPerBoxBranch =     63209
ININ execute_joblist_J_fmm_shared: jobIndexLo =          120, jobIndexHi =          144
ININ execute_joblist_J_fmm_shared: Allocating multipoleList_4, maxnoOfMinimalDistrsPerBoxBranch =     63209
ININ execute_joblist_J_fmm_shared: jobIndexLo =          144, jobIndexHi =          168
ININ execute_joblist_J_fmm_shared: Allocating multipoleList_4, maxnoOfMinimalDistrsPerBoxBranch =     63209
ININ execute_joblist_J_fmm_shared: jobIndexLo =          168, jobIndexHi =          193
ININ execute_joblist_J_fmm_shared: done!
ININ execute_joblist_J_fmm_shared: done!
ININ execute_joblist_J_fmm_shared: done!
ININ execute_joblist_J_fmm_shared: done!
ININ execute_joblist_J_fmm_shared: done!
ININ execute_joblist_J_fmm_shared: done!
ININ execute_joblist_J_fmm_shared: done!
ININ execute_joblist_J_fmm_shared: done!
ININ multipole job list for J executed, largest L used: 11
TIIN Executing multipole job list for J took      0.63 usr cpu s       0.00 sys cpu s       0.25 wall s
ININ compute_J_by_boxes_linear ending OK.
TIIN compute_J_by_boxes_linear took    281.29 usr cpu s       0.12 sys cpu s      46.81 wall s
TI   compute_J_by_boxes_sparse total took    281.45 usr cpu s       0.12 sys cpu s      46.98 wall s
ININ entering create_CSR_for_K, no of basis funcs =   342, threshold_K =   1e-16
ININ create_box_system end OK, toplevelBoxSize:   7.0, #levels:  3, #boxes at top level:      6
ININ create_box_system end OK, toplevelBoxSize:   7.0, #levels:  3, #boxes at top level:      6
ININ create_box_system end OK, toplevelBoxSize:   7.0, #levels:  3, #boxes at top level:      6
TIIN create_CSR_for_K getting list of distrs took      0.44 usr cpu s       0.00 sys cpu s       0.44 wall s
ININ list of neighbors complete.
TIIN create_CSR_for_K getting list of neighbors took      0.00 usr cpu s       0.00 sys cpu s       0.00 wall s
TIIN create_CSR_for_K sort each list of neighbors took      0.06 usr cpu s       0.00 sys cpu s       0.06 wall s
ININ 8 threads started OK.
TIIN identify_needed_elements() took    697.57 usr cpu s       0.45 sys cpu s      90.14 wall s
ININ computing nnz..
ININ create_CSR_for_K: predicted nnz =        58653, <->  50.15% of a full matrix
TIIN create_CSR_for_K last part took      0.00 usr cpu s       0.00 sys cpu s       0.00 wall s
TIIN create_CSR_for_K total took    698.09 usr cpu s       0.45 sys cpu s      90.65 wall s
ININ entering compute_K_by_boxes, no of basis funcs =   342, threshold_K =   1e-16, exchange_box_size =   5.00
ININ create_box_system end OK, toplevelBoxSize:   7.0, #levels:  3, #boxes at top level:      6
ININ create_box_system end OK, toplevelBoxSize:   7.0, #levels:  3, #boxes at top level:      6
ININ create_box_system end OK, toplevelBoxSize:   7.0, #levels:  3, #boxes at top level:      6
TIIN Compute extent for all distrs took      0.52 usr cpu s       0.00 sys cpu s       0.52 wall s
ININ Creating list of distributions done, distrCountTot =    388106
TIIN Creating list of distributions took      0.80 usr cpu s       0.00 sys cpu s       0.80 wall s
ININ create_box_system end OK, toplevelBoxSize:   5.0, #levels:  3, #boxes at top level:     10
ININ create_box_system end OK, toplevelBoxSize:   2.5, #levels:  4, #boxes at top level:     16
ININ noOfLevelsBasisFuncs = 4, noOfLevelsDiff = 1
TIIN Creating boxes etc took      0.04 usr cpu s       0.02 sys cpu s       0.06 wall s
TIIN getting multipoleNormVectorList took      0.79 usr cpu s       0.00 sys cpu s       0.80 wall s
TIIN K organize_distributions for all boxes took      2.20 usr cpu s       0.02 sys cpu s       2.22 wall s
ININ starting loop to setup basisFuncGroupInfoList, with added index checks.
TIIN GetLimitsAllLevels took      0.34 usr cpu s       0.00 sys cpu s       0.34 wall s
ININ getDmatLimitMatrixCSRList start.
TIIN getting densityMatrixLimitMatrixList took      0.02 usr cpu s       0.00 sys cpu s       0.02 wall s
ININ job list for K created,       55 jobs
TIIN creating job list for K took      0.00 usr cpu s       0.00 sys cpu s       0.00 wall s
ININ execute_joblist_K_threaded, noOfThreads =  8, basisFuncListCount_max =   333
ININ 8 threads started OK.
ININ all 8 threads have finished, took       39 wall s.
TIIN Executing job list for K took    176.85 usr cpu s       0.05 sys cpu s      38.67 wall s
TIIN compute_K_by_boxes took    181.05 usr cpu s       0.09 sys cpu s      42.91 wall s
TI   compute_K_by_boxes_sparse total took    879.17 usr cpu s       0.56 sys cpu s     133.61 wall s
INSC About to truncate FockMatrix, gap of Fprev >=          0.38373136096
TISC symmMatrix::mixed_diff for F vs Fprev maxEigValMovement_mixed took      0.00 usr cpu s       0.00 sys cpu s       0.00 wall s
TISC symmMatrix::eucl_diff for maxEigValMovement_eucl  took      0.02 usr cpu s       0.13 sys cpu s       0.03 wall s
INSC maxEigValMovement_frob  =          0.00002811839
INSC maxEigValMovement_mixed =          0.00002289124
INSC maxEigValMovement_eucl  =          0.00001187900
TISC FockMatrix.eucl_thresh() (with Z) took      0.16 usr cpu s       0.45 sys cpu s       0.10 wall s
INSC Truncated FockMatrix (eucl with Z), selected threshold = 3.83708e-08, returned error =          0, nnz before = 100.0000 %, nnz after = 100.0000 %
INSC Matrix 'S' ( symm ): n =    342, nnz =       116964 <-> 100.00 %, mem usage  0.0005 G
INSC Matrix 'F' ( symm ): n =    342, nnz =       116964 <-> 100.00 %, mem usage  0.0005 G
INSC Matrix 'D' ( symm ): n =    342, nnz =       116964 <-> 100.00 %, mem usage  0.0005 G
INSC nuclearEnergy, energy_2el, energy = 782.160484, 1007.253414, -645.112846
INSC Energy  11 =       -645.11284581308  ( diff     -0.000000000138698 )
INSC calling compute_FDSminusSDF_sparse, n = 342
INDE compute_FDSminusSDF_sparse() start.
TIDE FileWritable::writeAndReadAll took      0.00 usr cpu s       0.00 sys cpu s       0.00 wall s
INDE writeAndReadAll: '0 MB (1 MatrixGeneral, 0 > 1 MB) + 0 MB (9 MatrixSymmetric, 0 > 1 MB) = 0 MB (10 total, 0 > 1 MB)
TISC compute_FDSminusSDF_sparse, F*D mult took      0.04 usr cpu s       0.07 sys cpu s       0.02 wall s
INSC Matrix 'FD before eucl truncation' (normal): n =    342, nnz =       116964 <-> 100.00 %, mem usage  0.0009 G
INSC Matrix 'FD after  eucl truncation' (normal): n =    342, nnz =       116964 <-> 100.00 %, mem usage  0.0009 G
INSC Matrix 'FDS before eucl truncation' (normal): n =    342, nnz =       116964 <-> 100.00 %, mem usage  0.0009 G
INSC Matrix 'FDS after  eucl truncation' (normal): n =    342, nnz =       116964 <-> 100.00 %, mem usage  0.0009 G
INSC compute_FDSminusSDF_sparse ending OK.
TISC compute_FDSminusSDF_sparse took      0.13 usr cpu s       0.28 sys cpu s       0.05 wall s
INSC Matrix 'FDS-SDF' (normal): n =    342, nnz =       116964 <-> 100.00 %, mem usage  0.0009 G
INSC SCF_restricted::get_FDSminusSDF finished.
TISC get_FDSminusSDF took      0.13 usr cpu s       0.28 sys cpu s       0.05 wall s
INSC maxabs FDS-SDF is 1.17e-06
INSC frob   FDS-SDF is  1.8e-05
TISC get_error_measure took      0.00 usr cpu s       0.01 sys cpu s       0.00 wall s
INSC entering DIISManagerRestricted::AddIterationToList, IterCount = 10
INSC DIISManagerRestricted::AddIterationToList ending OK.
TISC DIISManagerRestricted::AddIterationToList took      0.00 usr cpu s       0.04 sys cpu s       0.00 wall s
INSC using DIIS to get combined Fock matrix, number of iters used for DIIS: 10
TISC clear_error_matrices took      0.00 usr cpu s       0.00 sys cpu s       0.00 wall s
TISC save_current_fock_as_fprev took      0.00 usr cpu s       0.00 sys cpu s       0.00 wall s
INDE get_dens_from_fock_general, n = 342, use_diagonalization = 0, use_diag_on_error = 1
INDE Before writeAndReadAll(): AllocatorManager statistics:  noOfRealsPerBuffer: 1024 noOfBuffers: 20000 list.size(): 1. Allocated: 0.164 GB, Used: 0.0181 GB, Peak alloc: 0.164 GB.
TIDE FileWritable::writeAndReadAll took      0.00 usr cpu s       0.00 sys cpu s       0.00 wall s
INDE writeAndReadAll sizesStr: '0 MB (1 MatrixGeneral, 0 > 1 MB) + 0 MB (7 MatrixSymmetric, 0 > 1 MB) = 0 MB (8 total, 0 > 1 MB)
INDE After writeAndReadAll(): AllocatorManager statistics:  noOfRealsPerBuffer: 1024 noOfBuffers: 20000 list.size(): 1. Allocated: 0.164 GB, Used: 0.0181 GB, Peak alloc: 0.164 GB.
INDE calling get_dens_from_fock_sparse, n =    342, subspaceErrorLimit = 1e-06
INDE get_dens_from_fock_sparse() start!
INDE After F.readFromFile(): AllocatorManager statistics:  noOfRealsPerBuffer: 1024 noOfBuffers: 20000 list.size(): 1. Allocated: 0.164 GB, Used: 0.0181 GB, Peak alloc: 0.164 GB.
INDE After creating wrapper MatrixType F_w(F): AllocatorManager statistics:  noOfRealsPerBuffer: 1024 noOfBuffers: 20000 list.size(): 1. Allocated: 0.164 GB, Used: 0.0186 GB, Peak alloc: 0.164 GB.
TIDE  F_w to orthogonal basis took      0.02 usr cpu s       0.05 sys cpu s       0.01 wall s
TIDE MatrixType::mixed_diff for maxEigValMovement_mixed took      0.00 usr cpu s       0.01 sys cpu s       0.00 wall s
TIDE symmMatrixWrap::eucl_diff for maxEigValMovement_eucl  took      0.10 usr cpu s       0.54 sys cpu s       0.08 wall s
INDE maxEigValMovement_frob  =          0.00001444788
INDE maxEigValMovement_mixed =          0.00000943687
INDE maxEigValMovement_eucl  =          0.00000260243
INDE lumo before truncation: [ 0.035547021495 , 0.056528096140 ]
INDE homo before truncation: [ -0.357280796912 , -0.348179134596 ]
INDE Truncate matrix F and update intervals for homo and lumo.
INDE Truncating F_ort ( mixed ), selected threshold = 3.83726e-08
INDE Truncated F_ort ( mixed ), selected threshold = 3.83726e-08, returned error =          0, nnz before = 100.0000 %, nnz after = 100.0000 %
TIDE Truncation of F_ort took      0.00 usr cpu s       0.00 sys cpu s       0.00 wall s
INDE Chosen Ergo Wrapper
INDE Creating purification object: N = 342 , nocc = 47 , NNZ = 116964  <-> 100.00000 %
INDE Chosen norm for the truncation: 
INDE mixed
INDE Chosen norm for the stopping criterion: 
INDE mixed
INDE Chosen the NEW stopping criterion.
INDE Allowed error in subspace 7.000000e-07
INDE Chosen SP2 purification method
INDE calling Puri->PurificationStart(), number of threads = 1, trunc norm 'mixed'
TIDE gershgorin took      0.00 usr cpu s       0.01 sys cpu s       0.00 wall s
INDE Gershgorin bounds: [ -59.820858696834 , 100.436330332052 ]
INDE EXPANDED Gershgorin bounds: [ -59.820858711735 , 100.436330346953 ]
INDE Trying to impove bounds using Lanczos algorithm...
TIDE compute_spectrum_bounds took      0.08 usr cpu s       0.38 sys cpu s       0.07 wall s
INDE Spectrum of F: 	 [ -20.624839557558 , 51.715199395032 ]
INDE Transform homo and lumo bounds...
INDE HOMO bounds of X: 	 [ 0.719703490397 , 0.719829308166 ]
INDE LUMO bounds of X: 	 [ 0.714108978193 , 0.714399012246 ]
INDE INIT LUMO: [ 0.714108978193 , 0.714399012246 ]
INDE INIT HOMO: [ 0.280170691834 , 0.280296509603 ]
INDE ESTIMATED NUMBER OF ITERATIONS IS 35
INDE Put eigenvalues of F to the interval [0,1] in reverse order.
TIDE compute_X() took      0.00 usr cpu s       0.00 sys cpu s       0.00 wall s
TIDE prepare_to_purification() took      0.08 usr cpu s       0.38 sys cpu s       0.08 wall s
INDE (EIGV,PARAMS) Requested 0 occipied eigenpair(s).
INDE (EIGV,PARAMS) Requested 0 unoccipied eigenpair(s).
TIDE prepare_to_purification_eigenvectors() took      0.00 usr cpu s       0.00 sys cpu s       0.00 wall s
INDE Starting recursive expansion
INDE     BEFORE ITERATIONS:
TIDE truncate_matrix took      0.00 usr cpu s       0.00 sys cpu s       0.00 wall s
INDE Actual introduced error   0.000000e+00 : nnz before  116964 <-> 100.00 % , nnz after  116964 <-> 100.00 %
TIDE square took      0.02 usr cpu s       0.03 sys cpu s       0.01 wall s
INDE NNZ Xsq = 116964 <-> 100.00 %
TIDE Frobenius norm of X-X^2 took      0.00 usr cpu s       0.00 sys cpu s       0.00 wall s
TIDE Mixed norm of X-X^2 took      0.00 usr cpu s       0.02 sys cpu s       0.00 wall s
TIDE Trace of X-X^2 took      0.00 usr cpu s       0.00 sys cpu s       0.00 wall s
INDE ||X-X^2||_F = 3.852014e+00 , ||X-X^2||_mixed = 1.286053e+00
INDE trace(X-X^2) = 7.012956e+01
INDE trace(X) = 2.342456e+02
TIDE Iteration 0 took      0.02 usr cpu s       0.05 sys cpu s       0.01 wall s
TIDE FileWritable::writeAndReadAll took      0.00 usr cpu s       0.00 sys cpu s       0.00 wall s
INDE writeAndReadAll sizesStr: '0 MB (1 MatrixGeneral, 0 > 1 MB) + 0 MB (13 MatrixSymmetric, 0 > 1 MB) + 0 MB (2 VectorGeneral, 0 > 1 MB) = 0 MB (16 total, 0 > 1 MB)
INDE     ITERATION 1 :
TIDE purify_X took      0.00 usr cpu s       0.00 sys cpu s       0.00 wall s
TIDE truncate_matrix took      0.00 usr cpu s       0.00 sys cpu s       0.00 wall s
INDE Actual introduced error   0.000000e+00 : nnz before  116964 <-> 100.00 % , nnz after  116964 <-> 100.00 %
TIDE square took      0.01 usr cpu s       0.05 sys cpu s       0.01 wall s
INDE NNZ Xsq = 116964 <-> 100.00 %
TIDE Frobenius norm of X-X^2 took      0.00 usr cpu s       0.00 sys cpu s       0.00 wall s
TIDE Mixed norm of X-X^2 took      0.00 usr cpu s       0.02 sys cpu s       0.00 wall s
TIDE Trace of X-X^2 took      0.00 usr cpu s       0.00 sys cpu s       0.00 wall s
INDE ||X-X^2||_F = 4.467938e+00 , ||X-X^2||_mixed = 1.460677e+00
INDE trace(X-X^2) = 8.127625e+01
INDE trace(X) = 1.641160e+02
TIDE Iteration 1 took      0.01 usr cpu s       0.07 sys cpu s       0.01 wall s
INDE     ITERATION 2 :
TIDE purify_X took      0.00 usr cpu s       0.00 sys cpu s       0.00 wall s
TIDE truncate_matrix took      0.00 usr cpu s       0.00 sys cpu s       0.00 wall s
INDE Actual introduced error   0.000000e+00 : nnz before  116964 <-> 100.00 % , nnz after  116964 <-> 100.00 %
TIDE square took      0.01 usr cpu s       0.04 sys cpu s       0.01 wall s
INDE NNZ Xsq = 116964 <-> 100.00 %
TIDE Frobenius norm of X-X^2 took      0.00 usr cpu s       0.00 sys cpu s       0.00 wall s
TIDE Mixed norm of X-X^2 took      0.00 usr cpu s       0.02 sys cpu s       0.00 wall s
TIDE Trace of X-X^2 took      0.00 usr cpu s       0.00 sys cpu s       0.00 wall s
INDE ||X-X^2||_F = 3.254697e+00 , ||X-X^2||_mixed = 1.135626e+00
INDE trace(X-X^2) = 5.849020e+01
INDE trace(X) = 8.283977e+01
INDE Checking stopping criterion...   
INDE Order of convergence cannot be computed
TIDE stopping_criterion took      0.00 usr cpu s       0.00 sys cpu s       0.00 wall s
TIDE Iteration 2 took      0.02 usr cpu s       0.06 sys cpu s       0.01 wall s
INDE     ITERATION 3 :
TIDE purify_X took      0.00 usr cpu s       0.00 sys cpu s       0.00 wall s
TIDE truncate_matrix took      0.00 usr cpu s       0.00 sys cpu s       0.00 wall s
INDE Actual introduced error   0.000000e+00 : nnz before  116964 <-> 100.00 % , nnz after  116964 <-> 100.00 %
TIDE square took      0.02 usr cpu s       0.03 sys cpu s       0.01 wall s
INDE NNZ Xsq = 116964 <-> 100.00 %
TIDE Frobenius norm of X-X^2 took      0.00 usr cpu s       0.00 sys cpu s       0.00 wall s
TIDE Mixed norm of X-X^2 took      0.00 usr cpu s       0.02 sys cpu s       0.00 wall s
TIDE Trace of X-X^2 took      0.00 usr cpu s       0.00 sys cpu s       0.00 wall s
INDE ||X-X^2||_F = 4.290382e+00 , ||X-X^2||_mixed = 1.444683e+00
INDE trace(X-X^2) = 7.741617e+01
INDE trace(X) = 1.413300e+02
INDE Checking stopping criterion...   
INDE Order of convergence cannot be computed
TIDE stopping_criterion took      0.00 usr cpu s       0.00 sys cpu s       0.00 wall s
TIDE Iteration 3 took      0.03 usr cpu s       0.06 sys cpu s       0.01 wall s
INDE     ITERATION 4 :
TIDE purify_X took      0.00 usr cpu s       0.00 sys cpu s       0.00 wall s
TIDE truncate_matrix took      0.00 usr cpu s       0.00 sys cpu s       0.00 wall s
INDE Actual introduced error   0.000000e+00 : nnz before  116964 <-> 100.00 % , nnz after  116964 <-> 100.00 %
TIDE square took      0.02 usr cpu s       0.03 sys cpu s       0.01 wall s
INDE NNZ Xsq = 116964 <-> 100.00 %
TIDE Frobenius norm of X-X^2 took      0.00 usr cpu s       0.00 sys cpu s       0.00 wall s
TIDE Mixed norm of X-X^2 took      0.00 usr cpu s       0.02 sys cpu s       0.00 wall s
TIDE Trace of X-X^2 took      0.00 usr cpu s       0.00 sys cpu s       0.00 wall s
INDE ||X-X^2||_F = 4.003286e+00 , ||X-X^2||_mixed = 1.405987e+00
INDE trace(X-X^2) = 7.177920e+01
INDE trace(X) = 2.187461e+02
INDE Checking stopping criterion...   
INDE Order of convergence cannot be computed
TIDE stopping_criterion took      0.00 usr cpu s       0.00 sys cpu s       0.00 wall s
TIDE Iteration 4 took      0.03 usr cpu s       0.06 sys cpu s       0.01 wall s
INDE     ITERATION 5 :
TIDE purify_X took      0.00 usr cpu s       0.00 sys cpu s       0.00 wall s
TIDE truncate_matrix took      0.00 usr cpu s       0.00 sys cpu s       0.00 wall s
INDE Actual introduced error   0.000000e+00 : nnz before  116964 <-> 100.00 % , nnz after  116964 <-> 100.00 %
TIDE square took      0.02 usr cpu s       0.03 sys cpu s       0.01 wall s
INDE NNZ Xsq = 116964 <-> 100.00 %
TIDE Frobenius norm of X-X^2 took      0.00 usr cpu s       0.00 sys cpu s       0.00 wall s
TIDE Mixed norm of X-X^2 took      0.00 usr cpu s       0.02 sys cpu s       0.00 wall s
TIDE Trace of X-X^2 took      0.00 usr cpu s       0.00 sys cpu s       0.00 wall s
INDE ||X-X^2||_F = 4.268876e+00 , ||X-X^2||_mixed = 1.493204e+00
INDE trace(X-X^2) = 7.626113e+01
INDE trace(X) = 1.469669e+02
INDE Checking stopping criterion...   
INDE Order of convergence cannot be computed
TIDE stopping_criterion took      0.00 usr cpu s       0.00 sys cpu s       0.00 wall s
TIDE Iteration 5 took      0.03 usr cpu s       0.06 sys cpu s       0.01 wall s
INDE     ITERATION 6 :
TIDE purify_X took      0.00 usr cpu s       0.00 sys cpu s       0.00 wall s
TIDE truncate_matrix took      0.00 usr cpu s       0.00 sys cpu s       0.00 wall s
INDE Actual introduced error   0.000000e+00 : nnz before  116964 <-> 100.00 % , nnz after  116964 <-> 100.00 %
TIDE square took      0.01 usr cpu s       0.04 sys cpu s       0.01 wall s
INDE NNZ Xsq = 116964 <-> 100.00 %
TIDE Frobenius norm of X-X^2 took      0.00 usr cpu s       0.00 sys cpu s       0.00 wall s
TIDE Mixed norm of X-X^2 took      0.01 usr cpu s       0.01 sys cpu s       0.00 wall s
TIDE Trace of X-X^2 took      0.00 usr cpu s       0.00 sys cpu s       0.00 wall s
INDE ||X-X^2||_F = 2.734227e+00 , ||X-X^2||_mixed = 1.096789e+00
INDE trace(X-X^2) = 4.779601e+01
INDE trace(X) = 7.070581e+01
INDE Checking stopping criterion...   
INDE Order of convergence cannot be computed
TIDE stopping_criterion took      0.00 usr cpu s       0.00 sys cpu s       0.00 wall s
TIDE Iteration 6 took      0.03 usr cpu s       0.06 sys cpu s       0.01 wall s
INDE     ITERATION 7 :
TIDE purify_X took      0.00 usr cpu s       0.00 sys cpu s       0.00 wall s
TIDE truncate_matrix took      0.00 usr cpu s       0.00 sys cpu s       0.00 wall s
INDE Actual introduced error   0.000000e+00 : nnz before  116964 <-> 100.00 % , nnz after  116964 <-> 100.00 %
TIDE square took      0.02 usr cpu s       0.03 sys cpu s       0.01 wall s
INDE NNZ Xsq = 116964 <-> 100.00 %
TIDE Frobenius norm of X-X^2 took      0.00 usr cpu s       0.00 sys cpu s       0.00 wall s
TIDE Mixed norm of X-X^2 took      0.01 usr cpu s       0.01 sys cpu s       0.00 wall s
TIDE Trace of X-X^2 took      0.00 usr cpu s       0.00 sys cpu s       0.00 wall s
INDE ||X-X^2||_F = 3.850807e+00 , ||X-X^2||_mixed = 1.464409e+00
INDE trace(X-X^2) = 6.763986e+01
INDE trace(X) = 1.185018e+02
INDE Checking stopping criterion...   
INDE Order of convergence cannot be computed
TIDE stopping_criterion took      0.00 usr cpu s       0.00 sys cpu s       0.00 wall s
TIDE Iteration 7 took      0.03 usr cpu s       0.05 sys cpu s       0.01 wall s
INDE     ITERATION 8 :
TIDE purify_X took      0.00 usr cpu s       0.00 sys cpu s       0.00 wall s
TIDE truncate_matrix took      0.00 usr cpu s       0.00 sys cpu s       0.00 wall s
INDE Actual introduced error   0.000000e+00 : nnz before  116964 <-> 100.00 % , nnz after  116964 <-> 100.00 %
TIDE square took      0.02 usr cpu s       0.04 sys cpu s       0.01 wall s
INDE NNZ Xsq = 116964 <-> 100.00 %
TIDE Frobenius norm of X-X^2 took      0.00 usr cpu s       0.00 sys cpu s       0.00 wall s
TIDE Mixed norm of X-X^2 took      0.00 usr cpu s       0.02 sys cpu s       0.00 wall s
TIDE Trace of X-X^2 took      0.00 usr cpu s       0.00 sys cpu s       0.00 wall s
INDE ||X-X^2||_F = 4.120478e+00 , ||X-X^2||_mixed = 1.498159e+00
INDE trace(X-X^2) = 7.299921e+01
INDE trace(X) = 1.861417e+02
INDE Checking stopping criterion...   
INDE Order of convergence cannot be computed
TIDE stopping_criterion took      0.00 usr cpu s       0.00 sys cpu s       0.00 wall s
TIDE Iteration 8 took      0.02 usr cpu s       0.06 sys cpu s       0.01 wall s
INDE     ITERATION 9 :
TIDE purify_X took      0.00 usr cpu s       0.00 sys cpu s       0.00 wall s
TIDE truncate_matrix took      0.00 usr cpu s       0.00 sys cpu s       0.00 wall s
INDE Actual introduced error   0.000000e+00 : nnz before  116964 <-> 100.00 % , nnz after  116964 <-> 100.00 %
TIDE square took      0.01 usr cpu s       0.04 sys cpu s       0.01 wall s
INDE NNZ Xsq = 116964 <-> 100.00 %
TIDE Frobenius norm of X-X^2 took      0.00 usr cpu s       0.00 sys cpu s       0.00 wall s
TIDE Mixed norm of X-X^2 took      0.00 usr cpu s       0.02 sys cpu s       0.00 wall s
TIDE Trace of X-X^2 took      0.00 usr cpu s       0.00 sys cpu s       0.00 wall s
INDE ||X-X^2||_F = 3.665700e+00 , ||X-X^2||_mixed = 1.504887e+00
INDE trace(X-X^2) = 6.284350e+01
INDE trace(X) = 1.131425e+02
INDE Checking stopping criterion...   
INDE Order of convergence cannot be computed
TIDE stopping_criterion took      0.00 usr cpu s       0.00 sys cpu s       0.00 wall s
TIDE Iteration 9 took      0.02 usr cpu s       0.07 sys cpu s       0.01 wall s
INDE     ITERATION 10 :
TIDE purify_X took      0.00 usr cpu s       0.00 sys cpu s       0.00 wall s
TIDE truncate_matrix took      0.00 usr cpu s       0.00 sys cpu s       0.00 wall s
INDE Actual introduced error   0.000000e+00 : nnz before  116964 <-> 100.00 % , nnz after  116964 <-> 100.00 %
TIDE square took      0.02 usr cpu s       0.03 sys cpu s       0.01 wall s
INDE NNZ Xsq = 116964 <-> 100.00 %
TIDE Frobenius norm of X-X^2 took      0.00 usr cpu s       0.00 sys cpu s       0.00 wall s
TIDE Mixed norm of X-X^2 took      0.00 usr cpu s       0.01 sys cpu s       0.00 wall s
TIDE Trace of X-X^2 took      0.00 usr cpu s       0.00 sys cpu s       0.00 wall s
INDE ||X-X^2||_F = 3.888186e+00 , ||X-X^2||_mixed = 1.520339e+00
INDE trace(X-X^2) = 6.812285e+01
INDE trace(X) = 1.759860e+02
INDE Checking stopping criterion...   
INDE Order of convergence cannot be computed
TIDE stopping_criterion took      0.00 usr cpu s       0.00 sys cpu s       0.00 wall s
TIDE Iteration 10 took      0.03 usr cpu s       0.05 sys cpu s       0.01 wall s
INDE     ITERATION 11 :
TIDE purify_X took      0.00 usr cpu s       0.00 sys cpu s       0.00 wall s
TIDE truncate_matrix took      0.00 usr cpu s       0.00 sys cpu s       0.00 wall s
INDE Actual introduced error   0.000000e+00 : nnz before  116964 <-> 100.00 % , nnz after  116964 <-> 100.00 %
TIDE square took      0.02 usr cpu s       0.04 sys cpu s       0.01 wall s
INDE NNZ Xsq = 116964 <-> 100.00 %
TIDE Frobenius norm of X-X^2 took      0.00 usr cpu s       0.00 sys cpu s       0.00 wall s
TIDE Mixed norm of X-X^2 took      0.00 usr cpu s       0.02 sys cpu s       0.00 wall s
TIDE Trace of X-X^2 took      0.00 usr cpu s       0.00 sys cpu s       0.00 wall s
INDE ||X-X^2||_F = 3.436155e+00 , ||X-X^2||_mixed = 1.550221e+00
INDE trace(X-X^2) = 5.634729e+01
INDE trace(X) = 1.078631e+02
INDE Checking stopping criterion...   
INDE Order of convergence cannot be computed
TIDE stopping_criterion took      0.00 usr cpu s       0.00 sys cpu s       0.00 wall s
TIDE Iteration 11 took      0.03 usr cpu s       0.06 sys cpu s       0.01 wall s
INDE     ITERATION 12 :
TIDE purify_X took      0.00 usr cpu s       0.00 sys cpu s       0.00 wall s
TIDE truncate_matrix took      0.00 usr cpu s       0.00 sys cpu s       0.00 wall s
INDE Actual introduced error   0.000000e+00 : nnz before  116964 <-> 100.00 % , nnz after  116964 <-> 100.00 %
TIDE square took      0.01 usr cpu s       0.05 sys cpu s       0.01 wall s
INDE NNZ Xsq = 116964 <-> 100.00 %
TIDE Frobenius norm of X-X^2 took      0.00 usr cpu s       0.00 sys cpu s       0.00 wall s
TIDE Mixed norm of X-X^2 took      0.00 usr cpu s       0.02 sys cpu s       0.00 wall s
TIDE Trace of X-X^2 took      0.00 usr cpu s       0.00 sys cpu s       0.00 wall s
INDE ||X-X^2||_F = 2.134020e+00 , ||X-X^2||_mixed = 1.203842e+00
INDE trace(X-X^2) = 2.958069e+01
INDE trace(X) = 5.151582e+01
INDE Checking stopping criterion...   
INDE Order of convergence cannot be computed
TIDE stopping_criterion took      0.00 usr cpu s       0.00 sys cpu s       0.00 wall s
TIDE Iteration 12 took      0.02 usr cpu s       0.07 sys cpu s       0.01 wall s
INDE     ITERATION 13 :
TIDE purify_X took      0.00 usr cpu s       0.00 sys cpu s       0.00 wall s
TIDE truncate_matrix took      0.00 usr cpu s       0.00 sys cpu s       0.00 wall s
INDE Actual introduced error   0.000000e+00 : nnz before  116964 <-> 100.00 % , nnz after  116964 <-> 100.00 %
TIDE square took      0.02 usr cpu s       0.03 sys cpu s       0.01 wall s
INDE NNZ Xsq = 116964 <-> 100.00 %
TIDE Frobenius norm of X-X^2 took      0.00 usr cpu s       0.00 sys cpu s       0.00 wall s
TIDE Mixed norm of X-X^2 took      0.01 usr cpu s       0.01 sys cpu s       0.00 wall s
TIDE Trace of X-X^2 took      0.00 usr cpu s       0.00 sys cpu s       0.00 wall s
INDE ||X-X^2||_F = 2.856446e+00 , ||X-X^2||_mixed = 1.476453e+00
INDE trace(X-X^2) = 4.203468e+01
INDE trace(X) = 8.109651e+01
INDE Checking stopping criterion...   
INDE Order of convergence cannot be computed
TIDE stopping_criterion took      0.00 usr cpu s       0.00 sys cpu s       0.00 wall s
TIDE Iteration 13 took      0.03 usr cpu s       0.05 sys cpu s       0.01 wall s
INDE     ITERATION 14 :
TIDE purify_X took      0.00 usr cpu s       0.00 sys cpu s       0.00 wall s
TIDE truncate_matrix took      0.00 usr cpu s       0.00 sys cpu s       0.00 wall s
INDE Actual introduced error   0.000000e+00 : nnz before  116964 <-> 100.00 % , nnz after  116964 <-> 100.00 %
TIDE square took      0.01 usr cpu s       0.04 sys cpu s       0.01 wall s
INDE NNZ Xsq = 116964 <-> 100.00 %
TIDE Frobenius norm of X-X^2 took      0.00 usr cpu s       0.00 sys cpu s       0.00 wall s
TIDE Mixed norm of X-X^2 took      0.01 usr cpu s       0.01 sys cpu s       0.00 wall s
TIDE Trace of X-X^2 took      0.00 usr cpu s       0.00 sys cpu s       0.00 wall s
INDE ||X-X^2||_F = 3.137433e+00 , ||X-X^2||_mixed = 1.633222e+00
INDE trace(X-X^2) = 4.810057e+01
INDE trace(X) = 1.231312e+02
INDE Checking stopping criterion...   
INDE Order of convergence cannot be computed
TIDE stopping_criterion took      0.00 usr cpu s       0.00 sys cpu s       0.00 wall s
TIDE Iteration 14 took      0.03 usr cpu s       0.06 sys cpu s       0.01 wall s
INDE     ITERATION 15 :
TIDE purify_X took      0.00 usr cpu s       0.00 sys cpu s       0.00 wall s
TIDE truncate_matrix took      0.00 usr cpu s       0.00 sys cpu s       0.00 wall s
INDE Actual introduced error   0.000000e+00 : nnz before  116964 <-> 100.00 % , nnz after  116964 <-> 100.00 %
TIDE square took      0.02 usr cpu s       0.04 sys cpu s       0.01 wall s
INDE NNZ Xsq = 116964 <-> 100.00 %
TIDE Frobenius norm of X-X^2 took      0.00 usr cpu s       0.00 sys cpu s       0.00 wall s
TIDE Mixed norm of X-X^2 took      0.01 usr cpu s       0.01 sys cpu s       0.00 wall s
TIDE Trace of X-X^2 took      0.00 usr cpu s       0.00 sys cpu s       0.00 wall s
INDE ||X-X^2||_F = 2.538327e+00 , ||X-X^2||_mixed = 1.427880e+00
INDE trace(X-X^2) = 3.388154e+01
INDE trace(X) = 7.503062e+01
INDE Checking stopping criterion...   
INDE Order of convergence cannot be computed
TIDE stopping_criterion took      0.00 usr cpu s       0.00 sys cpu s       0.00 wall s
TIDE Iteration 15 took      0.03 usr cpu s       0.05 sys cpu s       0.01 wall s
INDE     ITERATION 16 :
TIDE purify_X took      0.00 usr cpu s       0.00 sys cpu s       0.00 wall s
TIDE truncate_matrix took      0.00 usr cpu s       0.00 sys cpu s       0.00 wall s
INDE Actual introduced error   0.000000e+00 : nnz before  116964 <-> 100.00 % , nnz after  116964 <-> 100.00 %
TIDE square took      0.01 usr cpu s       0.05 sys cpu s       0.01 wall s
INDE NNZ Xsq = 116964 <-> 100.00 %
TIDE Frobenius norm of X-X^2 took      0.00 usr cpu s       0.00 sys cpu s       0.00 wall s
TIDE Mixed norm of X-X^2 took      0.00 usr cpu s       0.02 sys cpu s       0.00 wall s
TIDE Trace of X-X^2 took      0.00 usr cpu s       0.00 sys cpu s       0.00 wall s
INDE ||X-X^2||_F = 2.741271e+00 , ||X-X^2||_mixed = 1.619469e+00
INDE trace(X-X^2) = 3.724942e+01
INDE trace(X) = 1.089122e+02
INDE Checking stopping criterion...   
INDE Order of convergence cannot be computed
TIDE stopping_criterion took      0.00 usr cpu s       0.00 sys cpu s       0.00 wall s
TIDE Iteration 16 took      0.01 usr cpu s       0.07 sys cpu s       0.01 wall s
INDE     ITERATION 17 :
TIDE purify_X took      0.00 usr cpu s       0.00 sys cpu s       0.00 wall s
TIDE truncate_matrix took      0.00 usr cpu s       0.00 sys cpu s       0.00 wall s
INDE Actual introduced error   0.000000e+00 : nnz before  116964 <-> 100.00 % , nnz after  116964 <-> 100.00 %
TIDE square took      0.01 usr cpu s       0.04 sys cpu s       0.01 wall s
INDE NNZ Xsq = 116964 <-> 100.00 %
TIDE Frobenius norm of X-X^2 took      0.00 usr cpu s       0.00 sys cpu s       0.00 wall s
TIDE Mixed norm of X-X^2 took      0.00 usr cpu s       0.02 sys cpu s       0.00 wall s
TIDE Trace of X-X^2 took      0.00 usr cpu s       0.00 sys cpu s       0.00 wall s
INDE ||X-X^2||_F = 2.196866e+00 , ||X-X^2||_mixed = 1.348215e+00
INDE trace(X-X^2) = 2.633768e+01
INDE trace(X) = 7.166275e+01
INDE Checking stopping criterion...   
INDE Order of convergence cannot be computed
TIDE stopping_criterion took      0.00 usr cpu s       0.00 sys cpu s       0.00 wall s
TIDE Iteration 17 took      0.02 usr cpu s       0.06 sys cpu s       0.01 wall s
INDE     ITERATION 18 :
TIDE purify_X took      0.00 usr cpu s       0.00 sys cpu s       0.00 wall s
TIDE truncate_matrix took      0.00 usr cpu s       0.00 sys cpu s       0.00 wall s
INDE Actual introduced error   0.000000e+00 : nnz before  116964 <-> 100.00 % , nnz after  116964 <-> 100.00 %
TIDE square took      0.02 usr cpu s       0.04 sys cpu s       0.01 wall s
INDE NNZ Xsq = 116964 <-> 100.00 %
TIDE Frobenius norm of X-X^2 took      0.00 usr cpu s       0.00 sys cpu s       0.00 wall s
TIDE Mixed norm of X-X^2 took      0.00 usr cpu s       0.02 sys cpu s       0.00 wall s
TIDE Trace of X-X^2 took      0.00 usr cpu s       0.00 sys cpu s       0.00 wall s
INDE ||X-X^2||_F = 1.503684e+00 , ||X-X^2||_mixed = 1.049197e+00
INDE trace(X-X^2) = 1.465038e+01
INDE trace(X) = 4.532507e+01
INDE Checking stopping criterion...   
INDE Order of convergence cannot be computed
TIDE stopping_criterion took      0.00 usr cpu s       0.00 sys cpu s       0.00 wall s
TIDE Iteration 18 took      0.02 usr cpu s       0.06 sys cpu s       0.01 wall s
INDE     ITERATION 19 :
TIDE purify_X took      0.00 usr cpu s       0.00 sys cpu s       0.00 wall s
TIDE truncate_matrix took      0.00 usr cpu s       0.00 sys cpu s       0.00 wall s
INDE Actual introduced error   0.000000e+00 : nnz before  116964 <-> 100.00 % , nnz after  116964 <-> 100.00 %
TIDE square took      0.01 usr cpu s       0.04 sys cpu s       0.01 wall s
INDE NNZ Xsq = 116964 <-> 100.00 %
TIDE Frobenius norm of X-X^2 took      0.00 usr cpu s       0.00 sys cpu s       0.00 wall s
TIDE Mixed norm of X-X^2 took      0.00 usr cpu s       0.02 sys cpu s       0.00 wall s
TIDE Trace of X-X^2 took      0.00 usr cpu s       0.00 sys cpu s       0.00 wall s
INDE ||X-X^2||_F = 1.606132e+00 , ||X-X^2||_mixed = 1.077413e+00
INDE trace(X-X^2) = 1.666801e+01
INDE trace(X) = 5.997545e+01
INDE Checking stopping criterion...   
INDE Order of convergence cannot be computed
TIDE stopping_criterion took      0.00 usr cpu s       0.00 sys cpu s       0.00 wall s
TIDE Iteration 19 took      0.02 usr cpu s       0.07 sys cpu s       0.01 wall s
INDE     ITERATION 20 :
TIDE purify_X took      0.00 usr cpu s       0.00 sys cpu s       0.00 wall s
TIDE truncate_matrix took      0.00 usr cpu s       0.00 sys cpu s       0.00 wall s
INDE Actual introduced error   0.000000e+00 : nnz before  116964 <-> 100.00 % , nnz after  116964 <-> 100.00 %
TIDE square took      0.03 usr cpu s       0.03 sys cpu s       0.01 wall s
INDE NNZ Xsq = 116964 <-> 100.00 %
TIDE Frobenius norm of X-X^2 took      0.00 usr cpu s       0.00 sys cpu s       0.00 wall s
TIDE Mixed norm of X-X^2 took      0.00 usr cpu s       0.02 sys cpu s       0.00 wall s
TIDE Trace of X-X^2 took      0.00 usr cpu s       0.00 sys cpu s       0.00 wall s
INDE ||X-X^2||_F = 1.109688e+00 , ||X-X^2||_mixed = 8.472665e-01
INDE trace(X-X^2) = 8.649406e+00
INDE trace(X) = 4.330744e+01
INDE Checking stopping criterion...   
INDE Order of convergence cannot be computed
TIDE stopping_criterion took      0.00 usr cpu s       0.00 sys cpu s       0.00 wall s
TIDE Iteration 20 took      0.03 usr cpu s       0.05 sys cpu s       0.01 wall s
INDE     ITERATION 21 :
TIDE purify_X took      0.00 usr cpu s       0.00 sys cpu s       0.00 wall s
TIDE truncate_matrix took      0.00 usr cpu s       0.00 sys cpu s       0.00 wall s
INDE Actual introduced error   0.000000e+00 : nnz before  116964 <-> 100.00 % , nnz after  116964 <-> 100.00 %
TIDE square took      0.01 usr cpu s       0.04 sys cpu s       0.01 wall s
INDE NNZ Xsq = 116964 <-> 100.00 %
TIDE Frobenius norm of X-X^2 took      0.00 usr cpu s       0.00 sys cpu s       0.00 wall s
TIDE Mixed norm of X-X^2 took      0.00 usr cpu s       0.02 sys cpu s       0.00 wall s
TIDE Trace of X-X^2 took      0.00 usr cpu s       0.00 sys cpu s       0.00 wall s
INDE ||X-X^2||_F = 9.694008e-01 , ||X-X^2||_mixed = 7.162063e-01
INDE trace(X-X^2) = 8.394732e+00
INDE trace(X) = 5.195685e+01
INDE Checking stopping criterion...   
INDE Order of convergence cannot be computed
TIDE stopping_criterion took      0.00 usr cpu s       0.00 sys cpu s       0.00 wall s
TIDE Iteration 21 took      0.02 usr cpu s       0.06 sys cpu s       0.01 wall s
INDE     ITERATION 22 :
TIDE purify_X took      0.00 usr cpu s       0.00 sys cpu s       0.00 wall s
TIDE truncate_matrix took      0.00 usr cpu s       0.00 sys cpu s       0.00 wall s
INDE Actual introduced error   0.000000e+00 : nnz before  116964 <-> 100.00 % , nnz after  116964 <-> 100.00 %
TIDE square took      0.01 usr cpu s       0.04 sys cpu s       0.01 wall s
INDE NNZ Xsq = 116964 <-> 100.00 %
TIDE Frobenius norm of X-X^2 took      0.00 usr cpu s       0.00 sys cpu s       0.00 wall s
TIDE Mixed norm of X-X^2 took      0.01 usr cpu s       0.01 sys cpu s       0.00 wall s
TIDE Trace of X-X^2 took      0.00 usr cpu s       0.00 sys cpu s       0.00 wall s
INDE ||X-X^2||_F = 1.308112e+00 , ||X-X^2||_mixed = 9.750818e-01
INDE trace(X-X^2) = 1.060331e+01
INDE trace(X) = 6.035158e+01
INDE Checking stopping criterion...   
INDE Order of convergence cannot be computed
TIDE stopping_criterion took      0.00 usr cpu s       0.00 sys cpu s       0.00 wall s
TIDE Iteration 22 took      0.02 usr cpu s       0.06 sys cpu s       0.01 wall s
INDE     ITERATION 23 :
TIDE purify_X took      0.00 usr cpu s       0.00 sys cpu s       0.00 wall s
TIDE truncate_matrix took      0.00 usr cpu s       0.00 sys cpu s       0.00 wall s
INDE Actual introduced error   0.000000e+00 : nnz before  116964 <-> 100.00 % , nnz after  116964 <-> 100.00 %
TIDE square took      0.02 usr cpu s       0.03 sys cpu s       0.01 wall s
INDE NNZ Xsq = 116964 <-> 100.00 %
TIDE Frobenius norm of X-X^2 took      0.00 usr cpu s       0.00 sys cpu s       0.00 wall s
TIDE Mixed norm of X-X^2 took      0.01 usr cpu s       0.01 sys cpu s       0.00 wall s
TIDE Trace of X-X^2 took      0.00 usr cpu s       0.00 sys cpu s       0.00 wall s
INDE ||X-X^2||_F = 5.528644e-01 , ||X-X^2||_mixed = 4.415048e-01
INDE trace(X-X^2) = 3.713734e+00
INDE trace(X) = 4.974827e+01
INDE Checking stopping criterion...   
INDE e_i =4.415048e-01, C*e_{i-1}^q = 3.532799e+00
INDE Order of convergence = 8.230490, stop = 0
TIDE stopping_criterion took      0.00 usr cpu s       0.00 sys cpu s       0.00 wall s
TIDE Iteration 23 took      0.03 usr cpu s       0.05 sys cpu s       0.01 wall s
INDE     ITERATION 24 :
TIDE purify_X took      0.00 usr cpu s       0.00 sys cpu s       0.00 wall s
TIDE truncate_matrix took      0.00 usr cpu s       0.00 sys cpu s       0.00 wall s
INDE Actual introduced error   0.000000e+00 : nnz before  116964 <-> 100.00 % , nnz after  116964 <-> 100.00 %
TIDE square took      0.01 usr cpu s       0.05 sys cpu s       0.01 wall s
INDE NNZ Xsq = 116964 <-> 100.00 %
TIDE Frobenius norm of X-X^2 took      0.00 usr cpu s       0.00 sys cpu s       0.00 wall s
TIDE Mixed norm of X-X^2 took      0.00 usr cpu s       0.01 sys cpu s       0.00 wall s
TIDE Trace of X-X^2 took      0.00 usr cpu s       0.00 sys cpu s       0.00 wall s
INDE ||X-X^2||_F = 3.562252e-01 , ||X-X^2||_mixed = 3.225729e-01
INDE trace(X-X^2) = 1.459675e+00
INDE trace(X) = 4.603453e+01
INDE Checking stopping criterion...   
INDE Order of convergence cannot be computed
TIDE stopping_criterion took      0.00 usr cpu s       0.00 sys cpu s       0.00 wall s
TIDE Iteration 24 took      0.02 usr cpu s       0.06 sys cpu s       0.01 wall s
INDE     ITERATION 25 :
TIDE purify_X took      0.00 usr cpu s       0.00 sys cpu s       0.00 wall s
TIDE truncate_matrix took      0.00 usr cpu s       0.00 sys cpu s       0.00 wall s
INDE Actual introduced error   0.000000e+00 : nnz before  116964 <-> 100.00 % , nnz after  116964 <-> 100.00 %
TIDE square took      0.01 usr cpu s       0.04 sys cpu s       0.01 wall s
INDE NNZ Xsq = 116964 <-> 100.00 %
TIDE Frobenius norm of X-X^2 took      0.00 usr cpu s       0.00 sys cpu s       0.00 wall s
TIDE Mixed norm of X-X^2 took      0.00 usr cpu s       0.02 sys cpu s       0.00 wall s
TIDE Trace of X-X^2 took      0.00 usr cpu s       0.00 sys cpu s       0.00 wall s
INDE ||X-X^2||_F = 1.792341e-01 , ||X-X^2||_mixed = 1.540874e-01
INDE trace(X-X^2) = 8.442861e-01
INDE trace(X) = 4.749421e+01
INDE Checking stopping criterion...   
INDE e_i =1.540874e-01, C*e_{i-1}^q = 1.342498e+00
INDE Order of convergence = 4.647818, stop = 0
TIDE stopping_criterion took      0.00 usr cpu s       0.00 sys cpu s       0.00 wall s
TIDE Iteration 25 took      0.02 usr cpu s       0.06 sys cpu s       0.01 wall s
INDE     ITERATION 26 :
TIDE purify_X took      0.00 usr cpu s       0.00 sys cpu s       0.00 wall s
TIDE truncate_matrix took      0.00 usr cpu s       0.00 sys cpu s       0.00 wall s
INDE Actual introduced error   0.000000e+00 : nnz before  116964 <-> 100.00 % , nnz after  116964 <-> 100.00 %
TIDE square took      0.01 usr cpu s       0.04 sys cpu s       0.01 wall s
INDE NNZ Xsq = 116964 <-> 100.00 %
TIDE Frobenius norm of X-X^2 took      0.00 usr cpu s       0.00 sys cpu s       0.00 wall s
TIDE Mixed norm of X-X^2 took      0.01 usr cpu s       0.01 sys cpu s       0.00 wall s
TIDE Trace of X-X^2 took      0.00 usr cpu s       0.00 sys cpu s       0.00 wall s
INDE ||X-X^2||_F = 2.835684e-01 , ||X-X^2||_mixed = 2.369026e-01
INDE trace(X-X^2) = 1.260280e+00
INDE trace(X) = 4.833849e+01
INDE Checking stopping criterion...   
INDE Order of convergence cannot be computed
TIDE stopping_criterion took      0.00 usr cpu s       0.00 sys cpu s       0.00 wall s
TIDE Iteration 26 took      0.03 usr cpu s       0.06 sys cpu s       0.01 wall s
INDE     ITERATION 27 :
TIDE purify_X took      0.00 usr cpu s       0.00 sys cpu s       0.00 wall s
TIDE truncate_matrix took      0.00 usr cpu s       0.00 sys cpu s       0.00 wall s
INDE Actual introduced error   0.000000e+00 : nnz before  116964 <-> 100.00 % , nnz after  116964 <-> 100.00 %
TIDE square took      0.02 usr cpu s       0.04 sys cpu s       0.01 wall s
INDE NNZ Xsq = 116964 <-> 100.00 %
TIDE Frobenius norm of X-X^2 took      0.00 usr cpu s       0.00 sys cpu s       0.00 wall s
TIDE Mixed norm of X-X^2 took      0.00 usr cpu s       0.01 sys cpu s       0.00 wall s
TIDE Trace of X-X^2 took      0.00 usr cpu s       0.00 sys cpu s       0.00 wall s
INDE ||X-X^2||_F = 3.436108e-02 , ||X-X^2||_mixed = 2.955779e-02
INDE trace(X-X^2) = 1.172624e-01
INDE trace(X) = 4.707821e+01
INDE Checking stopping criterion...   
INDE e_i =2.955779e-02, C*e_{i-1}^q = 1.635224e-01
INDE Order of convergence = 2.914646, stop = 0
TIDE stopping_criterion took      0.00 usr cpu s       0.00 sys cpu s       0.00 wall s
TIDE Iteration 27 took      0.03 usr cpu s       0.05 sys cpu s       0.01 wall s
INDE     ITERATION 28 :
TIDE purify_X took      0.00 usr cpu s       0.00 sys cpu s       0.00 wall s
TIDE truncate_matrix took      0.00 usr cpu s       0.00 sys cpu s       0.00 wall s
INDE Actual introduced error   0.000000e+00 : nnz before  116964 <-> 100.00 % , nnz after  116964 <-> 100.00 %
TIDE square took      0.02 usr cpu s       0.03 sys cpu s       0.01 wall s
INDE NNZ Xsq = 116964 <-> 100.00 %
TIDE Frobenius norm of X-X^2 took      0.00 usr cpu s       0.00 sys cpu s       0.00 wall s
TIDE Mixed norm of X-X^2 took      0.00 usr cpu s       0.01 sys cpu s       0.00 wall s
TIDE Trace of X-X^2 took      0.00 usr cpu s       0.00 sys cpu s       0.00 wall s
INDE ||X-X^2||_F = 2.687637e-02 , ||X-X^2||_mixed = 2.659868e-02
INDE trace(X-X^2) = 4.034077e-02
INDE trace(X) = 4.696095e+01
INDE Checking stopping criterion...   
INDE Order of convergence cannot be computed
TIDE stopping_criterion took      0.00 usr cpu s       0.00 sys cpu s       0.00 wall s
TIDE Iteration 28 took      0.03 usr cpu s       0.05 sys cpu s       0.01 wall s
INDE     ITERATION 29 :
TIDE purify_X took      0.00 usr cpu s       0.00 sys cpu s       0.00 wall s
TIDE truncate_matrix took      0.00 usr cpu s       0.00 sys cpu s       0.00 wall s
INDE Actual introduced error   0.000000e+00 : nnz before  116964 <-> 100.00 % , nnz after  116964 <-> 100.00 %
TIDE square took      0.01 usr cpu s       0.04 sys cpu s       0.01 wall s
INDE NNZ Xsq = 116964 <-> 100.00 %
TIDE Frobenius norm of X-X^2 took      0.00 usr cpu s       0.00 sys cpu s       0.00 wall s
TIDE Mixed norm of X-X^2 took      0.00 usr cpu s       0.01 sys cpu s       0.00 wall s
TIDE Trace of X-X^2 took      0.00 usr cpu s       0.00 sys cpu s       0.00 wall s
INDE ||X-X^2||_F = 1.059252e-03 , ||X-X^2||_mixed = 9.559784e-04
INDE trace(X-X^2) = 2.794275e-03
INDE trace(X) = 4.700129e+01
INDE Checking stopping criterion...   
INDE e_i =9.559784e-04, C*e_{i-1}^q = 6.017092e-03
INDE Order of convergence = 2.522412, stop = 0
TIDE stopping_criterion took      0.00 usr cpu s       0.00 sys cpu s       0.00 wall s
TIDE Iteration 29 took      0.02 usr cpu s       0.06 sys cpu s       0.01 wall s
INDE     ITERATION 30 :
TIDE purify_X took      0.00 usr cpu s       0.00 sys cpu s       0.00 wall s
TIDE truncate_matrix took      0.00 usr cpu s       0.00 sys cpu s       0.00 wall s
INDE Actual introduced error   0.000000e+00 : nnz before  116964 <-> 100.00 % , nnz after  116964 <-> 100.00 %
TIDE square took      0.01 usr cpu s       0.04 sys cpu s       0.01 wall s
INDE NNZ Xsq = 116964 <-> 100.00 %
TIDE Frobenius norm of X-X^2 took      0.00 usr cpu s       0.00 sys cpu s       0.00 wall s
TIDE Mixed norm of X-X^2 took      0.00 usr cpu s       0.01 sys cpu s       0.00 wall s
TIDE Trace of X-X^2 took      0.00 usr cpu s       0.00 sys cpu s       0.00 wall s
INDE ||X-X^2||_F = 1.120845e-03 , ||X-X^2||_mixed = 1.113188e-03
INDE trace(X-X^2) = 1.503662e-03
INDE trace(X) = 4.699850e+01
INDE Checking stopping criterion...   
INDE e_i =1.113188e-03, C*e_{i-1}^q = 4.872623e-03
INDE Order of convergence = 2.407071, stop = 0
TIDE stopping_criterion took      0.00 usr cpu s       0.00 sys cpu s       0.00 wall s
TIDE Iteration 30 took      0.02 usr cpu s       0.06 sys cpu s       0.01 wall s
INDE     ITERATION 31 :
TIDE purify_X took      0.00 usr cpu s       0.00 sys cpu s       0.00 wall s
TIDE truncate_matrix took      0.00 usr cpu s       0.00 sys cpu s       0.00 wall s
INDE Actual introduced error   0.000000e+00 : nnz before  116964 <-> 100.00 % , nnz after  116964 <-> 100.00 %
TIDE square took      0.01 usr cpu s       0.04 sys cpu s       0.01 wall s
INDE NNZ Xsq = 116964 <-> 100.00 %
TIDE Frobenius norm of X-X^2 took      0.00 usr cpu s       0.00 sys cpu s       0.00 wall s
TIDE Mixed norm of X-X^2 took      0.00 usr cpu s       0.01 sys cpu s       0.00 wall s
TIDE Trace of X-X^2 took      0.00 usr cpu s       0.00 sys cpu s       0.00 wall s
INDE ||X-X^2||_F = 1.408660e-06 , ||X-X^2||_mixed = 1.348598e-06
INDE trace(X-X^2) = 2.875225e-06
INDE trace(X) = 4.700000e+01
INDE Checking stopping criterion...   
INDE e_i =1.348598e-06, C*e_{i-1}^q = 6.294176e-06
INDE Order of convergence = 2.221575, stop = 0
TIDE stopping_criterion took      0.00 usr cpu s       0.00 sys cpu s       0.00 wall s
TIDE Iteration 31 took      0.02 usr cpu s       0.06 sys cpu s       0.01 wall s
INDE     ITERATION 32 :
TIDE purify_X took      0.00 usr cpu s       0.00 sys cpu s       0.00 wall s
TIDE truncate_matrix took      0.00 usr cpu s       0.00 sys cpu s       0.00 wall s
INDE Actual introduced error   0.000000e+00 : nnz before  116964 <-> 100.00 % , nnz after  116964 <-> 100.00 %
TIDE square took      0.02 usr cpu s       0.04 sys cpu s       0.01 wall s
INDE NNZ Xsq = 116964 <-> 100.00 %
TIDE Frobenius norm of X-X^2 took      0.00 usr cpu s       0.00 sys cpu s       0.00 wall s
TIDE Mixed norm of X-X^2 took      0.00 usr cpu s       0.01 sys cpu s       0.00 wall s
TIDE Trace of X-X^2 took      0.00 usr cpu s       0.00 sys cpu s       0.00 wall s
INDE ||X-X^2||_F = 1.895364e-06 , ||X-X^2||_mixed = 1.768121e-06
INDE trace(X-X^2) = 3.233302e-06
INDE trace(X) = 4.700000e+01
INDE Checking stopping criterion...   
INDE Order of convergence cannot be computed
TIDE stopping_criterion took      0.00 usr cpu s       0.00 sys cpu s       0.00 wall s
TIDE Iteration 32 took      0.03 usr cpu s       0.05 sys cpu s       0.01 wall s
INDE     ITERATION 33 :
TIDE purify_X took      0.00 usr cpu s       0.00 sys cpu s       0.00 wall s
TIDE truncate_matrix took      0.00 usr cpu s       0.00 sys cpu s       0.00 wall s
INDE Actual introduced error   0.000000e+00 : nnz before  116964 <-> 100.00 % , nnz after  116964 <-> 100.00 %
TIDE square took      0.02 usr cpu s       0.03 sys cpu s       0.01 wall s
INDE NNZ Xsq = 116964 <-> 100.00 %
TIDE Frobenius norm of X-X^2 took      0.00 usr cpu s       0.00 sys cpu s       0.00 wall s
TIDE Mixed norm of X-X^2 took      0.00 usr cpu s       0.01 sys cpu s       0.00 wall s
TIDE Trace of X-X^2 took      0.00 usr cpu s       0.00 sys cpu s       0.00 wall s
INDE ||X-X^2||_F = 3.470330e-12 , ||X-X^2||_mixed = 3.387538e-12
INDE trace(X-X^2) = 5.790923e-12
INDE trace(X) = 4.700000e+01
INDE Checking stopping criterion...   
INDE e_i =3.387538e-12, C*e_{i-1}^q = 1.252587e-11
INDE Order of convergence = 2.096748, stop = 0
TIDE stopping_criterion took      0.00 usr cpu s       0.00 sys cpu s       0.00 wall s
TIDE Iteration 33 took      0.03 usr cpu s       0.04 sys cpu s       0.01 wall s
INDE     ITERATION 34 :
TIDE purify_X took      0.00 usr cpu s       0.00 sys cpu s       0.00 wall s
TIDE truncate_matrix took      0.00 usr cpu s       0.00 sys cpu s       0.00 wall s
INDE Actual introduced error   0.000000e+00 : nnz before  116964 <-> 100.00 % , nnz after  116964 <-> 100.00 %
TIDE square took      0.01 usr cpu s       0.04 sys cpu s       0.01 wall s
INDE NNZ Xsq = 116964 <-> 100.00 %
TIDE Frobenius norm of X-X^2 took      0.00 usr cpu s       0.00 sys cpu s       0.00 wall s
TIDE Mixed norm of X-X^2 took      0.00 usr cpu s       0.01 sys cpu s       0.00 wall s
TIDE Trace of X-X^2 took      0.00 usr cpu s       0.00 sys cpu s       0.00 wall s
INDE ||X-X^2||_F = 4.110392e-12 , ||X-X^2||_mixed = 4.110155e-12
INDE trace(X-X^2) = 4.348522e-12
INDE trace(X) = 4.700000e+01
INDE Checking stopping criterion...   
INDE Order of convergence cannot be computed
TIDE stopping_criterion took      0.00 usr cpu s       0.00 sys cpu s       0.00 wall s
TIDE Iteration 34 took      0.02 usr cpu s       0.06 sys cpu s       0.01 wall s
INDE     ITERATION 35 :
TIDE purify_X took      0.00 usr cpu s       0.00 sys cpu s       0.00 wall s
TIDE truncate_matrix took      0.00 usr cpu s       0.00 sys cpu s       0.00 wall s
INDE Actual introduced error   0.000000e+00 : nnz before  116964 <-> 100.00 % , nnz after  116964 <-> 100.00 %
TIDE square took      0.01 usr cpu s       0.04 sys cpu s       0.01 wall s
INDE NNZ Xsq = 116964 <-> 100.00 %
TIDE Frobenius norm of X-X^2 took      0.00 usr cpu s       0.00 sys cpu s       0.00 wall s
TIDE Mixed norm of X-X^2 took      0.00 usr cpu s       0.00 sys cpu s       0.00 wall s
TIDE Trace of X-X^2 took      0.00 usr cpu s       0.00 sys cpu s       0.00 wall s
INDE ||X-X^2||_F = 2.300234e-15 , ||X-X^2||_mixed = 0.000000e+00
INDE trace(X-X^2) = 0.000000e+00
INDE trace(X) = 4.700000e+01
INDE Checking stopping criterion...   
INDE ************************************************************************************************************
INDE The norm value went much below machine precision, therefore we stop here since n_max can be underestimated.
INDE ************************************************************************************************************
INDE e_i =0.000000e+00, C*e_{i-1}^q = 7.903349e-23
INDE Order of convergence = inf, stop = 1
TIDE stopping_criterion took      0.00 usr cpu s       0.00 sys cpu s       0.00 wall s
INDE PURIFICATION CONVERGED after 35 iterations
TIDE Iteration 35 took      0.02 usr cpu s       0.05 sys cpu s       0.01 wall s
INDE Number of non-zeros in D is  116964 <-> 100.00 %
TIDE FileWritable::writeAndReadAll took      0.00 usr cpu s       0.00 sys cpu s       0.00 wall s
INDE writeAndReadAll sizesStr: '0 MB (1 MatrixGeneral, 0 > 1 MB) + 0 MB (13 MatrixSymmetric, 0 > 1 MB) + 0 MB (2 VectorGeneral, 0 > 1 MB) = 0 MB (16 total, 0 > 1 MB)
INDE TOTAL accumulated subspace error is 0.000000e+00
INDE TOTAL X square time: 0.242773 wall s
INDE TOTAL X trunction time: 0.009148 wall s
INDE TOTAL X purify (exl. X^2 computation) time: 0.008461 wall s
INDE TOTAL time to get number of non-zero elements: 0.003704 wall s
INDE TOTAL time to get mixed norm: 0.082747 wall s
INDE TOTAL time to get Frobenius norm: 0.010329 wall s
INDE TOTAL time for stopping criterion: 0.004813 wall s
INDE TOTAL time to get matrix trace: 0.001880 wall s
INDE Estimated bounds for the eigenvalues for the Fock matrix:
INDE LUMO: [ 0.035549673220 , 0.056524976046 ]
INDE HOMO: [ -0.357278255910 , -0.348181842238 ]
TIDE eigenvalue_bounds_estimation() took      0.00 usr cpu s       0.00 sys cpu s       0.00 wall s
TIDE Recursive expansion took      0.93 usr cpu s       2.49 sys cpu s       0.45 wall s
TIDE Puri->PurificationStart() took      0.93 usr cpu s       2.49 sys cpu s       0.45 wall s
TIDE Accumulated wall times for writeToFile in PurificationStart()          : 0 s (MatrixGeneral) + 9.5e-07 s (MatrixSymmetric) + 0.00013 s (VectorGeneral) = 0.00013 s
TIDE Accumulated wall times for readFromFile in PurificationStart()         : 0 s (MatrixGeneral) + 9.5e-07 s (MatrixSymmetric) + 5.2e-05 s (VectorGeneral) = 5.3e-05 s
TIDE Accumulated wall times for copy and assign in PurificationStart()      : 2.1e-06 s (MatrixSymmetric) + 5.6e-05 s (VectorGeneral) = 5.8e-05 s
INDE Number of calls to writeToFile in PurificationStart()                  : 2 (MatrixGeneral) + 27 (MatrixSymmetric) + 1376 (VectorGeneral) = 1405 
INDE Number of calls to readFromFile in PurificationStart()                 : 2 (MatrixGeneral) + 26 (MatrixSymmetric) + 469 (VectorGeneral) = 497 
INDE Number of calls to FileWritable copy and assign in PurificationStart() : 2 (MatrixSymmetric) + 37 (VectorGeneral) = 39 
TIDE mat::Gblas::time after purification :     2.116512
INDE Created .m files with results of the purification
INDE Purification converged OK, subspaceError <=          0.00000000000
INDE E(LUMO) - E(HOMO) >=          0.38373151546 =         10.44186653178 eV
INDE E(LUMO) - E(HOMO) <=          0.41380323196 =         11.26015962841 eV
INDE HOMO interval : [   -0.357278255910   -0.348181842238 ]
INDE LUMO interval : [    0.035549673220    0.056524976046 ]
INDE Trace of resulting density matrix is         47.00000000000, error is  -0.00000000000001.
INDE Truncated D_ort ( mixed ), selected threshold = 9.99999e-08, returned error =          0, nnz before = 116964 <-> 100.0000 %, nnz after = 116964 <-> 100.0000 %
TIDE FileWritable::writeAndReadAll took      0.00 usr cpu s       0.00 sys cpu s       0.00 wall s
INDE writeAndReadAll sizesStr: '0 MB (1 MatrixGeneral, 0 > 1 MB) + 0 MB (12 MatrixSymmetric, 0 > 1 MB) + 0 MB (1 MatrixTriangular, 0 > 1 MB) = 0 MB (14 total, 0 > 1 MB)
TIDE D_w to non-orthogonal basis took      0.02 usr cpu s       0.03 sys cpu s       0.01 wall s
INDE Truncated D_S (eucl with Z), selected threshold = 9.99999e-08, returned error =          0, nnz before = 100.0000 %, nnz after = 100.0000 %
INDE get_dens_from_fock_sparse ending OK
TIDE get_dens_from_fock_sparse took      1.24 usr cpu s       3.78 sys cpu s       0.66 wall s
ERDE get_dens_from_fock  (GetDensFromFock class) : purification finished OK.
TIDE get_dens_from_fock took      1.24 usr cpu s       3.78 sys cpu s       0.66 wall s
INSC Matrix 'new density matrix' ( symm ): n =    342, nnz =       116964 <-> 100.00 %, mem usage  0.0005 G
INSC Tr( D * S ) =         93.99999999995
TISC get_new_density_matrix took      1.25 usr cpu s       3.78 sys cpu s       0.66 wall s
INSC SCF_restricted::report_density_difference, diff_eucl =          0.00018312473
TISC SCF_restricted::report_density_difference took      0.01 usr cpu s       0.06 sys cpu s       0.01 wall s
INMA ddf_writeShellListAndDensityMatricesToFile_sparse, n =    342, densityMatrixList[0].nvalues =       58653
INMA opened temporary file 'density.bin.LkoUns' for writing
INMA Choosing matrixStorageType = MATRIX_STORAGE_TYPE_TRIANGLE.
INMA fileSize =          560392 bytes =      0.560 MegaBytes
INMA renamed file 'density.bin.LkoUns' to 'density.bin'
INMA ddf_writeShellListAndDensityMatricesToFile_sparse freeing buffer.
INMA ddf_writeShellListAndDensityMatricesToFile_sparse returning OK.
TISC write_density_to_file took      0.02 usr cpu s       0.04 sys cpu s       0.01 wall s
INSC Creating mtx file for Fock matrix
INSC Creating mtx file for density matrix
INSC SCF cycle  11 finished.
TISC SCF cycle  11 took   1162.49 usr cpu s       5.94 sys cpu s     181.78 wall s
INSC Beginning of SCF cycle 12:  Thu Mar 26 20:42:23 2026
INDE compute_J_by_boxes_sparse() start.
TIDE FileWritable::writeAndReadAll took      0.00 usr cpu s       0.00 sys cpu s       0.00 wall s
INDE writeAndReadAll: '0 MB (1 MatrixGeneral, 0 > 1 MB) + 0 MB (11 MatrixSymmetric, 0 > 1 MB) = 0 MB (12 total, 0 > 1 MB)
IN   compute_J_by_boxes_sparse, maxDensityMatrixElement =         22.35793841802
ININ get_basis_func_pair_list, n =    342
ININ create_box_system end OK, toplevelBoxSize:   7.0, #levels:  3, #boxes at top level:      6
TIIN get_basis_func_pair_list_2el took      0.16 usr cpu s       0.00 sys cpu s       0.16 wall s
IN   compute_J_by_boxes_sparse: noOfBasisFuncIndexPairs = 54626 ==> storing  46.70 % of a full matrix
ININ entering compute_J_by_boxes_linear, no of basis funcs =   342, threshold_J =   1e-16
ININ use_fmm = 1, fmm_box_size =   5.00
TIIN Compute extent for all distrs took      0.50 usr cpu s       0.00 sys cpu s       0.50 wall s
ININ extent_min =    0.000, extent_max =   22.744
ININ Creating list of distributions etc done, distrCount =    388106
TIIN Creating list of distributions etc took      0.73 usr cpu s       0.00 sys cpu s       0.73 wall s
ININ create_box_system end OK, toplevelBoxSize:   5.0, #levels:  3, #boxes at top level:     10
TIIN Creating boxes took      0.04 usr cpu s       0.01 sys cpu s       0.06 wall s
ININ noOfBranches = 6, splitters:  20.00 10.00  5.00  2.50  0.00
ININ J org done, groupCount =    16614
TIIN J org took      1.67 usr cpu s       0.00 sys cpu s       1.68 wall s
TIIN Generate group multipoles took      0.73 usr cpu s       0.00 sys cpu s       0.73 wall s
ININ totChargeWholeSystem =          0.00000000000
ININ Generating multipole for each branch at top level, MAX_MULTIPOLE_DEGREE = 15
TIIN Translate multipoles (step 1) took      0.46 usr cpu s       0.00 sys cpu s       0.46 wall s
TIIN Translate multipoles (step 2) took      0.10 usr cpu s       0.00 sys cpu s       0.10 wall s
ININ job lists for J created OK, noOfJobs_J_standard =     1733, noOfJobs_J_multipole =      193
TIIN Creating job lists for J took      0.00 usr cpu s       0.00 sys cpu s       0.00 wall s
ININ execute_joblist_J_std_threaded, noOfThreads =  8
ININ 8 threads started OK.
ININ all 8 threads have finished.
TIIN execute_joblist_J_std_threaded took    273.14 usr cpu s       0.14 sys cpu s      42.43 wall s
TIIN sort_list_of_multipole_jobs init part took      0.00 usr cpu s       0.00 sys cpu s       0.00 wall s
TIIN sort_list_of_multipole_jobs complete took      0.00 usr cpu s       0.00 sys cpu s       0.00 wall s
TIIN sort_list_of_multipole_jobs took      0.00 usr cpu s       0.00 sys cpu s       0.00 wall s
ININ execute_joblist_J_fmm_shared: Allocating multipoleList_4, maxnoOfMinimalDistrsPerBoxBranch =     63209
ININ execute_joblist_J_fmm_shared: jobIndexLo =            0, jobIndexHi =           24
ININ execute_joblist_J_fmm_shared: Allocating multipoleList_4, maxnoOfMinimalDistrsPerBoxBranch =     63209
ININ execute_joblist_J_fmm_shared: Allocating multipoleList_4, maxnoOfMinimalDistrsPerBoxBranch =     63209
ININ execute_joblist_J_fmm_shared: jobIndexLo =           48, jobIndexHi =           72
ININ execute_joblist_J_fmm_shared: Allocating multipoleList_4, maxnoOfMinimalDistrsPerBoxBranch =     63209
ININ execute_joblist_J_fmm_shared: jobIndexLo =           24, jobIndexHi =           48
ININ execute_joblist_J_fmm_shared: jobIndexLo =           72, jobIndexHi =           96
ININ execute_joblist_J_fmm_shared: Allocating multipoleList_4, maxnoOfMinimalDistrsPerBoxBranch =     63209
ININ execute_joblist_J_fmm_shared: jobIndexLo =           96, jobIndexHi =          120
ININ execute_joblist_J_fmm_shared: Allocating multipoleList_4, maxnoOfMinimalDistrsPerBoxBranch =     63209
ININ execute_joblist_J_fmm_shared: jobIndexLo =          120, jobIndexHi =          144
ININ execute_joblist_J_fmm_shared: Allocating multipoleList_4, maxnoOfMinimalDistrsPerBoxBranch =     63209
ININ execute_joblist_J_fmm_shared: jobIndexLo =          144, jobIndexHi =          168
ININ execute_joblist_J_fmm_shared: Allocating multipoleList_4, maxnoOfMinimalDistrsPerBoxBranch =     63209
ININ execute_joblist_J_fmm_shared: jobIndexLo =          168, jobIndexHi =          193
ININ execute_joblist_J_fmm_shared: done!
ININ execute_joblist_J_fmm_shared: done!
ININ execute_joblist_J_fmm_shared: done!
ININ execute_joblist_J_fmm_shared: done!
ININ execute_joblist_J_fmm_shared: done!
ININ execute_joblist_J_fmm_shared: done!
ININ execute_joblist_J_fmm_shared: done!
ININ execute_joblist_J_fmm_shared: done!
ININ multipole job list for J executed, largest L used: 11
TIIN Executing multipole job list for J took      0.64 usr cpu s       0.00 sys cpu s       0.27 wall s
ININ compute_J_by_boxes_linear ending OK.
TIIN compute_J_by_boxes_linear took    277.54 usr cpu s       0.16 sys cpu s      46.47 wall s
TI   compute_J_by_boxes_sparse total took    277.70 usr cpu s       0.16 sys cpu s      46.64 wall s
ININ entering create_CSR_for_K, no of basis funcs =   342, threshold_K =   1e-16
ININ create_box_system end OK, toplevelBoxSize:   7.0, #levels:  3, #boxes at top level:      6
ININ create_box_system end OK, toplevelBoxSize:   7.0, #levels:  3, #boxes at top level:      6
ININ create_box_system end OK, toplevelBoxSize:   7.0, #levels:  3, #boxes at top level:      6
TIIN create_CSR_for_K getting list of distrs took      0.45 usr cpu s       0.00 sys cpu s       0.46 wall s
ININ list of neighbors complete.
TIIN create_CSR_for_K getting list of neighbors took      0.00 usr cpu s       0.00 sys cpu s       0.00 wall s
TIIN create_CSR_for_K sort each list of neighbors took      0.06 usr cpu s       0.00 sys cpu s       0.06 wall s
ININ 8 threads started OK.
TIIN identify_needed_elements() took    697.14 usr cpu s       0.42 sys cpu s      90.15 wall s
ININ computing nnz..
ININ create_CSR_for_K: predicted nnz =        58653, <->  50.15% of a full matrix
TIIN create_CSR_for_K last part took      0.00 usr cpu s       0.00 sys cpu s       0.00 wall s
TIIN create_CSR_for_K total took    697.66 usr cpu s       0.42 sys cpu s      90.68 wall s
ININ entering compute_K_by_boxes, no of basis funcs =   342, threshold_K =   1e-16, exchange_box_size =   5.00
ININ create_box_system end OK, toplevelBoxSize:   7.0, #levels:  3, #boxes at top level:      6
ININ create_box_system end OK, toplevelBoxSize:   7.0, #levels:  3, #boxes at top level:      6
ININ create_box_system end OK, toplevelBoxSize:   7.0, #levels:  3, #boxes at top level:      6
TIIN Compute extent for all distrs took      0.51 usr cpu s       0.00 sys cpu s       0.51 wall s
ININ Creating list of distributions done, distrCountTot =    388106
TIIN Creating list of distributions took      0.79 usr cpu s       0.00 sys cpu s       0.79 wall s
ININ create_box_system end OK, toplevelBoxSize:   5.0, #levels:  3, #boxes at top level:     10
ININ create_box_system end OK, toplevelBoxSize:   2.5, #levels:  4, #boxes at top level:     16
ININ noOfLevelsBasisFuncs = 4, noOfLevelsDiff = 1
TIIN Creating boxes etc took      0.04 usr cpu s       0.00 sys cpu s       0.04 wall s
TIIN getting multipoleNormVectorList took      0.77 usr cpu s       0.00 sys cpu s       0.77 wall s
TIIN K organize_distributions for all boxes took      2.22 usr cpu s       0.01 sys cpu s       2.23 wall s
ININ starting loop to setup basisFuncGroupInfoList, with added index checks.
TIIN GetLimitsAllLevels took      0.34 usr cpu s       0.00 sys cpu s       0.34 wall s
ININ getDmatLimitMatrixCSRList start.
TIIN getting densityMatrixLimitMatrixList took      0.02 usr cpu s       0.00 sys cpu s       0.02 wall s
ININ job list for K created,       55 jobs
TIIN creating job list for K took      0.00 usr cpu s       0.00 sys cpu s       0.00 wall s
ININ execute_joblist_K_threaded, noOfThreads =  8, basisFuncListCount_max =   333
ININ 8 threads started OK.
ININ all 8 threads have finished, took       39 wall s.
TIIN Executing job list for K took    175.19 usr cpu s       0.06 sys cpu s      39.45 wall s
TIIN compute_K_by_boxes took    179.36 usr cpu s       0.08 sys cpu s      43.64 wall s
TI   compute_K_by_boxes_sparse total took    877.05 usr cpu s       0.50 sys cpu s     134.35 wall s
INSC About to truncate FockMatrix, gap of Fprev >=          0.38373151546
TISC symmMatrix::mixed_diff for F vs Fprev maxEigValMovement_mixed took      0.00 usr cpu s       0.00 sys cpu s       0.00 wall s
TISC symmMatrix::eucl_diff for maxEigValMovement_eucl  took      0.03 usr cpu s       0.09 sys cpu s       0.02 wall s
INSC maxEigValMovement_frob  =          0.00001277934
INSC maxEigValMovement_mixed =          0.00001095067
INSC maxEigValMovement_eucl  =          0.00000662994
TISC FockMatrix.eucl_thresh() (with Z) took      0.11 usr cpu s       0.34 sys cpu s       0.08 wall s
INSC Truncated FockMatrix (eucl with Z), selected threshold = 3.83718e-08, returned error =          0, nnz before = 100.0000 %, nnz after = 100.0000 %
INSC Matrix 'S' ( symm ): n =    342, nnz =       116964 <-> 100.00 %, mem usage  0.0005 G
INSC Matrix 'F' ( symm ): n =    342, nnz =       116964 <-> 100.00 %, mem usage  0.0005 G
INSC Matrix 'D' ( symm ): n =    342, nnz =       116964 <-> 100.00 %, mem usage  0.0005 G
INSC nuclearEnergy, energy_2el, energy = 782.160484, 1007.253425, -645.112846
INSC Energy  12 =       -645.11284581311  ( diff     -0.000000000026830 )
INSC calling compute_FDSminusSDF_sparse, n = 342
INDE compute_FDSminusSDF_sparse() start.
TIDE FileWritable::writeAndReadAll took      0.00 usr cpu s       0.00 sys cpu s       0.00 wall s
INDE writeAndReadAll: '0 MB (1 MatrixGeneral, 0 > 1 MB) + 0 MB (9 MatrixSymmetric, 0 > 1 MB) = 0 MB (10 total, 0 > 1 MB)
TISC compute_FDSminusSDF_sparse, F*D mult took      0.03 usr cpu s       0.06 sys cpu s       0.01 wall s
INSC Matrix 'FD before eucl truncation' (normal): n =    342, nnz =       116964 <-> 100.00 %, mem usage  0.0009 G
INSC Matrix 'FD after  eucl truncation' (normal): n =    342, nnz =       116964 <-> 100.00 %, mem usage  0.0009 G
INSC Matrix 'FDS before eucl truncation' (normal): n =    342, nnz =       116964 <-> 100.00 %, mem usage  0.0009 G
INSC Matrix 'FDS after  eucl truncation' (normal): n =    342, nnz =       116964 <-> 100.00 %, mem usage  0.0009 G
INSC compute_FDSminusSDF_sparse ending OK.
TISC compute_FDSminusSDF_sparse took      0.13 usr cpu s       0.27 sys cpu s       0.05 wall s
INSC Matrix 'FDS-SDF' (normal): n =    342, nnz =       116964 <-> 100.00 %, mem usage  0.0009 G
INSC SCF_restricted::get_FDSminusSDF finished.
TISC get_FDSminusSDF took      0.13 usr cpu s       0.27 sys cpu s       0.05 wall s
INSC maxabs FDS-SDF is 6.79e-07
INSC frob   FDS-SDF is 8.43e-06
TISC get_error_measure took      0.00 usr cpu s       0.01 sys cpu s       0.00 wall s
INSC entering DIISManagerRestricted::AddIterationToList, IterCount = 10
INSC DIISManagerRestricted::AddIterationToList ending OK.
TISC DIISManagerRestricted::AddIterationToList took      0.01 usr cpu s       0.03 sys cpu s       0.00 wall s
INSC using DIIS to get combined Fock matrix, number of iters used for DIIS: 10
TISC clear_error_matrices took      0.00 usr cpu s       0.00 sys cpu s       0.00 wall s
TISC save_current_fock_as_fprev took      0.00 usr cpu s       0.00 sys cpu s       0.00 wall s
INDE get_dens_from_fock_general, n = 342, use_diagonalization = 0, use_diag_on_error = 1
INDE Before writeAndReadAll(): AllocatorManager statistics:  noOfRealsPerBuffer: 1024 noOfBuffers: 20000 list.size(): 1. Allocated: 0.164 GB, Used: 0.0181 GB, Peak alloc: 0.164 GB.
TIDE FileWritable::writeAndReadAll took      0.00 usr cpu s       0.00 sys cpu s       0.00 wall s
INDE writeAndReadAll sizesStr: '0 MB (1 MatrixGeneral, 0 > 1 MB) + 0 MB (7 MatrixSymmetric, 0 > 1 MB) = 0 MB (8 total, 0 > 1 MB)
INDE After writeAndReadAll(): AllocatorManager statistics:  noOfRealsPerBuffer: 1024 noOfBuffers: 20000 list.size(): 1. Allocated: 0.164 GB, Used: 0.0181 GB, Peak alloc: 0.164 GB.
INDE calling get_dens_from_fock_sparse, n =    342, subspaceErrorLimit = 1e-06
INDE get_dens_from_fock_sparse() start!
INDE After F.readFromFile(): AllocatorManager statistics:  noOfRealsPerBuffer: 1024 noOfBuffers: 20000 list.size(): 1. Allocated: 0.164 GB, Used: 0.0181 GB, Peak alloc: 0.164 GB.
INDE After creating wrapper MatrixType F_w(F): AllocatorManager statistics:  noOfRealsPerBuffer: 1024 noOfBuffers: 20000 list.size(): 1. Allocated: 0.164 GB, Used: 0.0186 GB, Peak alloc: 0.164 GB.
TIDE  F_w to orthogonal basis took      0.02 usr cpu s       0.05 sys cpu s       0.01 wall s
TIDE MatrixType::mixed_diff for maxEigValMovement_mixed took      0.00 usr cpu s       0.01 sys cpu s       0.00 wall s
TIDE symmMatrixWrap::eucl_diff for maxEigValMovement_eucl  took      0.07 usr cpu s       0.38 sys cpu s       0.06 wall s
INDE maxEigValMovement_frob  =          0.00000704555
INDE maxEigValMovement_mixed =          0.00000448604
INDE maxEigValMovement_eucl  =          0.00000157666
INDE lumo before truncation: [ 0.035548096561 , 0.056526552704 ]
INDE homo before truncation: [ -0.357279832569 , -0.348180265579 ]
INDE Truncate matrix F and update intervals for homo and lumo.
INDE Truncating F_ort ( mixed ), selected threshold = 3.83728e-08
INDE Truncated F_ort ( mixed ), selected threshold = 3.83728e-08, returned error =          0, nnz before = 100.0000 %, nnz after = 100.0000 %
TIDE Truncation of F_ort took      0.00 usr cpu s       0.00 sys cpu s       0.00 wall s
INDE Chosen Ergo Wrapper
INDE Creating purification object: N = 342 , nocc = 47 , NNZ = 116964  <-> 100.00000 %
INDE Chosen norm for the truncation: 
INDE mixed
INDE Chosen norm for the stopping criterion: 
INDE mixed
INDE Chosen the NEW stopping criterion.
INDE Allowed error in subspace 7.000000e-07
INDE Chosen SP2 purification method
INDE calling Puri->PurificationStart(), number of threads = 1, trunc norm 'mixed'
TIDE gershgorin took      0.00 usr cpu s       0.01 sys cpu s       0.00 wall s
INDE Gershgorin bounds: [ -59.820859252237 , 100.436330459394 ]
INDE EXPANDED Gershgorin bounds: [ -59.820859267138 , 100.436330474295 ]
INDE Trying to impove bounds using Lanczos algorithm...
TIDE compute_spectrum_bounds took      0.11 usr cpu s       0.39 sys cpu s       0.07 wall s
INDE Spectrum of F: 	 [ -20.624838397443 , 51.715199198480 ]
INDE Transform homo and lumo bounds...
INDE HOMO bounds of X: 	 [ 0.719703516811 , 0.719829305618 ]
INDE LUMO bounds of X: 	 [ 0.714109010204 , 0.714399008065 ]
INDE INIT LUMO: [ 0.714109010204 , 0.714399008065 ]
INDE INIT HOMO: [ 0.280170694382 , 0.280296483189 ]
INDE ESTIMATED NUMBER OF ITERATIONS IS 35
INDE Put eigenvalues of F to the interval [0,1] in reverse order.
TIDE compute_X() took      0.00 usr cpu s       0.00 sys cpu s       0.00 wall s
TIDE prepare_to_purification() took      0.12 usr cpu s       0.39 sys cpu s       0.08 wall s
INDE (EIGV,PARAMS) Requested 0 occipied eigenpair(s).
INDE (EIGV,PARAMS) Requested 0 unoccipied eigenpair(s).
TIDE prepare_to_purification_eigenvectors() took      0.00 usr cpu s       0.00 sys cpu s       0.00 wall s
INDE Starting recursive expansion
INDE     BEFORE ITERATIONS:
TIDE truncate_matrix took      0.00 usr cpu s       0.00 sys cpu s       0.00 wall s
INDE Actual introduced error   0.000000e+00 : nnz before  116964 <-> 100.00 % , nnz after  116964 <-> 100.00 %
TIDE square took      0.02 usr cpu s       0.04 sys cpu s       0.01 wall s
INDE NNZ Xsq = 116964 <-> 100.00 %
TIDE Frobenius norm of X-X^2 took      0.00 usr cpu s       0.00 sys cpu s       0.00 wall s
TIDE Mixed norm of X-X^2 took      0.00 usr cpu s       0.02 sys cpu s       0.00 wall s
TIDE Trace of X-X^2 took      0.00 usr cpu s       0.00 sys cpu s       0.00 wall s
INDE ||X-X^2||_F = 3.852014e+00 , ||X-X^2||_mixed = 1.286053e+00
INDE trace(X-X^2) = 7.012956e+01
INDE trace(X) = 2.342456e+02
TIDE Iteration 0 took      0.03 usr cpu s       0.06 sys cpu s       0.01 wall s
TIDE FileWritable::writeAndReadAll took      0.00 usr cpu s       0.00 sys cpu s       0.00 wall s
INDE writeAndReadAll sizesStr: '0 MB (1 MatrixGeneral, 0 > 1 MB) + 0 MB (13 MatrixSymmetric, 0 > 1 MB) + 0 MB (2 VectorGeneral, 0 > 1 MB) = 0 MB (16 total, 0 > 1 MB)
INDE     ITERATION 1 :
TIDE purify_X took      0.00 usr cpu s       0.00 sys cpu s       0.00 wall s
TIDE truncate_matrix took      0.00 usr cpu s       0.00 sys cpu s       0.00 wall s
INDE Actual introduced error   0.000000e+00 : nnz before  116964 <-> 100.00 % , nnz after  116964 <-> 100.00 %
TIDE square took      0.01 usr cpu s       0.05 sys cpu s       0.01 wall s
INDE NNZ Xsq = 116964 <-> 100.00 %
TIDE Frobenius norm of X-X^2 took      0.00 usr cpu s       0.00 sys cpu s       0.00 wall s
TIDE Mixed norm of X-X^2 took      0.00 usr cpu s       0.02 sys cpu s       0.00 wall s
TIDE Trace of X-X^2 took      0.00 usr cpu s       0.00 sys cpu s       0.00 wall s
INDE ||X-X^2||_F = 4.467938e+00 , ||X-X^2||_mixed = 1.460677e+00
INDE trace(X-X^2) = 8.127625e+01
INDE trace(X) = 1.641160e+02
TIDE Iteration 1 took      0.02 usr cpu s       0.07 sys cpu s       0.01 wall s
INDE     ITERATION 2 :
TIDE purify_X took      0.00 usr cpu s       0.00 sys cpu s       0.00 wall s
TIDE truncate_matrix took      0.00 usr cpu s       0.00 sys cpu s       0.00 wall s
INDE Actual introduced error   0.000000e+00 : nnz before  116964 <-> 100.00 % , nnz after  116964 <-> 100.00 %
TIDE square took      0.03 usr cpu s       0.03 sys cpu s       0.01 wall s
INDE NNZ Xsq = 116964 <-> 100.00 %
TIDE Frobenius norm of X-X^2 took      0.00 usr cpu s       0.00 sys cpu s       0.00 wall s
TIDE Mixed norm of X-X^2 took      0.00 usr cpu s       0.02 sys cpu s       0.00 wall s
TIDE Trace of X-X^2 took      0.00 usr cpu s       0.00 sys cpu s       0.00 wall s
INDE ||X-X^2||_F = 3.254698e+00 , ||X-X^2||_mixed = 1.135626e+00
INDE trace(X-X^2) = 5.849020e+01
INDE trace(X) = 8.283977e+01
INDE Checking stopping criterion...   
INDE Order of convergence cannot be computed
TIDE stopping_criterion took      0.00 usr cpu s       0.00 sys cpu s       0.00 wall s
TIDE Iteration 2 took      0.03 usr cpu s       0.06 sys cpu s       0.01 wall s
INDE     ITERATION 3 :
TIDE purify_X took      0.00 usr cpu s       0.00 sys cpu s       0.00 wall s
TIDE truncate_matrix took      0.00 usr cpu s       0.00 sys cpu s       0.00 wall s
INDE Actual introduced error   0.000000e+00 : nnz before  116964 <-> 100.00 % , nnz after  116964 <-> 100.00 %
TIDE square took      0.02 usr cpu s       0.04 sys cpu s       0.01 wall s
INDE NNZ Xsq = 116964 <-> 100.00 %
TIDE Frobenius norm of X-X^2 took      0.00 usr cpu s       0.00 sys cpu s       0.00 wall s
TIDE Mixed norm of X-X^2 took      0.01 usr cpu s       0.02 sys cpu s       0.00 wall s
TIDE Trace of X-X^2 took      0.00 usr cpu s       0.00 sys cpu s       0.00 wall s
INDE ||X-X^2||_F = 4.290382e+00 , ||X-X^2||_mixed = 1.444683e+00
INDE trace(X-X^2) = 7.741617e+01
INDE trace(X) = 1.413300e+02
INDE Checking stopping criterion...   
INDE Order of convergence cannot be computed
TIDE stopping_criterion took      0.00 usr cpu s       0.00 sys cpu s       0.00 wall s
TIDE Iteration 3 took      0.03 usr cpu s       0.06 sys cpu s       0.01 wall s
INDE     ITERATION 4 :
TIDE purify_X took      0.00 usr cpu s       0.00 sys cpu s       0.00 wall s
TIDE truncate_matrix took      0.00 usr cpu s       0.00 sys cpu s       0.00 wall s
INDE Actual introduced error   0.000000e+00 : nnz before  116964 <-> 100.00 % , nnz after  116964 <-> 100.00 %
TIDE square took      0.03 usr cpu s       0.03 sys cpu s       0.01 wall s
INDE NNZ Xsq = 116964 <-> 100.00 %
TIDE Frobenius norm of X-X^2 took      0.00 usr cpu s       0.00 sys cpu s       0.00 wall s
TIDE Mixed norm of X-X^2 took      0.01 usr cpu s       0.02 sys cpu s       0.00 wall s
TIDE Trace of X-X^2 took      0.00 usr cpu s       0.00 sys cpu s       0.00 wall s
INDE ||X-X^2||_F = 4.003286e+00 , ||X-X^2||_mixed = 1.405987e+00
INDE trace(X-X^2) = 7.177920e+01
INDE trace(X) = 2.187461e+02
INDE Checking stopping criterion...   
INDE Order of convergence cannot be computed
TIDE stopping_criterion took      0.00 usr cpu s       0.00 sys cpu s       0.00 wall s
TIDE Iteration 4 took      0.04 usr cpu s       0.05 sys cpu s       0.01 wall s
INDE     ITERATION 5 :
TIDE purify_X took      0.00 usr cpu s       0.00 sys cpu s       0.00 wall s
TIDE truncate_matrix took      0.00 usr cpu s       0.00 sys cpu s       0.00 wall s
INDE Actual introduced error   0.000000e+00 : nnz before  116964 <-> 100.00 % , nnz after  116964 <-> 100.00 %
TIDE square took      0.02 usr cpu s       0.03 sys cpu s       0.01 wall s
INDE NNZ Xsq = 116964 <-> 100.00 %
TIDE Frobenius norm of X-X^2 took      0.00 usr cpu s       0.00 sys cpu s       0.00 wall s
TIDE Mixed norm of X-X^2 took      0.00 usr cpu s       0.02 sys cpu s       0.00 wall s
TIDE Trace of X-X^2 took      0.00 usr cpu s       0.00 sys cpu s       0.00 wall s
INDE ||X-X^2||_F = 4.268876e+00 , ||X-X^2||_mixed = 1.493204e+00
INDE trace(X-X^2) = 7.626113e+01
INDE trace(X) = 1.469669e+02
INDE Checking stopping criterion...   
INDE Order of convergence cannot be computed
TIDE stopping_criterion took      0.00 usr cpu s       0.00 sys cpu s       0.00 wall s
TIDE Iteration 5 took      0.03 usr cpu s       0.06 sys cpu s       0.01 wall s
INDE     ITERATION 6 :
TIDE purify_X took      0.00 usr cpu s       0.00 sys cpu s       0.00 wall s
TIDE truncate_matrix took      0.00 usr cpu s       0.00 sys cpu s       0.00 wall s
INDE Actual introduced error   0.000000e+00 : nnz before  116964 <-> 100.00 % , nnz after  116964 <-> 100.00 %
TIDE square took      0.03 usr cpu s       0.03 sys cpu s       0.01 wall s
INDE NNZ Xsq = 116964 <-> 100.00 %
TIDE Frobenius norm of X-X^2 took      0.00 usr cpu s       0.00 sys cpu s       0.00 wall s
TIDE Mixed norm of X-X^2 took      0.01 usr cpu s       0.01 sys cpu s       0.00 wall s
TIDE Trace of X-X^2 took      0.00 usr cpu s       0.00 sys cpu s       0.00 wall s
INDE ||X-X^2||_F = 2.734227e+00 , ||X-X^2||_mixed = 1.096789e+00
INDE trace(X-X^2) = 4.779601e+01
INDE trace(X) = 7.070581e+01
INDE Checking stopping criterion...   
INDE Order of convergence cannot be computed
TIDE stopping_criterion took      0.00 usr cpu s       0.00 sys cpu s       0.00 wall s
TIDE Iteration 6 took      0.04 usr cpu s       0.04 sys cpu s       0.01 wall s
INDE     ITERATION 7 :
TIDE purify_X took      0.00 usr cpu s       0.00 sys cpu s       0.00 wall s
TIDE truncate_matrix took      0.00 usr cpu s       0.00 sys cpu s       0.00 wall s
INDE Actual introduced error   0.000000e+00 : nnz before  116964 <-> 100.00 % , nnz after  116964 <-> 100.00 %
TIDE square took      0.02 usr cpu s       0.04 sys cpu s       0.01 wall s
INDE NNZ Xsq = 116964 <-> 100.00 %
TIDE Frobenius norm of X-X^2 took      0.00 usr cpu s       0.00 sys cpu s       0.00 wall s
TIDE Mixed norm of X-X^2 took      0.00 usr cpu s       0.02 sys cpu s       0.00 wall s
TIDE Trace of X-X^2 took      0.00 usr cpu s       0.00 sys cpu s       0.00 wall s
INDE ||X-X^2||_F = 3.850807e+00 , ||X-X^2||_mixed = 1.464409e+00
INDE trace(X-X^2) = 6.763987e+01
INDE trace(X) = 1.185018e+02
INDE Checking stopping criterion...   
INDE Order of convergence cannot be computed
TIDE stopping_criterion took      0.00 usr cpu s       0.00 sys cpu s       0.00 wall s
TIDE Iteration 7 took      0.03 usr cpu s       0.06 sys cpu s       0.01 wall s
INDE     ITERATION 8 :
TIDE purify_X took      0.00 usr cpu s       0.00 sys cpu s       0.00 wall s
TIDE truncate_matrix took      0.00 usr cpu s       0.00 sys cpu s       0.00 wall s
INDE Actual introduced error   0.000000e+00 : nnz before  116964 <-> 100.00 % , nnz after  116964 <-> 100.00 %
TIDE square took      0.02 usr cpu s       0.04 sys cpu s       0.01 wall s
INDE NNZ Xsq = 116964 <-> 100.00 %
TIDE Frobenius norm of X-X^2 took      0.00 usr cpu s       0.00 sys cpu s       0.00 wall s
TIDE Mixed norm of X-X^2 took      0.00 usr cpu s       0.02 sys cpu s       0.00 wall s
TIDE Trace of X-X^2 took      0.00 usr cpu s       0.00 sys cpu s       0.00 wall s
INDE ||X-X^2||_F = 4.120478e+00 , ||X-X^2||_mixed = 1.498159e+00
INDE trace(X-X^2) = 7.299921e+01
INDE trace(X) = 1.861417e+02
INDE Checking stopping criterion...   
INDE Order of convergence cannot be computed
TIDE stopping_criterion took      0.00 usr cpu s       0.00 sys cpu s       0.00 wall s
TIDE Iteration 8 took      0.02 usr cpu s       0.06 sys cpu s       0.01 wall s
INDE     ITERATION 9 :
TIDE purify_X took      0.00 usr cpu s       0.00 sys cpu s       0.00 wall s
TIDE truncate_matrix took      0.00 usr cpu s       0.00 sys cpu s       0.00 wall s
INDE Actual introduced error   0.000000e+00 : nnz before  116964 <-> 100.00 % , nnz after  116964 <-> 100.00 %
TIDE square took      0.03 usr cpu s       0.03 sys cpu s       0.01 wall s
INDE NNZ Xsq = 116964 <-> 100.00 %
TIDE Frobenius norm of X-X^2 took      0.00 usr cpu s       0.00 sys cpu s       0.00 wall s
TIDE Mixed norm of X-X^2 took      0.00 usr cpu s       0.02 sys cpu s       0.00 wall s
TIDE Trace of X-X^2 took      0.00 usr cpu s       0.00 sys cpu s       0.00 wall s
INDE ||X-X^2||_F = 3.665700e+00 , ||X-X^2||_mixed = 1.504887e+00
INDE trace(X-X^2) = 6.284351e+01
INDE trace(X) = 1.131425e+02
INDE Checking stopping criterion...   
INDE Order of convergence cannot be computed
TIDE stopping_criterion took      0.00 usr cpu s       0.00 sys cpu s       0.00 wall s
TIDE Iteration 9 took      0.03 usr cpu s       0.05 sys cpu s       0.01 wall s
INDE     ITERATION 10 :
TIDE purify_X took      0.00 usr cpu s       0.00 sys cpu s       0.00 wall s
TIDE truncate_matrix took      0.00 usr cpu s       0.00 sys cpu s       0.00 wall s
INDE Actual introduced error   0.000000e+00 : nnz before  116964 <-> 100.00 % , nnz after  116964 <-> 100.00 %
TIDE square took      0.02 usr cpu s       0.03 sys cpu s       0.01 wall s
INDE NNZ Xsq = 116964 <-> 100.00 %
TIDE Frobenius norm of X-X^2 took      0.00 usr cpu s       0.00 sys cpu s       0.00 wall s
TIDE Mixed norm of X-X^2 took      0.00 usr cpu s       0.02 sys cpu s       0.00 wall s
TIDE Trace of X-X^2 took      0.00 usr cpu s       0.00 sys cpu s       0.00 wall s
INDE ||X-X^2||_F = 3.888186e+00 , ||X-X^2||_mixed = 1.520339e+00
INDE trace(X-X^2) = 6.812285e+01
INDE trace(X) = 1.759860e+02
INDE Checking stopping criterion...   
INDE Order of convergence cannot be computed
TIDE stopping_criterion took      0.00 usr cpu s       0.00 sys cpu s       0.00 wall s
TIDE Iteration 10 took      0.03 usr cpu s       0.06 sys cpu s       0.01 wall s
INDE     ITERATION 11 :
TIDE purify_X took      0.00 usr cpu s       0.00 sys cpu s       0.00 wall s
TIDE truncate_matrix took      0.00 usr cpu s       0.00 sys cpu s       0.00 wall s
INDE Actual introduced error   0.000000e+00 : nnz before  116964 <-> 100.00 % , nnz after  116964 <-> 100.00 %
TIDE square took      0.01 usr cpu s       0.05 sys cpu s       0.01 wall s
INDE NNZ Xsq = 116964 <-> 100.00 %
TIDE Frobenius norm of X-X^2 took      0.00 usr cpu s       0.00 sys cpu s       0.00 wall s
TIDE Mixed norm of X-X^2 took      0.00 usr cpu s       0.02 sys cpu s       0.00 wall s
TIDE Trace of X-X^2 took      0.00 usr cpu s       0.00 sys cpu s       0.00 wall s
INDE ||X-X^2||_F = 3.436155e+00 , ||X-X^2||_mixed = 1.550221e+00
INDE trace(X-X^2) = 5.634730e+01
INDE trace(X) = 1.078631e+02
INDE Checking stopping criterion...   
INDE Order of convergence cannot be computed
TIDE stopping_criterion took      0.00 usr cpu s       0.00 sys cpu s       0.00 wall s
TIDE Iteration 11 took      0.02 usr cpu s       0.07 sys cpu s       0.01 wall s
INDE     ITERATION 12 :
TIDE purify_X took      0.00 usr cpu s       0.00 sys cpu s       0.00 wall s
TIDE truncate_matrix took      0.00 usr cpu s       0.00 sys cpu s       0.00 wall s
INDE Actual introduced error   0.000000e+00 : nnz before  116964 <-> 100.00 % , nnz after  116964 <-> 100.00 %
TIDE square took      0.03 usr cpu s       0.02 sys cpu s       0.01 wall s
INDE NNZ Xsq = 116964 <-> 100.00 %
TIDE Frobenius norm of X-X^2 took      0.00 usr cpu s       0.00 sys cpu s       0.00 wall s
TIDE Mixed norm of X-X^2 took      0.00 usr cpu s       0.02 sys cpu s       0.00 wall s
TIDE Trace of X-X^2 took      0.00 usr cpu s       0.00 sys cpu s       0.00 wall s
INDE ||X-X^2||_F = 2.134020e+00 , ||X-X^2||_mixed = 1.203842e+00
INDE trace(X-X^2) = 2.958070e+01
INDE trace(X) = 5.151584e+01
INDE Checking stopping criterion...   
INDE Order of convergence cannot be computed
TIDE stopping_criterion took      0.00 usr cpu s       0.00 sys cpu s       0.00 wall s
TIDE Iteration 12 took      0.04 usr cpu s       0.04 sys cpu s       0.01 wall s
INDE     ITERATION 13 :
TIDE purify_X took      0.00 usr cpu s       0.00 sys cpu s       0.00 wall s
TIDE truncate_matrix took      0.00 usr cpu s       0.00 sys cpu s       0.00 wall s
INDE Actual introduced error   0.000000e+00 : nnz before  116964 <-> 100.00 % , nnz after  116964 <-> 100.00 %
TIDE square took      0.01 usr cpu s       0.04 sys cpu s       0.01 wall s
INDE NNZ Xsq = 116964 <-> 100.00 %
TIDE Frobenius norm of X-X^2 took      0.00 usr cpu s       0.00 sys cpu s       0.00 wall s
TIDE Mixed norm of X-X^2 took      0.01 usr cpu s       0.01 sys cpu s       0.00 wall s
TIDE Trace of X-X^2 took      0.00 usr cpu s       0.00 sys cpu s       0.00 wall s
INDE ||X-X^2||_F = 2.856446e+00 , ||X-X^2||_mixed = 1.476454e+00
INDE trace(X-X^2) = 4.203469e+01
INDE trace(X) = 8.109654e+01
INDE Checking stopping criterion...   
INDE Order of convergence cannot be computed
TIDE stopping_criterion took      0.00 usr cpu s       0.00 sys cpu s       0.00 wall s
TIDE Iteration 13 took      0.02 usr cpu s       0.06 sys cpu s       0.01 wall s
INDE     ITERATION 14 :
TIDE purify_X took      0.00 usr cpu s       0.00 sys cpu s       0.00 wall s
TIDE truncate_matrix took      0.00 usr cpu s       0.00 sys cpu s       0.00 wall s
INDE Actual introduced error   0.000000e+00 : nnz before  116964 <-> 100.00 % , nnz after  116964 <-> 100.00 %
TIDE square took      0.01 usr cpu s       0.04 sys cpu s       0.01 wall s
INDE NNZ Xsq = 116964 <-> 100.00 %
TIDE Frobenius norm of X-X^2 took      0.00 usr cpu s       0.00 sys cpu s       0.00 wall s
TIDE Mixed norm of X-X^2 took      0.00 usr cpu s       0.02 sys cpu s       0.00 wall s
TIDE Trace of X-X^2 took      0.00 usr cpu s       0.00 sys cpu s       0.00 wall s
INDE ||X-X^2||_F = 3.137433e+00 , ||X-X^2||_mixed = 1.633222e+00
INDE trace(X-X^2) = 4.810057e+01
INDE trace(X) = 1.231312e+02
INDE Checking stopping criterion...   
INDE Order of convergence cannot be computed
TIDE stopping_criterion took      0.00 usr cpu s       0.00 sys cpu s       0.00 wall s
TIDE Iteration 14 took      0.02 usr cpu s       0.06 sys cpu s       0.01 wall s
INDE     ITERATION 15 :
TIDE purify_X took      0.00 usr cpu s       0.00 sys cpu s       0.00 wall s
TIDE truncate_matrix took      0.00 usr cpu s       0.00 sys cpu s       0.00 wall s
INDE Actual introduced error   0.000000e+00 : nnz before  116964 <-> 100.00 % , nnz after  116964 <-> 100.00 %
TIDE square took      0.02 usr cpu s       0.04 sys cpu s       0.01 wall s
INDE NNZ Xsq = 116964 <-> 100.00 %
TIDE Frobenius norm of X-X^2 took      0.00 usr cpu s       0.00 sys cpu s       0.00 wall s
TIDE Mixed norm of X-X^2 took      0.00 usr cpu s       0.02 sys cpu s       0.00 wall s
TIDE Trace of X-X^2 took      0.00 usr cpu s       0.00 sys cpu s       0.00 wall s
INDE ||X-X^2||_F = 2.538328e+00 , ||X-X^2||_mixed = 1.427881e+00
INDE trace(X-X^2) = 3.388155e+01
INDE trace(X) = 7.503066e+01
INDE Checking stopping criterion...   
INDE Order of convergence cannot be computed
TIDE stopping_criterion took      0.00 usr cpu s       0.00 sys cpu s       0.00 wall s
TIDE Iteration 15 took      0.02 usr cpu s       0.06 sys cpu s       0.01 wall s
INDE     ITERATION 16 :
TIDE purify_X took      0.00 usr cpu s       0.00 sys cpu s       0.00 wall s
TIDE truncate_matrix took      0.00 usr cpu s       0.00 sys cpu s       0.00 wall s
INDE Actual introduced error   0.000000e+00 : nnz before  116964 <-> 100.00 % , nnz after  116964 <-> 100.00 %
TIDE square took      0.02 usr cpu s       0.03 sys cpu s       0.01 wall s
INDE NNZ Xsq = 116964 <-> 100.00 %
TIDE Frobenius norm of X-X^2 took      0.00 usr cpu s       0.00 sys cpu s       0.00 wall s
TIDE Mixed norm of X-X^2 took      0.00 usr cpu s       0.02 sys cpu s       0.00 wall s
TIDE Trace of X-X^2 took      0.00 usr cpu s       0.00 sys cpu s       0.00 wall s
INDE ||X-X^2||_F = 2.741272e+00 , ||X-X^2||_mixed = 1.619469e+00
INDE trace(X-X^2) = 3.724942e+01
INDE trace(X) = 1.089122e+02
INDE Checking stopping criterion...   
INDE Order of convergence cannot be computed
TIDE stopping_criterion took      0.00 usr cpu s       0.00 sys cpu s       0.00 wall s
TIDE Iteration 16 took      0.03 usr cpu s       0.06 sys cpu s       0.01 wall s
INDE     ITERATION 17 :
TIDE purify_X took      0.00 usr cpu s       0.00 sys cpu s       0.00 wall s
TIDE truncate_matrix took      0.00 usr cpu s       0.00 sys cpu s       0.00 wall s
INDE Actual introduced error   0.000000e+00 : nnz before  116964 <-> 100.00 % , nnz after  116964 <-> 100.00 %
TIDE square took      0.03 usr cpu s       0.03 sys cpu s       0.01 wall s
INDE NNZ Xsq = 116964 <-> 100.00 %
TIDE Frobenius norm of X-X^2 took      0.00 usr cpu s       0.00 sys cpu s       0.00 wall s
TIDE Mixed norm of X-X^2 took      0.00 usr cpu s       0.02 sys cpu s       0.00 wall s
TIDE Trace of X-X^2 took      0.00 usr cpu s       0.00 sys cpu s       0.00 wall s
INDE ||X-X^2||_F = 2.196867e+00 , ||X-X^2||_mixed = 1.348216e+00
INDE trace(X-X^2) = 2.633769e+01
INDE trace(X) = 7.166279e+01
INDE Checking stopping criterion...   
INDE Order of convergence cannot be computed
TIDE stopping_criterion took      0.00 usr cpu s       0.00 sys cpu s       0.00 wall s
TIDE Iteration 17 took      0.04 usr cpu s       0.05 sys cpu s       0.01 wall s
INDE     ITERATION 18 :
TIDE purify_X took      0.00 usr cpu s       0.00 sys cpu s       0.00 wall s
TIDE truncate_matrix took      0.00 usr cpu s       0.00 sys cpu s       0.00 wall s
INDE Actual introduced error   0.000000e+00 : nnz before  116964 <-> 100.00 % , nnz after  116964 <-> 100.00 %
TIDE square took      0.02 usr cpu s       0.04 sys cpu s       0.01 wall s
INDE NNZ Xsq = 116964 <-> 100.00 %
TIDE Frobenius norm of X-X^2 took      0.00 usr cpu s       0.00 sys cpu s       0.00 wall s
TIDE Mixed norm of X-X^2 took      0.01 usr cpu s       0.01 sys cpu s       0.00 wall s
TIDE Trace of X-X^2 took      0.00 usr cpu s       0.00 sys cpu s       0.00 wall s
INDE ||X-X^2||_F = 1.503685e+00 , ||X-X^2||_mixed = 1.049197e+00
INDE trace(X-X^2) = 1.465039e+01
INDE trace(X) = 4.532510e+01
INDE Checking stopping criterion...   
INDE Order of convergence cannot be computed
TIDE stopping_criterion took      0.00 usr cpu s       0.00 sys cpu s       0.00 wall s
TIDE Iteration 18 took      0.03 usr cpu s       0.06 sys cpu s       0.01 wall s
INDE     ITERATION 19 :
TIDE purify_X took      0.00 usr cpu s       0.00 sys cpu s       0.00 wall s
TIDE truncate_matrix took      0.00 usr cpu s       0.00 sys cpu s       0.00 wall s
INDE Actual introduced error   0.000000e+00 : nnz before  116964 <-> 100.00 % , nnz after  116964 <-> 100.00 %
TIDE square took      0.01 usr cpu s       0.05 sys cpu s       0.01 wall s
INDE NNZ Xsq = 116964 <-> 100.00 %
TIDE Frobenius norm of X-X^2 took      0.00 usr cpu s       0.00 sys cpu s       0.00 wall s
TIDE Mixed norm of X-X^2 took      0.00 usr cpu s       0.02 sys cpu s       0.00 wall s
TIDE Trace of X-X^2 took      0.00 usr cpu s       0.00 sys cpu s       0.00 wall s
INDE ||X-X^2||_F = 1.606133e+00 , ||X-X^2||_mixed = 1.077414e+00
INDE trace(X-X^2) = 1.666802e+01
INDE trace(X) = 5.997549e+01
INDE Checking stopping criterion...   
INDE Order of convergence cannot be computed
TIDE stopping_criterion took      0.00 usr cpu s       0.00 sys cpu s       0.00 wall s
TIDE Iteration 19 took      0.02 usr cpu s       0.07 sys cpu s       0.01 wall s
INDE     ITERATION 20 :
TIDE purify_X took      0.00 usr cpu s       0.00 sys cpu s       0.00 wall s
TIDE truncate_matrix took      0.00 usr cpu s       0.00 sys cpu s       0.00 wall s
INDE Actual introduced error   0.000000e+00 : nnz before  116964 <-> 100.00 % , nnz after  116964 <-> 100.00 %
TIDE square took      0.02 usr cpu s       0.04 sys cpu s       0.01 wall s
INDE NNZ Xsq = 116964 <-> 100.00 %
TIDE Frobenius norm of X-X^2 took      0.00 usr cpu s       0.00 sys cpu s       0.00 wall s
TIDE Mixed norm of X-X^2 took      0.00 usr cpu s       0.02 sys cpu s       0.00 wall s
TIDE Trace of X-X^2 took      0.00 usr cpu s       0.00 sys cpu s       0.00 wall s
INDE ||X-X^2||_F = 1.109688e+00 , ||X-X^2||_mixed = 8.472662e-01
INDE trace(X-X^2) = 8.649414e+00
INDE trace(X) = 4.330747e+01
INDE Checking stopping criterion...   
INDE Order of convergence cannot be computed
TIDE stopping_criterion took      0.00 usr cpu s       0.00 sys cpu s       0.00 wall s
TIDE Iteration 20 took      0.02 usr cpu s       0.06 sys cpu s       0.01 wall s
INDE     ITERATION 21 :
TIDE purify_X took      0.00 usr cpu s       0.00 sys cpu s       0.00 wall s
TIDE truncate_matrix took      0.00 usr cpu s       0.00 sys cpu s       0.00 wall s
INDE Actual introduced error   0.000000e+00 : nnz before  116964 <-> 100.00 % , nnz after  116964 <-> 100.00 %
TIDE square took      0.02 usr cpu s       0.04 sys cpu s       0.01 wall s
INDE NNZ Xsq = 116964 <-> 100.00 %
TIDE Frobenius norm of X-X^2 took      0.00 usr cpu s       0.00 sys cpu s       0.00 wall s
TIDE Mixed norm of X-X^2 took      0.00 usr cpu s       0.02 sys cpu s       0.00 wall s
TIDE Trace of X-X^2 took      0.00 usr cpu s       0.00 sys cpu s       0.00 wall s
INDE ||X-X^2||_F = 9.694022e-01 , ||X-X^2||_mixed = 7.162073e-01
INDE trace(X-X^2) = 8.394746e+00
INDE trace(X) = 5.195688e+01
INDE Checking stopping criterion...   
INDE Order of convergence cannot be computed
TIDE stopping_criterion took      0.00 usr cpu s       0.00 sys cpu s       0.00 wall s
TIDE Iteration 21 took      0.02 usr cpu s       0.06 sys cpu s       0.01 wall s
INDE     ITERATION 22 :
TIDE purify_X took      0.00 usr cpu s       0.00 sys cpu s       0.00 wall s
TIDE truncate_matrix took      0.00 usr cpu s       0.00 sys cpu s       0.00 wall s
INDE Actual introduced error   0.000000e+00 : nnz before  116964 <-> 100.00 % , nnz after  116964 <-> 100.00 %
TIDE square took      0.02 usr cpu s       0.04 sys cpu s       0.01 wall s
INDE NNZ Xsq = 116964 <-> 100.00 %
TIDE Frobenius norm of X-X^2 took      0.00 usr cpu s       0.00 sys cpu s       0.00 wall s
TIDE Mixed norm of X-X^2 took      0.00 usr cpu s       0.02 sys cpu s       0.00 wall s
TIDE Trace of X-X^2 took      0.00 usr cpu s       0.00 sys cpu s       0.00 wall s
INDE ||X-X^2||_F = 1.308115e+00 , ||X-X^2||_mixed = 9.750837e-01
INDE trace(X-X^2) = 1.060334e+01
INDE trace(X) = 6.035163e+01
INDE Checking stopping criterion...   
INDE Order of convergence cannot be computed
TIDE stopping_criterion took      0.00 usr cpu s       0.00 sys cpu s       0.00 wall s
TIDE Iteration 22 took      0.02 usr cpu s       0.07 sys cpu s       0.01 wall s
INDE     ITERATION 23 :
TIDE purify_X took      0.00 usr cpu s       0.00 sys cpu s       0.00 wall s
TIDE truncate_matrix took      0.00 usr cpu s       0.00 sys cpu s       0.00 wall s
INDE Actual introduced error   0.000000e+00 : nnz before  116964 <-> 100.00 % , nnz after  116964 <-> 100.00 %
TIDE square took      0.02 usr cpu s       0.04 sys cpu s       0.01 wall s
INDE NNZ Xsq = 116964 <-> 100.00 %
TIDE Frobenius norm of X-X^2 took      0.00 usr cpu s       0.00 sys cpu s       0.00 wall s
TIDE Mixed norm of X-X^2 took      0.00 usr cpu s       0.02 sys cpu s       0.00 wall s
TIDE Trace of X-X^2 took      0.00 usr cpu s       0.00 sys cpu s       0.00 wall s
INDE ||X-X^2||_F = 5.528665e-01 , ||X-X^2||_mixed = 4.415064e-01
INDE trace(X-X^2) = 3.713748e+00
INDE trace(X) = 4.974829e+01
INDE Checking stopping criterion...   
INDE e_i =4.415064e-01, C*e_{i-1}^q = 3.532809e+00
INDE Order of convergence = 8.230513, stop = 0
TIDE stopping_criterion took      0.00 usr cpu s       0.00 sys cpu s       0.00 wall s
TIDE Iteration 23 took      0.02 usr cpu s       0.06 sys cpu s       0.01 wall s
INDE     ITERATION 24 :
TIDE purify_X took      0.00 usr cpu s       0.00 sys cpu s       0.00 wall s
TIDE truncate_matrix took      0.00 usr cpu s       0.00 sys cpu s       0.00 wall s
INDE Actual introduced error   0.000000e+00 : nnz before  116964 <-> 100.00 % , nnz after  116964 <-> 100.00 %
TIDE square took      0.01 usr cpu s       0.05 sys cpu s       0.01 wall s
INDE NNZ Xsq = 116964 <-> 100.00 %
TIDE Frobenius norm of X-X^2 took      0.00 usr cpu s       0.00 sys cpu s       0.00 wall s
TIDE Mixed norm of X-X^2 took      0.00 usr cpu s       0.02 sys cpu s       0.00 wall s
TIDE Trace of X-X^2 took      0.00 usr cpu s       0.00 sys cpu s       0.00 wall s
INDE ||X-X^2||_F = 3.562240e-01 , ||X-X^2||_mixed = 3.225719e-01
INDE trace(X-X^2) = 1.459673e+00
INDE trace(X) = 4.603454e+01
INDE Checking stopping criterion...   
INDE Order of convergence cannot be computed
TIDE stopping_criterion took      0.00 usr cpu s       0.00 sys cpu s       0.00 wall s
TIDE Iteration 24 took      0.01 usr cpu s       0.07 sys cpu s       0.01 wall s
INDE     ITERATION 25 :
TIDE purify_X took      0.00 usr cpu s       0.00 sys cpu s       0.00 wall s
TIDE truncate_matrix took      0.00 usr cpu s       0.00 sys cpu s       0.00 wall s
INDE Actual introduced error   0.000000e+00 : nnz before  116964 <-> 100.00 % , nnz after  116964 <-> 100.00 %
TIDE square took      0.02 usr cpu s       0.03 sys cpu s       0.01 wall s
INDE NNZ Xsq = 116964 <-> 100.00 %
TIDE Frobenius norm of X-X^2 took      0.00 usr cpu s       0.00 sys cpu s       0.00 wall s
TIDE Mixed norm of X-X^2 took      0.00 usr cpu s       0.02 sys cpu s       0.00 wall s
TIDE Trace of X-X^2 took      0.00 usr cpu s       0.00 sys cpu s       0.00 wall s
INDE ||X-X^2||_F = 1.792351e-01 , ||X-X^2||_mixed = 1.540881e-01
INDE trace(X-X^2) = 8.442920e-01
INDE trace(X) = 4.749422e+01
INDE Checking stopping criterion...   
INDE e_i =1.540881e-01, C*e_{i-1}^q = 1.342507e+00
INDE Order of convergence = 4.647833, stop = 0
TIDE stopping_criterion took      0.00 usr cpu s       0.00 sys cpu s       0.00 wall s
TIDE Iteration 25 took      0.03 usr cpu s       0.05 sys cpu s       0.01 wall s
INDE     ITERATION 26 :
TIDE purify_X took      0.00 usr cpu s       0.00 sys cpu s       0.00 wall s
TIDE truncate_matrix took      0.00 usr cpu s       0.00 sys cpu s       0.00 wall s
INDE Actual introduced error   0.000000e+00 : nnz before  116964 <-> 100.00 % , nnz after  116964 <-> 100.00 %
TIDE square took      0.01 usr cpu s       0.05 sys cpu s       0.01 wall s
INDE NNZ Xsq = 116964 <-> 100.00 %
TIDE Frobenius norm of X-X^2 took      0.00 usr cpu s       0.00 sys cpu s       0.00 wall s
TIDE Mixed norm of X-X^2 took      0.01 usr cpu s       0.01 sys cpu s       0.00 wall s
TIDE Trace of X-X^2 took      0.00 usr cpu s       0.00 sys cpu s       0.00 wall s
INDE ||X-X^2||_F = 2.835712e-01 , ||X-X^2||_mixed = 2.369048e-01
INDE trace(X-X^2) = 1.260293e+00
INDE trace(X) = 4.833851e+01
INDE Checking stopping criterion...   
INDE Order of convergence cannot be computed
TIDE stopping_criterion took      0.00 usr cpu s       0.00 sys cpu s       0.00 wall s
TIDE Iteration 26 took      0.02 usr cpu s       0.06 sys cpu s       0.01 wall s
INDE     ITERATION 27 :
TIDE purify_X took      0.00 usr cpu s       0.00 sys cpu s       0.00 wall s
TIDE truncate_matrix took      0.00 usr cpu s       0.00 sys cpu s       0.00 wall s
INDE Actual introduced error   0.000000e+00 : nnz before  116964 <-> 100.00 % , nnz after  116964 <-> 100.00 %
TIDE square took      0.02 usr cpu s       0.04 sys cpu s       0.01 wall s
INDE NNZ Xsq = 116964 <-> 100.00 %
TIDE Frobenius norm of X-X^2 took      0.00 usr cpu s       0.00 sys cpu s       0.00 wall s
TIDE Mixed norm of X-X^2 took      0.00 usr cpu s       0.02 sys cpu s       0.00 wall s
TIDE Trace of X-X^2 took      0.00 usr cpu s       0.00 sys cpu s       0.00 wall s
INDE ||X-X^2||_F = 3.436160e-02 , ||X-X^2||_mixed = 2.955818e-02
INDE trace(X-X^2) = 1.172642e-01
INDE trace(X) = 4.707822e+01
INDE Checking stopping criterion...   
INDE e_i =2.955818e-02, C*e_{i-1}^q = 1.635238e-01
INDE Order of convergence = 2.914645, stop = 0
TIDE stopping_criterion took      0.00 usr cpu s       0.00 sys cpu s       0.00 wall s
TIDE Iteration 27 took      0.02 usr cpu s       0.06 sys cpu s       0.01 wall s
INDE     ITERATION 28 :
TIDE purify_X took      0.00 usr cpu s       0.00 sys cpu s       0.00 wall s
TIDE truncate_matrix took      0.00 usr cpu s       0.00 sys cpu s       0.00 wall s
INDE Actual introduced error   0.000000e+00 : nnz before  116964 <-> 100.00 % , nnz after  116964 <-> 100.00 %
TIDE square took      0.01 usr cpu s       0.04 sys cpu s       0.01 wall s
INDE NNZ Xsq = 116964 <-> 100.00 %
TIDE Frobenius norm of X-X^2 took      0.00 usr cpu s       0.00 sys cpu s       0.00 wall s
TIDE Mixed norm of X-X^2 took      0.00 usr cpu s       0.01 sys cpu s       0.00 wall s
TIDE Trace of X-X^2 took      0.00 usr cpu s       0.00 sys cpu s       0.00 wall s
INDE ||X-X^2||_F = 2.687596e-02 , ||X-X^2||_mixed = 2.659828e-02
INDE trace(X-X^2) = 4.034019e-02
INDE trace(X) = 4.696095e+01
INDE Checking stopping criterion...   
INDE Order of convergence cannot be computed
TIDE stopping_criterion took      0.00 usr cpu s       0.00 sys cpu s       0.00 wall s
TIDE Iteration 28 took      0.02 usr cpu s       0.06 sys cpu s       0.01 wall s
INDE     ITERATION 29 :
TIDE purify_X took      0.00 usr cpu s       0.00 sys cpu s       0.00 wall s
TIDE truncate_matrix took      0.00 usr cpu s       0.00 sys cpu s       0.00 wall s
INDE Actual introduced error   0.000000e+00 : nnz before  116964 <-> 100.00 % , nnz after  116964 <-> 100.00 %
TIDE square took      0.02 usr cpu s       0.04 sys cpu s       0.01 wall s
INDE NNZ Xsq = 116964 <-> 100.00 %
TIDE Frobenius norm of X-X^2 took      0.00 usr cpu s       0.00 sys cpu s       0.00 wall s
TIDE Mixed norm of X-X^2 took      0.00 usr cpu s       0.02 sys cpu s       0.00 wall s
TIDE Trace of X-X^2 took      0.00 usr cpu s       0.00 sys cpu s       0.00 wall s
INDE ||X-X^2||_F = 1.059275e-03 , ||X-X^2||_mixed = 9.559955e-04
INDE trace(X-X^2) = 2.794338e-03
INDE trace(X) = 4.700129e+01
INDE Checking stopping criterion...   
INDE e_i =9.559955e-04, C*e_{i-1}^q = 6.017252e-03
INDE Order of convergence = 2.522416, stop = 0
TIDE stopping_criterion took      0.00 usr cpu s       0.00 sys cpu s       0.00 wall s
TIDE Iteration 29 took      0.02 usr cpu s       0.06 sys cpu s       0.01 wall s
INDE     ITERATION 30 :
TIDE purify_X took      0.00 usr cpu s       0.00 sys cpu s       0.00 wall s
TIDE truncate_matrix took      0.00 usr cpu s       0.00 sys cpu s       0.00 wall s
INDE Actual introduced error   0.000000e+00 : nnz before  116964 <-> 100.00 % , nnz after  116964 <-> 100.00 %
TIDE square took      0.02 usr cpu s       0.03 sys cpu s       0.01 wall s
INDE NNZ Xsq = 116964 <-> 100.00 %
TIDE Frobenius norm of X-X^2 took      0.00 usr cpu s       0.00 sys cpu s       0.00 wall s
TIDE Mixed norm of X-X^2 took      0.00 usr cpu s       0.01 sys cpu s       0.00 wall s
TIDE Trace of X-X^2 took      0.00 usr cpu s       0.00 sys cpu s       0.00 wall s
INDE ||X-X^2||_F = 1.120812e-03 , ||X-X^2||_mixed = 1.113155e-03
INDE trace(X-X^2) = 1.503616e-03
INDE trace(X) = 4.699850e+01
INDE Checking stopping criterion...   
INDE e_i =1.113155e-03, C*e_{i-1}^q = 4.872477e-03
INDE Order of convergence = 2.407069, stop = 0
TIDE stopping_criterion took      0.00 usr cpu s       0.00 sys cpu s       0.00 wall s
TIDE Iteration 30 took      0.03 usr cpu s       0.04 sys cpu s       0.01 wall s
INDE     ITERATION 31 :
TIDE purify_X took      0.00 usr cpu s       0.00 sys cpu s       0.00 wall s
TIDE truncate_matrix took      0.00 usr cpu s       0.00 sys cpu s       0.00 wall s
INDE Actual introduced error   0.000000e+00 : nnz before  116964 <-> 100.00 % , nnz after  116964 <-> 100.00 %
TIDE square took      0.01 usr cpu s       0.05 sys cpu s       0.01 wall s
INDE NNZ Xsq = 116964 <-> 100.00 %
TIDE Frobenius norm of X-X^2 took      0.00 usr cpu s       0.00 sys cpu s       0.00 wall s
TIDE Mixed norm of X-X^2 took      0.00 usr cpu s       0.01 sys cpu s       0.00 wall s
TIDE Trace of X-X^2 took      0.00 usr cpu s       0.00 sys cpu s       0.00 wall s
INDE ||X-X^2||_F = 1.408668e-06 , ||X-X^2||_mixed = 1.348600e-06
INDE trace(X-X^2) = 2.875286e-06
INDE trace(X) = 4.700000e+01
INDE Checking stopping criterion...   
INDE e_i =1.348600e-06, C*e_{i-1}^q = 6.294401e-06
INDE Order of convergence = 2.221580, stop = 0
TIDE stopping_criterion took      0.00 usr cpu s       0.00 sys cpu s       0.00 wall s
TIDE Iteration 31 took      0.01 usr cpu s       0.06 sys cpu s       0.01 wall s
INDE     ITERATION 32 :
TIDE purify_X took      0.00 usr cpu s       0.00 sys cpu s       0.00 wall s
TIDE truncate_matrix took      0.00 usr cpu s       0.00 sys cpu s       0.00 wall s
INDE Actual introduced error   0.000000e+00 : nnz before  116964 <-> 100.00 % , nnz after  116964 <-> 100.00 %
TIDE square took      0.02 usr cpu s       0.04 sys cpu s       0.01 wall s
INDE NNZ Xsq = 116964 <-> 100.00 %
TIDE Frobenius norm of X-X^2 took      0.00 usr cpu s       0.00 sys cpu s       0.00 wall s
TIDE Mixed norm of X-X^2 took      0.00 usr cpu s       0.01 sys cpu s       0.00 wall s
TIDE Trace of X-X^2 took      0.00 usr cpu s       0.00 sys cpu s       0.00 wall s
INDE ||X-X^2||_F = 1.895522e-06 , ||X-X^2||_mixed = 1.768268e-06
INDE trace(X-X^2) = 3.233573e-06
INDE trace(X) = 4.700000e+01
INDE Checking stopping criterion...   
INDE Order of convergence cannot be computed
TIDE stopping_criterion took      0.00 usr cpu s       0.00 sys cpu s       0.00 wall s
TIDE Iteration 32 took      0.03 usr cpu s       0.05 sys cpu s       0.01 wall s
INDE     ITERATION 33 :
TIDE purify_X took      0.00 usr cpu s       0.00 sys cpu s       0.00 wall s
TIDE truncate_matrix took      0.00 usr cpu s       0.00 sys cpu s       0.00 wall s
INDE Actual introduced error   0.000000e+00 : nnz before  116964 <-> 100.00 % , nnz after  116964 <-> 100.00 %
TIDE square took      0.01 usr cpu s       0.04 sys cpu s       0.01 wall s
INDE NNZ Xsq = 116964 <-> 100.00 %
TIDE Frobenius norm of X-X^2 took      0.00 usr cpu s       0.00 sys cpu s       0.00 wall s
TIDE Mixed norm of X-X^2 took      0.00 usr cpu s       0.01 sys cpu s       0.00 wall s
TIDE Trace of X-X^2 took      0.00 usr cpu s       0.00 sys cpu s       0.00 wall s
INDE ||X-X^2||_F = 3.470620e-12 , ||X-X^2||_mixed = 3.387830e-12
INDE trace(X-X^2) = 5.755396e-12
INDE trace(X) = 4.700000e+01
INDE Checking stopping criterion...   
INDE e_i =3.387830e-12, C*e_{i-1}^q = 1.252590e-11
INDE Order of convergence = 2.096742, stop = 0
TIDE stopping_criterion took      0.00 usr cpu s       0.00 sys cpu s       0.00 wall s
TIDE Iteration 33 took      0.02 usr cpu s       0.05 sys cpu s       0.01 wall s
INDE     ITERATION 34 :
TIDE purify_X took      0.00 usr cpu s       0.00 sys cpu s       0.00 wall s
TIDE truncate_matrix took      0.00 usr cpu s       0.00 sys cpu s       0.00 wall s
INDE Actual introduced error   0.000000e+00 : nnz before  116964 <-> 100.00 % , nnz after  116964 <-> 100.00 %
TIDE square took      0.02 usr cpu s       0.03 sys cpu s       0.01 wall s
INDE NNZ Xsq = 116964 <-> 100.00 %
TIDE Frobenius norm of X-X^2 took      0.00 usr cpu s       0.00 sys cpu s       0.00 wall s
TIDE Mixed norm of X-X^2 took      0.00 usr cpu s       0.01 sys cpu s       0.00 wall s
TIDE Trace of X-X^2 took      0.00 usr cpu s       0.00 sys cpu s       0.00 wall s
INDE ||X-X^2||_F = 4.109999e-12 , ||X-X^2||_mixed = 4.109762e-12
INDE trace(X-X^2) = 4.348522e-12
INDE trace(X) = 4.700000e+01
INDE Checking stopping criterion...   
INDE Order of convergence cannot be computed
TIDE stopping_criterion took      0.00 usr cpu s       0.00 sys cpu s       0.00 wall s
TIDE Iteration 34 took      0.03 usr cpu s       0.04 sys cpu s       0.01 wall s
INDE     ITERATION 35 :
TIDE purify_X took      0.00 usr cpu s       0.00 sys cpu s       0.00 wall s
TIDE truncate_matrix took      0.00 usr cpu s       0.00 sys cpu s       0.00 wall s
INDE Actual introduced error   0.000000e+00 : nnz before  116964 <-> 100.00 % , nnz after  116964 <-> 100.00 %
TIDE square took      0.01 usr cpu s       0.04 sys cpu s       0.01 wall s
INDE NNZ Xsq = 116964 <-> 100.00 %
TIDE Frobenius norm of X-X^2 took      0.00 usr cpu s       0.00 sys cpu s       0.00 wall s
TIDE Mixed norm of X-X^2 took      0.00 usr cpu s       0.00 sys cpu s       0.00 wall s
TIDE Trace of X-X^2 took      0.00 usr cpu s       0.00 sys cpu s       0.00 wall s
INDE ||X-X^2||_F = 2.204657e-15 , ||X-X^2||_mixed = 0.000000e+00
INDE trace(X-X^2) = 0.000000e+00
INDE trace(X) = 4.700000e+01
INDE Checking stopping criterion...   
INDE ************************************************************************************************************
INDE The norm value went much below machine precision, therefore we stop here since n_max can be underestimated.
INDE ************************************************************************************************************
INDE e_i =0.000000e+00, C*e_{i-1}^q = 7.904708e-23
INDE Order of convergence = inf, stop = 1
TIDE stopping_criterion took      0.00 usr cpu s       0.00 sys cpu s       0.00 wall s
INDE PURIFICATION CONVERGED after 35 iterations
TIDE Iteration 35 took      0.02 usr cpu s       0.05 sys cpu s       0.01 wall s
INDE Number of non-zeros in D is  116964 <-> 100.00 %
TIDE FileWritable::writeAndReadAll took      0.00 usr cpu s       0.00 sys cpu s       0.00 wall s
INDE writeAndReadAll sizesStr: '0 MB (1 MatrixGeneral, 0 > 1 MB) + 0 MB (13 MatrixSymmetric, 0 > 1 MB) + 0 MB (2 VectorGeneral, 0 > 1 MB) = 0 MB (16 total, 0 > 1 MB)
INDE TOTAL accumulated subspace error is 0.000000e+00
INDE TOTAL X square time: 0.252317 wall s
INDE TOTAL X trunction time: 0.008754 wall s
INDE TOTAL X purify (exl. X^2 computation) time: 0.009142 wall s
INDE TOTAL time to get number of non-zero elements: 0.002026 wall s
INDE TOTAL time to get mixed norm: 0.084882 wall s
INDE TOTAL time to get Frobenius norm: 0.009679 wall s
INDE TOTAL time for stopping criterion: 0.002213 wall s
INDE TOTAL time to get matrix trace: 0.001115 wall s
INDE Estimated bounds for the eigenvalues for the Fock matrix:
INDE LUMO: [ 0.035549674100 , 0.056525214177 ]
INDE HOMO: [ -0.357278028462 , -0.348181595286 ]
TIDE eigenvalue_bounds_estimation() took      0.00 usr cpu s       0.00 sys cpu s       0.00 wall s
TIDE Recursive expansion took      1.02 usr cpu s       2.46 sys cpu s       0.45 wall s
TIDE Puri->PurificationStart() took      1.02 usr cpu s       2.46 sys cpu s       0.45 wall s
TIDE Accumulated wall times for writeToFile in PurificationStart()          : 9.5e-07 s (MatrixGeneral) + 1.9e-06 s (MatrixSymmetric) + 0.00013 s (VectorGeneral) = 0.00013 s
TIDE Accumulated wall times for readFromFile in PurificationStart()         : 0 s (MatrixGeneral) + 1.9e-06 s (MatrixSymmetric) + 6e-05 s (VectorGeneral) = 6.2e-05 s
TIDE Accumulated wall times for copy and assign in PurificationStart()      : 2.1e-06 s (MatrixSymmetric) + 5.5e-05 s (VectorGeneral) = 5.7e-05 s
INDE Number of calls to writeToFile in PurificationStart()                  : 2 (MatrixGeneral) + 27 (MatrixSymmetric) + 1515 (VectorGeneral) = 1544 
INDE Number of calls to readFromFile in PurificationStart()                 : 2 (MatrixGeneral) + 26 (MatrixSymmetric) + 606 (VectorGeneral) = 634 
INDE Number of calls to FileWritable copy and assign in PurificationStart() : 2 (MatrixSymmetric) + 37 (VectorGeneral) = 39 
TIDE mat::Gblas::time after purification :     2.228122
INDE Created .m files with results of the purification
INDE Purification converged OK, subspaceError <=          0.00000000000
INDE E(LUMO) - E(HOMO) >=          0.38373126939 =         10.44185983586 eV
INDE E(LUMO) - E(HOMO) <=          0.41380324264 =         11.26015991910 eV
INDE HOMO interval : [   -0.357278028462   -0.348181595286 ]
INDE LUMO interval : [    0.035549674100    0.056525214177 ]
INDE Trace of resulting density matrix is         47.00000000000, error is  -0.00000000000001.
INDE Truncated D_ort ( mixed ), selected threshold = 9.99999e-08, returned error =          0, nnz before = 116964 <-> 100.0000 %, nnz after = 116964 <-> 100.0000 %
TIDE FileWritable::writeAndReadAll took      0.00 usr cpu s       0.00 sys cpu s       0.00 wall s
INDE writeAndReadAll sizesStr: '0 MB (1 MatrixGeneral, 0 > 1 MB) + 0 MB (12 MatrixSymmetric, 0 > 1 MB) + 0 MB (1 MatrixTriangular, 0 > 1 MB) = 0 MB (14 total, 0 > 1 MB)
TIDE D_w to non-orthogonal basis took      0.01 usr cpu s       0.04 sys cpu s       0.01 wall s
INDE Truncated D_S (eucl with Z), selected threshold = 9.99999e-08, returned error =          0, nnz before = 100.0000 %, nnz after = 100.0000 %
INDE get_dens_from_fock_sparse ending OK
TIDE get_dens_from_fock_sparse took      1.31 usr cpu s       3.59 sys cpu s       0.63 wall s
ERDE get_dens_from_fock  (GetDensFromFock class) : purification finished OK.
TIDE get_dens_from_fock took      1.31 usr cpu s       3.60 sys cpu s       0.63 wall s
INSC Matrix 'new density matrix' ( symm ): n =    342, nnz =       116964 <-> 100.00 %, mem usage  0.0005 G
INSC Tr( D * S ) =         93.99999999994
TISC get_new_density_matrix took      1.31 usr cpu s       3.60 sys cpu s       0.63 wall s
INSC SCF_restricted::report_density_difference, diff_eucl =          0.00004893252
TISC SCF_restricted::report_density_difference took      0.02 usr cpu s       0.06 sys cpu s       0.01 wall s
INMA ddf_writeShellListAndDensityMatricesToFile_sparse, n =    342, densityMatrixList[0].nvalues =       58653
INMA opened temporary file 'density.bin.fHAHMC' for writing
INMA Choosing matrixStorageType = MATRIX_STORAGE_TYPE_TRIANGLE.
INMA fileSize =          560392 bytes =      0.560 MegaBytes
INMA renamed file 'density.bin.fHAHMC' to 'density.bin'
INMA ddf_writeShellListAndDensityMatricesToFile_sparse freeing buffer.
INMA ddf_writeShellListAndDensityMatricesToFile_sparse returning OK.
TISC write_density_to_file took      0.01 usr cpu s       0.05 sys cpu s       0.01 wall s
INSC Creating mtx file for Fock matrix
INSC Creating mtx file for density matrix
INSC SCF cycle  12 finished.
TISC SCF cycle  12 took   1156.65 usr cpu s       5.58 sys cpu s     182.13 wall s
INSC Beginning of SCF cycle 13:  Thu Mar 26 20:45:25 2026
INDE compute_J_by_boxes_sparse() start.
TIDE FileWritable::writeAndReadAll took      0.00 usr cpu s       0.00 sys cpu s       0.00 wall s
INDE writeAndReadAll: '0 MB (1 MatrixGeneral, 0 > 1 MB) + 0 MB (11 MatrixSymmetric, 0 > 1 MB) = 0 MB (12 total, 0 > 1 MB)
IN   compute_J_by_boxes_sparse, maxDensityMatrixElement =         22.35792631012
ININ get_basis_func_pair_list, n =    342
ININ create_box_system end OK, toplevelBoxSize:   7.0, #levels:  3, #boxes at top level:      6
TIIN get_basis_func_pair_list_2el took      0.16 usr cpu s       0.00 sys cpu s       0.16 wall s
IN   compute_J_by_boxes_sparse: noOfBasisFuncIndexPairs = 54626 ==> storing  46.70 % of a full matrix
ININ entering compute_J_by_boxes_linear, no of basis funcs =   342, threshold_J =   1e-16
ININ use_fmm = 1, fmm_box_size =   5.00
TIIN Compute extent for all distrs took      0.50 usr cpu s       0.00 sys cpu s       0.50 wall s
ININ extent_min =    0.000, extent_max =   22.744
ININ Creating list of distributions etc done, distrCount =    388106
TIIN Creating list of distributions etc took      0.73 usr cpu s       0.00 sys cpu s       0.73 wall s
ININ create_box_system end OK, toplevelBoxSize:   5.0, #levels:  3, #boxes at top level:     10
TIIN Creating boxes took      0.04 usr cpu s       0.00 sys cpu s       0.04 wall s
ININ noOfBranches = 6, splitters:  20.00 10.00  5.00  2.50  0.00
ININ J org done, groupCount =    16614
TIIN J org took      1.68 usr cpu s       0.00 sys cpu s       1.68 wall s
TIIN Generate group multipoles took      0.71 usr cpu s       0.00 sys cpu s       0.72 wall s
ININ totChargeWholeSystem =          0.00000000000
ININ Generating multipole for each branch at top level, MAX_MULTIPOLE_DEGREE = 15
TIIN Translate multipoles (step 1) took      0.51 usr cpu s       0.00 sys cpu s       0.51 wall s
TIIN Translate multipoles (step 2) took      0.10 usr cpu s       0.00 sys cpu s       0.10 wall s
ININ job lists for J created OK, noOfJobs_J_standard =     1733, noOfJobs_J_multipole =      193
TIIN Creating job lists for J took      0.00 usr cpu s       0.00 sys cpu s       0.00 wall s
ININ execute_joblist_J_std_threaded, noOfThreads =  8
ININ 8 threads started OK.
ININ all 8 threads have finished.
TIIN execute_joblist_J_std_threaded took    278.34 usr cpu s       0.17 sys cpu s      40.58 wall s
TIIN sort_list_of_multipole_jobs init part took      0.00 usr cpu s       0.00 sys cpu s       0.00 wall s
TIIN sort_list_of_multipole_jobs complete took      0.00 usr cpu s       0.00 sys cpu s       0.00 wall s
TIIN sort_list_of_multipole_jobs took      0.00 usr cpu s       0.00 sys cpu s       0.00 wall s
ININ execute_joblist_J_fmm_shared: Allocating multipoleList_4, maxnoOfMinimalDistrsPerBoxBranch =     63209
ININ execute_joblist_J_fmm_shared: Allocating multipoleList_4, maxnoOfMinimalDistrsPerBoxBranch =     63209
ININ execute_joblist_J_fmm_shared: jobIndexLo =            0, jobIndexHi =           24
ININ execute_joblist_J_fmm_shared: jobIndexLo =           24, jobIndexHi =           48
ININ execute_joblist_J_fmm_shared: Allocating multipoleList_4, maxnoOfMinimalDistrsPerBoxBranch =     63209
ININ execute_joblist_J_fmm_shared: Allocating multipoleList_4, maxnoOfMinimalDistrsPerBoxBranch =     63209
ININ execute_joblist_J_fmm_shared: jobIndexLo =           48, jobIndexHi =           72
ININ execute_joblist_J_fmm_shared: jobIndexLo =           72, jobIndexHi =           96
ININ execute_joblist_J_fmm_shared: Allocating multipoleList_4, maxnoOfMinimalDistrsPerBoxBranch =     63209
ININ execute_joblist_J_fmm_shared: jobIndexLo =           96, jobIndexHi =          120
ININ execute_joblist_J_fmm_shared: Allocating multipoleList_4, maxnoOfMinimalDistrsPerBoxBranch =     63209
ININ execute_joblist_J_fmm_shared: jobIndexLo =          120, jobIndexHi =          144
ININ execute_joblist_J_fmm_shared: Allocating multipoleList_4, maxnoOfMinimalDistrsPerBoxBranch =     63209
ININ execute_joblist_J_fmm_shared: jobIndexLo =          144, jobIndexHi =          168
ININ execute_joblist_J_fmm_shared: Allocating multipoleList_4, maxnoOfMinimalDistrsPerBoxBranch =     63209
ININ execute_joblist_J_fmm_shared: jobIndexLo =          168, jobIndexHi =          193
ININ execute_joblist_J_fmm_shared: done!
ININ execute_joblist_J_fmm_shared: done!
ININ execute_joblist_J_fmm_shared: done!
ININ execute_joblist_J_fmm_shared: done!
ININ execute_joblist_J_fmm_shared: done!
ININ execute_joblist_J_fmm_shared: done!
ININ execute_joblist_J_fmm_shared: done!
ININ execute_joblist_J_fmm_shared: done!
ININ multipole job list for J executed, largest L used: 11
TIIN Executing multipole job list for J took      0.64 usr cpu s       0.00 sys cpu s       0.25 wall s
ININ compute_J_by_boxes_linear ending OK.
TIIN compute_J_by_boxes_linear took    282.77 usr cpu s       0.17 sys cpu s      44.63 wall s
TI   compute_J_by_boxes_sparse total took    282.94 usr cpu s       0.17 sys cpu s      44.80 wall s
ININ entering create_CSR_for_K, no of basis funcs =   342, threshold_K =   1e-16
ININ create_box_system end OK, toplevelBoxSize:   7.0, #levels:  3, #boxes at top level:      6
ININ create_box_system end OK, toplevelBoxSize:   7.0, #levels:  3, #boxes at top level:      6
ININ create_box_system end OK, toplevelBoxSize:   7.0, #levels:  3, #boxes at top level:      6
TIIN create_CSR_for_K getting list of distrs took      0.45 usr cpu s       0.00 sys cpu s       0.45 wall s
ININ list of neighbors complete.
TIIN create_CSR_for_K getting list of neighbors took      0.00 usr cpu s       0.00 sys cpu s       0.00 wall s
TIIN create_CSR_for_K sort each list of neighbors took      0.06 usr cpu s       0.00 sys cpu s       0.06 wall s
ININ 8 threads started OK.
TIIN identify_needed_elements() took    698.77 usr cpu s       0.49 sys cpu s      90.78 wall s
ININ computing nnz..
ININ create_CSR_for_K: predicted nnz =        58653, <->  50.15% of a full matrix
TIIN create_CSR_for_K last part took      0.00 usr cpu s       0.00 sys cpu s       0.00 wall s
TIIN create_CSR_for_K total took    699.30 usr cpu s       0.49 sys cpu s      91.30 wall s
ININ entering compute_K_by_boxes, no of basis funcs =   342, threshold_K =   1e-16, exchange_box_size =   5.00
ININ create_box_system end OK, toplevelBoxSize:   7.0, #levels:  3, #boxes at top level:      6
ININ create_box_system end OK, toplevelBoxSize:   7.0, #levels:  3, #boxes at top level:      6
ININ create_box_system end OK, toplevelBoxSize:   7.0, #levels:  3, #boxes at top level:      6
TIIN Compute extent for all distrs took      0.50 usr cpu s       0.00 sys cpu s       0.50 wall s
ININ Creating list of distributions done, distrCountTot =    388106
TIIN Creating list of distributions took      0.78 usr cpu s       0.00 sys cpu s       0.78 wall s
ININ create_box_system end OK, toplevelBoxSize:   5.0, #levels:  3, #boxes at top level:     10
ININ create_box_system end OK, toplevelBoxSize:   2.5, #levels:  4, #boxes at top level:     16
ININ noOfLevelsBasisFuncs = 4, noOfLevelsDiff = 1
TIIN Creating boxes etc took      0.04 usr cpu s       0.00 sys cpu s       0.04 wall s
TIIN getting multipoleNormVectorList took      0.80 usr cpu s       0.00 sys cpu s       0.80 wall s
TIIN K organize_distributions for all boxes took      2.22 usr cpu s       0.00 sys cpu s       2.22 wall s
ININ starting loop to setup basisFuncGroupInfoList, with added index checks.
TIIN GetLimitsAllLevels took      0.34 usr cpu s       0.00 sys cpu s       0.34 wall s
ININ getDmatLimitMatrixCSRList start.
TIIN getting densityMatrixLimitMatrixList took      0.02 usr cpu s       0.00 sys cpu s       0.02 wall s
ININ job list for K created,       55 jobs
TIIN creating job list for K took      0.00 usr cpu s       0.00 sys cpu s       0.00 wall s
ININ execute_joblist_K_threaded, noOfThreads =  8, basisFuncListCount_max =   333
ININ 8 threads started OK.
ININ all 8 threads have finished, took       39 wall s.
TIIN Executing job list for K took    177.35 usr cpu s       0.06 sys cpu s      39.21 wall s
TIIN compute_K_by_boxes took    181.55 usr cpu s       0.06 sys cpu s      43.42 wall s
TI   compute_K_by_boxes_sparse total took    880.87 usr cpu s       0.54 sys cpu s     134.75 wall s
INSC About to truncate FockMatrix, gap of Fprev >=          0.38373126939
TISC symmMatrix::mixed_diff for F vs Fprev maxEigValMovement_mixed took      0.00 usr cpu s       0.00 sys cpu s       0.00 wall s
TISC symmMatrix::eucl_diff for maxEigValMovement_eucl  took      0.04 usr cpu s       0.13 sys cpu s       0.03 wall s
INSC maxEigValMovement_frob  =          0.00000675298
INSC maxEigValMovement_mixed =          0.00000603094
INSC maxEigValMovement_eucl  =          0.00000370562
TISC FockMatrix.eucl_thresh() (with Z) took      0.14 usr cpu s       0.49 sys cpu s       0.10 wall s
INSC Truncated FockMatrix (eucl with Z), selected threshold = 3.83724e-08, returned error =          0, nnz before = 100.0000 %, nnz after = 100.0000 %
INSC Matrix 'S' ( symm ): n =    342, nnz =       116964 <-> 100.00 %, mem usage  0.0005 G
INSC Matrix 'F' ( symm ): n =    342, nnz =       116964 <-> 100.00 %, mem usage  0.0005 G
INSC Matrix 'D' ( symm ): n =    342, nnz =       116964 <-> 100.00 %, mem usage  0.0005 G
INSC nuclearEnergy, energy_2el, energy = 782.160484, 1007.253418, -645.112846
INSC Energy  13 =       -645.11284581311  ( diff     -0.000000000002501 )
INSC calling compute_FDSminusSDF_sparse, n = 342
INDE compute_FDSminusSDF_sparse() start.
TIDE FileWritable::writeAndReadAll took      0.00 usr cpu s       0.00 sys cpu s       0.00 wall s
INDE writeAndReadAll: '0 MB (1 MatrixGeneral, 0 > 1 MB) + 0 MB (9 MatrixSymmetric, 0 > 1 MB) = 0 MB (10 total, 0 > 1 MB)
TISC compute_FDSminusSDF_sparse, F*D mult took      0.04 usr cpu s       0.06 sys cpu s       0.01 wall s
INSC Matrix 'FD before eucl truncation' (normal): n =    342, nnz =       116964 <-> 100.00 %, mem usage  0.0009 G
INSC Matrix 'FD after  eucl truncation' (normal): n =    342, nnz =       116964 <-> 100.00 %, mem usage  0.0009 G
INSC Matrix 'FDS before eucl truncation' (normal): n =    342, nnz =       116964 <-> 100.00 %, mem usage  0.0009 G
INSC Matrix 'FDS after  eucl truncation' (normal): n =    342, nnz =       116964 <-> 100.00 %, mem usage  0.0009 G
INSC compute_FDSminusSDF_sparse ending OK.
TISC compute_FDSminusSDF_sparse took      0.11 usr cpu s       0.33 sys cpu s       0.06 wall s
INSC Matrix 'FDS-SDF' (normal): n =    342, nnz =       116964 <-> 100.00 %, mem usage  0.0009 G
INSC SCF_restricted::get_FDSminusSDF finished.
TISC get_FDSminusSDF took      0.11 usr cpu s       0.33 sys cpu s       0.06 wall s
INSC maxabs FDS-SDF is 2.92e-07
INSC frob   FDS-SDF is 4.01e-06
TISC get_error_measure took      0.00 usr cpu s       0.01 sys cpu s       0.00 wall s
INSC entering DIISManagerRestricted::AddIterationToList, IterCount = 10
INSC DIISManagerRestricted::AddIterationToList ending OK.
TISC DIISManagerRestricted::AddIterationToList took      0.00 usr cpu s       0.03 sys cpu s       0.00 wall s
INSC using DIIS to get combined Fock matrix, number of iters used for DIIS: 10
TISC clear_error_matrices took      0.00 usr cpu s       0.00 sys cpu s       0.00 wall s
TISC save_current_fock_as_fprev took      0.00 usr cpu s       0.00 sys cpu s       0.00 wall s
INDE get_dens_from_fock_general, n = 342, use_diagonalization = 0, use_diag_on_error = 1
INDE Before writeAndReadAll(): AllocatorManager statistics:  noOfRealsPerBuffer: 1024 noOfBuffers: 20000 list.size(): 1. Allocated: 0.164 GB, Used: 0.0181 GB, Peak alloc: 0.164 GB.
TIDE FileWritable::writeAndReadAll took      0.00 usr cpu s       0.00 sys cpu s       0.00 wall s
INDE writeAndReadAll sizesStr: '0 MB (1 MatrixGeneral, 0 > 1 MB) + 0 MB (7 MatrixSymmetric, 0 > 1 MB) = 0 MB (8 total, 0 > 1 MB)
INDE After writeAndReadAll(): AllocatorManager statistics:  noOfRealsPerBuffer: 1024 noOfBuffers: 20000 list.size(): 1. Allocated: 0.164 GB, Used: 0.0181 GB, Peak alloc: 0.164 GB.
INDE calling get_dens_from_fock_sparse, n =    342, subspaceErrorLimit = 1e-06
INDE get_dens_from_fock_sparse() start!
INDE After F.readFromFile(): AllocatorManager statistics:  noOfRealsPerBuffer: 1024 noOfBuffers: 20000 list.size(): 1. Allocated: 0.164 GB, Used: 0.0181 GB, Peak alloc: 0.164 GB.
INDE After creating wrapper MatrixType F_w(F): AllocatorManager statistics:  noOfRealsPerBuffer: 1024 noOfBuffers: 20000 list.size(): 1. Allocated: 0.164 GB, Used: 0.0186 GB, Peak alloc: 0.164 GB.
TIDE  F_w to orthogonal basis took      0.02 usr cpu s       0.05 sys cpu s       0.01 wall s
TIDE MatrixType::mixed_diff for maxEigValMovement_mixed took      0.00 usr cpu s       0.01 sys cpu s       0.00 wall s
TIDE symmMatrixWrap::eucl_diff for maxEigValMovement_eucl  took      0.17 usr cpu s       0.59 sys cpu s       0.10 wall s
INDE maxEigValMovement_frob  =          0.00000359499
INDE maxEigValMovement_mixed =          0.00000253089
INDE maxEigValMovement_eucl  =          0.00000071978
INDE lumo before truncation: [ 0.035548954316 , 0.056525933961 ]
INDE homo before truncation: [ -0.357278748246 , -0.348180875502 ]
INDE Truncate matrix F and update intervals for homo and lumo.
INDE Truncating F_ort ( mixed ), selected threshold = 3.8373e-08
INDE Truncated F_ort ( mixed ), selected threshold = 3.8373e-08, returned error =          0, nnz before = 100.0000 %, nnz after = 100.0000 %
TIDE Truncation of F_ort took      0.00 usr cpu s       0.00 sys cpu s       0.00 wall s
INDE Chosen Ergo Wrapper
INDE Creating purification object: N = 342 , nocc = 47 , NNZ = 116964  <-> 100.00000 %
INDE Chosen norm for the truncation: 
INDE mixed
INDE Chosen norm for the stopping criterion: 
INDE mixed
INDE Chosen the NEW stopping criterion.
INDE Allowed error in subspace 7.000000e-07
INDE Chosen SP2 purification method
INDE calling Puri->PurificationStart(), number of threads = 1, trunc norm 'mixed'
TIDE gershgorin took      0.00 usr cpu s       0.01 sys cpu s       0.00 wall s
INDE Gershgorin bounds: [ -59.820858307732 , 100.436330582325 ]
INDE EXPANDED Gershgorin bounds: [ -59.820858322633 , 100.436330597226 ]
INDE Trying to impove bounds using Lanczos algorithm...
TIDE compute_spectrum_bounds took      0.10 usr cpu s       0.38 sys cpu s       0.08 wall s
INDE Spectrum of F: 	 [ -20.624839086601 , 51.715199740553 ]
INDE Transform homo and lumo bounds...
INDE HOMO bounds of X: 	 [ 0.719703520487 , 0.719829285871 ]
INDE LUMO bounds of X: 	 [ 0.714109014097 , 0.714398991542 ]
INDE INIT LUMO: [ 0.714109014097 , 0.714398991542 ]
INDE INIT HOMO: [ 0.280170714129 , 0.280296479513 ]
INDE ESTIMATED NUMBER OF ITERATIONS IS 35
INDE Put eigenvalues of F to the interval [0,1] in reverse order.
TIDE compute_X() took      0.00 usr cpu s       0.00 sys cpu s       0.00 wall s
TIDE prepare_to_purification() took      0.11 usr cpu s       0.38 sys cpu s       0.08 wall s
INDE (EIGV,PARAMS) Requested 0 occipied eigenpair(s).
INDE (EIGV,PARAMS) Requested 0 unoccipied eigenpair(s).
TIDE prepare_to_purification_eigenvectors() took      0.00 usr cpu s       0.00 sys cpu s       0.00 wall s
INDE Starting recursive expansion
INDE     BEFORE ITERATIONS:
TIDE truncate_matrix took      0.00 usr cpu s       0.00 sys cpu s       0.00 wall s
INDE Actual introduced error   0.000000e+00 : nnz before  116964 <-> 100.00 % , nnz after  116964 <-> 100.00 %
TIDE square took      0.01 usr cpu s       0.04 sys cpu s       0.01 wall s
INDE NNZ Xsq = 116964 <-> 100.00 %
TIDE Frobenius norm of X-X^2 took      0.00 usr cpu s       0.00 sys cpu s       0.00 wall s
TIDE Mixed norm of X-X^2 took      0.01 usr cpu s       0.01 sys cpu s       0.00 wall s
TIDE Trace of X-X^2 took      0.00 usr cpu s       0.00 sys cpu s       0.00 wall s
INDE ||X-X^2||_F = 3.852014e+00 , ||X-X^2||_mixed = 1.286053e+00
INDE trace(X-X^2) = 7.012956e+01
INDE trace(X) = 2.342456e+02
TIDE Iteration 0 took      0.02 usr cpu s       0.06 sys cpu s       0.01 wall s
TIDE FileWritable::writeAndReadAll took      0.00 usr cpu s       0.00 sys cpu s       0.00 wall s
INDE writeAndReadAll sizesStr: '0 MB (1 MatrixGeneral, 0 > 1 MB) + 0 MB (13 MatrixSymmetric, 0 > 1 MB) + 0 MB (2 VectorGeneral, 0 > 1 MB) = 0 MB (16 total, 0 > 1 MB)
INDE     ITERATION 1 :
TIDE purify_X took      0.00 usr cpu s       0.00 sys cpu s       0.00 wall s
TIDE truncate_matrix took      0.00 usr cpu s       0.00 sys cpu s       0.00 wall s
INDE Actual introduced error   0.000000e+00 : nnz before  116964 <-> 100.00 % , nnz after  116964 <-> 100.00 %
TIDE square took      0.02 usr cpu s       0.03 sys cpu s       0.01 wall s
INDE NNZ Xsq = 116964 <-> 100.00 %
TIDE Frobenius norm of X-X^2 took      0.00 usr cpu s       0.00 sys cpu s       0.00 wall s
TIDE Mixed norm of X-X^2 took      0.00 usr cpu s       0.02 sys cpu s       0.00 wall s
TIDE Trace of X-X^2 took      0.00 usr cpu s       0.00 sys cpu s       0.00 wall s
INDE ||X-X^2||_F = 4.467938e+00 , ||X-X^2||_mixed = 1.460677e+00
INDE trace(X-X^2) = 8.127625e+01
INDE trace(X) = 1.641160e+02
TIDE Iteration 1 took      0.03 usr cpu s       0.06 sys cpu s       0.01 wall s
INDE     ITERATION 2 :
TIDE purify_X took      0.00 usr cpu s       0.00 sys cpu s       0.00 wall s
TIDE truncate_matrix took      0.00 usr cpu s       0.00 sys cpu s       0.00 wall s
INDE Actual introduced error   0.000000e+00 : nnz before  116964 <-> 100.00 % , nnz after  116964 <-> 100.00 %
TIDE square took      0.01 usr cpu s       0.04 sys cpu s       0.01 wall s
INDE NNZ Xsq = 116964 <-> 100.00 %
TIDE Frobenius norm of X-X^2 took      0.00 usr cpu s       0.00 sys cpu s       0.00 wall s
TIDE Mixed norm of X-X^2 took      0.00 usr cpu s       0.02 sys cpu s       0.00 wall s
TIDE Trace of X-X^2 took      0.00 usr cpu s       0.00 sys cpu s       0.00 wall s
INDE ||X-X^2||_F = 3.254698e+00 , ||X-X^2||_mixed = 1.135626e+00
INDE trace(X-X^2) = 5.849020e+01
INDE trace(X) = 8.283977e+01
INDE Checking stopping criterion...   
INDE Order of convergence cannot be computed
TIDE stopping_criterion took      0.00 usr cpu s       0.00 sys cpu s       0.00 wall s
TIDE Iteration 2 took      0.02 usr cpu s       0.07 sys cpu s       0.01 wall s
INDE     ITERATION 3 :
TIDE purify_X took      0.00 usr cpu s       0.00 sys cpu s       0.00 wall s
TIDE truncate_matrix took      0.00 usr cpu s       0.00 sys cpu s       0.00 wall s
INDE Actual introduced error   0.000000e+00 : nnz before  116964 <-> 100.00 % , nnz after  116964 <-> 100.00 %
TIDE square took      0.01 usr cpu s       0.04 sys cpu s       0.01 wall s
INDE NNZ Xsq = 116964 <-> 100.00 %
TIDE Frobenius norm of X-X^2 took      0.00 usr cpu s       0.00 sys cpu s       0.00 wall s
TIDE Mixed norm of X-X^2 took      0.00 usr cpu s       0.02 sys cpu s       0.00 wall s
TIDE Trace of X-X^2 took      0.00 usr cpu s       0.00 sys cpu s       0.00 wall s
INDE ||X-X^2||_F = 4.290382e+00 , ||X-X^2||_mixed = 1.444683e+00
INDE trace(X-X^2) = 7.741617e+01
INDE trace(X) = 1.413300e+02
INDE Checking stopping criterion...   
INDE Order of convergence cannot be computed
TIDE stopping_criterion took      0.00 usr cpu s       0.00 sys cpu s       0.00 wall s
TIDE Iteration 3 took      0.02 usr cpu s       0.06 sys cpu s       0.01 wall s
INDE     ITERATION 4 :
TIDE purify_X took      0.00 usr cpu s       0.00 sys cpu s       0.00 wall s
TIDE truncate_matrix took      0.00 usr cpu s       0.00 sys cpu s       0.00 wall s
INDE Actual introduced error   0.000000e+00 : nnz before  116964 <-> 100.00 % , nnz after  116964 <-> 100.00 %
TIDE square took      0.02 usr cpu s       0.04 sys cpu s       0.01 wall s
INDE NNZ Xsq = 116964 <-> 100.00 %
TIDE Frobenius norm of X-X^2 took      0.00 usr cpu s       0.00 sys cpu s       0.00 wall s
TIDE Mixed norm of X-X^2 took      0.00 usr cpu s       0.02 sys cpu s       0.00 wall s
TIDE Trace of X-X^2 took      0.00 usr cpu s       0.00 sys cpu s       0.00 wall s
INDE ||X-X^2||_F = 4.003286e+00 , ||X-X^2||_mixed = 1.405987e+00
INDE trace(X-X^2) = 7.177920e+01
INDE trace(X) = 2.187461e+02
INDE Checking stopping criterion...   
INDE Order of convergence cannot be computed
TIDE stopping_criterion took      0.00 usr cpu s       0.00 sys cpu s       0.00 wall s
TIDE Iteration 4 took      0.02 usr cpu s       0.06 sys cpu s       0.01 wall s
INDE     ITERATION 5 :
TIDE purify_X took      0.00 usr cpu s       0.00 sys cpu s       0.00 wall s
TIDE truncate_matrix took      0.00 usr cpu s       0.00 sys cpu s       0.00 wall s
INDE Actual introduced error   0.000000e+00 : nnz before  116964 <-> 100.00 % , nnz after  116964 <-> 100.00 %
TIDE square took      0.03 usr cpu s       0.03 sys cpu s       0.01 wall s
INDE NNZ Xsq = 116964 <-> 100.00 %
TIDE Frobenius norm of X-X^2 took      0.00 usr cpu s       0.00 sys cpu s       0.00 wall s
TIDE Mixed norm of X-X^2 took      0.00 usr cpu s       0.02 sys cpu s       0.00 wall s
TIDE Trace of X-X^2 took      0.00 usr cpu s       0.00 sys cpu s       0.00 wall s
INDE ||X-X^2||_F = 4.268876e+00 , ||X-X^2||_mixed = 1.493204e+00
INDE trace(X-X^2) = 7.626113e+01
INDE trace(X) = 1.469669e+02
INDE Checking stopping criterion...   
INDE Order of convergence cannot be computed
TIDE stopping_criterion took      0.00 usr cpu s       0.00 sys cpu s       0.00 wall s
TIDE Iteration 5 took      0.04 usr cpu s       0.05 sys cpu s       0.01 wall s
INDE     ITERATION 6 :
TIDE purify_X took      0.00 usr cpu s       0.00 sys cpu s       0.00 wall s
TIDE truncate_matrix took      0.00 usr cpu s       0.00 sys cpu s       0.00 wall s
INDE Actual introduced error   0.000000e+00 : nnz before  116964 <-> 100.00 % , nnz after  116964 <-> 100.00 %
TIDE square took      0.02 usr cpu s       0.04 sys cpu s       0.01 wall s
INDE NNZ Xsq = 116964 <-> 100.00 %
TIDE Frobenius norm of X-X^2 took      0.00 usr cpu s       0.00 sys cpu s       0.00 wall s
TIDE Mixed norm of X-X^2 took      0.00 usr cpu s       0.02 sys cpu s       0.00 wall s
TIDE Trace of X-X^2 took      0.00 usr cpu s       0.00 sys cpu s       0.00 wall s
INDE ||X-X^2||_F = 2.734227e+00 , ||X-X^2||_mixed = 1.096789e+00
INDE trace(X-X^2) = 4.779601e+01
INDE trace(X) = 7.070581e+01
INDE Checking stopping criterion...   
INDE Order of convergence cannot be computed
TIDE stopping_criterion took      0.00 usr cpu s       0.00 sys cpu s       0.00 wall s
TIDE Iteration 6 took      0.03 usr cpu s       0.06 sys cpu s       0.01 wall s
INDE     ITERATION 7 :
TIDE purify_X took      0.00 usr cpu s       0.00 sys cpu s       0.00 wall s
TIDE truncate_matrix took      0.00 usr cpu s       0.00 sys cpu s       0.00 wall s
INDE Actual introduced error   0.000000e+00 : nnz before  116964 <-> 100.00 % , nnz after  116964 <-> 100.00 %
TIDE square took      0.01 usr cpu s       0.04 sys cpu s       0.01 wall s
INDE NNZ Xsq = 116964 <-> 100.00 %
TIDE Frobenius norm of X-X^2 took      0.00 usr cpu s       0.00 sys cpu s       0.00 wall s
TIDE Mixed norm of X-X^2 took      0.01 usr cpu s       0.02 sys cpu s       0.00 wall s
TIDE Trace of X-X^2 took      0.00 usr cpu s       0.00 sys cpu s       0.00 wall s
INDE ||X-X^2||_F = 3.850807e+00 , ||X-X^2||_mixed = 1.464409e+00
INDE trace(X-X^2) = 6.763986e+01
INDE trace(X) = 1.185018e+02
INDE Checking stopping criterion...   
INDE Order of convergence cannot be computed
TIDE stopping_criterion took      0.00 usr cpu s       0.00 sys cpu s       0.00 wall s
TIDE Iteration 7 took      0.02 usr cpu s       0.06 sys cpu s       0.01 wall s
INDE     ITERATION 8 :
TIDE purify_X took      0.00 usr cpu s       0.00 sys cpu s       0.00 wall s
TIDE truncate_matrix took      0.00 usr cpu s       0.00 sys cpu s       0.00 wall s
INDE Actual introduced error   0.000000e+00 : nnz before  116964 <-> 100.00 % , nnz after  116964 <-> 100.00 %
TIDE square took      0.01 usr cpu s       0.04 sys cpu s       0.01 wall s
INDE NNZ Xsq = 116964 <-> 100.00 %
TIDE Frobenius norm of X-X^2 took      0.00 usr cpu s       0.00 sys cpu s       0.00 wall s
TIDE Mixed norm of X-X^2 took      0.01 usr cpu s       0.01 sys cpu s       0.00 wall s
TIDE Trace of X-X^2 took      0.00 usr cpu s       0.00 sys cpu s       0.00 wall s
INDE ||X-X^2||_F = 4.120478e+00 , ||X-X^2||_mixed = 1.498159e+00
INDE trace(X-X^2) = 7.299921e+01
INDE trace(X) = 1.861417e+02
INDE Checking stopping criterion...   
INDE Order of convergence cannot be computed
TIDE stopping_criterion took      0.00 usr cpu s       0.00 sys cpu s       0.00 wall s
TIDE Iteration 8 took      0.02 usr cpu s       0.06 sys cpu s       0.01 wall s
INDE     ITERATION 9 :
TIDE purify_X took      0.00 usr cpu s       0.00 sys cpu s       0.00 wall s
TIDE truncate_matrix took      0.00 usr cpu s       0.00 sys cpu s       0.00 wall s
INDE Actual introduced error   0.000000e+00 : nnz before  116964 <-> 100.00 % , nnz after  116964 <-> 100.00 %
TIDE square took      0.01 usr cpu s       0.04 sys cpu s       0.01 wall s
INDE NNZ Xsq = 116964 <-> 100.00 %
TIDE Frobenius norm of X-X^2 took      0.00 usr cpu s       0.00 sys cpu s       0.00 wall s
TIDE Mixed norm of X-X^2 took      0.01 usr cpu s       0.01 sys cpu s       0.00 wall s
TIDE Trace of X-X^2 took      0.00 usr cpu s       0.00 sys cpu s       0.00 wall s
INDE ||X-X^2||_F = 3.665700e+00 , ||X-X^2||_mixed = 1.504887e+00
INDE trace(X-X^2) = 6.284350e+01
INDE trace(X) = 1.131425e+02
INDE Checking stopping criterion...   
INDE Order of convergence cannot be computed
TIDE stopping_criterion took      0.00 usr cpu s       0.00 sys cpu s       0.00 wall s
TIDE Iteration 9 took      0.02 usr cpu s       0.06 sys cpu s       0.01 wall s
INDE     ITERATION 10 :
TIDE purify_X took      0.00 usr cpu s       0.00 sys cpu s       0.00 wall s
TIDE truncate_matrix took      0.00 usr cpu s       0.00 sys cpu s       0.00 wall s
INDE Actual introduced error   0.000000e+00 : nnz before  116964 <-> 100.00 % , nnz after  116964 <-> 100.00 %
TIDE square took      0.01 usr cpu s       0.04 sys cpu s       0.01 wall s
INDE NNZ Xsq = 116964 <-> 100.00 %
TIDE Frobenius norm of X-X^2 took      0.00 usr cpu s       0.00 sys cpu s       0.00 wall s
TIDE Mixed norm of X-X^2 took      0.00 usr cpu s       0.02 sys cpu s       0.00 wall s
TIDE Trace of X-X^2 took      0.00 usr cpu s       0.00 sys cpu s       0.00 wall s
INDE ||X-X^2||_F = 3.888186e+00 , ||X-X^2||_mixed = 1.520339e+00
INDE trace(X-X^2) = 6.812285e+01
INDE trace(X) = 1.759860e+02
INDE Checking stopping criterion...   
INDE Order of convergence cannot be computed
TIDE stopping_criterion took      0.00 usr cpu s       0.00 sys cpu s       0.00 wall s
TIDE Iteration 10 took      0.02 usr cpu s       0.06 sys cpu s       0.01 wall s
INDE     ITERATION 11 :
TIDE purify_X took      0.00 usr cpu s       0.00 sys cpu s       0.00 wall s
TIDE truncate_matrix took      0.00 usr cpu s       0.00 sys cpu s       0.00 wall s
INDE Actual introduced error   0.000000e+00 : nnz before  116964 <-> 100.00 % , nnz after  116964 <-> 100.00 %
TIDE square took      0.01 usr cpu s       0.05 sys cpu s       0.01 wall s
INDE NNZ Xsq = 116964 <-> 100.00 %
TIDE Frobenius norm of X-X^2 took      0.00 usr cpu s       0.00 sys cpu s       0.00 wall s
TIDE Mixed norm of X-X^2 took      0.00 usr cpu s       0.02 sys cpu s       0.00 wall s
TIDE Trace of X-X^2 took      0.00 usr cpu s       0.00 sys cpu s       0.00 wall s
INDE ||X-X^2||_F = 3.436155e+00 , ||X-X^2||_mixed = 1.550221e+00
INDE trace(X-X^2) = 5.634730e+01
INDE trace(X) = 1.078631e+02
INDE Checking stopping criterion...   
INDE Order of convergence cannot be computed
TIDE stopping_criterion took      0.00 usr cpu s       0.00 sys cpu s       0.00 wall s
TIDE Iteration 11 took      0.02 usr cpu s       0.07 sys cpu s       0.01 wall s
INDE     ITERATION 12 :
TIDE purify_X took      0.00 usr cpu s       0.00 sys cpu s       0.00 wall s
TIDE truncate_matrix took      0.00 usr cpu s       0.00 sys cpu s       0.00 wall s
INDE Actual introduced error   0.000000e+00 : nnz before  116964 <-> 100.00 % , nnz after  116964 <-> 100.00 %
TIDE square took      0.02 usr cpu s       0.04 sys cpu s       0.01 wall s
INDE NNZ Xsq = 116964 <-> 100.00 %
TIDE Frobenius norm of X-X^2 took      0.00 usr cpu s       0.00 sys cpu s       0.00 wall s
TIDE Mixed norm of X-X^2 took      0.01 usr cpu s       0.01 sys cpu s       0.00 wall s
TIDE Trace of X-X^2 took      0.00 usr cpu s       0.00 sys cpu s       0.00 wall s
INDE ||X-X^2||_F = 2.134020e+00 , ||X-X^2||_mixed = 1.203842e+00
INDE trace(X-X^2) = 2.958069e+01
INDE trace(X) = 5.151583e+01
INDE Checking stopping criterion...   
INDE Order of convergence cannot be computed
TIDE stopping_criterion took      0.00 usr cpu s       0.00 sys cpu s       0.00 wall s
TIDE Iteration 12 took      0.03 usr cpu s       0.05 sys cpu s       0.01 wall s
INDE     ITERATION 13 :
TIDE purify_X took      0.00 usr cpu s       0.00 sys cpu s       0.00 wall s
TIDE truncate_matrix took      0.00 usr cpu s       0.00 sys cpu s       0.00 wall s
INDE Actual introduced error   0.000000e+00 : nnz before  116964 <-> 100.00 % , nnz after  116964 <-> 100.00 %
TIDE square took      0.02 usr cpu s       0.03 sys cpu s       0.01 wall s
INDE NNZ Xsq = 116964 <-> 100.00 %
TIDE Frobenius norm of X-X^2 took      0.00 usr cpu s       0.00 sys cpu s       0.00 wall s
TIDE Mixed norm of X-X^2 took      0.01 usr cpu s       0.01 sys cpu s       0.00 wall s
TIDE Trace of X-X^2 took      0.00 usr cpu s       0.00 sys cpu s       0.00 wall s
INDE ||X-X^2||_F = 2.856446e+00 , ||X-X^2||_mixed = 1.476453e+00
INDE trace(X-X^2) = 4.203469e+01
INDE trace(X) = 8.109652e+01
INDE Checking stopping criterion...   
INDE Order of convergence cannot be computed
TIDE stopping_criterion took      0.00 usr cpu s       0.00 sys cpu s       0.00 wall s
TIDE Iteration 13 took      0.03 usr cpu s       0.05 sys cpu s       0.01 wall s
INDE     ITERATION 14 :
TIDE purify_X took      0.00 usr cpu s       0.00 sys cpu s       0.00 wall s
TIDE truncate_matrix took      0.00 usr cpu s       0.00 sys cpu s       0.00 wall s
INDE Actual introduced error   0.000000e+00 : nnz before  116964 <-> 100.00 % , nnz after  116964 <-> 100.00 %
TIDE square took      0.02 usr cpu s       0.04 sys cpu s       0.01 wall s
INDE NNZ Xsq = 116964 <-> 100.00 %
TIDE Frobenius norm of X-X^2 took      0.00 usr cpu s       0.00 sys cpu s       0.00 wall s
TIDE Mixed norm of X-X^2 took      0.00 usr cpu s       0.02 sys cpu s       0.00 wall s
TIDE Trace of X-X^2 took      0.00 usr cpu s       0.00 sys cpu s       0.00 wall s
INDE ||X-X^2||_F = 3.137433e+00 , ||X-X^2||_mixed = 1.633222e+00
INDE trace(X-X^2) = 4.810057e+01
INDE trace(X) = 1.231312e+02
INDE Checking stopping criterion...   
INDE Order of convergence cannot be computed
TIDE stopping_criterion took      0.00 usr cpu s       0.00 sys cpu s       0.00 wall s
TIDE Iteration 14 took      0.02 usr cpu s       0.06 sys cpu s       0.01 wall s
INDE     ITERATION 15 :
TIDE purify_X took      0.00 usr cpu s       0.00 sys cpu s       0.00 wall s
TIDE truncate_matrix took      0.00 usr cpu s       0.00 sys cpu s       0.00 wall s
INDE Actual introduced error   0.000000e+00 : nnz before  116964 <-> 100.00 % , nnz after  116964 <-> 100.00 %
TIDE square took      0.02 usr cpu s       0.04 sys cpu s       0.01 wall s
INDE NNZ Xsq = 116964 <-> 100.00 %
TIDE Frobenius norm of X-X^2 took      0.00 usr cpu s       0.00 sys cpu s       0.00 wall s
TIDE Mixed norm of X-X^2 took      0.01 usr cpu s       0.01 sys cpu s       0.00 wall s
TIDE Trace of X-X^2 took      0.00 usr cpu s       0.00 sys cpu s       0.00 wall s
INDE ||X-X^2||_F = 2.538327e+00 , ||X-X^2||_mixed = 1.427881e+00
INDE trace(X-X^2) = 3.388155e+01
INDE trace(X) = 7.503064e+01
INDE Checking stopping criterion...   
INDE Order of convergence cannot be computed
TIDE stopping_criterion took      0.00 usr cpu s       0.00 sys cpu s       0.00 wall s
TIDE Iteration 15 took      0.03 usr cpu s       0.05 sys cpu s       0.01 wall s
INDE     ITERATION 16 :
TIDE purify_X took      0.00 usr cpu s       0.00 sys cpu s       0.00 wall s
TIDE truncate_matrix took      0.00 usr cpu s       0.00 sys cpu s       0.00 wall s
INDE Actual introduced error   0.000000e+00 : nnz before  116964 <-> 100.00 % , nnz after  116964 <-> 100.00 %
TIDE square took      0.03 usr cpu s       0.03 sys cpu s       0.01 wall s
INDE NNZ Xsq = 116964 <-> 100.00 %
TIDE Frobenius norm of X-X^2 took      0.00 usr cpu s       0.00 sys cpu s       0.00 wall s
TIDE Mixed norm of X-X^2 took      0.00 usr cpu s       0.02 sys cpu s       0.00 wall s
TIDE Trace of X-X^2 took      0.00 usr cpu s       0.00 sys cpu s       0.00 wall s
INDE ||X-X^2||_F = 2.741272e+00 , ||X-X^2||_mixed = 1.619469e+00
INDE trace(X-X^2) = 3.724942e+01
INDE trace(X) = 1.089122e+02
INDE Checking stopping criterion...   
INDE Order of convergence cannot be computed
TIDE stopping_criterion took      0.00 usr cpu s       0.00 sys cpu s       0.00 wall s
TIDE Iteration 16 took      0.04 usr cpu s       0.05 sys cpu s       0.01 wall s
INDE     ITERATION 17 :
TIDE purify_X took      0.00 usr cpu s       0.00 sys cpu s       0.00 wall s
TIDE truncate_matrix took      0.00 usr cpu s       0.00 sys cpu s       0.00 wall s
INDE Actual introduced error   0.000000e+00 : nnz before  116964 <-> 100.00 % , nnz after  116964 <-> 100.00 %
TIDE square took      0.01 usr cpu s       0.04 sys cpu s       0.01 wall s
INDE NNZ Xsq = 116964 <-> 100.00 %
TIDE Frobenius norm of X-X^2 took      0.00 usr cpu s       0.00 sys cpu s       0.00 wall s
TIDE Mixed norm of X-X^2 took      0.00 usr cpu s       0.02 sys cpu s       0.00 wall s
TIDE Trace of X-X^2 took      0.00 usr cpu s       0.00 sys cpu s       0.00 wall s
INDE ||X-X^2||_F = 2.196867e+00 , ||X-X^2||_mixed = 1.348216e+00
INDE trace(X-X^2) = 2.633768e+01
INDE trace(X) = 7.166277e+01
INDE Checking stopping criterion...   
INDE Order of convergence cannot be computed
TIDE stopping_criterion took      0.00 usr cpu s       0.00 sys cpu s       0.00 wall s
TIDE Iteration 17 took      0.02 usr cpu s       0.06 sys cpu s       0.01 wall s
INDE     ITERATION 18 :
TIDE purify_X took      0.00 usr cpu s       0.00 sys cpu s       0.00 wall s
TIDE truncate_matrix took      0.00 usr cpu s       0.00 sys cpu s       0.00 wall s
INDE Actual introduced error   0.000000e+00 : nnz before  116964 <-> 100.00 % , nnz after  116964 <-> 100.00 %
TIDE square took      0.02 usr cpu s       0.03 sys cpu s       0.01 wall s
INDE NNZ Xsq = 116964 <-> 100.00 %
TIDE Frobenius norm of X-X^2 took      0.00 usr cpu s       0.00 sys cpu s       0.00 wall s
TIDE Mixed norm of X-X^2 took      0.00 usr cpu s       0.02 sys cpu s       0.00 wall s
TIDE Trace of X-X^2 took      0.00 usr cpu s       0.00 sys cpu s       0.00 wall s
INDE ||X-X^2||_F = 1.503685e+00 , ||X-X^2||_mixed = 1.049197e+00
INDE trace(X-X^2) = 1.465039e+01
INDE trace(X) = 4.532509e+01
INDE Checking stopping criterion...   
INDE Order of convergence cannot be computed
TIDE stopping_criterion took      0.00 usr cpu s       0.00 sys cpu s       0.00 wall s
TIDE Iteration 18 took      0.02 usr cpu s       0.05 sys cpu s       0.01 wall s
INDE     ITERATION 19 :
TIDE purify_X took      0.00 usr cpu s       0.00 sys cpu s       0.00 wall s
TIDE truncate_matrix took      0.00 usr cpu s       0.00 sys cpu s       0.00 wall s
INDE Actual introduced error   0.000000e+00 : nnz before  116964 <-> 100.00 % , nnz after  116964 <-> 100.00 %
TIDE square took      0.02 usr cpu s       0.04 sys cpu s       0.01 wall s
INDE NNZ Xsq = 116964 <-> 100.00 %
TIDE Frobenius norm of X-X^2 took      0.00 usr cpu s       0.00 sys cpu s       0.00 wall s
TIDE Mixed norm of X-X^2 took      0.00 usr cpu s       0.02 sys cpu s       0.00 wall s
TIDE Trace of X-X^2 took      0.00 usr cpu s       0.00 sys cpu s       0.00 wall s
INDE ||X-X^2||_F = 1.606133e+00 , ||X-X^2||_mixed = 1.077413e+00
INDE trace(X-X^2) = 1.666802e+01
INDE trace(X) = 5.997547e+01
INDE Checking stopping criterion...   
INDE Order of convergence cannot be computed
TIDE stopping_criterion took      0.00 usr cpu s       0.00 sys cpu s       0.00 wall s
TIDE Iteration 19 took      0.03 usr cpu s       0.06 sys cpu s       0.01 wall s
INDE     ITERATION 20 :
TIDE purify_X took      0.00 usr cpu s       0.00 sys cpu s       0.00 wall s
TIDE truncate_matrix took      0.00 usr cpu s       0.00 sys cpu s       0.00 wall s
INDE Actual introduced error   0.000000e+00 : nnz before  116964 <-> 100.00 % , nnz after  116964 <-> 100.00 %
TIDE square took      0.01 usr cpu s       0.05 sys cpu s       0.01 wall s
INDE NNZ Xsq = 116964 <-> 100.00 %
TIDE Frobenius norm of X-X^2 took      0.00 usr cpu s       0.00 sys cpu s       0.00 wall s
TIDE Mixed norm of X-X^2 took      0.01 usr cpu s       0.01 sys cpu s       0.00 wall s
TIDE Trace of X-X^2 took      0.00 usr cpu s       0.00 sys cpu s       0.00 wall s
INDE ||X-X^2||_F = 1.109688e+00 , ||X-X^2||_mixed = 8.472663e-01
INDE trace(X-X^2) = 8.649410e+00
INDE trace(X) = 4.330746e+01
INDE Checking stopping criterion...   
INDE Order of convergence cannot be computed
TIDE stopping_criterion took      0.00 usr cpu s       0.00 sys cpu s       0.00 wall s
TIDE Iteration 20 took      0.02 usr cpu s       0.06 sys cpu s       0.01 wall s
INDE     ITERATION 21 :
TIDE purify_X took      0.00 usr cpu s       0.00 sys cpu s       0.00 wall s
TIDE truncate_matrix took      0.00 usr cpu s       0.00 sys cpu s       0.00 wall s
INDE Actual introduced error   0.000000e+00 : nnz before  116964 <-> 100.00 % , nnz after  116964 <-> 100.00 %
TIDE square took      0.01 usr cpu s       0.05 sys cpu s       0.01 wall s
INDE NNZ Xsq = 116964 <-> 100.00 %
TIDE Frobenius norm of X-X^2 took      0.00 usr cpu s       0.00 sys cpu s       0.00 wall s
TIDE Mixed norm of X-X^2 took      0.00 usr cpu s       0.02 sys cpu s       0.00 wall s
TIDE Trace of X-X^2 took      0.00 usr cpu s       0.00 sys cpu s       0.00 wall s
INDE ||X-X^2||_F = 9.694016e-01 , ||X-X^2||_mixed = 7.162068e-01
INDE trace(X-X^2) = 8.394740e+00
INDE trace(X) = 5.195687e+01
INDE Checking stopping criterion...   
INDE Order of convergence cannot be computed
TIDE stopping_criterion took      0.00 usr cpu s       0.00 sys cpu s       0.00 wall s
TIDE Iteration 21 took      0.02 usr cpu s       0.07 sys cpu s       0.01 wall s
INDE     ITERATION 22 :
TIDE purify_X took      0.00 usr cpu s       0.00 sys cpu s       0.00 wall s
TIDE truncate_matrix took      0.00 usr cpu s       0.00 sys cpu s       0.00 wall s
INDE Actual introduced error   0.000000e+00 : nnz before  116964 <-> 100.00 % , nnz after  116964 <-> 100.00 %
TIDE square took      0.03 usr cpu s       0.03 sys cpu s       0.01 wall s
INDE NNZ Xsq = 116964 <-> 100.00 %
TIDE Frobenius norm of X-X^2 took      0.00 usr cpu s       0.00 sys cpu s       0.00 wall s
TIDE Mixed norm of X-X^2 took      0.00 usr cpu s       0.02 sys cpu s       0.00 wall s
TIDE Trace of X-X^2 took      0.00 usr cpu s       0.00 sys cpu s       0.00 wall s
INDE ||X-X^2||_F = 1.308114e+00 , ||X-X^2||_mixed = 9.750828e-01
INDE trace(X-X^2) = 1.060333e+01
INDE trace(X) = 6.035161e+01
INDE Checking stopping criterion...   
INDE Order of convergence cannot be computed
TIDE stopping_criterion took      0.00 usr cpu s       0.00 sys cpu s       0.00 wall s
TIDE Iteration 22 took      0.03 usr cpu s       0.05 sys cpu s       0.01 wall s
INDE     ITERATION 23 :
TIDE purify_X took      0.00 usr cpu s       0.00 sys cpu s       0.00 wall s
TIDE truncate_matrix took      0.00 usr cpu s       0.00 sys cpu s       0.00 wall s
INDE Actual introduced error   0.000000e+00 : nnz before  116964 <-> 100.00 % , nnz after  116964 <-> 100.00 %
TIDE square took      0.01 usr cpu s       0.04 sys cpu s       0.01 wall s
INDE NNZ Xsq = 116964 <-> 100.00 %
TIDE Frobenius norm of X-X^2 took      0.00 usr cpu s       0.00 sys cpu s       0.00 wall s
TIDE Mixed norm of X-X^2 took      0.01 usr cpu s       0.01 sys cpu s       0.00 wall s
TIDE Trace of X-X^2 took      0.00 usr cpu s       0.00 sys cpu s       0.00 wall s
INDE ||X-X^2||_F = 5.528656e-01 , ||X-X^2||_mixed = 4.415057e-01
INDE trace(X-X^2) = 3.713742e+00
INDE trace(X) = 4.974828e+01
INDE Checking stopping criterion...   
INDE e_i =4.415057e-01, C*e_{i-1}^q = 3.532805e+00
INDE Order of convergence = 8.230503, stop = 0
TIDE stopping_criterion took      0.00 usr cpu s       0.00 sys cpu s       0.00 wall s
TIDE Iteration 23 took      0.02 usr cpu s       0.06 sys cpu s       0.01 wall s
INDE     ITERATION 24 :
TIDE purify_X took      0.00 usr cpu s       0.00 sys cpu s       0.00 wall s
TIDE truncate_matrix took      0.00 usr cpu s       0.00 sys cpu s       0.00 wall s
INDE Actual introduced error   0.000000e+00 : nnz before  116964 <-> 100.00 % , nnz after  116964 <-> 100.00 %
TIDE square took      0.02 usr cpu s       0.04 sys cpu s       0.01 wall s
INDE NNZ Xsq = 116964 <-> 100.00 %
TIDE Frobenius norm of X-X^2 took      0.00 usr cpu s       0.00 sys cpu s       0.00 wall s
TIDE Mixed norm of X-X^2 took      0.01 usr cpu s       0.01 sys cpu s       0.00 wall s
TIDE Trace of X-X^2 took      0.00 usr cpu s       0.00 sys cpu s       0.00 wall s
INDE ||X-X^2||_F = 3.562246e-01 , ||X-X^2||_mixed = 3.225723e-01
INDE trace(X-X^2) = 1.459674e+00
INDE trace(X) = 4.603454e+01
INDE Checking stopping criterion...   
INDE Order of convergence cannot be computed
TIDE stopping_criterion took      0.00 usr cpu s       0.00 sys cpu s       0.00 wall s
TIDE Iteration 24 took      0.03 usr cpu s       0.05 sys cpu s       0.01 wall s
INDE     ITERATION 25 :
TIDE purify_X took      0.00 usr cpu s       0.00 sys cpu s       0.00 wall s
TIDE truncate_matrix took      0.00 usr cpu s       0.00 sys cpu s       0.00 wall s
INDE Actual introduced error   0.000000e+00 : nnz before  116964 <-> 100.00 % , nnz after  116964 <-> 100.00 %
TIDE square took      0.01 usr cpu s       0.04 sys cpu s       0.01 wall s
INDE NNZ Xsq = 116964 <-> 100.00 %
TIDE Frobenius norm of X-X^2 took      0.00 usr cpu s       0.00 sys cpu s       0.00 wall s
TIDE Mixed norm of X-X^2 took      0.00 usr cpu s       0.02 sys cpu s       0.00 wall s
TIDE Trace of X-X^2 took      0.00 usr cpu s       0.00 sys cpu s       0.00 wall s
INDE ||X-X^2||_F = 1.792346e-01 , ||X-X^2||_mixed = 1.540878e-01
INDE trace(X-X^2) = 8.442894e-01
INDE trace(X) = 4.749421e+01
INDE Checking stopping criterion...   
INDE e_i =1.540878e-01, C*e_{i-1}^q = 1.342503e+00
INDE Order of convergence = 4.647826, stop = 0
TIDE stopping_criterion took      0.00 usr cpu s       0.00 sys cpu s       0.00 wall s
TIDE Iteration 25 took      0.02 usr cpu s       0.06 sys cpu s       0.01 wall s
INDE     ITERATION 26 :
TIDE purify_X took      0.00 usr cpu s       0.00 sys cpu s       0.00 wall s
TIDE truncate_matrix took      0.00 usr cpu s       0.00 sys cpu s       0.00 wall s
INDE Actual introduced error   0.000000e+00 : nnz before  116964 <-> 100.00 % , nnz after  116964 <-> 100.00 %
TIDE square took      0.01 usr cpu s       0.04 sys cpu s       0.01 wall s
INDE NNZ Xsq = 116964 <-> 100.00 %
TIDE Frobenius norm of X-X^2 took      0.00 usr cpu s       0.00 sys cpu s       0.00 wall s
TIDE Mixed norm of X-X^2 took      0.00 usr cpu s       0.02 sys cpu s       0.00 wall s
TIDE Trace of X-X^2 took      0.00 usr cpu s       0.00 sys cpu s       0.00 wall s
INDE ||X-X^2||_F = 2.835699e-01 , ||X-X^2||_mixed = 2.369038e-01
INDE trace(X-X^2) = 1.260287e+00
INDE trace(X) = 4.833850e+01
INDE Checking stopping criterion...   
INDE Order of convergence cannot be computed
TIDE stopping_criterion took      0.00 usr cpu s       0.00 sys cpu s       0.00 wall s
TIDE Iteration 26 took      0.02 usr cpu s       0.06 sys cpu s       0.01 wall s
INDE     ITERATION 27 :
TIDE purify_X took      0.00 usr cpu s       0.00 sys cpu s       0.00 wall s
TIDE truncate_matrix took      0.00 usr cpu s       0.00 sys cpu s       0.00 wall s
INDE Actual introduced error   0.000000e+00 : nnz before  116964 <-> 100.00 % , nnz after  116964 <-> 100.00 %
TIDE square took      0.01 usr cpu s       0.05 sys cpu s       0.01 wall s
INDE NNZ Xsq = 116964 <-> 100.00 %
TIDE Frobenius norm of X-X^2 took      0.00 usr cpu s       0.00 sys cpu s       0.00 wall s
TIDE Mixed norm of X-X^2 took      0.00 usr cpu s       0.01 sys cpu s       0.00 wall s
TIDE Trace of X-X^2 took      0.00 usr cpu s       0.00 sys cpu s       0.00 wall s
INDE ||X-X^2||_F = 3.436137e-02 , ||X-X^2||_mixed = 2.955801e-02
INDE trace(X-X^2) = 1.172634e-01
INDE trace(X) = 4.707821e+01
INDE Checking stopping criterion...   
INDE e_i =2.955801e-02, C*e_{i-1}^q = 1.635232e-01
INDE Order of convergence = 2.914645, stop = 0
TIDE stopping_criterion took      0.00 usr cpu s       0.00 sys cpu s       0.00 wall s
TIDE Iteration 27 took      0.01 usr cpu s       0.07 sys cpu s       0.01 wall s
INDE     ITERATION 28 :
TIDE purify_X took      0.00 usr cpu s       0.00 sys cpu s       0.00 wall s
TIDE truncate_matrix took      0.00 usr cpu s       0.00 sys cpu s       0.00 wall s
INDE Actual introduced error   0.000000e+00 : nnz before  116964 <-> 100.00 % , nnz after  116964 <-> 100.00 %
TIDE square took      0.01 usr cpu s       0.04 sys cpu s       0.01 wall s
INDE NNZ Xsq = 116964 <-> 100.00 %
TIDE Frobenius norm of X-X^2 took      0.00 usr cpu s       0.00 sys cpu s       0.00 wall s
TIDE Mixed norm of X-X^2 took      0.00 usr cpu s       0.01 sys cpu s       0.00 wall s
TIDE Trace of X-X^2 took      0.00 usr cpu s       0.00 sys cpu s       0.00 wall s
INDE ||X-X^2||_F = 2.687616e-02 , ||X-X^2||_mixed = 2.659848e-02
INDE trace(X-X^2) = 4.034048e-02
INDE trace(X) = 4.696095e+01
INDE Checking stopping criterion...   
INDE Order of convergence cannot be computed
TIDE stopping_criterion took      0.00 usr cpu s       0.00 sys cpu s       0.00 wall s
TIDE Iteration 28 took      0.02 usr cpu s       0.06 sys cpu s       0.01 wall s
INDE     ITERATION 29 :
TIDE purify_X took      0.00 usr cpu s       0.00 sys cpu s       0.00 wall s
TIDE truncate_matrix took      0.00 usr cpu s       0.00 sys cpu s       0.00 wall s
INDE Actual introduced error   0.000000e+00 : nnz before  116964 <-> 100.00 % , nnz after  116964 <-> 100.00 %
TIDE square took      0.03 usr cpu s       0.02 sys cpu s       0.01 wall s
INDE NNZ Xsq = 116964 <-> 100.00 %
TIDE Frobenius norm of X-X^2 took      0.00 usr cpu s       0.00 sys cpu s       0.00 wall s
TIDE Mixed norm of X-X^2 took      0.00 usr cpu s       0.02 sys cpu s       0.00 wall s
TIDE Trace of X-X^2 took      0.00 usr cpu s       0.00 sys cpu s       0.00 wall s
INDE ||X-X^2||_F = 1.059266e-03 , ||X-X^2||_mixed = 9.559883e-04
INDE trace(X-X^2) = 2.794310e-03
INDE trace(X) = 4.700129e+01
INDE Checking stopping criterion...   
INDE e_i =9.559883e-04, C*e_{i-1}^q = 6.017181e-03
INDE Order of convergence = 2.522414, stop = 0
TIDE stopping_criterion took      0.00 usr cpu s       0.00 sys cpu s       0.00 wall s
TIDE Iteration 29 took      0.03 usr cpu s       0.05 sys cpu s       0.01 wall s
INDE     ITERATION 30 :
TIDE purify_X took      0.00 usr cpu s       0.00 sys cpu s       0.00 wall s
TIDE truncate_matrix took      0.00 usr cpu s       0.00 sys cpu s       0.00 wall s
INDE Actual introduced error   0.000000e+00 : nnz before  116964 <-> 100.00 % , nnz after  116964 <-> 100.00 %
TIDE square took      0.01 usr cpu s       0.04 sys cpu s       0.01 wall s
INDE NNZ Xsq = 116964 <-> 100.00 %
TIDE Frobenius norm of X-X^2 took      0.00 usr cpu s       0.00 sys cpu s       0.00 wall s
TIDE Mixed norm of X-X^2 took      0.00 usr cpu s       0.01 sys cpu s       0.00 wall s
TIDE Trace of X-X^2 took      0.00 usr cpu s       0.00 sys cpu s       0.00 wall s
INDE ||X-X^2||_F = 1.120828e-03 , ||X-X^2||_mixed = 1.113171e-03
INDE trace(X-X^2) = 1.503639e-03
INDE trace(X) = 4.699850e+01
INDE Checking stopping criterion...   
INDE e_i =1.113171e-03, C*e_{i-1}^q = 4.872549e-03
INDE Order of convergence = 2.407070, stop = 0
TIDE stopping_criterion took      0.00 usr cpu s       0.00 sys cpu s       0.00 wall s
TIDE Iteration 30 took      0.02 usr cpu s       0.06 sys cpu s       0.01 wall s
INDE     ITERATION 31 :
TIDE purify_X took      0.00 usr cpu s       0.00 sys cpu s       0.00 wall s
TIDE truncate_matrix took      0.00 usr cpu s       0.00 sys cpu s       0.00 wall s
INDE Actual introduced error   0.000000e+00 : nnz before  116964 <-> 100.00 % , nnz after  116964 <-> 100.00 %
TIDE square took      0.01 usr cpu s       0.04 sys cpu s       0.01 wall s
INDE NNZ Xsq = 116964 <-> 100.00 %
TIDE Frobenius norm of X-X^2 took      0.00 usr cpu s       0.00 sys cpu s       0.00 wall s
TIDE Mixed norm of X-X^2 took      0.00 usr cpu s       0.01 sys cpu s       0.00 wall s
TIDE Trace of X-X^2 took      0.00 usr cpu s       0.00 sys cpu s       0.00 wall s
INDE ||X-X^2||_F = 1.408666e-06 , ||X-X^2||_mixed = 1.348601e-06
INDE trace(X-X^2) = 2.875262e-06
INDE trace(X) = 4.700000e+01
INDE Checking stopping criterion...   
INDE e_i =1.348601e-06, C*e_{i-1}^q = 6.294307e-06
INDE Order of convergence = 2.221578, stop = 0
TIDE stopping_criterion took      0.00 usr cpu s       0.00 sys cpu s       0.00 wall s
TIDE Iteration 31 took      0.02 usr cpu s       0.06 sys cpu s       0.01 wall s
INDE     ITERATION 32 :
TIDE purify_X took      0.00 usr cpu s       0.00 sys cpu s       0.00 wall s
TIDE truncate_matrix took      0.00 usr cpu s       0.00 sys cpu s       0.00 wall s
INDE Actual introduced error   0.000000e+00 : nnz before  116964 <-> 100.00 % , nnz after  116964 <-> 100.00 %
TIDE square took      0.02 usr cpu s       0.04 sys cpu s       0.01 wall s
INDE NNZ Xsq = 116964 <-> 100.00 %
TIDE Frobenius norm of X-X^2 took      0.00 usr cpu s       0.00 sys cpu s       0.00 wall s
TIDE Mixed norm of X-X^2 took      0.01 usr cpu s       0.01 sys cpu s       0.00 wall s
TIDE Trace of X-X^2 took      0.00 usr cpu s       0.00 sys cpu s       0.00 wall s
INDE ||X-X^2||_F = 1.895452e-06 , ||X-X^2||_mixed = 1.768203e-06
INDE trace(X-X^2) = 3.233453e-06
INDE trace(X) = 4.700000e+01
INDE Checking stopping criterion...   
INDE Order of convergence cannot be computed
TIDE stopping_criterion took      0.00 usr cpu s       0.00 sys cpu s       0.00 wall s
TIDE Iteration 32 took      0.03 usr cpu s       0.05 sys cpu s       0.01 wall s
INDE     ITERATION 33 :
TIDE purify_X took      0.00 usr cpu s       0.00 sys cpu s       0.00 wall s
TIDE truncate_matrix took      0.00 usr cpu s       0.00 sys cpu s       0.00 wall s
INDE Actual introduced error   0.000000e+00 : nnz before  116964 <-> 100.00 % , nnz after  116964 <-> 100.00 %
TIDE square took      0.02 usr cpu s       0.03 sys cpu s       0.01 wall s
INDE NNZ Xsq = 116964 <-> 100.00 %
TIDE Frobenius norm of X-X^2 took      0.00 usr cpu s       0.00 sys cpu s       0.00 wall s
TIDE Mixed norm of X-X^2 took      0.00 usr cpu s       0.01 sys cpu s       0.00 wall s
TIDE Trace of X-X^2 took      0.00 usr cpu s       0.00 sys cpu s       0.00 wall s
INDE ||X-X^2||_F = 3.470532e-12 , ||X-X^2||_mixed = 3.387735e-12
INDE trace(X-X^2) = 5.783818e-12
INDE trace(X) = 4.700000e+01
INDE Checking stopping criterion...   
INDE e_i =3.387735e-12, C*e_{i-1}^q = 1.252592e-11
INDE Order of convergence = 2.096744, stop = 0
TIDE stopping_criterion took      0.00 usr cpu s       0.00 sys cpu s       0.00 wall s
TIDE Iteration 33 took      0.03 usr cpu s       0.05 sys cpu s       0.01 wall s
INDE     ITERATION 34 :
TIDE purify_X took      0.00 usr cpu s       0.00 sys cpu s       0.00 wall s
TIDE truncate_matrix took      0.00 usr cpu s       0.00 sys cpu s       0.00 wall s
INDE Actual introduced error   0.000000e+00 : nnz before  116964 <-> 100.00 % , nnz after  116964 <-> 100.00 %
TIDE square took      0.01 usr cpu s       0.04 sys cpu s       0.01 wall s
INDE NNZ Xsq = 116964 <-> 100.00 %
TIDE Frobenius norm of X-X^2 took      0.00 usr cpu s       0.00 sys cpu s       0.00 wall s
TIDE Mixed norm of X-X^2 took      0.00 usr cpu s       0.01 sys cpu s       0.00 wall s
TIDE Trace of X-X^2 took      0.00 usr cpu s       0.00 sys cpu s       0.00 wall s
INDE ||X-X^2||_F = 4.110303e-12 , ||X-X^2||_mixed = 4.110066e-12
INDE trace(X-X^2) = 4.341416e-12
INDE trace(X) = 4.700000e+01
INDE Checking stopping criterion...   
INDE Order of convergence cannot be computed
TIDE stopping_criterion took      0.00 usr cpu s       0.00 sys cpu s       0.00 wall s
TIDE Iteration 34 took      0.02 usr cpu s       0.06 sys cpu s       0.01 wall s
INDE     ITERATION 35 :
TIDE purify_X took      0.00 usr cpu s       0.00 sys cpu s       0.00 wall s
TIDE truncate_matrix took      0.00 usr cpu s       0.00 sys cpu s       0.00 wall s
INDE Actual introduced error   0.000000e+00 : nnz before  116964 <-> 100.00 % , nnz after  116964 <-> 100.00 %
TIDE square took      0.02 usr cpu s       0.03 sys cpu s       0.01 wall s
INDE NNZ Xsq = 116964 <-> 100.00 %
TIDE Frobenius norm of X-X^2 took      0.00 usr cpu s       0.00 sys cpu s       0.00 wall s
TIDE Mixed norm of X-X^2 took      0.00 usr cpu s       0.00 sys cpu s       0.00 wall s
TIDE Trace of X-X^2 took      0.00 usr cpu s       0.00 sys cpu s       0.00 wall s
INDE ||X-X^2||_F = 2.206971e-15 , ||X-X^2||_mixed = 0.000000e+00
INDE trace(X-X^2) = 0.000000e+00
INDE trace(X) = 4.700000e+01
INDE Checking stopping criterion...   
INDE ************************************************************************************************************
INDE The norm value went much below machine precision, therefore we stop here since n_max can be underestimated.
INDE ************************************************************************************************************
INDE e_i =0.000000e+00, C*e_{i-1}^q = 7.904266e-23
INDE Order of convergence = inf, stop = 1
TIDE stopping_criterion took      0.00 usr cpu s       0.00 sys cpu s       0.00 wall s
INDE PURIFICATION CONVERGED after 35 iterations
TIDE Iteration 35 took      0.02 usr cpu s       0.05 sys cpu s       0.01 wall s
INDE Number of non-zeros in D is  116964 <-> 100.00 %
TIDE FileWritable::writeAndReadAll took      0.00 usr cpu s       0.00 sys cpu s       0.00 wall s
INDE writeAndReadAll sizesStr: '0 MB (1 MatrixGeneral, 0 > 1 MB) + 0 MB (13 MatrixSymmetric, 0 > 1 MB) + 0 MB (2 VectorGeneral, 0 > 1 MB) = 0 MB (16 total, 0 > 1 MB)
INDE TOTAL accumulated subspace error is 0.000000e+00
INDE TOTAL X square time: 0.248743 wall s
INDE TOTAL X trunction time: 0.009103 wall s
INDE TOTAL X purify (exl. X^2 computation) time: 0.009828 wall s
INDE TOTAL time to get number of non-zero elements: 0.002393 wall s
INDE TOTAL time to get mixed norm: 0.085468 wall s
INDE TOTAL time to get Frobenius norm: 0.009430 wall s
INDE TOTAL time for stopping criterion: 0.003204 wall s
INDE TOTAL time to get matrix trace: 0.001379 wall s
INDE Estimated bounds for the eigenvalues for the Fock matrix:
INDE LUMO: [ 0.035549678247 , 0.056525111947 ]
INDE HOMO: [ -0.357278101541 , -0.348181679860 ]
TIDE eigenvalue_bounds_estimation() took      0.00 usr cpu s       0.00 sys cpu s       0.00 wall s
TIDE Recursive expansion took      0.99 usr cpu s       2.48 sys cpu s       0.46 wall s
TIDE Puri->PurificationStart() took      0.99 usr cpu s       2.48 sys cpu s       0.46 wall s
TIDE Accumulated wall times for writeToFile in PurificationStart()          : 0 s (MatrixGeneral) + 9.5e-07 s (MatrixSymmetric) + 0.00012 s (VectorGeneral) = 0.00012 s
TIDE Accumulated wall times for readFromFile in PurificationStart()         : 0 s (MatrixGeneral) + 3.8e-06 s (MatrixSymmetric) + 5.4e-05 s (VectorGeneral) = 5.7e-05 s
TIDE Accumulated wall times for copy and assign in PurificationStart()      : 2.9e-06 s (MatrixSymmetric) + 5.7e-05 s (VectorGeneral) = 6e-05 s
INDE Number of calls to writeToFile in PurificationStart()                  : 2 (MatrixGeneral) + 27 (MatrixSymmetric) + 1468 (VectorGeneral) = 1497 
INDE Number of calls to readFromFile in PurificationStart()                 : 2 (MatrixGeneral) + 26 (MatrixSymmetric) + 562 (VectorGeneral) = 590 
INDE Number of calls to FileWritable copy and assign in PurificationStart() : 2 (MatrixSymmetric) + 37 (VectorGeneral) = 39 
TIDE mat::Gblas::time after purification :     2.191202
INDE Created .m files with results of the purification
INDE Purification converged OK, subspaceError <=          0.00000000000
INDE E(LUMO) - E(HOMO) >=          0.38373135811 =         10.44186225008 eV
INDE E(LUMO) - E(HOMO) <=          0.41380321349 =         11.26015912586 eV
INDE HOMO interval : [   -0.357278101541   -0.348181679860 ]
INDE LUMO interval : [    0.035549678247    0.056525111947 ]
INDE Trace of resulting density matrix is         47.00000000000, error is   0.00000000000001.
INDE Truncated D_ort ( mixed ), selected threshold = 9.99999e-08, returned error =          0, nnz before = 116964 <-> 100.0000 %, nnz after = 116964 <-> 100.0000 %
TIDE FileWritable::writeAndReadAll took      0.00 usr cpu s       0.00 sys cpu s       0.00 wall s
INDE writeAndReadAll sizesStr: '0 MB (1 MatrixGeneral, 0 > 1 MB) + 0 MB (12 MatrixSymmetric, 0 > 1 MB) + 0 MB (1 MatrixTriangular, 0 > 1 MB) = 0 MB (14 total, 0 > 1 MB)
TIDE D_w to non-orthogonal basis took      0.01 usr cpu s       0.04 sys cpu s       0.01 wall s
INDE Truncated D_S (eucl with Z), selected threshold = 9.99999e-08, returned error =          0, nnz before = 100.0000 %, nnz after = 100.0000 %
INDE get_dens_from_fock_sparse ending OK
TIDE get_dens_from_fock_sparse took      1.35 usr cpu s       3.84 sys cpu s       0.68 wall s
ERDE get_dens_from_fock  (GetDensFromFock class) : purification finished OK.
TIDE get_dens_from_fock took      1.36 usr cpu s       3.84 sys cpu s       0.68 wall s
INSC Matrix 'new density matrix' ( symm ): n =    342, nnz =       116964 <-> 100.00 %, mem usage  0.0005 G
INSC Tr( D * S ) =         93.99999999995
TISC get_new_density_matrix took      1.36 usr cpu s       3.84 sys cpu s       0.68 wall s
INSC SCF_restricted::report_density_difference, diff_eucl =          0.00004585913
TISC SCF_restricted::report_density_difference took      0.02 usr cpu s       0.07 sys cpu s       0.01 wall s
INMA ddf_writeShellListAndDensityMatricesToFile_sparse, n =    342, densityMatrixList[0].nvalues =       58653
INMA opened temporary file 'density.bin.3eJcvX' for writing
INMA Choosing matrixStorageType = MATRIX_STORAGE_TYPE_TRIANGLE.
INMA fileSize =          560392 bytes =      0.560 MegaBytes
INMA renamed file 'density.bin.3eJcvX' to 'density.bin'
INMA ddf_writeShellListAndDensityMatricesToFile_sparse freeing buffer.
INMA ddf_writeShellListAndDensityMatricesToFile_sparse returning OK.
TISC write_density_to_file took      0.01 usr cpu s       0.04 sys cpu s       0.01 wall s
INSC Creating mtx file for Fock matrix
INSC Creating mtx file for density matrix
INSC SCF cycle  13 finished.
TISC SCF cycle  13 took   1165.78 usr cpu s       6.12 sys cpu s     180.78 wall s
INSC Beginning of SCF cycle 14:  Thu Mar 26 20:48:26 2026
INDE compute_J_by_boxes_sparse() start.
TIDE FileWritable::writeAndReadAll took      0.00 usr cpu s       0.00 sys cpu s       0.00 wall s
INDE writeAndReadAll: '0 MB (1 MatrixGeneral, 0 > 1 MB) + 0 MB (11 MatrixSymmetric, 0 > 1 MB) = 0 MB (12 total, 0 > 1 MB)
IN   compute_J_by_boxes_sparse, maxDensityMatrixElement =         22.35794800888
ININ get_basis_func_pair_list, n =    342
ININ create_box_system end OK, toplevelBoxSize:   7.0, #levels:  3, #boxes at top level:      6
TIIN get_basis_func_pair_list_2el took      0.16 usr cpu s       0.00 sys cpu s       0.16 wall s
IN   compute_J_by_boxes_sparse: noOfBasisFuncIndexPairs = 54626 ==> storing  46.70 % of a full matrix
ININ entering compute_J_by_boxes_linear, no of basis funcs =   342, threshold_J =   1e-16
ININ use_fmm = 1, fmm_box_size =   5.00
TIIN Compute extent for all distrs took      0.50 usr cpu s       0.00 sys cpu s       0.50 wall s
ININ extent_min =    0.000, extent_max =   22.744
ININ Creating list of distributions etc done, distrCount =    388106
TIIN Creating list of distributions etc took      0.72 usr cpu s       0.00 sys cpu s       0.72 wall s
ININ create_box_system end OK, toplevelBoxSize:   5.0, #levels:  3, #boxes at top level:     10
TIIN Creating boxes took      0.04 usr cpu s       0.00 sys cpu s       0.04 wall s
ININ noOfBranches = 6, splitters:  20.00 10.00  5.00  2.50  0.00
ININ J org done, groupCount =    16614
TIIN J org took      1.68 usr cpu s       0.00 sys cpu s       1.68 wall s
TIIN Generate group multipoles took      0.71 usr cpu s       0.00 sys cpu s       0.71 wall s
ININ totChargeWholeSystem =          0.00000000000
ININ Generating multipole for each branch at top level, MAX_MULTIPOLE_DEGREE = 15
TIIN Translate multipoles (step 1) took      0.49 usr cpu s       0.00 sys cpu s       0.49 wall s
TIIN Translate multipoles (step 2) took      0.10 usr cpu s       0.00 sys cpu s       0.10 wall s
ININ job lists for J created OK, noOfJobs_J_standard =     1733, noOfJobs_J_multipole =      193
TIIN Creating job lists for J took      0.00 usr cpu s       0.00 sys cpu s       0.00 wall s
ININ execute_joblist_J_std_threaded, noOfThreads =  8
ININ 8 threads started OK.
ININ all 8 threads have finished.
TIIN execute_joblist_J_std_threaded took    274.10 usr cpu s       0.20 sys cpu s      42.85 wall s
TIIN sort_list_of_multipole_jobs init part took      0.00 usr cpu s       0.00 sys cpu s       0.00 wall s
TIIN sort_list_of_multipole_jobs complete took      0.00 usr cpu s       0.00 sys cpu s       0.00 wall s
TIIN sort_list_of_multipole_jobs took      0.00 usr cpu s       0.00 sys cpu s       0.00 wall s
ININ execute_joblist_J_fmm_shared: Allocating multipoleList_4, maxnoOfMinimalDistrsPerBoxBranch =     63209
ININ execute_joblist_J_fmm_shared: Allocating multipoleList_4, maxnoOfMinimalDistrsPerBoxBranch =     63209
ININ execute_joblist_J_fmm_shared: jobIndexLo =           24, jobIndexHi =           48
ININ execute_joblist_J_fmm_shared: jobIndexLo =            0, jobIndexHi =           24
ININ execute_joblist_J_fmm_shared: Allocating multipoleList_4, maxnoOfMinimalDistrsPerBoxBranch =     63209
ININ execute_joblist_J_fmm_shared: Allocating multipoleList_4, maxnoOfMinimalDistrsPerBoxBranch =     63209
ININ execute_joblist_J_fmm_shared: jobIndexLo =           48, jobIndexHi =           72
ININ execute_joblist_J_fmm_shared: jobIndexLo =           72, jobIndexHi =           96
ININ execute_joblist_J_fmm_shared: Allocating multipoleList_4, maxnoOfMinimalDistrsPerBoxBranch =     63209
ININ execute_joblist_J_fmm_shared: jobIndexLo =           96, jobIndexHi =          120
ININ execute_joblist_J_fmm_shared: Allocating multipoleList_4, maxnoOfMinimalDistrsPerBoxBranch =     63209
ININ execute_joblist_J_fmm_shared: jobIndexLo =          120, jobIndexHi =          144
ININ execute_joblist_J_fmm_shared: Allocating multipoleList_4, maxnoOfMinimalDistrsPerBoxBranch =     63209
ININ execute_joblist_J_fmm_shared: jobIndexLo =          144, jobIndexHi =          168
ININ execute_joblist_J_fmm_shared: Allocating multipoleList_4, maxnoOfMinimalDistrsPerBoxBranch =     63209
ININ execute_joblist_J_fmm_shared: jobIndexLo =          168, jobIndexHi =          193
ININ execute_joblist_J_fmm_shared: done!
ININ execute_joblist_J_fmm_shared: done!
ININ execute_joblist_J_fmm_shared: done!
ININ execute_joblist_J_fmm_shared: done!
ININ execute_joblist_J_fmm_shared: done!
ININ execute_joblist_J_fmm_shared: done!
ININ execute_joblist_J_fmm_shared: done!
ININ execute_joblist_J_fmm_shared: done!
ININ multipole job list for J executed, largest L used: 11
TIIN Executing multipole job list for J took      0.64 usr cpu s       0.00 sys cpu s       0.25 wall s
ININ compute_J_by_boxes_linear ending OK.
TIIN compute_J_by_boxes_linear took    278.50 usr cpu s       0.20 sys cpu s      46.88 wall s
TI   compute_J_by_boxes_sparse total took    278.67 usr cpu s       0.20 sys cpu s      47.05 wall s
ININ entering create_CSR_for_K, no of basis funcs =   342, threshold_K =   1e-16
ININ create_box_system end OK, toplevelBoxSize:   7.0, #levels:  3, #boxes at top level:      6
ININ create_box_system end OK, toplevelBoxSize:   7.0, #levels:  3, #boxes at top level:      6
ININ create_box_system end OK, toplevelBoxSize:   7.0, #levels:  3, #boxes at top level:      6
TIIN create_CSR_for_K getting list of distrs took      0.46 usr cpu s       0.00 sys cpu s       0.46 wall s
ININ list of neighbors complete.
TIIN create_CSR_for_K getting list of neighbors took      0.00 usr cpu s       0.00 sys cpu s       0.00 wall s
TIIN create_CSR_for_K sort each list of neighbors took      0.06 usr cpu s       0.00 sys cpu s       0.06 wall s
ININ 8 threads started OK.
TIIN identify_needed_elements() took    697.44 usr cpu s       0.43 sys cpu s      90.42 wall s
ININ computing nnz..
ININ create_CSR_for_K: predicted nnz =        58653, <->  50.15% of a full matrix
TIIN create_CSR_for_K last part took      0.00 usr cpu s       0.00 sys cpu s       0.00 wall s
TIIN create_CSR_for_K total took    697.97 usr cpu s       0.43 sys cpu s      90.95 wall s
ININ entering compute_K_by_boxes, no of basis funcs =   342, threshold_K =   1e-16, exchange_box_size =   5.00
ININ create_box_system end OK, toplevelBoxSize:   7.0, #levels:  3, #boxes at top level:      6
ININ create_box_system end OK, toplevelBoxSize:   7.0, #levels:  3, #boxes at top level:      6
ININ create_box_system end OK, toplevelBoxSize:   7.0, #levels:  3, #boxes at top level:      6
TIIN Compute extent for all distrs took      0.51 usr cpu s       0.00 sys cpu s       0.51 wall s
ININ Creating list of distributions done, distrCountTot =    388106
TIIN Creating list of distributions took      0.78 usr cpu s       0.00 sys cpu s       0.78 wall s
ININ create_box_system end OK, toplevelBoxSize:   5.0, #levels:  3, #boxes at top level:     10
ININ create_box_system end OK, toplevelBoxSize:   2.5, #levels:  4, #boxes at top level:     16
ININ noOfLevelsBasisFuncs = 4, noOfLevelsDiff = 1
TIIN Creating boxes etc took      0.04 usr cpu s       0.00 sys cpu s       0.04 wall s
TIIN getting multipoleNormVectorList took      0.78 usr cpu s       0.00 sys cpu s       0.78 wall s
TIIN K organize_distributions for all boxes took      2.24 usr cpu s       0.00 sys cpu s       2.24 wall s
ININ starting loop to setup basisFuncGroupInfoList, with added index checks.
TIIN GetLimitsAllLevels took      0.34 usr cpu s       0.00 sys cpu s       0.34 wall s
ININ getDmatLimitMatrixCSRList start.
TIIN getting densityMatrixLimitMatrixList took      0.02 usr cpu s       0.00 sys cpu s       0.02 wall s
ININ job list for K created,       55 jobs
TIIN creating job list for K took      0.00 usr cpu s       0.00 sys cpu s       0.00 wall s
ININ execute_joblist_K_threaded, noOfThreads =  8, basisFuncListCount_max =   333
ININ 8 threads started OK.
ININ all 8 threads have finished, took       39 wall s.
TIIN Executing job list for K took    177.02 usr cpu s       0.07 sys cpu s      38.79 wall s
TIIN compute_K_by_boxes took    181.21 usr cpu s       0.07 sys cpu s      42.98 wall s
TI   compute_K_by_boxes_sparse total took    879.20 usr cpu s       0.49 sys cpu s     133.96 wall s
INSC About to truncate FockMatrix, gap of Fprev >=          0.38373135811
TISC symmMatrix::mixed_diff for F vs Fprev maxEigValMovement_mixed took      0.00 usr cpu s       0.00 sys cpu s       0.00 wall s
TISC symmMatrix::eucl_diff for maxEigValMovement_eucl  took      0.04 usr cpu s       0.15 sys cpu s       0.03 wall s
INSC maxEigValMovement_frob  =          0.00000186190
INSC maxEigValMovement_mixed =          0.00000142475
INSC maxEigValMovement_eucl  =          0.00000066563
TISC FockMatrix.eucl_thresh() (with Z) took      0.15 usr cpu s       0.47 sys cpu s       0.10 wall s
INSC Truncated FockMatrix (eucl with Z), selected threshold = 3.8373e-08, returned error =          0, nnz before = 100.0000 %, nnz after = 100.0000 %
INSC Matrix 'S' ( symm ): n =    342, nnz =       116964 <-> 100.00 %, mem usage  0.0005 G
INSC Matrix 'F' ( symm ): n =    342, nnz =       116964 <-> 100.00 %, mem usage  0.0005 G
INSC Matrix 'D' ( symm ): n =    342, nnz =       116964 <-> 100.00 %, mem usage  0.0005 G
INSC nuclearEnergy, energy_2el, energy = 782.160484, 1007.253420, -645.112846
INSC Energy  14 =       -645.11284581311  ( diff     -0.000000000001592 )
INSC calling compute_FDSminusSDF_sparse, n = 342
INDE compute_FDSminusSDF_sparse() start.
TIDE FileWritable::writeAndReadAll took      0.00 usr cpu s       0.00 sys cpu s       0.00 wall s
INDE writeAndReadAll: '0 MB (1 MatrixGeneral, 0 > 1 MB) + 0 MB (9 MatrixSymmetric, 0 > 1 MB) = 0 MB (10 total, 0 > 1 MB)
TISC compute_FDSminusSDF_sparse, F*D mult took      0.04 usr cpu s       0.06 sys cpu s       0.01 wall s
INSC Matrix 'FD before eucl truncation' (normal): n =    342, nnz =       116964 <-> 100.00 %, mem usage  0.0009 G
INSC Matrix 'FD after  eucl truncation' (normal): n =    342, nnz =       116964 <-> 100.00 %, mem usage  0.0009 G
INSC Matrix 'FDS before eucl truncation' (normal): n =    342, nnz =       116964 <-> 100.00 %, mem usage  0.0009 G
INSC Matrix 'FDS after  eucl truncation' (normal): n =    342, nnz =       116964 <-> 100.00 %, mem usage  0.0009 G
INSC compute_FDSminusSDF_sparse ending OK.
TISC compute_FDSminusSDF_sparse took      0.13 usr cpu s       0.33 sys cpu s       0.06 wall s
INSC Matrix 'FDS-SDF' (normal): n =    342, nnz =       114852 <->  98.19 %, mem usage  0.0009 G
INSC SCF_restricted::get_FDSminusSDF finished.
TISC get_FDSminusSDF took      0.14 usr cpu s       0.33 sys cpu s       0.06 wall s
INSC maxabs FDS-SDF is 1.16e-07
INSC frob   FDS-SDF is 1.51e-06
TISC get_error_measure took      0.01 usr cpu s       0.00 sys cpu s       0.00 wall s
INSC Creating mtx file for Fock matrix
RESC CONVERGED after  14 iterations.
RESC FINAL ENERGY:       -645.11284581311
TISC Main SCF loop took  16289.48 usr cpu s      81.29 sys cpu s    2534.81 wall s
INSC After main SCF loop: AllocatorManager statistics:  noOfRealsPerBuffer: 1024 noOfBuffers: 20000 list.size(): 1. Allocated: 0.164 GB, Used: 0.0189 GB, Peak alloc: 0.164 GB.
INSC SCF_restricted::compute_dipole_moment
ININ compute_operator_matrix_sparse, nBastA =    342, nBastB =    342, pows (x y z) = (1 0 0)
ININ create_box_system end OK, toplevelBoxSize:   7.0, #levels:  3, #boxes at top level:      6
ININ compute_operator_matrix_sparse finished.
TIIN compute_operator_matrix_sparse took      0.18 usr cpu s       0.00 sys cpu s       0.18 wall s
ININ compute_operator_matrix_sparse, nBastA =    342, nBastB =    342, pows (x y z) = (0 1 0)
ININ create_box_system end OK, toplevelBoxSize:   7.0, #levels:  3, #boxes at top level:      6
ININ compute_operator_matrix_sparse finished.
TIIN compute_operator_matrix_sparse took      0.18 usr cpu s       0.00 sys cpu s       0.18 wall s
ININ compute_operator_matrix_sparse, nBastA =    342, nBastB =    342, pows (x y z) = (0 0 1)
ININ create_box_system end OK, toplevelBoxSize:   7.0, #levels:  3, #boxes at top level:      6
ININ compute_operator_matrix_sparse finished.
TIIN compute_operator_matrix_sparse took      0.18 usr cpu s       0.00 sys cpu s       0.18 wall s
INSC SCF: dipole_moment_x [atomic units] =      -0.42052276
INSC SCF: dipole_moment_y [atomic units] =       0.35240593
INSC SCF: dipole_moment_z [atomic units] =       0.16845523
INSC SCF_general::do_SCF_iterations finished.
TISC SCF_general::do_SCF_iterations took  16290.75 usr cpu s      83.01 sys cpu s    2535.76 wall s
