INMA 
  Ergo, version 3.8.2, a program for linear scaling electronic structure
  calculations.
  Copyright (C) 2023 Elias Rudberg, Emanuel H. Rubensson, Pawel Salek,
  and Anastasia Kruchinina.
  
  This program is free software: you can redistribute it and/or modify
  it under the terms of the GNU General Public License as published by
  the Free Software Foundation, either version 3 of the License, or
  (at your option) any later version.
  
  This program is distributed in the hope that it will be useful,
  but WITHOUT ANY WARRANTY; without even the implied warranty of
  MERCHANTABILITY or FITNESS FOR A PARTICULAR PURPOSE.  See the
  GNU General Public License for more details.
  
  You should have received a copy of the GNU General Public License
  along with this program.  If not, see <http://www.gnu.org/licenses/>.
  
  Primary academic reference:
  Ergo: An open-source program for linear-scaling electronic structure
  calculations,
  Elias Rudberg, Emanuel H. Rubensson, Pawel Salek, and Anastasia
  Kruchinina,
  SoftwareX 7, 107 (2018),
  <http://dx.doi.org/10.1016/j.softx.2018.03.005>
  
  For further information about Ergo, see <http://www.ergoscf.org>.

INMA  threads_J := 8

INMA  threads_K := 8

INMA  threads := 8

INMA  no_of_threads_for_V := 8

INMA  threads := 1

INMA ERGO version 3.8.2

INMA Reading molecule file: /home/emanuel/clones/articles/sp8_acc_project/sp8_acc/plots/aspirin/aspirin.xyz

INMA read_molecule_file_in_xyz_format: File '/home/emanuel/clones/articles/sp8_acc_project/sp8_acc/plots/aspirin/aspirin.xyz' read OK, nBytes = 715
INMA read_molecule_file_in_xyz_format: nAtoms =     21
INMA Not using CHT, so values numWorkers_CHT=1 and numThreads_CHT=1 will be ignored.
INMA  initial_density := density.bin

INMA  basis := 6-31Gss

INMA Basis really set to 6-31Gss

INMA  calculation_identifier := Aspirin

INMA running HF

ININ IntegralInfo::init() calling boysFunctionManager.init().
TIIN BoysFunctionManager::init took      0.05 usr cpu s       0.14 sys cpu s       0.03 wall s
ININ IntegralInfo::init() calling multipolePrep.init().
ININ IntegralInfo::init() calling mmLimitTable.init().
ININ IntegralInfo::init() calling monomial_info.init().
ININ IntegralInfo::init() calling hermite_conversion_info.init().
TIIN hermite_conversion_info_struct constructor took      0.17 usr cpu s       0.31 sys cpu s       0.30 wall s
ININ IntegralInfo::init() calling setup_basis_func_polys
WAIN Trying basis set file './6-31Gss'...
WAIN Trying basis set file './6-31Gss'...
WAIN Trying basis set file 'basis/6-31Gss'...
WAIN Trying basis set file 'basis/6-31Gss'...
WAIN Trying basis set file '../basis/6-31Gss'...
WAIN Trying basis set file '../basis/6-31Gss'...
WAIN Trying basis set file '/usr/local/share/ergo/basis/6-31Gss'...
WAIN Trying basis set file '/usr/local/share/ergo/basis/6-31Gss'...
WAIN Trying basis set file '/usr/local/share/ergo/6-31Gss'...
WAIN Trying basis set file '/usr/local/share/ergo/6-31Gss'...
WAIN Trying basis set file '/home/emanuel/clones/articles/sp8_acc_project/sp8_acc/plots/aspirin/ergo-3.8.2/basis/6-31Gss'...
ININ total number of shells in basis set: 142
ININ Basis set file '6-31Gss' processed OK, noOfAtomTypes = 20
ININ setup_shells_multi_basis_getcount, noOfShells = 102
ININ BasisInfoStruct::addBasisfuncsForAtomList, noOfShellsNew = 102
ININ BasisInfoStruct::normalizeShells finished, normalizationFactor min max :   0.99999989379   1.00000008881
ININ get_basis_funcs returned OK, number of basis funcs: 222
ININ getSimplePrimitivesAll returned OK, n = 446
ERMA Variable store_all_eigenvalues_to_file not found.

ERMA Undefined integer variable store_all_eigenvalues_to_file

IN   creating matrix SizesAndBlocks using blockSizeVector:
IN   blockSizeVector[0] =        65536
IN   blockSizeVector[1] =         8192
IN   blockSizeVector[2] =         1024
IN   blockSizeVector[3] =           32
IN   blockSizeVector[4] =            1
IN   creating matrix permutation using blockSizeVector:
IN   blockSizeVector[0] =        65536
IN   blockSizeVector[1] =         8192
IN   blockSizeVector[2] =         1024
IN   blockSizeVector[3] =           32
IN   blockSizeVector[4] =            1
INMA OpenMP not used in matrix library. Number of threads set to 1.
INMA Calling grid_set_tmpdir with tmpdir = '/tmp'
INMA Running HF (restarted)
INDE Create object from GetDensFromFock.
INSC SCF_general constructor, number of basis functions: 222
INSC ************** Some general info here **********************
INSC VERSION: 3.8.2  time :  Thu Mar 26 20:00:46 2026
INSC machine_epsilon =   1.1e-16
INSC sizeof(ergo_real) = 8
INSC sizeof(size_t)    = 8
INSC sizeof(int)       = 4
INSC sizeof(long)      = 8
INSC sizeof(char*)     = 8
INSC Host name:         'cheetah'
INSC Working directory: '/home/emanuel/clones/articles/sp8_acc_project/sp8_acc/plots/aspirin/aspirin_mtx_new'
INSC Process ID (PID):     202427
INSC ************************************************************
INSC Min internuclear distance:      1.85385 a.u.  =      0.98101 Angstrom
INSC Max internuclear distance:     15.20283 a.u.  =      8.04499 Angstrom
ININ compute_operator_matrix_sparse, nBastA =    222, nBastB =    222, pows (x y z) = (0 0 0)
ININ create_box_system end OK, toplevelBoxSize:   7.0, #levels:  3, #boxes at top level:      6
ININ compute_operator_matrix_sparse finished.
TIIN compute_operator_matrix_sparse took      0.09 usr cpu s       0.00 sys cpu s       0.09 wall s
IN   diag elements of ovl matrix differ from 1 by at most 3.33067e-16
INSC Matrix 'S_symm before trunc' ( symm ): n =    222, nnz =        49284 <-> 100.00 %, mem usage  0.0002 G
INSC truncating S using threshold value  1e-09
INSC Truncated S (eucl), selected threshold =      1e-09, returned error =          0, nnz before = 100.0000 %, nnz after = 100.0000 %
INSC Computing Euclidean norm of overlap matrix (just for fun)...
TISC S_symm.eucl() took      0.01 usr cpu s       0.04 sys cpu s       0.01 wall s
INSC Euclidean norm of overlap matrix =          5.69137755903  (acc 1.49e-08)
INSC Calling invCholFactor.inch with matOpts.threshold_inch = 1e-10
TISC invCholFactor.inch took      0.01 usr cpu s       0.01 sys cpu s       0.00 wall s
INSC Matrix 'invCholFactor before truncation' (triang): n =    222, nnz =        28164 <->  57.15 %, mem usage  0.0002 G
INSC truncating Z using threshold value  1e-08
INSC Truncated Z (eucl), selected threshold =      1e-08, returned error =          0, nnz before = 57.1463 %, nnz after = 57.1463 %
INSC Matrix 'invCholFactor after truncation' (triang): n =    222, nnz =        28164 <->  57.15 %, mem usage  0.0002 G
INSC Frobenius norm of invCholFactor after truncation =         76.86689714354
INSC Euclidean norm of invCholFactor after truncation =         49.44902141501
TISC invCholFactor.eucl() took      0.01 usr cpu s       0.02 sys cpu s       0.00 wall s
INSC testing invCholFactor by computing ZT*S*Z
INSC Truncating tmp matrix S*Z using eucl_thresh() with threshold value  1e-08
INSC frobenius_error for ZT*S*Z is 2.66466e-13
TISC testing invCholFactor by computing ZT*S*Z took      0.00 usr cpu s       0.02 sys cpu s       0.00 wall s
INSC entering compute_h_core_matrix_sparse, nAtoms = 21, n = 222, threshold = 1e-12
ININ get_basis_func_pair_list_simple, n =    222
ININ create_box_system end OK, toplevelBoxSize:   6.5, #levels:  3, #boxes at top level:      6
TIIN get_basis_func_pair_list_simple took      0.01 usr cpu s       0.02 sys cpu s       0.00 wall s
ININ get_basis_func_pair_list_simple, n =    222
ININ create_box_system end OK, toplevelBoxSize:   6.5, #levels:  3, #boxes at top level:      6
TIIN get_basis_func_pair_list_simple took      0.01 usr cpu s       0.02 sys cpu s       0.00 wall s
IN   compute_T_matrix_sparse_linear: n = 222, threshold = 1e-12, boxSize = 6.500000
IN   compute_T_matrix_sparse_linear: noOfBasisFuncIndexPairs = 23913 ==> storing  48.52 % of a full matrix
INSC compute_T_sparse_linear returned OK.
TISC compute_T_sparse_linear took      0.41 usr cpu s       0.49 sys cpu s       0.33 wall s
IN   compute_V_sparse, no of atoms =    21, maxCharge =   8.00
ININ get_basis_func_pair_list_1el_for_V, n =    222
ININ create_box_system end OK, toplevelBoxSize:   6.5, #levels:  3, #boxes at top level:      6
TIIN get_basis_func_pair_list_1el_for_V took      0.04 usr cpu s       0.00 sys cpu s       0.04 wall s
ININ get_basis_func_pair_list_1el_for_V, n =    222
ININ create_box_system end OK, toplevelBoxSize:   6.5, #levels:  3, #boxes at top level:      6
TIIN get_basis_func_pair_list_1el_for_V took      0.04 usr cpu s       0.00 sys cpu s       0.04 wall s
IN   noOfBasisFuncIndexPairs = 21535 ==> storing  43.70 % of a full matrix
ININ compute_V_and_gradient_linear start, compute_gradient_also = 0.
ININ compute_V_and_gradient_linear nDistrs    =    221100
ININ compute_V_and_gradient_linear groupCount =      7725
ININ create_box_system end OK, toplevelBoxSize:   6.5, #levels:  3, #boxes at top level:      6
TIIN compute_V_and_gradient_linear init part (including create_nuclei_mm_tree) took      0.12 usr cpu s       0.01 sys cpu s       0.13 wall s
ININ get_nucl_repulsion_energy_using_multipoles() gave nuclRepEnergy =        782.16048385763
TIIN get_nucl_repulsion_energy_using_multipoles took      0.00 usr cpu s       0.00 sys cpu s       0.00 wall s
TIIN compute_V_and_gradient_linear main part took      0.57 usr cpu s       0.00 sys cpu s       0.57 wall s
TIIN compute_V_and_gradient_linear total took      0.69 usr cpu s       0.01 sys cpu s       0.70 wall s
TISC Computation of V took      0.77 usr cpu s       0.01 sys cpu s       0.78 wall s
INSC compute_h_core_matrix_sparse ending OK.
TISC compute_h_core_matrix_sparse took      1.18 usr cpu s       0.50 sys cpu s       1.11 wall s
INSC Matrix 'H_core_Matrix before trunc' ( symm ): n =    222, nnz =        49284 <-> 100.00 %, mem usage  0.0002 G
INSC Truncated H_core_Matrix (eucl with Z), selected threshold =      5e-11, returned error =          0, nnz before = 100.0000 %, nnz after = 100.0000 %
INSC Matrix 'H_core_Matrix after trunc' ( symm ): n =    222, nnz =        49284 <-> 100.00 %, mem usage  0.0002 G
INMA get_nuclear_electric_field_energy, N = 21
INMA get_nuclear_electric_field_energy returning energy          0.0000000000000000000000
INSC SCF_general::do_SCF_iterations
INSC getting starting guess density from file 'density.bin'
INMA ddf_load_density_sparse("density.bin")
INMA get_basis_funcs for starting guess basis set returned OK, number of basis funcs: 73
INMA getSimplePrimitivesAll for starting guess basis set returned OK, n = 219
IN   creating matrix SizesAndBlocks using blockSizeVector:
IN   blockSizeVector[0] =        10240
IN   blockSizeVector[1] =         1280
IN   blockSizeVector[2] =          160
IN   blockSizeVector[3] =           20
IN   blockSizeVector[4] =            1
IN   creating matrix permutation using blockSizeVector:
IN   blockSizeVector[0] =        10240
IN   blockSizeVector[1] =         1280
IN   blockSizeVector[2] =          160
IN   blockSizeVector[3] =           20
IN   blockSizeVector[4] =            1
ININ compute_operator_matrix_sparse, nBastA =    222, nBastB =     73, pows (x y z) = (0 0 0)
ININ create_box_system end OK, toplevelBoxSize:   7.0, #levels:  3, #boxes at top level:      6
ININ compute_operator_matrix_sparse finished.
TIIN compute_operator_matrix_sparse took      0.06 usr cpu s       0.18 sys cpu s       0.04 wall s
IN   trying to create PR_sparse
TI   PR_sparse = P * R multiplication took      0.00 usr cpu s       0.01 sys cpu s       0.00 wall s
IN   calling get_dens_from_fock_general for SDS to force idempotency and correct trace of starting guess
INDE get_dens_from_fock_general, n = 222, use_diagonalization = 0, use_diag_on_error = 0
INDE Before writeAndReadAll(): AllocatorManager statistics:  noOfRealsPerBuffer: 1024 noOfBuffers: 20000 list.size(): 1. Allocated: 0.164 GB, Used: 0.00103 GB, Peak alloc: 0.164 GB.
TIDE FileWritable::writeAndReadAll took      0.00 usr cpu s       0.00 sys cpu s       0.00 wall s
INDE writeAndReadAll sizesStr: '0 MB (2 MatrixGeneral, 0 > 1 MB) + 0 MB (15 MatrixSymmetric, 0 > 1 MB) = 0 MB (17 total, 0 > 1 MB)
INDE After writeAndReadAll(): AllocatorManager statistics:  noOfRealsPerBuffer: 1024 noOfBuffers: 20000 list.size(): 1. Allocated: 0.164 GB, Used: 0.00103 GB, Peak alloc: 0.164 GB.
INDE calling get_dens_from_fock_sparse, n =    222, subspaceErrorLimit = 1e-06
INDE get_dens_from_fock_sparse() start!
INDE After F.readFromFile(): AllocatorManager statistics:  noOfRealsPerBuffer: 1024 noOfBuffers: 20000 list.size(): 1. Allocated: 0.164 GB, Used: 0.0012 GB, Peak alloc: 0.164 GB.
INDE After creating wrapper MatrixType F_w(F): AllocatorManager statistics:  noOfRealsPerBuffer: 1024 noOfBuffers: 20000 list.size(): 1. Allocated: 0.164 GB, Used: 0.00138 GB, Peak alloc: 0.164 GB.
TIDE  F_w to orthogonal basis took      0.01 usr cpu s       0.08 sys cpu s       0.01 wall s
TIDE MatrixType::mixed_diff for maxEigValMovement_mixed took      0.00 usr cpu s       0.00 sys cpu s       0.00 wall s
TIDE symmMatrixWrap::eucl_diff for maxEigValMovement_eucl  took      0.05 usr cpu s       0.15 sys cpu s       0.03 wall s
INDE maxEigValMovement_frob  =         13.68077918794
INDE maxEigValMovement_mixed =          9.50467432034
INDE maxEigValMovement_eucl  =          1.99960599280
INDE lumo before truncation: [ -10000000000000000000000.000000000000 , 10000000000000000000000.000000000000 ]
INDE homo before truncation: [ -10000000000000000000000.000000000000 , 10000000000000000000000.000000000000 ]
INDE Truncate matrix F and update intervals for homo and lumo.
INDE Truncating F_ort ( mixed ), selected threshold =      5e-09
INDE Truncated F_ort ( mixed ), selected threshold =      5e-09, returned error =          0, nnz before = 100.0000 %, nnz after = 100.0000 %
TIDE Truncation of F_ort took      0.00 usr cpu s       0.00 sys cpu s       0.00 wall s
INDE Chosen Ergo Wrapper
INDE Creating purification object: N = 222 , nocc = 47 , NNZ = 49284  <-> 100.00000 %
INDE Chosen norm for the truncation: 
INDE mixed
INDE Chosen norm for the stopping criterion: 
INDE mixed
INDE Chosen the NEW stopping criterion.
INDE Allowed error in subspace 7.000000e-07
INDE Chosen SP2 purification method
INDE calling Puri->PurificationStart(), number of threads = 1, trunc norm 'mixed'
TIDE gershgorin took      0.00 usr cpu s       0.00 sys cpu s       0.00 wall s
INDE Gershgorin bounds: [ -9.286249474068 , 7.316773102483 ]
INDE EXPANDED Gershgorin bounds: [ -9.286249488969 , 7.316773117384 ]
INDE Trying to impove bounds using Lanczos algorithm...
TIDE compute_spectrum_bounds took      0.06 usr cpu s       0.20 sys cpu s       0.03 wall s
INDE Spectrum of F: 	 [ -1.999620812087 , 0.000014901131 ]
INDE Transform homo and lumo bounds...
INDE Bounds for homo and lumo of F are overlapping.
INDE HOMO bounds of X: 	 [ 0.000000000000 , 1.000000000000 ]
INDE LUMO bounds of X: 	 [ -0.000000000000 , 1.000000000000 ]
INDE ESTIMATED NUMBER OF ITERATIONS IS 100
INDE Put eigenvalues of F to the interval [0,1] in reverse order.
TIDE compute_X() took      0.00 usr cpu s       0.00 sys cpu s       0.00 wall s
TIDE prepare_to_purification() took      0.06 usr cpu s       0.21 sys cpu s       0.03 wall s
INDE (EIGV,PARAMS) Requested 0 occipied eigenpair(s).
INDE (EIGV,PARAMS) Requested 0 unoccipied eigenpair(s).
TIDE prepare_to_purification_eigenvectors() took      0.00 usr cpu s       0.00 sys cpu s       0.00 wall s
INDE Starting recursive expansion
INDE     BEFORE ITERATIONS:
TIDE truncate_matrix took      0.00 usr cpu s       0.00 sys cpu s       0.00 wall s
INDE Actual introduced error   0.000000e+00 : nnz before  49284 <-> 100.00 % , nnz after  49284 <-> 100.00 %
TIDE square took      0.00 usr cpu s       0.01 sys cpu s       0.00 wall s
INDE NNZ Xsq = 49284 <-> 100.00 %
TIDE Frobenius norm of X-X^2 took      0.00 usr cpu s       0.00 sys cpu s       0.00 wall s
TIDE Mixed norm of X-X^2 took      0.00 usr cpu s       0.01 sys cpu s       0.00 wall s
TIDE Trace of X-X^2 took      0.00 usr cpu s       0.00 sys cpu s       0.00 wall s
INDE ||X-X^2||_F = 2.352083e-02 , ||X-X^2||_mixed = 1.942759e-02
INDE trace(X-X^2) = 9.668391e-02
INDE trace(X) = 4.690536e+01
TIDE Iteration 0 took      0.01 usr cpu s       0.03 sys cpu s       0.00 wall s
TIDE FileWritable::writeAndReadAll took      0.00 usr cpu s       0.00 sys cpu s       0.00 wall s
INDE writeAndReadAll sizesStr: '0 MB (2 MatrixGeneral, 0 > 1 MB) + 0 MB (21 MatrixSymmetric, 0 > 1 MB) + 0 MB (2 VectorGeneral, 0 > 1 MB) = 0 MB (25 total, 0 > 1 MB)
INDE     ITERATION 1 :
TIDE purify_X took      0.00 usr cpu s       0.00 sys cpu s       0.00 wall s
TIDE truncate_matrix took      0.00 usr cpu s       0.00 sys cpu s       0.00 wall s
INDE Actual introduced error   0.000000e+00 : nnz before  49284 <-> 100.00 % , nnz after  49284 <-> 100.00 %
TIDE square took      0.00 usr cpu s       0.01 sys cpu s       0.00 wall s
INDE NNZ Xsq = 49284 <-> 100.00 %
TIDE Frobenius norm of X-X^2 took      0.00 usr cpu s       0.00 sys cpu s       0.00 wall s
TIDE Mixed norm of X-X^2 took      0.00 usr cpu s       0.01 sys cpu s       0.00 wall s
TIDE Trace of X-X^2 took      0.00 usr cpu s       0.00 sys cpu s       0.00 wall s
INDE ||X-X^2||_F = 2.692739e-04 , ||X-X^2||_mixed = 1.796581e-04
INDE trace(X-X^2) = 3.169602e-03
INDE trace(X) = 4.700205e+01
TIDE Iteration 1 took      0.01 usr cpu s       0.03 sys cpu s       0.00 wall s
INDE     ITERATION 2 :
TIDE purify_X took      0.00 usr cpu s       0.00 sys cpu s       0.00 wall s
TIDE truncate_matrix took      0.00 usr cpu s       0.00 sys cpu s       0.00 wall s
INDE Actual introduced error   0.000000e+00 : nnz before  49284 <-> 100.00 % , nnz after  49284 <-> 100.00 %
TIDE square took      0.00 usr cpu s       0.02 sys cpu s       0.00 wall s
INDE NNZ Xsq = 49284 <-> 100.00 %
TIDE Frobenius norm of X-X^2 took      0.00 usr cpu s       0.00 sys cpu s       0.00 wall s
TIDE Mixed norm of X-X^2 took      0.00 usr cpu s       0.01 sys cpu s       0.00 wall s
TIDE Trace of X-X^2 took      0.00 usr cpu s       0.00 sys cpu s       0.00 wall s
INDE ||X-X^2||_F = 3.667729e-04 , ||X-X^2||_mixed = 3.116191e-04
INDE trace(X-X^2) = 1.122892e-03
INDE trace(X) = 4.699888e+01
INDE Checking stopping criterion...   
INDE e_i =3.116191e-04, C*e_{i-1}^q = 2.599444e-03
INDE Order of convergence = 2.538249, stop = 0
TIDE stopping_criterion took      0.00 usr cpu s       0.00 sys cpu s       0.00 wall s
TIDE Iteration 2 took      0.00 usr cpu s       0.03 sys cpu s       0.00 wall s
INDE     ITERATION 3 :
TIDE purify_X took      0.00 usr cpu s       0.00 sys cpu s       0.00 wall s
TIDE truncate_matrix took      0.00 usr cpu s       0.00 sys cpu s       0.00 wall s
INDE Actual introduced error   0.000000e+00 : nnz before  49284 <-> 100.00 % , nnz after  49284 <-> 100.00 %
TIDE square took      0.00 usr cpu s       0.01 sys cpu s       0.00 wall s
INDE NNZ Xsq = 49284 <-> 100.00 %
TIDE Frobenius norm of X-X^2 took      0.00 usr cpu s       0.00 sys cpu s       0.00 wall s
TIDE Mixed norm of X-X^2 took      0.00 usr cpu s       0.01 sys cpu s       0.00 wall s
TIDE Trace of X-X^2 took      0.00 usr cpu s       0.00 sys cpu s       0.00 wall s
INDE ||X-X^2||_F = 5.700924e-08 , ||X-X^2||_mixed = 4.979381e-08
INDE trace(X-X^2) = 2.123052e-07
INDE trace(X) = 4.700000e+01
INDE Checking stopping criterion...   
INDE e_i =4.979381e-08, C*e_{i-1}^q = 2.222985e-07
INDE Order of convergence = 2.173475, stop = 0
TIDE stopping_criterion took      0.00 usr cpu s       0.00 sys cpu s       0.00 wall s
TIDE Iteration 3 took      0.01 usr cpu s       0.03 sys cpu s       0.00 wall s
INDE     ITERATION 4 :
TIDE purify_X took      0.00 usr cpu s       0.00 sys cpu s       0.00 wall s
TIDE truncate_matrix took      0.00 usr cpu s       0.00 sys cpu s       0.00 wall s
INDE Actual introduced error   0.000000e+00 : nnz before  49284 <-> 100.00 % , nnz after  49284 <-> 100.00 %
TIDE square took      0.01 usr cpu s       0.00 sys cpu s       0.00 wall s
INDE NNZ Xsq = 49284 <-> 100.00 %
TIDE Frobenius norm of X-X^2 took      0.00 usr cpu s       0.00 sys cpu s       0.00 wall s
TIDE Mixed norm of X-X^2 took      0.00 usr cpu s       0.01 sys cpu s       0.00 wall s
TIDE Trace of X-X^2 took      0.00 usr cpu s       0.00 sys cpu s       0.00 wall s
INDE ||X-X^2||_F = 1.175364e-08 , ||X-X^2||_mixed = 6.410231e-09
INDE trace(X-X^2) = 1.554861e-07
INDE trace(X) = 4.700000e+01
INDE Checking stopping criterion...   
INDE Order of convergence cannot be computed
TIDE stopping_criterion took      0.00 usr cpu s       0.00 sys cpu s       0.00 wall s
TIDE Iteration 4 took      0.01 usr cpu s       0.02 sys cpu s       0.00 wall s
INDE     ITERATION 5 :
TIDE purify_X took      0.00 usr cpu s       0.00 sys cpu s       0.00 wall s
TIDE truncate_matrix took      0.00 usr cpu s       0.00 sys cpu s       0.00 wall s
INDE Actual introduced error   0.000000e+00 : nnz before  49284 <-> 100.00 % , nnz after  49284 <-> 100.00 %
TIDE square took      0.01 usr cpu s       0.01 sys cpu s       0.00 wall s
INDE NNZ Xsq = 49284 <-> 100.00 %
TIDE Frobenius norm of X-X^2 took      0.00 usr cpu s       0.00 sys cpu s       0.00 wall s
TIDE Mixed norm of X-X^2 took      0.00 usr cpu s       0.00 sys cpu s       0.00 wall s
TIDE Trace of X-X^2 took      0.00 usr cpu s       0.00 sys cpu s       0.00 wall s
INDE ||X-X^2||_F = 3.974629e-15 , ||X-X^2||_mixed = 0.000000e+00
INDE trace(X-X^2) = 7.105427e-15
INDE trace(X) = 4.700000e+01
INDE Checking stopping criterion...   
INDE ************************************************************************************************************
INDE The norm value went much below machine precision, therefore we stop here since n_max can be underestimated.
INDE ************************************************************************************************************
INDE e_i =0.000000e+00, C*e_{i-1}^q = 1.707629e-14
INDE Order of convergence = inf, stop = 1
TIDE stopping_criterion took      0.00 usr cpu s       0.00 sys cpu s       0.00 wall s
INDE PURIFICATION CONVERGED after 5 iterations
TIDE Iteration 5 took      0.01 usr cpu s       0.02 sys cpu s       0.00 wall s
INDE Number of non-zeros in D is  49284 <-> 100.00 %
TIDE FileWritable::writeAndReadAll took      0.00 usr cpu s       0.00 sys cpu s       0.00 wall s
INDE writeAndReadAll sizesStr: '0 MB (2 MatrixGeneral, 0 > 1 MB) + 0 MB (21 MatrixSymmetric, 0 > 1 MB) + 0 MB (2 VectorGeneral, 0 > 1 MB) = 0 MB (25 total, 0 > 1 MB)
INDE TOTAL X square time: 0.013322 wall s
INDE TOTAL X trunction time: 0.000724 wall s
INDE TOTAL X purify (exl. X^2 computation) time: 0.000819 wall s
INDE TOTAL time to get number of non-zero elements: 0.000233 wall s
INDE TOTAL time to get mixed norm: 0.007092 wall s
INDE TOTAL time to get Frobenius norm: 0.000825 wall s
INDE TOTAL time for stopping criterion: 0.000267 wall s
INDE TOTAL time to get matrix trace: 0.000124 wall s
INDE Estimated bounds for the eigenvalues for the Fock matrix:
INDE LUMO: [ -0.000025123937 , -0.000000000000 ]
INDE HOMO: [ -1.990056631981 , -1.978498481027 ]
TIDE eigenvalue_bounds_estimation() took      0.00 usr cpu s       0.00 sys cpu s       0.00 wall s
TIDE Recursive expansion took      0.10 usr cpu s       0.35 sys cpu s       0.06 wall s
TIDE Puri->PurificationStart() took      0.10 usr cpu s       0.35 sys cpu s       0.06 wall s
TIDE Accumulated wall times for writeToFile in PurificationStart()          : 0 s (MatrixGeneral) + 2.9e-06 s (MatrixSymmetric) + 1.8e-05 s (VectorGeneral) = 2.1e-05 s
TIDE Accumulated wall times for readFromFile in PurificationStart()         : 1.2e-06 s (MatrixGeneral) + 3.8e-06 s (MatrixSymmetric) + 1.2e-05 s (VectorGeneral) = 1.7e-05 s
TIDE Accumulated wall times for copy and assign in PurificationStart()      : 1.2e-06 s (MatrixSymmetric) + 1.1e-05 s (VectorGeneral) = 1.3e-05 s
INDE Number of calls to writeToFile in PurificationStart()                  : 4 (MatrixGeneral) + 43 (MatrixSymmetric) + 233 (VectorGeneral) = 280 
INDE Number of calls to readFromFile in PurificationStart()                 : 4 (MatrixGeneral) + 42 (MatrixSymmetric) + 108 (VectorGeneral) = 154 
INDE Number of calls to FileWritable copy and assign in PurificationStart() : 2 (MatrixSymmetric) + 7 (VectorGeneral) = 9 
TIDE mat::Gblas::time after purification :     0.259161
INDE Created .m files with results of the purification
INDE Purification converged OK
INDE E(LUMO) - E(HOMO) >=          1.97847335709 =         53.83700295452 eV
INDE E(LUMO) - E(HOMO) <=          1.99005663198 =         54.15219992306 eV
INDE HOMO interval : [   -1.990056631981   -1.978498481027 ]
INDE LUMO interval : [   -0.000025123937   -0.000000000000 ]
INDE Trace of resulting density matrix is         47.00000000000, error is   0.00000000000000.
INDE Truncated D_ort ( mixed ), selected threshold = 9.99999e-08, returned error =          0, nnz before = 49284 <-> 100.0000 %, nnz after = 49284 <-> 100.0000 %
TIDE FileWritable::writeAndReadAll took      0.00 usr cpu s       0.00 sys cpu s       0.00 wall s
INDE writeAndReadAll sizesStr: '0 MB (2 MatrixGeneral, 0 > 1 MB) + 0 MB (20 MatrixSymmetric, 0 > 1 MB) + 0 MB (1 MatrixTriangular, 0 > 1 MB) = 0 MB (23 total, 0 > 1 MB)
TIDE D_w to non-orthogonal basis took      0.00 usr cpu s       0.02 sys cpu s       0.00 wall s
INDE Truncated D_S (eucl with Z), selected threshold = 9.99999e-08, returned error =          0, nnz before = 100.0000 %, nnz after = 100.0000 %
INDE get_dens_from_fock_sparse ending OK
TIDE get_dens_from_fock_sparse took      0.21 usr cpu s       0.77 sys cpu s       0.13 wall s
ERDE get_dens_from_fock  (GetDensFromFock class) : purification finished OK.
TIDE get_dens_from_fock took      0.22 usr cpu s       0.77 sys cpu s       0.13 wall s
IN   get_dens_from_fock_general finished OK.
TI   load_density_and_project_sparse took      0.29 usr cpu s       0.98 sys cpu s       0.17 wall s
INSC Matrix 'starting guess density matrix' ( symm ): n =    222, nnz =        49284 <-> 100.00 %, mem usage  0.0002 G
INSC Beginning of SCF cycle 1:  Thu Mar 26 20:00:48 2026
INDE compute_J_by_boxes_sparse() start.
TIDE FileWritable::writeAndReadAll took      0.00 usr cpu s       0.00 sys cpu s       0.00 wall s
INDE writeAndReadAll: '0 MB (1 MatrixGeneral, 0 > 1 MB) + 0 MB (11 MatrixSymmetric, 0 > 1 MB) = 0 MB (12 total, 0 > 1 MB)
IN   compute_J_by_boxes_sparse, maxDensityMatrixElement =          2.09449941651
ININ get_basis_func_pair_list, n =    222
ININ create_box_system end OK, toplevelBoxSize:   7.0, #levels:  3, #boxes at top level:      6
TIIN get_basis_func_pair_list_2el took      0.21 usr cpu s       0.41 sys cpu s       0.12 wall s
IN   compute_J_by_boxes_sparse: noOfBasisFuncIndexPairs = 21264 ==> storing  43.15 % of a full matrix
ININ entering compute_J_by_boxes_linear, no of basis funcs =   222, threshold_J =   1e-12
ININ use_fmm = 1, fmm_box_size =   5.00
TIIN Compute extent for all distrs took      0.27 usr cpu s       0.00 sys cpu s       0.27 wall s
ININ extent_min =    0.000, extent_max =    8.990
ININ Creating list of distributions etc done, distrCount =    208596
TIIN Creating list of distributions etc took      0.41 usr cpu s       0.00 sys cpu s       0.41 wall s
ININ create_box_system end OK, toplevelBoxSize:   5.0, #levels:  3, #boxes at top level:     10
TIIN Creating boxes took      0.02 usr cpu s       0.01 sys cpu s       0.03 wall s
ININ noOfBranches = 4, splitters:   5.00  2.50  0.00
ININ J org done, groupCount =     7861
TIIN J org took      0.83 usr cpu s       0.00 sys cpu s       0.83 wall s
TIIN Generate group multipoles took      0.37 usr cpu s       0.00 sys cpu s       0.37 wall s
ININ totChargeWholeSystem =          0.00000000000
ININ Generating multipole for each branch at top level, MAX_MULTIPOLE_DEGREE = 15
TIIN Translate multipoles (step 1) took      0.23 usr cpu s       0.00 sys cpu s       0.23 wall s
TIIN Translate multipoles (step 2) took      0.06 usr cpu s       0.00 sys cpu s       0.06 wall s
ININ job lists for J created OK, noOfJobs_J_standard =      790, noOfJobs_J_multipole =       60
TIIN Creating job lists for J took      0.00 usr cpu s       0.00 sys cpu s       0.00 wall s
ININ execute_joblist_J_std_threaded, noOfThreads =  8
ININ 8 threads started OK.
ININ all 8 threads have finished.
TIIN execute_joblist_J_std_threaded took     56.44 usr cpu s       0.03 sys cpu s       9.25 wall s
TIIN sort_list_of_multipole_jobs init part took      0.00 usr cpu s       0.00 sys cpu s       0.00 wall s
TIIN sort_list_of_multipole_jobs complete took      0.00 usr cpu s       0.00 sys cpu s       0.00 wall s
TIIN sort_list_of_multipole_jobs took      0.00 usr cpu s       0.00 sys cpu s       0.00 wall s
ININ execute_joblist_J_fmm_shared: Allocating multipoleList_4, maxnoOfMinimalDistrsPerBoxBranch =     49240
ININ execute_joblist_J_fmm_shared: jobIndexLo =            0, jobIndexHi =            7
ININ execute_joblist_J_fmm_shared: Allocating multipoleList_4, maxnoOfMinimalDistrsPerBoxBranch =     49240
ININ execute_joblist_J_fmm_shared: Allocating multipoleList_4, maxnoOfMinimalDistrsPerBoxBranch =     49240
ININ execute_joblist_J_fmm_shared: jobIndexLo =            7, jobIndexHi =           15
ININ execute_joblist_J_fmm_shared: jobIndexLo =           22, jobIndexHi =           30
ININ execute_joblist_J_fmm_shared: Allocating multipoleList_4, maxnoOfMinimalDistrsPerBoxBranch =     49240
ININ execute_joblist_J_fmm_shared: jobIndexLo =           15, jobIndexHi =           22
ININ execute_joblist_J_fmm_shared: Allocating multipoleList_4, maxnoOfMinimalDistrsPerBoxBranch =     49240
ININ execute_joblist_J_fmm_shared: jobIndexLo =           30, jobIndexHi =           37
ININ execute_joblist_J_fmm_shared: Allocating multipoleList_4, maxnoOfMinimalDistrsPerBoxBranch =     49240
ININ execute_joblist_J_fmm_shared: jobIndexLo =           37, jobIndexHi =           45
ININ execute_joblist_J_fmm_shared: Allocating multipoleList_4, maxnoOfMinimalDistrsPerBoxBranch =     49240
ININ execute_joblist_J_fmm_shared: jobIndexLo =           45, jobIndexHi =           52
ININ execute_joblist_J_fmm_shared: Allocating multipoleList_4, maxnoOfMinimalDistrsPerBoxBranch =     49240
ININ execute_joblist_J_fmm_shared: jobIndexLo =           52, jobIndexHi =           60
ININ execute_joblist_J_fmm_shared: done!
ININ execute_joblist_J_fmm_shared: done!
ININ execute_joblist_J_fmm_shared: done!
ININ execute_joblist_J_fmm_shared: done!
ININ execute_joblist_J_fmm_shared: done!
ININ execute_joblist_J_fmm_shared: done!
ININ execute_joblist_J_fmm_shared: done!
ININ execute_joblist_J_fmm_shared: done!
ININ multipole job list for J executed, largest L used: 12
TIIN Executing multipole job list for J took      0.23 usr cpu s       0.09 sys cpu s       0.11 wall s
ININ compute_J_by_boxes_linear ending OK.
TIIN compute_J_by_boxes_linear took     58.60 usr cpu s       0.13 sys cpu s      11.30 wall s
TI   compute_J_by_boxes_sparse total took     58.81 usr cpu s       0.55 sys cpu s      11.43 wall s
ININ entering create_CSR_for_K, no of basis funcs =   222, threshold_K =   1e-12
ININ create_box_system end OK, toplevelBoxSize:   7.0, #levels:  3, #boxes at top level:      6
ININ create_box_system end OK, toplevelBoxSize:   7.0, #levels:  3, #boxes at top level:      6
ININ create_box_system end OK, toplevelBoxSize:   7.0, #levels:  3, #boxes at top level:      6
TIIN create_CSR_for_K getting list of distrs took      0.27 usr cpu s       0.00 sys cpu s       0.27 wall s
ININ list of neighbors complete.
TIIN create_CSR_for_K getting list of neighbors took      0.00 usr cpu s       0.00 sys cpu s       0.00 wall s
TIIN create_CSR_for_K sort each list of neighbors took      0.02 usr cpu s       0.00 sys cpu s       0.02 wall s
ININ 8 threads started OK.
TIIN identify_needed_elements() took     68.30 usr cpu s       0.06 sys cpu s       8.89 wall s
ININ computing nnz..
ININ create_CSR_for_K: predicted nnz =        24753, <->  50.23% of a full matrix
TIIN create_CSR_for_K last part took      0.00 usr cpu s       0.00 sys cpu s       0.00 wall s
TIIN create_CSR_for_K total took     68.59 usr cpu s       0.06 sys cpu s       9.17 wall s
ININ entering compute_K_by_boxes, no of basis funcs =   222, threshold_K =   1e-12, exchange_box_size =   5.00
ININ create_box_system end OK, toplevelBoxSize:   7.0, #levels:  3, #boxes at top level:      6
ININ create_box_system end OK, toplevelBoxSize:   7.0, #levels:  3, #boxes at top level:      6
ININ create_box_system end OK, toplevelBoxSize:   7.0, #levels:  3, #boxes at top level:      6
TIIN Compute extent for all distrs took      0.27 usr cpu s       0.00 sys cpu s       0.27 wall s
ININ Creating list of distributions done, distrCountTot =    208596
TIIN Creating list of distributions took      0.47 usr cpu s       0.00 sys cpu s       0.47 wall s
ININ create_box_system end OK, toplevelBoxSize:   5.0, #levels:  3, #boxes at top level:     10
ININ create_box_system end OK, toplevelBoxSize:   2.5, #levels:  4, #boxes at top level:     16
ININ noOfLevelsBasisFuncs = 4, noOfLevelsDiff = 1
TIIN Creating boxes etc took      0.02 usr cpu s       0.00 sys cpu s       0.02 wall s
TIIN getting multipoleNormVectorList took      0.43 usr cpu s       0.00 sys cpu s       0.43 wall s
TIIN K organize_distributions for all boxes took      0.88 usr cpu s       0.01 sys cpu s       0.89 wall s
ININ starting loop to setup basisFuncGroupInfoList, with added index checks.
TIIN GetLimitsAllLevels took      0.17 usr cpu s       0.00 sys cpu s       0.17 wall s
ININ getDmatLimitMatrixCSRList start.
TIIN getting densityMatrixLimitMatrixList took      0.01 usr cpu s       0.00 sys cpu s       0.01 wall s
ININ job list for K created,       55 jobs
TIIN creating job list for K took      0.00 usr cpu s       0.00 sys cpu s       0.00 wall s
ININ execute_joblist_K_threaded, noOfThreads =  8, basisFuncListCount_max =   207
ININ 8 threads started OK.
ININ all 8 threads have finished, took        8 wall s.
TIIN Executing job list for K took     38.32 usr cpu s       0.02 sys cpu s       7.67 wall s
TIIN compute_K_by_boxes took     40.30 usr cpu s       0.03 sys cpu s       9.66 wall s
TI   compute_K_by_boxes_sparse total took    108.90 usr cpu s       0.09 sys cpu s      18.85 wall s
INSC About to truncate FockMatrix, gap of Fprev >= -20000000000000000000000.00000000000
TISC symmMatrix::mixed_diff for F vs Fprev maxEigValMovement_mixed took      0.00 usr cpu s       0.00 sys cpu s       0.00 wall s
TISC symmMatrix::eucl_diff for maxEigValMovement_eucl  took      0.02 usr cpu s       0.06 sys cpu s       0.01 wall s
INSC maxEigValMovement_frob  =         65.97969875073
INSC maxEigValMovement_mixed =         41.95742678525
INSC maxEigValMovement_eucl  =         23.28246377132
TISC FockMatrix.eucl_thresh() (with Z) took      0.02 usr cpu s       0.09 sys cpu s       0.02 wall s
INSC Truncated FockMatrix (eucl with Z), selected threshold =      5e-09, returned error =          0, nnz before = 100.0000 %, nnz after = 100.0000 %
INSC Matrix 'S' ( symm ): n =    222, nnz =        49284 <-> 100.00 %, mem usage  0.0002 G
INSC Matrix 'F' ( symm ): n =    222, nnz =        49284 <-> 100.00 %, mem usage  0.0002 G
INSC Matrix 'D' ( symm ): n =    222, nnz =        49284 <-> 100.00 %, mem usage  0.0002 G
INSC nuclearEnergy, energy_2el, energy = 782.160484, 1015.245038, -643.922383
INSC Energy   1 =       -643.92238275067
INSC calling compute_FDSminusSDF_sparse, n = 222
INDE compute_FDSminusSDF_sparse() start.
TIDE FileWritable::writeAndReadAll took      0.00 usr cpu s       0.00 sys cpu s       0.00 wall s
INDE writeAndReadAll: '0 MB (1 MatrixGeneral, 0 > 1 MB) + 0 MB (9 MatrixSymmetric, 0 > 1 MB) = 0 MB (10 total, 0 > 1 MB)
TISC compute_FDSminusSDF_sparse, F*D mult took      0.01 usr cpu s       0.02 sys cpu s       0.00 wall s
INSC Matrix 'FD before eucl truncation' (normal): n =    222, nnz =        49284 <-> 100.00 %, mem usage  0.0004 G
INSC Matrix 'FD after  eucl truncation' (normal): n =    222, nnz =        49284 <-> 100.00 %, mem usage  0.0004 G
INSC Matrix 'FDS before eucl truncation' (normal): n =    222, nnz =        49284 <-> 100.00 %, mem usage  0.0004 G
INSC Matrix 'FDS after  eucl truncation' (normal): n =    222, nnz =        49284 <-> 100.00 %, mem usage  0.0004 G
INSC compute_FDSminusSDF_sparse ending OK.
TISC compute_FDSminusSDF_sparse took      0.03 usr cpu s       0.08 sys cpu s       0.01 wall s
INSC Matrix 'FDS-SDF' (normal): n =    222, nnz =        49284 <-> 100.00 %, mem usage  0.0004 G
INSC SCF_restricted::get_FDSminusSDF finished.
TISC get_FDSminusSDF took      0.03 usr cpu s       0.08 sys cpu s       0.02 wall s
INSC maxabs FDS-SDF is    0.281
INSC frob   FDS-SDF is     3.41
TISC get_error_measure took      0.00 usr cpu s       0.00 sys cpu s       0.00 wall s
INSC entering DIISManagerRestricted::AddIterationToList, IterCount =  0
INSC DIISManagerRestricted::AddIterationToList ending OK.
TISC DIISManagerRestricted::AddIterationToList took      0.00 usr cpu s       0.00 sys cpu s       0.00 wall s
TISC clear_error_matrices took      0.00 usr cpu s       0.00 sys cpu s       0.00 wall s
TISC save_current_fock_as_fprev took      0.00 usr cpu s       0.00 sys cpu s       0.00 wall s
INDE get_dens_from_fock_general, n = 222, use_diagonalization = 0, use_diag_on_error = 1
INDE Before writeAndReadAll(): AllocatorManager statistics:  noOfRealsPerBuffer: 1024 noOfBuffers: 20000 list.size(): 1. Allocated: 0.164 GB, Used: 0.00202 GB, Peak alloc: 0.164 GB.
TIDE FileWritable::writeAndReadAll took      0.00 usr cpu s       0.00 sys cpu s       0.00 wall s
INDE writeAndReadAll sizesStr: '0 MB (1 MatrixGeneral, 0 > 1 MB) + 0 MB (7 MatrixSymmetric, 0 > 1 MB) = 0 MB (8 total, 0 > 1 MB)
INDE After writeAndReadAll(): AllocatorManager statistics:  noOfRealsPerBuffer: 1024 noOfBuffers: 20000 list.size(): 1. Allocated: 0.164 GB, Used: 0.00202 GB, Peak alloc: 0.164 GB.
INDE calling get_dens_from_fock_sparse, n =    222, subspaceErrorLimit = 1e-06
INDE get_dens_from_fock_sparse() start!
INDE After F.readFromFile(): AllocatorManager statistics:  noOfRealsPerBuffer: 1024 noOfBuffers: 20000 list.size(): 1. Allocated: 0.164 GB, Used: 0.00202 GB, Peak alloc: 0.164 GB.
INDE After creating wrapper MatrixType F_w(F): AllocatorManager statistics:  noOfRealsPerBuffer: 1024 noOfBuffers: 20000 list.size(): 1. Allocated: 0.164 GB, Used: 0.00219 GB, Peak alloc: 0.164 GB.
TIDE  F_w to orthogonal basis took      0.00 usr cpu s       0.02 sys cpu s       0.00 wall s
TIDE MatrixType::mixed_diff for maxEigValMovement_mixed took      0.00 usr cpu s       0.01 sys cpu s       0.00 wall s
TIDE symmMatrixWrap::eucl_diff for maxEigValMovement_eucl  took      0.02 usr cpu s       0.12 sys cpu s       0.02 wall s
INDE maxEigValMovement_frob  =         60.02150291211
INDE maxEigValMovement_mixed =         35.65502807886
INDE maxEigValMovement_eucl  =         20.36836967897
INDE lumo before truncation: [ -10000000000000000000000.000000000000 , 10000000000000000000000.000000000000 ]
INDE homo before truncation: [ -10000000000000000000000.000000000000 , 10000000000000000000000.000000000000 ]
INDE Truncate matrix F and update intervals for homo and lumo.
INDE Truncating F_ort ( mixed ), selected threshold =      5e-09
INDE Truncated F_ort ( mixed ), selected threshold =      5e-09, returned error =          0, nnz before = 100.0000 %, nnz after = 100.0000 %
TIDE Truncation of F_ort took      0.00 usr cpu s       0.00 sys cpu s       0.00 wall s
INDE Chosen Ergo Wrapper
INDE Creating purification object: N = 222 , nocc = 47 , NNZ = 49284  <-> 100.00000 %
INDE Chosen norm for the truncation: 
INDE mixed
INDE Chosen norm for the stopping criterion: 
INDE mixed
INDE Chosen the NEW stopping criterion.
INDE Allowed error in subspace 7.000000e-07
INDE Chosen SP2 purification method
INDE calling Puri->PurificationStart(), number of threads = 1, trunc norm 'mixed'
TIDE gershgorin took      0.00 usr cpu s       0.01 sys cpu s       0.00 wall s
INDE Gershgorin bounds: [ -35.383392950099 , 17.006716849938 ]
INDE EXPANDED Gershgorin bounds: [ -35.383392965000 , 17.006716864840 ]
INDE Trying to impove bounds using Lanczos algorithm...
TIDE compute_spectrum_bounds took      0.11 usr cpu s       0.40 sys cpu s       0.06 wall s
INDE Spectrum of F: 	 [ -20.368384569645 , 4.298398114365 ]
INDE Transform homo and lumo bounds...
INDE Bounds for homo and lumo of F are overlapping.
INDE HOMO bounds of X: 	 [ 0.000000000000 , 1.000000000000 ]
INDE LUMO bounds of X: 	 [ -0.000000000000 , 1.000000000000 ]
INDE ESTIMATED NUMBER OF ITERATIONS IS 100
INDE Put eigenvalues of F to the interval [0,1] in reverse order.
TIDE compute_X() took      0.00 usr cpu s       0.00 sys cpu s       0.00 wall s
TIDE prepare_to_purification() took      0.11 usr cpu s       0.40 sys cpu s       0.06 wall s
INDE (EIGV,PARAMS) Requested 0 occipied eigenpair(s).
INDE (EIGV,PARAMS) Requested 0 unoccipied eigenpair(s).
TIDE prepare_to_purification_eigenvectors() took      0.00 usr cpu s       0.00 sys cpu s       0.00 wall s
INDE Starting recursive expansion
INDE     BEFORE ITERATIONS:
TIDE truncate_matrix took      0.00 usr cpu s       0.00 sys cpu s       0.00 wall s
INDE Actual introduced error   0.000000e+00 : nnz before  49284 <-> 100.00 % , nnz after  49284 <-> 100.00 %
TIDE square took      0.00 usr cpu s       0.02 sys cpu s       0.00 wall s
INDE NNZ Xsq = 49284 <-> 100.00 %
TIDE Frobenius norm of X-X^2 took      0.00 usr cpu s       0.00 sys cpu s       0.00 wall s
TIDE Mixed norm of X-X^2 took      0.00 usr cpu s       0.01 sys cpu s       0.00 wall s
TIDE Trace of X-X^2 took      0.00 usr cpu s       0.00 sys cpu s       0.00 wall s
INDE ||X-X^2||_F = 1.705098e+00 , ||X-X^2||_mixed = 8.733721e-01
INDE trace(X-X^2) = 2.282336e+01
INDE trace(X) = 3.377374e+01
TIDE Iteration 0 took      0.00 usr cpu s       0.03 sys cpu s       0.00 wall s
TIDE FileWritable::writeAndReadAll took      0.00 usr cpu s       0.00 sys cpu s       0.00 wall s
INDE writeAndReadAll sizesStr: '0 MB (1 MatrixGeneral, 0 > 1 MB) + 0 MB (13 MatrixSymmetric, 0 > 1 MB) + 0 MB (2 VectorGeneral, 0 > 1 MB) = 0 MB (16 total, 0 > 1 MB)
INDE     ITERATION 1 :
TIDE purify_X took      0.00 usr cpu s       0.00 sys cpu s       0.00 wall s
TIDE truncate_matrix took      0.00 usr cpu s       0.00 sys cpu s       0.00 wall s
INDE Actual introduced error   0.000000e+00 : nnz before  49284 <-> 100.00 % , nnz after  49284 <-> 100.00 %
TIDE square took      0.01 usr cpu s       0.01 sys cpu s       0.00 wall s
INDE NNZ Xsq = 49284 <-> 100.00 %
TIDE Frobenius norm of X-X^2 took      0.00 usr cpu s       0.00 sys cpu s       0.00 wall s
TIDE Mixed norm of X-X^2 took      0.00 usr cpu s       0.01 sys cpu s       0.00 wall s
TIDE Trace of X-X^2 took      0.00 usr cpu s       0.00 sys cpu s       0.00 wall s
INDE ||X-X^2||_F = 2.464180e+00 , ||X-X^2||_mixed = 1.232558e+00
INDE trace(X-X^2) = 3.434810e+01
INDE trace(X) = 5.659710e+01
TIDE Iteration 1 took      0.01 usr cpu s       0.02 sys cpu s       0.00 wall s
INDE     ITERATION 2 :
TIDE purify_X took      0.00 usr cpu s       0.00 sys cpu s       0.00 wall s
TIDE truncate_matrix took      0.00 usr cpu s       0.00 sys cpu s       0.00 wall s
INDE Actual introduced error   0.000000e+00 : nnz before  49284 <-> 100.00 % , nnz after  49284 <-> 100.00 %
TIDE square took      0.00 usr cpu s       0.01 sys cpu s       0.00 wall s
INDE NNZ Xsq = 49284 <-> 100.00 %
TIDE Frobenius norm of X-X^2 took      0.00 usr cpu s       0.00 sys cpu s       0.00 wall s
TIDE Mixed norm of X-X^2 took      0.01 usr cpu s       0.00 sys cpu s       0.00 wall s
TIDE Trace of X-X^2 took      0.00 usr cpu s       0.00 sys cpu s       0.00 wall s
INDE ||X-X^2||_F = 1.067782e+00 , ||X-X^2||_mixed = 6.034635e-01
INDE trace(X-X^2) = 1.225214e+01
INDE trace(X) = 2.224900e+01
INDE Checking stopping criterion...   
INDE e_i =6.034635e-01, C*e_{i-1}^q = 5.253410e+00
INDE Order of convergence = 17.982642, stop = 0
TIDE stopping_criterion took      0.00 usr cpu s       0.00 sys cpu s       0.00 wall s
TIDE Iteration 2 took      0.01 usr cpu s       0.02 sys cpu s       0.00 wall s
INDE     ITERATION 3 :
TIDE purify_X took      0.00 usr cpu s       0.00 sys cpu s       0.00 wall s
TIDE truncate_matrix took      0.00 usr cpu s       0.00 sys cpu s       0.00 wall s
INDE Actual introduced error   0.000000e+00 : nnz before  49284 <-> 100.00 % , nnz after  49284 <-> 100.00 %
TIDE square took      0.01 usr cpu s       0.01 sys cpu s       0.00 wall s
INDE NNZ Xsq = 49284 <-> 100.00 %
TIDE Frobenius norm of X-X^2 took      0.00 usr cpu s       0.00 sys cpu s       0.00 wall s
TIDE Mixed norm of X-X^2 took      0.00 usr cpu s       0.01 sys cpu s       0.00 wall s
TIDE Trace of X-X^2 took      0.00 usr cpu s       0.00 sys cpu s       0.00 wall s
INDE ||X-X^2||_F = 1.543729e+00 , ||X-X^2||_mixed = 8.865467e-01
INDE trace(X-X^2) = 1.899157e+01
INDE trace(X) = 3.450114e+01
INDE Checking stopping criterion...   
INDE Order of convergence cannot be computed
TIDE stopping_criterion took      0.00 usr cpu s       0.00 sys cpu s       0.00 wall s
TIDE Iteration 3 took      0.01 usr cpu s       0.02 sys cpu s       0.00 wall s
INDE     ITERATION 4 :
TIDE purify_X took      0.00 usr cpu s       0.00 sys cpu s       0.00 wall s
TIDE truncate_matrix took      0.00 usr cpu s       0.00 sys cpu s       0.00 wall s
INDE Actual introduced error   0.000000e+00 : nnz before  49284 <-> 100.00 % , nnz after  49284 <-> 100.00 %
TIDE square took      0.01 usr cpu s       0.01 sys cpu s       0.00 wall s
INDE NNZ Xsq = 49284 <-> 100.00 %
TIDE Frobenius norm of X-X^2 took      0.00 usr cpu s       0.00 sys cpu s       0.00 wall s
TIDE Mixed norm of X-X^2 took      0.01 usr cpu s       0.00 sys cpu s       0.00 wall s
TIDE Trace of X-X^2 took      0.00 usr cpu s       0.00 sys cpu s       0.00 wall s
INDE ||X-X^2||_F = 2.274085e+00 , ||X-X^2||_mixed = 1.265529e+00
INDE trace(X-X^2) = 2.872793e+01
INDE trace(X) = 5.349271e+01
INDE Checking stopping criterion...   
INDE Order of convergence cannot be computed
TIDE stopping_criterion took      0.00 usr cpu s       0.00 sys cpu s       0.00 wall s
TIDE Iteration 4 took      0.02 usr cpu s       0.01 sys cpu s       0.00 wall s
INDE     ITERATION 5 :
TIDE purify_X took      0.00 usr cpu s       0.00 sys cpu s       0.00 wall s
TIDE truncate_matrix took      0.00 usr cpu s       0.00 sys cpu s       0.00 wall s
INDE Actual introduced error   0.000000e+00 : nnz before  49284 <-> 100.00 % , nnz after  49284 <-> 100.00 %
TIDE square took      0.00 usr cpu s       0.02 sys cpu s       0.00 wall s
INDE NNZ Xsq = 49284 <-> 100.00 %
TIDE Frobenius norm of X-X^2 took      0.00 usr cpu s       0.00 sys cpu s       0.00 wall s
TIDE Mixed norm of X-X^2 took      0.00 usr cpu s       0.01 sys cpu s       0.00 wall s
TIDE Trace of X-X^2 took      0.00 usr cpu s       0.00 sys cpu s       0.00 wall s
INDE ||X-X^2||_F = 1.044075e+00 , ||X-X^2||_mixed = 6.728930e-01
INDE trace(X-X^2) = 1.032929e+01
INDE trace(X) = 2.476478e+01
INDE Checking stopping criterion...   
INDE e_i =6.728930e-01, C*e_{i-1}^q = 5.413099e+00
INDE Order of convergence = 19.314117, stop = 0
TIDE stopping_criterion took      0.00 usr cpu s       0.00 sys cpu s       0.00 wall s
TIDE Iteration 5 took      0.00 usr cpu s       0.03 sys cpu s       0.00 wall s
INDE     ITERATION 6 :
TIDE purify_X took      0.00 usr cpu s       0.00 sys cpu s       0.00 wall s
TIDE truncate_matrix took      0.00 usr cpu s       0.00 sys cpu s       0.00 wall s
INDE Actual introduced error   0.000000e+00 : nnz before  49284 <-> 100.00 % , nnz after  49284 <-> 100.00 %
TIDE square took      0.00 usr cpu s       0.02 sys cpu s       0.00 wall s
INDE NNZ Xsq = 49284 <-> 100.00 %
TIDE Frobenius norm of X-X^2 took      0.00 usr cpu s       0.00 sys cpu s       0.00 wall s
TIDE Mixed norm of X-X^2 took      0.00 usr cpu s       0.01 sys cpu s       0.00 wall s
TIDE Trace of X-X^2 took      0.00 usr cpu s       0.00 sys cpu s       0.00 wall s
INDE ||X-X^2||_F = 1.613185e+00 , ||X-X^2||_mixed = 1.010494e+00
INDE trace(X-X^2) = 1.679071e+01
INDE trace(X) = 3.509407e+01
INDE Checking stopping criterion...   
INDE Order of convergence cannot be computed
TIDE stopping_criterion took      0.00 usr cpu s       0.00 sys cpu s       0.00 wall s
TIDE Iteration 6 took      0.01 usr cpu s       0.03 sys cpu s       0.00 wall s
INDE     ITERATION 7 :
TIDE purify_X took      0.00 usr cpu s       0.00 sys cpu s       0.00 wall s
TIDE truncate_matrix took      0.00 usr cpu s       0.00 sys cpu s       0.00 wall s
INDE Actual introduced error   0.000000e+00 : nnz before  49284 <-> 100.00 % , nnz after  49284 <-> 100.00 %
TIDE square took      0.00 usr cpu s       0.02 sys cpu s       0.00 wall s
INDE NNZ Xsq = 49284 <-> 100.00 %
TIDE Frobenius norm of X-X^2 took      0.00 usr cpu s       0.00 sys cpu s       0.00 wall s
TIDE Mixed norm of X-X^2 took      0.00 usr cpu s       0.01 sys cpu s       0.00 wall s
TIDE Trace of X-X^2 took      0.00 usr cpu s       0.00 sys cpu s       0.00 wall s
INDE ||X-X^2||_F = 2.090513e+00 , ||X-X^2||_mixed = 1.250532e+00
INDE trace(X-X^2) = 2.363334e+01
INDE trace(X) = 5.188478e+01
INDE Checking stopping criterion...   
INDE Order of convergence cannot be computed
TIDE stopping_criterion took      0.00 usr cpu s       0.00 sys cpu s       0.00 wall s
TIDE Iteration 7 took      0.01 usr cpu s       0.03 sys cpu s       0.00 wall s
INDE     ITERATION 8 :
TIDE purify_X took      0.00 usr cpu s       0.00 sys cpu s       0.00 wall s
TIDE truncate_matrix took      0.00 usr cpu s       0.00 sys cpu s       0.00 wall s
INDE Actual introduced error   0.000000e+00 : nnz before  49284 <-> 100.00 % , nnz after  49284 <-> 100.00 %
TIDE square took      0.00 usr cpu s       0.02 sys cpu s       0.00 wall s
INDE NNZ Xsq = 49284 <-> 100.00 %
TIDE Frobenius norm of X-X^2 took      0.00 usr cpu s       0.00 sys cpu s       0.00 wall s
TIDE Mixed norm of X-X^2 took      0.00 usr cpu s       0.01 sys cpu s       0.00 wall s
TIDE Trace of X-X^2 took      0.00 usr cpu s       0.00 sys cpu s       0.00 wall s
INDE ||X-X^2||_F = 1.345119e+00 , ||X-X^2||_mixed = 9.132063e-01
INDE trace(X-X^2) = 1.119730e+01
INDE trace(X) = 2.825144e+01
INDE Checking stopping criterion...   
INDE Order of convergence cannot be computed
TIDE stopping_criterion took      0.00 usr cpu s       0.00 sys cpu s       0.00 wall s
TIDE Iteration 8 took      0.00 usr cpu s       0.03 sys cpu s       0.00 wall s
INDE     ITERATION 9 :
TIDE purify_X took      0.00 usr cpu s       0.00 sys cpu s       0.00 wall s
TIDE truncate_matrix took      0.00 usr cpu s       0.00 sys cpu s       0.00 wall s
INDE Actual introduced error   0.000000e+00 : nnz before  49284 <-> 100.00 % , nnz after  49284 <-> 100.00 %
TIDE square took      0.00 usr cpu s       0.01 sys cpu s       0.00 wall s
INDE NNZ Xsq = 49284 <-> 100.00 %
TIDE Frobenius norm of X-X^2 took      0.00 usr cpu s       0.00 sys cpu s       0.00 wall s
TIDE Mixed norm of X-X^2 took      0.00 usr cpu s       0.01 sys cpu s       0.00 wall s
TIDE Trace of X-X^2 took      0.00 usr cpu s       0.00 sys cpu s       0.00 wall s
INDE ||X-X^2||_F = 1.655806e+00 , ||X-X^2||_mixed = 1.082001e+00
INDE trace(X-X^2) = 1.524697e+01
INDE trace(X) = 3.944874e+01
INDE Checking stopping criterion...   
INDE Order of convergence cannot be computed
TIDE stopping_criterion took      0.00 usr cpu s       0.00 sys cpu s       0.00 wall s
TIDE Iteration 9 took      0.01 usr cpu s       0.03 sys cpu s       0.00 wall s
INDE     ITERATION 10 :
TIDE purify_X took      0.00 usr cpu s       0.00 sys cpu s       0.00 wall s
TIDE truncate_matrix took      0.00 usr cpu s       0.00 sys cpu s       0.00 wall s
INDE Actual introduced error   0.000000e+00 : nnz before  49284 <-> 100.00 % , nnz after  49284 <-> 100.00 %
TIDE square took      0.00 usr cpu s       0.01 sys cpu s       0.00 wall s
INDE NNZ Xsq = 49284 <-> 100.00 %
TIDE Frobenius norm of X-X^2 took      0.00 usr cpu s       0.00 sys cpu s       0.00 wall s
TIDE Mixed norm of X-X^2 took      0.00 usr cpu s       0.01 sys cpu s       0.00 wall s
TIDE Trace of X-X^2 took      0.00 usr cpu s       0.00 sys cpu s       0.00 wall s
INDE ||X-X^2||_F = 1.710856e+00 , ||X-X^2||_mixed = 1.091476e+00
INDE trace(X-X^2) = 1.727516e+01
INDE trace(X) = 5.469571e+01
INDE Checking stopping criterion...   
INDE Order of convergence cannot be computed
TIDE stopping_criterion took      0.00 usr cpu s       0.00 sys cpu s       0.00 wall s
TIDE Iteration 10 took      0.01 usr cpu s       0.03 sys cpu s       0.00 wall s
INDE     ITERATION 11 :
TIDE purify_X took      0.00 usr cpu s       0.00 sys cpu s       0.00 wall s
TIDE truncate_matrix took      0.00 usr cpu s       0.00 sys cpu s       0.00 wall s
INDE Actual introduced error   0.000000e+00 : nnz before  49284 <-> 100.00 % , nnz after  49284 <-> 100.00 %
TIDE square took      0.00 usr cpu s       0.01 sys cpu s       0.00 wall s
INDE NNZ Xsq = 49284 <-> 100.00 %
TIDE Frobenius norm of X-X^2 took      0.00 usr cpu s       0.00 sys cpu s       0.00 wall s
TIDE Mixed norm of X-X^2 took      0.00 usr cpu s       0.01 sys cpu s       0.00 wall s
TIDE Trace of X-X^2 took      0.00 usr cpu s       0.00 sys cpu s       0.00 wall s
INDE ||X-X^2||_F = 1.425094e+00 , ||X-X^2||_mixed = 9.838954e-01
INDE trace(X-X^2) = 1.095023e+01
INDE trace(X) = 3.742055e+01
INDE Checking stopping criterion...   
INDE Order of convergence cannot be computed
TIDE stopping_criterion took      0.00 usr cpu s       0.00 sys cpu s       0.00 wall s
TIDE Iteration 11 took      0.01 usr cpu s       0.02 sys cpu s       0.00 wall s
INDE     ITERATION 12 :
TIDE purify_X took      0.00 usr cpu s       0.00 sys cpu s       0.00 wall s
TIDE truncate_matrix took      0.00 usr cpu s       0.00 sys cpu s       0.00 wall s
INDE Actual introduced error   0.000000e+00 : nnz before  49284 <-> 100.00 % , nnz after  49284 <-> 100.00 %
TIDE square took      0.01 usr cpu s       0.01 sys cpu s       0.00 wall s
INDE NNZ Xsq = 49284 <-> 100.00 %
TIDE Frobenius norm of X-X^2 took      0.00 usr cpu s       0.00 sys cpu s       0.00 wall s
TIDE Mixed norm of X-X^2 took      0.00 usr cpu s       0.01 sys cpu s       0.00 wall s
TIDE Trace of X-X^2 took      0.00 usr cpu s       0.00 sys cpu s       0.00 wall s
INDE ||X-X^2||_F = 1.256413e+00 , ||X-X^2||_mixed = 8.518156e-01
INDE trace(X-X^2) = 1.047166e+01
INDE trace(X) = 4.837078e+01
INDE Checking stopping criterion...   
INDE Order of convergence cannot be computed
TIDE stopping_criterion took      0.00 usr cpu s       0.00 sys cpu s       0.00 wall s
TIDE Iteration 12 took      0.01 usr cpu s       0.03 sys cpu s       0.00 wall s
INDE     ITERATION 13 :
TIDE purify_X took      0.00 usr cpu s       0.00 sys cpu s       0.00 wall s
TIDE truncate_matrix took      0.00 usr cpu s       0.00 sys cpu s       0.00 wall s
INDE Actual introduced error   0.000000e+00 : nnz before  49284 <-> 100.00 % , nnz after  49284 <-> 100.00 %
TIDE square took      0.01 usr cpu s       0.01 sys cpu s       0.00 wall s
INDE NNZ Xsq = 49284 <-> 100.00 %
TIDE Frobenius norm of X-X^2 took      0.00 usr cpu s       0.00 sys cpu s       0.00 wall s
TIDE Mixed norm of X-X^2 took      0.00 usr cpu s       0.01 sys cpu s       0.00 wall s
TIDE Trace of X-X^2 took      0.00 usr cpu s       0.00 sys cpu s       0.00 wall s
INDE ||X-X^2||_F = 1.213194e+00 , ||X-X^2||_mixed = 8.812568e-01
INDE trace(X-X^2) = 7.728502e+00
INDE trace(X) = 3.789913e+01
INDE Checking stopping criterion...   
INDE e_i =8.812568e-01, C*e_{i-1}^q = 6.667155e+00
INDE Order of convergence = 126.638843, stop = 0
TIDE stopping_criterion took      0.00 usr cpu s       0.00 sys cpu s       0.00 wall s
TIDE Iteration 13 took      0.01 usr cpu s       0.02 sys cpu s       0.00 wall s
INDE     ITERATION 14 :
TIDE purify_X took      0.00 usr cpu s       0.00 sys cpu s       0.00 wall s
TIDE truncate_matrix took      0.00 usr cpu s       0.00 sys cpu s       0.00 wall s
INDE Actual introduced error   0.000000e+00 : nnz before  49284 <-> 100.00 % , nnz after  49284 <-> 100.00 %
TIDE square took      0.01 usr cpu s       0.01 sys cpu s       0.00 wall s
INDE NNZ Xsq = 49284 <-> 100.00 %
TIDE Frobenius norm of X-X^2 took      0.00 usr cpu s       0.00 sys cpu s       0.00 wall s
TIDE Mixed norm of X-X^2 took      0.00 usr cpu s       0.01 sys cpu s       0.00 wall s
TIDE Trace of X-X^2 took      0.00 usr cpu s       0.00 sys cpu s       0.00 wall s
INDE ||X-X^2||_F = 8.600061e-01 , ||X-X^2||_mixed = 6.247115e-01
INDE trace(X-X^2) = 5.746917e+00
INDE trace(X) = 4.562763e+01
INDE Checking stopping criterion...   
INDE e_i =6.247115e-01, C*e_{i-1}^q = 4.997282e+00
INDE Order of convergence = 14.964782, stop = 0
TIDE stopping_criterion took      0.00 usr cpu s       0.00 sys cpu s       0.00 wall s
TIDE Iteration 14 took      0.01 usr cpu s       0.02 sys cpu s       0.00 wall s
INDE     ITERATION 15 :
TIDE purify_X took      0.00 usr cpu s       0.00 sys cpu s       0.00 wall s
TIDE truncate_matrix took      0.00 usr cpu s       0.00 sys cpu s       0.00 wall s
INDE Actual introduced error   0.000000e+00 : nnz before  49284 <-> 100.00 % , nnz after  49284 <-> 100.00 %
TIDE square took      0.00 usr cpu s       0.02 sys cpu s       0.00 wall s
INDE NNZ Xsq = 49284 <-> 100.00 %
TIDE Frobenius norm of X-X^2 took      0.00 usr cpu s       0.00 sys cpu s       0.00 wall s
TIDE Mixed norm of X-X^2 took      0.00 usr cpu s       0.01 sys cpu s       0.00 wall s
TIDE Trace of X-X^2 took      0.00 usr cpu s       0.00 sys cpu s       0.00 wall s
INDE ||X-X^2||_F = 8.092625e-01 , ||X-X^2||_mixed = 5.990836e-01
INDE trace(X-X^2) = 4.712404e+00
INDE trace(X) = 5.137455e+01
INDE Checking stopping criterion...   
INDE Order of convergence cannot be computed
TIDE stopping_criterion took      0.00 usr cpu s       0.00 sys cpu s       0.00 wall s
TIDE Iteration 15 took      0.00 usr cpu s       0.03 sys cpu s       0.00 wall s
INDE     ITERATION 16 :
TIDE purify_X took      0.00 usr cpu s       0.00 sys cpu s       0.00 wall s
TIDE truncate_matrix took      0.00 usr cpu s       0.00 sys cpu s       0.00 wall s
INDE Actual introduced error   0.000000e+00 : nnz before  49284 <-> 100.00 % , nnz after  49284 <-> 100.00 %
TIDE square took      0.00 usr cpu s       0.01 sys cpu s       0.00 wall s
INDE NNZ Xsq = 49284 <-> 100.00 %
TIDE Frobenius norm of X-X^2 took      0.00 usr cpu s       0.00 sys cpu s       0.00 wall s
TIDE Mixed norm of X-X^2 took      0.00 usr cpu s       0.01 sys cpu s       0.00 wall s
TIDE Trace of X-X^2 took      0.00 usr cpu s       0.00 sys cpu s       0.00 wall s
INDE ||X-X^2||_F = 4.667403e-01 , ||X-X^2||_mixed = 3.704868e-01
INDE trace(X-X^2) = 2.501689e+00
INDE trace(X) = 4.666214e+01
INDE Checking stopping criterion...   
INDE e_i =3.704868e-01, C*e_{i-1}^q = 2.687829e+00
INDE Order of convergence = 6.212151, stop = 0
TIDE stopping_criterion took      0.00 usr cpu s       0.00 sys cpu s       0.00 wall s
TIDE Iteration 16 took      0.01 usr cpu s       0.03 sys cpu s       0.00 wall s
INDE     ITERATION 17 :
TIDE purify_X took      0.00 usr cpu s       0.00 sys cpu s       0.00 wall s
TIDE truncate_matrix took      0.00 usr cpu s       0.00 sys cpu s       0.00 wall s
INDE Actual introduced error   0.000000e+00 : nnz before  49284 <-> 100.00 % , nnz after  49284 <-> 100.00 %
TIDE square took      0.00 usr cpu s       0.01 sys cpu s       0.00 wall s
INDE NNZ Xsq = 49284 <-> 100.00 %
TIDE Frobenius norm of X-X^2 took      0.00 usr cpu s       0.00 sys cpu s       0.00 wall s
TIDE Mixed norm of X-X^2 took      0.00 usr cpu s       0.01 sys cpu s       0.00 wall s
TIDE Trace of X-X^2 took      0.00 usr cpu s       0.00 sys cpu s       0.00 wall s
INDE ||X-X^2||_F = 5.015495e-01 , ||X-X^2||_mixed = 4.049060e-01
INDE trace(X-X^2) = 2.071714e+00
INDE trace(X) = 4.916383e+01
INDE Checking stopping criterion...   
INDE e_i =4.049060e-01, C*e_{i-1}^q = 2.471824e+00
INDE Order of convergence = 5.530871, stop = 0
TIDE stopping_criterion took      0.00 usr cpu s       0.00 sys cpu s       0.00 wall s
TIDE Iteration 17 took      0.01 usr cpu s       0.02 sys cpu s       0.00 wall s
INDE     ITERATION 18 :
TIDE purify_X took      0.00 usr cpu s       0.00 sys cpu s       0.00 wall s
TIDE truncate_matrix took      0.00 usr cpu s       0.00 sys cpu s       0.00 wall s
INDE Actual introduced error   0.000000e+00 : nnz before  49284 <-> 100.00 % , nnz after  49284 <-> 100.00 %
TIDE square took      0.01 usr cpu s       0.01 sys cpu s       0.00 wall s
INDE NNZ Xsq = 49284 <-> 100.00 %
TIDE Frobenius norm of X-X^2 took      0.00 usr cpu s       0.00 sys cpu s       0.00 wall s
TIDE Mixed norm of X-X^2 took      0.01 usr cpu s       0.01 sys cpu s       0.00 wall s
TIDE Trace of X-X^2 took      0.00 usr cpu s       0.00 sys cpu s       0.00 wall s
INDE ||X-X^2||_F = 1.926056e-01 , ||X-X^2||_mixed = 1.721358e-01
INDE trace(X-X^2) = 7.182939e-01
INDE trace(X) = 4.709212e+01
INDE Checking stopping criterion...   
INDE e_i =1.721358e-01, C*e_{i-1}^q = 9.453404e-01
INDE Order of convergence = 3.715376, stop = 0
TIDE stopping_criterion took      0.00 usr cpu s       0.00 sys cpu s       0.00 wall s
TIDE Iteration 18 took      0.02 usr cpu s       0.01 sys cpu s       0.00 wall s
INDE     ITERATION 19 :
TIDE purify_X took      0.00 usr cpu s       0.00 sys cpu s       0.00 wall s
TIDE truncate_matrix took      0.00 usr cpu s       0.00 sys cpu s       0.00 wall s
INDE Actual introduced error   0.000000e+00 : nnz before  49284 <-> 100.00 % , nnz after  49284 <-> 100.00 %
TIDE square took      0.00 usr cpu s       0.01 sys cpu s       0.00 wall s
INDE NNZ Xsq = 49284 <-> 100.00 %
TIDE Frobenius norm of X-X^2 took      0.00 usr cpu s       0.00 sys cpu s       0.00 wall s
TIDE Mixed norm of X-X^2 took      0.00 usr cpu s       0.01 sys cpu s       0.00 wall s
TIDE Trace of X-X^2 took      0.00 usr cpu s       0.00 sys cpu s       0.00 wall s
INDE ||X-X^2||_F = 2.094203e-01 , ||X-X^2||_mixed = 1.940549e-01
INDE trace(X-X^2) = 6.297633e-01
INDE trace(X) = 4.637382e+01
INDE Checking stopping criterion...   
INDE Order of convergence cannot be computed
TIDE stopping_criterion took      0.00 usr cpu s       0.00 sys cpu s       0.00 wall s
TIDE Iteration 19 took      0.01 usr cpu s       0.03 sys cpu s       0.00 wall s
INDE     ITERATION 20 :
TIDE purify_X took      0.00 usr cpu s       0.00 sys cpu s       0.00 wall s
TIDE truncate_matrix took      0.00 usr cpu s       0.00 sys cpu s       0.00 wall s
INDE Actual introduced error   0.000000e+00 : nnz before  49284 <-> 100.00 % , nnz after  49284 <-> 100.00 %
TIDE square took      0.01 usr cpu s       0.01 sys cpu s       0.00 wall s
INDE NNZ Xsq = 49284 <-> 100.00 %
TIDE Frobenius norm of X-X^2 took      0.00 usr cpu s       0.00 sys cpu s       0.00 wall s
TIDE Mixed norm of X-X^2 took      0.01 usr cpu s       0.01 sys cpu s       0.00 wall s
TIDE Trace of X-X^2 took      0.00 usr cpu s       0.00 sys cpu s       0.00 wall s
INDE ||X-X^2||_F = 4.472231e-02 , ||X-X^2||_mixed = 4.258305e-02
INDE trace(X-X^2) = 1.122174e-01
INDE trace(X) = 4.700359e+01
INDE Checking stopping criterion...   
INDE e_i =4.258305e-02, C*e_{i-1}^q = 2.040728e-01
INDE Order of convergence = 2.890620, stop = 0
TIDE stopping_criterion took      0.00 usr cpu s       0.00 sys cpu s       0.00 wall s
TIDE Iteration 20 took      0.01 usr cpu s       0.02 sys cpu s       0.00 wall s
INDE     ITERATION 21 :
TIDE purify_X took      0.00 usr cpu s       0.00 sys cpu s       0.00 wall s
TIDE truncate_matrix took      0.00 usr cpu s       0.00 sys cpu s       0.00 wall s
INDE Actual introduced error   0.000000e+00 : nnz before  49284 <-> 100.00 % , nnz after  49284 <-> 100.00 %
TIDE square took      0.00 usr cpu s       0.02 sys cpu s       0.00 wall s
INDE NNZ Xsq = 49284 <-> 100.00 %
TIDE Frobenius norm of X-X^2 took      0.00 usr cpu s       0.00 sys cpu s       0.00 wall s
TIDE Mixed norm of X-X^2 took      0.00 usr cpu s       0.01 sys cpu s       0.00 wall s
TIDE Trace of X-X^2 took      0.00 usr cpu s       0.00 sys cpu s       0.00 wall s
INDE ||X-X^2||_F = 5.423918e-02 , ||X-X^2||_mixed = 5.348842e-02
INDE trace(X-X^2) = 1.080452e-01
INDE trace(X) = 4.689137e+01
INDE Checking stopping criterion...   
INDE e_i =5.348842e-02, C*e_{i-1}^q = 2.593533e-01
INDE Order of convergence = 2.962864, stop = 0
TIDE stopping_criterion took      0.00 usr cpu s       0.00 sys cpu s       0.00 wall s
TIDE Iteration 21 took      0.00 usr cpu s       0.03 sys cpu s       0.00 wall s
INDE     ITERATION 22 :
TIDE purify_X took      0.00 usr cpu s       0.00 sys cpu s       0.00 wall s
TIDE truncate_matrix took      0.00 usr cpu s       0.00 sys cpu s       0.00 wall s
INDE Actual introduced error   0.000000e+00 : nnz before  49284 <-> 100.00 % , nnz after  49284 <-> 100.00 %
TIDE square took      0.01 usr cpu s       0.01 sys cpu s       0.00 wall s
INDE NNZ Xsq = 49284 <-> 100.00 %
TIDE Frobenius norm of X-X^2 took      0.00 usr cpu s       0.00 sys cpu s       0.00 wall s
TIDE Mixed norm of X-X^2 took      0.00 usr cpu s       0.01 sys cpu s       0.00 wall s
TIDE Trace of X-X^2 took      0.00 usr cpu s       0.00 sys cpu s       0.00 wall s
INDE ||X-X^2||_F = 2.958770e-03 , ||X-X^2||_mixed = 2.847303e-03
INDE trace(X-X^2) = 5.745648e-03
INDE trace(X) = 4.699942e+01
INDE Checking stopping criterion...   
INDE e_i =2.847303e-03, C*e_{i-1}^q = 1.248867e-02
INDE Order of convergence = 2.468412, stop = 0
TIDE stopping_criterion took      0.00 usr cpu s       0.00 sys cpu s       0.00 wall s
TIDE Iteration 22 took      0.01 usr cpu s       0.03 sys cpu s       0.00 wall s
INDE     ITERATION 23 :
TIDE purify_X took      0.00 usr cpu s       0.00 sys cpu s       0.00 wall s
TIDE truncate_matrix took      0.00 usr cpu s       0.00 sys cpu s       0.00 wall s
INDE Actual introduced error   0.000000e+00 : nnz before  49284 <-> 100.00 % , nnz after  49284 <-> 100.00 %
TIDE square took      0.00 usr cpu s       0.02 sys cpu s       0.00 wall s
INDE NNZ Xsq = 49284 <-> 100.00 %
TIDE Frobenius norm of X-X^2 took      0.00 usr cpu s       0.00 sys cpu s       0.00 wall s
TIDE Mixed norm of X-X^2 took      0.00 usr cpu s       0.01 sys cpu s       0.00 wall s
TIDE Trace of X-X^2 took      0.00 usr cpu s       0.00 sys cpu s       0.00 wall s
INDE ||X-X^2||_F = 4.082188e-03 , ||X-X^2||_mixed = 4.073415e-03
INDE trace(X-X^2) = 5.153137e-03
INDE trace(X) = 4.700516e+01
INDE Checking stopping criterion...   
INDE Order of convergence cannot be computed
TIDE stopping_criterion took      0.00 usr cpu s       0.00 sys cpu s       0.00 wall s
TIDE Iteration 23 took      0.01 usr cpu s       0.02 sys cpu s       0.00 wall s
INDE     ITERATION 24 :
TIDE purify_X took      0.00 usr cpu s       0.00 sys cpu s       0.00 wall s
TIDE truncate_matrix took      0.00 usr cpu s       0.00 sys cpu s       0.00 wall s
INDE Actual introduced error   0.000000e+00 : nnz before  49284 <-> 100.00 % , nnz after  49284 <-> 100.00 %
TIDE square took      0.00 usr cpu s       0.01 sys cpu s       0.00 wall s
INDE NNZ Xsq = 49284 <-> 100.00 %
TIDE Frobenius norm of X-X^2 took      0.00 usr cpu s       0.00 sys cpu s       0.00 wall s
TIDE Mixed norm of X-X^2 took      0.00 usr cpu s       0.01 sys cpu s       0.00 wall s
TIDE Trace of X-X^2 took      0.00 usr cpu s       0.00 sys cpu s       0.00 wall s
INDE ||X-X^2||_F = 1.718235e-05 , ||X-X^2||_mixed = 1.685918e-05
INDE trace(X-X^2) = 2.594882e-05
INDE trace(X) = 4.700001e+01
INDE Checking stopping criterion...   
INDE e_i =1.685918e-05, C*e_{i-1}^q = 5.583545e-05
INDE Order of convergence = 2.204306, stop = 0
TIDE stopping_criterion took      0.00 usr cpu s       0.00 sys cpu s       0.00 wall s
TIDE Iteration 24 took      0.01 usr cpu s       0.02 sys cpu s       0.00 wall s
INDE     ITERATION 25 :
TIDE purify_X took      0.00 usr cpu s       0.00 sys cpu s       0.00 wall s
TIDE truncate_matrix took      0.00 usr cpu s       0.00 sys cpu s       0.00 wall s
INDE Actual introduced error   0.000000e+00 : nnz before  49284 <-> 100.00 % , nnz after  49284 <-> 100.00 %
TIDE square took      0.00 usr cpu s       0.02 sys cpu s       0.00 wall s
INDE NNZ Xsq = 49284 <-> 100.00 %
TIDE Frobenius norm of X-X^2 took      0.00 usr cpu s       0.00 sys cpu s       0.00 wall s
TIDE Mixed norm of X-X^2 took      0.00 usr cpu s       0.01 sys cpu s       0.00 wall s
TIDE Trace of X-X^2 took      0.00 usr cpu s       0.00 sys cpu s       0.00 wall s
INDE ||X-X^2||_F = 1.437638e-05 , ||X-X^2||_mixed = 1.436439e-05
INDE trace(X-X^2) = 1.831931e-05
INDE trace(X) = 4.699998e+01
INDE Checking stopping criterion...   
INDE Order of convergence cannot be computed
TIDE stopping_criterion took      0.00 usr cpu s       0.00 sys cpu s       0.00 wall s
TIDE Iteration 25 took      0.01 usr cpu s       0.02 sys cpu s       0.00 wall s
INDE     ITERATION 26 :
TIDE purify_X took      0.00 usr cpu s       0.00 sys cpu s       0.00 wall s
TIDE truncate_matrix took      0.00 usr cpu s       0.00 sys cpu s       0.00 wall s
INDE Actual introduced error   0.000000e+00 : nnz before  49284 <-> 100.00 % , nnz after  49284 <-> 100.00 %
TIDE square took      0.00 usr cpu s       0.02 sys cpu s       0.00 wall s
INDE NNZ Xsq = 49284 <-> 100.00 %
TIDE Frobenius norm of X-X^2 took      0.00 usr cpu s       0.00 sys cpu s       0.00 wall s
TIDE Mixed norm of X-X^2 took      0.00 usr cpu s       0.01 sys cpu s       0.00 wall s
TIDE Trace of X-X^2 took      0.00 usr cpu s       0.00 sys cpu s       0.00 wall s
INDE ||X-X^2||_F = 5.188685e-10 , ||X-X^2||_mixed = 5.115969e-10
INDE trace(X-X^2) = 6.938237e-10
INDE trace(X) = 4.700000e+01
INDE Checking stopping criterion...   
INDE e_i =5.115969e-10, C*e_{i-1}^q = 1.957561e-09
INDE Order of convergence = 2.122097, stop = 0
TIDE stopping_criterion took      0.00 usr cpu s       0.00 sys cpu s       0.00 wall s
TIDE Iteration 26 took      0.01 usr cpu s       0.02 sys cpu s       0.00 wall s
INDE     ITERATION 27 :
TIDE purify_X took      0.00 usr cpu s       0.00 sys cpu s       0.00 wall s
TIDE truncate_matrix took      0.00 usr cpu s       0.00 sys cpu s       0.00 wall s
INDE Actual introduced error   0.000000e+00 : nnz before  49284 <-> 100.00 % , nnz after  49284 <-> 100.00 %
TIDE square took      0.01 usr cpu s       0.01 sys cpu s       0.00 wall s
INDE NNZ Xsq = 49284 <-> 100.00 %
TIDE Frobenius norm of X-X^2 took      0.00 usr cpu s       0.00 sys cpu s       0.00 wall s
TIDE Mixed norm of X-X^2 took      0.00 usr cpu s       0.01 sys cpu s       0.00 wall s
TIDE Trace of X-X^2 took      0.00 usr cpu s       0.00 sys cpu s       0.00 wall s
INDE ||X-X^2||_F = 3.731930e-10 , ||X-X^2||_mixed = 3.731486e-10
INDE trace(X-X^2) = 4.133724e-10
INDE trace(X) = 4.700000e+01
INDE Checking stopping criterion...   
INDE e_i =3.731486e-10, C*e_{i-1}^q = 1.421076e-09
INDE Order of convergence = 2.119919, stop = 0
TIDE stopping_criterion took      0.00 usr cpu s       0.00 sys cpu s       0.00 wall s
TIDE Iteration 27 took      0.01 usr cpu s       0.02 sys cpu s       0.00 wall s
INDE     ITERATION 28 :
TIDE purify_X took      0.00 usr cpu s       0.00 sys cpu s       0.00 wall s
TIDE truncate_matrix took      0.00 usr cpu s       0.00 sys cpu s       0.00 wall s
INDE Actual introduced error   0.000000e+00 : nnz before  49284 <-> 100.00 % , nnz after  49284 <-> 100.00 %
TIDE square took      0.00 usr cpu s       0.01 sys cpu s       0.00 wall s
INDE NNZ Xsq = 49284 <-> 100.00 %
TIDE Frobenius norm of X-X^2 took      0.00 usr cpu s       0.00 sys cpu s       0.00 wall s
TIDE Mixed norm of X-X^2 took      0.00 usr cpu s       0.00 sys cpu s       0.00 wall s
TIDE Trace of X-X^2 took      0.00 usr cpu s       0.00 sys cpu s       0.00 wall s
INDE ||X-X^2||_F = 2.257884e-15 , ||X-X^2||_mixed = 0.000000e+00
INDE trace(X-X^2) = 7.105427e-15
INDE trace(X) = 4.700000e+01
INDE Checking stopping criterion...   
INDE ************************************************************************************************************
INDE The norm value went much below machine precision, therefore we stop here since n_max can be underestimated.
INDE ************************************************************************************************************
INDE e_i =0.000000e+00, C*e_{i-1}^q = 1.802596e-18
INDE Order of convergence = inf, stop = 1
TIDE stopping_criterion took      0.00 usr cpu s       0.00 sys cpu s       0.00 wall s
INDE PURIFICATION CONVERGED after 28 iterations
TIDE Iteration 28 took      0.01 usr cpu s       0.02 sys cpu s       0.00 wall s
INDE Number of non-zeros in D is  49284 <-> 100.00 %
TIDE FileWritable::writeAndReadAll took      0.00 usr cpu s       0.00 sys cpu s       0.00 wall s
INDE writeAndReadAll sizesStr: '0 MB (1 MatrixGeneral, 0 > 1 MB) + 0 MB (13 MatrixSymmetric, 0 > 1 MB) + 0 MB (2 VectorGeneral, 0 > 1 MB) = 0 MB (16 total, 0 > 1 MB)
INDE TOTAL X square time: 0.062885 wall s
INDE TOTAL X trunction time: 0.003761 wall s
INDE TOTAL X purify (exl. X^2 computation) time: 0.003543 wall s
INDE TOTAL time to get number of non-zero elements: 0.001102 wall s
INDE TOTAL time to get mixed norm: 0.042977 wall s
INDE TOTAL time to get Frobenius norm: 0.003692 wall s
INDE TOTAL time for stopping criterion: 0.001371 wall s
INDE TOTAL time to get matrix trace: 0.000584 wall s
INDE Estimated bounds for the eigenvalues for the Fock matrix:
INDE LUMO: [ 0.118540771004 , 0.197306996449 ]
INDE HOMO: [ -0.377149208576 , -0.316227106482 ]
TIDE eigenvalue_bounds_estimation() took      0.00 usr cpu s       0.00 sys cpu s       0.00 wall s
TIDE Recursive expansion took      0.39 usr cpu s       1.10 sys cpu s       0.19 wall s
TIDE Puri->PurificationStart() took      0.39 usr cpu s       1.10 sys cpu s       0.19 wall s
TIDE Accumulated wall times for writeToFile in PurificationStart()          : 0 s (MatrixGeneral) + 3.3e-06 s (MatrixSymmetric) + 7.5e-05 s (VectorGeneral) = 7.8e-05 s
TIDE Accumulated wall times for readFromFile in PurificationStart()         : 1.2e-06 s (MatrixGeneral) + 2.1e-06 s (MatrixSymmetric) + 3.5e-05 s (VectorGeneral) = 3.8e-05 s
TIDE Accumulated wall times for copy and assign in PurificationStart()      : 1.9e-06 s (MatrixSymmetric) + 4.2e-05 s (VectorGeneral) = 4.4e-05 s
INDE Number of calls to writeToFile in PurificationStart()                  : 2 (MatrixGeneral) + 27 (MatrixSymmetric) + 928 (VectorGeneral) = 957 
INDE Number of calls to readFromFile in PurificationStart()                 : 2 (MatrixGeneral) + 26 (MatrixSymmetric) + 380 (VectorGeneral) = 408 
INDE Number of calls to FileWritable copy and assign in PurificationStart() : 2 (MatrixSymmetric) + 30 (VectorGeneral) = 32 
TIDE mat::Gblas::time after purification :     0.857355
INDE Created .m files with results of the purification
INDE Purification converged OK
INDE E(LUMO) - E(HOMO) >=          0.43476787749 =         11.83063669818 eV
INDE E(LUMO) - E(HOMO) <=          0.57445620503 =         15.63174975107 eV
INDE HOMO interval : [   -0.377149208576   -0.316227106482 ]
INDE LUMO interval : [    0.118540771004    0.197306996449 ]
INDE Trace of resulting density matrix is         47.00000000000, error is   0.00000000000000.
INDE Truncated D_ort ( mixed ), selected threshold = 9.99999e-08, returned error =          0, nnz before = 49284 <-> 100.0000 %, nnz after = 49284 <-> 100.0000 %
TIDE FileWritable::writeAndReadAll took      0.00 usr cpu s       0.00 sys cpu s       0.00 wall s
INDE writeAndReadAll sizesStr: '0 MB (1 MatrixGeneral, 0 > 1 MB) + 0 MB (12 MatrixSymmetric, 0 > 1 MB) + 0 MB (1 MatrixTriangular, 0 > 1 MB) = 0 MB (14 total, 0 > 1 MB)
TIDE D_w to non-orthogonal basis took      0.00 usr cpu s       0.02 sys cpu s       0.00 wall s
INDE Truncated D_S (eucl with Z), selected threshold = 9.99999e-08, returned error =          0, nnz before = 100.0000 %, nnz after = 100.0000 %
INDE get_dens_from_fock_sparse ending OK
TIDE get_dens_from_fock_sparse took      0.47 usr cpu s       1.43 sys cpu s       0.24 wall s
ERDE get_dens_from_fock  (GetDensFromFock class) : purification finished OK.
TIDE get_dens_from_fock took      0.47 usr cpu s       1.43 sys cpu s       0.24 wall s
INSC Matrix 'new density matrix' ( symm ): n =    222, nnz =        49284 <-> 100.00 %, mem usage  0.0002 G
INSC Tr( D * S ) =         94.00000000000
TISC get_new_density_matrix took      0.47 usr cpu s       1.43 sys cpu s       0.24 wall s
INMA ddf_writeShellListAndDensityMatricesToFile_sparse, n =    222, densityMatrixList[0].nvalues =       24753
INMA opened temporary file 'density.bin.V7XE45' for writing
INMA Choosing matrixStorageType = MATRIX_STORAGE_TYPE_TRIANGLE.
INMA fileSize =          252744 bytes =      0.253 MegaBytes
INMA renamed file 'density.bin.V7XE45' to 'density.bin'
INMA ddf_writeShellListAndDensityMatricesToFile_sparse freeing buffer.
INMA ddf_writeShellListAndDensityMatricesToFile_sparse returning OK.
TISC write_density_to_file took      0.01 usr cpu s       0.05 sys cpu s       0.01 wall s
INSC SCF cycle   1 finished.
TISC SCF cycle   1 took    168.27 usr cpu s       2.36 sys cpu s      30.57 wall s
INSC Beginning of SCF cycle 2:  Thu Mar 26 20:01:18 2026
INDE compute_J_by_boxes_sparse() start.
TIDE FileWritable::writeAndReadAll took      0.00 usr cpu s       0.00 sys cpu s       0.00 wall s
INDE writeAndReadAll: '0 MB (1 MatrixGeneral, 0 > 1 MB) + 0 MB (11 MatrixSymmetric, 0 > 1 MB) = 0 MB (12 total, 0 > 1 MB)
IN   compute_J_by_boxes_sparse, maxDensityMatrixElement =          2.08701321224
ININ get_basis_func_pair_list, n =    222
ININ create_box_system end OK, toplevelBoxSize:   7.0, #levels:  3, #boxes at top level:      6
TIIN get_basis_func_pair_list_2el took      0.21 usr cpu s       0.35 sys cpu s       0.12 wall s
IN   compute_J_by_boxes_sparse: noOfBasisFuncIndexPairs = 21264 ==> storing  43.15 % of a full matrix
ININ entering compute_J_by_boxes_linear, no of basis funcs =   222, threshold_J =   1e-12
ININ use_fmm = 1, fmm_box_size =   5.00
TIIN Compute extent for all distrs took      0.27 usr cpu s       0.00 sys cpu s       0.27 wall s
ININ extent_min =    0.000, extent_max =    8.988
ININ Creating list of distributions etc done, distrCount =    208583
TIIN Creating list of distributions etc took      0.41 usr cpu s       0.00 sys cpu s       0.41 wall s
ININ create_box_system end OK, toplevelBoxSize:   5.0, #levels:  3, #boxes at top level:     10
TIIN Creating boxes took      0.02 usr cpu s       0.00 sys cpu s       0.02 wall s
ININ noOfBranches = 4, splitters:   5.00  2.50  0.00
ININ J org done, groupCount =     7861
TIIN J org took      0.83 usr cpu s       0.00 sys cpu s       0.83 wall s
TIIN Generate group multipoles took      0.37 usr cpu s       0.00 sys cpu s       0.37 wall s
ININ totChargeWholeSystem =          0.00000000000
ININ Generating multipole for each branch at top level, MAX_MULTIPOLE_DEGREE = 15
TIIN Translate multipoles (step 1) took      0.26 usr cpu s       0.00 sys cpu s       0.26 wall s
TIIN Translate multipoles (step 2) took      0.07 usr cpu s       0.00 sys cpu s       0.07 wall s
ININ job lists for J created OK, noOfJobs_J_standard =      790, noOfJobs_J_multipole =       60
TIIN Creating job lists for J took      0.00 usr cpu s       0.00 sys cpu s       0.00 wall s
ININ execute_joblist_J_std_threaded, noOfThreads =  8
ININ 8 threads started OK.
ININ all 8 threads have finished.
TIIN execute_joblist_J_std_threaded took     57.55 usr cpu s       0.03 sys cpu s       9.52 wall s
TIIN sort_list_of_multipole_jobs init part took      0.00 usr cpu s       0.00 sys cpu s       0.00 wall s
TIIN sort_list_of_multipole_jobs complete took      0.00 usr cpu s       0.00 sys cpu s       0.00 wall s
TIIN sort_list_of_multipole_jobs took      0.00 usr cpu s       0.00 sys cpu s       0.00 wall s
ININ execute_joblist_J_fmm_shared: Allocating multipoleList_4, maxnoOfMinimalDistrsPerBoxBranch =     49240
ININ execute_joblist_J_fmm_shared: jobIndexLo =            0, jobIndexHi =            7
ININ execute_joblist_J_fmm_shared: Allocating multipoleList_4, maxnoOfMinimalDistrsPerBoxBranch =     49240
ININ execute_joblist_J_fmm_shared: Allocating multipoleList_4, maxnoOfMinimalDistrsPerBoxBranch =     49240
ININ execute_joblist_J_fmm_shared: jobIndexLo =           22, jobIndexHi =           30
ININ execute_joblist_J_fmm_shared: jobIndexLo =            7, jobIndexHi =           15
ININ execute_joblist_J_fmm_shared: Allocating multipoleList_4, maxnoOfMinimalDistrsPerBoxBranch =     49240
ININ execute_joblist_J_fmm_shared: jobIndexLo =           15, jobIndexHi =           22
ININ execute_joblist_J_fmm_shared: Allocating multipoleList_4, maxnoOfMinimalDistrsPerBoxBranch =     49240
ININ execute_joblist_J_fmm_shared: jobIndexLo =           30, jobIndexHi =           37
ININ execute_joblist_J_fmm_shared: Allocating multipoleList_4, maxnoOfMinimalDistrsPerBoxBranch =     49240
ININ execute_joblist_J_fmm_shared: jobIndexLo =           37, jobIndexHi =           45
ININ execute_joblist_J_fmm_shared: Allocating multipoleList_4, maxnoOfMinimalDistrsPerBoxBranch =     49240
ININ execute_joblist_J_fmm_shared: jobIndexLo =           45, jobIndexHi =           52
ININ execute_joblist_J_fmm_shared: Allocating multipoleList_4, maxnoOfMinimalDistrsPerBoxBranch =     49240
ININ execute_joblist_J_fmm_shared: jobIndexLo =           52, jobIndexHi =           60
ININ execute_joblist_J_fmm_shared: done!
ININ execute_joblist_J_fmm_shared: done!
ININ execute_joblist_J_fmm_shared: done!
ININ execute_joblist_J_fmm_shared: done!
ININ execute_joblist_J_fmm_shared: done!
ININ execute_joblist_J_fmm_shared: done!
ININ execute_joblist_J_fmm_shared: done!
ININ execute_joblist_J_fmm_shared: done!
ININ multipole job list for J executed, largest L used: 12
TIIN Executing multipole job list for J took      0.25 usr cpu s       0.00 sys cpu s       0.10 wall s
ININ compute_J_by_boxes_linear ending OK.
TIIN compute_J_by_boxes_linear took     59.76 usr cpu s       0.04 sys cpu s      11.58 wall s
TI   compute_J_by_boxes_sparse total took     59.97 usr cpu s       0.38 sys cpu s      11.71 wall s
ININ entering create_CSR_for_K, no of basis funcs =   222, threshold_K =   1e-12
ININ create_box_system end OK, toplevelBoxSize:   7.0, #levels:  3, #boxes at top level:      6
ININ create_box_system end OK, toplevelBoxSize:   7.0, #levels:  3, #boxes at top level:      6
ININ create_box_system end OK, toplevelBoxSize:   7.0, #levels:  3, #boxes at top level:      6
TIIN create_CSR_for_K getting list of distrs took      0.26 usr cpu s       0.00 sys cpu s       0.26 wall s
ININ list of neighbors complete.
TIIN create_CSR_for_K getting list of neighbors took      0.00 usr cpu s       0.00 sys cpu s       0.00 wall s
TIIN create_CSR_for_K sort each list of neighbors took      0.02 usr cpu s       0.00 sys cpu s       0.02 wall s
ININ 8 threads started OK.
TIIN identify_needed_elements() took     68.82 usr cpu s       0.04 sys cpu s       9.07 wall s
ININ computing nnz..
ININ create_CSR_for_K: predicted nnz =        24753, <->  50.23% of a full matrix
TIIN create_CSR_for_K last part took      0.00 usr cpu s       0.00 sys cpu s       0.00 wall s
TIIN create_CSR_for_K total took     69.10 usr cpu s       0.04 sys cpu s       9.35 wall s
ININ entering compute_K_by_boxes, no of basis funcs =   222, threshold_K =   1e-12, exchange_box_size =   5.00
ININ create_box_system end OK, toplevelBoxSize:   7.0, #levels:  3, #boxes at top level:      6
ININ create_box_system end OK, toplevelBoxSize:   7.0, #levels:  3, #boxes at top level:      6
ININ create_box_system end OK, toplevelBoxSize:   7.0, #levels:  3, #boxes at top level:      6
TIIN Compute extent for all distrs took      0.27 usr cpu s       0.00 sys cpu s       0.27 wall s
ININ Creating list of distributions done, distrCountTot =    208583
TIIN Creating list of distributions took      0.44 usr cpu s       0.00 sys cpu s       0.44 wall s
ININ create_box_system end OK, toplevelBoxSize:   5.0, #levels:  3, #boxes at top level:     10
ININ create_box_system end OK, toplevelBoxSize:   2.5, #levels:  4, #boxes at top level:     16
ININ noOfLevelsBasisFuncs = 4, noOfLevelsDiff = 1
TIIN Creating boxes etc took      0.02 usr cpu s       0.00 sys cpu s       0.02 wall s
TIIN getting multipoleNormVectorList took      0.43 usr cpu s       0.00 sys cpu s       0.43 wall s
TIIN K organize_distributions for all boxes took      0.89 usr cpu s       0.00 sys cpu s       0.89 wall s
ININ starting loop to setup basisFuncGroupInfoList, with added index checks.
TIIN GetLimitsAllLevels took      0.17 usr cpu s       0.00 sys cpu s       0.17 wall s
ININ getDmatLimitMatrixCSRList start.
TIIN getting densityMatrixLimitMatrixList took      0.01 usr cpu s       0.00 sys cpu s       0.01 wall s
ININ job list for K created,       55 jobs
TIIN creating job list for K took      0.00 usr cpu s       0.00 sys cpu s       0.00 wall s
ININ execute_joblist_K_threaded, noOfThreads =  8, basisFuncListCount_max =   207
ININ 8 threads started OK.
ININ all 8 threads have finished, took        8 wall s.
TIIN Executing job list for K took     36.90 usr cpu s       0.02 sys cpu s       8.19 wall s
TIIN compute_K_by_boxes took     38.86 usr cpu s       0.02 sys cpu s      10.15 wall s
TI   compute_K_by_boxes_sparse total took    107.98 usr cpu s       0.06 sys cpu s      19.52 wall s
INSC About to truncate FockMatrix, gap of Fprev >=          0.43476787749
TISC symmMatrix::mixed_diff for F vs Fprev maxEigValMovement_mixed took      0.00 usr cpu s       0.00 sys cpu s       0.00 wall s
TISC symmMatrix::eucl_diff for maxEigValMovement_eucl  took      0.03 usr cpu s       0.11 sys cpu s       0.02 wall s
INSC maxEigValMovement_frob  =          1.65045625053
INSC maxEigValMovement_mixed =          1.21994805536
INSC maxEigValMovement_eucl  =          0.52692119876
TISC FockMatrix.eucl_thresh() (with Z) took      0.04 usr cpu s       0.11 sys cpu s       0.02 wall s
INSC Truncated FockMatrix (eucl with Z), selected threshold =      5e-09, returned error =          0, nnz before = 100.0000 %, nnz after = 100.0000 %
INSC Matrix 'S' ( symm ): n =    222, nnz =        49284 <-> 100.00 %, mem usage  0.0002 G
INSC Matrix 'F' ( symm ): n =    222, nnz =        49284 <-> 100.00 %, mem usage  0.0002 G
INSC Matrix 'D' ( symm ): n =    222, nnz =        49284 <-> 100.00 %, mem usage  0.0002 G
INSC nuclearEnergy, energy_2el, energy = 782.160484, 1005.832915, -644.871578
INSC Energy   2 =       -644.87157815140
INSC calling compute_FDSminusSDF_sparse, n = 222
INDE compute_FDSminusSDF_sparse() start.
TIDE FileWritable::writeAndReadAll took      0.00 usr cpu s       0.00 sys cpu s       0.00 wall s
INDE writeAndReadAll: '0 MB (1 MatrixGeneral, 0 > 1 MB) + 0 MB (9 MatrixSymmetric, 0 > 1 MB) = 0 MB (10 total, 0 > 1 MB)
TISC compute_FDSminusSDF_sparse, F*D mult took      0.01 usr cpu s       0.02 sys cpu s       0.00 wall s
INSC Matrix 'FD before eucl truncation' (normal): n =    222, nnz =        49284 <-> 100.00 %, mem usage  0.0004 G
INSC Matrix 'FD after  eucl truncation' (normal): n =    222, nnz =        49284 <-> 100.00 %, mem usage  0.0004 G
INSC Matrix 'FDS before eucl truncation' (normal): n =    222, nnz =        49284 <-> 100.00 %, mem usage  0.0004 G
INSC Matrix 'FDS after  eucl truncation' (normal): n =    222, nnz =        49284 <-> 100.00 %, mem usage  0.0004 G
INSC compute_FDSminusSDF_sparse ending OK.
TISC compute_FDSminusSDF_sparse took      0.03 usr cpu s       0.08 sys cpu s       0.01 wall s
INSC Matrix 'FDS-SDF' (normal): n =    222, nnz =        49284 <-> 100.00 %, mem usage  0.0004 G
INSC SCF_restricted::get_FDSminusSDF finished.
TISC get_FDSminusSDF took      0.03 usr cpu s       0.08 sys cpu s       0.01 wall s
INSC maxabs FDS-SDF is    0.121
INSC frob   FDS-SDF is     1.03
TISC get_error_measure took      0.00 usr cpu s       0.00 sys cpu s       0.00 wall s
INSC entering DIISManagerRestricted::AddIterationToList, IterCount =  1
INSC DIISManagerRestricted::AddIterationToList ending OK.
TISC DIISManagerRestricted::AddIterationToList took      0.00 usr cpu s       0.01 sys cpu s       0.00 wall s
INSC using DIIS to get combined Fock matrix, number of iters used for DIIS:  2
TISC clear_error_matrices took      0.00 usr cpu s       0.00 sys cpu s       0.00 wall s
TISC save_current_fock_as_fprev took      0.00 usr cpu s       0.00 sys cpu s       0.00 wall s
INDE get_dens_from_fock_general, n = 222, use_diagonalization = 0, use_diag_on_error = 1
INDE Before writeAndReadAll(): AllocatorManager statistics:  noOfRealsPerBuffer: 1024 noOfBuffers: 20000 list.size(): 1. Allocated: 0.164 GB, Used: 0.003 GB, Peak alloc: 0.164 GB.
TIDE FileWritable::writeAndReadAll took      0.00 usr cpu s       0.00 sys cpu s       0.00 wall s
INDE writeAndReadAll sizesStr: '0 MB (1 MatrixGeneral, 0 > 1 MB) + 0 MB (7 MatrixSymmetric, 0 > 1 MB) = 0 MB (8 total, 0 > 1 MB)
INDE After writeAndReadAll(): AllocatorManager statistics:  noOfRealsPerBuffer: 1024 noOfBuffers: 20000 list.size(): 1. Allocated: 0.164 GB, Used: 0.003 GB, Peak alloc: 0.164 GB.
INDE calling get_dens_from_fock_sparse, n =    222, subspaceErrorLimit = 1e-06
INDE get_dens_from_fock_sparse() start!
INDE After F.readFromFile(): AllocatorManager statistics:  noOfRealsPerBuffer: 1024 noOfBuffers: 20000 list.size(): 1. Allocated: 0.164 GB, Used: 0.003 GB, Peak alloc: 0.164 GB.
INDE After creating wrapper MatrixType F_w(F): AllocatorManager statistics:  noOfRealsPerBuffer: 1024 noOfBuffers: 20000 list.size(): 1. Allocated: 0.164 GB, Used: 0.00317 GB, Peak alloc: 0.164 GB.
TIDE  F_w to orthogonal basis took      0.00 usr cpu s       0.02 sys cpu s       0.00 wall s
TIDE MatrixType::mixed_diff for maxEigValMovement_mixed took      0.00 usr cpu s       0.01 sys cpu s       0.00 wall s
TIDE symmMatrixWrap::eucl_diff for maxEigValMovement_eucl  took      0.04 usr cpu s       0.15 sys cpu s       0.02 wall s
INDE maxEigValMovement_frob  =          1.33879705212
INDE maxEigValMovement_mixed =          0.92870308399
INDE maxEigValMovement_eucl  =          0.45121812887
INDE lumo before truncation: [ -0.332677357861 , 0.648525125315 ]
INDE homo before truncation: [ -0.828367337442 , 0.134991022383 ]
INDE Truncate matrix F and update intervals for homo and lumo.
INDE Truncating F_ort ( mixed ), selected threshold =      5e-09
INDE Truncated F_ort ( mixed ), selected threshold =      5e-09, returned error =          0, nnz before = 100.0000 %, nnz after = 100.0000 %
TIDE Truncation of F_ort took      0.00 usr cpu s       0.00 sys cpu s       0.00 wall s
INDE Chosen Ergo Wrapper
INDE Creating purification object: N = 222 , nocc = 47 , NNZ = 49284  <-> 100.00000 %
INDE Chosen norm for the truncation: 
INDE mixed
INDE Chosen norm for the stopping criterion: 
INDE mixed
INDE Chosen the NEW stopping criterion.
INDE Allowed error in subspace 7.000000e-07
INDE Chosen SP2 purification method
INDE calling Puri->PurificationStart(), number of threads = 1, trunc norm 'mixed'
TIDE gershgorin took      0.00 usr cpu s       0.00 sys cpu s       0.00 wall s
INDE Gershgorin bounds: [ -35.939389089271 , 17.190825895898 ]
INDE EXPANDED Gershgorin bounds: [ -35.939389104172 , 17.190825910799 ]
INDE Trying to impove bounds using Lanczos algorithm...
TIDE compute_spectrum_bounds took      0.10 usr cpu s       0.40 sys cpu s       0.06 wall s
INDE Spectrum of F: 	 [ -20.742918467814 , 4.260311368746 ]
INDE Transform homo and lumo bounds...
INDE Bounds for homo and lumo of F are overlapping.
INDE HOMO bounds of X: 	 [ 0.164991498032 , 0.203520854684 ]
INDE LUMO bounds of X: 	 [ 0.144452787382 , 0.183695816766 ]
INDE ESTIMATED NUMBER OF ITERATIONS IS 100
INDE Put eigenvalues of F to the interval [0,1] in reverse order.
TIDE compute_X() took      0.00 usr cpu s       0.00 sys cpu s       0.00 wall s
TIDE prepare_to_purification() took      0.10 usr cpu s       0.40 sys cpu s       0.06 wall s
INDE (EIGV,PARAMS) Requested 0 occipied eigenpair(s).
INDE (EIGV,PARAMS) Requested 0 unoccipied eigenpair(s).
TIDE prepare_to_purification_eigenvectors() took      0.00 usr cpu s       0.00 sys cpu s       0.00 wall s
INDE Starting recursive expansion
INDE     BEFORE ITERATIONS:
TIDE truncate_matrix took      0.00 usr cpu s       0.00 sys cpu s       0.00 wall s
INDE Actual introduced error   0.000000e+00 : nnz before  49284 <-> 100.00 % , nnz after  49284 <-> 100.00 %
TIDE square took      0.00 usr cpu s       0.01 sys cpu s       0.00 wall s
INDE NNZ Xsq = 49284 <-> 100.00 %
TIDE Frobenius norm of X-X^2 took      0.00 usr cpu s       0.00 sys cpu s       0.00 wall s
TIDE Mixed norm of X-X^2 took      0.00 usr cpu s       0.01 sys cpu s       0.00 wall s
TIDE Trace of X-X^2 took      0.00 usr cpu s       0.00 sys cpu s       0.00 wall s
INDE ||X-X^2||_F = 1.696121e+00 , ||X-X^2||_mixed = 8.694342e-01
INDE trace(X-X^2) = 2.266839e+01
INDE trace(X) = 3.348281e+01
TIDE Iteration 0 took      0.01 usr cpu s       0.02 sys cpu s       0.00 wall s
TIDE FileWritable::writeAndReadAll took      0.00 usr cpu s       0.00 sys cpu s       0.00 wall s
INDE writeAndReadAll sizesStr: '0 MB (1 MatrixGeneral, 0 > 1 MB) + 0 MB (13 MatrixSymmetric, 0 > 1 MB) + 0 MB (2 VectorGeneral, 0 > 1 MB) = 0 MB (16 total, 0 > 1 MB)
INDE     ITERATION 1 :
TIDE purify_X took      0.00 usr cpu s       0.00 sys cpu s       0.00 wall s
TIDE truncate_matrix took      0.00 usr cpu s       0.00 sys cpu s       0.00 wall s
INDE Actual introduced error   0.000000e+00 : nnz before  49284 <-> 100.00 % , nnz after  49284 <-> 100.00 %
TIDE square took      0.00 usr cpu s       0.01 sys cpu s       0.00 wall s
INDE NNZ Xsq = 49284 <-> 100.00 %
TIDE Frobenius norm of X-X^2 took      0.00 usr cpu s       0.00 sys cpu s       0.00 wall s
TIDE Mixed norm of X-X^2 took      0.00 usr cpu s       0.01 sys cpu s       0.00 wall s
TIDE Trace of X-X^2 took      0.00 usr cpu s       0.00 sys cpu s       0.00 wall s
INDE ||X-X^2||_F = 2.452209e+00 , ||X-X^2||_mixed = 1.227034e+00
INDE trace(X-X^2) = 3.419206e+01
INDE trace(X) = 5.615120e+01
TIDE Iteration 1 took      0.01 usr cpu s       0.02 sys cpu s       0.00 wall s
INDE     ITERATION 2 :
TIDE purify_X took      0.00 usr cpu s       0.00 sys cpu s       0.00 wall s
TIDE truncate_matrix took      0.00 usr cpu s       0.00 sys cpu s       0.00 wall s
INDE Actual introduced error   0.000000e+00 : nnz before  49284 <-> 100.00 % , nnz after  49284 <-> 100.00 %
TIDE square took      0.01 usr cpu s       0.01 sys cpu s       0.00 wall s
INDE NNZ Xsq = 49284 <-> 100.00 %
TIDE Frobenius norm of X-X^2 took      0.00 usr cpu s       0.00 sys cpu s       0.00 wall s
TIDE Mixed norm of X-X^2 took      0.00 usr cpu s       0.01 sys cpu s       0.00 wall s
TIDE Trace of X-X^2 took      0.00 usr cpu s       0.00 sys cpu s       0.00 wall s
INDE ||X-X^2||_F = 1.064027e+00 , ||X-X^2||_mixed = 6.017227e-01
INDE trace(X-X^2) = 1.212278e+01
INDE trace(X) = 2.195914e+01
INDE Checking stopping criterion...   
INDE e_i =6.017227e-01, C*e_{i-1}^q = 5.206143e+00
INDE Order of convergence = 17.422464, stop = 0
TIDE stopping_criterion took      0.00 usr cpu s       0.00 sys cpu s       0.00 wall s
TIDE Iteration 2 took      0.01 usr cpu s       0.02 sys cpu s       0.00 wall s
INDE     ITERATION 3 :
TIDE purify_X took      0.00 usr cpu s       0.00 sys cpu s       0.00 wall s
TIDE truncate_matrix took      0.00 usr cpu s       0.00 sys cpu s       0.00 wall s
INDE Actual introduced error   0.000000e+00 : nnz before  49284 <-> 100.00 % , nnz after  49284 <-> 100.00 %
TIDE square took      0.00 usr cpu s       0.02 sys cpu s       0.00 wall s
INDE NNZ Xsq = 49284 <-> 100.00 %
TIDE Frobenius norm of X-X^2 took      0.00 usr cpu s       0.00 sys cpu s       0.00 wall s
TIDE Mixed norm of X-X^2 took      0.00 usr cpu s       0.01 sys cpu s       0.00 wall s
TIDE Trace of X-X^2 took      0.00 usr cpu s       0.00 sys cpu s       0.00 wall s
INDE ||X-X^2||_F = 1.525458e+00 , ||X-X^2||_mixed = 8.781359e-01
INDE trace(X-X^2) = 1.876903e+01
INDE trace(X) = 3.408192e+01
INDE Checking stopping criterion...   
INDE Order of convergence cannot be computed
TIDE stopping_criterion took      0.00 usr cpu s       0.00 sys cpu s       0.00 wall s
TIDE Iteration 3 took      0.01 usr cpu s       0.03 sys cpu s       0.00 wall s
INDE     ITERATION 4 :
TIDE purify_X took      0.00 usr cpu s       0.00 sys cpu s       0.00 wall s
TIDE truncate_matrix took      0.00 usr cpu s       0.00 sys cpu s       0.00 wall s
INDE Actual introduced error   0.000000e+00 : nnz before  49284 <-> 100.00 % , nnz after  49284 <-> 100.00 %
TIDE square took      0.00 usr cpu s       0.01 sys cpu s       0.00 wall s
INDE NNZ Xsq = 49284 <-> 100.00 %
TIDE Frobenius norm of X-X^2 took      0.00 usr cpu s       0.00 sys cpu s       0.00 wall s
TIDE Mixed norm of X-X^2 took      0.00 usr cpu s       0.01 sys cpu s       0.00 wall s
TIDE Trace of X-X^2 took      0.00 usr cpu s       0.00 sys cpu s       0.00 wall s
INDE ||X-X^2||_F = 2.252578e+00 , ||X-X^2||_mixed = 1.256244e+00
INDE trace(X-X^2) = 2.843756e+01
INDE trace(X) = 5.285095e+01
INDE Checking stopping criterion...   
INDE Order of convergence cannot be computed
TIDE stopping_criterion took      0.00 usr cpu s       0.00 sys cpu s       0.00 wall s
TIDE Iteration 4 took      0.01 usr cpu s       0.03 sys cpu s       0.00 wall s
INDE     ITERATION 5 :
TIDE purify_X took      0.00 usr cpu s       0.00 sys cpu s       0.00 wall s
TIDE truncate_matrix took      0.00 usr cpu s       0.00 sys cpu s       0.00 wall s
INDE Actual introduced error   0.000000e+00 : nnz before  49284 <-> 100.00 % , nnz after  49284 <-> 100.00 %
TIDE square took      0.00 usr cpu s       0.02 sys cpu s       0.00 wall s
INDE NNZ Xsq = 49284 <-> 100.00 %
TIDE Frobenius norm of X-X^2 took      0.00 usr cpu s       0.00 sys cpu s       0.00 wall s
TIDE Mixed norm of X-X^2 took      0.00 usr cpu s       0.01 sys cpu s       0.00 wall s
TIDE Trace of X-X^2 took      0.00 usr cpu s       0.00 sys cpu s       0.00 wall s
INDE ||X-X^2||_F = 1.022800e+00 , ||X-X^2||_mixed = 6.631631e-01
INDE trace(X-X^2) = 1.007182e+01
INDE trace(X) = 2.441339e+01
INDE Checking stopping criterion...   
INDE e_i =6.631631e-01, C*e_{i-1}^q = 5.310876e+00
INDE Order of convergence = 18.009449, stop = 0
TIDE stopping_criterion took      0.00 usr cpu s       0.00 sys cpu s       0.00 wall s
TIDE Iteration 5 took      0.00 usr cpu s       0.03 sys cpu s       0.00 wall s
INDE     ITERATION 6 :
TIDE purify_X took      0.00 usr cpu s       0.00 sys cpu s       0.00 wall s
TIDE truncate_matrix took      0.00 usr cpu s       0.00 sys cpu s       0.00 wall s
INDE Actual introduced error   0.000000e+00 : nnz before  49284 <-> 100.00 % , nnz after  49284 <-> 100.00 %
TIDE square took      0.00 usr cpu s       0.02 sys cpu s       0.00 wall s
INDE NNZ Xsq = 49284 <-> 100.00 %
TIDE Frobenius norm of X-X^2 took      0.00 usr cpu s       0.00 sys cpu s       0.00 wall s
TIDE Mixed norm of X-X^2 took      0.00 usr cpu s       0.01 sys cpu s       0.00 wall s
TIDE Trace of X-X^2 took      0.00 usr cpu s       0.00 sys cpu s       0.00 wall s
INDE ||X-X^2||_F = 1.584101e+00 , ||X-X^2||_mixed = 9.975845e-01
INDE trace(X-X^2) = 1.640674e+01
INDE trace(X) = 3.448521e+01
INDE Checking stopping criterion...   
INDE Order of convergence cannot be computed
TIDE stopping_criterion took      0.00 usr cpu s       0.00 sys cpu s       0.00 wall s
TIDE Iteration 6 took      0.01 usr cpu s       0.03 sys cpu s       0.00 wall s
INDE     ITERATION 7 :
TIDE purify_X took      0.00 usr cpu s       0.00 sys cpu s       0.00 wall s
TIDE truncate_matrix took      0.00 usr cpu s       0.00 sys cpu s       0.00 wall s
INDE Actual introduced error   0.000000e+00 : nnz before  49284 <-> 100.00 % , nnz after  49284 <-> 100.00 %
TIDE square took      0.01 usr cpu s       0.01 sys cpu s       0.00 wall s
INDE NNZ Xsq = 49284 <-> 100.00 %
TIDE Frobenius norm of X-X^2 took      0.00 usr cpu s       0.00 sys cpu s       0.00 wall s
TIDE Mixed norm of X-X^2 took      0.00 usr cpu s       0.01 sys cpu s       0.00 wall s
TIDE Trace of X-X^2 took      0.00 usr cpu s       0.00 sys cpu s       0.00 wall s
INDE ||X-X^2||_F = 2.062706e+00 , ||X-X^2||_mixed = 1.237872e+00
INDE trace(X-X^2) = 2.324486e+01
INDE trace(X) = 5.089195e+01
INDE Checking stopping criterion...   
INDE Order of convergence cannot be computed
TIDE stopping_criterion took      0.00 usr cpu s       0.00 sys cpu s       0.00 wall s
TIDE Iteration 7 took      0.01 usr cpu s       0.02 sys cpu s       0.00 wall s
INDE     ITERATION 8 :
TIDE purify_X took      0.00 usr cpu s       0.00 sys cpu s       0.00 wall s
TIDE truncate_matrix took      0.00 usr cpu s       0.00 sys cpu s       0.00 wall s
INDE Actual introduced error   0.000000e+00 : nnz before  49284 <-> 100.00 % , nnz after  49284 <-> 100.00 %
TIDE square took      0.00 usr cpu s       0.01 sys cpu s       0.00 wall s
INDE NNZ Xsq = 49284 <-> 100.00 %
TIDE Frobenius norm of X-X^2 took      0.00 usr cpu s       0.00 sys cpu s       0.00 wall s
TIDE Mixed norm of X-X^2 took      0.00 usr cpu s       0.01 sys cpu s       0.00 wall s
TIDE Trace of X-X^2 took      0.00 usr cpu s       0.00 sys cpu s       0.00 wall s
INDE ||X-X^2||_F = 1.315327e+00 , ||X-X^2||_mixed = 8.997322e-01
INDE trace(X-X^2) = 1.080010e+01
INDE trace(X) = 2.764709e+01
INDE Checking stopping criterion...   
INDE e_i =8.997322e-01, C*e_{i-1}^q = 6.853968e+00
INDE Order of convergence = 841.599498, stop = 0
TIDE stopping_criterion took      0.00 usr cpu s       0.00 sys cpu s       0.00 wall s
TIDE Iteration 8 took      0.01 usr cpu s       0.02 sys cpu s       0.00 wall s
INDE     ITERATION 9 :
TIDE purify_X took      0.00 usr cpu s       0.00 sys cpu s       0.00 wall s
TIDE truncate_matrix took      0.00 usr cpu s       0.00 sys cpu s       0.00 wall s
INDE Actual introduced error   0.000000e+00 : nnz before  49284 <-> 100.00 % , nnz after  49284 <-> 100.00 %
TIDE square took      0.00 usr cpu s       0.01 sys cpu s       0.00 wall s
INDE NNZ Xsq = 49284 <-> 100.00 %
TIDE Frobenius norm of X-X^2 took      0.00 usr cpu s       0.00 sys cpu s       0.00 wall s
TIDE Mixed norm of X-X^2 took      0.00 usr cpu s       0.01 sys cpu s       0.00 wall s
TIDE Trace of X-X^2 took      0.00 usr cpu s       0.00 sys cpu s       0.00 wall s
INDE ||X-X^2||_F = 1.626421e+00 , ||X-X^2||_mixed = 1.069830e+00
INDE trace(X-X^2) = 1.478631e+01
INDE trace(X) = 3.844719e+01
INDE Checking stopping criterion...   
INDE Order of convergence cannot be computed
TIDE stopping_criterion took      0.00 usr cpu s       0.00 sys cpu s       0.00 wall s
TIDE Iteration 9 took      0.00 usr cpu s       0.03 sys cpu s       0.00 wall s
INDE     ITERATION 10 :
TIDE purify_X took      0.00 usr cpu s       0.00 sys cpu s       0.00 wall s
TIDE truncate_matrix took      0.00 usr cpu s       0.00 sys cpu s       0.00 wall s
INDE Actual introduced error   0.000000e+00 : nnz before  49284 <-> 100.00 % , nnz after  49284 <-> 100.00 %
TIDE square took      0.00 usr cpu s       0.01 sys cpu s       0.00 wall s
INDE NNZ Xsq = 49284 <-> 100.00 %
TIDE Frobenius norm of X-X^2 took      0.00 usr cpu s       0.00 sys cpu s       0.00 wall s
TIDE Mixed norm of X-X^2 took      0.00 usr cpu s       0.01 sys cpu s       0.00 wall s
TIDE Trace of X-X^2 took      0.00 usr cpu s       0.00 sys cpu s       0.00 wall s
INDE ||X-X^2||_F = 1.679454e+00 , ||X-X^2||_mixed = 1.071738e+00
INDE trace(X-X^2) = 1.687794e+01
INDE trace(X) = 5.323350e+01
INDE Checking stopping criterion...   
INDE Order of convergence cannot be computed
TIDE stopping_criterion took      0.00 usr cpu s       0.00 sys cpu s       0.00 wall s
TIDE Iteration 10 took      0.01 usr cpu s       0.03 sys cpu s       0.00 wall s
INDE     ITERATION 11 :
TIDE purify_X took      0.00 usr cpu s       0.00 sys cpu s       0.00 wall s
TIDE truncate_matrix took      0.00 usr cpu s       0.00 sys cpu s       0.00 wall s
INDE Actual introduced error   0.000000e+00 : nnz before  49284 <-> 100.00 % , nnz after  49284 <-> 100.00 %
TIDE square took      0.00 usr cpu s       0.01 sys cpu s       0.00 wall s
INDE NNZ Xsq = 49284 <-> 100.00 %
TIDE Frobenius norm of X-X^2 took      0.00 usr cpu s       0.00 sys cpu s       0.00 wall s
TIDE Mixed norm of X-X^2 took      0.01 usr cpu s       0.00 sys cpu s       0.00 wall s
TIDE Trace of X-X^2 took      0.00 usr cpu s       0.00 sys cpu s       0.00 wall s
INDE ||X-X^2||_F = 1.410968e+00 , ||X-X^2||_mixed = 9.803486e-01
INDE trace(X-X^2) = 1.058209e+01
INDE trace(X) = 3.635556e+01
INDE Checking stopping criterion...   
INDE Order of convergence cannot be computed
TIDE stopping_criterion took      0.00 usr cpu s       0.00 sys cpu s       0.00 wall s
TIDE Iteration 11 took      0.01 usr cpu s       0.02 sys cpu s       0.00 wall s
INDE     ITERATION 12 :
TIDE purify_X took      0.00 usr cpu s       0.00 sys cpu s       0.00 wall s
TIDE truncate_matrix took      0.00 usr cpu s       0.00 sys cpu s       0.00 wall s
INDE Actual introduced error   0.000000e+00 : nnz before  49284 <-> 100.00 % , nnz after  49284 <-> 100.00 %
TIDE square took      0.01 usr cpu s       0.01 sys cpu s       0.00 wall s
INDE NNZ Xsq = 49284 <-> 100.00 %
TIDE Frobenius norm of X-X^2 took      0.00 usr cpu s       0.00 sys cpu s       0.00 wall s
TIDE Mixed norm of X-X^2 took      0.01 usr cpu s       0.01 sys cpu s       0.00 wall s
TIDE Trace of X-X^2 took      0.00 usr cpu s       0.00 sys cpu s       0.00 wall s
INDE ||X-X^2||_F = 1.227158e+00 , ||X-X^2||_mixed = 8.343007e-01
INDE trace(X-X^2) = 1.008897e+01
INDE trace(X) = 4.693764e+01
INDE Checking stopping criterion...   
INDE Order of convergence cannot be computed
TIDE stopping_criterion took      0.00 usr cpu s       0.00 sys cpu s       0.00 wall s
TIDE Iteration 12 took      0.02 usr cpu s       0.02 sys cpu s       0.00 wall s
INDE     ITERATION 13 :
TIDE purify_X took      0.00 usr cpu s       0.00 sys cpu s       0.00 wall s
TIDE truncate_matrix took      0.00 usr cpu s       0.00 sys cpu s       0.00 wall s
INDE Actual introduced error   0.000000e+00 : nnz before  49284 <-> 100.00 % , nnz after  49284 <-> 100.00 %
TIDE square took      0.01 usr cpu s       0.01 sys cpu s       0.00 wall s
INDE NNZ Xsq = 49284 <-> 100.00 %
TIDE Frobenius norm of X-X^2 took      0.00 usr cpu s       0.00 sys cpu s       0.00 wall s
TIDE Mixed norm of X-X^2 took      0.00 usr cpu s       0.01 sys cpu s       0.00 wall s
TIDE Trace of X-X^2 took      0.00 usr cpu s       0.00 sys cpu s       0.00 wall s
INDE ||X-X^2||_F = 1.217337e+00 , ||X-X^2||_mixed = 8.723636e-01
INDE trace(X-X^2) = 9.558797e+00
INDE trace(X) = 5.702661e+01
INDE Checking stopping criterion...   
INDE Order of convergence cannot be computed
TIDE stopping_criterion took      0.00 usr cpu s       0.00 sys cpu s       0.00 wall s
TIDE Iteration 13 took      0.01 usr cpu s       0.02 sys cpu s       0.00 wall s
INDE     ITERATION 14 :
TIDE purify_X took      0.00 usr cpu s       0.00 sys cpu s       0.00 wall s
TIDE truncate_matrix took      0.00 usr cpu s       0.00 sys cpu s       0.00 wall s
INDE Actual introduced error   0.000000e+00 : nnz before  49284 <-> 100.00 % , nnz after  49284 <-> 100.00 %
TIDE square took      0.01 usr cpu s       0.01 sys cpu s       0.00 wall s
INDE NNZ Xsq = 49284 <-> 100.00 %
TIDE Frobenius norm of X-X^2 took      0.00 usr cpu s       0.00 sys cpu s       0.00 wall s
TIDE Mixed norm of X-X^2 took      0.00 usr cpu s       0.01 sys cpu s       0.00 wall s
TIDE Trace of X-X^2 took      0.00 usr cpu s       0.00 sys cpu s       0.00 wall s
INDE ||X-X^2||_F = 8.066867e-01 , ||X-X^2||_mixed = 5.815862e-01
INDE trace(X-X^2) = 5.466292e+00
INDE trace(X) = 4.746782e+01
INDE Checking stopping criterion...   
INDE e_i =5.815862e-01, C*e_{i-1}^q = 4.793888e+00
INDE Order of convergence = 13.643418, stop = 0
TIDE stopping_criterion took      0.00 usr cpu s       0.00 sys cpu s       0.00 wall s
TIDE Iteration 14 took      0.01 usr cpu s       0.02 sys cpu s       0.00 wall s
INDE     ITERATION 15 :
TIDE purify_X took      0.00 usr cpu s       0.00 sys cpu s       0.00 wall s
TIDE truncate_matrix took      0.00 usr cpu s       0.00 sys cpu s       0.00 wall s
INDE Actual introduced error   0.000000e+00 : nnz before  49284 <-> 100.00 % , nnz after  49284 <-> 100.00 %
TIDE square took      0.00 usr cpu s       0.02 sys cpu s       0.00 wall s
INDE NNZ Xsq = 49284 <-> 100.00 %
TIDE Frobenius norm of X-X^2 took      0.00 usr cpu s       0.00 sys cpu s       0.00 wall s
TIDE Mixed norm of X-X^2 took      0.01 usr cpu s       0.01 sys cpu s       0.00 wall s
TIDE Trace of X-X^2 took      0.00 usr cpu s       0.00 sys cpu s       0.00 wall s
INDE ||X-X^2||_F = 8.523179e-01 , ||X-X^2||_mixed = 6.526156e-01
INDE trace(X-X^2) = 4.614574e+00
INDE trace(X) = 4.200152e+01
INDE Checking stopping criterion...   
INDE Order of convergence cannot be computed
TIDE stopping_criterion took      0.00 usr cpu s       0.00 sys cpu s       0.00 wall s
TIDE Iteration 15 took      0.01 usr cpu s       0.02 sys cpu s       0.00 wall s
INDE     ITERATION 16 :
TIDE purify_X took      0.00 usr cpu s       0.00 sys cpu s       0.00 wall s
TIDE truncate_matrix took      0.00 usr cpu s       0.00 sys cpu s       0.00 wall s
INDE Actual introduced error   0.000000e+00 : nnz before  49284 <-> 100.00 % , nnz after  49284 <-> 100.00 %
TIDE square took      0.00 usr cpu s       0.02 sys cpu s       0.00 wall s
INDE NNZ Xsq = 49284 <-> 100.00 %
TIDE Frobenius norm of X-X^2 took      0.00 usr cpu s       0.00 sys cpu s       0.00 wall s
TIDE Mixed norm of X-X^2 took      0.00 usr cpu s       0.01 sys cpu s       0.00 wall s
TIDE Trace of X-X^2 took      0.00 usr cpu s       0.00 sys cpu s       0.00 wall s
INDE ||X-X^2||_F = 4.380180e-01 , ||X-X^2||_mixed = 3.528180e-01
INDE trace(X-X^2) = 2.278745e+00
INDE trace(X) = 4.661610e+01
INDE Checking stopping criterion...   
INDE e_i =3.528180e-01, C*e_{i-1}^q = 2.329544e+00
INDE Order of convergence = 5.482452, stop = 0
TIDE stopping_criterion took      0.00 usr cpu s       0.00 sys cpu s       0.00 wall s
TIDE Iteration 16 took      0.00 usr cpu s       0.03 sys cpu s       0.00 wall s
INDE     ITERATION 17 :
TIDE purify_X took      0.00 usr cpu s       0.00 sys cpu s       0.00 wall s
TIDE truncate_matrix took      0.00 usr cpu s       0.00 sys cpu s       0.00 wall s
INDE Actual introduced error   0.000000e+00 : nnz before  49284 <-> 100.00 % , nnz after  49284 <-> 100.00 %
TIDE square took      0.01 usr cpu s       0.01 sys cpu s       0.00 wall s
INDE NNZ Xsq = 49284 <-> 100.00 %
TIDE Frobenius norm of X-X^2 took      0.00 usr cpu s       0.00 sys cpu s       0.00 wall s
TIDE Mixed norm of X-X^2 took      0.00 usr cpu s       0.01 sys cpu s       0.00 wall s
TIDE Trace of X-X^2 took      0.00 usr cpu s       0.00 sys cpu s       0.00 wall s
INDE ||X-X^2||_F = 4.618325e-01 , ||X-X^2||_mixed = 3.755014e-01
INDE trace(X-X^2) = 1.877116e+00
INDE trace(X) = 4.889484e+01
INDE Checking stopping criterion...   
INDE Order of convergence cannot be computed
TIDE stopping_criterion took      0.00 usr cpu s       0.00 sys cpu s       0.00 wall s
TIDE Iteration 17 took      0.01 usr cpu s       0.02 sys cpu s       0.00 wall s
INDE     ITERATION 18 :
TIDE purify_X took      0.00 usr cpu s       0.00 sys cpu s       0.00 wall s
TIDE truncate_matrix took      0.00 usr cpu s       0.00 sys cpu s       0.00 wall s
INDE Actual introduced error   0.000000e+00 : nnz before  49284 <-> 100.00 % , nnz after  49284 <-> 100.00 %
TIDE square took      0.00 usr cpu s       0.05 sys cpu s       0.01 wall s
INDE NNZ Xsq = 49284 <-> 100.00 %
TIDE Frobenius norm of X-X^2 took      0.00 usr cpu s       0.00 sys cpu s       0.00 wall s
TIDE Mixed norm of X-X^2 took      0.00 usr cpu s       0.01 sys cpu s       0.00 wall s
TIDE Trace of X-X^2 took      0.00 usr cpu s       0.00 sys cpu s       0.00 wall s
INDE ||X-X^2||_F = 1.851742e-01 , ||X-X^2||_mixed = 1.663981e-01
INDE trace(X-X^2) = 6.297756e-01
INDE trace(X) = 4.701773e+01
INDE Checking stopping criterion...   
INDE e_i =1.663981e-01, C*e_{i-1}^q = 8.573223e-01
INDE Order of convergence = 3.573647, stop = 0
TIDE stopping_criterion took      0.00 usr cpu s       0.00 sys cpu s       0.00 wall s
TIDE Iteration 18 took      0.01 usr cpu s       0.06 sys cpu s       0.01 wall s
INDE     ITERATION 19 :
TIDE purify_X took      0.00 usr cpu s       0.00 sys cpu s       0.00 wall s
TIDE truncate_matrix took      0.00 usr cpu s       0.00 sys cpu s       0.00 wall s
INDE Actual introduced error   0.000000e+00 : nnz before  49284 <-> 100.00 % , nnz after  49284 <-> 100.00 %
TIDE square took      0.01 usr cpu s       0.01 sys cpu s       0.00 wall s
INDE NNZ Xsq = 49284 <-> 100.00 %
TIDE Frobenius norm of X-X^2 took      0.00 usr cpu s       0.00 sys cpu s       0.00 wall s
TIDE Mixed norm of X-X^2 took      0.00 usr cpu s       0.01 sys cpu s       0.00 wall s
TIDE Trace of X-X^2 took      0.00 usr cpu s       0.00 sys cpu s       0.00 wall s
INDE ||X-X^2||_F = 2.274959e-01 , ||X-X^2||_mixed = 2.215668e-01
INDE trace(X-X^2) = 5.778791e-01
INDE trace(X) = 4.638795e+01
INDE Checking stopping criterion...   
INDE Order of convergence cannot be computed
TIDE stopping_criterion took      0.00 usr cpu s       0.00 sys cpu s       0.00 wall s
TIDE Iteration 19 took      0.01 usr cpu s       0.02 sys cpu s       0.00 wall s
INDE     ITERATION 20 :
TIDE purify_X took      0.00 usr cpu s       0.00 sys cpu s       0.00 wall s
TIDE truncate_matrix took      0.00 usr cpu s       0.00 sys cpu s       0.00 wall s
INDE Actual introduced error   0.000000e+00 : nnz before  49284 <-> 100.00 % , nnz after  49284 <-> 100.00 %
TIDE square took      0.01 usr cpu s       0.01 sys cpu s       0.00 wall s
INDE NNZ Xsq = 49284 <-> 100.00 %
TIDE Frobenius norm of X-X^2 took      0.00 usr cpu s       0.00 sys cpu s       0.00 wall s
TIDE Mixed norm of X-X^2 took      0.00 usr cpu s       0.01 sys cpu s       0.00 wall s
TIDE Trace of X-X^2 took      0.00 usr cpu s       0.00 sys cpu s       0.00 wall s
INDE ||X-X^2||_F = 5.328448e-02 , ||X-X^2||_mixed = 5.157530e-02
INDE trace(X-X^2) = 1.129822e-01
INDE trace(X) = 4.696583e+01
INDE Checking stopping criterion...   
INDE e_i =5.157530e-02, C*e_{i-1}^q = 1.906951e-01
INDE Order of convergence = 2.729148, stop = 0
TIDE stopping_criterion took      0.00 usr cpu s       0.00 sys cpu s       0.00 wall s
TIDE Iteration 20 took      0.02 usr cpu s       0.02 sys cpu s       0.00 wall s
INDE     ITERATION 21 :
TIDE purify_X took      0.00 usr cpu s       0.00 sys cpu s       0.00 wall s
TIDE truncate_matrix took      0.00 usr cpu s       0.00 sys cpu s       0.00 wall s
INDE Actual introduced error   0.000000e+00 : nnz before  49284 <-> 100.00 % , nnz after  49284 <-> 100.00 %
TIDE square took      0.01 usr cpu s       0.01 sys cpu s       0.00 wall s
INDE NNZ Xsq = 49284 <-> 100.00 %
TIDE Frobenius norm of X-X^2 took      0.00 usr cpu s       0.00 sys cpu s       0.00 wall s
TIDE Mixed norm of X-X^2 took      0.01 usr cpu s       0.01 sys cpu s       0.00 wall s
TIDE Trace of X-X^2 took      0.00 usr cpu s       0.00 sys cpu s       0.00 wall s
INDE ||X-X^2||_F = 4.826762e-02 , ||X-X^2||_mixed = 4.737650e-02
INDE trace(X-X^2) = 8.105484e-02
INDE trace(X) = 4.707881e+01
INDE Checking stopping criterion...   
INDE Order of convergence cannot be computed
TIDE stopping_criterion took      0.00 usr cpu s       0.00 sys cpu s       0.00 wall s
TIDE Iteration 21 took      0.02 usr cpu s       0.02 sys cpu s       0.00 wall s
INDE     ITERATION 22 :
TIDE purify_X took      0.00 usr cpu s       0.00 sys cpu s       0.00 wall s
TIDE truncate_matrix took      0.00 usr cpu s       0.00 sys cpu s       0.00 wall s
INDE Actual introduced error   0.000000e+00 : nnz before  49284 <-> 100.00 % , nnz after  49284 <-> 100.00 %
TIDE square took      0.00 usr cpu s       0.01 sys cpu s       0.00 wall s
INDE NNZ Xsq = 49284 <-> 100.00 %
TIDE Frobenius norm of X-X^2 took      0.00 usr cpu s       0.00 sys cpu s       0.00 wall s
TIDE Mixed norm of X-X^2 took      0.00 usr cpu s       0.01 sys cpu s       0.00 wall s
TIDE Trace of X-X^2 took      0.00 usr cpu s       0.00 sys cpu s       0.00 wall s
INDE ||X-X^2||_F = 4.039544e-03 , ||X-X^2||_mixed = 3.929171e-03
INDE trace(X-X^2) = 7.277413e-03
INDE trace(X) = 4.699776e+01
INDE Checking stopping criterion...   
INDE e_i =3.929171e-03, C*e_{i-1}^q = 1.832003e-02
INDE Order of convergence = 2.519297, stop = 0
TIDE stopping_criterion took      0.00 usr cpu s       0.00 sys cpu s       0.00 wall s
TIDE Iteration 22 took      0.00 usr cpu s       0.03 sys cpu s       0.00 wall s
INDE     ITERATION 23 :
TIDE purify_X took      0.00 usr cpu s       0.00 sys cpu s       0.00 wall s
TIDE truncate_matrix took      0.00 usr cpu s       0.00 sys cpu s       0.00 wall s
INDE Actual introduced error   0.000000e+00 : nnz before  49284 <-> 100.00 % , nnz after  49284 <-> 100.00 %
TIDE square took      0.00 usr cpu s       0.01 sys cpu s       0.00 wall s
INDE NNZ Xsq = 49284 <-> 100.00 %
TIDE Frobenius norm of X-X^2 took      0.00 usr cpu s       0.00 sys cpu s       0.00 wall s
TIDE Mixed norm of X-X^2 took      0.00 usr cpu s       0.01 sys cpu s       0.00 wall s
TIDE Trace of X-X^2 took      0.00 usr cpu s       0.00 sys cpu s       0.00 wall s
INDE ||X-X^2||_F = 4.196927e-03 , ||X-X^2||_mixed = 4.192534e-03
INDE trace(X-X^2) = 5.042361e-03
INDE trace(X) = 4.700504e+01
INDE Checking stopping criterion...   
INDE e_i =4.192534e-03, C*e_{i-1}^q = 1.545855e-02
INDE Order of convergence = 2.427874, stop = 0
TIDE stopping_criterion took      0.00 usr cpu s       0.00 sys cpu s       0.00 wall s
TIDE Iteration 23 took      0.01 usr cpu s       0.02 sys cpu s       0.00 wall s
INDE     ITERATION 24 :
TIDE purify_X took      0.00 usr cpu s       0.00 sys cpu s       0.00 wall s
TIDE truncate_matrix took      0.00 usr cpu s       0.00 sys cpu s       0.00 wall s
INDE Actual introduced error   0.000000e+00 : nnz before  49284 <-> 100.00 % , nnz after  49284 <-> 100.00 %
TIDE square took      0.00 usr cpu s       0.02 sys cpu s       0.00 wall s
INDE NNZ Xsq = 49284 <-> 100.00 %
TIDE Frobenius norm of X-X^2 took      0.00 usr cpu s       0.00 sys cpu s       0.00 wall s
TIDE Mixed norm of X-X^2 took      0.00 usr cpu s       0.01 sys cpu s       0.00 wall s
TIDE Trace of X-X^2 took      0.00 usr cpu s       0.00 sys cpu s       0.00 wall s
INDE ||X-X^2||_F = 2.535735e-05 , ||X-X^2||_mixed = 2.456527e-05
INDE trace(X-X^2) = 4.165798e-05
INDE trace(X) = 4.699999e+01
INDE Checking stopping criterion...   
INDE e_i =2.456527e-05, C*e_{i-1}^q = 1.063273e-04
INDE Order of convergence = 2.264506, stop = 0
TIDE stopping_criterion took      0.00 usr cpu s       0.00 sys cpu s       0.00 wall s
TIDE Iteration 24 took      0.01 usr cpu s       0.03 sys cpu s       0.00 wall s
INDE     ITERATION 25 :
TIDE purify_X took      0.00 usr cpu s       0.00 sys cpu s       0.00 wall s
TIDE truncate_matrix took      0.00 usr cpu s       0.00 sys cpu s       0.00 wall s
INDE Actual introduced error   0.000000e+00 : nnz before  49284 <-> 100.00 % , nnz after  49284 <-> 100.00 %
TIDE square took      0.00 usr cpu s       0.01 sys cpu s       0.00 wall s
INDE NNZ Xsq = 49284 <-> 100.00 %
TIDE Frobenius norm of X-X^2 took      0.00 usr cpu s       0.00 sys cpu s       0.00 wall s
TIDE Mixed norm of X-X^2 took      0.00 usr cpu s       0.01 sys cpu s       0.00 wall s
TIDE Trace of X-X^2 took      0.00 usr cpu s       0.00 sys cpu s       0.00 wall s
INDE ||X-X^2||_F = 3.455835e-05 , ||X-X^2||_mixed = 3.455785e-05
INDE trace(X-X^2) = 3.551488e-05
INDE trace(X) = 4.700004e+01
INDE Checking stopping criterion...   
INDE e_i =3.455785e-05, C*e_{i-1}^q = 1.210587e-04
INDE Order of convergence = 2.228998, stop = 0
TIDE stopping_criterion took      0.00 usr cpu s       0.00 sys cpu s       0.00 wall s
TIDE Iteration 25 took      0.01 usr cpu s       0.02 sys cpu s       0.00 wall s
INDE     ITERATION 26 :
TIDE purify_X took      0.00 usr cpu s       0.00 sys cpu s       0.00 wall s
TIDE truncate_matrix took      0.00 usr cpu s       0.00 sys cpu s       0.00 wall s
INDE Actual introduced error   0.000000e+00 : nnz before  49284 <-> 100.00 % , nnz after  49284 <-> 100.00 %
TIDE square took      0.00 usr cpu s       0.01 sys cpu s       0.00 wall s
INDE NNZ Xsq = 49284 <-> 100.00 %
TIDE Frobenius norm of X-X^2 took      0.00 usr cpu s       0.00 sys cpu s       0.00 wall s
TIDE Mixed norm of X-X^2 took      0.00 usr cpu s       0.01 sys cpu s       0.00 wall s
TIDE Trace of X-X^2 took      0.00 usr cpu s       0.00 sys cpu s       0.00 wall s
INDE ||X-X^2||_F = 1.340232e-09 , ||X-X^2||_mixed = 1.309393e-09
INDE trace(X-X^2) = 1.883208e-09
INDE trace(X) = 4.700000e+01
INDE Checking stopping criterion...   
INDE e_i =1.309393e-09, C*e_{i-1}^q = 4.156100e-09
INDE Order of convergence = 2.108818, stop = 0
TIDE stopping_criterion took      0.00 usr cpu s       0.00 sys cpu s       0.00 wall s
TIDE Iteration 26 took      0.01 usr cpu s       0.02 sys cpu s       0.00 wall s
INDE     ITERATION 27 :
TIDE purify_X took      0.00 usr cpu s       0.00 sys cpu s       0.00 wall s
TIDE truncate_matrix took      0.00 usr cpu s       0.00 sys cpu s       0.00 wall s
INDE Actual introduced error   0.000000e+00 : nnz before  49284 <-> 100.00 % , nnz after  49284 <-> 100.00 %
TIDE square took      0.00 usr cpu s       0.02 sys cpu s       0.00 wall s
INDE NNZ Xsq = 49284 <-> 100.00 %
TIDE Frobenius norm of X-X^2 took      0.00 usr cpu s       0.00 sys cpu s       0.00 wall s
TIDE Mixed norm of X-X^2 took      0.00 usr cpu s       0.01 sys cpu s       0.00 wall s
TIDE Trace of X-X^2 took      0.00 usr cpu s       0.00 sys cpu s       0.00 wall s
INDE ||X-X^2||_F = 1.219203e-09 , ||X-X^2||_mixed = 1.219019e-09
INDE trace(X-X^2) = 1.377671e-09
INDE trace(X) = 4.700000e+01
INDE Checking stopping criterion...   
INDE Order of convergence cannot be computed
TIDE stopping_criterion took      0.00 usr cpu s       0.00 sys cpu s       0.00 wall s
TIDE Iteration 27 took      0.00 usr cpu s       0.03 sys cpu s       0.00 wall s
INDE     ITERATION 28 :
TIDE purify_X took      0.00 usr cpu s       0.00 sys cpu s       0.00 wall s
TIDE truncate_matrix took      0.00 usr cpu s       0.00 sys cpu s       0.00 wall s
INDE Actual introduced error   0.000000e+00 : nnz before  49284 <-> 100.00 % , nnz after  49284 <-> 100.00 %
TIDE square took      0.01 usr cpu s       0.01 sys cpu s       0.00 wall s
INDE NNZ Xsq = 49284 <-> 100.00 %
TIDE Frobenius norm of X-X^2 took      0.00 usr cpu s       0.00 sys cpu s       0.00 wall s
TIDE Mixed norm of X-X^2 took      0.00 usr cpu s       0.00 sys cpu s       0.00 wall s
TIDE Trace of X-X^2 took      0.00 usr cpu s       0.00 sys cpu s       0.00 wall s
INDE ||X-X^2||_F = 2.034942e-15 , ||X-X^2||_mixed = 0.000000e+00
INDE trace(X-X^2) = -7.105427e-15
INDE trace(X) = 4.700000e+01
INDE Checking stopping criterion...   
INDE ************************************************************************************************************
INDE The norm value went much below machine precision, therefore we stop here since n_max can be underestimated.
INDE ************************************************************************************************************
INDE e_i =0.000000e+00, C*e_{i-1}^q = 1.180818e-17
INDE Order of convergence = inf, stop = 1
TIDE stopping_criterion took      0.00 usr cpu s       0.00 sys cpu s       0.00 wall s
INDE PURIFICATION CONVERGED after 28 iterations
TIDE Iteration 28 took      0.01 usr cpu s       0.01 sys cpu s       0.00 wall s
INDE Number of non-zeros in D is  49284 <-> 100.00 %
TIDE FileWritable::writeAndReadAll took      0.00 usr cpu s       0.00 sys cpu s       0.00 wall s
INDE writeAndReadAll sizesStr: '0 MB (1 MatrixGeneral, 0 > 1 MB) + 0 MB (13 MatrixSymmetric, 0 > 1 MB) + 0 MB (2 VectorGeneral, 0 > 1 MB) = 0 MB (16 total, 0 > 1 MB)
INDE TOTAL X square time: 0.068642 wall s
INDE TOTAL X trunction time: 0.003307 wall s
INDE TOTAL X purify (exl. X^2 computation) time: 0.003590 wall s
INDE TOTAL time to get number of non-zero elements: 0.001063 wall s
INDE TOTAL time to get mixed norm: 0.041817 wall s
INDE TOTAL time to get Frobenius norm: 0.003814 wall s
INDE TOTAL time for stopping criterion: 0.001313 wall s
INDE TOTAL time to get matrix trace: 0.000570 wall s
INDE Estimated bounds for the eigenvalues for the Fock matrix:
INDE LUMO: [ 0.083957101663 , 0.142527478216 ]
INDE HOMO: [ -0.411712617759 , -0.341249397990 ]
TIDE eigenvalue_bounds_estimation() took      0.00 usr cpu s       0.00 sys cpu s       0.00 wall s
TIDE Recursive expansion took      0.39 usr cpu s       1.11 sys cpu s       0.19 wall s
TIDE Puri->PurificationStart() took      0.39 usr cpu s       1.11 sys cpu s       0.19 wall s
TIDE Accumulated wall times for writeToFile in PurificationStart()          : 0 s (MatrixGeneral) + 3.8e-06 s (MatrixSymmetric) + 7e-05 s (VectorGeneral) = 7.4e-05 s
TIDE Accumulated wall times for readFromFile in PurificationStart()         : 0 s (MatrixGeneral) + 0 s (MatrixSymmetric) + 2.4e-05 s (VectorGeneral) = 2.4e-05 s
TIDE Accumulated wall times for copy and assign in PurificationStart()      : 9.5e-07 s (MatrixSymmetric) + 3.9e-05 s (VectorGeneral) = 4e-05 s
INDE Number of calls to writeToFile in PurificationStart()                  : 2 (MatrixGeneral) + 27 (MatrixSymmetric) + 839 (VectorGeneral) = 868 
INDE Number of calls to readFromFile in PurificationStart()                 : 2 (MatrixGeneral) + 26 (MatrixSymmetric) + 298 (VectorGeneral) = 326 
INDE Number of calls to FileWritable copy and assign in PurificationStart() : 2 (MatrixSymmetric) + 30 (VectorGeneral) = 32 
TIDE mat::Gblas::time after purification :     0.883391
INDE Created .m files with results of the purification
INDE Purification converged OK
INDE E(LUMO) - E(HOMO) >=          0.42520649965 =         11.57045835168 eV
INDE E(LUMO) - E(HOMO) <=          0.55424009598 =         15.08164139669 eV
INDE HOMO interval : [   -0.411712617759   -0.341249397990 ]
INDE LUMO interval : [    0.083957101663    0.142527478216 ]
INDE Trace of resulting density matrix is         47.00000000000, error is   0.00000000000000.
INDE Truncated D_ort ( mixed ), selected threshold = 9.99999e-08, returned error =          0, nnz before = 49284 <-> 100.0000 %, nnz after = 49284 <-> 100.0000 %
TIDE FileWritable::writeAndReadAll took      0.00 usr cpu s       0.00 sys cpu s       0.00 wall s
INDE writeAndReadAll sizesStr: '0 MB (1 MatrixGeneral, 0 > 1 MB) + 0 MB (12 MatrixSymmetric, 0 > 1 MB) + 0 MB (1 MatrixTriangular, 0 > 1 MB) = 0 MB (14 total, 0 > 1 MB)
TIDE D_w to non-orthogonal basis took      0.00 usr cpu s       0.01 sys cpu s       0.00 wall s
INDE Truncated D_S (eucl with Z), selected threshold = 9.99999e-08, returned error =          0, nnz before = 100.0000 %, nnz after = 100.0000 %
INDE get_dens_from_fock_sparse ending OK
TIDE get_dens_from_fock_sparse took      0.48 usr cpu s       1.47 sys cpu s       0.25 wall s
ERDE get_dens_from_fock  (GetDensFromFock class) : purification finished OK.
TIDE get_dens_from_fock took      0.48 usr cpu s       1.47 sys cpu s       0.25 wall s
INSC Matrix 'new density matrix' ( symm ): n =    222, nnz =        49284 <-> 100.00 %, mem usage  0.0002 G
INSC Tr( D * S ) =         94.00000000000
TISC get_new_density_matrix took      0.48 usr cpu s       1.47 sys cpu s       0.25 wall s
INSC SCF_restricted::report_density_difference, diff_eucl =          0.22083653984
TISC SCF_restricted::report_density_difference took      0.05 usr cpu s       0.15 sys cpu s       0.02 wall s
INMA ddf_writeShellListAndDensityMatricesToFile_sparse, n =    222, densityMatrixList[0].nvalues =       24753
INMA opened temporary file 'density.bin.0GEYl0' for writing
INMA Choosing matrixStorageType = MATRIX_STORAGE_TYPE_TRIANGLE.
INMA fileSize =          252744 bytes =      0.253 MegaBytes
INMA renamed file 'density.bin.0GEYl0' to 'density.bin'
INMA ddf_writeShellListAndDensityMatricesToFile_sparse freeing buffer.
INMA ddf_writeShellListAndDensityMatricesToFile_sparse returning OK.
TISC write_density_to_file took      0.00 usr cpu s       0.06 sys cpu s       0.01 wall s
INSC SCF cycle   2 finished.
TISC SCF cycle   2 took    168.58 usr cpu s       2.46 sys cpu s      31.57 wall s
INSC Beginning of SCF cycle 3:  Thu Mar 26 20:01:50 2026
INDE compute_J_by_boxes_sparse() start.
TIDE FileWritable::writeAndReadAll took      0.00 usr cpu s       0.00 sys cpu s       0.00 wall s
INDE writeAndReadAll: '0 MB (1 MatrixGeneral, 0 > 1 MB) + 0 MB (11 MatrixSymmetric, 0 > 1 MB) = 0 MB (12 total, 0 > 1 MB)
IN   compute_J_by_boxes_sparse, maxDensityMatrixElement =          2.08864166006
ININ get_basis_func_pair_list, n =    222
ININ create_box_system end OK, toplevelBoxSize:   7.0, #levels:  3, #boxes at top level:      6
TIIN get_basis_func_pair_list_2el took      0.20 usr cpu s       0.38 sys cpu s       0.12 wall s
IN   compute_J_by_boxes_sparse: noOfBasisFuncIndexPairs = 21264 ==> storing  43.15 % of a full matrix
ININ entering compute_J_by_boxes_linear, no of basis funcs =   222, threshold_J =   1e-12
ININ use_fmm = 1, fmm_box_size =   5.00
TIIN Compute extent for all distrs took      0.26 usr cpu s       0.00 sys cpu s       0.26 wall s
ININ extent_min =    0.000, extent_max =    8.988
ININ Creating list of distributions etc done, distrCount =    208583
TIIN Creating list of distributions etc took      0.40 usr cpu s       0.00 sys cpu s       0.40 wall s
ININ create_box_system end OK, toplevelBoxSize:   5.0, #levels:  3, #boxes at top level:     10
TIIN Creating boxes took      0.02 usr cpu s       0.00 sys cpu s       0.02 wall s
ININ noOfBranches = 4, splitters:   5.00  2.50  0.00
ININ J org done, groupCount =     7861
TIIN J org took      0.87 usr cpu s       0.00 sys cpu s       0.87 wall s
TIIN Generate group multipoles took      0.37 usr cpu s       0.00 sys cpu s       0.37 wall s
ININ totChargeWholeSystem =          0.00000000000
ININ Generating multipole for each branch at top level, MAX_MULTIPOLE_DEGREE = 15
TIIN Translate multipoles (step 1) took      0.26 usr cpu s       0.00 sys cpu s       0.26 wall s
TIIN Translate multipoles (step 2) took      0.07 usr cpu s       0.00 sys cpu s       0.07 wall s
ININ job lists for J created OK, noOfJobs_J_standard =      789, noOfJobs_J_multipole =       62
TIIN Creating job lists for J took      0.00 usr cpu s       0.00 sys cpu s       0.00 wall s
ININ execute_joblist_J_std_threaded, noOfThreads =  8
ININ 8 threads started OK.
ININ all 8 threads have finished.
TIIN execute_joblist_J_std_threaded took     57.94 usr cpu s       0.02 sys cpu s       9.13 wall s
TIIN sort_list_of_multipole_jobs init part took      0.00 usr cpu s       0.00 sys cpu s       0.00 wall s
TIIN sort_list_of_multipole_jobs complete took      0.00 usr cpu s       0.00 sys cpu s       0.00 wall s
TIIN sort_list_of_multipole_jobs took      0.00 usr cpu s       0.00 sys cpu s       0.00 wall s
ININ execute_joblist_J_fmm_shared: Allocating multipoleList_4, maxnoOfMinimalDistrsPerBoxBranch =     49239
ININ execute_joblist_J_fmm_shared: jobIndexLo =            0, jobIndexHi =            7
ININ execute_joblist_J_fmm_shared: Allocating multipoleList_4, maxnoOfMinimalDistrsPerBoxBranch =     49239
ININ execute_joblist_J_fmm_shared: Allocating multipoleList_4, maxnoOfMinimalDistrsPerBoxBranch =     49239
ININ execute_joblist_J_fmm_shared: jobIndexLo =            7, jobIndexHi =           15
ININ execute_joblist_J_fmm_shared: jobIndexLo =           23, jobIndexHi =           31
ININ execute_joblist_J_fmm_shared: Allocating multipoleList_4, maxnoOfMinimalDistrsPerBoxBranch =     49239
ININ execute_joblist_J_fmm_shared: jobIndexLo =           15, jobIndexHi =           23
ININ execute_joblist_J_fmm_shared: Allocating multipoleList_4, maxnoOfMinimalDistrsPerBoxBranch =     49239
ININ execute_joblist_J_fmm_shared: jobIndexLo =           31, jobIndexHi =           38
ININ execute_joblist_J_fmm_shared: Allocating multipoleList_4, maxnoOfMinimalDistrsPerBoxBranch =     49239
ININ execute_joblist_J_fmm_shared: jobIndexLo =           38, jobIndexHi =           46
ININ execute_joblist_J_fmm_shared: Allocating multipoleList_4, maxnoOfMinimalDistrsPerBoxBranch =     49239
ININ execute_joblist_J_fmm_shared: jobIndexLo =           46, jobIndexHi =           54
ININ execute_joblist_J_fmm_shared: Allocating multipoleList_4, maxnoOfMinimalDistrsPerBoxBranch =     49239
ININ execute_joblist_J_fmm_shared: jobIndexLo =           54, jobIndexHi =           62
ININ execute_joblist_J_fmm_shared: done!
ININ execute_joblist_J_fmm_shared: done!
ININ execute_joblist_J_fmm_shared: done!
ININ execute_joblist_J_fmm_shared: done!
ININ execute_joblist_J_fmm_shared: done!
ININ execute_joblist_J_fmm_shared: done!
ININ execute_joblist_J_fmm_shared: done!
ININ execute_joblist_J_fmm_shared: done!
ININ multipole job list for J executed, largest L used: 12
TIIN Executing multipole job list for J took      0.26 usr cpu s       0.00 sys cpu s       0.10 wall s
ININ compute_J_by_boxes_linear ending OK.
TIIN compute_J_by_boxes_linear took     60.19 usr cpu s       0.03 sys cpu s      11.23 wall s
TI   compute_J_by_boxes_sparse total took     60.40 usr cpu s       0.41 sys cpu s      11.36 wall s
ININ entering create_CSR_for_K, no of basis funcs =   222, threshold_K =   1e-12
ININ create_box_system end OK, toplevelBoxSize:   7.0, #levels:  3, #boxes at top level:      6
ININ create_box_system end OK, toplevelBoxSize:   7.0, #levels:  3, #boxes at top level:      6
ININ create_box_system end OK, toplevelBoxSize:   7.0, #levels:  3, #boxes at top level:      6
TIIN create_CSR_for_K getting list of distrs took      0.26 usr cpu s       0.00 sys cpu s       0.26 wall s
ININ list of neighbors complete.
TIIN create_CSR_for_K getting list of neighbors took      0.00 usr cpu s       0.00 sys cpu s       0.00 wall s
TIIN create_CSR_for_K sort each list of neighbors took      0.02 usr cpu s       0.00 sys cpu s       0.02 wall s
ININ 8 threads started OK.
TIIN identify_needed_elements() took     68.65 usr cpu s       0.03 sys cpu s       8.89 wall s
ININ computing nnz..
ININ create_CSR_for_K: predicted nnz =        24753, <->  50.23% of a full matrix
TIIN create_CSR_for_K last part took      0.00 usr cpu s       0.00 sys cpu s       0.00 wall s
TIIN create_CSR_for_K total took     68.93 usr cpu s       0.03 sys cpu s       9.18 wall s
ININ entering compute_K_by_boxes, no of basis funcs =   222, threshold_K =   1e-12, exchange_box_size =   5.00
ININ create_box_system end OK, toplevelBoxSize:   7.0, #levels:  3, #boxes at top level:      6
ININ create_box_system end OK, toplevelBoxSize:   7.0, #levels:  3, #boxes at top level:      6
ININ create_box_system end OK, toplevelBoxSize:   7.0, #levels:  3, #boxes at top level:      6
TIIN Compute extent for all distrs took      0.27 usr cpu s       0.00 sys cpu s       0.27 wall s
ININ Creating list of distributions done, distrCountTot =    208583
TIIN Creating list of distributions took      0.44 usr cpu s       0.00 sys cpu s       0.44 wall s
ININ create_box_system end OK, toplevelBoxSize:   5.0, #levels:  3, #boxes at top level:     10
ININ create_box_system end OK, toplevelBoxSize:   2.5, #levels:  4, #boxes at top level:     16
ININ noOfLevelsBasisFuncs = 4, noOfLevelsDiff = 1
TIIN Creating boxes etc took      0.02 usr cpu s       0.00 sys cpu s       0.02 wall s
TIIN getting multipoleNormVectorList took      0.44 usr cpu s       0.00 sys cpu s       0.44 wall s
TIIN K organize_distributions for all boxes took      0.90 usr cpu s       0.00 sys cpu s       0.90 wall s
ININ starting loop to setup basisFuncGroupInfoList, with added index checks.
TIIN GetLimitsAllLevels took      0.17 usr cpu s       0.00 sys cpu s       0.17 wall s
ININ getDmatLimitMatrixCSRList start.
TIIN getting densityMatrixLimitMatrixList took      0.01 usr cpu s       0.00 sys cpu s       0.01 wall s
ININ job list for K created,       55 jobs
TIIN creating job list for K took      0.00 usr cpu s       0.00 sys cpu s       0.00 wall s
ININ execute_joblist_K_threaded, noOfThreads =  8, basisFuncListCount_max =   207
ININ 8 threads started OK.
ININ all 8 threads have finished, took        9 wall s.
TIIN Executing job list for K took     37.93 usr cpu s       0.01 sys cpu s       8.72 wall s
TIIN compute_K_by_boxes took     39.92 usr cpu s       0.01 sys cpu s      10.71 wall s
TI   compute_K_by_boxes_sparse total took    108.86 usr cpu s       0.04 sys cpu s      19.90 wall s
INSC About to truncate FockMatrix, gap of Fprev >=          0.42520649965
TISC symmMatrix::mixed_diff for F vs Fprev maxEigValMovement_mixed took      0.00 usr cpu s       0.00 sys cpu s       0.00 wall s
TISC symmMatrix::eucl_diff for maxEigValMovement_eucl  took      0.03 usr cpu s       0.12 sys cpu s       0.03 wall s
INSC maxEigValMovement_frob  =          0.82535993331
INSC maxEigValMovement_mixed =          0.59737824955
INSC maxEigValMovement_eucl  =          0.30923120525
TISC FockMatrix.eucl_thresh() (with Z) took      0.02 usr cpu s       0.11 sys cpu s       0.02 wall s
INSC Truncated FockMatrix (eucl with Z), selected threshold =      5e-09, returned error =          0, nnz before = 100.0000 %, nnz after = 100.0000 %
INSC Matrix 'S' ( symm ): n =    222, nnz =        49284 <-> 100.00 %, mem usage  0.0002 G
INSC Matrix 'F' ( symm ): n =    222, nnz =        49284 <-> 100.00 %, mem usage  0.0002 G
INSC Matrix 'D' ( symm ): n =    222, nnz =        49284 <-> 100.00 %, mem usage  0.0002 G
INSC nuclearEnergy, energy_2el, energy = 782.160484, 1008.483798, -644.938943
INSC Energy   3 =       -644.93894308585  ( diff     -0.067364934454645 )
INSC calling compute_FDSminusSDF_sparse, n = 222
INDE compute_FDSminusSDF_sparse() start.
TIDE FileWritable::writeAndReadAll took      0.00 usr cpu s       0.00 sys cpu s       0.00 wall s
INDE writeAndReadAll: '0 MB (1 MatrixGeneral, 0 > 1 MB) + 0 MB (9 MatrixSymmetric, 0 > 1 MB) = 0 MB (10 total, 0 > 1 MB)
TISC compute_FDSminusSDF_sparse, F*D mult took      0.01 usr cpu s       0.02 sys cpu s       0.00 wall s
INSC Matrix 'FD before eucl truncation' (normal): n =    222, nnz =        49284 <-> 100.00 %, mem usage  0.0004 G
INSC Matrix 'FD after  eucl truncation' (normal): n =    222, nnz =        49284 <-> 100.00 %, mem usage  0.0004 G
INSC Matrix 'FDS before eucl truncation' (normal): n =    222, nnz =        49284 <-> 100.00 %, mem usage  0.0004 G
INSC Matrix 'FDS after  eucl truncation' (normal): n =    222, nnz =        49284 <-> 100.00 %, mem usage  0.0004 G
INSC compute_FDSminusSDF_sparse ending OK.
TISC compute_FDSminusSDF_sparse took      0.03 usr cpu s       0.07 sys cpu s       0.01 wall s
INSC Matrix 'FDS-SDF' (normal): n =    222, nnz =        49284 <-> 100.00 %, mem usage  0.0004 G
INSC SCF_restricted::get_FDSminusSDF finished.
TISC get_FDSminusSDF took      0.03 usr cpu s       0.07 sys cpu s       0.02 wall s
INSC maxabs FDS-SDF is   0.0774
INSC frob   FDS-SDF is    0.529
TISC get_error_measure took      0.00 usr cpu s       0.00 sys cpu s       0.00 wall s
INSC entering DIISManagerRestricted::AddIterationToList, IterCount =  2
INSC DIISManagerRestricted::AddIterationToList ending OK.
TISC DIISManagerRestricted::AddIterationToList took      0.00 usr cpu s       0.00 sys cpu s       0.00 wall s
INSC using DIIS to get combined Fock matrix, number of iters used for DIIS:  3
TISC clear_error_matrices took      0.00 usr cpu s       0.00 sys cpu s       0.00 wall s
TISC save_current_fock_as_fprev took      0.00 usr cpu s       0.00 sys cpu s       0.00 wall s
INDE get_dens_from_fock_general, n = 222, use_diagonalization = 0, use_diag_on_error = 1
INDE Before writeAndReadAll(): AllocatorManager statistics:  noOfRealsPerBuffer: 1024 noOfBuffers: 20000 list.size(): 1. Allocated: 0.164 GB, Used: 0.00347 GB, Peak alloc: 0.164 GB.
TIDE FileWritable::writeAndReadAll took      0.00 usr cpu s       0.00 sys cpu s       0.00 wall s
INDE writeAndReadAll sizesStr: '0 MB (1 MatrixGeneral, 0 > 1 MB) + 0 MB (7 MatrixSymmetric, 0 > 1 MB) = 0 MB (8 total, 0 > 1 MB)
INDE After writeAndReadAll(): AllocatorManager statistics:  noOfRealsPerBuffer: 1024 noOfBuffers: 20000 list.size(): 1. Allocated: 0.164 GB, Used: 0.00347 GB, Peak alloc: 0.164 GB.
INDE calling get_dens_from_fock_sparse, n =    222, subspaceErrorLimit = 1e-06
INDE get_dens_from_fock_sparse() start!
INDE After F.readFromFile(): AllocatorManager statistics:  noOfRealsPerBuffer: 1024 noOfBuffers: 20000 list.size(): 1. Allocated: 0.164 GB, Used: 0.00347 GB, Peak alloc: 0.164 GB.
INDE After creating wrapper MatrixType F_w(F): AllocatorManager statistics:  noOfRealsPerBuffer: 1024 noOfBuffers: 20000 list.size(): 1. Allocated: 0.164 GB, Used: 0.00364 GB, Peak alloc: 0.164 GB.
TIDE  F_w to orthogonal basis took      0.00 usr cpu s       0.01 sys cpu s       0.00 wall s
TIDE MatrixType::mixed_diff for maxEigValMovement_mixed took      0.00 usr cpu s       0.01 sys cpu s       0.00 wall s
TIDE symmMatrixWrap::eucl_diff for maxEigValMovement_eucl  took      0.04 usr cpu s       0.17 sys cpu s       0.03 wall s
INDE maxEigValMovement_frob  =          0.49383270028
INDE maxEigValMovement_mixed =          0.34557382732
INDE maxEigValMovement_eucl  =          0.16445046288
INDE lumo before truncation: [ -0.080493361218 , 0.306977941097 ]
INDE homo before truncation: [ -0.576163080640 , -0.176798935109 ]
INDE Truncate matrix F and update intervals for homo and lumo.
INDE Truncating F_ort ( mixed ), selected threshold = 9.63056e-09
INDE Truncated F_ort ( mixed ), selected threshold = 9.63056e-09, returned error =          0, nnz before = 100.0000 %, nnz after = 100.0000 %
TIDE Truncation of F_ort took      0.00 usr cpu s       0.00 sys cpu s       0.00 wall s
INDE Chosen Ergo Wrapper
INDE Creating purification object: N = 222 , nocc = 47 , NNZ = 49284  <-> 100.00000 %
INDE Chosen norm for the truncation: 
INDE mixed
INDE Chosen norm for the stopping criterion: 
INDE mixed
INDE Chosen the NEW stopping criterion.
INDE Allowed error in subspace 7.000000e-07
INDE Chosen SP2 purification method
INDE calling Puri->PurificationStart(), number of threads = 1, trunc norm 'mixed'
TIDE gershgorin took      0.00 usr cpu s       0.00 sys cpu s       0.00 wall s
INDE Gershgorin bounds: [ -35.721261326191 , 17.126460282170 ]
INDE EXPANDED Gershgorin bounds: [ -35.721261341092 , 17.126460297071 ]
INDE Trying to impove bounds using Lanczos algorithm...
TIDE compute_spectrum_bounds took      0.09 usr cpu s       0.40 sys cpu s       0.06 wall s
INDE Spectrum of F: 	 [ -20.635728416174 , 4.252763284085 ]
INDE Transform homo and lumo bounds...
INDE HOMO bounds of X: 	 [ 0.177976322251 , 0.194022459170 ]
INDE LUMO bounds of X: 	 [ 0.158538548278 , 0.174106840121 ]
INDE INIT LUMO: [ 0.158538548278 , 0.174106840121 ]
INDE INIT HOMO: [ 0.805977540830 , 0.822023677749 ]
INDE ESTIMATED NUMBER OF ITERATIONS IS 36
INDE Put eigenvalues of F to the interval [0,1] in reverse order.
TIDE compute_X() took      0.00 usr cpu s       0.00 sys cpu s       0.00 wall s
TIDE prepare_to_purification() took      0.10 usr cpu s       0.40 sys cpu s       0.06 wall s
INDE (EIGV,PARAMS) Requested 0 occipied eigenpair(s).
INDE (EIGV,PARAMS) Requested 0 unoccipied eigenpair(s).
TIDE prepare_to_purification_eigenvectors() took      0.00 usr cpu s       0.00 sys cpu s       0.00 wall s
INDE Starting recursive expansion
INDE     BEFORE ITERATIONS:
TIDE truncate_matrix took      0.00 usr cpu s       0.00 sys cpu s       0.00 wall s
INDE Actual introduced error   0.000000e+00 : nnz before  49284 <-> 100.00 % , nnz after  49284 <-> 100.00 %
TIDE square took      0.00 usr cpu s       0.02 sys cpu s       0.00 wall s
INDE NNZ Xsq = 49284 <-> 100.00 %
TIDE Frobenius norm of X-X^2 took      0.00 usr cpu s       0.00 sys cpu s       0.00 wall s
TIDE Mixed norm of X-X^2 took      0.00 usr cpu s       0.01 sys cpu s       0.00 wall s
TIDE Trace of X-X^2 took      0.00 usr cpu s       0.00 sys cpu s       0.00 wall s
INDE ||X-X^2||_F = 1.696727e+00 , ||X-X^2||_mixed = 8.697576e-01
INDE trace(X-X^2) = 2.268707e+01
INDE trace(X) = 3.354460e+01
TIDE Iteration 0 took      0.00 usr cpu s       0.03 sys cpu s       0.00 wall s
TIDE FileWritable::writeAndReadAll took      0.00 usr cpu s       0.00 sys cpu s       0.00 wall s
INDE writeAndReadAll sizesStr: '0 MB (1 MatrixGeneral, 0 > 1 MB) + 0 MB (13 MatrixSymmetric, 0 > 1 MB) + 0 MB (2 VectorGeneral, 0 > 1 MB) = 0 MB (16 total, 0 > 1 MB)
INDE     ITERATION 1 :
TIDE purify_X took      0.00 usr cpu s       0.00 sys cpu s       0.00 wall s
TIDE truncate_matrix took      0.00 usr cpu s       0.00 sys cpu s       0.00 wall s
INDE Actual introduced error   0.000000e+00 : nnz before  49284 <-> 100.00 % , nnz after  49284 <-> 100.00 %
TIDE square took      0.01 usr cpu s       0.01 sys cpu s       0.00 wall s
INDE NNZ Xsq = 49284 <-> 100.00 %
TIDE Frobenius norm of X-X^2 took      0.00 usr cpu s       0.00 sys cpu s       0.00 wall s
TIDE Mixed norm of X-X^2 took      0.00 usr cpu s       0.01 sys cpu s       0.00 wall s
TIDE Trace of X-X^2 took      0.00 usr cpu s       0.00 sys cpu s       0.00 wall s
INDE ||X-X^2||_F = 2.453202e+00 , ||X-X^2||_mixed = 1.227499e+00
INDE trace(X-X^2) = 3.419733e+01
INDE trace(X) = 5.623167e+01
TIDE Iteration 1 took      0.01 usr cpu s       0.02 sys cpu s       0.00 wall s
INDE     ITERATION 2 :
TIDE purify_X took      0.00 usr cpu s       0.00 sys cpu s       0.00 wall s
TIDE truncate_matrix took      0.00 usr cpu s       0.00 sys cpu s       0.00 wall s
INDE Actual introduced error   0.000000e+00 : nnz before  49284 <-> 100.00 % , nnz after  49284 <-> 100.00 %
TIDE square took      0.01 usr cpu s       0.01 sys cpu s       0.00 wall s
INDE NNZ Xsq = 49284 <-> 100.00 %
TIDE Frobenius norm of X-X^2 took      0.00 usr cpu s       0.00 sys cpu s       0.00 wall s
TIDE Mixed norm of X-X^2 took      0.00 usr cpu s       0.01 sys cpu s       0.00 wall s
TIDE Trace of X-X^2 took      0.00 usr cpu s       0.00 sys cpu s       0.00 wall s
INDE ||X-X^2||_F = 3.129173e+00 , ||X-X^2||_mixed = 1.494757e+00
INDE trace(X-X^2) = 4.422947e+01
INDE trace(X) = 9.042901e+01
INDE Checking stopping criterion...   
INDE Order of convergence cannot be computed
TIDE stopping_criterion took      0.00 usr cpu s       0.00 sys cpu s       0.00 wall s
TIDE Iteration 2 took      0.01 usr cpu s       0.02 sys cpu s       0.00 wall s
INDE     ITERATION 3 :
TIDE purify_X took      0.00 usr cpu s       0.00 sys cpu s       0.00 wall s
TIDE truncate_matrix took      0.00 usr cpu s       0.00 sys cpu s       0.00 wall s
INDE Actual introduced error   0.000000e+00 : nnz before  49284 <-> 100.00 % , nnz after  49284 <-> 100.00 %
TIDE square took      0.00 usr cpu s       0.02 sys cpu s       0.00 wall s
INDE NNZ Xsq = 49284 <-> 100.00 %
TIDE Frobenius norm of X-X^2 took      0.00 usr cpu s       0.00 sys cpu s       0.00 wall s
TIDE Mixed norm of X-X^2 took      0.00 usr cpu s       0.01 sys cpu s       0.00 wall s
TIDE Trace of X-X^2 took      0.00 usr cpu s       0.00 sys cpu s       0.00 wall s
INDE ||X-X^2||_F = 2.043412e+00 , ||X-X^2||_mixed = 1.140236e+00
INDE trace(X-X^2) = 2.594071e+01
INDE trace(X) = 4.619953e+01
INDE Checking stopping criterion...   
INDE Order of convergence cannot be computed
TIDE stopping_criterion took      0.00 usr cpu s       0.00 sys cpu s       0.00 wall s
TIDE Iteration 3 took      0.00 usr cpu s       0.03 sys cpu s       0.00 wall s
INDE     ITERATION 4 :
TIDE purify_X took      0.00 usr cpu s       0.00 sys cpu s       0.00 wall s
TIDE truncate_matrix took      0.00 usr cpu s       0.00 sys cpu s       0.00 wall s
INDE Actual introduced error   0.000000e+00 : nnz before  49284 <-> 100.00 % , nnz after  49284 <-> 100.00 %
TIDE square took      0.01 usr cpu s       0.01 sys cpu s       0.00 wall s
INDE NNZ Xsq = 49284 <-> 100.00 %
TIDE Frobenius norm of X-X^2 took      0.00 usr cpu s       0.00 sys cpu s       0.00 wall s
TIDE Mixed norm of X-X^2 took      0.00 usr cpu s       0.01 sys cpu s       0.00 wall s
TIDE Trace of X-X^2 took      0.00 usr cpu s       0.00 sys cpu s       0.00 wall s
INDE ||X-X^2||_F = 2.694673e+00 , ||X-X^2||_mixed = 1.436819e+00
INDE trace(X-X^2) = 3.564279e+01
INDE trace(X) = 7.214024e+01
INDE Checking stopping criterion...   
INDE Order of convergence cannot be computed
TIDE stopping_criterion took      0.00 usr cpu s       0.00 sys cpu s       0.00 wall s
TIDE Iteration 4 took      0.01 usr cpu s       0.02 sys cpu s       0.00 wall s
INDE     ITERATION 5 :
TIDE purify_X took      0.00 usr cpu s       0.00 sys cpu s       0.00 wall s
TIDE truncate_matrix took      0.00 usr cpu s       0.00 sys cpu s       0.00 wall s
INDE Actual introduced error   0.000000e+00 : nnz before  49284 <-> 100.00 % , nnz after  49284 <-> 100.00 %
TIDE square took      0.00 usr cpu s       0.01 sys cpu s       0.00 wall s
INDE NNZ Xsq = 49284 <-> 100.00 %
TIDE Frobenius norm of X-X^2 took      0.00 usr cpu s       0.00 sys cpu s       0.00 wall s
TIDE Mixed norm of X-X^2 took      0.01 usr cpu s       0.01 sys cpu s       0.00 wall s
TIDE Trace of X-X^2 took      0.00 usr cpu s       0.00 sys cpu s       0.00 wall s
INDE ||X-X^2||_F = 2.830023e+00 , ||X-X^2||_mixed = 1.489402e+00
INDE trace(X-X^2) = 3.867863e+01
INDE trace(X) = 1.077830e+02
INDE Checking stopping criterion...   
INDE Order of convergence cannot be computed
TIDE stopping_criterion took      0.00 usr cpu s       0.00 sys cpu s       0.00 wall s
TIDE Iteration 5 took      0.01 usr cpu s       0.02 sys cpu s       0.00 wall s
INDE     ITERATION 6 :
TIDE purify_X took      0.00 usr cpu s       0.00 sys cpu s       0.00 wall s
TIDE truncate_matrix took      0.00 usr cpu s       0.00 sys cpu s       0.00 wall s
INDE Actual introduced error   0.000000e+00 : nnz before  49284 <-> 100.00 % , nnz after  49284 <-> 100.00 %
TIDE square took      0.00 usr cpu s       0.02 sys cpu s       0.00 wall s
INDE NNZ Xsq = 49284 <-> 100.00 %
TIDE Frobenius norm of X-X^2 took      0.00 usr cpu s       0.00 sys cpu s       0.00 wall s
TIDE Mixed norm of X-X^2 took      0.00 usr cpu s       0.01 sys cpu s       0.00 wall s
TIDE Trace of X-X^2 took      0.00 usr cpu s       0.00 sys cpu s       0.00 wall s
INDE ||X-X^2||_F = 2.431874e+00 , ||X-X^2||_mixed = 1.395131e+00
INDE trace(X-X^2) = 2.988905e+01
INDE trace(X) = 6.910441e+01
INDE Checking stopping criterion...   
INDE Order of convergence cannot be computed
TIDE stopping_criterion took      0.00 usr cpu s       0.00 sys cpu s       0.00 wall s
TIDE Iteration 6 took      0.00 usr cpu s       0.03 sys cpu s       0.00 wall s
INDE     ITERATION 7 :
TIDE purify_X took      0.00 usr cpu s       0.00 sys cpu s       0.00 wall s
TIDE truncate_matrix took      0.00 usr cpu s       0.00 sys cpu s       0.00 wall s
INDE Actual introduced error   0.000000e+00 : nnz before  49284 <-> 100.00 % , nnz after  49284 <-> 100.00 %
TIDE square took      0.01 usr cpu s       0.01 sys cpu s       0.00 wall s
INDE NNZ Xsq = 49284 <-> 100.00 %
TIDE Frobenius norm of X-X^2 took      0.00 usr cpu s       0.00 sys cpu s       0.00 wall s
TIDE Mixed norm of X-X^2 took      0.00 usr cpu s       0.01 sys cpu s       0.00 wall s
TIDE Trace of X-X^2 took      0.00 usr cpu s       0.00 sys cpu s       0.00 wall s
INDE ||X-X^2||_F = 1.752460e+00 , ||X-X^2||_mixed = 1.119231e+00
INDE trace(X-X^2) = 1.730242e+01
INDE trace(X) = 3.921536e+01
INDE Checking stopping criterion...   
INDE Order of convergence cannot be computed
TIDE stopping_criterion took      0.00 usr cpu s       0.00 sys cpu s       0.00 wall s
TIDE Iteration 7 took      0.01 usr cpu s       0.02 sys cpu s       0.00 wall s
INDE     ITERATION 8 :
TIDE purify_X took      0.00 usr cpu s       0.00 sys cpu s       0.00 wall s
TIDE truncate_matrix took      0.00 usr cpu s       0.00 sys cpu s       0.00 wall s
INDE Actual introduced error   0.000000e+00 : nnz before  49284 <-> 100.00 % , nnz after  49284 <-> 100.00 %
TIDE square took      0.01 usr cpu s       0.01 sys cpu s       0.00 wall s
INDE NNZ Xsq = 49284 <-> 100.00 %
TIDE Frobenius norm of X-X^2 took      0.00 usr cpu s       0.00 sys cpu s       0.00 wall s
TIDE Mixed norm of X-X^2 took      0.00 usr cpu s       0.01 sys cpu s       0.00 wall s
TIDE Trace of X-X^2 took      0.00 usr cpu s       0.00 sys cpu s       0.00 wall s
INDE ||X-X^2||_F = 1.978913e+00 , ||X-X^2||_mixed = 1.220561e+00
INDE trace(X-X^2) = 2.136140e+01
INDE trace(X) = 5.651778e+01
INDE Checking stopping criterion...   
INDE Order of convergence cannot be computed
TIDE stopping_criterion took      0.00 usr cpu s       0.00 sys cpu s       0.00 wall s
TIDE Iteration 8 took      0.01 usr cpu s       0.02 sys cpu s       0.00 wall s
INDE     ITERATION 9 :
TIDE purify_X took      0.00 usr cpu s       0.00 sys cpu s       0.00 wall s
TIDE truncate_matrix took      0.00 usr cpu s       0.00 sys cpu s       0.00 wall s
INDE Actual introduced error   0.000000e+00 : nnz before  49284 <-> 100.00 % , nnz after  49284 <-> 100.00 %
TIDE square took      0.01 usr cpu s       0.01 sys cpu s       0.00 wall s
INDE NNZ Xsq = 49284 <-> 100.00 %
TIDE Frobenius norm of X-X^2 took      0.00 usr cpu s       0.00 sys cpu s       0.00 wall s
TIDE Mixed norm of X-X^2 took      0.00 usr cpu s       0.01 sys cpu s       0.00 wall s
TIDE Trace of X-X^2 took      0.00 usr cpu s       0.00 sys cpu s       0.00 wall s
INDE ||X-X^2||_F = 1.539820e+00 , ||X-X^2||_mixed = 1.043546e+00
INDE trace(X-X^2) = 1.273431e+01
INDE trace(X) = 3.515637e+01
INDE Checking stopping criterion...   
INDE Order of convergence cannot be computed
TIDE stopping_criterion took      0.00 usr cpu s       0.00 sys cpu s       0.00 wall s
TIDE Iteration 9 took      0.01 usr cpu s       0.02 sys cpu s       0.00 wall s
INDE     ITERATION 10 :
TIDE purify_X took      0.00 usr cpu s       0.00 sys cpu s       0.00 wall s
TIDE truncate_matrix took      0.00 usr cpu s       0.00 sys cpu s       0.00 wall s
INDE Actual introduced error   0.000000e+00 : nnz before  49284 <-> 100.00 % , nnz after  49284 <-> 100.00 %
TIDE square took      0.00 usr cpu s       0.01 sys cpu s       0.00 wall s
INDE NNZ Xsq = 49284 <-> 100.00 %
TIDE Frobenius norm of X-X^2 took      0.00 usr cpu s       0.00 sys cpu s       0.00 wall s
TIDE Mixed norm of X-X^2 took      0.00 usr cpu s       0.01 sys cpu s       0.00 wall s
TIDE Trace of X-X^2 took      0.00 usr cpu s       0.00 sys cpu s       0.00 wall s
INDE ||X-X^2||_F = 1.535073e+00 , ||X-X^2||_mixed = 1.008301e+00
INDE trace(X-X^2) = 1.407492e+01
INDE trace(X) = 4.789068e+01
INDE Checking stopping criterion...   
INDE Order of convergence cannot be computed
TIDE stopping_criterion took      0.00 usr cpu s       0.00 sys cpu s       0.00 wall s
TIDE Iteration 10 took      0.01 usr cpu s       0.03 sys cpu s       0.00 wall s
INDE     ITERATION 11 :
TIDE purify_X took      0.00 usr cpu s       0.00 sys cpu s       0.00 wall s
TIDE truncate_matrix took      0.00 usr cpu s       0.00 sys cpu s       0.00 wall s
INDE Actual introduced error   0.000000e+00 : nnz before  49284 <-> 100.00 % , nnz after  49284 <-> 100.00 %
TIDE square took      0.00 usr cpu s       0.02 sys cpu s       0.00 wall s
INDE NNZ Xsq = 49284 <-> 100.00 %
TIDE Frobenius norm of X-X^2 took      0.00 usr cpu s       0.00 sys cpu s       0.00 wall s
TIDE Mixed norm of X-X^2 took      0.01 usr cpu s       0.01 sys cpu s       0.00 wall s
TIDE Trace of X-X^2 took      0.00 usr cpu s       0.00 sys cpu s       0.00 wall s
INDE ||X-X^2||_F = 1.525602e+00 , ||X-X^2||_mixed = 1.055464e+00
INDE trace(X-X^2) = 1.394257e+01
INDE trace(X) = 6.196560e+01
INDE Checking stopping criterion...   
INDE Order of convergence cannot be computed
TIDE stopping_criterion took      0.00 usr cpu s       0.00 sys cpu s       0.00 wall s
TIDE Iteration 11 took      0.01 usr cpu s       0.03 sys cpu s       0.00 wall s
INDE     ITERATION 12 :
TIDE purify_X took      0.00 usr cpu s       0.00 sys cpu s       0.00 wall s
TIDE truncate_matrix took      0.00 usr cpu s       0.00 sys cpu s       0.00 wall s
INDE Actual introduced error   0.000000e+00 : nnz before  49284 <-> 100.00 % , nnz after  49284 <-> 100.00 %
TIDE square took      0.00 usr cpu s       0.02 sys cpu s       0.00 wall s
INDE NNZ Xsq = 49284 <-> 100.00 %
TIDE Frobenius norm of X-X^2 took      0.00 usr cpu s       0.00 sys cpu s       0.00 wall s
TIDE Mixed norm of X-X^2 took      0.00 usr cpu s       0.01 sys cpu s       0.00 wall s
TIDE Trace of X-X^2 took      0.00 usr cpu s       0.00 sys cpu s       0.00 wall s
INDE ||X-X^2||_F = 1.133653e+00 , ||X-X^2||_mixed = 7.824091e-01
INDE trace(X-X^2) = 8.874596e+00
INDE trace(X) = 4.802303e+01
INDE Checking stopping criterion...   
INDE Order of convergence cannot be computed
TIDE stopping_criterion took      0.00 usr cpu s       0.00 sys cpu s       0.00 wall s
TIDE Iteration 12 took      0.00 usr cpu s       0.03 sys cpu s       0.00 wall s
INDE     ITERATION 13 :
TIDE purify_X took      0.00 usr cpu s       0.00 sys cpu s       0.00 wall s
TIDE truncate_matrix took      0.00 usr cpu s       0.00 sys cpu s       0.00 wall s
INDE Actual introduced error   0.000000e+00 : nnz before  49284 <-> 100.00 % , nnz after  49284 <-> 100.00 %
TIDE square took      0.01 usr cpu s       0.01 sys cpu s       0.00 wall s
INDE NNZ Xsq = 49284 <-> 100.00 %
TIDE Frobenius norm of X-X^2 took      0.00 usr cpu s       0.00 sys cpu s       0.00 wall s
TIDE Mixed norm of X-X^2 took      0.00 usr cpu s       0.01 sys cpu s       0.00 wall s
TIDE Trace of X-X^2 took      0.00 usr cpu s       0.00 sys cpu s       0.00 wall s
INDE ||X-X^2||_F = 1.135226e+00 , ||X-X^2||_mixed = 8.297023e-01
INDE trace(X-X^2) = 7.029154e+00
INDE trace(X) = 3.914844e+01
INDE Checking stopping criterion...   
INDE Order of convergence cannot be computed
TIDE stopping_criterion took      0.00 usr cpu s       0.00 sys cpu s       0.00 wall s
TIDE Iteration 13 took      0.01 usr cpu s       0.02 sys cpu s       0.00 wall s
INDE     ITERATION 14 :
TIDE purify_X took      0.00 usr cpu s       0.00 sys cpu s       0.00 wall s
TIDE truncate_matrix took      0.00 usr cpu s       0.00 sys cpu s       0.00 wall s
INDE Actual introduced error   0.000000e+00 : nnz before  49284 <-> 100.00 % , nnz after  49284 <-> 100.00 %
TIDE square took      0.01 usr cpu s       0.01 sys cpu s       0.00 wall s
INDE NNZ Xsq = 49284 <-> 100.00 %
TIDE Frobenius norm of X-X^2 took      0.00 usr cpu s       0.00 sys cpu s       0.00 wall s
TIDE Mixed norm of X-X^2 took      0.00 usr cpu s       0.01 sys cpu s       0.00 wall s
TIDE Trace of X-X^2 took      0.00 usr cpu s       0.00 sys cpu s       0.00 wall s
INDE ||X-X^2||_F = 7.315705e-01 , ||X-X^2||_mixed = 5.397270e-01
INDE trace(X-X^2) = 4.655422e+00
INDE trace(X) = 4.617759e+01
INDE Checking stopping criterion...   
INDE e_i =5.397270e-01, C*e_{i-1}^q = 4.216096e+00
INDE Order of convergence = 10.377300, stop = 0
TIDE stopping_criterion took      0.00 usr cpu s       0.00 sys cpu s       0.00 wall s
TIDE Iteration 14 took      0.01 usr cpu s       0.02 sys cpu s       0.00 wall s
INDE     ITERATION 15 :
TIDE purify_X took      0.00 usr cpu s       0.00 sys cpu s       0.00 wall s
TIDE truncate_matrix took      0.00 usr cpu s       0.00 sys cpu s       0.00 wall s
INDE Actual introduced error   0.000000e+00 : nnz before  49284 <-> 100.00 % , nnz after  49284 <-> 100.00 %
TIDE square took      0.00 usr cpu s       0.01 sys cpu s       0.00 wall s
INDE NNZ Xsq = 49284 <-> 100.00 %
TIDE Frobenius norm of X-X^2 took      0.00 usr cpu s       0.00 sys cpu s       0.00 wall s
TIDE Mixed norm of X-X^2 took      0.00 usr cpu s       0.01 sys cpu s       0.00 wall s
TIDE Trace of X-X^2 took      0.00 usr cpu s       0.00 sys cpu s       0.00 wall s
INDE ||X-X^2||_F = 7.287274e-01 , ||X-X^2||_mixed = 5.525043e-01
INDE trace(X-X^2) = 3.784539e+00
INDE trace(X) = 5.083302e+01
INDE Checking stopping criterion...   
INDE Order of convergence cannot be computed
TIDE stopping_criterion took      0.00 usr cpu s       0.00 sys cpu s       0.00 wall s
TIDE Iteration 15 took      0.00 usr cpu s       0.03 sys cpu s       0.00 wall s
INDE     ITERATION 16 :
TIDE purify_X took      0.00 usr cpu s       0.00 sys cpu s       0.00 wall s
TIDE truncate_matrix took      0.00 usr cpu s       0.00 sys cpu s       0.00 wall s
INDE Actual introduced error   0.000000e+00 : nnz before  49284 <-> 100.00 % , nnz after  49284 <-> 100.00 %
TIDE square took      0.01 usr cpu s       0.01 sys cpu s       0.00 wall s
INDE NNZ Xsq = 49284 <-> 100.00 %
TIDE Frobenius norm of X-X^2 took      0.00 usr cpu s       0.00 sys cpu s       0.00 wall s
TIDE Mixed norm of X-X^2 took      0.00 usr cpu s       0.01 sys cpu s       0.00 wall s
TIDE Trace of X-X^2 took      0.00 usr cpu s       0.00 sys cpu s       0.00 wall s
INDE ||X-X^2||_F = 3.716670e-01 , ||X-X^2||_mixed = 3.041803e-01
INDE trace(X-X^2) = 1.804405e+00
INDE trace(X) = 4.704848e+01
INDE Checking stopping criterion...   
INDE e_i =3.041803e-01, C*e_{i-1}^q = 2.006277e+00
INDE Order of convergence = 5.058927, stop = 0
TIDE stopping_criterion took      0.00 usr cpu s       0.00 sys cpu s       0.00 wall s
TIDE Iteration 16 took      0.01 usr cpu s       0.02 sys cpu s       0.00 wall s
INDE     ITERATION 17 :
TIDE purify_X took      0.00 usr cpu s       0.00 sys cpu s       0.00 wall s
TIDE truncate_matrix took      0.00 usr cpu s       0.00 sys cpu s       0.00 wall s
INDE Actual introduced error   0.000000e+00 : nnz before  49284 <-> 100.00 % , nnz after  49284 <-> 100.00 %
TIDE square took      0.00 usr cpu s       0.01 sys cpu s       0.00 wall s
INDE NNZ Xsq = 49284 <-> 100.00 %
TIDE Frobenius norm of X-X^2 took      0.00 usr cpu s       0.00 sys cpu s       0.00 wall s
TIDE Mixed norm of X-X^2 took      0.00 usr cpu s       0.01 sys cpu s       0.00 wall s
TIDE Trace of X-X^2 took      0.00 usr cpu s       0.00 sys cpu s       0.00 wall s
INDE ||X-X^2||_F = 4.221539e-01 , ||X-X^2||_mixed = 3.653468e-01
INDE trace(X-X^2) = 1.677907e+00
INDE trace(X) = 4.524407e+01
INDE Checking stopping criterion...   
INDE Order of convergence cannot be computed
TIDE stopping_criterion took      0.00 usr cpu s       0.00 sys cpu s       0.00 wall s
TIDE Iteration 17 took      0.01 usr cpu s       0.02 sys cpu s       0.00 wall s
INDE     ITERATION 18 :
TIDE purify_X took      0.00 usr cpu s       0.00 sys cpu s       0.00 wall s
TIDE truncate_matrix took      0.00 usr cpu s       0.00 sys cpu s       0.00 wall s
INDE Actual introduced error   0.000000e+00 : nnz before  49284 <-> 100.00 % , nnz after  49284 <-> 100.00 %
TIDE square took      0.00 usr cpu s       0.01 sys cpu s       0.00 wall s
INDE NNZ Xsq = 49284 <-> 100.00 %
TIDE Frobenius norm of X-X^2 took      0.00 usr cpu s       0.00 sys cpu s       0.00 wall s
TIDE Mixed norm of X-X^2 took      0.00 usr cpu s       0.01 sys cpu s       0.00 wall s
TIDE Trace of X-X^2 took      0.00 usr cpu s       0.00 sys cpu s       0.00 wall s
INDE ||X-X^2||_F = 1.448737e-01 , ||X-X^2||_mixed = 1.331818e-01
INDE trace(X-X^2) = 4.601741e-01
INDE trace(X) = 4.692198e+01
INDE Checking stopping criterion...   
INDE e_i =1.331818e-01, C*e_{i-1}^q = 6.372425e-01
INDE Order of convergence = 3.315343, stop = 0
TIDE stopping_criterion took      0.00 usr cpu s       0.00 sys cpu s       0.00 wall s
TIDE Iteration 18 took      0.01 usr cpu s       0.02 sys cpu s       0.00 wall s
INDE     ITERATION 19 :
TIDE purify_X took      0.00 usr cpu s       0.00 sys cpu s       0.00 wall s
TIDE truncate_matrix took      0.00 usr cpu s       0.00 sys cpu s       0.00 wall s
INDE Actual introduced error   0.000000e+00 : nnz before  49284 <-> 100.00 % , nnz after  49284 <-> 100.00 %
TIDE square took      0.00 usr cpu s       0.02 sys cpu s       0.00 wall s
INDE NNZ Xsq = 49284 <-> 100.00 %
TIDE Frobenius norm of X-X^2 took      0.00 usr cpu s       0.00 sys cpu s       0.00 wall s
TIDE Mixed norm of X-X^2 took      0.01 usr cpu s       0.00 sys cpu s       0.00 wall s
TIDE Trace of X-X^2 took      0.00 usr cpu s       0.00 sys cpu s       0.00 wall s
INDE ||X-X^2||_F = 1.636589e-01 , ||X-X^2||_mixed = 1.550995e-01
INDE trace(X-X^2) = 3.779312e-01
INDE trace(X) = 4.738215e+01
INDE Checking stopping criterion...   
INDE Order of convergence cannot be computed
TIDE stopping_criterion took      0.00 usr cpu s       0.00 sys cpu s       0.00 wall s
TIDE Iteration 19 took      0.01 usr cpu s       0.02 sys cpu s       0.00 wall s
INDE     ITERATION 20 :
TIDE purify_X took      0.00 usr cpu s       0.00 sys cpu s       0.00 wall s
TIDE truncate_matrix took      0.00 usr cpu s       0.00 sys cpu s       0.00 wall s
INDE Actual introduced error   0.000000e+00 : nnz before  49284 <-> 100.00 % , nnz after  49284 <-> 100.00 %
TIDE square took      0.00 usr cpu s       0.02 sys cpu s       0.00 wall s
INDE NNZ Xsq = 49284 <-> 100.00 %
TIDE Frobenius norm of X-X^2 took      0.00 usr cpu s       0.00 sys cpu s       0.00 wall s
TIDE Mixed norm of X-X^2 took      0.00 usr cpu s       0.01 sys cpu s       0.00 wall s
TIDE Trace of X-X^2 took      0.00 usr cpu s       0.00 sys cpu s       0.00 wall s
INDE ||X-X^2||_F = 2.979294e-02 , ||X-X^2||_mixed = 2.850631e-02
INDE trace(X-X^2) = 6.364458e-02
INDE trace(X) = 4.700422e+01
INDE Checking stopping criterion...   
INDE e_i =2.850631e-02, C*e_{i-1}^q = 1.221609e-01
INDE Order of convergence = 2.721818, stop = 0
TIDE stopping_criterion took      0.00 usr cpu s       0.00 sys cpu s       0.00 wall s
TIDE Iteration 20 took      0.01 usr cpu s       0.02 sys cpu s       0.00 wall s
INDE     ITERATION 21 :
TIDE purify_X took      0.00 usr cpu s       0.00 sys cpu s       0.00 wall s
TIDE truncate_matrix took      0.00 usr cpu s       0.00 sys cpu s       0.00 wall s
INDE Actual introduced error   0.000000e+00 : nnz before  49284 <-> 100.00 % , nnz after  49284 <-> 100.00 %
TIDE square took      0.00 usr cpu s       0.01 sys cpu s       0.00 wall s
INDE NNZ Xsq = 49284 <-> 100.00 %
TIDE Frobenius norm of X-X^2 took      0.00 usr cpu s       0.00 sys cpu s       0.00 wall s
TIDE Mixed norm of X-X^2 took      0.00 usr cpu s       0.01 sys cpu s       0.00 wall s
TIDE Trace of X-X^2 took      0.00 usr cpu s       0.00 sys cpu s       0.00 wall s
INDE ||X-X^2||_F = 3.722547e-02 , ||X-X^2||_mixed = 3.710873e-02
INDE trace(X-X^2) = 5.905330e-02
INDE trace(X) = 4.694058e+01
INDE Checking stopping criterion...   
INDE Order of convergence cannot be computed
TIDE stopping_criterion took      0.00 usr cpu s       0.00 sys cpu s       0.00 wall s
TIDE Iteration 21 took      0.01 usr cpu s       0.02 sys cpu s       0.00 wall s
INDE     ITERATION 22 :
TIDE purify_X took      0.00 usr cpu s       0.00 sys cpu s       0.00 wall s
TIDE truncate_matrix took      0.00 usr cpu s       0.00 sys cpu s       0.00 wall s
INDE Actual introduced error   0.000000e+00 : nnz before  49284 <-> 100.00 % , nnz after  49284 <-> 100.00 %
TIDE square took      0.00 usr cpu s       0.02 sys cpu s       0.00 wall s
INDE NNZ Xsq = 49284 <-> 100.00 %
TIDE Frobenius norm of X-X^2 took      0.00 usr cpu s       0.00 sys cpu s       0.00 wall s
TIDE Mixed norm of X-X^2 took      0.00 usr cpu s       0.01 sys cpu s       0.00 wall s
TIDE Trace of X-X^2 took      0.00 usr cpu s       0.00 sys cpu s       0.00 wall s
INDE ||X-X^2||_F = 1.432987e-03 , ||X-X^2||_mixed = 1.384390e-03
INDE trace(X-X^2) = 2.558804e-03
INDE trace(X) = 4.699963e+01
INDE Checking stopping criterion...   
INDE e_i =1.384390e-03, C*e_{i-1}^q = 5.596604e-03
INDE Order of convergence = 2.392649, stop = 0
TIDE stopping_criterion took      0.00 usr cpu s       0.00 sys cpu s       0.00 wall s
TIDE Iteration 22 took      0.01 usr cpu s       0.02 sys cpu s       0.00 wall s
INDE     ITERATION 23 :
TIDE purify_X took      0.00 usr cpu s       0.00 sys cpu s       0.00 wall s
TIDE truncate_matrix took      0.00 usr cpu s       0.00 sys cpu s       0.00 wall s
INDE Actual introduced error   0.000000e+00 : nnz before  49284 <-> 100.00 % , nnz after  49284 <-> 100.00 %
TIDE square took      0.01 usr cpu s       0.01 sys cpu s       0.00 wall s
INDE NNZ Xsq = 49284 <-> 100.00 %
TIDE Frobenius norm of X-X^2 took      0.00 usr cpu s       0.00 sys cpu s       0.00 wall s
TIDE Mixed norm of X-X^2 took      0.01 usr cpu s       0.00 sys cpu s       0.00 wall s
TIDE Trace of X-X^2 took      0.00 usr cpu s       0.00 sys cpu s       0.00 wall s
INDE ||X-X^2||_F = 1.908192e-03 , ||X-X^2||_mixed = 1.907234e-03
INDE trace(X-X^2) = 2.187727e-03
INDE trace(X) = 4.700219e+01
INDE Checking stopping criterion...   
INDE Order of convergence cannot be computed
TIDE stopping_criterion took      0.00 usr cpu s       0.00 sys cpu s       0.00 wall s
TIDE Iteration 23 took      0.02 usr cpu s       0.01 sys cpu s       0.00 wall s
INDE     ITERATION 24 :
TIDE purify_X took      0.00 usr cpu s       0.00 sys cpu s       0.00 wall s
TIDE truncate_matrix took      0.00 usr cpu s       0.00 sys cpu s       0.00 wall s
INDE Actual introduced error   0.000000e+00 : nnz before  49284 <-> 100.00 % , nnz after  49284 <-> 100.00 %
TIDE square took      0.00 usr cpu s       0.01 sys cpu s       0.00 wall s
INDE NNZ Xsq = 49284 <-> 100.00 %
TIDE Frobenius norm of X-X^2 took      0.00 usr cpu s       0.00 sys cpu s       0.00 wall s
TIDE Mixed norm of X-X^2 took      0.00 usr cpu s       0.01 sys cpu s       0.00 wall s
TIDE Trace of X-X^2 took      0.00 usr cpu s       0.00 sys cpu s       0.00 wall s
INDE ||X-X^2||_F = 4.021172e-06 , ||X-X^2||_mixed = 3.930119e-06
INDE trace(X-X^2) = 5.939792e-06
INDE trace(X) = 4.700000e+01
INDE Checking stopping criterion...   
INDE e_i =3.930119e-06, C*e_{i-1}^q = 1.319956e-05
INDE Order of convergence = 2.184051, stop = 0
TIDE stopping_criterion took      0.00 usr cpu s       0.00 sys cpu s       0.00 wall s
TIDE Iteration 24 took      0.01 usr cpu s       0.02 sys cpu s       0.00 wall s
INDE     ITERATION 25 :
TIDE purify_X took      0.00 usr cpu s       0.00 sys cpu s       0.00 wall s
TIDE truncate_matrix took      0.00 usr cpu s       0.00 sys cpu s       0.00 wall s
INDE Actual introduced error   0.000000e+00 : nnz before  49284 <-> 100.00 % , nnz after  49284 <-> 100.00 %
TIDE square took      0.01 usr cpu s       0.01 sys cpu s       0.00 wall s
INDE NNZ Xsq = 49284 <-> 100.00 %
TIDE Frobenius norm of X-X^2 took      0.00 usr cpu s       0.00 sys cpu s       0.00 wall s
TIDE Mixed norm of X-X^2 took      0.00 usr cpu s       0.00 sys cpu s       0.00 wall s
TIDE Trace of X-X^2 took      0.00 usr cpu s       0.00 sys cpu s       0.00 wall s
INDE ||X-X^2||_F = 3.636462e-06 , ||X-X^2||_mixed = 3.633675e-06
INDE trace(X-X^2) = 4.570016e-06
INDE trace(X) = 4.700000e+01
INDE Checking stopping criterion...   
INDE Order of convergence cannot be computed
TIDE stopping_criterion took      0.00 usr cpu s       0.00 sys cpu s       0.00 wall s
TIDE Iteration 25 took      0.02 usr cpu s       0.01 sys cpu s       0.00 wall s
INDE     ITERATION 26 :
TIDE purify_X took      0.00 usr cpu s       0.00 sys cpu s       0.00 wall s
TIDE truncate_matrix took      0.00 usr cpu s       0.00 sys cpu s       0.00 wall s
INDE Actual introduced error   0.000000e+00 : nnz before  49284 <-> 100.00 % , nnz after  49284 <-> 100.00 %
TIDE square took      0.00 usr cpu s       0.01 sys cpu s       0.00 wall s
INDE NNZ Xsq = 49284 <-> 100.00 %
TIDE Frobenius norm of X-X^2 took      0.00 usr cpu s       0.00 sys cpu s       0.00 wall s
TIDE Mixed norm of X-X^2 took      0.00 usr cpu s       0.01 sys cpu s       0.00 wall s
TIDE Trace of X-X^2 took      0.00 usr cpu s       0.00 sys cpu s       0.00 wall s
INDE ||X-X^2||_F = 2.840750e-11 , ||X-X^2||_mixed = 2.781165e-11
INDE trace(X-X^2) = 3.895906e-11
INDE trace(X) = 4.700000e+01
INDE Checking stopping criterion...   
INDE e_i =2.781165e-11, C*e_{i-1}^q = 1.063786e-10
INDE Order of convergence = 2.107782, stop = 0
TIDE stopping_criterion took      0.00 usr cpu s       0.00 sys cpu s       0.00 wall s
TIDE Iteration 26 took      0.01 usr cpu s       0.02 sys cpu s       0.00 wall s
INDE     ITERATION 27 :
TIDE purify_X took      0.00 usr cpu s       0.00 sys cpu s       0.00 wall s
TIDE truncate_matrix took      0.00 usr cpu s       0.00 sys cpu s       0.00 wall s
INDE Actual introduced error   0.000000e+00 : nnz before  49284 <-> 100.00 % , nnz after  49284 <-> 100.00 %
TIDE square took      0.01 usr cpu s       0.01 sys cpu s       0.00 wall s
INDE NNZ Xsq = 49284 <-> 100.00 %
TIDE Frobenius norm of X-X^2 took      0.00 usr cpu s       0.00 sys cpu s       0.00 wall s
TIDE Mixed norm of X-X^2 took      0.00 usr cpu s       0.01 sys cpu s       0.00 wall s
TIDE Trace of X-X^2 took      0.00 usr cpu s       0.00 sys cpu s       0.00 wall s
INDE ||X-X^2||_F = 5.143742e-11 , ||X-X^2||_mixed = 5.143742e-11
INDE trace(X-X^2) = 5.145750e-11
INDE trace(X) = 4.700000e+01
INDE Checking stopping criterion...   
INDE Order of convergence cannot be computed
TIDE stopping_criterion took      0.00 usr cpu s       0.00 sys cpu s       0.00 wall s
TIDE Iteration 27 took      0.01 usr cpu s       0.02 sys cpu s       0.00 wall s
INDE     ITERATION 28 :
TIDE purify_X took      0.00 usr cpu s       0.00 sys cpu s       0.00 wall s
TIDE truncate_matrix took      0.00 usr cpu s       0.00 sys cpu s       0.00 wall s
INDE Actual introduced error   0.000000e+00 : nnz before  49284 <-> 100.00 % , nnz after  49284 <-> 100.00 %
TIDE square took      0.00 usr cpu s       0.01 sys cpu s       0.00 wall s
INDE NNZ Xsq = 49284 <-> 100.00 %
TIDE Frobenius norm of X-X^2 took      0.00 usr cpu s       0.00 sys cpu s       0.00 wall s
TIDE Mixed norm of X-X^2 took      0.00 usr cpu s       0.00 sys cpu s       0.00 wall s
TIDE Trace of X-X^2 took      0.00 usr cpu s       0.00 sys cpu s       0.00 wall s
INDE ||X-X^2||_F = 1.975387e-15 , ||X-X^2||_mixed = 0.000000e+00
INDE trace(X-X^2) = 7.105427e-15
INDE trace(X) = 4.700000e+01
INDE Checking stopping criterion...   
INDE ************************************************************************************************************
INDE The norm value went much below machine precision, therefore we stop here since n_max can be underestimated.
INDE ************************************************************************************************************
INDE e_i =0.000000e+00, C*e_{i-1}^q = 5.327164e-21
INDE Order of convergence = inf, stop = 1
TIDE stopping_criterion took      0.00 usr cpu s       0.00 sys cpu s       0.00 wall s
INDE PURIFICATION CONVERGED after 28 iterations
TIDE Iteration 28 took      0.01 usr cpu s       0.02 sys cpu s       0.00 wall s
INDE Number of non-zeros in D is  49284 <-> 100.00 %
TIDE FileWritable::writeAndReadAll took      0.00 usr cpu s       0.00 sys cpu s       0.00 wall s
INDE writeAndReadAll sizesStr: '0 MB (1 MatrixGeneral, 0 > 1 MB) + 0 MB (13 MatrixSymmetric, 0 > 1 MB) + 0 MB (2 VectorGeneral, 0 > 1 MB) = 0 MB (16 total, 0 > 1 MB)
INDE TOTAL accumulated subspace error is 0.000000e+00
INDE TOTAL X square time: 0.060118 wall s
INDE TOTAL X trunction time: 0.003272 wall s
INDE TOTAL X purify (exl. X^2 computation) time: 0.003225 wall s
INDE TOTAL time to get number of non-zero elements: 0.001065 wall s
INDE TOTAL time to get mixed norm: 0.041987 wall s
INDE TOTAL time to get Frobenius norm: 0.003644 wall s
INDE TOTAL time for stopping criterion: 0.001259 wall s
INDE TOTAL time to get matrix trace: 0.000560 wall s
INDE Estimated bounds for the eigenvalues for the Fock matrix:
INDE LUMO: [ 0.083283810152 , 0.135868454550 ]
INDE HOMO: [ -0.399662572886 , -0.348636097969 ]
TIDE eigenvalue_bounds_estimation() took      0.00 usr cpu s       0.00 sys cpu s       0.00 wall s
TIDE Recursive expansion took      0.37 usr cpu s       1.07 sys cpu s       0.18 wall s
TIDE Puri->PurificationStart() took      0.37 usr cpu s       1.07 sys cpu s       0.18 wall s
TIDE Accumulated wall times for writeToFile in PurificationStart()          : 0 s (MatrixGeneral) + 2.9e-06 s (MatrixSymmetric) + 7.7e-05 s (VectorGeneral) = 8e-05 s
TIDE Accumulated wall times for readFromFile in PurificationStart()         : 0 s (MatrixGeneral) + 3.1e-06 s (MatrixSymmetric) + 2.1e-05 s (VectorGeneral) = 2.4e-05 s
TIDE Accumulated wall times for copy and assign in PurificationStart()      : 9.5e-07 s (MatrixSymmetric) + 4.1e-05 s (VectorGeneral) = 4.2e-05 s
INDE Number of calls to writeToFile in PurificationStart()                  : 2 (MatrixGeneral) + 27 (MatrixSymmetric) + 937 (VectorGeneral) = 966 
INDE Number of calls to readFromFile in PurificationStart()                 : 2 (MatrixGeneral) + 26 (MatrixSymmetric) + 384 (VectorGeneral) = 412 
INDE Number of calls to FileWritable copy and assign in PurificationStart() : 2 (MatrixSymmetric) + 30 (VectorGeneral) = 32 
TIDE mat::Gblas::time after purification :     0.834778
INDE Created .m files with results of the purification
INDE Purification converged OK, subspaceError <=          0.00000000000
INDE E(LUMO) - E(HOMO) >=          0.43191990812 =         11.75313950340 eV
INDE E(LUMO) - E(HOMO) <=          0.53553102744 =         14.57254170394 eV
INDE HOMO interval : [   -0.399662572886   -0.348636097969 ]
INDE LUMO interval : [    0.083283810152    0.135868454550 ]
INDE Trace of resulting density matrix is         47.00000000000, error is   0.00000000000000.
INDE Truncated D_ort ( mixed ), selected threshold = 9.99999e-08, returned error =          0, nnz before = 49284 <-> 100.0000 %, nnz after = 49284 <-> 100.0000 %
TIDE FileWritable::writeAndReadAll took      0.00 usr cpu s       0.00 sys cpu s       0.00 wall s
INDE writeAndReadAll sizesStr: '0 MB (1 MatrixGeneral, 0 > 1 MB) + 0 MB (12 MatrixSymmetric, 0 > 1 MB) + 0 MB (1 MatrixTriangular, 0 > 1 MB) = 0 MB (14 total, 0 > 1 MB)
TIDE D_w to non-orthogonal basis took      0.00 usr cpu s       0.01 sys cpu s       0.00 wall s
INDE Truncated D_S (eucl with Z), selected threshold = 9.99999e-08, returned error =          0, nnz before = 100.0000 %, nnz after = 100.0000 %
INDE get_dens_from_fock_sparse ending OK
TIDE get_dens_from_fock_sparse took      0.47 usr cpu s       1.43 sys cpu s       0.24 wall s
ERDE get_dens_from_fock  (GetDensFromFock class) : purification finished OK.
TIDE get_dens_from_fock took      0.48 usr cpu s       1.43 sys cpu s       0.24 wall s
INSC Matrix 'new density matrix' ( symm ): n =    222, nnz =        49284 <-> 100.00 %, mem usage  0.0002 G
INSC Tr( D * S ) =         94.00000000000
TISC get_new_density_matrix took      0.48 usr cpu s       1.43 sys cpu s       0.24 wall s
INSC SCF_restricted::report_density_difference, diff_eucl =          0.14435837532
TISC SCF_restricted::report_density_difference took      0.02 usr cpu s       0.12 sys cpu s       0.02 wall s
INMA ddf_writeShellListAndDensityMatricesToFile_sparse, n =    222, densityMatrixList[0].nvalues =       24753
INMA opened temporary file 'density.bin.dIxODf' for writing
INMA Choosing matrixStorageType = MATRIX_STORAGE_TYPE_TRIANGLE.
INMA fileSize =          252744 bytes =      0.253 MegaBytes
INMA renamed file 'density.bin.dIxODf' to 'density.bin'
INMA ddf_writeShellListAndDensityMatricesToFile_sparse freeing buffer.
INMA ddf_writeShellListAndDensityMatricesToFile_sparse returning OK.
TISC write_density_to_file took      0.01 usr cpu s       0.05 sys cpu s       0.01 wall s
INSC SCF cycle   3 finished.
TISC SCF cycle   3 took    169.86 usr cpu s       2.38 sys cpu s      31.59 wall s
INSC Beginning of SCF cycle 4:  Thu Mar 26 20:02:21 2026
INDE compute_J_by_boxes_sparse() start.
TIDE FileWritable::writeAndReadAll took      0.00 usr cpu s       0.00 sys cpu s       0.00 wall s
INDE writeAndReadAll: '0 MB (1 MatrixGeneral, 0 > 1 MB) + 0 MB (11 MatrixSymmetric, 0 > 1 MB) = 0 MB (12 total, 0 > 1 MB)
IN   compute_J_by_boxes_sparse, maxDensityMatrixElement =          2.08731450023
ININ get_basis_func_pair_list, n =    222
ININ create_box_system end OK, toplevelBoxSize:   7.0, #levels:  3, #boxes at top level:      6
TIIN get_basis_func_pair_list_2el took      0.19 usr cpu s       0.41 sys cpu s       0.13 wall s
IN   compute_J_by_boxes_sparse: noOfBasisFuncIndexPairs = 21264 ==> storing  43.15 % of a full matrix
ININ entering compute_J_by_boxes_linear, no of basis funcs =   222, threshold_J =   1e-12
ININ use_fmm = 1, fmm_box_size =   5.00
TIIN Compute extent for all distrs took      0.26 usr cpu s       0.00 sys cpu s       0.26 wall s
ININ extent_min =    0.000, extent_max =    8.988
ININ Creating list of distributions etc done, distrCount =    208583
TIIN Creating list of distributions etc took      0.40 usr cpu s       0.00 sys cpu s       0.40 wall s
ININ create_box_system end OK, toplevelBoxSize:   5.0, #levels:  3, #boxes at top level:     10
TIIN Creating boxes took      0.02 usr cpu s       0.00 sys cpu s       0.02 wall s
ININ noOfBranches = 4, splitters:   5.00  2.50  0.00
ININ J org done, groupCount =     7861
TIIN J org took      0.85 usr cpu s       0.00 sys cpu s       0.85 wall s
TIIN Generate group multipoles took      0.37 usr cpu s       0.00 sys cpu s       0.37 wall s
ININ totChargeWholeSystem =          0.00000000000
ININ Generating multipole for each branch at top level, MAX_MULTIPOLE_DEGREE = 15
TIIN Translate multipoles (step 1) took      0.27 usr cpu s       0.00 sys cpu s       0.27 wall s
TIIN Translate multipoles (step 2) took      0.07 usr cpu s       0.00 sys cpu s       0.07 wall s
ININ job lists for J created OK, noOfJobs_J_standard =      789, noOfJobs_J_multipole =       62
TIIN Creating job lists for J took      0.00 usr cpu s       0.00 sys cpu s       0.00 wall s
ININ execute_joblist_J_std_threaded, noOfThreads =  8
ININ 8 threads started OK.
ININ all 8 threads have finished.
TIIN execute_joblist_J_std_threaded took     57.77 usr cpu s       0.03 sys cpu s       9.54 wall s
TIIN sort_list_of_multipole_jobs init part took      0.00 usr cpu s       0.00 sys cpu s       0.00 wall s
TIIN sort_list_of_multipole_jobs complete took      0.00 usr cpu s       0.00 sys cpu s       0.00 wall s
TIIN sort_list_of_multipole_jobs took      0.00 usr cpu s       0.00 sys cpu s       0.00 wall s
ININ execute_joblist_J_fmm_shared: Allocating multipoleList_4, maxnoOfMinimalDistrsPerBoxBranch =     49239
ININ execute_joblist_J_fmm_shared: Allocating multipoleList_4, maxnoOfMinimalDistrsPerBoxBranch =     49239
ININ execute_joblist_J_fmm_shared: jobIndexLo =            0, jobIndexHi =            7
ININ execute_joblist_J_fmm_shared: Allocating multipoleList_4, maxnoOfMinimalDistrsPerBoxBranch =     49239
ININ execute_joblist_J_fmm_shared: jobIndexLo =           15, jobIndexHi =           23
ININ execute_joblist_J_fmm_shared: Allocating multipoleList_4, maxnoOfMinimalDistrsPerBoxBranch =     49239
ININ execute_joblist_J_fmm_shared: jobIndexLo =           23, jobIndexHi =           31
ININ execute_joblist_J_fmm_shared: jobIndexLo =            7, jobIndexHi =           15
ININ execute_joblist_J_fmm_shared: Allocating multipoleList_4, maxnoOfMinimalDistrsPerBoxBranch =     49239
ININ execute_joblist_J_fmm_shared: jobIndexLo =           31, jobIndexHi =           38
ININ execute_joblist_J_fmm_shared: Allocating multipoleList_4, maxnoOfMinimalDistrsPerBoxBranch =     49239
ININ execute_joblist_J_fmm_shared: jobIndexLo =           38, jobIndexHi =           46
ININ execute_joblist_J_fmm_shared: Allocating multipoleList_4, maxnoOfMinimalDistrsPerBoxBranch =     49239
ININ execute_joblist_J_fmm_shared: jobIndexLo =           46, jobIndexHi =           54
ININ execute_joblist_J_fmm_shared: Allocating multipoleList_4, maxnoOfMinimalDistrsPerBoxBranch =     49239
ININ execute_joblist_J_fmm_shared: jobIndexLo =           54, jobIndexHi =           62
ININ execute_joblist_J_fmm_shared: done!
ININ execute_joblist_J_fmm_shared: done!
ININ execute_joblist_J_fmm_shared: done!
ININ execute_joblist_J_fmm_shared: done!
ININ execute_joblist_J_fmm_shared: done!
ININ execute_joblist_J_fmm_shared: done!
ININ execute_joblist_J_fmm_shared: done!
ININ execute_joblist_J_fmm_shared: done!
ININ multipole job list for J executed, largest L used: 12
TIIN Executing multipole job list for J took      0.26 usr cpu s       0.00 sys cpu s       0.10 wall s
ININ compute_J_by_boxes_linear ending OK.
TIIN compute_J_by_boxes_linear took     60.01 usr cpu s       0.03 sys cpu s      11.63 wall s
TI   compute_J_by_boxes_sparse total took     60.21 usr cpu s       0.44 sys cpu s      11.76 wall s
ININ entering create_CSR_for_K, no of basis funcs =   222, threshold_K =   1e-12
ININ create_box_system end OK, toplevelBoxSize:   7.0, #levels:  3, #boxes at top level:      6
ININ create_box_system end OK, toplevelBoxSize:   7.0, #levels:  3, #boxes at top level:      6
ININ create_box_system end OK, toplevelBoxSize:   7.0, #levels:  3, #boxes at top level:      6
TIIN create_CSR_for_K getting list of distrs took      0.26 usr cpu s       0.00 sys cpu s       0.26 wall s
ININ list of neighbors complete.
TIIN create_CSR_for_K getting list of neighbors took      0.00 usr cpu s       0.00 sys cpu s       0.00 wall s
TIIN create_CSR_for_K sort each list of neighbors took      0.02 usr cpu s       0.00 sys cpu s       0.02 wall s
ININ 8 threads started OK.
TIIN identify_needed_elements() took     69.17 usr cpu s       0.02 sys cpu s       9.36 wall s
ININ computing nnz..
ININ create_CSR_for_K: predicted nnz =        24753, <->  50.23% of a full matrix
TIIN create_CSR_for_K last part took      0.00 usr cpu s       0.00 sys cpu s       0.00 wall s
TIIN create_CSR_for_K total took     69.45 usr cpu s       0.02 sys cpu s       9.64 wall s
ININ entering compute_K_by_boxes, no of basis funcs =   222, threshold_K =   1e-12, exchange_box_size =   5.00
ININ create_box_system end OK, toplevelBoxSize:   7.0, #levels:  3, #boxes at top level:      6
ININ create_box_system end OK, toplevelBoxSize:   7.0, #levels:  3, #boxes at top level:      6
ININ create_box_system end OK, toplevelBoxSize:   7.0, #levels:  3, #boxes at top level:      6
TIIN Compute extent for all distrs took      0.27 usr cpu s       0.00 sys cpu s       0.27 wall s
ININ Creating list of distributions done, distrCountTot =    208583
TIIN Creating list of distributions took      0.44 usr cpu s       0.00 sys cpu s       0.44 wall s
ININ create_box_system end OK, toplevelBoxSize:   5.0, #levels:  3, #boxes at top level:     10
ININ create_box_system end OK, toplevelBoxSize:   2.5, #levels:  4, #boxes at top level:     16
ININ noOfLevelsBasisFuncs = 4, noOfLevelsDiff = 1
TIIN Creating boxes etc took      0.02 usr cpu s       0.00 sys cpu s       0.02 wall s
TIIN getting multipoleNormVectorList took      0.43 usr cpu s       0.00 sys cpu s       0.43 wall s
TIIN K organize_distributions for all boxes took      0.90 usr cpu s       0.00 sys cpu s       0.90 wall s
ININ starting loop to setup basisFuncGroupInfoList, with added index checks.
TIIN GetLimitsAllLevels took      0.17 usr cpu s       0.00 sys cpu s       0.18 wall s
ININ getDmatLimitMatrixCSRList start.
TIIN getting densityMatrixLimitMatrixList took      0.01 usr cpu s       0.00 sys cpu s       0.01 wall s
ININ job list for K created,       55 jobs
TIIN creating job list for K took      0.00 usr cpu s       0.00 sys cpu s       0.00 wall s
ININ execute_joblist_K_threaded, noOfThreads =  8, basisFuncListCount_max =   207
ININ 8 threads started OK.
ININ all 8 threads have finished, took        8 wall s.
TIIN Executing job list for K took     36.56 usr cpu s       0.01 sys cpu s       7.81 wall s
TIIN compute_K_by_boxes took     38.54 usr cpu s       0.01 sys cpu s       9.78 wall s
TI   compute_K_by_boxes_sparse total took    108.00 usr cpu s       0.04 sys cpu s      19.44 wall s
INSC About to truncate FockMatrix, gap of Fprev >=          0.43191990812
TISC symmMatrix::mixed_diff for F vs Fprev maxEigValMovement_mixed took      0.00 usr cpu s       0.00 sys cpu s       0.00 wall s
TISC symmMatrix::eucl_diff for maxEigValMovement_eucl  took      0.03 usr cpu s       0.12 sys cpu s       0.03 wall s
INSC maxEigValMovement_frob  =          0.23650683577
INSC maxEigValMovement_mixed =          0.18758601936
INSC maxEigValMovement_eucl  =          0.09825222466
TISC FockMatrix.eucl_thresh() (with Z) took      0.04 usr cpu s       0.10 sys cpu s       0.02 wall s
INSC Truncated FockMatrix (eucl with Z), selected threshold = 2.35415e-08, returned error =          0, nnz before = 100.0000 %, nnz after = 100.0000 %
INSC Matrix 'S' ( symm ): n =    222, nnz =        49284 <-> 100.00 %, mem usage  0.0002 G
INSC Matrix 'F' ( symm ): n =    222, nnz =        49284 <-> 100.00 %, mem usage  0.0002 G
INSC Matrix 'D' ( symm ): n =    222, nnz =        49284 <-> 100.00 %, mem usage  0.0002 G
INSC nuclearEnergy, energy_2el, energy = 782.160484, 1007.865643, -644.959347
INSC Energy   4 =       -644.95934735396  ( diff     -0.020404268103903 )
INSC calling compute_FDSminusSDF_sparse, n = 222
INDE compute_FDSminusSDF_sparse() start.
TIDE FileWritable::writeAndReadAll took      0.00 usr cpu s       0.00 sys cpu s       0.00 wall s
INDE writeAndReadAll: '0 MB (1 MatrixGeneral, 0 > 1 MB) + 0 MB (9 MatrixSymmetric, 0 > 1 MB) = 0 MB (10 total, 0 > 1 MB)
TISC compute_FDSminusSDF_sparse, F*D mult took      0.01 usr cpu s       0.02 sys cpu s       0.00 wall s
INSC Matrix 'FD before eucl truncation' (normal): n =    222, nnz =        49284 <-> 100.00 %, mem usage  0.0004 G
INSC Matrix 'FD after  eucl truncation' (normal): n =    222, nnz =        49284 <-> 100.00 %, mem usage  0.0004 G
INSC Matrix 'FDS before eucl truncation' (normal): n =    222, nnz =        49284 <-> 100.00 %, mem usage  0.0004 G
INSC Matrix 'FDS after  eucl truncation' (normal): n =    222, nnz =        49284 <-> 100.00 %, mem usage  0.0004 G
INSC compute_FDSminusSDF_sparse ending OK.
TISC compute_FDSminusSDF_sparse took      0.04 usr cpu s       0.08 sys cpu s       0.01 wall s
INSC Matrix 'FDS-SDF' (normal): n =    222, nnz =        49284 <-> 100.00 %, mem usage  0.0004 G
INSC SCF_restricted::get_FDSminusSDF finished.
TISC get_FDSminusSDF took      0.04 usr cpu s       0.08 sys cpu s       0.01 wall s
INSC maxabs FDS-SDF is   0.0218
INSC frob   FDS-SDF is    0.117
TISC get_error_measure took      0.00 usr cpu s       0.00 sys cpu s       0.00 wall s
INSC entering DIISManagerRestricted::AddIterationToList, IterCount =  3
INSC DIISManagerRestricted::AddIterationToList ending OK.
TISC DIISManagerRestricted::AddIterationToList took      0.00 usr cpu s       0.01 sys cpu s       0.00 wall s
INSC using DIIS to get combined Fock matrix, number of iters used for DIIS:  4
TISC clear_error_matrices took      0.00 usr cpu s       0.00 sys cpu s       0.00 wall s
TISC save_current_fock_as_fprev took      0.00 usr cpu s       0.00 sys cpu s       0.00 wall s
INDE get_dens_from_fock_general, n = 222, use_diagonalization = 0, use_diag_on_error = 1
INDE Before writeAndReadAll(): AllocatorManager statistics:  noOfRealsPerBuffer: 1024 noOfBuffers: 20000 list.size(): 1. Allocated: 0.164 GB, Used: 0.00393 GB, Peak alloc: 0.164 GB.
TIDE FileWritable::writeAndReadAll took      0.00 usr cpu s       0.00 sys cpu s       0.00 wall s
INDE writeAndReadAll sizesStr: '0 MB (1 MatrixGeneral, 0 > 1 MB) + 0 MB (7 MatrixSymmetric, 0 > 1 MB) = 0 MB (8 total, 0 > 1 MB)
INDE After writeAndReadAll(): AllocatorManager statistics:  noOfRealsPerBuffer: 1024 noOfBuffers: 20000 list.size(): 1. Allocated: 0.164 GB, Used: 0.00393 GB, Peak alloc: 0.164 GB.
INDE calling get_dens_from_fock_sparse, n =    222, subspaceErrorLimit = 1e-06
INDE get_dens_from_fock_sparse() start!
INDE After F.readFromFile(): AllocatorManager statistics:  noOfRealsPerBuffer: 1024 noOfBuffers: 20000 list.size(): 1. Allocated: 0.164 GB, Used: 0.00393 GB, Peak alloc: 0.164 GB.
INDE After creating wrapper MatrixType F_w(F): AllocatorManager statistics:  noOfRealsPerBuffer: 1024 noOfBuffers: 20000 list.size(): 1. Allocated: 0.164 GB, Used: 0.0041 GB, Peak alloc: 0.164 GB.
TIDE  F_w to orthogonal basis took      0.01 usr cpu s       0.00 sys cpu s       0.00 wall s
TIDE MatrixType::mixed_diff for maxEigValMovement_mixed took      0.01 usr cpu s       0.00 sys cpu s       0.00 wall s
TIDE symmMatrixWrap::eucl_diff for maxEigValMovement_eucl  took      0.05 usr cpu s       0.23 sys cpu s       0.04 wall s
INDE maxEigValMovement_frob  =          0.15221543263
INDE maxEigValMovement_mixed =          0.09347300427
INDE maxEigValMovement_eucl  =          0.03061459419
INDE lumo before truncation: [ 0.052669215959 , 0.166483048744 ]
INDE homo before truncation: [ -0.430277167080 , -0.318021503775 ]
INDE Truncate matrix F and update intervals for homo and lumo.
INDE Truncating F_ort ( mixed ), selected threshold = 3.70691e-08
INDE Truncated F_ort ( mixed ), selected threshold = 3.70691e-08, returned error =          0, nnz before = 100.0000 %, nnz after = 100.0000 %
TIDE Truncation of F_ort took      0.00 usr cpu s       0.00 sys cpu s       0.00 wall s
INDE Chosen Ergo Wrapper
INDE Creating purification object: N = 222 , nocc = 47 , NNZ = 49284  <-> 100.00000 %
INDE Chosen norm for the truncation: 
INDE mixed
INDE Chosen norm for the stopping criterion: 
INDE mixed
INDE Chosen the NEW stopping criterion.
INDE Allowed error in subspace 7.000000e-07
INDE Chosen SP2 purification method
INDE calling Puri->PurificationStart(), number of threads = 1, trunc norm 'mixed'
TIDE gershgorin took      0.00 usr cpu s       0.00 sys cpu s       0.00 wall s
INDE Gershgorin bounds: [ -35.728260907024 , 17.114393622743 ]
INDE EXPANDED Gershgorin bounds: [ -35.728260921925 , 17.114393637644 ]
INDE Trying to impove bounds using Lanczos algorithm...
TIDE compute_spectrum_bounds took      0.09 usr cpu s       0.38 sys cpu s       0.06 wall s
INDE Spectrum of F: 	 [ -20.613232894548 , 4.256919100878 ]
INDE Transform homo and lumo bounds...
INDE HOMO bounds of X: 	 [ 0.183953061706 , 0.188466731881 ]
INDE LUMO bounds of X: 	 [ 0.164471694941 , 0.169048017306 ]
INDE INIT LUMO: [ 0.164471694941 , 0.169048017306 ]
INDE INIT HOMO: [ 0.811533268119 , 0.816046938294 ]
INDE ESTIMATED NUMBER OF ITERATIONS IS 28
INDE Put eigenvalues of F to the interval [0,1] in reverse order.
TIDE compute_X() took      0.00 usr cpu s       0.00 sys cpu s       0.00 wall s
TIDE prepare_to_purification() took      0.09 usr cpu s       0.38 sys cpu s       0.06 wall s
INDE (EIGV,PARAMS) Requested 0 occipied eigenpair(s).
INDE (EIGV,PARAMS) Requested 0 unoccipied eigenpair(s).
TIDE prepare_to_purification_eigenvectors() took      0.00 usr cpu s       0.00 sys cpu s       0.00 wall s
INDE Starting recursive expansion
INDE     BEFORE ITERATIONS:
TIDE truncate_matrix took      0.00 usr cpu s       0.00 sys cpu s       0.00 wall s
INDE Actual introduced error   0.000000e+00 : nnz before  49284 <-> 100.00 % , nnz after  49284 <-> 100.00 %
TIDE square took      0.01 usr cpu s       0.00 sys cpu s       0.00 wall s
INDE NNZ Xsq = 49284 <-> 100.00 %
TIDE Frobenius norm of X-X^2 took      0.00 usr cpu s       0.00 sys cpu s       0.00 wall s
TIDE Mixed norm of X-X^2 took      0.00 usr cpu s       0.01 sys cpu s       0.00 wall s
TIDE Trace of X-X^2 took      0.00 usr cpu s       0.00 sys cpu s       0.00 wall s
INDE ||X-X^2||_F = 1.696765e+00 , ||X-X^2||_mixed = 8.700335e-01
INDE trace(X-X^2) = 2.268362e+01
INDE trace(X) = 3.354573e+01
TIDE Iteration 0 took      0.02 usr cpu s       0.02 sys cpu s       0.00 wall s
TIDE FileWritable::writeAndReadAll took      0.00 usr cpu s       0.00 sys cpu s       0.00 wall s
INDE writeAndReadAll sizesStr: '0 MB (1 MatrixGeneral, 0 > 1 MB) + 0 MB (13 MatrixSymmetric, 0 > 1 MB) + 0 MB (2 VectorGeneral, 0 > 1 MB) = 0 MB (16 total, 0 > 1 MB)
INDE     ITERATION 1 :
TIDE purify_X took      0.00 usr cpu s       0.00 sys cpu s       0.00 wall s
TIDE truncate_matrix took      0.00 usr cpu s       0.00 sys cpu s       0.00 wall s
INDE Actual introduced error   0.000000e+00 : nnz before  49284 <-> 100.00 % , nnz after  49284 <-> 100.00 %
TIDE square took      0.01 usr cpu s       0.01 sys cpu s       0.00 wall s
INDE NNZ Xsq = 49284 <-> 100.00 %
TIDE Frobenius norm of X-X^2 took      0.00 usr cpu s       0.00 sys cpu s       0.00 wall s
TIDE Mixed norm of X-X^2 took      0.00 usr cpu s       0.01 sys cpu s       0.00 wall s
TIDE Trace of X-X^2 took      0.00 usr cpu s       0.00 sys cpu s       0.00 wall s
INDE ||X-X^2||_F = 2.453164e+00 , ||X-X^2||_mixed = 1.227951e+00
INDE trace(X-X^2) = 3.419436e+01
INDE trace(X) = 5.622936e+01
TIDE Iteration 1 took      0.01 usr cpu s       0.03 sys cpu s       0.00 wall s
INDE     ITERATION 2 :
TIDE purify_X took      0.00 usr cpu s       0.00 sys cpu s       0.00 wall s
TIDE truncate_matrix took      0.00 usr cpu s       0.00 sys cpu s       0.00 wall s
INDE Actual introduced error   0.000000e+00 : nnz before  49284 <-> 100.00 % , nnz after  49284 <-> 100.00 %
TIDE square took      0.00 usr cpu s       0.02 sys cpu s       0.00 wall s
INDE NNZ Xsq = 49284 <-> 100.00 %
TIDE Frobenius norm of X-X^2 took      0.00 usr cpu s       0.00 sys cpu s       0.00 wall s
TIDE Mixed norm of X-X^2 took      0.00 usr cpu s       0.01 sys cpu s       0.00 wall s
TIDE Trace of X-X^2 took      0.00 usr cpu s       0.00 sys cpu s       0.00 wall s
INDE ||X-X^2||_F = 3.128882e+00 , ||X-X^2||_mixed = 1.495426e+00
INDE trace(X-X^2) = 4.422324e+01
INDE trace(X) = 9.042372e+01
INDE Checking stopping criterion...   
INDE Order of convergence cannot be computed
TIDE stopping_criterion took      0.00 usr cpu s       0.00 sys cpu s       0.00 wall s
TIDE Iteration 2 took      0.01 usr cpu s       0.03 sys cpu s       0.00 wall s
INDE     ITERATION 3 :
TIDE purify_X took      0.00 usr cpu s       0.00 sys cpu s       0.00 wall s
TIDE truncate_matrix took      0.00 usr cpu s       0.00 sys cpu s       0.00 wall s
INDE Actual introduced error   0.000000e+00 : nnz before  49284 <-> 100.00 % , nnz after  49284 <-> 100.00 %
TIDE square took      0.00 usr cpu s       0.01 sys cpu s       0.00 wall s
INDE NNZ Xsq = 49284 <-> 100.00 %
TIDE Frobenius norm of X-X^2 took      0.00 usr cpu s       0.00 sys cpu s       0.00 wall s
TIDE Mixed norm of X-X^2 took      0.00 usr cpu s       0.01 sys cpu s       0.00 wall s
TIDE Trace of X-X^2 took      0.00 usr cpu s       0.00 sys cpu s       0.00 wall s
INDE ||X-X^2||_F = 2.043564e+00 , ||X-X^2||_mixed = 1.140529e+00
INDE trace(X-X^2) = 2.593967e+01
INDE trace(X) = 4.620048e+01
INDE Checking stopping criterion...   
INDE Order of convergence cannot be computed
TIDE stopping_criterion took      0.00 usr cpu s       0.00 sys cpu s       0.00 wall s
TIDE Iteration 3 took      0.01 usr cpu s       0.02 sys cpu s       0.00 wall s
INDE     ITERATION 4 :
TIDE purify_X took      0.00 usr cpu s       0.00 sys cpu s       0.00 wall s
TIDE truncate_matrix took      0.00 usr cpu s       0.00 sys cpu s       0.00 wall s
INDE Actual introduced error   0.000000e+00 : nnz before  49284 <-> 100.00 % , nnz after  49284 <-> 100.00 %
TIDE square took      0.00 usr cpu s       0.02 sys cpu s       0.00 wall s
INDE NNZ Xsq = 49284 <-> 100.00 %
TIDE Frobenius norm of X-X^2 took      0.00 usr cpu s       0.00 sys cpu s       0.00 wall s
TIDE Mixed norm of X-X^2 took      0.01 usr cpu s       0.00 sys cpu s       0.00 wall s
TIDE Trace of X-X^2 took      0.00 usr cpu s       0.00 sys cpu s       0.00 wall s
INDE ||X-X^2||_F = 2.694570e+00 , ||X-X^2||_mixed = 1.437341e+00
INDE trace(X-X^2) = 3.563755e+01
INDE trace(X) = 7.214015e+01
INDE Checking stopping criterion...   
INDE Order of convergence cannot be computed
TIDE stopping_criterion took      0.00 usr cpu s       0.00 sys cpu s       0.00 wall s
TIDE Iteration 4 took      0.01 usr cpu s       0.02 sys cpu s       0.00 wall s
INDE     ITERATION 5 :
TIDE purify_X took      0.00 usr cpu s       0.00 sys cpu s       0.00 wall s
TIDE truncate_matrix took      0.00 usr cpu s       0.00 sys cpu s       0.00 wall s
INDE Actual introduced error   0.000000e+00 : nnz before  49284 <-> 100.00 % , nnz after  49284 <-> 100.00 %
TIDE square took      0.00 usr cpu s       0.01 sys cpu s       0.00 wall s
INDE NNZ Xsq = 49284 <-> 100.00 %
TIDE Frobenius norm of X-X^2 took      0.00 usr cpu s       0.00 sys cpu s       0.00 wall s
TIDE Mixed norm of X-X^2 took      0.00 usr cpu s       0.01 sys cpu s       0.00 wall s
TIDE Trace of X-X^2 took      0.00 usr cpu s       0.00 sys cpu s       0.00 wall s
INDE ||X-X^2||_F = 2.829387e+00 , ||X-X^2||_mixed = 1.489874e+00
INDE trace(X-X^2) = 3.866655e+01
INDE trace(X) = 1.077777e+02
INDE Checking stopping criterion...   
INDE Order of convergence cannot be computed
TIDE stopping_criterion took      0.00 usr cpu s       0.00 sys cpu s       0.00 wall s
TIDE Iteration 5 took      0.01 usr cpu s       0.02 sys cpu s       0.00 wall s
INDE     ITERATION 6 :
TIDE purify_X took      0.00 usr cpu s       0.00 sys cpu s       0.00 wall s
TIDE truncate_matrix took      0.00 usr cpu s       0.00 sys cpu s       0.00 wall s
INDE Actual introduced error   0.000000e+00 : nnz before  49284 <-> 100.00 % , nnz after  49284 <-> 100.00 %
TIDE square took      0.00 usr cpu s       0.02 sys cpu s       0.00 wall s
INDE NNZ Xsq = 49284 <-> 100.00 %
TIDE Frobenius norm of X-X^2 took      0.00 usr cpu s       0.00 sys cpu s       0.00 wall s
TIDE Mixed norm of X-X^2 took      0.01 usr cpu s       0.01 sys cpu s       0.00 wall s
TIDE Trace of X-X^2 took      0.00 usr cpu s       0.00 sys cpu s       0.00 wall s
INDE ||X-X^2||_F = 2.431856e+00 , ||X-X^2||_mixed = 1.395466e+00
INDE trace(X-X^2) = 2.988523e+01
INDE trace(X) = 6.911115e+01
INDE Checking stopping criterion...   
INDE Order of convergence cannot be computed
TIDE stopping_criterion took      0.00 usr cpu s       0.00 sys cpu s       0.00 wall s
TIDE Iteration 6 took      0.01 usr cpu s       0.02 sys cpu s       0.00 wall s
INDE     ITERATION 7 :
TIDE purify_X took      0.00 usr cpu s       0.00 sys cpu s       0.00 wall s
TIDE truncate_matrix took      0.00 usr cpu s       0.00 sys cpu s       0.00 wall s
INDE Actual introduced error   0.000000e+00 : nnz before  49284 <-> 100.00 % , nnz after  49284 <-> 100.00 %
TIDE square took      0.00 usr cpu s       0.02 sys cpu s       0.00 wall s
INDE NNZ Xsq = 49284 <-> 100.00 %
TIDE Frobenius norm of X-X^2 took      0.00 usr cpu s       0.00 sys cpu s       0.00 wall s
TIDE Mixed norm of X-X^2 took      0.00 usr cpu s       0.01 sys cpu s       0.00 wall s
TIDE Trace of X-X^2 took      0.00 usr cpu s       0.00 sys cpu s       0.00 wall s
INDE ||X-X^2||_F = 1.753054e+00 , ||X-X^2||_mixed = 1.119440e+00
INDE trace(X-X^2) = 1.730815e+01
INDE trace(X) = 3.922592e+01
INDE Checking stopping criterion...   
INDE Order of convergence cannot be computed
TIDE stopping_criterion took      0.00 usr cpu s       0.00 sys cpu s       0.00 wall s
TIDE Iteration 7 took      0.00 usr cpu s       0.03 sys cpu s       0.00 wall s
INDE     ITERATION 8 :
TIDE purify_X took      0.00 usr cpu s       0.00 sys cpu s       0.00 wall s
TIDE truncate_matrix took      0.00 usr cpu s       0.00 sys cpu s       0.00 wall s
INDE Actual introduced error   0.000000e+00 : nnz before  49284 <-> 100.00 % , nnz after  49284 <-> 100.00 %
TIDE square took      0.01 usr cpu s       0.01 sys cpu s       0.00 wall s
INDE NNZ Xsq = 49284 <-> 100.00 %
TIDE Frobenius norm of X-X^2 took      0.00 usr cpu s       0.00 sys cpu s       0.00 wall s
TIDE Mixed norm of X-X^2 took      0.00 usr cpu s       0.01 sys cpu s       0.00 wall s
TIDE Trace of X-X^2 took      0.00 usr cpu s       0.00 sys cpu s       0.00 wall s
INDE ||X-X^2||_F = 1.979298e+00 , ||X-X^2||_mixed = 1.220787e+00
INDE trace(X-X^2) = 2.136402e+01
INDE trace(X) = 5.653407e+01
INDE Checking stopping criterion...   
INDE Order of convergence cannot be computed
TIDE stopping_criterion took      0.00 usr cpu s       0.00 sys cpu s       0.00 wall s
TIDE Iteration 8 took      0.01 usr cpu s       0.02 sys cpu s       0.00 wall s
INDE     ITERATION 9 :
TIDE purify_X took      0.00 usr cpu s       0.00 sys cpu s       0.00 wall s
TIDE truncate_matrix took      0.00 usr cpu s       0.00 sys cpu s       0.00 wall s
INDE Actual introduced error   0.000000e+00 : nnz before  49284 <-> 100.00 % , nnz after  49284 <-> 100.00 %
TIDE square took      0.00 usr cpu s       0.01 sys cpu s       0.00 wall s
INDE NNZ Xsq = 49284 <-> 100.00 %
TIDE Frobenius norm of X-X^2 took      0.00 usr cpu s       0.00 sys cpu s       0.00 wall s
TIDE Mixed norm of X-X^2 took      0.00 usr cpu s       0.01 sys cpu s       0.00 wall s
TIDE Trace of X-X^2 took      0.00 usr cpu s       0.00 sys cpu s       0.00 wall s
INDE ||X-X^2||_F = 1.540563e+00 , ||X-X^2||_mixed = 1.043831e+00
INDE trace(X-X^2) = 1.274310e+01
INDE trace(X) = 3.517005e+01
INDE Checking stopping criterion...   
INDE Order of convergence cannot be computed
TIDE stopping_criterion took      0.00 usr cpu s       0.00 sys cpu s       0.00 wall s
TIDE Iteration 9 took      0.01 usr cpu s       0.03 sys cpu s       0.00 wall s
INDE     ITERATION 10 :
TIDE purify_X took      0.00 usr cpu s       0.00 sys cpu s       0.00 wall s
TIDE truncate_matrix took      0.00 usr cpu s       0.00 sys cpu s       0.00 wall s
INDE Actual introduced error   0.000000e+00 : nnz before  49284 <-> 100.00 % , nnz after  49284 <-> 100.00 %
TIDE square took      0.01 usr cpu s       0.01 sys cpu s       0.00 wall s
INDE NNZ Xsq = 49284 <-> 100.00 %
TIDE Frobenius norm of X-X^2 took      0.00 usr cpu s       0.00 sys cpu s       0.00 wall s
TIDE Mixed norm of X-X^2 took      0.01 usr cpu s       0.00 sys cpu s       0.00 wall s
TIDE Trace of X-X^2 took      0.00 usr cpu s       0.00 sys cpu s       0.00 wall s
INDE ||X-X^2||_F = 1.535752e+00 , ||X-X^2||_mixed = 1.008424e+00
INDE trace(X-X^2) = 1.408244e+01
INDE trace(X) = 4.791315e+01
INDE Checking stopping criterion...   
INDE Order of convergence cannot be computed
TIDE stopping_criterion took      0.00 usr cpu s       0.00 sys cpu s       0.00 wall s
TIDE Iteration 10 took      0.02 usr cpu s       0.01 sys cpu s       0.00 wall s
INDE     ITERATION 11 :
TIDE purify_X took      0.00 usr cpu s       0.00 sys cpu s       0.00 wall s
TIDE truncate_matrix took      0.00 usr cpu s       0.00 sys cpu s       0.00 wall s
INDE Actual introduced error   0.000000e+00 : nnz before  49284 <-> 100.00 % , nnz after  49284 <-> 100.00 %
TIDE square took      0.00 usr cpu s       0.02 sys cpu s       0.00 wall s
INDE NNZ Xsq = 49284 <-> 100.00 %
TIDE Frobenius norm of X-X^2 took      0.00 usr cpu s       0.00 sys cpu s       0.00 wall s
TIDE Mixed norm of X-X^2 took      0.01 usr cpu s       0.01 sys cpu s       0.00 wall s
TIDE Trace of X-X^2 took      0.00 usr cpu s       0.00 sys cpu s       0.00 wall s
INDE ||X-X^2||_F = 1.525687e+00 , ||X-X^2||_mixed = 1.055474e+00
INDE trace(X-X^2) = 1.394417e+01
INDE trace(X) = 6.199560e+01
INDE Checking stopping criterion...   
INDE Order of convergence cannot be computed
TIDE stopping_criterion took      0.00 usr cpu s       0.00 sys cpu s       0.00 wall s
TIDE Iteration 11 took      0.01 usr cpu s       0.02 sys cpu s       0.00 wall s
INDE     ITERATION 12 :
TIDE purify_X took      0.00 usr cpu s       0.00 sys cpu s       0.00 wall s
TIDE truncate_matrix took      0.00 usr cpu s       0.00 sys cpu s       0.00 wall s
INDE Actual introduced error   0.000000e+00 : nnz before  49284 <-> 100.00 % , nnz after  49284 <-> 100.00 %
TIDE square took      0.00 usr cpu s       0.01 sys cpu s       0.00 wall s
INDE NNZ Xsq = 49284 <-> 100.00 %
TIDE Frobenius norm of X-X^2 took      0.00 usr cpu s       0.00 sys cpu s       0.00 wall s
TIDE Mixed norm of X-X^2 took      0.00 usr cpu s       0.01 sys cpu s       0.00 wall s
TIDE Trace of X-X^2 took      0.00 usr cpu s       0.00 sys cpu s       0.00 wall s
INDE ||X-X^2||_F = 1.134919e+00 , ||X-X^2||_mixed = 7.825183e-01
INDE trace(X-X^2) = 8.882754e+00
INDE trace(X) = 4.805142e+01
INDE Checking stopping criterion...   
INDE Order of convergence cannot be computed
TIDE stopping_criterion took      0.00 usr cpu s       0.00 sys cpu s       0.00 wall s
TIDE Iteration 12 took      0.01 usr cpu s       0.03 sys cpu s       0.00 wall s
INDE     ITERATION 13 :
TIDE purify_X took      0.00 usr cpu s       0.00 sys cpu s       0.00 wall s
TIDE truncate_matrix took      0.00 usr cpu s       0.00 sys cpu s       0.00 wall s
INDE Actual introduced error   0.000000e+00 : nnz before  49284 <-> 100.00 % , nnz after  49284 <-> 100.00 %
TIDE square took      0.00 usr cpu s       0.01 sys cpu s       0.00 wall s
INDE NNZ Xsq = 49284 <-> 100.00 %
TIDE Frobenius norm of X-X^2 took      0.00 usr cpu s       0.00 sys cpu s       0.00 wall s
TIDE Mixed norm of X-X^2 took      0.00 usr cpu s       0.01 sys cpu s       0.00 wall s
TIDE Trace of X-X^2 took      0.00 usr cpu s       0.00 sys cpu s       0.00 wall s
INDE ||X-X^2||_F = 1.135076e+00 , ||X-X^2||_mixed = 8.300705e-01
INDE trace(X-X^2) = 7.035934e+00
INDE trace(X) = 3.916867e+01
INDE Checking stopping criterion...   
INDE Order of convergence cannot be computed
TIDE stopping_criterion took      0.00 usr cpu s       0.00 sys cpu s       0.00 wall s
TIDE Iteration 13 took      0.01 usr cpu s       0.02 sys cpu s       0.00 wall s
INDE     ITERATION 14 :
TIDE purify_X took      0.00 usr cpu s       0.00 sys cpu s       0.00 wall s
TIDE truncate_matrix took      0.00 usr cpu s       0.00 sys cpu s       0.00 wall s
INDE Actual introduced error   0.000000e+00 : nnz before  49284 <-> 100.00 % , nnz after  49284 <-> 100.00 %
TIDE square took      0.01 usr cpu s       0.01 sys cpu s       0.00 wall s
INDE NNZ Xsq = 49284 <-> 100.00 %
TIDE Frobenius norm of X-X^2 took      0.00 usr cpu s       0.00 sys cpu s       0.00 wall s
TIDE Mixed norm of X-X^2 took      0.00 usr cpu s       0.01 sys cpu s       0.00 wall s
TIDE Trace of X-X^2 took      0.00 usr cpu s       0.00 sys cpu s       0.00 wall s
INDE ||X-X^2||_F = 7.328340e-01 , ||X-X^2||_mixed = 5.399554e-01
INDE trace(X-X^2) = 4.665263e+00
INDE trace(X) = 4.620460e+01
INDE Checking stopping criterion...   
INDE e_i =5.399554e-01, C*e_{i-1}^q = 4.217273e+00
INDE Order of convergence = 10.381480, stop = 0
TIDE stopping_criterion took      0.00 usr cpu s       0.00 sys cpu s       0.00 wall s
TIDE Iteration 14 took      0.01 usr cpu s       0.02 sys cpu s       0.00 wall s
INDE     ITERATION 15 :
TIDE purify_X took      0.00 usr cpu s       0.00 sys cpu s       0.00 wall s
TIDE truncate_matrix took      0.00 usr cpu s       0.00 sys cpu s       0.00 wall s
INDE Actual introduced error   0.000000e+00 : nnz before  49284 <-> 100.00 % , nnz after  49284 <-> 100.00 %
TIDE square took      0.01 usr cpu s       0.01 sys cpu s       0.00 wall s
INDE NNZ Xsq = 49284 <-> 100.00 %
TIDE Frobenius norm of X-X^2 took      0.00 usr cpu s       0.00 sys cpu s       0.00 wall s
TIDE Mixed norm of X-X^2 took      0.00 usr cpu s       0.01 sys cpu s       0.00 wall s
TIDE Trace of X-X^2 took      0.00 usr cpu s       0.00 sys cpu s       0.00 wall s
INDE ||X-X^2||_F = 7.334421e-01 , ||X-X^2||_mixed = 5.542792e-01
INDE trace(X-X^2) = 3.802934e+00
INDE trace(X) = 5.086987e+01
INDE Checking stopping criterion...   
INDE Order of convergence cannot be computed
TIDE stopping_criterion took      0.00 usr cpu s       0.00 sys cpu s       0.00 wall s
TIDE Iteration 15 took      0.01 usr cpu s       0.02 sys cpu s       0.00 wall s
INDE     ITERATION 16 :
TIDE purify_X took      0.00 usr cpu s       0.00 sys cpu s       0.00 wall s
TIDE truncate_matrix took      0.00 usr cpu s       0.00 sys cpu s       0.00 wall s
INDE Actual introduced error   0.000000e+00 : nnz before  49284 <-> 100.00 % , nnz after  49284 <-> 100.00 %
TIDE square took      0.00 usr cpu s       0.01 sys cpu s       0.00 wall s
INDE NNZ Xsq = 49284 <-> 100.00 %
TIDE Frobenius norm of X-X^2 took      0.00 usr cpu s       0.00 sys cpu s       0.00 wall s
TIDE Mixed norm of X-X^2 took      0.00 usr cpu s       0.01 sys cpu s       0.00 wall s
TIDE Trace of X-X^2 took      0.00 usr cpu s       0.00 sys cpu s       0.00 wall s
INDE ||X-X^2||_F = 3.727976e-01 , ||X-X^2||_mixed = 3.045498e-01
INDE trace(X-X^2) = 1.814552e+00
INDE trace(X) = 4.706693e+01
INDE Checking stopping criterion...   
INDE e_i =3.045498e-01, C*e_{i-1}^q = 2.007976e+00
INDE Order of convergence = 5.060431, stop = 0
TIDE stopping_criterion took      0.00 usr cpu s       0.00 sys cpu s       0.00 wall s
TIDE Iteration 16 took      0.01 usr cpu s       0.03 sys cpu s       0.00 wall s
INDE     ITERATION 17 :
TIDE purify_X took      0.00 usr cpu s       0.00 sys cpu s       0.00 wall s
TIDE truncate_matrix took      0.00 usr cpu s       0.00 sys cpu s       0.00 wall s
INDE Actual introduced error   0.000000e+00 : nnz before  49284 <-> 100.00 % , nnz after  49284 <-> 100.00 %
TIDE square took      0.02 usr cpu s       0.00 sys cpu s       0.00 wall s
INDE NNZ Xsq = 49284 <-> 100.00 %
TIDE Frobenius norm of X-X^2 took      0.00 usr cpu s       0.00 sys cpu s       0.00 wall s
TIDE Mixed norm of X-X^2 took      0.00 usr cpu s       0.01 sys cpu s       0.00 wall s
TIDE Trace of X-X^2 took      0.00 usr cpu s       0.00 sys cpu s       0.00 wall s
INDE ||X-X^2||_F = 4.211901e-01 , ||X-X^2||_mixed = 3.652311e-01
INDE trace(X-X^2) = 1.672758e+00
INDE trace(X) = 4.525238e+01
INDE Checking stopping criterion...   
INDE Order of convergence cannot be computed
TIDE stopping_criterion took      0.00 usr cpu s       0.00 sys cpu s       0.00 wall s
TIDE Iteration 17 took      0.02 usr cpu s       0.01 sys cpu s       0.00 wall s
INDE     ITERATION 18 :
TIDE purify_X took      0.00 usr cpu s       0.00 sys cpu s       0.00 wall s
TIDE truncate_matrix took      0.00 usr cpu s       0.00 sys cpu s       0.00 wall s
INDE Actual introduced error   0.000000e+00 : nnz before  49284 <-> 100.00 % , nnz after  49284 <-> 100.00 %
TIDE square took      0.00 usr cpu s       0.02 sys cpu s       0.00 wall s
INDE NNZ Xsq = 49284 <-> 100.00 %
TIDE Frobenius norm of X-X^2 took      0.00 usr cpu s       0.00 sys cpu s       0.00 wall s
TIDE Mixed norm of X-X^2 took      0.00 usr cpu s       0.01 sys cpu s       0.00 wall s
TIDE Trace of X-X^2 took      0.00 usr cpu s       0.00 sys cpu s       0.00 wall s
INDE ||X-X^2||_F = 1.446126e-01 , ||X-X^2||_mixed = 1.329849e-01
INDE trace(X-X^2) = 4.614610e-01
INDE trace(X) = 4.692514e+01
INDE Checking stopping criterion...   
INDE e_i =1.329849e-01, C*e_{i-1}^q = 6.387920e-01
INDE Order of convergence = 3.319973, stop = 0
TIDE stopping_criterion took      0.00 usr cpu s       0.00 sys cpu s       0.00 wall s
TIDE Iteration 18 took      0.00 usr cpu s       0.03 sys cpu s       0.00 wall s
INDE     ITERATION 19 :
TIDE purify_X took      0.00 usr cpu s       0.00 sys cpu s       0.00 wall s
TIDE truncate_matrix took      0.00 usr cpu s       0.00 sys cpu s       0.00 wall s
INDE Actual introduced error   0.000000e+00 : nnz before  49284 <-> 100.00 % , nnz after  49284 <-> 100.00 %
TIDE square took      0.00 usr cpu s       0.01 sys cpu s       0.00 wall s
INDE NNZ Xsq = 49284 <-> 100.00 %
TIDE Frobenius norm of X-X^2 took      0.00 usr cpu s       0.00 sys cpu s       0.00 wall s
TIDE Mixed norm of X-X^2 took      0.00 usr cpu s       0.01 sys cpu s       0.00 wall s
TIDE Trace of X-X^2 took      0.00 usr cpu s       0.00 sys cpu s       0.00 wall s
INDE ||X-X^2||_F = 2.027855e-01 , ||X-X^2||_mixed = 1.964188e-01
INDE trace(X-X^2) = 4.984268e-01
INDE trace(X) = 4.646368e+01
INDE Checking stopping criterion...   
INDE e_i =1.964188e-01, C*e_{i-1}^q = 9.187094e-01
INDE Order of convergence = 3.531654, stop = 0
TIDE stopping_criterion took      0.00 usr cpu s       0.00 sys cpu s       0.00 wall s
TIDE Iteration 19 took      0.01 usr cpu s       0.03 sys cpu s       0.00 wall s
INDE     ITERATION 20 :
TIDE purify_X took      0.00 usr cpu s       0.00 sys cpu s       0.00 wall s
TIDE truncate_matrix took      0.00 usr cpu s       0.00 sys cpu s       0.00 wall s
INDE Actual introduced error   0.000000e+00 : nnz before  49284 <-> 100.00 % , nnz after  49284 <-> 100.00 %
TIDE square took      0.01 usr cpu s       0.01 sys cpu s       0.00 wall s
INDE NNZ Xsq = 49284 <-> 100.00 %
TIDE Frobenius norm of X-X^2 took      0.00 usr cpu s       0.00 sys cpu s       0.00 wall s
TIDE Mixed norm of X-X^2 took      0.00 usr cpu s       0.01 sys cpu s       0.00 wall s
TIDE Trace of X-X^2 took      0.00 usr cpu s       0.00 sys cpu s       0.00 wall s
INDE ||X-X^2||_F = 3.667252e-02 , ||X-X^2||_mixed = 3.596577e-02
INDE trace(X-X^2) = 7.268457e-02
INDE trace(X) = 4.696211e+01
INDE Checking stopping criterion...   
INDE e_i =3.596577e-02, C*e_{i-1}^q = 1.218000e-01
INDE Order of convergence = 2.604610, stop = 0
TIDE stopping_criterion took      0.00 usr cpu s       0.00 sys cpu s       0.00 wall s
TIDE Iteration 20 took      0.01 usr cpu s       0.02 sys cpu s       0.00 wall s
INDE     ITERATION 21 :
TIDE purify_X took      0.00 usr cpu s       0.00 sys cpu s       0.00 wall s
TIDE truncate_matrix took      0.00 usr cpu s       0.00 sys cpu s       0.00 wall s
INDE Actual introduced error   0.000000e+00 : nnz before  49284 <-> 100.00 % , nnz after  49284 <-> 100.00 %
TIDE square took      0.01 usr cpu s       0.01 sys cpu s       0.00 wall s
INDE NNZ Xsq = 49284 <-> 100.00 %
TIDE Frobenius norm of X-X^2 took      0.00 usr cpu s       0.00 sys cpu s       0.00 wall s
TIDE Mixed norm of X-X^2 took      0.01 usr cpu s       0.01 sys cpu s       0.00 wall s
TIDE Trace of X-X^2 took      0.00 usr cpu s       0.00 sys cpu s       0.00 wall s
INDE ||X-X^2||_F = 2.406480e-02 , ||X-X^2||_mixed = 2.387738e-02
INDE trace(X-X^2) = 3.670482e-02
INDE trace(X) = 4.703479e+01
INDE Checking stopping criterion...   
INDE Order of convergence cannot be computed
TIDE stopping_criterion took      0.00 usr cpu s       0.00 sys cpu s       0.00 wall s
TIDE Iteration 21 took      0.02 usr cpu s       0.02 sys cpu s       0.00 wall s
INDE     ITERATION 22 :
TIDE purify_X took      0.00 usr cpu s       0.00 sys cpu s       0.00 wall s
TIDE truncate_matrix took      0.00 usr cpu s       0.00 sys cpu s       0.00 wall s
INDE Actual introduced error   0.000000e+00 : nnz before  49284 <-> 100.00 % , nnz after  49284 <-> 100.00 %
TIDE square took      0.00 usr cpu s       0.01 sys cpu s       0.00 wall s
INDE NNZ Xsq = 49284 <-> 100.00 %
TIDE Frobenius norm of X-X^2 took      0.00 usr cpu s       0.00 sys cpu s       0.00 wall s
TIDE Mixed norm of X-X^2 took      0.00 usr cpu s       0.01 sys cpu s       0.00 wall s
TIDE Trace of X-X^2 took      0.00 usr cpu s       0.00 sys cpu s       0.00 wall s
INDE ||X-X^2||_F = 1.893513e-03 , ||X-X^2||_mixed = 1.871417e-03
INDE trace(X-X^2) = 3.116382e-03
INDE trace(X) = 4.699809e+01
INDE Checking stopping criterion...   
INDE e_i =1.871417e-03, C*e_{i-1}^q = 8.908845e-03
INDE Order of convergence = 2.469251, stop = 0
TIDE stopping_criterion took      0.00 usr cpu s       0.00 sys cpu s       0.00 wall s
TIDE Iteration 22 took      0.01 usr cpu s       0.02 sys cpu s       0.00 wall s
INDE     ITERATION 23 :
TIDE purify_X took      0.00 usr cpu s       0.00 sys cpu s       0.00 wall s
TIDE truncate_matrix took      0.00 usr cpu s       0.00 sys cpu s       0.00 wall s
INDE Actual introduced error   0.000000e+00 : nnz before  49284 <-> 100.00 % , nnz after  49284 <-> 100.00 %
TIDE square took      0.00 usr cpu s       0.02 sys cpu s       0.00 wall s
INDE NNZ Xsq = 49284 <-> 100.00 %
TIDE Frobenius norm of X-X^2 took      0.00 usr cpu s       0.00 sys cpu s       0.00 wall s
TIDE Mixed norm of X-X^2 took      0.00 usr cpu s       0.01 sys cpu s       0.00 wall s
TIDE Trace of X-X^2 took      0.00 usr cpu s       0.00 sys cpu s       0.00 wall s
INDE ||X-X^2||_F = 1.050844e-03 , ||X-X^2||_mixed = 1.050271e-03
INDE trace(X-X^2) = 1.208119e-03
INDE trace(X) = 4.700120e+01
INDE Checking stopping criterion...   
INDE e_i =1.050271e-03, C*e_{i-1}^q = 3.926595e-03
INDE Order of convergence = 2.353089, stop = 0
TIDE stopping_criterion took      0.00 usr cpu s       0.00 sys cpu s       0.00 wall s
TIDE Iteration 23 took      0.00 usr cpu s       0.03 sys cpu s       0.00 wall s
INDE     ITERATION 24 :
TIDE purify_X took      0.00 usr cpu s       0.00 sys cpu s       0.00 wall s
TIDE truncate_matrix took      0.00 usr cpu s       0.00 sys cpu s       0.00 wall s
INDE Actual introduced error   0.000000e+00 : nnz before  49284 <-> 100.00 % , nnz after  49284 <-> 100.00 %
TIDE square took      0.01 usr cpu s       0.01 sys cpu s       0.00 wall s
INDE NNZ Xsq = 49284 <-> 100.00 %
TIDE Frobenius norm of X-X^2 took      0.00 usr cpu s       0.00 sys cpu s       0.00 wall s
TIDE Mixed norm of X-X^2 took      0.00 usr cpu s       0.01 sys cpu s       0.00 wall s
TIDE Trace of X-X^2 took      0.00 usr cpu s       0.00 sys cpu s       0.00 wall s
INDE ||X-X^2||_F = 5.296619e-06 , ||X-X^2||_mixed = 5.263844e-06
INDE trace(X-X^2) = 7.742817e-06
INDE trace(X) = 4.699999e+01
INDE Checking stopping criterion...   
INDE e_i =5.263844e-06, C*e_{i-1}^q = 2.412035e-05
INDE Order of convergence = 2.242347, stop = 0
TIDE stopping_criterion took      0.00 usr cpu s       0.00 sys cpu s       0.00 wall s
TIDE Iteration 24 took      0.01 usr cpu s       0.02 sys cpu s       0.00 wall s
INDE     ITERATION 25 :
TIDE purify_X took      0.00 usr cpu s       0.00 sys cpu s       0.00 wall s
TIDE truncate_matrix took      0.00 usr cpu s       0.00 sys cpu s       0.00 wall s
INDE Actual introduced error   0.000000e+00 : nnz before  49284 <-> 100.00 % , nnz after  49284 <-> 100.00 %
TIDE square took      0.00 usr cpu s       0.01 sys cpu s       0.00 wall s
INDE NNZ Xsq = 49284 <-> 100.00 %
TIDE Frobenius norm of X-X^2 took      0.00 usr cpu s       0.00 sys cpu s       0.00 wall s
TIDE Mixed norm of X-X^2 took      0.00 usr cpu s       0.01 sys cpu s       0.00 wall s
TIDE Trace of X-X^2 took      0.00 usr cpu s       0.00 sys cpu s       0.00 wall s
INDE ||X-X^2||_F = 1.036863e-05 , ||X-X^2||_mixed = 1.035896e-05
INDE trace(X-X^2) = 1.327249e-05
INDE trace(X) = 4.699999e+01
INDE Checking stopping criterion...   
INDE Order of convergence cannot be computed
TIDE stopping_criterion took      0.00 usr cpu s       0.00 sys cpu s       0.00 wall s
TIDE Iteration 25 took      0.01 usr cpu s       0.03 sys cpu s       0.00 wall s
INDE     ITERATION 26 :
TIDE purify_X took      0.00 usr cpu s       0.00 sys cpu s       0.00 wall s
TIDE truncate_matrix took      0.00 usr cpu s       0.00 sys cpu s       0.00 wall s
INDE Actual introduced error   0.000000e+00 : nnz before  49284 <-> 100.00 % , nnz after  49284 <-> 100.00 %
TIDE square took      0.00 usr cpu s       0.01 sys cpu s       0.00 wall s
INDE NNZ Xsq = 49284 <-> 100.00 %
TIDE Frobenius norm of X-X^2 took      0.00 usr cpu s       0.00 sys cpu s       0.00 wall s
TIDE Mixed norm of X-X^2 took      0.00 usr cpu s       0.01 sys cpu s       0.00 wall s
TIDE Trace of X-X^2 took      0.00 usr cpu s       0.00 sys cpu s       0.00 wall s
INDE ||X-X^2||_F = 9.595991e-11 , ||X-X^2||_mixed = 9.593328e-11
INDE trace(X-X^2) = 1.098783e-10
INDE trace(X) = 4.700000e+01
INDE Checking stopping criterion...   
INDE e_i =9.593328e-11, C*e_{i-1}^q = 1.908309e-10
INDE Order of convergence = 2.056582, stop = 0
TIDE stopping_criterion took      0.00 usr cpu s       0.00 sys cpu s       0.00 wall s
TIDE Iteration 26 took      0.00 usr cpu s       0.03 sys cpu s       0.00 wall s
INDE     ITERATION 27 :
TIDE purify_X took      0.00 usr cpu s       0.00 sys cpu s       0.00 wall s
TIDE truncate_matrix took      0.00 usr cpu s       0.00 sys cpu s       0.00 wall s
INDE Actual introduced error   0.000000e+00 : nnz before  49284 <-> 100.00 % , nnz after  49284 <-> 100.00 %
TIDE square took      0.01 usr cpu s       0.01 sys cpu s       0.00 wall s
INDE NNZ Xsq = 49284 <-> 100.00 %
TIDE Frobenius norm of X-X^2 took      0.00 usr cpu s       0.00 sys cpu s       0.00 wall s
TIDE Mixed norm of X-X^2 took      0.00 usr cpu s       0.01 sys cpu s       0.00 wall s
TIDE Trace of X-X^2 took      0.00 usr cpu s       0.00 sys cpu s       0.00 wall s
INDE ||X-X^2||_F = 4.704885e-12 , ||X-X^2||_mixed = 4.704885e-12
INDE trace(X-X^2) = 4.703793e-12
INDE trace(X) = 4.700000e+01
INDE Checking stopping criterion...   
INDE Order of convergence cannot be computed
TIDE stopping_criterion took      0.00 usr cpu s       0.00 sys cpu s       0.00 wall s
TIDE Iteration 27 took      0.01 usr cpu s       0.02 sys cpu s       0.00 wall s
INDE     ITERATION 28 :
TIDE purify_X took      0.00 usr cpu s       0.00 sys cpu s       0.00 wall s
TIDE truncate_matrix took      0.00 usr cpu s       0.00 sys cpu s       0.00 wall s
INDE Actual introduced error   0.000000e+00 : nnz before  49284 <-> 100.00 % , nnz after  49284 <-> 100.00 %
TIDE square took      0.00 usr cpu s       0.02 sys cpu s       0.00 wall s
INDE NNZ Xsq = 49284 <-> 100.00 %
TIDE Frobenius norm of X-X^2 took      0.00 usr cpu s       0.00 sys cpu s       0.00 wall s
TIDE Mixed norm of X-X^2 took      0.00 usr cpu s       0.00 sys cpu s       0.00 wall s
TIDE Trace of X-X^2 took      0.00 usr cpu s       0.00 sys cpu s       0.00 wall s
INDE ||X-X^2||_F = 2.305794e-15 , ||X-X^2||_mixed = 0.000000e+00
INDE trace(X-X^2) = 0.000000e+00
INDE trace(X) = 4.700000e+01
INDE Checking stopping criterion...   
INDE ************************************************************************************************************
INDE The norm value went much below machine precision, therefore we stop here since n_max can be underestimated.
INDE ************************************************************************************************************
INDE e_i =0.000000e+00, C*e_{i-1}^q = 6.338424e-20
INDE Order of convergence = inf, stop = 1
TIDE stopping_criterion took      0.00 usr cpu s       0.00 sys cpu s       0.00 wall s
INDE PURIFICATION CONVERGED after 28 iterations
TIDE Iteration 28 took      0.00 usr cpu s       0.02 sys cpu s       0.00 wall s
INDE Number of non-zeros in D is  49284 <-> 100.00 %
TIDE FileWritable::writeAndReadAll took      0.00 usr cpu s       0.00 sys cpu s       0.00 wall s
INDE writeAndReadAll sizesStr: '0 MB (1 MatrixGeneral, 0 > 1 MB) + 0 MB (13 MatrixSymmetric, 0 > 1 MB) + 0 MB (2 VectorGeneral, 0 > 1 MB) = 0 MB (16 total, 0 > 1 MB)
INDE TOTAL accumulated subspace error is 0.000000e+00
INDE TOTAL X square time: 0.060948 wall s
INDE TOTAL X trunction time: 0.003267 wall s
INDE TOTAL X purify (exl. X^2 computation) time: 0.003253 wall s
INDE TOTAL time to get number of non-zero elements: 0.001037 wall s
INDE TOTAL time to get mixed norm: 0.041193 wall s
INDE TOTAL time to get Frobenius norm: 0.003632 wall s
INDE TOTAL time for stopping criterion: 0.001257 wall s
INDE TOTAL time to get matrix trace: 0.000558 wall s
INDE Estimated bounds for the eigenvalues for the Fock matrix:
INDE LUMO: [ 0.091432707372 , 0.128563761421 ]
INDE HOMO: [ -0.394500594799 , -0.341359351393 ]
TIDE eigenvalue_bounds_estimation() took      0.00 usr cpu s       0.00 sys cpu s       0.00 wall s
TIDE Recursive expansion took      0.39 usr cpu s       1.02 sys cpu s       0.18 wall s
TIDE Puri->PurificationStart() took      0.39 usr cpu s       1.02 sys cpu s       0.18 wall s
TIDE Accumulated wall times for writeToFile in PurificationStart()          : 0 s (MatrixGeneral) + 1.9e-06 s (MatrixSymmetric) + 9.3e-05 s (VectorGeneral) = 9.5e-05 s
TIDE Accumulated wall times for readFromFile in PurificationStart()         : 0 s (MatrixGeneral) + 2.4e-06 s (MatrixSymmetric) + 4.2e-05 s (VectorGeneral) = 4.5e-05 s
TIDE Accumulated wall times for copy and assign in PurificationStart()      : 9.5e-07 s (MatrixSymmetric) + 3.3e-05 s (VectorGeneral) = 3.4e-05 s
INDE Number of calls to writeToFile in PurificationStart()                  : 2 (MatrixGeneral) + 27 (MatrixSymmetric) + 947 (VectorGeneral) = 976 
INDE Number of calls to readFromFile in PurificationStart()                 : 2 (MatrixGeneral) + 26 (MatrixSymmetric) + 408 (VectorGeneral) = 436 
INDE Number of calls to FileWritable copy and assign in PurificationStart() : 2 (MatrixSymmetric) + 30 (VectorGeneral) = 32 
TIDE mat::Gblas::time after purification :     0.816208
INDE Created .m files with results of the purification
INDE Purification converged OK, subspaceError <=          0.00000000000
INDE E(LUMO) - E(HOMO) >=          0.43279205876 =         11.77687193153 eV
INDE E(LUMO) - E(HOMO) <=          0.52306435622 =         14.23330629665 eV
INDE HOMO interval : [   -0.394500594799   -0.341359351393 ]
INDE LUMO interval : [    0.091432707372    0.128563761421 ]
INDE Trace of resulting density matrix is         47.00000000000, error is   0.00000000000001.
INDE Truncated D_ort ( mixed ), selected threshold = 9.99999e-08, returned error =          0, nnz before = 49284 <-> 100.0000 %, nnz after = 49284 <-> 100.0000 %
TIDE FileWritable::writeAndReadAll took      0.00 usr cpu s       0.00 sys cpu s       0.00 wall s
INDE writeAndReadAll sizesStr: '0 MB (1 MatrixGeneral, 0 > 1 MB) + 0 MB (12 MatrixSymmetric, 0 > 1 MB) + 0 MB (1 MatrixTriangular, 0 > 1 MB) = 0 MB (14 total, 0 > 1 MB)
TIDE D_w to non-orthogonal basis took      0.00 usr cpu s       0.01 sys cpu s       0.00 wall s
INDE Truncated D_S (eucl with Z), selected threshold = 9.99999e-08, returned error =          0, nnz before = 100.0000 %, nnz after = 100.0000 %
INDE get_dens_from_fock_sparse ending OK
TIDE get_dens_from_fock_sparse took      0.51 usr cpu s       1.44 sys cpu s       0.25 wall s
ERDE get_dens_from_fock  (GetDensFromFock class) : purification finished OK.
TIDE get_dens_from_fock took      0.51 usr cpu s       1.44 sys cpu s       0.25 wall s
INSC Matrix 'new density matrix' ( symm ): n =    222, nnz =        49284 <-> 100.00 %, mem usage  0.0002 G
INSC Tr( D * S ) =         94.00000000000
TISC get_new_density_matrix took      0.51 usr cpu s       1.44 sys cpu s       0.25 wall s
INSC SCF_restricted::report_density_difference, diff_eucl =          0.03409403226
TISC SCF_restricted::report_density_difference took      0.03 usr cpu s       0.13 sys cpu s       0.02 wall s
INMA ddf_writeShellListAndDensityMatricesToFile_sparse, n =    222, densityMatrixList[0].nvalues =       24753
INMA opened temporary file 'density.bin.uoOFBz' for writing
INMA Choosing matrixStorageType = MATRIX_STORAGE_TYPE_TRIANGLE.
INMA fileSize =          252744 bytes =      0.253 MegaBytes
INMA renamed file 'density.bin.uoOFBz' to 'density.bin'
INMA ddf_writeShellListAndDensityMatricesToFile_sparse freeing buffer.
INMA ddf_writeShellListAndDensityMatricesToFile_sparse returning OK.
TISC write_density_to_file took      0.01 usr cpu s       0.05 sys cpu s       0.01 wall s
INSC SCF cycle   4 finished.
TISC SCF cycle   4 took    168.88 usr cpu s       2.42 sys cpu s      31.54 wall s
INSC Beginning of SCF cycle 5:  Thu Mar 26 20:02:53 2026
INDE compute_J_by_boxes_sparse() start.
TIDE FileWritable::writeAndReadAll took      0.00 usr cpu s       0.00 sys cpu s       0.00 wall s
INDE writeAndReadAll: '0 MB (1 MatrixGeneral, 0 > 1 MB) + 0 MB (11 MatrixSymmetric, 0 > 1 MB) = 0 MB (12 total, 0 > 1 MB)
IN   compute_J_by_boxes_sparse, maxDensityMatrixElement =          2.08730123616
ININ get_basis_func_pair_list, n =    222
ININ create_box_system end OK, toplevelBoxSize:   7.0, #levels:  3, #boxes at top level:      6
TIIN get_basis_func_pair_list_2el took      0.19 usr cpu s       0.40 sys cpu s       0.13 wall s
IN   compute_J_by_boxes_sparse: noOfBasisFuncIndexPairs = 21264 ==> storing  43.15 % of a full matrix
ININ entering compute_J_by_boxes_linear, no of basis funcs =   222, threshold_J =   1e-12
ININ use_fmm = 1, fmm_box_size =   5.00
TIIN Compute extent for all distrs took      0.27 usr cpu s       0.00 sys cpu s       0.27 wall s
ININ extent_min =    0.000, extent_max =    8.988
ININ Creating list of distributions etc done, distrCount =    208583
TIIN Creating list of distributions etc took      0.40 usr cpu s       0.00 sys cpu s       0.40 wall s
ININ create_box_system end OK, toplevelBoxSize:   5.0, #levels:  3, #boxes at top level:     10
TIIN Creating boxes took      0.02 usr cpu s       0.00 sys cpu s       0.02 wall s
ININ noOfBranches = 4, splitters:   5.00  2.50  0.00
ININ J org done, groupCount =     7861
TIIN J org took      0.83 usr cpu s       0.00 sys cpu s       0.83 wall s
TIIN Generate group multipoles took      0.37 usr cpu s       0.00 sys cpu s       0.37 wall s
ININ totChargeWholeSystem =          0.00000000000
ININ Generating multipole for each branch at top level, MAX_MULTIPOLE_DEGREE = 15
TIIN Translate multipoles (step 1) took      0.27 usr cpu s       0.00 sys cpu s       0.27 wall s
TIIN Translate multipoles (step 2) took      0.07 usr cpu s       0.00 sys cpu s       0.07 wall s
ININ job lists for J created OK, noOfJobs_J_standard =      789, noOfJobs_J_multipole =       62
TIIN Creating job lists for J took      0.00 usr cpu s       0.00 sys cpu s       0.00 wall s
ININ execute_joblist_J_std_threaded, noOfThreads =  8
ININ 8 threads started OK.
ININ all 8 threads have finished.
TIIN execute_joblist_J_std_threaded took     57.92 usr cpu s       0.03 sys cpu s       9.00 wall s
TIIN sort_list_of_multipole_jobs init part took      0.00 usr cpu s       0.00 sys cpu s       0.00 wall s
TIIN sort_list_of_multipole_jobs complete took      0.00 usr cpu s       0.00 sys cpu s       0.00 wall s
TIIN sort_list_of_multipole_jobs took      0.00 usr cpu s       0.00 sys cpu s       0.00 wall s
ININ execute_joblist_J_fmm_shared: Allocating multipoleList_4, maxnoOfMinimalDistrsPerBoxBranch =     49239
ININ execute_joblist_J_fmm_shared: Allocating multipoleList_4, maxnoOfMinimalDistrsPerBoxBranch =     49239
ININ execute_joblist_J_fmm_shared: jobIndexLo =            7, jobIndexHi =           15
ININ execute_joblist_J_fmm_shared: Allocating multipoleList_4, maxnoOfMinimalDistrsPerBoxBranch =     49239
ININ execute_joblist_J_fmm_shared: jobIndexLo =            0, jobIndexHi =            7
ININ execute_joblist_J_fmm_shared: jobIndexLo =           15, jobIndexHi =           23
ININ execute_joblist_J_fmm_shared: Allocating multipoleList_4, maxnoOfMinimalDistrsPerBoxBranch =     49239
ININ execute_joblist_J_fmm_shared: jobIndexLo =           23, jobIndexHi =           31
ININ execute_joblist_J_fmm_shared: Allocating multipoleList_4, maxnoOfMinimalDistrsPerBoxBranch =     49239
ININ execute_joblist_J_fmm_shared: jobIndexLo =           31, jobIndexHi =           38
ININ execute_joblist_J_fmm_shared: Allocating multipoleList_4, maxnoOfMinimalDistrsPerBoxBranch =     49239
ININ execute_joblist_J_fmm_shared: jobIndexLo =           38, jobIndexHi =           46
ININ execute_joblist_J_fmm_shared: Allocating multipoleList_4, maxnoOfMinimalDistrsPerBoxBranch =     49239
ININ execute_joblist_J_fmm_shared: jobIndexLo =           46, jobIndexHi =           54
ININ execute_joblist_J_fmm_shared: Allocating multipoleList_4, maxnoOfMinimalDistrsPerBoxBranch =     49239
ININ execute_joblist_J_fmm_shared: jobIndexLo =           54, jobIndexHi =           62
ININ execute_joblist_J_fmm_shared: done!
ININ execute_joblist_J_fmm_shared: done!
ININ execute_joblist_J_fmm_shared: done!
ININ execute_joblist_J_fmm_shared: done!
ININ execute_joblist_J_fmm_shared: done!
ININ execute_joblist_J_fmm_shared: done!
ININ execute_joblist_J_fmm_shared: done!
ININ execute_joblist_J_fmm_shared: done!
ININ multipole job list for J executed, largest L used: 12
TIIN Executing multipole job list for J took      0.25 usr cpu s       0.00 sys cpu s       0.10 wall s
ININ compute_J_by_boxes_linear ending OK.
TIIN compute_J_by_boxes_linear took     60.15 usr cpu s       0.03 sys cpu s      11.08 wall s
TI   compute_J_by_boxes_sparse total took     60.35 usr cpu s       0.43 sys cpu s      11.21 wall s
ININ entering create_CSR_for_K, no of basis funcs =   222, threshold_K =   1e-12
ININ create_box_system end OK, toplevelBoxSize:   7.0, #levels:  3, #boxes at top level:      6
ININ create_box_system end OK, toplevelBoxSize:   7.0, #levels:  3, #boxes at top level:      6
ININ create_box_system end OK, toplevelBoxSize:   7.0, #levels:  3, #boxes at top level:      6
TIIN create_CSR_for_K getting list of distrs took      0.26 usr cpu s       0.00 sys cpu s       0.26 wall s
ININ list of neighbors complete.
TIIN create_CSR_for_K getting list of neighbors took      0.00 usr cpu s       0.00 sys cpu s       0.00 wall s
TIIN create_CSR_for_K sort each list of neighbors took      0.02 usr cpu s       0.00 sys cpu s       0.02 wall s
ININ 8 threads started OK.
TIIN identify_needed_elements() took     68.95 usr cpu s       0.03 sys cpu s       9.03 wall s
ININ computing nnz..
ININ create_CSR_for_K: predicted nnz =        24753, <->  50.23% of a full matrix
TIIN create_CSR_for_K last part took      0.00 usr cpu s       0.00 sys cpu s       0.00 wall s
TIIN create_CSR_for_K total took     69.23 usr cpu s       0.03 sys cpu s       9.31 wall s
ININ entering compute_K_by_boxes, no of basis funcs =   222, threshold_K =   1e-12, exchange_box_size =   5.00
ININ create_box_system end OK, toplevelBoxSize:   7.0, #levels:  3, #boxes at top level:      6
ININ create_box_system end OK, toplevelBoxSize:   7.0, #levels:  3, #boxes at top level:      6
ININ create_box_system end OK, toplevelBoxSize:   7.0, #levels:  3, #boxes at top level:      6
TIIN Compute extent for all distrs took      0.26 usr cpu s       0.00 sys cpu s       0.26 wall s
ININ Creating list of distributions done, distrCountTot =    208583
TIIN Creating list of distributions took      0.43 usr cpu s       0.00 sys cpu s       0.43 wall s
ININ create_box_system end OK, toplevelBoxSize:   5.0, #levels:  3, #boxes at top level:     10
ININ create_box_system end OK, toplevelBoxSize:   2.5, #levels:  4, #boxes at top level:     16
ININ noOfLevelsBasisFuncs = 4, noOfLevelsDiff = 1
TIIN Creating boxes etc took      0.02 usr cpu s       0.00 sys cpu s       0.02 wall s
TIIN getting multipoleNormVectorList took      0.43 usr cpu s       0.00 sys cpu s       0.43 wall s
TIIN K organize_distributions for all boxes took      0.89 usr cpu s       0.00 sys cpu s       0.89 wall s
ININ starting loop to setup basisFuncGroupInfoList, with added index checks.
TIIN GetLimitsAllLevels took      0.17 usr cpu s       0.00 sys cpu s       0.17 wall s
ININ getDmatLimitMatrixCSRList start.
TIIN getting densityMatrixLimitMatrixList took      0.01 usr cpu s       0.00 sys cpu s       0.01 wall s
ININ job list for K created,       55 jobs
TIIN creating job list for K took      0.00 usr cpu s       0.00 sys cpu s       0.00 wall s
ININ execute_joblist_K_threaded, noOfThreads =  8, basisFuncListCount_max =   207
ININ 8 threads started OK.
ININ all 8 threads have finished, took        8 wall s.
TIIN Executing job list for K took     36.79 usr cpu s       0.02 sys cpu s       7.59 wall s
TIIN compute_K_by_boxes took     38.74 usr cpu s       0.02 sys cpu s       9.54 wall s
TI   compute_K_by_boxes_sparse total took    107.98 usr cpu s       0.05 sys cpu s      18.86 wall s
INSC About to truncate FockMatrix, gap of Fprev >=          0.43279205876
TISC symmMatrix::mixed_diff for F vs Fprev maxEigValMovement_mixed took      0.00 usr cpu s       0.00 sys cpu s       0.00 wall s
TISC symmMatrix::eucl_diff for maxEigValMovement_eucl  took      0.03 usr cpu s       0.14 sys cpu s       0.03 wall s
INSC maxEigValMovement_frob  =          0.10066215478
INSC maxEigValMovement_mixed =          0.07788312882
INSC maxEigValMovement_eucl  =          0.03758485447
TISC FockMatrix.eucl_thresh() (with Z) took      0.04 usr cpu s       0.12 sys cpu s       0.03 wall s
INSC Truncated FockMatrix (eucl with Z), selected threshold = 3.57622e-08, returned error =          0, nnz before = 100.0000 %, nnz after = 100.0000 %
INSC Matrix 'S' ( symm ): n =    222, nnz =        49284 <-> 100.00 %, mem usage  0.0002 G
INSC Matrix 'F' ( symm ): n =    222, nnz =        49284 <-> 100.00 %, mem usage  0.0002 G
INSC Matrix 'D' ( symm ): n =    222, nnz =        49284 <-> 100.00 %, mem usage  0.0002 G
INSC nuclearEnergy, energy_2el, energy = 782.160484, 1007.615209, -644.960890
INSC Energy   5 =       -644.96088955863  ( diff     -0.001542204667430 )
INSC calling compute_FDSminusSDF_sparse, n = 222
INDE compute_FDSminusSDF_sparse() start.
TIDE FileWritable::writeAndReadAll took      0.00 usr cpu s       0.00 sys cpu s       0.00 wall s
INDE writeAndReadAll: '0 MB (1 MatrixGeneral, 0 > 1 MB) + 0 MB (9 MatrixSymmetric, 0 > 1 MB) = 0 MB (10 total, 0 > 1 MB)
TISC compute_FDSminusSDF_sparse, F*D mult took      0.01 usr cpu s       0.02 sys cpu s       0.00 wall s
INSC Matrix 'FD before eucl truncation' (normal): n =    222, nnz =        49284 <-> 100.00 %, mem usage  0.0004 G
INSC Matrix 'FD after  eucl truncation' (normal): n =    222, nnz =        49284 <-> 100.00 %, mem usage  0.0004 G
INSC Matrix 'FDS before eucl truncation' (normal): n =    222, nnz =        49284 <-> 100.00 %, mem usage  0.0004 G
INSC Matrix 'FDS after  eucl truncation' (normal): n =    222, nnz =        49284 <-> 100.00 %, mem usage  0.0004 G
INSC compute_FDSminusSDF_sparse ending OK.
TISC compute_FDSminusSDF_sparse took      0.04 usr cpu s       0.08 sys cpu s       0.01 wall s
INSC Matrix 'FDS-SDF' (normal): n =    222, nnz =        49284 <-> 100.00 %, mem usage  0.0004 G
INSC SCF_restricted::get_FDSminusSDF finished.
TISC get_FDSminusSDF took      0.04 usr cpu s       0.08 sys cpu s       0.01 wall s
INSC maxabs FDS-SDF is  0.00741
INSC frob   FDS-SDF is   0.0549
TISC get_error_measure took      0.00 usr cpu s       0.00 sys cpu s       0.00 wall s
INSC entering DIISManagerRestricted::AddIterationToList, IterCount =  4
INSC DIISManagerRestricted::AddIterationToList ending OK.
TISC DIISManagerRestricted::AddIterationToList took      0.00 usr cpu s       0.00 sys cpu s       0.00 wall s
INSC using DIIS to get combined Fock matrix, number of iters used for DIIS:  5
TISC clear_error_matrices took      0.00 usr cpu s       0.00 sys cpu s       0.00 wall s
TISC save_current_fock_as_fprev took      0.00 usr cpu s       0.00 sys cpu s       0.00 wall s
INDE get_dens_from_fock_general, n = 222, use_diagonalization = 0, use_diag_on_error = 1
INDE Before writeAndReadAll(): AllocatorManager statistics:  noOfRealsPerBuffer: 1024 noOfBuffers: 20000 list.size(): 1. Allocated: 0.164 GB, Used: 0.0044 GB, Peak alloc: 0.164 GB.
TIDE FileWritable::writeAndReadAll took      0.00 usr cpu s       0.00 sys cpu s       0.00 wall s
INDE writeAndReadAll sizesStr: '0 MB (1 MatrixGeneral, 0 > 1 MB) + 0 MB (7 MatrixSymmetric, 0 > 1 MB) = 0 MB (8 total, 0 > 1 MB)
INDE After writeAndReadAll(): AllocatorManager statistics:  noOfRealsPerBuffer: 1024 noOfBuffers: 20000 list.size(): 1. Allocated: 0.164 GB, Used: 0.0044 GB, Peak alloc: 0.164 GB.
INDE calling get_dens_from_fock_sparse, n =    222, subspaceErrorLimit = 1e-06
INDE get_dens_from_fock_sparse() start!
INDE After F.readFromFile(): AllocatorManager statistics:  noOfRealsPerBuffer: 1024 noOfBuffers: 20000 list.size(): 1. Allocated: 0.164 GB, Used: 0.0044 GB, Peak alloc: 0.164 GB.
INDE After creating wrapper MatrixType F_w(F): AllocatorManager statistics:  noOfRealsPerBuffer: 1024 noOfBuffers: 20000 list.size(): 1. Allocated: 0.164 GB, Used: 0.00457 GB, Peak alloc: 0.164 GB.
TIDE  F_w to orthogonal basis took      0.00 usr cpu s       0.02 sys cpu s       0.00 wall s
TIDE MatrixType::mixed_diff for maxEigValMovement_mixed took      0.01 usr cpu s       0.01 sys cpu s       0.00 wall s
TIDE symmMatrixWrap::eucl_diff for maxEigValMovement_eucl  took      0.06 usr cpu s       0.20 sys cpu s       0.03 wall s
INDE maxEigValMovement_frob  =          0.05521679505
INDE maxEigValMovement_mixed =          0.03768622162
INDE maxEigValMovement_eucl  =          0.01706863502
INDE lumo before truncation: [ 0.074364072356 , 0.145632396438 ]
INDE homo before truncation: [ -0.411569229815 , -0.324290716376 ]
INDE Truncate matrix F and update intervals for homo and lumo.
INDE Truncating F_ort ( mixed ), selected threshold = 3.98655e-08
INDE Truncated F_ort ( mixed ), selected threshold = 3.98655e-08, returned error =          0, nnz before = 100.0000 %, nnz after = 100.0000 %
TIDE Truncation of F_ort took      0.00 usr cpu s       0.00 sys cpu s       0.00 wall s
INDE Chosen Ergo Wrapper
INDE Creating purification object: N = 222 , nocc = 47 , NNZ = 49284  <-> 100.00000 %
INDE Chosen norm for the truncation: 
INDE mixed
INDE Chosen norm for the stopping criterion: 
INDE mixed
INDE Chosen the NEW stopping criterion.
INDE Allowed error in subspace 7.000000e-07
INDE Chosen SP2 purification method
INDE calling Puri->PurificationStart(), number of threads = 1, trunc norm 'mixed'
TIDE gershgorin took      0.00 usr cpu s       0.00 sys cpu s       0.00 wall s
INDE Gershgorin bounds: [ -35.722730574661 , 17.121141320755 ]
INDE EXPANDED Gershgorin bounds: [ -35.722730589563 , 17.121141335656 ]
INDE Trying to impove bounds using Lanczos algorithm...
TIDE compute_spectrum_bounds took      0.11 usr cpu s       0.39 sys cpu s       0.07 wall s
INDE Spectrum of F: 	 [ -20.626941083841 , 4.256904195439 ]
INDE Transform homo and lumo bounds...
INDE HOMO bounds of X: 	 [ 0.184103174586 , 0.187610611337 ]
INDE LUMO bounds of X: 	 [ 0.165218508348 , 0.168082548181 ]
INDE INIT LUMO: [ 0.165218508348 , 0.168082548181 ]
INDE INIT HOMO: [ 0.812389388663 , 0.815896825414 ]
INDE ESTIMATED NUMBER OF ITERATIONS IS 28
INDE Put eigenvalues of F to the interval [0,1] in reverse order.
TIDE compute_X() took      0.00 usr cpu s       0.00 sys cpu s       0.00 wall s
TIDE prepare_to_purification() took      0.11 usr cpu s       0.39 sys cpu s       0.07 wall s
INDE (EIGV,PARAMS) Requested 0 occipied eigenpair(s).
INDE (EIGV,PARAMS) Requested 0 unoccipied eigenpair(s).
TIDE prepare_to_purification_eigenvectors() took      0.00 usr cpu s       0.00 sys cpu s       0.00 wall s
INDE Starting recursive expansion
INDE     BEFORE ITERATIONS:
TIDE truncate_matrix took      0.00 usr cpu s       0.00 sys cpu s       0.00 wall s
INDE Actual introduced error   0.000000e+00 : nnz before  49284 <-> 100.00 % , nnz after  49284 <-> 100.00 %
TIDE square took      0.00 usr cpu s       0.01 sys cpu s       0.00 wall s
INDE NNZ Xsq = 49284 <-> 100.00 %
TIDE Frobenius norm of X-X^2 took      0.00 usr cpu s       0.00 sys cpu s       0.00 wall s
TIDE Mixed norm of X-X^2 took      0.00 usr cpu s       0.01 sys cpu s       0.00 wall s
TIDE Trace of X-X^2 took      0.00 usr cpu s       0.00 sys cpu s       0.00 wall s
INDE ||X-X^2||_F = 1.696634e+00 , ||X-X^2||_mixed = 8.698242e-01
INDE trace(X-X^2) = 2.268369e+01
INDE trace(X) = 3.353855e+01
TIDE Iteration 0 took      0.01 usr cpu s       0.02 sys cpu s       0.00 wall s
TIDE FileWritable::writeAndReadAll took      0.00 usr cpu s       0.00 sys cpu s       0.00 wall s
INDE writeAndReadAll sizesStr: '0 MB (1 MatrixGeneral, 0 > 1 MB) + 0 MB (13 MatrixSymmetric, 0 > 1 MB) + 0 MB (2 VectorGeneral, 0 > 1 MB) = 0 MB (16 total, 0 > 1 MB)
INDE     ITERATION 1 :
TIDE purify_X took      0.00 usr cpu s       0.00 sys cpu s       0.00 wall s
TIDE truncate_matrix took      0.00 usr cpu s       0.00 sys cpu s       0.00 wall s
INDE Actual introduced error   0.000000e+00 : nnz before  49284 <-> 100.00 % , nnz after  49284 <-> 100.00 %
TIDE square took      0.00 usr cpu s       0.02 sys cpu s       0.00 wall s
INDE NNZ Xsq = 49284 <-> 100.00 %
TIDE Frobenius norm of X-X^2 took      0.00 usr cpu s       0.00 sys cpu s       0.00 wall s
TIDE Mixed norm of X-X^2 took      0.00 usr cpu s       0.01 sys cpu s       0.00 wall s
TIDE Trace of X-X^2 took      0.00 usr cpu s       0.00 sys cpu s       0.00 wall s
INDE ||X-X^2||_F = 2.453033e+00 , ||X-X^2||_mixed = 1.227634e+00
INDE trace(X-X^2) = 3.419466e+01
INDE trace(X) = 5.622224e+01
TIDE Iteration 1 took      0.01 usr cpu s       0.03 sys cpu s       0.00 wall s
INDE     ITERATION 2 :
TIDE purify_X took      0.00 usr cpu s       0.00 sys cpu s       0.00 wall s
TIDE truncate_matrix took      0.00 usr cpu s       0.00 sys cpu s       0.00 wall s
INDE Actual introduced error   0.000000e+00 : nnz before  49284 <-> 100.00 % , nnz after  49284 <-> 100.00 %
TIDE square took      0.00 usr cpu s       0.02 sys cpu s       0.00 wall s
INDE NNZ Xsq = 49284 <-> 100.00 %
TIDE Frobenius norm of X-X^2 took      0.00 usr cpu s       0.00 sys cpu s       0.00 wall s
TIDE Mixed norm of X-X^2 took      0.01 usr cpu s       0.01 sys cpu s       0.00 wall s
TIDE Trace of X-X^2 took      0.00 usr cpu s       0.00 sys cpu s       0.00 wall s
INDE ||X-X^2||_F = 3.128999e+00 , ||X-X^2||_mixed = 1.495101e+00
INDE trace(X-X^2) = 4.422690e+01
INDE trace(X) = 9.041690e+01
INDE Checking stopping criterion...   
INDE Order of convergence cannot be computed
TIDE stopping_criterion took      0.00 usr cpu s       0.00 sys cpu s       0.00 wall s
TIDE Iteration 2 took      0.01 usr cpu s       0.03 sys cpu s       0.00 wall s
INDE     ITERATION 3 :
TIDE purify_X took      0.00 usr cpu s       0.00 sys cpu s       0.00 wall s
TIDE truncate_matrix took      0.00 usr cpu s       0.00 sys cpu s       0.00 wall s
INDE Actual introduced error   0.000000e+00 : nnz before  49284 <-> 100.00 % , nnz after  49284 <-> 100.00 %
TIDE square took      0.00 usr cpu s       0.01 sys cpu s       0.00 wall s
INDE NNZ Xsq = 49284 <-> 100.00 %
TIDE Frobenius norm of X-X^2 took      0.00 usr cpu s       0.00 sys cpu s       0.00 wall s
TIDE Mixed norm of X-X^2 took      0.00 usr cpu s       0.01 sys cpu s       0.00 wall s
TIDE Trace of X-X^2 took      0.00 usr cpu s       0.00 sys cpu s       0.00 wall s
INDE ||X-X^2||_F = 2.043159e+00 , ||X-X^2||_mixed = 1.140176e+00
INDE trace(X-X^2) = 2.593680e+01
INDE trace(X) = 4.619000e+01
INDE Checking stopping criterion...   
INDE Order of convergence cannot be computed
TIDE stopping_criterion took      0.00 usr cpu s       0.00 sys cpu s       0.00 wall s
TIDE Iteration 3 took      0.01 usr cpu s       0.02 sys cpu s       0.00 wall s
INDE     ITERATION 4 :
TIDE purify_X took      0.00 usr cpu s       0.00 sys cpu s       0.00 wall s
TIDE truncate_matrix took      0.00 usr cpu s       0.00 sys cpu s       0.00 wall s
INDE Actual introduced error   0.000000e+00 : nnz before  49284 <-> 100.00 % , nnz after  49284 <-> 100.00 %
TIDE square took      0.00 usr cpu s       0.01 sys cpu s       0.00 wall s
INDE NNZ Xsq = 49284 <-> 100.00 %
TIDE Frobenius norm of X-X^2 took      0.00 usr cpu s       0.00 sys cpu s       0.00 wall s
TIDE Mixed norm of X-X^2 took      0.00 usr cpu s       0.01 sys cpu s       0.00 wall s
TIDE Trace of X-X^2 took      0.00 usr cpu s       0.00 sys cpu s       0.00 wall s
INDE ||X-X^2||_F = 2.694473e+00 , ||X-X^2||_mixed = 1.437019e+00
INDE trace(X-X^2) = 3.563807e+01
INDE trace(X) = 7.212680e+01
INDE Checking stopping criterion...   
INDE Order of convergence cannot be computed
TIDE stopping_criterion took      0.00 usr cpu s       0.00 sys cpu s       0.00 wall s
TIDE Iteration 4 took      0.01 usr cpu s       0.03 sys cpu s       0.00 wall s
INDE     ITERATION 5 :
TIDE purify_X took      0.00 usr cpu s       0.00 sys cpu s       0.00 wall s
TIDE truncate_matrix took      0.00 usr cpu s       0.00 sys cpu s       0.00 wall s
INDE Actual introduced error   0.000000e+00 : nnz before  49284 <-> 100.00 % , nnz after  49284 <-> 100.00 %
TIDE square took      0.01 usr cpu s       0.00 sys cpu s       0.00 wall s
INDE NNZ Xsq = 49284 <-> 100.00 %
TIDE Frobenius norm of X-X^2 took      0.00 usr cpu s       0.00 sys cpu s       0.00 wall s
TIDE Mixed norm of X-X^2 took      0.00 usr cpu s       0.01 sys cpu s       0.00 wall s
TIDE Trace of X-X^2 took      0.00 usr cpu s       0.00 sys cpu s       0.00 wall s
INDE ||X-X^2||_F = 2.829853e+00 , ||X-X^2||_mixed = 1.489654e+00
INDE trace(X-X^2) = 3.867566e+01
INDE trace(X) = 1.077649e+02
INDE Checking stopping criterion...   
INDE Order of convergence cannot be computed
TIDE stopping_criterion took      0.00 usr cpu s       0.00 sys cpu s       0.00 wall s
TIDE Iteration 5 took      0.02 usr cpu s       0.02 sys cpu s       0.00 wall s
INDE     ITERATION 6 :
TIDE purify_X took      0.00 usr cpu s       0.00 sys cpu s       0.00 wall s
TIDE truncate_matrix took      0.00 usr cpu s       0.00 sys cpu s       0.00 wall s
INDE Actual introduced error   0.000000e+00 : nnz before  49284 <-> 100.00 % , nnz after  49284 <-> 100.00 %
TIDE square took      0.01 usr cpu s       0.01 sys cpu s       0.00 wall s
INDE NNZ Xsq = 49284 <-> 100.00 %
TIDE Frobenius norm of X-X^2 took      0.00 usr cpu s       0.00 sys cpu s       0.00 wall s
TIDE Mixed norm of X-X^2 took      0.00 usr cpu s       0.01 sys cpu s       0.00 wall s
TIDE Trace of X-X^2 took      0.00 usr cpu s       0.00 sys cpu s       0.00 wall s
INDE ||X-X^2||_F = 2.431769e+00 , ||X-X^2||_mixed = 1.395218e+00
INDE trace(X-X^2) = 2.988496e+01
INDE trace(X) = 6.908921e+01
INDE Checking stopping criterion...   
INDE Order of convergence cannot be computed
TIDE stopping_criterion took      0.00 usr cpu s       0.00 sys cpu s       0.00 wall s
TIDE Iteration 6 took      0.01 usr cpu s       0.02 sys cpu s       0.00 wall s
INDE     ITERATION 7 :
TIDE purify_X took      0.00 usr cpu s       0.00 sys cpu s       0.00 wall s
TIDE truncate_matrix took      0.00 usr cpu s       0.00 sys cpu s       0.00 wall s
INDE Actual introduced error   0.000000e+00 : nnz before  49284 <-> 100.00 % , nnz after  49284 <-> 100.00 %
TIDE square took      0.01 usr cpu s       0.01 sys cpu s       0.00 wall s
INDE NNZ Xsq = 49284 <-> 100.00 %
TIDE Frobenius norm of X-X^2 took      0.00 usr cpu s       0.00 sys cpu s       0.00 wall s
TIDE Mixed norm of X-X^2 took      0.01 usr cpu s       0.01 sys cpu s       0.00 wall s
TIDE Trace of X-X^2 took      0.00 usr cpu s       0.00 sys cpu s       0.00 wall s
INDE ||X-X^2||_F = 1.752361e+00 , ||X-X^2||_mixed = 1.119137e+00
INDE trace(X-X^2) = 1.729950e+01
INDE trace(X) = 3.920425e+01
INDE Checking stopping criterion...   
INDE Order of convergence cannot be computed
TIDE stopping_criterion took      0.00 usr cpu s       0.00 sys cpu s       0.00 wall s
TIDE Iteration 7 took      0.02 usr cpu s       0.01 sys cpu s       0.00 wall s
INDE     ITERATION 8 :
TIDE purify_X took      0.00 usr cpu s       0.00 sys cpu s       0.00 wall s
TIDE truncate_matrix took      0.00 usr cpu s       0.00 sys cpu s       0.00 wall s
INDE Actual introduced error   0.000000e+00 : nnz before  49284 <-> 100.00 % , nnz after  49284 <-> 100.00 %
TIDE square took      0.00 usr cpu s       0.01 sys cpu s       0.00 wall s
INDE NNZ Xsq = 49284 <-> 100.00 %
TIDE Frobenius norm of X-X^2 took      0.00 usr cpu s       0.00 sys cpu s       0.00 wall s
TIDE Mixed norm of X-X^2 took      0.01 usr cpu s       0.01 sys cpu s       0.00 wall s
TIDE Trace of X-X^2 took      0.00 usr cpu s       0.00 sys cpu s       0.00 wall s
INDE ||X-X^2||_F = 1.979084e+00 , ||X-X^2||_mixed = 1.220678e+00
INDE trace(X-X^2) = 2.136044e+01
INDE trace(X) = 5.650375e+01
INDE Checking stopping criterion...   
INDE Order of convergence cannot be computed
TIDE stopping_criterion took      0.00 usr cpu s       0.00 sys cpu s       0.00 wall s
TIDE Iteration 8 took      0.01 usr cpu s       0.02 sys cpu s       0.00 wall s
INDE     ITERATION 9 :
TIDE purify_X took      0.00 usr cpu s       0.00 sys cpu s       0.00 wall s
TIDE truncate_matrix took      0.00 usr cpu s       0.00 sys cpu s       0.00 wall s
INDE Actual introduced error   0.000000e+00 : nnz before  49284 <-> 100.00 % , nnz after  49284 <-> 100.00 %
TIDE square took      0.01 usr cpu s       0.01 sys cpu s       0.00 wall s
INDE NNZ Xsq = 49284 <-> 100.00 %
TIDE Frobenius norm of X-X^2 took      0.00 usr cpu s       0.00 sys cpu s       0.00 wall s
TIDE Mixed norm of X-X^2 took      0.00 usr cpu s       0.01 sys cpu s       0.00 wall s
TIDE Trace of X-X^2 took      0.00 usr cpu s       0.00 sys cpu s       0.00 wall s
INDE ||X-X^2||_F = 1.539907e+00 , ||X-X^2||_mixed = 1.043589e+00
INDE trace(X-X^2) = 1.273410e+01
INDE trace(X) = 3.514331e+01
INDE Checking stopping criterion...   
INDE Order of convergence cannot be computed
TIDE stopping_criterion took      0.00 usr cpu s       0.00 sys cpu s       0.00 wall s
TIDE Iteration 9 took      0.01 usr cpu s       0.02 sys cpu s       0.00 wall s
INDE     ITERATION 10 :
TIDE purify_X took      0.00 usr cpu s       0.00 sys cpu s       0.00 wall s
TIDE truncate_matrix took      0.00 usr cpu s       0.00 sys cpu s       0.00 wall s
INDE Actual introduced error   0.000000e+00 : nnz before  49284 <-> 100.00 % , nnz after  49284 <-> 100.00 %
TIDE square took      0.00 usr cpu s       0.01 sys cpu s       0.00 wall s
INDE NNZ Xsq = 49284 <-> 100.00 %
TIDE Frobenius norm of X-X^2 took      0.00 usr cpu s       0.00 sys cpu s       0.00 wall s
TIDE Mixed norm of X-X^2 took      0.00 usr cpu s       0.01 sys cpu s       0.00 wall s
TIDE Trace of X-X^2 took      0.00 usr cpu s       0.00 sys cpu s       0.00 wall s
INDE ||X-X^2||_F = 1.535723e+00 , ||X-X^2||_mixed = 1.008660e+00
INDE trace(X-X^2) = 1.407866e+01
INDE trace(X) = 4.787741e+01
INDE Checking stopping criterion...   
INDE Order of convergence cannot be computed
TIDE stopping_criterion took      0.00 usr cpu s       0.00 sys cpu s       0.00 wall s
TIDE Iteration 10 took      0.01 usr cpu s       0.02 sys cpu s       0.00 wall s
INDE     ITERATION 11 :
TIDE purify_X took      0.00 usr cpu s       0.00 sys cpu s       0.00 wall s
TIDE truncate_matrix took      0.00 usr cpu s       0.00 sys cpu s       0.00 wall s
INDE Actual introduced error   0.000000e+00 : nnz before  49284 <-> 100.00 % , nnz after  49284 <-> 100.00 %
TIDE square took      0.00 usr cpu s       0.01 sys cpu s       0.00 wall s
INDE NNZ Xsq = 49284 <-> 100.00 %
TIDE Frobenius norm of X-X^2 took      0.00 usr cpu s       0.00 sys cpu s       0.00 wall s
TIDE Mixed norm of X-X^2 took      0.00 usr cpu s       0.01 sys cpu s       0.00 wall s
TIDE Trace of X-X^2 took      0.00 usr cpu s       0.00 sys cpu s       0.00 wall s
INDE ||X-X^2||_F = 1.525456e+00 , ||X-X^2||_mixed = 1.055067e+00
INDE trace(X-X^2) = 1.394334e+01
INDE trace(X) = 6.195607e+01
INDE Checking stopping criterion...   
INDE Order of convergence cannot be computed
TIDE stopping_criterion took      0.00 usr cpu s       0.00 sys cpu s       0.00 wall s
TIDE Iteration 11 took      0.01 usr cpu s       0.03 sys cpu s       0.00 wall s
INDE     ITERATION 12 :
TIDE purify_X took      0.00 usr cpu s       0.00 sys cpu s       0.00 wall s
TIDE truncate_matrix took      0.00 usr cpu s       0.00 sys cpu s       0.00 wall s
INDE Actual introduced error   0.000000e+00 : nnz before  49284 <-> 100.00 % , nnz after  49284 <-> 100.00 %
TIDE square took      0.00 usr cpu s       0.01 sys cpu s       0.00 wall s
INDE NNZ Xsq = 49284 <-> 100.00 %
TIDE Frobenius norm of X-X^2 took      0.00 usr cpu s       0.00 sys cpu s       0.00 wall s
TIDE Mixed norm of X-X^2 took      0.00 usr cpu s       0.01 sys cpu s       0.00 wall s
TIDE Trace of X-X^2 took      0.00 usr cpu s       0.00 sys cpu s       0.00 wall s
INDE ||X-X^2||_F = 1.135192e+00 , ||X-X^2||_mixed = 7.829943e-01
INDE trace(X-X^2) = 8.882873e+00
INDE trace(X) = 4.801273e+01
INDE Checking stopping criterion...   
INDE Order of convergence cannot be computed
TIDE stopping_criterion took      0.00 usr cpu s       0.00 sys cpu s       0.00 wall s
TIDE Iteration 12 took      0.01 usr cpu s       0.03 sys cpu s       0.00 wall s
INDE     ITERATION 13 :
TIDE purify_X took      0.00 usr cpu s       0.00 sys cpu s       0.00 wall s
TIDE truncate_matrix took      0.00 usr cpu s       0.00 sys cpu s       0.00 wall s
INDE Actual introduced error   0.000000e+00 : nnz before  49284 <-> 100.00 % , nnz after  49284 <-> 100.00 %
TIDE square took      0.00 usr cpu s       0.02 sys cpu s       0.00 wall s
INDE NNZ Xsq = 49284 <-> 100.00 %
TIDE Frobenius norm of X-X^2 took      0.00 usr cpu s       0.00 sys cpu s       0.00 wall s
TIDE Mixed norm of X-X^2 took      0.01 usr cpu s       0.00 sys cpu s       0.00 wall s
TIDE Trace of X-X^2 took      0.00 usr cpu s       0.00 sys cpu s       0.00 wall s
INDE ||X-X^2||_F = 1.136064e+00 , ||X-X^2||_mixed = 8.309381e-01
INDE trace(X-X^2) = 7.037833e+00
INDE trace(X) = 3.912986e+01
INDE Checking stopping criterion...   
INDE Order of convergence cannot be computed
TIDE stopping_criterion took      0.00 usr cpu s       0.00 sys cpu s       0.00 wall s
TIDE Iteration 13 took      0.01 usr cpu s       0.02 sys cpu s       0.00 wall s
INDE     ITERATION 14 :
TIDE purify_X took      0.00 usr cpu s       0.00 sys cpu s       0.00 wall s
TIDE truncate_matrix took      0.00 usr cpu s       0.00 sys cpu s       0.00 wall s
INDE Actual introduced error   0.000000e+00 : nnz before  49284 <-> 100.00 % , nnz after  49284 <-> 100.00 %
TIDE square took      0.00 usr cpu s       0.02 sys cpu s       0.00 wall s
INDE NNZ Xsq = 49284 <-> 100.00 %
TIDE Frobenius norm of X-X^2 took      0.00 usr cpu s       0.00 sys cpu s       0.00 wall s
TIDE Mixed norm of X-X^2 took      0.00 usr cpu s       0.01 sys cpu s       0.00 wall s
TIDE Trace of X-X^2 took      0.00 usr cpu s       0.00 sys cpu s       0.00 wall s
INDE ||X-X^2||_F = 7.340235e-01 , ||X-X^2||_mixed = 5.411558e-01
INDE trace(X-X^2) = 4.670000e+00
INDE trace(X) = 4.616769e+01
INDE Checking stopping criterion...   
INDE e_i =5.411558e-01, C*e_{i-1}^q = 4.222405e+00
INDE Order of convergence = 10.398211, stop = 0
TIDE stopping_criterion took      0.00 usr cpu s       0.00 sys cpu s       0.00 wall s
TIDE Iteration 14 took      0.00 usr cpu s       0.03 sys cpu s       0.00 wall s
INDE     ITERATION 15 :
TIDE purify_X took      0.00 usr cpu s       0.00 sys cpu s       0.00 wall s
TIDE truncate_matrix took      0.00 usr cpu s       0.00 sys cpu s       0.00 wall s
INDE Actual introduced error   0.000000e+00 : nnz before  49284 <-> 100.00 % , nnz after  49284 <-> 100.00 %
TIDE square took      0.00 usr cpu s       0.01 sys cpu s       0.00 wall s
INDE NNZ Xsq = 49284 <-> 100.00 %
TIDE Frobenius norm of X-X^2 took      0.00 usr cpu s       0.00 sys cpu s       0.00 wall s
TIDE Mixed norm of X-X^2 took      0.01 usr cpu s       0.01 sys cpu s       0.00 wall s
TIDE Trace of X-X^2 took      0.00 usr cpu s       0.00 sys cpu s       0.00 wall s
INDE ||X-X^2||_F = 7.313349e-01 , ||X-X^2||_mixed = 5.528225e-01
INDE trace(X-X^2) = 3.797072e+00
INDE trace(X) = 5.083769e+01
INDE Checking stopping criterion...   
INDE Order of convergence cannot be computed
TIDE stopping_criterion took      0.00 usr cpu s       0.00 sys cpu s       0.00 wall s
TIDE Iteration 15 took      0.01 usr cpu s       0.02 sys cpu s       0.00 wall s
INDE     ITERATION 16 :
TIDE purify_X took      0.00 usr cpu s       0.00 sys cpu s       0.00 wall s
TIDE truncate_matrix took      0.00 usr cpu s       0.00 sys cpu s       0.00 wall s
INDE Actual introduced error   0.000000e+00 : nnz before  49284 <-> 100.00 % , nnz after  49284 <-> 100.00 %
TIDE square took      0.00 usr cpu s       0.02 sys cpu s       0.00 wall s
INDE NNZ Xsq = 49284 <-> 100.00 %
TIDE Frobenius norm of X-X^2 took      0.00 usr cpu s       0.00 sys cpu s       0.00 wall s
TIDE Mixed norm of X-X^2 took      0.00 usr cpu s       0.01 sys cpu s       0.00 wall s
TIDE Trace of X-X^2 took      0.00 usr cpu s       0.00 sys cpu s       0.00 wall s
INDE ||X-X^2||_F = 3.733389e-01 , ||X-X^2||_mixed = 3.049888e-01
INDE trace(X-X^2) = 1.817835e+00
INDE trace(X) = 4.704062e+01
INDE Checking stopping criterion...   
INDE e_i =3.049888e-01, C*e_{i-1}^q = 2.016913e+00
INDE Order of convergence = 5.076385, stop = 0
TIDE stopping_criterion took      0.00 usr cpu s       0.00 sys cpu s       0.00 wall s
TIDE Iteration 16 took      0.00 usr cpu s       0.03 sys cpu s       0.00 wall s
INDE     ITERATION 17 :
TIDE purify_X took      0.00 usr cpu s       0.00 sys cpu s       0.00 wall s
TIDE truncate_matrix took      0.00 usr cpu s       0.00 sys cpu s       0.00 wall s
INDE Actual introduced error   0.000000e+00 : nnz before  49284 <-> 100.00 % , nnz after  49284 <-> 100.00 %
TIDE square took      0.00 usr cpu s       0.01 sys cpu s       0.00 wall s
INDE NNZ Xsq = 49284 <-> 100.00 %
TIDE Frobenius norm of X-X^2 took      0.00 usr cpu s       0.00 sys cpu s       0.00 wall s
TIDE Mixed norm of X-X^2 took      0.00 usr cpu s       0.01 sys cpu s       0.00 wall s
TIDE Trace of X-X^2 took      0.00 usr cpu s       0.00 sys cpu s       0.00 wall s
INDE ||X-X^2||_F = 4.259604e-01 , ||X-X^2||_mixed = 3.689728e-01
INDE trace(X-X^2) = 1.689706e+00
INDE trace(X) = 4.522278e+01
INDE Checking stopping criterion...   
INDE Order of convergence cannot be computed
TIDE stopping_criterion took      0.00 usr cpu s       0.00 sys cpu s       0.00 wall s
TIDE Iteration 17 took      0.01 usr cpu s       0.03 sys cpu s       0.00 wall s
INDE     ITERATION 18 :
TIDE purify_X took      0.00 usr cpu s       0.00 sys cpu s       0.00 wall s
TIDE truncate_matrix took      0.00 usr cpu s       0.00 sys cpu s       0.00 wall s
INDE Actual introduced error   0.000000e+00 : nnz before  49284 <-> 100.00 % , nnz after  49284 <-> 100.00 %
TIDE square took      0.00 usr cpu s       0.01 sys cpu s       0.00 wall s
INDE NNZ Xsq = 49284 <-> 100.00 %
TIDE Frobenius norm of X-X^2 took      0.00 usr cpu s       0.00 sys cpu s       0.00 wall s
TIDE Mixed norm of X-X^2 took      0.00 usr cpu s       0.01 sys cpu s       0.00 wall s
TIDE Trace of X-X^2 took      0.00 usr cpu s       0.00 sys cpu s       0.00 wall s
INDE ||X-X^2||_F = 1.460074e-01 , ||X-X^2||_mixed = 1.343239e-01
INDE trace(X-X^2) = 4.653875e-01
INDE trace(X) = 4.691249e+01
INDE Checking stopping criterion...   
INDE e_i =1.343239e-01, C*e_{i-1}^q = 6.406345e-01
INDE Order of convergence = 3.315563, stop = 0
TIDE stopping_criterion took      0.00 usr cpu s       0.00 sys cpu s       0.00 wall s
TIDE Iteration 18 took      0.01 usr cpu s       0.03 sys cpu s       0.00 wall s
INDE     ITERATION 19 :
TIDE purify_X took      0.00 usr cpu s       0.00 sys cpu s       0.00 wall s
TIDE truncate_matrix took      0.00 usr cpu s       0.00 sys cpu s       0.00 wall s
INDE Actual introduced error   0.000000e+00 : nnz before  49284 <-> 100.00 % , nnz after  49284 <-> 100.00 %
TIDE square took      0.01 usr cpu s       0.01 sys cpu s       0.00 wall s
INDE NNZ Xsq = 49284 <-> 100.00 %
TIDE Frobenius norm of X-X^2 took      0.00 usr cpu s       0.00 sys cpu s       0.00 wall s
TIDE Mixed norm of X-X^2 took      0.00 usr cpu s       0.01 sys cpu s       0.00 wall s
TIDE Trace of X-X^2 took      0.00 usr cpu s       0.00 sys cpu s       0.00 wall s
INDE ||X-X^2||_F = 1.606853e-01 , ||X-X^2||_mixed = 1.523873e-01
INDE trace(X-X^2) = 3.768174e-01
INDE trace(X) = 4.737788e+01
INDE Checking stopping criterion...   
INDE Order of convergence cannot be computed
TIDE stopping_criterion took      0.00 usr cpu s       0.00 sys cpu s       0.00 wall s
TIDE Iteration 19 took      0.02 usr cpu s       0.01 sys cpu s       0.00 wall s
INDE     ITERATION 20 :
TIDE purify_X took      0.00 usr cpu s       0.00 sys cpu s       0.00 wall s
TIDE truncate_matrix took      0.00 usr cpu s       0.00 sys cpu s       0.00 wall s
INDE Actual introduced error   0.000000e+00 : nnz before  49284 <-> 100.00 % , nnz after  49284 <-> 100.00 %
TIDE square took      0.01 usr cpu s       0.01 sys cpu s       0.00 wall s
INDE NNZ Xsq = 49284 <-> 100.00 %
TIDE Frobenius norm of X-X^2 took      0.00 usr cpu s       0.00 sys cpu s       0.00 wall s
TIDE Mixed norm of X-X^2 took      0.00 usr cpu s       0.01 sys cpu s       0.00 wall s
TIDE Trace of X-X^2 took      0.00 usr cpu s       0.00 sys cpu s       0.00 wall s
INDE ||X-X^2||_F = 2.962403e-02 , ||X-X^2||_mixed = 2.831882e-02
INDE trace(X-X^2) = 6.382942e-02
INDE trace(X) = 4.700106e+01
INDE Checking stopping criterion...   
INDE e_i =2.831882e-02, C*e_{i-1}^q = 1.242651e-01
INDE Order of convergence = 2.736682, stop = 0
TIDE stopping_criterion took      0.00 usr cpu s       0.00 sys cpu s       0.00 wall s
TIDE Iteration 20 took      0.01 usr cpu s       0.02 sys cpu s       0.00 wall s
INDE     ITERATION 21 :
TIDE purify_X took      0.00 usr cpu s       0.00 sys cpu s       0.00 wall s
TIDE truncate_matrix took      0.00 usr cpu s       0.00 sys cpu s       0.00 wall s
INDE Actual introduced error   0.000000e+00 : nnz before  49284 <-> 100.00 % , nnz after  49284 <-> 100.00 %
TIDE square took      0.00 usr cpu s       0.02 sys cpu s       0.00 wall s
INDE NNZ Xsq = 49284 <-> 100.00 %
TIDE Frobenius norm of X-X^2 took      0.00 usr cpu s       0.00 sys cpu s       0.00 wall s
TIDE Mixed norm of X-X^2 took      0.01 usr cpu s       0.01 sys cpu s       0.00 wall s
TIDE Trace of X-X^2 took      0.00 usr cpu s       0.00 sys cpu s       0.00 wall s
INDE ||X-X^2||_F = 3.906954e-02 , ||X-X^2||_mixed = 3.894392e-02
INDE trace(X-X^2) = 6.214782e-02
INDE trace(X) = 4.693723e+01
INDE Checking stopping criterion...   
INDE Order of convergence cannot be computed
TIDE stopping_criterion took      0.00 usr cpu s       0.00 sys cpu s       0.00 wall s
TIDE Iteration 21 took      0.01 usr cpu s       0.03 sys cpu s       0.00 wall s
INDE     ITERATION 22 :
TIDE purify_X took      0.00 usr cpu s       0.00 sys cpu s       0.00 wall s
TIDE truncate_matrix took      0.00 usr cpu s       0.00 sys cpu s       0.00 wall s
INDE Actual introduced error   0.000000e+00 : nnz before  49284 <-> 100.00 % , nnz after  49284 <-> 100.00 %
TIDE square took      0.01 usr cpu s       0.01 sys cpu s       0.00 wall s
INDE NNZ Xsq = 49284 <-> 100.00 %
TIDE Frobenius norm of X-X^2 took      0.00 usr cpu s       0.00 sys cpu s       0.00 wall s
TIDE Mixed norm of X-X^2 took      0.00 usr cpu s       0.01 sys cpu s       0.00 wall s
TIDE Trace of X-X^2 took      0.00 usr cpu s       0.00 sys cpu s       0.00 wall s
INDE ||X-X^2||_F = 1.460103e-03 , ||X-X^2||_mixed = 1.413602e-03
INDE trace(X-X^2) = 2.611075e-03
INDE trace(X) = 4.699938e+01
INDE Checking stopping criterion...   
INDE e_i =1.413602e-03, C*e_{i-1}^q = 5.523227e-03
INDE Order of convergence = 2.382361, stop = 0
TIDE stopping_criterion took      0.00 usr cpu s       0.00 sys cpu s       0.00 wall s
TIDE Iteration 22 took      0.01 usr cpu s       0.03 sys cpu s       0.00 wall s
INDE     ITERATION 23 :
TIDE purify_X took      0.00 usr cpu s       0.00 sys cpu s       0.00 wall s
TIDE truncate_matrix took      0.00 usr cpu s       0.00 sys cpu s       0.00 wall s
INDE Actual introduced error   0.000000e+00 : nnz before  49284 <-> 100.00 % , nnz after  49284 <-> 100.00 %
TIDE square took      0.00 usr cpu s       0.01 sys cpu s       0.00 wall s
INDE NNZ Xsq = 49284 <-> 100.00 %
TIDE Frobenius norm of X-X^2 took      0.00 usr cpu s       0.00 sys cpu s       0.00 wall s
TIDE Mixed norm of X-X^2 took      0.00 usr cpu s       0.01 sys cpu s       0.00 wall s
TIDE Trace of X-X^2 took      0.00 usr cpu s       0.00 sys cpu s       0.00 wall s
INDE ||X-X^2||_F = 1.729163e-03 , ||X-X^2||_mixed = 1.728234e-03
INDE trace(X-X^2) = 1.987025e-03
INDE trace(X) = 4.700199e+01
INDE Checking stopping criterion...   
INDE Order of convergence cannot be computed
TIDE stopping_criterion took      0.00 usr cpu s       0.00 sys cpu s       0.00 wall s
TIDE Iteration 23 took      0.00 usr cpu s       0.03 sys cpu s       0.00 wall s
INDE     ITERATION 24 :
TIDE purify_X took      0.00 usr cpu s       0.00 sys cpu s       0.00 wall s
TIDE truncate_matrix took      0.00 usr cpu s       0.00 sys cpu s       0.00 wall s
INDE Actual introduced error   0.000000e+00 : nnz before  49284 <-> 100.00 % , nnz after  49284 <-> 100.00 %
TIDE square took      0.01 usr cpu s       0.01 sys cpu s       0.00 wall s
INDE NNZ Xsq = 49284 <-> 100.00 %
TIDE Frobenius norm of X-X^2 took      0.00 usr cpu s       0.00 sys cpu s       0.00 wall s
TIDE Mixed norm of X-X^2 took      0.00 usr cpu s       0.01 sys cpu s       0.00 wall s
TIDE Trace of X-X^2 took      0.00 usr cpu s       0.00 sys cpu s       0.00 wall s
INDE ||X-X^2||_F = 3.666540e-06 , ||X-X^2||_mixed = 3.550482e-06
INDE trace(X-X^2) = 5.770151e-06
INDE trace(X) = 4.700000e+01
INDE Checking stopping criterion...   
INDE e_i =3.550482e-06, C*e_{i-1}^q = 1.376249e-05
INDE Order of convergence = 2.206483, stop = 0
TIDE stopping_criterion took      0.00 usr cpu s       0.00 sys cpu s       0.00 wall s
TIDE Iteration 24 took      0.01 usr cpu s       0.02 sys cpu s       0.00 wall s
INDE     ITERATION 25 :
TIDE purify_X took      0.00 usr cpu s       0.00 sys cpu s       0.00 wall s
TIDE truncate_matrix took      0.00 usr cpu s       0.00 sys cpu s       0.00 wall s
INDE Actual introduced error   0.000000e+00 : nnz before  49284 <-> 100.00 % , nnz after  49284 <-> 100.00 %
TIDE square took      0.00 usr cpu s       0.02 sys cpu s       0.00 wall s
INDE NNZ Xsq = 49284 <-> 100.00 %
TIDE Frobenius norm of X-X^2 took      0.00 usr cpu s       0.00 sys cpu s       0.00 wall s
TIDE Mixed norm of X-X^2 took      0.00 usr cpu s       0.01 sys cpu s       0.00 wall s
TIDE Trace of X-X^2 took      0.00 usr cpu s       0.00 sys cpu s       0.00 wall s
INDE ||X-X^2||_F = 4.380626e-06 , ||X-X^2||_mixed = 4.377005e-06
INDE trace(X-X^2) = 5.540100e-06
INDE trace(X) = 4.699999e+01
INDE Checking stopping criterion...   
INDE Order of convergence cannot be computed
TIDE stopping_criterion took      0.00 usr cpu s       0.00 sys cpu s       0.00 wall s
TIDE Iteration 25 took      0.00 usr cpu s       0.03 sys cpu s       0.00 wall s
INDE     ITERATION 26 :
TIDE purify_X took      0.00 usr cpu s       0.00 sys cpu s       0.00 wall s
TIDE truncate_matrix took      0.00 usr cpu s       0.00 sys cpu s       0.00 wall s
INDE Actual introduced error   0.000000e+00 : nnz before  49284 <-> 100.00 % , nnz after  49284 <-> 100.00 %
TIDE square took      0.01 usr cpu s       0.01 sys cpu s       0.00 wall s
INDE NNZ Xsq = 49284 <-> 100.00 %
TIDE Frobenius norm of X-X^2 took      0.00 usr cpu s       0.00 sys cpu s       0.00 wall s
TIDE Mixed norm of X-X^2 took      0.00 usr cpu s       0.01 sys cpu s       0.00 wall s
TIDE Trace of X-X^2 took      0.00 usr cpu s       0.00 sys cpu s       0.00 wall s
INDE ||X-X^2||_F = 2.451317e-11 , ||X-X^2||_mixed = 2.371794e-11
INDE trace(X-X^2) = 3.648637e-11
INDE trace(X) = 4.700000e+01
INDE Checking stopping criterion...   
INDE e_i =2.371794e-11, C*e_{i-1}^q = 8.681951e-11
INDE Order of convergence = 2.103407, stop = 0
TIDE stopping_criterion took      0.00 usr cpu s       0.00 sys cpu s       0.00 wall s
TIDE Iteration 26 took      0.01 usr cpu s       0.02 sys cpu s       0.00 wall s
INDE     ITERATION 27 :
TIDE purify_X took      0.00 usr cpu s       0.00 sys cpu s       0.00 wall s
TIDE truncate_matrix took      0.00 usr cpu s       0.00 sys cpu s       0.00 wall s
INDE Actual introduced error   0.000000e+00 : nnz before  49284 <-> 100.00 % , nnz after  49284 <-> 100.00 %
TIDE square took      0.01 usr cpu s       0.01 sys cpu s       0.00 wall s
INDE NNZ Xsq = 49284 <-> 100.00 %
TIDE Frobenius norm of X-X^2 took      0.00 usr cpu s       0.00 sys cpu s       0.00 wall s
TIDE Mixed norm of X-X^2 took      0.00 usr cpu s       0.01 sys cpu s       0.00 wall s
TIDE Trace of X-X^2 took      0.00 usr cpu s       0.00 sys cpu s       0.00 wall s
INDE ||X-X^2||_F = 3.456992e-11 , ||X-X^2||_mixed = 3.456992e-11
INDE trace(X-X^2) = 3.457501e-11
INDE trace(X) = 4.700000e+01
INDE Checking stopping criterion...   
INDE Order of convergence cannot be computed
TIDE stopping_criterion took      0.00 usr cpu s       0.00 sys cpu s       0.00 wall s
TIDE Iteration 27 took      0.01 usr cpu s       0.02 sys cpu s       0.00 wall s
INDE     ITERATION 28 :
TIDE purify_X took      0.00 usr cpu s       0.00 sys cpu s       0.00 wall s
TIDE truncate_matrix took      0.00 usr cpu s       0.00 sys cpu s       0.00 wall s
INDE Actual introduced error   0.000000e+00 : nnz before  49284 <-> 100.00 % , nnz after  49284 <-> 100.00 %
TIDE square took      0.00 usr cpu s       0.01 sys cpu s       0.00 wall s
INDE NNZ Xsq = 49284 <-> 100.00 %
TIDE Frobenius norm of X-X^2 took      0.00 usr cpu s       0.00 sys cpu s       0.00 wall s
TIDE Mixed norm of X-X^2 took      0.00 usr cpu s       0.00 sys cpu s       0.00 wall s
TIDE Trace of X-X^2 took      0.00 usr cpu s       0.00 sys cpu s       0.00 wall s
INDE ||X-X^2||_F = 2.221333e-15 , ||X-X^2||_mixed = 0.000000e+00
INDE trace(X-X^2) = -7.105427e-15
INDE trace(X) = 4.700000e+01
INDE Checking stopping criterion...   
INDE ************************************************************************************************************
INDE The norm value went much below machine precision, therefore we stop here since n_max can be underestimated.
INDE ************************************************************************************************************
INDE e_i =0.000000e+00, C*e_{i-1}^q = 3.874331e-21
INDE Order of convergence = inf, stop = 1
TIDE stopping_criterion took      0.00 usr cpu s       0.00 sys cpu s       0.00 wall s
INDE PURIFICATION CONVERGED after 28 iterations
TIDE Iteration 28 took      0.01 usr cpu s       0.02 sys cpu s       0.00 wall s
INDE Number of non-zeros in D is  49284 <-> 100.00 %
TIDE FileWritable::writeAndReadAll took      0.00 usr cpu s       0.00 sys cpu s       0.00 wall s
INDE writeAndReadAll sizesStr: '0 MB (1 MatrixGeneral, 0 > 1 MB) + 0 MB (13 MatrixSymmetric, 0 > 1 MB) + 0 MB (2 VectorGeneral, 0 > 1 MB) = 0 MB (16 total, 0 > 1 MB)
INDE TOTAL accumulated subspace error is 0.000000e+00
INDE TOTAL X square time: 0.062272 wall s
INDE TOTAL X trunction time: 0.003361 wall s
INDE TOTAL X purify (exl. X^2 computation) time: 0.003343 wall s
INDE TOTAL time to get number of non-zero elements: 0.001021 wall s
INDE TOTAL time to get mixed norm: 0.042562 wall s
INDE TOTAL time to get Frobenius norm: 0.003619 wall s
INDE TOTAL time for stopping criterion: 0.001238 wall s
INDE TOTAL time to get matrix trace: 0.000566 wall s
INDE Estimated bounds for the eigenvalues for the Fock matrix:
INDE LUMO: [ 0.090341881735 , 0.143504757288 ]
INDE HOMO: [ -0.394294851755 , -0.341542662270 ]
TIDE eigenvalue_bounds_estimation() took      0.00 usr cpu s       0.00 sys cpu s       0.00 wall s
TIDE Recursive expansion took      0.39 usr cpu s       1.07 sys cpu s       0.19 wall s
TIDE Puri->PurificationStart() took      0.39 usr cpu s       1.07 sys cpu s       0.19 wall s
TIDE Accumulated wall times for writeToFile in PurificationStart()          : 0 s (MatrixGeneral) + 0 s (MatrixSymmetric) + 6.3e-05 s (VectorGeneral) = 6.3e-05 s
TIDE Accumulated wall times for readFromFile in PurificationStart()         : 0 s (MatrixGeneral) + 0 s (MatrixSymmetric) + 2.4e-05 s (VectorGeneral) = 2.4e-05 s
TIDE Accumulated wall times for copy and assign in PurificationStart()      : 1.9e-06 s (MatrixSymmetric) + 4.2e-05 s (VectorGeneral) = 4.4e-05 s
INDE Number of calls to writeToFile in PurificationStart()                  : 2 (MatrixGeneral) + 27 (MatrixSymmetric) + 856 (VectorGeneral) = 885 
INDE Number of calls to readFromFile in PurificationStart()                 : 2 (MatrixGeneral) + 26 (MatrixSymmetric) + 294 (VectorGeneral) = 322 
INDE Number of calls to FileWritable copy and assign in PurificationStart() : 2 (MatrixSymmetric) + 30 (VectorGeneral) = 32 
TIDE mat::Gblas::time after purification :     0.854890
INDE Created .m files with results of the purification
INDE Purification converged OK, subspaceError <=          0.00000000000
INDE E(LUMO) - E(HOMO) >=          0.43188454400 =         11.75217719676 eV
INDE E(LUMO) - E(HOMO) <=          0.53779960904 =         14.63427295456 eV
INDE HOMO interval : [   -0.394294851755   -0.341542662270 ]
INDE LUMO interval : [    0.090341881735    0.143504757288 ]
INDE Trace of resulting density matrix is         47.00000000000, error is   0.00000000000000.
INDE Truncated D_ort ( mixed ), selected threshold = 9.99999e-08, returned error =          0, nnz before = 49284 <-> 100.0000 %, nnz after = 49284 <-> 100.0000 %
TIDE FileWritable::writeAndReadAll took      0.00 usr cpu s       0.00 sys cpu s       0.00 wall s
INDE writeAndReadAll sizesStr: '0 MB (1 MatrixGeneral, 0 > 1 MB) + 0 MB (12 MatrixSymmetric, 0 > 1 MB) + 0 MB (1 MatrixTriangular, 0 > 1 MB) = 0 MB (14 total, 0 > 1 MB)
TIDE D_w to non-orthogonal basis took      0.00 usr cpu s       0.01 sys cpu s       0.00 wall s
INDE Truncated D_S (eucl with Z), selected threshold = 9.99999e-08, returned error =          0, nnz before = 100.0000 %, nnz after = 100.0000 %
INDE get_dens_from_fock_sparse ending OK
TIDE get_dens_from_fock_sparse took      0.52 usr cpu s       1.46 sys cpu s       0.25 wall s
ERDE get_dens_from_fock  (GetDensFromFock class) : purification finished OK.
TIDE get_dens_from_fock took      0.52 usr cpu s       1.46 sys cpu s       0.25 wall s
INSC Matrix 'new density matrix' ( symm ): n =    222, nnz =        49284 <-> 100.00 %, mem usage  0.0002 G
INSC Tr( D * S ) =         94.00000000000
TISC get_new_density_matrix took      0.52 usr cpu s       1.46 sys cpu s       0.25 wall s
INSC SCF_restricted::report_density_difference, diff_eucl =          0.02603670369
TISC SCF_restricted::report_density_difference took      0.03 usr cpu s       0.11 sys cpu s       0.02 wall s
INMA ddf_writeShellListAndDensityMatricesToFile_sparse, n =    222, densityMatrixList[0].nvalues =       24753
INMA opened temporary file 'density.bin.0phSMB' for writing
INMA Choosing matrixStorageType = MATRIX_STORAGE_TYPE_TRIANGLE.
INMA fileSize =          252744 bytes =      0.253 MegaBytes
INMA renamed file 'density.bin.0phSMB' to 'density.bin'
INMA ddf_writeShellListAndDensityMatricesToFile_sparse freeing buffer.
INMA ddf_writeShellListAndDensityMatricesToFile_sparse returning OK.
TISC write_density_to_file took      0.01 usr cpu s       0.05 sys cpu s       0.01 wall s
INSC SCF cycle   5 finished.
TISC SCF cycle   5 took    169.01 usr cpu s       2.44 sys cpu s      30.42 wall s
INSC Beginning of SCF cycle 6:  Thu Mar 26 20:03:23 2026
INDE compute_J_by_boxes_sparse() start.
TIDE FileWritable::writeAndReadAll took      0.00 usr cpu s       0.00 sys cpu s       0.00 wall s
INDE writeAndReadAll: '0 MB (1 MatrixGeneral, 0 > 1 MB) + 0 MB (11 MatrixSymmetric, 0 > 1 MB) = 0 MB (12 total, 0 > 1 MB)
IN   compute_J_by_boxes_sparse, maxDensityMatrixElement =          2.08718551475
ININ get_basis_func_pair_list, n =    222
ININ create_box_system end OK, toplevelBoxSize:   7.0, #levels:  3, #boxes at top level:      6
TIIN get_basis_func_pair_list_2el took      0.21 usr cpu s       0.39 sys cpu s       0.13 wall s
IN   compute_J_by_boxes_sparse: noOfBasisFuncIndexPairs = 21264 ==> storing  43.15 % of a full matrix
ININ entering compute_J_by_boxes_linear, no of basis funcs =   222, threshold_J =   1e-12
ININ use_fmm = 1, fmm_box_size =   5.00
TIIN Compute extent for all distrs took      0.27 usr cpu s       0.00 sys cpu s       0.27 wall s
ININ extent_min =    0.000, extent_max =    8.988
ININ Creating list of distributions etc done, distrCount =    208583
TIIN Creating list of distributions etc took      0.40 usr cpu s       0.00 sys cpu s       0.40 wall s
ININ create_box_system end OK, toplevelBoxSize:   5.0, #levels:  3, #boxes at top level:     10
TIIN Creating boxes took      0.02 usr cpu s       0.00 sys cpu s       0.02 wall s
ININ noOfBranches = 4, splitters:   5.00  2.50  0.00
ININ J org done, groupCount =     7861
TIIN J org took      0.84 usr cpu s       0.00 sys cpu s       0.84 wall s
TIIN Generate group multipoles took      0.37 usr cpu s       0.00 sys cpu s       0.37 wall s
ININ totChargeWholeSystem =          0.00000000000
ININ Generating multipole for each branch at top level, MAX_MULTIPOLE_DEGREE = 15
TIIN Translate multipoles (step 1) took      0.26 usr cpu s       0.00 sys cpu s       0.26 wall s
TIIN Translate multipoles (step 2) took      0.07 usr cpu s       0.00 sys cpu s       0.07 wall s
ININ job lists for J created OK, noOfJobs_J_standard =      789, noOfJobs_J_multipole =       62
TIIN Creating job lists for J took      0.00 usr cpu s       0.00 sys cpu s       0.00 wall s
ININ execute_joblist_J_std_threaded, noOfThreads =  8
ININ 8 threads started OK.
ININ all 8 threads have finished.
TIIN execute_joblist_J_std_threaded took     57.68 usr cpu s       0.03 sys cpu s       9.38 wall s
TIIN sort_list_of_multipole_jobs init part took      0.00 usr cpu s       0.00 sys cpu s       0.00 wall s
TIIN sort_list_of_multipole_jobs complete took      0.00 usr cpu s       0.00 sys cpu s       0.00 wall s
TIIN sort_list_of_multipole_jobs took      0.00 usr cpu s       0.00 sys cpu s       0.00 wall s
ININ execute_joblist_J_fmm_shared: Allocating multipoleList_4, maxnoOfMinimalDistrsPerBoxBranch =     49239
ININ execute_joblist_J_fmm_shared: Allocating multipoleList_4, maxnoOfMinimalDistrsPerBoxBranch =     49239
ININ execute_joblist_J_fmm_shared: jobIndexLo =            7, jobIndexHi =           15
ININ execute_joblist_J_fmm_shared: jobIndexLo =            0, jobIndexHi =            7
ININ execute_joblist_J_fmm_shared: Allocating multipoleList_4, maxnoOfMinimalDistrsPerBoxBranch =     49239
ININ execute_joblist_J_fmm_shared: jobIndexLo =           23, jobIndexHi =           31
ININ execute_joblist_J_fmm_shared: Allocating multipoleList_4, maxnoOfMinimalDistrsPerBoxBranch =     49239
ININ execute_joblist_J_fmm_shared: jobIndexLo =           15, jobIndexHi =           23
ININ execute_joblist_J_fmm_shared: Allocating multipoleList_4, maxnoOfMinimalDistrsPerBoxBranch =     49239
ININ execute_joblist_J_fmm_shared: jobIndexLo =           31, jobIndexHi =           38
ININ execute_joblist_J_fmm_shared: Allocating multipoleList_4, maxnoOfMinimalDistrsPerBoxBranch =     49239
ININ execute_joblist_J_fmm_shared: jobIndexLo =           38, jobIndexHi =           46
ININ execute_joblist_J_fmm_shared: Allocating multipoleList_4, maxnoOfMinimalDistrsPerBoxBranch =     49239
ININ execute_joblist_J_fmm_shared: jobIndexLo =           46, jobIndexHi =           54
ININ execute_joblist_J_fmm_shared: Allocating multipoleList_4, maxnoOfMinimalDistrsPerBoxBranch =     49239
ININ execute_joblist_J_fmm_shared: jobIndexLo =           54, jobIndexHi =           62
ININ execute_joblist_J_fmm_shared: done!
ININ execute_joblist_J_fmm_shared: done!
ININ execute_joblist_J_fmm_shared: done!
ININ execute_joblist_J_fmm_shared: done!
ININ execute_joblist_J_fmm_shared: done!
ININ execute_joblist_J_fmm_shared: done!
ININ execute_joblist_J_fmm_shared: done!
ININ execute_joblist_J_fmm_shared: done!
ININ multipole job list for J executed, largest L used: 12
TIIN Executing multipole job list for J took      0.25 usr cpu s       0.00 sys cpu s       0.10 wall s
ININ compute_J_by_boxes_linear ending OK.
TIIN compute_J_by_boxes_linear took     59.91 usr cpu s       0.03 sys cpu s      11.45 wall s
TI   compute_J_by_boxes_sparse total took     60.12 usr cpu s       0.42 sys cpu s      11.58 wall s
ININ entering create_CSR_for_K, no of basis funcs =   222, threshold_K =   1e-12
ININ create_box_system end OK, toplevelBoxSize:   7.0, #levels:  3, #boxes at top level:      6
ININ create_box_system end OK, toplevelBoxSize:   7.0, #levels:  3, #boxes at top level:      6
ININ create_box_system end OK, toplevelBoxSize:   7.0, #levels:  3, #boxes at top level:      6
TIIN create_CSR_for_K getting list of distrs took      0.27 usr cpu s       0.00 sys cpu s       0.27 wall s
ININ list of neighbors complete.
TIIN create_CSR_for_K getting list of neighbors took      0.00 usr cpu s       0.00 sys cpu s       0.00 wall s
TIIN create_CSR_for_K sort each list of neighbors took      0.02 usr cpu s       0.00 sys cpu s       0.02 wall s
ININ 8 threads started OK.
TIIN identify_needed_elements() took     69.14 usr cpu s       0.04 sys cpu s       9.04 wall s
ININ computing nnz..
ININ create_CSR_for_K: predicted nnz =        24753, <->  50.23% of a full matrix
TIIN create_CSR_for_K last part took      0.00 usr cpu s       0.00 sys cpu s       0.00 wall s
TIIN create_CSR_for_K total took     69.43 usr cpu s       0.04 sys cpu s       9.33 wall s
ININ entering compute_K_by_boxes, no of basis funcs =   222, threshold_K =   1e-12, exchange_box_size =   5.00
ININ create_box_system end OK, toplevelBoxSize:   7.0, #levels:  3, #boxes at top level:      6
ININ create_box_system end OK, toplevelBoxSize:   7.0, #levels:  3, #boxes at top level:      6
ININ create_box_system end OK, toplevelBoxSize:   7.0, #levels:  3, #boxes at top level:      6
TIIN Compute extent for all distrs took      0.27 usr cpu s       0.00 sys cpu s       0.27 wall s
ININ Creating list of distributions done, distrCountTot =    208583
TIIN Creating list of distributions took      0.44 usr cpu s       0.00 sys cpu s       0.44 wall s
ININ create_box_system end OK, toplevelBoxSize:   5.0, #levels:  3, #boxes at top level:     10
ININ create_box_system end OK, toplevelBoxSize:   2.5, #levels:  4, #boxes at top level:     16
ININ noOfLevelsBasisFuncs = 4, noOfLevelsDiff = 1
TIIN Creating boxes etc took      0.02 usr cpu s       0.00 sys cpu s       0.02 wall s
TIIN getting multipoleNormVectorList took      0.44 usr cpu s       0.00 sys cpu s       0.44 wall s
TIIN K organize_distributions for all boxes took      0.88 usr cpu s       0.00 sys cpu s       0.88 wall s
ININ starting loop to setup basisFuncGroupInfoList, with added index checks.
TIIN GetLimitsAllLevels took      0.17 usr cpu s       0.00 sys cpu s       0.17 wall s
ININ getDmatLimitMatrixCSRList start.
TIIN getting densityMatrixLimitMatrixList took      0.01 usr cpu s       0.00 sys cpu s       0.01 wall s
ININ job list for K created,       55 jobs
TIIN creating job list for K took      0.00 usr cpu s       0.00 sys cpu s       0.00 wall s
ININ execute_joblist_K_threaded, noOfThreads =  8, basisFuncListCount_max =   207
ININ 8 threads started OK.
ININ all 8 threads have finished, took        9 wall s.
TIIN Executing job list for K took     37.42 usr cpu s       0.02 sys cpu s       8.65 wall s
TIIN compute_K_by_boxes took     39.38 usr cpu s       0.02 sys cpu s      10.61 wall s
TI   compute_K_by_boxes_sparse total took    108.82 usr cpu s       0.05 sys cpu s      19.95 wall s
INSC About to truncate FockMatrix, gap of Fprev >=          0.43188454400
TISC symmMatrix::mixed_diff for F vs Fprev maxEigValMovement_mixed took      0.00 usr cpu s       0.00 sys cpu s       0.00 wall s
TISC symmMatrix::eucl_diff for maxEigValMovement_eucl  took      0.04 usr cpu s       0.11 sys cpu s       0.02 wall s
INSC maxEigValMovement_frob  =          0.02658583052
INSC maxEigValMovement_mixed =          0.01856513789
INSC maxEigValMovement_eucl  =          0.00982635388
TISC FockMatrix.eucl_thresh() (with Z) took      0.04 usr cpu s       0.11 sys cpu s       0.03 wall s
INSC Truncated FockMatrix (eucl with Z), selected threshold = 4.12232e-08, returned error =          0, nnz before = 100.0000 %, nnz after = 100.0000 %
INSC Matrix 'S' ( symm ): n =    222, nnz =        49284 <-> 100.00 %, mem usage  0.0002 G
INSC Matrix 'F' ( symm ): n =    222, nnz =        49284 <-> 100.00 %, mem usage  0.0002 G
INSC Matrix 'D' ( symm ): n =    222, nnz =        49284 <-> 100.00 %, mem usage  0.0002 G
INSC nuclearEnergy, energy_2el, energy = 782.160484, 1007.736492, -644.961298
INSC Energy   6 =       -644.96129802289  ( diff     -0.000408464265547 )
INSC calling compute_FDSminusSDF_sparse, n = 222
INDE compute_FDSminusSDF_sparse() start.
TIDE FileWritable::writeAndReadAll took      0.00 usr cpu s       0.00 sys cpu s       0.00 wall s
INDE writeAndReadAll: '0 MB (1 MatrixGeneral, 0 > 1 MB) + 0 MB (9 MatrixSymmetric, 0 > 1 MB) = 0 MB (10 total, 0 > 1 MB)
TISC compute_FDSminusSDF_sparse, F*D mult took      0.00 usr cpu s       0.03 sys cpu s       0.00 wall s
INSC Matrix 'FD before eucl truncation' (normal): n =    222, nnz =        49284 <-> 100.00 %, mem usage  0.0004 G
INSC Matrix 'FD after  eucl truncation' (normal): n =    222, nnz =        49284 <-> 100.00 %, mem usage  0.0004 G
INSC Matrix 'FDS before eucl truncation' (normal): n =    222, nnz =        49284 <-> 100.00 %, mem usage  0.0004 G
INSC Matrix 'FDS after  eucl truncation' (normal): n =    222, nnz =        49284 <-> 100.00 %, mem usage  0.0004 G
INSC compute_FDSminusSDF_sparse ending OK.
TISC compute_FDSminusSDF_sparse took      0.03 usr cpu s       0.09 sys cpu s       0.01 wall s
INSC Matrix 'FDS-SDF' (normal): n =    222, nnz =        49284 <-> 100.00 %, mem usage  0.0004 G
INSC SCF_restricted::get_FDSminusSDF finished.
TISC get_FDSminusSDF took      0.03 usr cpu s       0.09 sys cpu s       0.01 wall s
INSC maxabs FDS-SDF is  0.00328
INSC frob   FDS-SDF is     0.02
TISC get_error_measure took      0.00 usr cpu s       0.00 sys cpu s       0.00 wall s
INSC entering DIISManagerRestricted::AddIterationToList, IterCount =  5
INSC DIISManagerRestricted::AddIterationToList ending OK.
TISC DIISManagerRestricted::AddIterationToList took      0.00 usr cpu s       0.01 sys cpu s       0.00 wall s
INSC using DIIS to get combined Fock matrix, number of iters used for DIIS:  6
TISC clear_error_matrices took      0.00 usr cpu s       0.00 sys cpu s       0.00 wall s
TISC save_current_fock_as_fprev took      0.00 usr cpu s       0.00 sys cpu s       0.00 wall s
INDE get_dens_from_fock_general, n = 222, use_diagonalization = 0, use_diag_on_error = 1
INDE Before writeAndReadAll(): AllocatorManager statistics:  noOfRealsPerBuffer: 1024 noOfBuffers: 20000 list.size(): 1. Allocated: 0.164 GB, Used: 0.00487 GB, Peak alloc: 0.164 GB.
TIDE FileWritable::writeAndReadAll took      0.00 usr cpu s       0.00 sys cpu s       0.00 wall s
INDE writeAndReadAll sizesStr: '0 MB (1 MatrixGeneral, 0 > 1 MB) + 0 MB (7 MatrixSymmetric, 0 > 1 MB) = 0 MB (8 total, 0 > 1 MB)
INDE After writeAndReadAll(): AllocatorManager statistics:  noOfRealsPerBuffer: 1024 noOfBuffers: 20000 list.size(): 1. Allocated: 0.164 GB, Used: 0.00487 GB, Peak alloc: 0.164 GB.
INDE calling get_dens_from_fock_sparse, n =    222, subspaceErrorLimit = 1e-06
INDE get_dens_from_fock_sparse() start!
INDE After F.readFromFile(): AllocatorManager statistics:  noOfRealsPerBuffer: 1024 noOfBuffers: 20000 list.size(): 1. Allocated: 0.164 GB, Used: 0.00487 GB, Peak alloc: 0.164 GB.
INDE After creating wrapper MatrixType F_w(F): AllocatorManager statistics:  noOfRealsPerBuffer: 1024 noOfBuffers: 20000 list.size(): 1. Allocated: 0.164 GB, Used: 0.00504 GB, Peak alloc: 0.164 GB.
TIDE  F_w to orthogonal basis took      0.00 usr cpu s       0.01 sys cpu s       0.00 wall s
TIDE MatrixType::mixed_diff for maxEigValMovement_mixed took      0.00 usr cpu s       0.01 sys cpu s       0.00 wall s
TIDE symmMatrixWrap::eucl_diff for maxEigValMovement_eucl  took      0.05 usr cpu s       0.20 sys cpu s       0.03 wall s
INDE maxEigValMovement_frob  =          0.01962864103
INDE maxEigValMovement_mixed =          0.01179171301
INDE maxEigValMovement_eucl  =          0.00453494613
INDE lumo before truncation: [ 0.085806935608 , 0.148039703415 ]
INDE homo before truncation: [ -0.398829797881 , -0.337007716143 ]
INDE Truncate matrix F and update intervals for homo and lumo.
INDE Truncating F_ort ( mixed ), selected threshold = 4.22815e-08
INDE Truncated F_ort ( mixed ), selected threshold = 4.22815e-08, returned error =          0, nnz before = 100.0000 %, nnz after = 100.0000 %
TIDE Truncation of F_ort took      0.00 usr cpu s       0.00 sys cpu s       0.00 wall s
INDE Chosen Ergo Wrapper
INDE Creating purification object: N = 222 , nocc = 47 , NNZ = 49284  <-> 100.00000 %
INDE Chosen norm for the truncation: 
INDE mixed
INDE Chosen norm for the stopping criterion: 
INDE mixed
INDE Chosen the NEW stopping criterion.
INDE Allowed error in subspace 7.000000e-07
INDE Chosen SP2 purification method
INDE calling Puri->PurificationStart(), number of threads = 1, trunc norm 'mixed'
TIDE gershgorin took      0.00 usr cpu s       0.00 sys cpu s       0.00 wall s
INDE Gershgorin bounds: [ -35.725800027758 , 17.119158558819 ]
INDE EXPANDED Gershgorin bounds: [ -35.725800042660 , 17.119158573720 ]
INDE Trying to impove bounds using Lanczos algorithm...
TIDE compute_spectrum_bounds took      0.10 usr cpu s       0.39 sys cpu s       0.06 wall s
INDE Spectrum of F: 	 [ -20.623782928505 , 4.255708800219 ]
INDE Transform homo and lumo bounds...
INDE HOMO bounds of X: 	 [ 0.184598486434 , 0.187083347556 ]
INDE LUMO bounds of X: 	 [ 0.165102613092 , 0.167603981226 ]
INDE INIT LUMO: [ 0.165102613092 , 0.167603981226 ]
INDE INIT HOMO: [ 0.812916652444 , 0.815401513566 ]
INDE ESTIMATED NUMBER OF ITERATIONS IS 28
INDE Put eigenvalues of F to the interval [0,1] in reverse order.
TIDE compute_X() took      0.00 usr cpu s       0.00 sys cpu s       0.00 wall s
TIDE prepare_to_purification() took      0.10 usr cpu s       0.39 sys cpu s       0.06 wall s
INDE (EIGV,PARAMS) Requested 0 occipied eigenpair(s).
INDE (EIGV,PARAMS) Requested 0 unoccipied eigenpair(s).
TIDE prepare_to_purification_eigenvectors() took      0.00 usr cpu s       0.00 sys cpu s       0.00 wall s
INDE Starting recursive expansion
INDE     BEFORE ITERATIONS:
TIDE truncate_matrix took      0.00 usr cpu s       0.00 sys cpu s       0.00 wall s
INDE Actual introduced error   0.000000e+00 : nnz before  49284 <-> 100.00 % , nnz after  49284 <-> 100.00 %
TIDE square took      0.00 usr cpu s       0.01 sys cpu s       0.00 wall s
INDE NNZ Xsq = 49284 <-> 100.00 %
TIDE Frobenius norm of X-X^2 took      0.00 usr cpu s       0.00 sys cpu s       0.00 wall s
TIDE Mixed norm of X-X^2 took      0.00 usr cpu s       0.01 sys cpu s       0.00 wall s
TIDE Trace of X-X^2 took      0.00 usr cpu s       0.00 sys cpu s       0.00 wall s
INDE ||X-X^2||_F = 1.696496e+00 , ||X-X^2||_mixed = 8.698186e-01
INDE trace(X-X^2) = 2.268067e+01
INDE trace(X) = 3.353744e+01
TIDE Iteration 0 took      0.00 usr cpu s       0.03 sys cpu s       0.00 wall s
TIDE FileWritable::writeAndReadAll took      0.00 usr cpu s       0.00 sys cpu s       0.00 wall s
INDE writeAndReadAll sizesStr: '0 MB (1 MatrixGeneral, 0 > 1 MB) + 0 MB (13 MatrixSymmetric, 0 > 1 MB) + 0 MB (2 VectorGeneral, 0 > 1 MB) = 0 MB (16 total, 0 > 1 MB)
INDE     ITERATION 1 :
TIDE purify_X took      0.00 usr cpu s       0.00 sys cpu s       0.00 wall s
TIDE truncate_matrix took      0.00 usr cpu s       0.00 sys cpu s       0.00 wall s
INDE Actual introduced error   0.000000e+00 : nnz before  49284 <-> 100.00 % , nnz after  49284 <-> 100.00 %
TIDE square took      0.01 usr cpu s       0.01 sys cpu s       0.00 wall s
INDE NNZ Xsq = 49284 <-> 100.00 %
TIDE Frobenius norm of X-X^2 took      0.00 usr cpu s       0.00 sys cpu s       0.00 wall s
TIDE Mixed norm of X-X^2 took      0.00 usr cpu s       0.01 sys cpu s       0.00 wall s
TIDE Trace of X-X^2 took      0.00 usr cpu s       0.00 sys cpu s       0.00 wall s
INDE ||X-X^2||_F = 2.452837e+00 , ||X-X^2||_mixed = 1.227642e+00
INDE trace(X-X^2) = 3.419050e+01
INDE trace(X) = 5.621811e+01
TIDE Iteration 1 took      0.01 usr cpu s       0.02 sys cpu s       0.00 wall s
INDE     ITERATION 2 :
TIDE purify_X took      0.00 usr cpu s       0.00 sys cpu s       0.00 wall s
TIDE truncate_matrix took      0.00 usr cpu s       0.00 sys cpu s       0.00 wall s
INDE Actual introduced error   0.000000e+00 : nnz before  49284 <-> 100.00 % , nnz after  49284 <-> 100.00 %
TIDE square took      0.00 usr cpu s       0.01 sys cpu s       0.00 wall s
INDE NNZ Xsq = 49284 <-> 100.00 %
TIDE Frobenius norm of X-X^2 took      0.00 usr cpu s       0.00 sys cpu s       0.00 wall s
TIDE Mixed norm of X-X^2 took      0.00 usr cpu s       0.01 sys cpu s       0.00 wall s
TIDE Trace of X-X^2 took      0.00 usr cpu s       0.00 sys cpu s       0.00 wall s
INDE ||X-X^2||_F = 3.128798e+00 , ||X-X^2||_mixed = 1.495151e+00
INDE trace(X-X^2) = 4.422269e+01
INDE trace(X) = 9.040861e+01
INDE Checking stopping criterion...   
INDE Order of convergence cannot be computed
TIDE stopping_criterion took      0.00 usr cpu s       0.00 sys cpu s       0.00 wall s
TIDE Iteration 2 took      0.01 usr cpu s       0.03 sys cpu s       0.00 wall s
INDE     ITERATION 3 :
TIDE purify_X took      0.00 usr cpu s       0.00 sys cpu s       0.00 wall s
TIDE truncate_matrix took      0.00 usr cpu s       0.00 sys cpu s       0.00 wall s
INDE Actual introduced error   0.000000e+00 : nnz before  49284 <-> 100.00 % , nnz after  49284 <-> 100.00 %
TIDE square took      0.01 usr cpu s       0.01 sys cpu s       0.00 wall s
INDE NNZ Xsq = 49284 <-> 100.00 %
TIDE Frobenius norm of X-X^2 took      0.00 usr cpu s       0.00 sys cpu s       0.00 wall s
TIDE Mixed norm of X-X^2 took      0.00 usr cpu s       0.01 sys cpu s       0.00 wall s
TIDE Trace of X-X^2 took      0.00 usr cpu s       0.00 sys cpu s       0.00 wall s
INDE ||X-X^2||_F = 2.043003e+00 , ||X-X^2||_mixed = 1.140164e+00
INDE trace(X-X^2) = 2.593279e+01
INDE trace(X) = 4.618592e+01
INDE Checking stopping criterion...   
INDE Order of convergence cannot be computed
TIDE stopping_criterion took      0.00 usr cpu s       0.00 sys cpu s       0.00 wall s
TIDE Iteration 3 took      0.02 usr cpu s       0.02 sys cpu s       0.00 wall s
INDE     ITERATION 4 :
TIDE purify_X took      0.00 usr cpu s       0.00 sys cpu s       0.00 wall s
TIDE truncate_matrix took      0.00 usr cpu s       0.00 sys cpu s       0.00 wall s
INDE Actual introduced error   0.000000e+00 : nnz before  49284 <-> 100.00 % , nnz after  49284 <-> 100.00 %
TIDE square took      0.00 usr cpu s       0.02 sys cpu s       0.00 wall s
INDE NNZ Xsq = 49284 <-> 100.00 %
TIDE Frobenius norm of X-X^2 took      0.00 usr cpu s       0.00 sys cpu s       0.00 wall s
TIDE Mixed norm of X-X^2 took      0.01 usr cpu s       0.01 sys cpu s       0.00 wall s
TIDE Trace of X-X^2 took      0.00 usr cpu s       0.00 sys cpu s       0.00 wall s
INDE ||X-X^2||_F = 2.694251e+00 , ||X-X^2||_mixed = 1.437023e+00
INDE trace(X-X^2) = 3.563311e+01
INDE trace(X) = 7.211871e+01
INDE Checking stopping criterion...   
INDE Order of convergence cannot be computed
TIDE stopping_criterion took      0.00 usr cpu s       0.00 sys cpu s       0.00 wall s
TIDE Iteration 4 took      0.01 usr cpu s       0.03 sys cpu s       0.00 wall s
INDE     ITERATION 5 :
TIDE purify_X took      0.00 usr cpu s       0.00 sys cpu s       0.00 wall s
TIDE truncate_matrix took      0.00 usr cpu s       0.00 sys cpu s       0.00 wall s
INDE Actual introduced error   0.000000e+00 : nnz before  49284 <-> 100.00 % , nnz after  49284 <-> 100.00 %
TIDE square took      0.00 usr cpu s       0.01 sys cpu s       0.00 wall s
INDE NNZ Xsq = 49284 <-> 100.00 %
TIDE Frobenius norm of X-X^2 took      0.00 usr cpu s       0.00 sys cpu s       0.00 wall s
TIDE Mixed norm of X-X^2 took      0.00 usr cpu s       0.01 sys cpu s       0.00 wall s
TIDE Trace of X-X^2 took      0.00 usr cpu s       0.00 sys cpu s       0.00 wall s
INDE ||X-X^2||_F = 2.829619e+00 , ||X-X^2||_mixed = 1.489685e+00
INDE trace(X-X^2) = 3.867084e+01
INDE trace(X) = 1.077518e+02
INDE Checking stopping criterion...   
INDE Order of convergence cannot be computed
TIDE stopping_criterion took      0.00 usr cpu s       0.00 sys cpu s       0.00 wall s
TIDE Iteration 5 took      0.01 usr cpu s       0.03 sys cpu s       0.00 wall s
INDE     ITERATION 6 :
TIDE purify_X took      0.00 usr cpu s       0.00 sys cpu s       0.00 wall s
TIDE truncate_matrix took      0.00 usr cpu s       0.00 sys cpu s       0.00 wall s
INDE Actual introduced error   0.000000e+00 : nnz before  49284 <-> 100.00 % , nnz after  49284 <-> 100.00 %
TIDE square took      0.01 usr cpu s       0.01 sys cpu s       0.00 wall s
INDE NNZ Xsq = 49284 <-> 100.00 %
TIDE Frobenius norm of X-X^2 took      0.00 usr cpu s       0.00 sys cpu s       0.00 wall s
TIDE Mixed norm of X-X^2 took      0.00 usr cpu s       0.01 sys cpu s       0.00 wall s
TIDE Trace of X-X^2 took      0.00 usr cpu s       0.00 sys cpu s       0.00 wall s
INDE ||X-X^2||_F = 2.431543e+00 , ||X-X^2||_mixed = 1.395183e+00
INDE trace(X-X^2) = 2.987988e+01
INDE trace(X) = 6.908098e+01
INDE Checking stopping criterion...   
INDE Order of convergence cannot be computed
TIDE stopping_criterion took      0.00 usr cpu s       0.00 sys cpu s       0.00 wall s
TIDE Iteration 6 took      0.01 usr cpu s       0.02 sys cpu s       0.00 wall s
INDE     ITERATION 7 :
TIDE purify_X took      0.00 usr cpu s       0.00 sys cpu s       0.00 wall s
TIDE truncate_matrix took      0.00 usr cpu s       0.00 sys cpu s       0.00 wall s
INDE Actual introduced error   0.000000e+00 : nnz before  49284 <-> 100.00 % , nnz after  49284 <-> 100.00 %
TIDE square took      0.01 usr cpu s       0.01 sys cpu s       0.00 wall s
INDE NNZ Xsq = 49284 <-> 100.00 %
TIDE Frobenius norm of X-X^2 took      0.00 usr cpu s       0.00 sys cpu s       0.00 wall s
TIDE Mixed norm of X-X^2 took      0.00 usr cpu s       0.01 sys cpu s       0.00 wall s
TIDE Trace of X-X^2 took      0.00 usr cpu s       0.00 sys cpu s       0.00 wall s
INDE ||X-X^2||_F = 1.752277e+00 , ||X-X^2||_mixed = 1.119111e+00
INDE trace(X-X^2) = 1.729707e+01
INDE trace(X) = 3.920110e+01
INDE Checking stopping criterion...   
INDE Order of convergence cannot be computed
TIDE stopping_criterion took      0.00 usr cpu s       0.00 sys cpu s       0.00 wall s
TIDE Iteration 7 took      0.01 usr cpu s       0.02 sys cpu s       0.00 wall s
INDE     ITERATION 8 :
TIDE purify_X took      0.00 usr cpu s       0.00 sys cpu s       0.00 wall s
TIDE truncate_matrix took      0.00 usr cpu s       0.00 sys cpu s       0.00 wall s
INDE Actual introduced error   0.000000e+00 : nnz before  49284 <-> 100.00 % , nnz after  49284 <-> 100.00 %
TIDE square took      0.01 usr cpu s       0.01 sys cpu s       0.00 wall s
INDE NNZ Xsq = 49284 <-> 100.00 %
TIDE Frobenius norm of X-X^2 took      0.00 usr cpu s       0.00 sys cpu s       0.00 wall s
TIDE Mixed norm of X-X^2 took      0.01 usr cpu s       0.01 sys cpu s       0.00 wall s
TIDE Trace of X-X^2 took      0.00 usr cpu s       0.00 sys cpu s       0.00 wall s
INDE ||X-X^2||_F = 1.978917e+00 , ||X-X^2||_mixed = 1.220619e+00
INDE trace(X-X^2) = 2.135669e+01
INDE trace(X) = 5.649817e+01
INDE Checking stopping criterion...   
INDE Order of convergence cannot be computed
TIDE stopping_criterion took      0.00 usr cpu s       0.00 sys cpu s       0.00 wall s
TIDE Iteration 8 took      0.02 usr cpu s       0.02 sys cpu s       0.00 wall s
INDE     ITERATION 9 :
TIDE purify_X took      0.00 usr cpu s       0.00 sys cpu s       0.00 wall s
TIDE truncate_matrix took      0.00 usr cpu s       0.00 sys cpu s       0.00 wall s
INDE Actual introduced error   0.000000e+00 : nnz before  49284 <-> 100.00 % , nnz after  49284 <-> 100.00 %
TIDE square took      0.00 usr cpu s       0.01 sys cpu s       0.00 wall s
INDE NNZ Xsq = 49284 <-> 100.00 %
TIDE Frobenius norm of X-X^2 took      0.00 usr cpu s       0.00 sys cpu s       0.00 wall s
TIDE Mixed norm of X-X^2 took      0.00 usr cpu s       0.01 sys cpu s       0.00 wall s
TIDE Trace of X-X^2 took      0.00 usr cpu s       0.00 sys cpu s       0.00 wall s
INDE ||X-X^2||_F = 1.539863e+00 , ||X-X^2||_mixed = 1.043584e+00
INDE trace(X-X^2) = 1.273282e+01
INDE trace(X) = 3.514149e+01
INDE Checking stopping criterion...   
INDE Order of convergence cannot be computed
TIDE stopping_criterion took      0.00 usr cpu s       0.00 sys cpu s       0.00 wall s
TIDE Iteration 9 took      0.01 usr cpu s       0.02 sys cpu s       0.00 wall s
INDE     ITERATION 10 :
TIDE purify_X took      0.00 usr cpu s       0.00 sys cpu s       0.00 wall s
TIDE truncate_matrix took      0.00 usr cpu s       0.00 sys cpu s       0.00 wall s
INDE Actual introduced error   0.000000e+00 : nnz before  49284 <-> 100.00 % , nnz after  49284 <-> 100.00 %
TIDE square took      0.01 usr cpu s       0.01 sys cpu s       0.00 wall s
INDE NNZ Xsq = 49284 <-> 100.00 %
TIDE Frobenius norm of X-X^2 took      0.00 usr cpu s       0.00 sys cpu s       0.00 wall s
TIDE Mixed norm of X-X^2 took      0.00 usr cpu s       0.01 sys cpu s       0.00 wall s
TIDE Trace of X-X^2 took      0.00 usr cpu s       0.00 sys cpu s       0.00 wall s
INDE ||X-X^2||_F = 1.535617e+00 , ||X-X^2||_mixed = 1.008601e+00
INDE trace(X-X^2) = 1.407653e+01
INDE trace(X) = 4.787430e+01
INDE Checking stopping criterion...   
INDE Order of convergence cannot be computed
TIDE stopping_criterion took      0.00 usr cpu s       0.00 sys cpu s       0.00 wall s
TIDE Iteration 10 took      0.01 usr cpu s       0.02 sys cpu s       0.00 wall s
INDE     ITERATION 11 :
TIDE purify_X took      0.00 usr cpu s       0.00 sys cpu s       0.00 wall s
TIDE truncate_matrix took      0.00 usr cpu s       0.00 sys cpu s       0.00 wall s
INDE Actual introduced error   0.000000e+00 : nnz before  49284 <-> 100.00 % , nnz after  49284 <-> 100.00 %
TIDE square took      0.00 usr cpu s       0.02 sys cpu s       0.00 wall s
INDE NNZ Xsq = 49284 <-> 100.00 %
TIDE Frobenius norm of X-X^2 took      0.00 usr cpu s       0.00 sys cpu s       0.00 wall s
TIDE Mixed norm of X-X^2 took      0.00 usr cpu s       0.01 sys cpu s       0.00 wall s
TIDE Trace of X-X^2 took      0.00 usr cpu s       0.00 sys cpu s       0.00 wall s
INDE ||X-X^2||_F = 1.525290e+00 , ||X-X^2||_mixed = 1.054970e+00
INDE trace(X-X^2) = 1.394039e+01
INDE trace(X) = 6.195084e+01
INDE Checking stopping criterion...   
INDE Order of convergence cannot be computed
TIDE stopping_criterion took      0.00 usr cpu s       0.00 sys cpu s       0.00 wall s
TIDE Iteration 11 took      0.01 usr cpu s       0.02 sys cpu s       0.00 wall s
INDE     ITERATION 12 :
TIDE purify_X took      0.00 usr cpu s       0.00 sys cpu s       0.00 wall s
TIDE truncate_matrix took      0.00 usr cpu s       0.00 sys cpu s       0.00 wall s
INDE Actual introduced error   0.000000e+00 : nnz before  49284 <-> 100.00 % , nnz after  49284 <-> 100.00 %
TIDE square took      0.00 usr cpu s       0.02 sys cpu s       0.00 wall s
INDE NNZ Xsq = 49284 <-> 100.00 %
TIDE Frobenius norm of X-X^2 took      0.00 usr cpu s       0.00 sys cpu s       0.00 wall s
TIDE Mixed norm of X-X^2 took      0.00 usr cpu s       0.01 sys cpu s       0.00 wall s
TIDE Trace of X-X^2 took      0.00 usr cpu s       0.00 sys cpu s       0.00 wall s
INDE ||X-X^2||_F = 1.135102e+00 , ||X-X^2||_mixed = 7.829445e-01
INDE trace(X-X^2) = 8.881508e+00
INDE trace(X) = 4.801045e+01
INDE Checking stopping criterion...   
INDE Order of convergence cannot be computed
TIDE stopping_criterion took      0.00 usr cpu s       0.00 sys cpu s       0.00 wall s
TIDE Iteration 12 took      0.00 usr cpu s       0.03 sys cpu s       0.00 wall s
INDE     ITERATION 13 :
TIDE purify_X took      0.00 usr cpu s       0.00 sys cpu s       0.00 wall s
TIDE truncate_matrix took      0.00 usr cpu s       0.00 sys cpu s       0.00 wall s
INDE Actual introduced error   0.000000e+00 : nnz before  49284 <-> 100.00 % , nnz after  49284 <-> 100.00 %
TIDE square took      0.01 usr cpu s       0.01 sys cpu s       0.00 wall s
INDE NNZ Xsq = 49284 <-> 100.00 %
TIDE Frobenius norm of X-X^2 took      0.00 usr cpu s       0.00 sys cpu s       0.00 wall s
TIDE Mixed norm of X-X^2 took      0.00 usr cpu s       0.01 sys cpu s       0.00 wall s
TIDE Trace of X-X^2 took      0.00 usr cpu s       0.00 sys cpu s       0.00 wall s
INDE ||X-X^2||_F = 1.136106e+00 , ||X-X^2||_mixed = 8.310687e-01
INDE trace(X-X^2) = 7.037411e+00
INDE trace(X) = 3.912894e+01
INDE Checking stopping criterion...   
INDE Order of convergence cannot be computed
TIDE stopping_criterion took      0.00 usr cpu s       0.00 sys cpu s       0.00 wall s
TIDE Iteration 13 took      0.02 usr cpu s       0.01 sys cpu s       0.00 wall s
INDE     ITERATION 14 :
TIDE purify_X took      0.00 usr cpu s       0.00 sys cpu s       0.00 wall s
TIDE truncate_matrix took      0.00 usr cpu s       0.00 sys cpu s       0.00 wall s
INDE Actual introduced error   0.000000e+00 : nnz before  49284 <-> 100.00 % , nnz after  49284 <-> 100.00 %
TIDE square took      0.00 usr cpu s       0.02 sys cpu s       0.00 wall s
INDE NNZ Xsq = 49284 <-> 100.00 %
TIDE Frobenius norm of X-X^2 took      0.00 usr cpu s       0.00 sys cpu s       0.00 wall s
TIDE Mixed norm of X-X^2 took      0.00 usr cpu s       0.01 sys cpu s       0.00 wall s
TIDE Trace of X-X^2 took      0.00 usr cpu s       0.00 sys cpu s       0.00 wall s
INDE ||X-X^2||_F = 7.340467e-01 , ||X-X^2||_mixed = 5.412283e-01
INDE trace(X-X^2) = 4.669562e+00
INDE trace(X) = 4.616635e+01
INDE Checking stopping criterion...   
INDE e_i =5.412283e-01, C*e_{i-1}^q = 4.221868e+00
INDE Order of convergence = 10.394958, stop = 0
TIDE stopping_criterion took      0.00 usr cpu s       0.00 sys cpu s       0.00 wall s
TIDE Iteration 14 took      0.01 usr cpu s       0.03 sys cpu s       0.00 wall s
INDE     ITERATION 15 :
TIDE purify_X took      0.00 usr cpu s       0.00 sys cpu s       0.00 wall s
TIDE truncate_matrix took      0.00 usr cpu s       0.00 sys cpu s       0.00 wall s
INDE Actual introduced error   0.000000e+00 : nnz before  49284 <-> 100.00 % , nnz after  49284 <-> 100.00 %
TIDE square took      0.00 usr cpu s       0.02 sys cpu s       0.00 wall s
INDE NNZ Xsq = 49284 <-> 100.00 %
TIDE Frobenius norm of X-X^2 took      0.00 usr cpu s       0.00 sys cpu s       0.00 wall s
TIDE Mixed norm of X-X^2 took      0.00 usr cpu s       0.01 sys cpu s       0.00 wall s
TIDE Trace of X-X^2 took      0.00 usr cpu s       0.00 sys cpu s       0.00 wall s
INDE ||X-X^2||_F = 7.310824e-01 , ||X-X^2||_mixed = 5.527569e-01
INDE trace(X-X^2) = 3.795499e+00
INDE trace(X) = 5.083592e+01
INDE Checking stopping criterion...   
INDE Order of convergence cannot be computed
TIDE stopping_criterion took      0.00 usr cpu s       0.00 sys cpu s       0.00 wall s
TIDE Iteration 15 took      0.00 usr cpu s       0.03 sys cpu s       0.00 wall s
INDE     ITERATION 16 :
TIDE purify_X took      0.00 usr cpu s       0.00 sys cpu s       0.00 wall s
TIDE truncate_matrix took      0.00 usr cpu s       0.00 sys cpu s       0.00 wall s
INDE Actual introduced error   0.000000e+00 : nnz before  49284 <-> 100.00 % , nnz after  49284 <-> 100.00 %
TIDE square took      0.01 usr cpu s       0.01 sys cpu s       0.00 wall s
INDE NNZ Xsq = 49284 <-> 100.00 %
TIDE Frobenius norm of X-X^2 took      0.00 usr cpu s       0.00 sys cpu s       0.00 wall s
TIDE Mixed norm of X-X^2 took      0.00 usr cpu s       0.01 sys cpu s       0.00 wall s
TIDE Trace of X-X^2 took      0.00 usr cpu s       0.00 sys cpu s       0.00 wall s
INDE ||X-X^2||_F = 3.733608e-01 , ||X-X^2||_mixed = 3.050561e-01
INDE trace(X-X^2) = 1.817736e+00
INDE trace(X) = 4.704042e+01
INDE Checking stopping criterion...   
INDE e_i =3.050561e-01, C*e_{i-1}^q = 2.017454e+00
INDE Order of convergence = 5.077134, stop = 0
TIDE stopping_criterion took      0.00 usr cpu s       0.00 sys cpu s       0.00 wall s
TIDE Iteration 16 took      0.01 usr cpu s       0.02 sys cpu s       0.00 wall s
INDE     ITERATION 17 :
TIDE purify_X took      0.00 usr cpu s       0.00 sys cpu s       0.00 wall s
TIDE truncate_matrix took      0.00 usr cpu s       0.00 sys cpu s       0.00 wall s
INDE Actual introduced error   0.000000e+00 : nnz before  49284 <-> 100.00 % , nnz after  49284 <-> 100.00 %
TIDE square took      0.01 usr cpu s       0.01 sys cpu s       0.00 wall s
INDE NNZ Xsq = 49284 <-> 100.00 %
TIDE Frobenius norm of X-X^2 took      0.00 usr cpu s       0.00 sys cpu s       0.00 wall s
TIDE Mixed norm of X-X^2 took      0.00 usr cpu s       0.01 sys cpu s       0.00 wall s
TIDE Trace of X-X^2 took      0.00 usr cpu s       0.00 sys cpu s       0.00 wall s
INDE ||X-X^2||_F = 4.260296e-01 , ||X-X^2||_mixed = 3.689657e-01
INDE trace(X-X^2) = 1.690523e+00
INDE trace(X) = 4.522268e+01
INDE Checking stopping criterion...   
INDE Order of convergence cannot be computed
TIDE stopping_criterion took      0.00 usr cpu s       0.00 sys cpu s       0.00 wall s
TIDE Iteration 17 took      0.01 usr cpu s       0.02 sys cpu s       0.00 wall s
INDE     ITERATION 18 :
TIDE purify_X took      0.00 usr cpu s       0.00 sys cpu s       0.00 wall s
TIDE truncate_matrix took      0.00 usr cpu s       0.00 sys cpu s       0.00 wall s
INDE Actual introduced error   0.000000e+00 : nnz before  49284 <-> 100.00 % , nnz after  49284 <-> 100.00 %
TIDE square took      0.00 usr cpu s       0.02 sys cpu s       0.00 wall s
INDE NNZ Xsq = 49284 <-> 100.00 %
TIDE Frobenius norm of X-X^2 took      0.00 usr cpu s       0.00 sys cpu s       0.00 wall s
TIDE Mixed norm of X-X^2 took      0.01 usr cpu s       0.01 sys cpu s       0.00 wall s
TIDE Trace of X-X^2 took      0.00 usr cpu s       0.00 sys cpu s       0.00 wall s
INDE ||X-X^2||_F = 1.458363e-01 , ||X-X^2||_mixed = 1.341117e-01
INDE trace(X-X^2) = 4.654113e-01
INDE trace(X) = 4.691320e+01
INDE Checking stopping criterion...   
INDE e_i =1.341117e-01, C*e_{i-1}^q = 6.409173e-01
INDE Order of convergence = 3.317511, stop = 0
TIDE stopping_criterion took      0.00 usr cpu s       0.00 sys cpu s       0.00 wall s
TIDE Iteration 18 took      0.01 usr cpu s       0.03 sys cpu s       0.00 wall s
INDE     ITERATION 19 :
TIDE purify_X took      0.00 usr cpu s       0.00 sys cpu s       0.00 wall s
TIDE truncate_matrix took      0.00 usr cpu s       0.00 sys cpu s       0.00 wall s
INDE Actual introduced error   0.000000e+00 : nnz before  49284 <-> 100.00 % , nnz after  49284 <-> 100.00 %
TIDE square took      0.00 usr cpu s       0.02 sys cpu s       0.00 wall s
INDE NNZ Xsq = 49284 <-> 100.00 %
TIDE Frobenius norm of X-X^2 took      0.00 usr cpu s       0.00 sys cpu s       0.00 wall s
TIDE Mixed norm of X-X^2 took      0.00 usr cpu s       0.01 sys cpu s       0.00 wall s
TIDE Trace of X-X^2 took      0.00 usr cpu s       0.00 sys cpu s       0.00 wall s
INDE ||X-X^2||_F = 1.610970e-01 , ||X-X^2||_mixed = 1.528038e-01
INDE trace(X-X^2) = 3.770860e-01
INDE trace(X) = 4.737862e+01
INDE Checking stopping criterion...   
INDE Order of convergence cannot be computed
TIDE stopping_criterion took      0.00 usr cpu s       0.00 sys cpu s       0.00 wall s
TIDE Iteration 19 took      0.00 usr cpu s       0.03 sys cpu s       0.00 wall s
INDE     ITERATION 20 :
TIDE purify_X took      0.00 usr cpu s       0.00 sys cpu s       0.00 wall s
TIDE truncate_matrix took      0.00 usr cpu s       0.00 sys cpu s       0.00 wall s
INDE Actual introduced error   0.000000e+00 : nnz before  49284 <-> 100.00 % , nnz after  49284 <-> 100.00 %
TIDE square took      0.00 usr cpu s       0.01 sys cpu s       0.00 wall s
INDE NNZ Xsq = 49284 <-> 100.00 %
TIDE Frobenius norm of X-X^2 took      0.00 usr cpu s       0.00 sys cpu s       0.00 wall s
TIDE Mixed norm of X-X^2 took      0.00 usr cpu s       0.01 sys cpu s       0.00 wall s
TIDE Trace of X-X^2 took      0.00 usr cpu s       0.00 sys cpu s       0.00 wall s
INDE ||X-X^2||_F = 2.959222e-02 , ||X-X^2||_mixed = 2.829099e-02
INDE trace(X-X^2) = 6.377537e-02
INDE trace(X) = 4.700153e+01
INDE Checking stopping criterion...   
INDE e_i =2.829099e-02, C*e_{i-1}^q = 1.238729e-01
INDE Order of convergence = 2.735019, stop = 0
TIDE stopping_criterion took      0.00 usr cpu s       0.00 sys cpu s       0.00 wall s
TIDE Iteration 20 took      0.01 usr cpu s       0.02 sys cpu s       0.00 wall s
INDE     ITERATION 21 :
TIDE purify_X took      0.00 usr cpu s       0.00 sys cpu s       0.00 wall s
TIDE truncate_matrix took      0.00 usr cpu s       0.00 sys cpu s       0.00 wall s
INDE Actual introduced error   0.000000e+00 : nnz before  49284 <-> 100.00 % , nnz after  49284 <-> 100.00 %
TIDE square took      0.01 usr cpu s       0.01 sys cpu s       0.00 wall s
INDE NNZ Xsq = 49284 <-> 100.00 %
TIDE Frobenius norm of X-X^2 took      0.00 usr cpu s       0.00 sys cpu s       0.00 wall s
TIDE Mixed norm of X-X^2 took      0.00 usr cpu s       0.01 sys cpu s       0.00 wall s
TIDE Trace of X-X^2 took      0.00 usr cpu s       0.00 sys cpu s       0.00 wall s
INDE ||X-X^2||_F = 3.865587e-02 , ||X-X^2||_mixed = 3.853062e-02
INDE trace(X-X^2) = 6.167105e-02
INDE trace(X) = 4.693775e+01
INDE Checking stopping criterion...   
INDE Order of convergence cannot be computed
TIDE stopping_criterion took      0.00 usr cpu s       0.00 sys cpu s       0.00 wall s
TIDE Iteration 21 took      0.01 usr cpu s       0.02 sys cpu s       0.00 wall s
INDE     ITERATION 22 :
TIDE purify_X took      0.00 usr cpu s       0.00 sys cpu s       0.00 wall s
TIDE truncate_matrix took      0.00 usr cpu s       0.00 sys cpu s       0.00 wall s
INDE Actual introduced error   0.000000e+00 : nnz before  49284 <-> 100.00 % , nnz after  49284 <-> 100.00 %
TIDE square took      0.00 usr cpu s       0.01 sys cpu s       0.00 wall s
INDE NNZ Xsq = 49284 <-> 100.00 %
TIDE Frobenius norm of X-X^2 took      0.00 usr cpu s       0.00 sys cpu s       0.00 wall s
TIDE Mixed norm of X-X^2 took      0.00 usr cpu s       0.01 sys cpu s       0.00 wall s
TIDE Trace of X-X^2 took      0.00 usr cpu s       0.00 sys cpu s       0.00 wall s
INDE ||X-X^2||_F = 1.447394e-03 , ||X-X^2||_mixed = 1.400294e-03
INDE trace(X-X^2) = 2.590186e-03
INDE trace(X) = 4.699943e+01
INDE Checking stopping criterion...   
INDE e_i =1.400294e-03, C*e_{i-1}^q = 5.512380e-03
INDE Order of convergence = 2.384357, stop = 0
TIDE stopping_criterion took      0.00 usr cpu s       0.00 sys cpu s       0.00 wall s
TIDE Iteration 22 took      0.01 usr cpu s       0.02 sys cpu s       0.00 wall s
INDE     ITERATION 23 :
TIDE purify_X took      0.00 usr cpu s       0.00 sys cpu s       0.00 wall s
TIDE truncate_matrix took      0.00 usr cpu s       0.00 sys cpu s       0.00 wall s
INDE Actual introduced error   0.000000e+00 : nnz before  49284 <-> 100.00 % , nnz after  49284 <-> 100.00 %
TIDE square took      0.00 usr cpu s       0.01 sys cpu s       0.00 wall s
INDE NNZ Xsq = 49284 <-> 100.00 %
TIDE Frobenius norm of X-X^2 took      0.00 usr cpu s       0.00 sys cpu s       0.00 wall s
TIDE Mixed norm of X-X^2 took      0.00 usr cpu s       0.01 sys cpu s       0.00 wall s
TIDE Trace of X-X^2 took      0.00 usr cpu s       0.00 sys cpu s       0.00 wall s
INDE ||X-X^2||_F = 1.754400e-03 , ||X-X^2||_mixed = 1.753458e-03
INDE trace(X-X^2) = 2.015306e-03
INDE trace(X) = 4.700202e+01
INDE Checking stopping criterion...   
INDE Order of convergence cannot be computed
TIDE stopping_criterion took      0.00 usr cpu s       0.00 sys cpu s       0.00 wall s
TIDE Iteration 23 took      0.01 usr cpu s       0.02 sys cpu s       0.00 wall s
INDE     ITERATION 24 :
TIDE purify_X took      0.00 usr cpu s       0.00 sys cpu s       0.00 wall s
TIDE truncate_matrix took      0.00 usr cpu s       0.00 sys cpu s       0.00 wall s
INDE Actual introduced error   0.000000e+00 : nnz before  49284 <-> 100.00 % , nnz after  49284 <-> 100.00 %
TIDE square took      0.01 usr cpu s       0.01 sys cpu s       0.00 wall s
INDE NNZ Xsq = 49284 <-> 100.00 %
TIDE Frobenius norm of X-X^2 took      0.00 usr cpu s       0.00 sys cpu s       0.00 wall s
TIDE Mixed norm of X-X^2 took      0.00 usr cpu s       0.01 sys cpu s       0.00 wall s
TIDE Trace of X-X^2 took      0.00 usr cpu s       0.00 sys cpu s       0.00 wall s
INDE ||X-X^2||_F = 3.684538e-06 , ||X-X^2||_mixed = 3.572231e-06
INDE trace(X-X^2) = 5.740178e-06
INDE trace(X) = 4.700000e+01
INDE Checking stopping criterion...   
INDE e_i =3.572231e-06, C*e_{i-1}^q = 1.350458e-05
INDE Order of convergence = 2.202378, stop = 0
TIDE stopping_criterion took      0.00 usr cpu s       0.00 sys cpu s       0.00 wall s
TIDE Iteration 24 took      0.01 usr cpu s       0.02 sys cpu s       0.00 wall s
INDE     ITERATION 25 :
TIDE purify_X took      0.00 usr cpu s       0.00 sys cpu s       0.00 wall s
TIDE truncate_matrix took      0.00 usr cpu s       0.00 sys cpu s       0.00 wall s
INDE Actual introduced error   0.000000e+00 : nnz before  49284 <-> 100.00 % , nnz after  49284 <-> 100.00 %
TIDE square took      0.00 usr cpu s       0.01 sys cpu s       0.00 wall s
INDE NNZ Xsq = 49284 <-> 100.00 %
TIDE Frobenius norm of X-X^2 took      0.00 usr cpu s       0.00 sys cpu s       0.00 wall s
TIDE Mixed norm of X-X^2 took      0.00 usr cpu s       0.01 sys cpu s       0.00 wall s
TIDE Trace of X-X^2 took      0.00 usr cpu s       0.00 sys cpu s       0.00 wall s
INDE ||X-X^2||_F = 4.200184e-06 , ||X-X^2||_mixed = 4.196814e-06
INDE trace(X-X^2) = 5.303425e-06
INDE trace(X) = 4.699999e+01
INDE Checking stopping criterion...   
INDE Order of convergence cannot be computed
TIDE stopping_criterion took      0.00 usr cpu s       0.00 sys cpu s       0.00 wall s
TIDE Iteration 25 took      0.01 usr cpu s       0.02 sys cpu s       0.00 wall s
INDE     ITERATION 26 :
TIDE purify_X took      0.00 usr cpu s       0.00 sys cpu s       0.00 wall s
TIDE truncate_matrix took      0.00 usr cpu s       0.00 sys cpu s       0.00 wall s
INDE Actual introduced error   0.000000e+00 : nnz before  49284 <-> 100.00 % , nnz after  49284 <-> 100.00 %
TIDE square took      0.00 usr cpu s       0.01 sys cpu s       0.00 wall s
INDE NNZ Xsq = 49284 <-> 100.00 %
TIDE Frobenius norm of X-X^2 took      0.00 usr cpu s       0.00 sys cpu s       0.00 wall s
TIDE Mixed norm of X-X^2 took      0.00 usr cpu s       0.01 sys cpu s       0.00 wall s
TIDE Trace of X-X^2 took      0.00 usr cpu s       0.00 sys cpu s       0.00 wall s
INDE ||X-X^2||_F = 2.433188e-11 , ||X-X^2||_mixed = 2.353106e-11
INDE trace(X-X^2) = 3.599609e-11
INDE trace(X) = 4.700000e+01
INDE Checking stopping criterion...   
INDE e_i =2.353106e-11, C*e_{i-1}^q = 8.788643e-11
INDE Order of convergence = 2.105062, stop = 0
TIDE stopping_criterion took      0.00 usr cpu s       0.00 sys cpu s       0.00 wall s
TIDE Iteration 26 took      0.01 usr cpu s       0.02 sys cpu s       0.00 wall s
INDE     ITERATION 27 :
TIDE purify_X took      0.00 usr cpu s       0.00 sys cpu s       0.00 wall s
TIDE truncate_matrix took      0.00 usr cpu s       0.00 sys cpu s       0.00 wall s
INDE Actual introduced error   0.000000e+00 : nnz before  49284 <-> 100.00 % , nnz after  49284 <-> 100.00 %
TIDE square took      0.00 usr cpu s       0.02 sys cpu s       0.00 wall s
INDE NNZ Xsq = 49284 <-> 100.00 %
TIDE Frobenius norm of X-X^2 took      0.00 usr cpu s       0.00 sys cpu s       0.00 wall s
TIDE Mixed norm of X-X^2 took      0.01 usr cpu s       0.00 sys cpu s       0.00 wall s
TIDE Trace of X-X^2 took      0.00 usr cpu s       0.00 sys cpu s       0.00 wall s
INDE ||X-X^2||_F = 3.664706e-11 , ||X-X^2||_mixed = 3.664706e-11
INDE trace(X-X^2) = 3.667111e-11
INDE trace(X) = 4.700000e+01
INDE Checking stopping criterion...   
INDE Order of convergence cannot be computed
TIDE stopping_criterion took      0.00 usr cpu s       0.00 sys cpu s       0.00 wall s
TIDE Iteration 27 took      0.01 usr cpu s       0.02 sys cpu s       0.00 wall s
INDE     ITERATION 28 :
TIDE purify_X took      0.00 usr cpu s       0.00 sys cpu s       0.00 wall s
TIDE truncate_matrix took      0.00 usr cpu s       0.00 sys cpu s       0.00 wall s
INDE Actual introduced error   0.000000e+00 : nnz before  49284 <-> 100.00 % , nnz after  49284 <-> 100.00 %
TIDE square took      0.01 usr cpu s       0.02 sys cpu s       0.00 wall s
INDE NNZ Xsq = 49284 <-> 100.00 %
TIDE Frobenius norm of X-X^2 took      0.00 usr cpu s       0.00 sys cpu s       0.00 wall s
TIDE Mixed norm of X-X^2 took      0.00 usr cpu s       0.00 sys cpu s       0.00 wall s
TIDE Trace of X-X^2 took      0.00 usr cpu s       0.00 sys cpu s       0.00 wall s
INDE ||X-X^2||_F = 2.178409e-15 , ||X-X^2||_mixed = 0.000000e+00
INDE trace(X-X^2) = 0.000000e+00
INDE trace(X) = 4.700000e+01
INDE Checking stopping criterion...   
INDE ************************************************************************************************************
INDE The norm value went much below machine precision, therefore we stop here since n_max can be underestimated.
INDE ************************************************************************************************************
INDE e_i =0.000000e+00, C*e_{i-1}^q = 3.813518e-21
INDE Order of convergence = inf, stop = 1
TIDE stopping_criterion took      0.00 usr cpu s       0.00 sys cpu s       0.00 wall s
INDE PURIFICATION CONVERGED after 28 iterations
TIDE Iteration 28 took      0.01 usr cpu s       0.02 sys cpu s       0.00 wall s
INDE Number of non-zeros in D is  49284 <-> 100.00 %
TIDE FileWritable::writeAndReadAll took      0.00 usr cpu s       0.00 sys cpu s       0.00 wall s
INDE writeAndReadAll sizesStr: '0 MB (1 MatrixGeneral, 0 > 1 MB) + 0 MB (13 MatrixSymmetric, 0 > 1 MB) + 0 MB (2 VectorGeneral, 0 > 1 MB) = 0 MB (16 total, 0 > 1 MB)
INDE TOTAL accumulated subspace error is 0.000000e+00
INDE TOTAL X square time: 0.063463 wall s
INDE TOTAL X trunction time: 0.003290 wall s
INDE TOTAL X purify (exl. X^2 computation) time: 0.003330 wall s
INDE TOTAL time to get number of non-zero elements: 0.001030 wall s
INDE TOTAL time to get mixed norm: 0.040569 wall s
INDE TOTAL time to get Frobenius norm: 0.003602 wall s
INDE TOTAL time for stopping criterion: 0.001244 wall s
INDE TOTAL time to get matrix trace: 0.000550 wall s
INDE Estimated bounds for the eigenvalues for the Fock matrix:
INDE LUMO: [ 0.089562005164 , 0.142674503764 ]
INDE HOMO: [ -0.394875083156 , -0.342407398640 ]
TIDE eigenvalue_bounds_estimation() took      0.00 usr cpu s       0.00 sys cpu s       0.00 wall s
TIDE Recursive expansion took      0.38 usr cpu s       1.06 sys cpu s       0.18 wall s
TIDE Puri->PurificationStart() took      0.38 usr cpu s       1.06 sys cpu s       0.18 wall s
TIDE Accumulated wall times for writeToFile in PurificationStart()          : 0 s (MatrixGeneral) + 2.9e-06 s (MatrixSymmetric) + 5.8e-05 s (VectorGeneral) = 6.1e-05 s
TIDE Accumulated wall times for readFromFile in PurificationStart()         : 0 s (MatrixGeneral) + 1.9e-06 s (MatrixSymmetric) + 1.6e-05 s (VectorGeneral) = 1.8e-05 s
TIDE Accumulated wall times for copy and assign in PurificationStart()      : 9.5e-07 s (MatrixSymmetric) + 4e-05 s (VectorGeneral) = 4.1e-05 s
INDE Number of calls to writeToFile in PurificationStart()                  : 2 (MatrixGeneral) + 27 (MatrixSymmetric) + 779 (VectorGeneral) = 808 
INDE Number of calls to readFromFile in PurificationStart()                 : 2 (MatrixGeneral) + 26 (MatrixSymmetric) + 248 (VectorGeneral) = 276 
INDE Number of calls to FileWritable copy and assign in PurificationStart() : 2 (MatrixSymmetric) + 30 (VectorGeneral) = 32 
TIDE mat::Gblas::time after purification :     0.835820
INDE Created .m files with results of the purification
INDE Purification converged OK, subspaceError <=          0.00000000000
INDE E(LUMO) - E(HOMO) >=          0.43196940380 =         11.75448634954 eV
INDE E(LUMO) - E(HOMO) <=          0.53754958692 =         14.62746950596 eV
INDE HOMO interval : [   -0.394875083156   -0.342407398640 ]
INDE LUMO interval : [    0.089562005164    0.142674503764 ]
INDE Trace of resulting density matrix is         47.00000000000, error is  -0.00000000000001.
INDE Truncated D_ort ( mixed ), selected threshold = 9.99999e-08, returned error =          0, nnz before = 49284 <-> 100.0000 %, nnz after = 49284 <-> 100.0000 %
TIDE FileWritable::writeAndReadAll took      0.00 usr cpu s       0.00 sys cpu s       0.00 wall s
INDE writeAndReadAll sizesStr: '0 MB (1 MatrixGeneral, 0 > 1 MB) + 0 MB (12 MatrixSymmetric, 0 > 1 MB) + 0 MB (1 MatrixTriangular, 0 > 1 MB) = 0 MB (14 total, 0 > 1 MB)
TIDE D_w to non-orthogonal basis took      0.01 usr cpu s       0.01 sys cpu s       0.00 wall s
INDE Truncated D_S (eucl with Z), selected threshold = 9.99999e-08, returned error =          0, nnz before = 100.0000 %, nnz after = 100.0000 %
INDE get_dens_from_fock_sparse ending OK
TIDE get_dens_from_fock_sparse took      0.48 usr cpu s       1.46 sys cpu s       0.25 wall s
ERDE get_dens_from_fock  (GetDensFromFock class) : purification finished OK.
TIDE get_dens_from_fock took      0.48 usr cpu s       1.46 sys cpu s       0.25 wall s
INSC Matrix 'new density matrix' ( symm ): n =    222, nnz =        49284 <-> 100.00 %, mem usage  0.0002 G
INSC Tr( D * S ) =         94.00000000000
TISC get_new_density_matrix took      0.48 usr cpu s       1.46 sys cpu s       0.25 wall s
INSC SCF_restricted::report_density_difference, diff_eucl =          0.01085691822
TISC SCF_restricted::report_density_difference took      0.02 usr cpu s       0.12 sys cpu s       0.02 wall s
INMA ddf_writeShellListAndDensityMatricesToFile_sparse, n =    222, densityMatrixList[0].nvalues =       24753
INMA opened temporary file 'density.bin.UEadpf' for writing
INMA Choosing matrixStorageType = MATRIX_STORAGE_TYPE_TRIANGLE.
INMA fileSize =          252744 bytes =      0.253 MegaBytes
INMA renamed file 'density.bin.UEadpf' to 'density.bin'
INMA ddf_writeShellListAndDensityMatricesToFile_sparse freeing buffer.
INMA ddf_writeShellListAndDensityMatricesToFile_sparse returning OK.
TISC write_density_to_file took      0.02 usr cpu s       0.06 sys cpu s       0.01 wall s
INSC SCF cycle   6 finished.
TISC SCF cycle   6 took    169.58 usr cpu s       2.44 sys cpu s      31.88 wall s
INSC Beginning of SCF cycle 7:  Thu Mar 26 20:03:55 2026
INDE compute_J_by_boxes_sparse() start.
TIDE FileWritable::writeAndReadAll took      0.00 usr cpu s       0.00 sys cpu s       0.00 wall s
INDE writeAndReadAll: '0 MB (1 MatrixGeneral, 0 > 1 MB) + 0 MB (11 MatrixSymmetric, 0 > 1 MB) = 0 MB (12 total, 0 > 1 MB)
IN   compute_J_by_boxes_sparse, maxDensityMatrixElement =          2.08717030612
ININ get_basis_func_pair_list, n =    222
ININ create_box_system end OK, toplevelBoxSize:   7.0, #levels:  3, #boxes at top level:      6
TIIN get_basis_func_pair_list_2el took      0.19 usr cpu s       0.37 sys cpu s       0.14 wall s
IN   compute_J_by_boxes_sparse: noOfBasisFuncIndexPairs = 21264 ==> storing  43.15 % of a full matrix
ININ entering compute_J_by_boxes_linear, no of basis funcs =   222, threshold_J =   1e-12
ININ use_fmm = 1, fmm_box_size =   5.00
TIIN Compute extent for all distrs took      0.27 usr cpu s       0.00 sys cpu s       0.27 wall s
ININ extent_min =    0.000, extent_max =    8.988
ININ Creating list of distributions etc done, distrCount =    208583
TIIN Creating list of distributions etc took      0.41 usr cpu s       0.00 sys cpu s       0.41 wall s
ININ create_box_system end OK, toplevelBoxSize:   5.0, #levels:  3, #boxes at top level:     10
TIIN Creating boxes took      0.02 usr cpu s       0.00 sys cpu s       0.02 wall s
ININ noOfBranches = 4, splitters:   5.00  2.50  0.00
ININ J org done, groupCount =     7861
TIIN J org took      0.82 usr cpu s       0.00 sys cpu s       0.82 wall s
TIIN Generate group multipoles took      0.38 usr cpu s       0.00 sys cpu s       0.38 wall s
ININ totChargeWholeSystem =          0.00000000000
ININ Generating multipole for each branch at top level, MAX_MULTIPOLE_DEGREE = 15
TIIN Translate multipoles (step 1) took      0.24 usr cpu s       0.00 sys cpu s       0.24 wall s
TIIN Translate multipoles (step 2) took      0.06 usr cpu s       0.00 sys cpu s       0.06 wall s
ININ job lists for J created OK, noOfJobs_J_standard =      789, noOfJobs_J_multipole =       62
TIIN Creating job lists for J took      0.00 usr cpu s       0.00 sys cpu s       0.00 wall s
ININ execute_joblist_J_std_threaded, noOfThreads =  8
ININ 8 threads started OK.
ININ all 8 threads have finished.
TIIN execute_joblist_J_std_threaded took     57.87 usr cpu s       0.06 sys cpu s       9.33 wall s
TIIN sort_list_of_multipole_jobs init part took      0.00 usr cpu s       0.00 sys cpu s       0.00 wall s
TIIN sort_list_of_multipole_jobs complete took      0.00 usr cpu s       0.00 sys cpu s       0.00 wall s
TIIN sort_list_of_multipole_jobs took      0.00 usr cpu s       0.00 sys cpu s       0.00 wall s
ININ execute_joblist_J_fmm_shared: Allocating multipoleList_4, maxnoOfMinimalDistrsPerBoxBranch =     49239
ININ execute_joblist_J_fmm_shared: jobIndexLo =            0, jobIndexHi =            7
ININ execute_joblist_J_fmm_shared: Allocating multipoleList_4, maxnoOfMinimalDistrsPerBoxBranch =     49239
ININ execute_joblist_J_fmm_shared: Allocating multipoleList_4, maxnoOfMinimalDistrsPerBoxBranch =     49239
ININ execute_joblist_J_fmm_shared: jobIndexLo =            7, jobIndexHi =           15
ININ execute_joblist_J_fmm_shared: jobIndexLo =           23, jobIndexHi =           31
ININ execute_joblist_J_fmm_shared: Allocating multipoleList_4, maxnoOfMinimalDistrsPerBoxBranch =     49239
ININ execute_joblist_J_fmm_shared: jobIndexLo =           15, jobIndexHi =           23
ININ execute_joblist_J_fmm_shared: Allocating multipoleList_4, maxnoOfMinimalDistrsPerBoxBranch =     49239
ININ execute_joblist_J_fmm_shared: jobIndexLo =           31, jobIndexHi =           38
ININ execute_joblist_J_fmm_shared: Allocating multipoleList_4, maxnoOfMinimalDistrsPerBoxBranch =     49239
ININ execute_joblist_J_fmm_shared: jobIndexLo =           38, jobIndexHi =           46
ININ execute_joblist_J_fmm_shared: Allocating multipoleList_4, maxnoOfMinimalDistrsPerBoxBranch =     49239
ININ execute_joblist_J_fmm_shared: jobIndexLo =           46, jobIndexHi =           54
ININ execute_joblist_J_fmm_shared: Allocating multipoleList_4, maxnoOfMinimalDistrsPerBoxBranch =     49239
ININ execute_joblist_J_fmm_shared: jobIndexLo =           54, jobIndexHi =           62
ININ execute_joblist_J_fmm_shared: done!
ININ execute_joblist_J_fmm_shared: done!
ININ execute_joblist_J_fmm_shared: done!
ININ execute_joblist_J_fmm_shared: done!
ININ execute_joblist_J_fmm_shared: done!
ININ execute_joblist_J_fmm_shared: done!
ININ execute_joblist_J_fmm_shared: done!
ININ execute_joblist_J_fmm_shared: done!
ININ multipole job list for J executed, largest L used: 12
TIIN Executing multipole job list for J took      0.24 usr cpu s       0.00 sys cpu s       0.10 wall s
ININ compute_J_by_boxes_linear ending OK.
TIIN compute_J_by_boxes_linear took     60.07 usr cpu s       0.06 sys cpu s      11.39 wall s
TI   compute_J_by_boxes_sparse total took     60.26 usr cpu s       0.43 sys cpu s      11.53 wall s
ININ entering create_CSR_for_K, no of basis funcs =   222, threshold_K =   1e-12
ININ create_box_system end OK, toplevelBoxSize:   7.0, #levels:  3, #boxes at top level:      6
ININ create_box_system end OK, toplevelBoxSize:   7.0, #levels:  3, #boxes at top level:      6
ININ create_box_system end OK, toplevelBoxSize:   7.0, #levels:  3, #boxes at top level:      6
TIIN create_CSR_for_K getting list of distrs took      0.26 usr cpu s       0.00 sys cpu s       0.26 wall s
ININ list of neighbors complete.
TIIN create_CSR_for_K getting list of neighbors took      0.00 usr cpu s       0.00 sys cpu s       0.00 wall s
TIIN create_CSR_for_K sort each list of neighbors took      0.02 usr cpu s       0.00 sys cpu s       0.02 wall s
ININ 8 threads started OK.
TIIN identify_needed_elements() took     68.92 usr cpu s       0.02 sys cpu s       9.03 wall s
ININ computing nnz..
ININ create_CSR_for_K: predicted nnz =        24753, <->  50.23% of a full matrix
TIIN create_CSR_for_K last part took      0.00 usr cpu s       0.00 sys cpu s       0.00 wall s
TIIN create_CSR_for_K total took     69.21 usr cpu s       0.02 sys cpu s       9.31 wall s
ININ entering compute_K_by_boxes, no of basis funcs =   222, threshold_K =   1e-12, exchange_box_size =   5.00
ININ create_box_system end OK, toplevelBoxSize:   7.0, #levels:  3, #boxes at top level:      6
ININ create_box_system end OK, toplevelBoxSize:   7.0, #levels:  3, #boxes at top level:      6
ININ create_box_system end OK, toplevelBoxSize:   7.0, #levels:  3, #boxes at top level:      6
TIIN Compute extent for all distrs took      0.26 usr cpu s       0.00 sys cpu s       0.26 wall s
ININ Creating list of distributions done, distrCountTot =    208583
TIIN Creating list of distributions took      0.44 usr cpu s       0.00 sys cpu s       0.44 wall s
ININ create_box_system end OK, toplevelBoxSize:   5.0, #levels:  3, #boxes at top level:     10
ININ create_box_system end OK, toplevelBoxSize:   2.5, #levels:  4, #boxes at top level:     16
ININ noOfLevelsBasisFuncs = 4, noOfLevelsDiff = 1
TIIN Creating boxes etc took      0.02 usr cpu s       0.00 sys cpu s       0.02 wall s
TIIN getting multipoleNormVectorList took      0.44 usr cpu s       0.00 sys cpu s       0.44 wall s
TIIN K organize_distributions for all boxes took      0.88 usr cpu s       0.00 sys cpu s       0.88 wall s
ININ starting loop to setup basisFuncGroupInfoList, with added index checks.
TIIN GetLimitsAllLevels took      0.18 usr cpu s       0.00 sys cpu s       0.18 wall s
ININ getDmatLimitMatrixCSRList start.
TIIN getting densityMatrixLimitMatrixList took      0.01 usr cpu s       0.00 sys cpu s       0.01 wall s
ININ job list for K created,       55 jobs
TIIN creating job list for K took      0.00 usr cpu s       0.00 sys cpu s       0.00 wall s
ININ execute_joblist_K_threaded, noOfThreads =  8, basisFuncListCount_max =   207
ININ 8 threads started OK.
ININ all 8 threads have finished, took        8 wall s.
TIIN Executing job list for K took     38.42 usr cpu s       0.01 sys cpu s       8.45 wall s
TIIN compute_K_by_boxes took     40.40 usr cpu s       0.01 sys cpu s      10.42 wall s
TI   compute_K_by_boxes_sparse total took    109.61 usr cpu s       0.04 sys cpu s      19.74 wall s
INSC About to truncate FockMatrix, gap of Fprev >=          0.43196940380
TISC symmMatrix::mixed_diff for F vs Fprev maxEigValMovement_mixed took      0.00 usr cpu s       0.00 sys cpu s       0.00 wall s
TISC symmMatrix::eucl_diff for maxEigValMovement_eucl  took      0.01 usr cpu s       0.09 sys cpu s       0.02 wall s
INSC maxEigValMovement_frob  =          0.01351322345
INSC maxEigValMovement_mixed =          0.00949812275
INSC maxEigValMovement_eucl  =          0.00436971364
TISC FockMatrix.eucl_thresh() (with Z) took      0.02 usr cpu s       0.09 sys cpu s       0.02 wall s
INSC Truncated FockMatrix (eucl with Z), selected threshold = 4.2323e-08, returned error =          0, nnz before = 100.0000 %, nnz after = 100.0000 %
INSC Matrix 'S' ( symm ): n =    222, nnz =        49284 <-> 100.00 %, mem usage  0.0002 G
INSC Matrix 'F' ( symm ): n =    222, nnz =        49284 <-> 100.00 %, mem usage  0.0002 G
INSC Matrix 'D' ( symm ): n =    222, nnz =        49284 <-> 100.00 %, mem usage  0.0002 G
INSC nuclearEnergy, energy_2el, energy = 782.160484, 1007.747547, -644.961390
INSC Energy   7 =       -644.96138951683  ( diff     -0.000091493942136 )
INSC calling compute_FDSminusSDF_sparse, n = 222
INDE compute_FDSminusSDF_sparse() start.
TIDE FileWritable::writeAndReadAll took      0.00 usr cpu s       0.00 sys cpu s       0.00 wall s
INDE writeAndReadAll: '0 MB (1 MatrixGeneral, 0 > 1 MB) + 0 MB (9 MatrixSymmetric, 0 > 1 MB) = 0 MB (10 total, 0 > 1 MB)
TISC compute_FDSminusSDF_sparse, F*D mult took      0.02 usr cpu s       0.01 sys cpu s       0.01 wall s
INSC Matrix 'FD before eucl truncation' (normal): n =    222, nnz =        49284 <-> 100.00 %, mem usage  0.0004 G
INSC Matrix 'FD after  eucl truncation' (normal): n =    222, nnz =        49284 <-> 100.00 %, mem usage  0.0004 G
INSC Matrix 'FDS before eucl truncation' (normal): n =    222, nnz =        49284 <-> 100.00 %, mem usage  0.0004 G
INSC Matrix 'FDS after  eucl truncation' (normal): n =    222, nnz =        49284 <-> 100.00 %, mem usage  0.0004 G
INSC compute_FDSminusSDF_sparse ending OK.
TISC compute_FDSminusSDF_sparse took      0.04 usr cpu s       0.08 sys cpu s       0.02 wall s
INSC Matrix 'FDS-SDF' (normal): n =    222, nnz =        49284 <-> 100.00 %, mem usage  0.0004 G
INSC SCF_restricted::get_FDSminusSDF finished.
TISC get_FDSminusSDF took      0.04 usr cpu s       0.08 sys cpu s       0.02 wall s
INSC maxabs FDS-SDF is   0.0013
INSC frob   FDS-SDF is  0.00952
TISC get_error_measure took      0.00 usr cpu s       0.00 sys cpu s       0.00 wall s
INSC entering DIISManagerRestricted::AddIterationToList, IterCount =  6
INSC DIISManagerRestricted::AddIterationToList ending OK.
TISC DIISManagerRestricted::AddIterationToList took      0.00 usr cpu s       0.01 sys cpu s       0.00 wall s
INSC using DIIS to get combined Fock matrix, number of iters used for DIIS:  7
TISC clear_error_matrices took      0.00 usr cpu s       0.00 sys cpu s       0.00 wall s
TISC save_current_fock_as_fprev took      0.00 usr cpu s       0.00 sys cpu s       0.00 wall s
INDE get_dens_from_fock_general, n = 222, use_diagonalization = 0, use_diag_on_error = 1
INDE Before writeAndReadAll(): AllocatorManager statistics:  noOfRealsPerBuffer: 1024 noOfBuffers: 20000 list.size(): 1. Allocated: 0.164 GB, Used: 0.00533 GB, Peak alloc: 0.164 GB.
TIDE FileWritable::writeAndReadAll took      0.00 usr cpu s       0.00 sys cpu s       0.00 wall s
INDE writeAndReadAll sizesStr: '0 MB (1 MatrixGeneral, 0 > 1 MB) + 0 MB (7 MatrixSymmetric, 0 > 1 MB) = 0 MB (8 total, 0 > 1 MB)
INDE After writeAndReadAll(): AllocatorManager statistics:  noOfRealsPerBuffer: 1024 noOfBuffers: 20000 list.size(): 1. Allocated: 0.164 GB, Used: 0.00533 GB, Peak alloc: 0.164 GB.
INDE calling get_dens_from_fock_sparse, n =    222, subspaceErrorLimit = 1e-06
INDE get_dens_from_fock_sparse() start!
INDE After F.readFromFile(): AllocatorManager statistics:  noOfRealsPerBuffer: 1024 noOfBuffers: 20000 list.size(): 1. Allocated: 0.164 GB, Used: 0.00533 GB, Peak alloc: 0.164 GB.
INDE After creating wrapper MatrixType F_w(F): AllocatorManager statistics:  noOfRealsPerBuffer: 1024 noOfBuffers: 20000 list.size(): 1. Allocated: 0.164 GB, Used: 0.00551 GB, Peak alloc: 0.164 GB.
TIDE  F_w to orthogonal basis took      0.00 usr cpu s       0.02 sys cpu s       0.00 wall s
TIDE MatrixType::mixed_diff for maxEigValMovement_mixed took      0.00 usr cpu s       0.01 sys cpu s       0.00 wall s
TIDE symmMatrixWrap::eucl_diff for maxEigValMovement_eucl  took      0.04 usr cpu s       0.16 sys cpu s       0.03 wall s
INDE maxEigValMovement_frob  =          0.01033050063
INDE maxEigValMovement_mixed =          0.00753440972
INDE maxEigValMovement_eucl  =          0.00310315995
INDE lumo before truncation: [ 0.086458845210 , 0.145777663719 ]
INDE homo before truncation: [ -0.397978243110 , -0.339304238685 ]
INDE Truncate matrix F and update intervals for homo and lumo.
INDE Truncating F_ort ( mixed ), selected threshold = 4.25763e-08
INDE Truncated F_ort ( mixed ), selected threshold = 4.25763e-08, returned error =          0, nnz before = 100.0000 %, nnz after = 100.0000 %
TIDE Truncation of F_ort took      0.00 usr cpu s       0.00 sys cpu s       0.00 wall s
INDE Chosen Ergo Wrapper
INDE Creating purification object: N = 222 , nocc = 47 , NNZ = 49284  <-> 100.00000 %
INDE Chosen norm for the truncation: 
INDE mixed
INDE Chosen norm for the stopping criterion: 
INDE mixed
INDE Chosen the NEW stopping criterion.
INDE Allowed error in subspace 7.000000e-07
INDE Chosen SP2 purification method
INDE calling Puri->PurificationStart(), number of threads = 1, trunc norm 'mixed'
TIDE gershgorin took      0.00 usr cpu s       0.00 sys cpu s       0.00 wall s
INDE Gershgorin bounds: [ -35.722146307730 , 17.120447976308 ]
INDE EXPANDED Gershgorin bounds: [ -35.722146322631 , 17.120447991209 ]
INDE Trying to impove bounds using Lanczos algorithm...
TIDE compute_spectrum_bounds took      0.09 usr cpu s       0.37 sys cpu s       0.07 wall s
INDE Spectrum of F: 	 [ -20.624940335626 , 4.255937781423 ]
INDE Transform homo and lumo bounds...
INDE HOMO bounds of X: 	 [ 0.184689704217 , 0.187047900908 ]
INDE LUMO bounds of X: 	 [ 0.165193531288 , 0.167577644028 ]
INDE INIT LUMO: [ 0.165193531288 , 0.167577644028 ]
INDE INIT HOMO: [ 0.812952099092 , 0.815310295783 ]
INDE ESTIMATED NUMBER OF ITERATIONS IS 28
INDE Put eigenvalues of F to the interval [0,1] in reverse order.
TIDE compute_X() took      0.00 usr cpu s       0.00 sys cpu s       0.00 wall s
TIDE prepare_to_purification() took      0.09 usr cpu s       0.37 sys cpu s       0.07 wall s
INDE (EIGV,PARAMS) Requested 0 occipied eigenpair(s).
INDE (EIGV,PARAMS) Requested 0 unoccipied eigenpair(s).
TIDE prepare_to_purification_eigenvectors() took      0.00 usr cpu s       0.00 sys cpu s       0.00 wall s
INDE Starting recursive expansion
INDE     BEFORE ITERATIONS:
TIDE truncate_matrix took      0.00 usr cpu s       0.00 sys cpu s       0.00 wall s
INDE Actual introduced error   0.000000e+00 : nnz before  49284 <-> 100.00 % , nnz after  49284 <-> 100.00 %
TIDE square took      0.01 usr cpu s       0.01 sys cpu s       0.00 wall s
INDE NNZ Xsq = 49284 <-> 100.00 %
TIDE Frobenius norm of X-X^2 took      0.00 usr cpu s       0.00 sys cpu s       0.00 wall s
TIDE Mixed norm of X-X^2 took      0.00 usr cpu s       0.01 sys cpu s       0.00 wall s
TIDE Trace of X-X^2 took      0.00 usr cpu s       0.00 sys cpu s       0.00 wall s
INDE ||X-X^2||_F = 1.696448e+00 , ||X-X^2||_mixed = 8.697819e-01
INDE trace(X-X^2) = 2.268025e+01
INDE trace(X) = 3.353557e+01
TIDE Iteration 0 took      0.01 usr cpu s       0.02 sys cpu s       0.00 wall s
TIDE FileWritable::writeAndReadAll took      0.00 usr cpu s       0.00 sys cpu s       0.00 wall s
INDE writeAndReadAll sizesStr: '0 MB (1 MatrixGeneral, 0 > 1 MB) + 0 MB (13 MatrixSymmetric, 0 > 1 MB) + 0 MB (2 VectorGeneral, 0 > 1 MB) = 0 MB (16 total, 0 > 1 MB)
INDE     ITERATION 1 :
TIDE purify_X took      0.00 usr cpu s       0.00 sys cpu s       0.00 wall s
TIDE truncate_matrix took      0.00 usr cpu s       0.00 sys cpu s       0.00 wall s
INDE Actual introduced error   0.000000e+00 : nnz before  49284 <-> 100.00 % , nnz after  49284 <-> 100.00 %
TIDE square took      0.01 usr cpu s       0.01 sys cpu s       0.00 wall s
INDE NNZ Xsq = 49284 <-> 100.00 %
TIDE Frobenius norm of X-X^2 took      0.00 usr cpu s       0.00 sys cpu s       0.00 wall s
TIDE Mixed norm of X-X^2 took      0.00 usr cpu s       0.01 sys cpu s       0.00 wall s
TIDE Trace of X-X^2 took      0.00 usr cpu s       0.00 sys cpu s       0.00 wall s
INDE ||X-X^2||_F = 2.452778e+00 , ||X-X^2||_mixed = 1.227595e+00
INDE trace(X-X^2) = 3.418980e+01
INDE trace(X) = 5.621582e+01
TIDE Iteration 1 took      0.01 usr cpu s       0.03 sys cpu s       0.01 wall s
INDE     ITERATION 2 :
TIDE purify_X took      0.00 usr cpu s       0.00 sys cpu s       0.00 wall s
TIDE truncate_matrix took      0.00 usr cpu s       0.00 sys cpu s       0.00 wall s
INDE Actual introduced error   0.000000e+00 : nnz before  49284 <-> 100.00 % , nnz after  49284 <-> 100.00 %
TIDE square took      0.01 usr cpu s       0.01 sys cpu s       0.00 wall s
INDE NNZ Xsq = 49284 <-> 100.00 %
TIDE Frobenius norm of X-X^2 took      0.00 usr cpu s       0.00 sys cpu s       0.00 wall s
TIDE Mixed norm of X-X^2 took      0.00 usr cpu s       0.01 sys cpu s       0.00 wall s
TIDE Trace of X-X^2 took      0.00 usr cpu s       0.00 sys cpu s       0.00 wall s
INDE ||X-X^2||_F = 3.128779e+00 , ||X-X^2||_mixed = 1.495115e+00
INDE trace(X-X^2) = 4.422253e+01
INDE trace(X) = 9.040562e+01
INDE Checking stopping criterion...   
INDE Order of convergence cannot be computed
TIDE stopping_criterion took      0.00 usr cpu s       0.00 sys cpu s       0.00 wall s
TIDE Iteration 2 took      0.01 usr cpu s       0.02 sys cpu s       0.01 wall s
INDE     ITERATION 3 :
TIDE purify_X took      0.00 usr cpu s       0.00 sys cpu s       0.00 wall s
TIDE truncate_matrix took      0.00 usr cpu s       0.00 sys cpu s       0.00 wall s
INDE Actual introduced error   0.000000e+00 : nnz before  49284 <-> 100.00 % , nnz after  49284 <-> 100.00 %
TIDE square took      0.01 usr cpu s       0.01 sys cpu s       0.00 wall s
INDE NNZ Xsq = 49284 <-> 100.00 %
TIDE Frobenius norm of X-X^2 took      0.00 usr cpu s       0.00 sys cpu s       0.00 wall s
TIDE Mixed norm of X-X^2 took      0.00 usr cpu s       0.01 sys cpu s       0.00 wall s
TIDE Trace of X-X^2 took      0.00 usr cpu s       0.00 sys cpu s       0.00 wall s
INDE ||X-X^2||_F = 2.042904e+00 , ||X-X^2||_mixed = 1.140102e+00
INDE trace(X-X^2) = 2.593155e+01
INDE trace(X) = 4.618309e+01
INDE Checking stopping criterion...   
INDE Order of convergence cannot be computed
TIDE stopping_criterion took      0.00 usr cpu s       0.00 sys cpu s       0.00 wall s
TIDE Iteration 3 took      0.02 usr cpu s       0.02 sys cpu s       0.01 wall s
INDE     ITERATION 4 :
TIDE purify_X took      0.00 usr cpu s       0.00 sys cpu s       0.00 wall s
TIDE truncate_matrix took      0.00 usr cpu s       0.00 sys cpu s       0.00 wall s
INDE Actual introduced error   0.000000e+00 : nnz before  49284 <-> 100.00 % , nnz after  49284 <-> 100.00 %
TIDE square took      0.01 usr cpu s       0.01 sys cpu s       0.00 wall s
INDE NNZ Xsq = 49284 <-> 100.00 %
TIDE Frobenius norm of X-X^2 took      0.00 usr cpu s       0.00 sys cpu s       0.00 wall s
TIDE Mixed norm of X-X^2 took      0.00 usr cpu s       0.01 sys cpu s       0.00 wall s
TIDE Trace of X-X^2 took      0.00 usr cpu s       0.00 sys cpu s       0.00 wall s
INDE ||X-X^2||_F = 2.694199e+00 , ||X-X^2||_mixed = 1.436981e+00
INDE trace(X-X^2) = 3.563226e+01
INDE trace(X) = 7.211464e+01
INDE Checking stopping criterion...   
INDE Order of convergence cannot be computed
TIDE stopping_criterion took      0.00 usr cpu s       0.00 sys cpu s       0.00 wall s
TIDE Iteration 4 took      0.01 usr cpu s       0.02 sys cpu s       0.01 wall s
INDE     ITERATION 5 :
TIDE purify_X took      0.00 usr cpu s       0.00 sys cpu s       0.00 wall s
TIDE truncate_matrix took      0.00 usr cpu s       0.00 sys cpu s       0.00 wall s
INDE Actual introduced error   0.000000e+00 : nnz before  49284 <-> 100.00 % , nnz after  49284 <-> 100.00 %
TIDE square took      0.00 usr cpu s       0.02 sys cpu s       0.00 wall s
INDE NNZ Xsq = 49284 <-> 100.00 %
TIDE Frobenius norm of X-X^2 took      0.00 usr cpu s       0.00 sys cpu s       0.00 wall s
TIDE Mixed norm of X-X^2 took      0.00 usr cpu s       0.01 sys cpu s       0.00 wall s
TIDE Trace of X-X^2 took      0.00 usr cpu s       0.00 sys cpu s       0.00 wall s
INDE ||X-X^2||_F = 2.829642e+00 , ||X-X^2||_mixed = 1.489643e+00
INDE trace(X-X^2) = 3.867140e+01
INDE trace(X) = 1.077469e+02
INDE Checking stopping criterion...   
INDE Order of convergence cannot be computed
TIDE stopping_criterion took      0.00 usr cpu s       0.00 sys cpu s       0.00 wall s
TIDE Iteration 5 took      0.01 usr cpu s       0.02 sys cpu s       0.00 wall s
INDE     ITERATION 6 :
TIDE purify_X took      0.00 usr cpu s       0.00 sys cpu s       0.00 wall s
TIDE truncate_matrix took      0.00 usr cpu s       0.00 sys cpu s       0.00 wall s
INDE Actual introduced error   0.000000e+00 : nnz before  49284 <-> 100.00 % , nnz after  49284 <-> 100.00 %
TIDE square took      0.01 usr cpu s       0.01 sys cpu s       0.00 wall s
INDE NNZ Xsq = 49284 <-> 100.00 %
TIDE Frobenius norm of X-X^2 took      0.00 usr cpu s       0.00 sys cpu s       0.00 wall s
TIDE Mixed norm of X-X^2 took      0.00 usr cpu s       0.01 sys cpu s       0.00 wall s
TIDE Trace of X-X^2 took      0.00 usr cpu s       0.00 sys cpu s       0.00 wall s
INDE ||X-X^2||_F = 2.431505e+00 , ||X-X^2||_mixed = 1.395153e+00
INDE trace(X-X^2) = 2.987900e+01
INDE trace(X) = 6.907550e+01
INDE Checking stopping criterion...   
INDE Order of convergence cannot be computed
TIDE stopping_criterion took      0.00 usr cpu s       0.00 sys cpu s       0.00 wall s
TIDE Iteration 6 took      0.01 usr cpu s       0.03 sys cpu s       0.01 wall s
INDE     ITERATION 7 :
TIDE purify_X took      0.00 usr cpu s       0.00 sys cpu s       0.00 wall s
TIDE truncate_matrix took      0.00 usr cpu s       0.00 sys cpu s       0.00 wall s
INDE Actual introduced error   0.000000e+00 : nnz before  49284 <-> 100.00 % , nnz after  49284 <-> 100.00 %
TIDE square took      0.01 usr cpu s       0.01 sys cpu s       0.00 wall s
INDE NNZ Xsq = 49284 <-> 100.00 %
TIDE Frobenius norm of X-X^2 took      0.00 usr cpu s       0.00 sys cpu s       0.00 wall s
TIDE Mixed norm of X-X^2 took      0.00 usr cpu s       0.01 sys cpu s       0.00 wall s
TIDE Trace of X-X^2 took      0.00 usr cpu s       0.00 sys cpu s       0.00 wall s
INDE ||X-X^2||_F = 1.752175e+00 , ||X-X^2||_mixed = 1.119070e+00
INDE trace(X-X^2) = 1.729545e+01
INDE trace(X) = 3.919650e+01
INDE Checking stopping criterion...   
INDE Order of convergence cannot be computed
TIDE stopping_criterion took      0.00 usr cpu s       0.00 sys cpu s       0.00 wall s
TIDE Iteration 7 took      0.01 usr cpu s       0.03 sys cpu s       0.01 wall s
INDE     ITERATION 8 :
TIDE purify_X took      0.00 usr cpu s       0.00 sys cpu s       0.00 wall s
TIDE truncate_matrix took      0.00 usr cpu s       0.00 sys cpu s       0.00 wall s
INDE Actual introduced error   0.000000e+00 : nnz before  49284 <-> 100.00 % , nnz after  49284 <-> 100.00 %
TIDE square took      0.01 usr cpu s       0.01 sys cpu s       0.00 wall s
INDE NNZ Xsq = 49284 <-> 100.00 %
TIDE Frobenius norm of X-X^2 took      0.00 usr cpu s       0.00 sys cpu s       0.00 wall s
TIDE Mixed norm of X-X^2 took      0.00 usr cpu s       0.01 sys cpu s       0.00 wall s
TIDE Trace of X-X^2 took      0.00 usr cpu s       0.00 sys cpu s       0.00 wall s
INDE ||X-X^2||_F = 1.978913e+00 , ||X-X^2||_mixed = 1.220639e+00
INDE trace(X-X^2) = 2.135592e+01
INDE trace(X) = 5.649195e+01
INDE Checking stopping criterion...   
INDE Order of convergence cannot be computed
TIDE stopping_criterion took      0.00 usr cpu s       0.00 sys cpu s       0.00 wall s
TIDE Iteration 8 took      0.01 usr cpu s       0.02 sys cpu s       0.00 wall s
INDE     ITERATION 9 :
TIDE purify_X took      0.00 usr cpu s       0.00 sys cpu s       0.00 wall s
TIDE truncate_matrix took      0.00 usr cpu s       0.00 sys cpu s       0.00 wall s
INDE Actual introduced error   0.000000e+00 : nnz before  49284 <-> 100.00 % , nnz after  49284 <-> 100.00 %
TIDE square took      0.00 usr cpu s       0.02 sys cpu s       0.00 wall s
INDE NNZ Xsq = 49284 <-> 100.00 %
TIDE Frobenius norm of X-X^2 took      0.00 usr cpu s       0.00 sys cpu s       0.00 wall s
TIDE Mixed norm of X-X^2 took      0.00 usr cpu s       0.01 sys cpu s       0.00 wall s
TIDE Trace of X-X^2 took      0.00 usr cpu s       0.00 sys cpu s       0.00 wall s
INDE ||X-X^2||_F = 1.539801e+00 , ||X-X^2||_mixed = 1.043568e+00
INDE trace(X-X^2) = 1.273168e+01
INDE trace(X) = 3.513603e+01
INDE Checking stopping criterion...   
INDE Order of convergence cannot be computed
TIDE stopping_criterion took      0.00 usr cpu s       0.00 sys cpu s       0.00 wall s
TIDE Iteration 9 took      0.00 usr cpu s       0.03 sys cpu s       0.01 wall s
INDE     ITERATION 10 :
TIDE purify_X took      0.00 usr cpu s       0.00 sys cpu s       0.00 wall s
TIDE truncate_matrix took      0.00 usr cpu s       0.00 sys cpu s       0.00 wall s
INDE Actual introduced error   0.000000e+00 : nnz before  49284 <-> 100.00 % , nnz after  49284 <-> 100.00 %
TIDE square took      0.00 usr cpu s       0.02 sys cpu s       0.00 wall s
INDE NNZ Xsq = 49284 <-> 100.00 %
TIDE Frobenius norm of X-X^2 took      0.00 usr cpu s       0.00 sys cpu s       0.00 wall s
TIDE Mixed norm of X-X^2 took      0.00 usr cpu s       0.01 sys cpu s       0.00 wall s
TIDE Trace of X-X^2 took      0.00 usr cpu s       0.00 sys cpu s       0.00 wall s
INDE ||X-X^2||_F = 1.535718e+00 , ||X-X^2||_mixed = 1.008720e+00
INDE trace(X-X^2) = 1.407663e+01
INDE trace(X) = 4.786771e+01
INDE Checking stopping criterion...   
INDE Order of convergence cannot be computed
TIDE stopping_criterion took      0.00 usr cpu s       0.00 sys cpu s       0.00 wall s
TIDE Iteration 10 took      0.01 usr cpu s       0.03 sys cpu s       0.01 wall s
INDE     ITERATION 11 :
TIDE purify_X took      0.00 usr cpu s       0.00 sys cpu s       0.00 wall s
TIDE truncate_matrix took      0.00 usr cpu s       0.00 sys cpu s       0.00 wall s
INDE Actual introduced error   0.000000e+00 : nnz before  49284 <-> 100.00 % , nnz after  49284 <-> 100.00 %
TIDE square took      0.00 usr cpu s       0.01 sys cpu s       0.00 wall s
INDE NNZ Xsq = 49284 <-> 100.00 %
TIDE Frobenius norm of X-X^2 took      0.00 usr cpu s       0.00 sys cpu s       0.00 wall s
TIDE Mixed norm of X-X^2 took      0.00 usr cpu s       0.01 sys cpu s       0.00 wall s
TIDE Trace of X-X^2 took      0.00 usr cpu s       0.00 sys cpu s       0.00 wall s
INDE ||X-X^2||_F = 1.525253e+00 , ||X-X^2||_mixed = 1.054919e+00
INDE trace(X-X^2) = 1.394028e+01
INDE trace(X) = 6.194434e+01
INDE Checking stopping criterion...   
INDE Order of convergence cannot be computed
TIDE stopping_criterion took      0.00 usr cpu s       0.00 sys cpu s       0.00 wall s
TIDE Iteration 11 took      0.01 usr cpu s       0.03 sys cpu s       0.01 wall s
INDE     ITERATION 12 :
TIDE purify_X took      0.00 usr cpu s       0.00 sys cpu s       0.00 wall s
TIDE truncate_matrix took      0.00 usr cpu s       0.00 sys cpu s       0.00 wall s
INDE Actual introduced error   0.000000e+00 : nnz before  49284 <-> 100.00 % , nnz after  49284 <-> 100.00 %
TIDE square took      0.00 usr cpu s       0.02 sys cpu s       0.00 wall s
INDE NNZ Xsq = 49284 <-> 100.00 %
TIDE Frobenius norm of X-X^2 took      0.00 usr cpu s       0.00 sys cpu s       0.00 wall s
TIDE Mixed norm of X-X^2 took      0.01 usr cpu s       0.01 sys cpu s       0.00 wall s
TIDE Trace of X-X^2 took      0.00 usr cpu s       0.00 sys cpu s       0.00 wall s
INDE ||X-X^2||_F = 1.135332e+00 , ||X-X^2||_mixed = 7.831531e-01
INDE trace(X-X^2) = 8.882816e+00
INDE trace(X) = 4.800407e+01
INDE Checking stopping criterion...   
INDE Order of convergence cannot be computed
TIDE stopping_criterion took      0.00 usr cpu s       0.00 sys cpu s       0.00 wall s
TIDE Iteration 12 took      0.01 usr cpu s       0.03 sys cpu s       0.01 wall s
INDE     ITERATION 13 :
TIDE purify_X took      0.00 usr cpu s       0.00 sys cpu s       0.00 wall s
TIDE truncate_matrix took      0.00 usr cpu s       0.00 sys cpu s       0.00 wall s
INDE Actual introduced error   0.000000e+00 : nnz before  49284 <-> 100.00 % , nnz after  49284 <-> 100.00 %
TIDE square took      0.00 usr cpu s       0.02 sys cpu s       0.00 wall s
INDE NNZ Xsq = 49284 <-> 100.00 %
TIDE Frobenius norm of X-X^2 took      0.00 usr cpu s       0.00 sys cpu s       0.00 wall s
TIDE Mixed norm of X-X^2 took      0.00 usr cpu s       0.01 sys cpu s       0.00 wall s
TIDE Trace of X-X^2 took      0.00 usr cpu s       0.00 sys cpu s       0.00 wall s
INDE ||X-X^2||_F = 1.136423e+00 , ||X-X^2||_mixed = 8.313536e-01
INDE trace(X-X^2) = 7.039132e+00
INDE trace(X) = 3.912125e+01
INDE Checking stopping criterion...   
INDE Order of convergence cannot be computed
TIDE stopping_criterion took      0.00 usr cpu s       0.00 sys cpu s       0.00 wall s
TIDE Iteration 13 took      0.01 usr cpu s       0.02 sys cpu s       0.00 wall s
INDE     ITERATION 14 :
TIDE purify_X took      0.00 usr cpu s       0.00 sys cpu s       0.00 wall s
TIDE truncate_matrix took      0.00 usr cpu s       0.00 sys cpu s       0.00 wall s
INDE Actual introduced error   0.000000e+00 : nnz before  49284 <-> 100.00 % , nnz after  49284 <-> 100.00 %
TIDE square took      0.00 usr cpu s       0.01 sys cpu s       0.00 wall s
INDE NNZ Xsq = 49284 <-> 100.00 %
TIDE Frobenius norm of X-X^2 took      0.00 usr cpu s       0.00 sys cpu s       0.00 wall s
TIDE Mixed norm of X-X^2 took      0.00 usr cpu s       0.01 sys cpu s       0.00 wall s
TIDE Trace of X-X^2 took      0.00 usr cpu s       0.00 sys cpu s       0.00 wall s
INDE ||X-X^2||_F = 7.344921e-01 , ||X-X^2||_mixed = 5.416126e-01
INDE trace(X-X^2) = 4.672090e+00
INDE trace(X) = 4.616038e+01
INDE Checking stopping criterion...   
INDE e_i =5.416126e-01, C*e_{i-1}^q = 4.224118e+00
INDE Order of convergence = 10.403385, stop = 0
TIDE stopping_criterion took      0.00 usr cpu s       0.00 sys cpu s       0.00 wall s
TIDE Iteration 14 took      0.01 usr cpu s       0.02 sys cpu s       0.00 wall s
INDE     ITERATION 15 :
TIDE purify_X took      0.00 usr cpu s       0.00 sys cpu s       0.00 wall s
TIDE truncate_matrix took      0.00 usr cpu s       0.00 sys cpu s       0.00 wall s
INDE Actual introduced error   0.000000e+00 : nnz before  49284 <-> 100.00 % , nnz after  49284 <-> 100.00 %
TIDE square took      0.00 usr cpu s       0.02 sys cpu s       0.00 wall s
INDE NNZ Xsq = 49284 <-> 100.00 %
TIDE Frobenius norm of X-X^2 took      0.00 usr cpu s       0.00 sys cpu s       0.00 wall s
TIDE Mixed norm of X-X^2 took      0.00 usr cpu s       0.01 sys cpu s       0.00 wall s
TIDE Trace of X-X^2 took      0.00 usr cpu s       0.00 sys cpu s       0.00 wall s
INDE ||X-X^2||_F = 7.309831e-01 , ||X-X^2||_mixed = 5.527019e-01
INDE trace(X-X^2) = 3.795774e+00
INDE trace(X) = 5.083247e+01
INDE Checking stopping criterion...   
INDE Order of convergence cannot be computed
TIDE stopping_criterion took      0.00 usr cpu s       0.00 sys cpu s       0.00 wall s
TIDE Iteration 15 took      0.01 usr cpu s       0.03 sys cpu s       0.00 wall s
INDE     ITERATION 16 :
TIDE purify_X took      0.00 usr cpu s       0.00 sys cpu s       0.00 wall s
TIDE truncate_matrix took      0.00 usr cpu s       0.00 sys cpu s       0.00 wall s
INDE Actual introduced error   0.000000e+00 : nnz before  49284 <-> 100.00 % , nnz after  49284 <-> 100.00 %
TIDE square took      0.00 usr cpu s       0.02 sys cpu s       0.00 wall s
INDE NNZ Xsq = 49284 <-> 100.00 %
TIDE Frobenius norm of X-X^2 took      0.00 usr cpu s       0.00 sys cpu s       0.00 wall s
TIDE Mixed norm of X-X^2 took      0.00 usr cpu s       0.01 sys cpu s       0.00 wall s
TIDE Trace of X-X^2 took      0.00 usr cpu s       0.00 sys cpu s       0.00 wall s
INDE ||X-X^2||_F = 3.736076e-01 , ||X-X^2||_mixed = 3.052494e-01
INDE trace(X-X^2) = 1.819599e+00
INDE trace(X) = 4.703670e+01
INDE Checking stopping criterion...   
INDE e_i =3.052494e-01, C*e_{i-1}^q = 2.020320e+00
INDE Order of convergence = 5.081979, stop = 0
TIDE stopping_criterion took      0.00 usr cpu s       0.00 sys cpu s       0.00 wall s
TIDE Iteration 16 took      0.01 usr cpu s       0.03 sys cpu s       0.00 wall s
INDE     ITERATION 17 :
TIDE purify_X took      0.00 usr cpu s       0.00 sys cpu s       0.00 wall s
TIDE truncate_matrix took      0.00 usr cpu s       0.00 sys cpu s       0.00 wall s
INDE Actual introduced error   0.000000e+00 : nnz before  49284 <-> 100.00 % , nnz after  49284 <-> 100.00 %
TIDE square took      0.01 usr cpu s       0.01 sys cpu s       0.00 wall s
INDE NNZ Xsq = 49284 <-> 100.00 %
TIDE Frobenius norm of X-X^2 took      0.00 usr cpu s       0.00 sys cpu s       0.00 wall s
TIDE Mixed norm of X-X^2 took      0.00 usr cpu s       0.01 sys cpu s       0.00 wall s
TIDE Trace of X-X^2 took      0.00 usr cpu s       0.00 sys cpu s       0.00 wall s
INDE ||X-X^2||_F = 4.269499e-01 , ||X-X^2||_mixed = 3.696425e-01
INDE trace(X-X^2) = 1.694394e+00
INDE trace(X) = 4.521710e+01
INDE Checking stopping criterion...   
INDE Order of convergence cannot be computed
TIDE stopping_criterion took      0.00 usr cpu s       0.00 sys cpu s       0.00 wall s
TIDE Iteration 17 took      0.01 usr cpu s       0.02 sys cpu s       0.00 wall s
INDE     ITERATION 18 :
TIDE purify_X took      0.00 usr cpu s       0.00 sys cpu s       0.00 wall s
TIDE truncate_matrix took      0.00 usr cpu s       0.00 sys cpu s       0.00 wall s
INDE Actual introduced error   0.000000e+00 : nnz before  49284 <-> 100.00 % , nnz after  49284 <-> 100.00 %
TIDE square took      0.00 usr cpu s       0.02 sys cpu s       0.00 wall s
INDE NNZ Xsq = 49284 <-> 100.00 %
TIDE Frobenius norm of X-X^2 took      0.00 usr cpu s       0.00 sys cpu s       0.00 wall s
TIDE Mixed norm of X-X^2 took      0.00 usr cpu s       0.01 sys cpu s       0.00 wall s
TIDE Trace of X-X^2 took      0.00 usr cpu s       0.00 sys cpu s       0.00 wall s
INDE ||X-X^2||_F = 1.459807e-01 , ||X-X^2||_mixed = 1.342249e-01
INDE trace(X-X^2) = 4.663713e-01
INDE trace(X) = 4.691149e+01
INDE Checking stopping criterion...   
INDE e_i =1.342249e-01, C*e_{i-1}^q = 6.417298e-01
INDE Order of convergence = 3.318571, stop = 0
TIDE stopping_criterion took      0.00 usr cpu s       0.00 sys cpu s       0.00 wall s
TIDE Iteration 18 took      0.01 usr cpu s       0.03 sys cpu s       0.01 wall s
INDE     ITERATION 19 :
TIDE purify_X took      0.00 usr cpu s       0.00 sys cpu s       0.00 wall s
TIDE truncate_matrix took      0.00 usr cpu s       0.00 sys cpu s       0.00 wall s
INDE Actual introduced error   0.000000e+00 : nnz before  49284 <-> 100.00 % , nnz after  49284 <-> 100.00 %
TIDE square took      0.01 usr cpu s       0.01 sys cpu s       0.00 wall s
INDE NNZ Xsq = 49284 <-> 100.00 %
TIDE Frobenius norm of X-X^2 took      0.00 usr cpu s       0.00 sys cpu s       0.00 wall s
TIDE Mixed norm of X-X^2 took      0.00 usr cpu s       0.01 sys cpu s       0.00 wall s
TIDE Trace of X-X^2 took      0.00 usr cpu s       0.00 sys cpu s       0.00 wall s
INDE ||X-X^2||_F = 1.608529e-01 , ||X-X^2||_mixed = 1.526012e-01
INDE trace(X-X^2) = 3.766074e-01
INDE trace(X) = 4.737786e+01
INDE Checking stopping criterion...   
INDE Order of convergence cannot be computed
TIDE stopping_criterion took      0.00 usr cpu s       0.00 sys cpu s       0.00 wall s
TIDE Iteration 19 took      0.01 usr cpu s       0.02 sys cpu s       0.01 wall s
INDE     ITERATION 20 :
TIDE purify_X took      0.00 usr cpu s       0.00 sys cpu s       0.00 wall s
TIDE truncate_matrix took      0.00 usr cpu s       0.00 sys cpu s       0.00 wall s
INDE Actual introduced error   0.000000e+00 : nnz before  49284 <-> 100.00 % , nnz after  49284 <-> 100.00 %
TIDE square took      0.00 usr cpu s       0.02 sys cpu s       0.00 wall s
INDE NNZ Xsq = 49284 <-> 100.00 %
TIDE Frobenius norm of X-X^2 took      0.00 usr cpu s       0.00 sys cpu s       0.00 wall s
TIDE Mixed norm of X-X^2 took      0.00 usr cpu s       0.01 sys cpu s       0.00 wall s
TIDE Trace of X-X^2 took      0.00 usr cpu s       0.00 sys cpu s       0.00 wall s
INDE ||X-X^2||_F = 2.957317e-02 , ||X-X^2||_mixed = 2.827212e-02
INDE trace(X-X^2) = 6.382003e-02
INDE trace(X) = 4.700126e+01
INDE Checking stopping criterion...   
INDE e_i =2.827212e-02, C*e_{i-1}^q = 1.240820e-01
INDE Order of convergence = 2.736500, stop = 0
TIDE stopping_criterion took      0.00 usr cpu s       0.00 sys cpu s       0.00 wall s
TIDE Iteration 20 took      0.00 usr cpu s       0.03 sys cpu s       0.00 wall s
INDE     ITERATION 21 :
TIDE purify_X took      0.00 usr cpu s       0.00 sys cpu s       0.00 wall s
TIDE truncate_matrix took      0.00 usr cpu s       0.00 sys cpu s       0.00 wall s
INDE Actual introduced error   0.000000e+00 : nnz before  49284 <-> 100.00 % , nnz after  49284 <-> 100.00 %
TIDE square took      0.00 usr cpu s       0.01 sys cpu s       0.00 wall s
INDE NNZ Xsq = 49284 <-> 100.00 %
TIDE Frobenius norm of X-X^2 took      0.00 usr cpu s       0.00 sys cpu s       0.00 wall s
TIDE Mixed norm of X-X^2 took      0.00 usr cpu s       0.01 sys cpu s       0.00 wall s
TIDE Trace of X-X^2 took      0.00 usr cpu s       0.00 sys cpu s       0.00 wall s
INDE ||X-X^2||_F = 3.875297e-02 , ||X-X^2||_mixed = 3.862536e-02
INDE trace(X-X^2) = 6.197353e-02
INDE trace(X) = 4.693744e+01
INDE Checking stopping criterion...   
INDE Order of convergence cannot be computed
TIDE stopping_criterion took      0.00 usr cpu s       0.00 sys cpu s       0.00 wall s
TIDE Iteration 21 took      0.01 usr cpu s       0.03 sys cpu s       0.00 wall s
INDE     ITERATION 22 :
TIDE purify_X took      0.00 usr cpu s       0.00 sys cpu s       0.00 wall s
TIDE truncate_matrix took      0.00 usr cpu s       0.00 sys cpu s       0.00 wall s
INDE Actual introduced error   0.000000e+00 : nnz before  49284 <-> 100.00 % , nnz after  49284 <-> 100.00 %
TIDE square took      0.01 usr cpu s       0.01 sys cpu s       0.00 wall s
INDE NNZ Xsq = 49284 <-> 100.00 %
TIDE Frobenius norm of X-X^2 took      0.00 usr cpu s       0.00 sys cpu s       0.00 wall s
TIDE Mixed norm of X-X^2 took      0.00 usr cpu s       0.01 sys cpu s       0.00 wall s
TIDE Trace of X-X^2 took      0.00 usr cpu s       0.00 sys cpu s       0.00 wall s
INDE ||X-X^2||_F = 1.447763e-03 , ||X-X^2||_mixed = 1.400925e-03
INDE trace(X-X^2) = 2.591699e-03
INDE trace(X) = 4.699941e+01
INDE Checking stopping criterion...   
INDE e_i =1.400925e-03, C*e_{i-1}^q = 5.505027e-03
INDE Order of convergence = 2.383784, stop = 0
TIDE stopping_criterion took      0.00 usr cpu s       0.00 sys cpu s       0.00 wall s
TIDE Iteration 22 took      0.01 usr cpu s       0.02 sys cpu s       0.00 wall s
INDE     ITERATION 23 :
TIDE purify_X took      0.00 usr cpu s       0.00 sys cpu s       0.00 wall s
TIDE truncate_matrix took      0.00 usr cpu s       0.00 sys cpu s       0.00 wall s
INDE Actual introduced error   0.000000e+00 : nnz before  49284 <-> 100.00 % , nnz after  49284 <-> 100.00 %
TIDE square took      0.01 usr cpu s       0.04 sys cpu s       0.01 wall s
INDE NNZ Xsq = 49284 <-> 100.00 %
TIDE Frobenius norm of X-X^2 took      0.00 usr cpu s       0.00 sys cpu s       0.00 wall s
TIDE Mixed norm of X-X^2 took      0.00 usr cpu s       0.01 sys cpu s       0.00 wall s
TIDE Trace of X-X^2 took      0.00 usr cpu s       0.00 sys cpu s       0.00 wall s
INDE ||X-X^2||_F = 1.742921e-03 , ||X-X^2||_mixed = 1.741985e-03
INDE trace(X-X^2) = 2.002161e-03
INDE trace(X) = 4.700200e+01
INDE Checking stopping criterion...   
INDE Order of convergence cannot be computed
TIDE stopping_criterion took      0.00 usr cpu s       0.00 sys cpu s       0.00 wall s
TIDE Iteration 23 took      0.01 usr cpu s       0.05 sys cpu s       0.01 wall s
INDE     ITERATION 24 :
TIDE purify_X took      0.00 usr cpu s       0.00 sys cpu s       0.00 wall s
TIDE truncate_matrix took      0.00 usr cpu s       0.00 sys cpu s       0.00 wall s
INDE Actual introduced error   0.000000e+00 : nnz before  49284 <-> 100.00 % , nnz after  49284 <-> 100.00 %
TIDE square took      0.01 usr cpu s       0.01 sys cpu s       0.00 wall s
INDE NNZ Xsq = 49284 <-> 100.00 %
TIDE Frobenius norm of X-X^2 took      0.00 usr cpu s       0.00 sys cpu s       0.00 wall s
TIDE Mixed norm of X-X^2 took      0.00 usr cpu s       0.01 sys cpu s       0.00 wall s
TIDE Trace of X-X^2 took      0.00 usr cpu s       0.00 sys cpu s       0.00 wall s
INDE ||X-X^2||_F = 3.660562e-06 , ||X-X^2||_mixed = 3.547752e-06
INDE trace(X-X^2) = 5.722166e-06
INDE trace(X) = 4.700000e+01
INDE Checking stopping criterion...   
INDE e_i =3.547752e-06, C*e_{i-1}^q = 1.351675e-05
INDE Order of convergence = 2.203575, stop = 0
TIDE stopping_criterion took      0.00 usr cpu s       0.00 sys cpu s       0.00 wall s
TIDE Iteration 24 took      0.01 usr cpu s       0.02 sys cpu s       0.00 wall s
INDE     ITERATION 25 :
TIDE purify_X took      0.00 usr cpu s       0.00 sys cpu s       0.00 wall s
TIDE truncate_matrix took      0.00 usr cpu s       0.00 sys cpu s       0.00 wall s
INDE Actual introduced error   0.000000e+00 : nnz before  49284 <-> 100.00 % , nnz after  49284 <-> 100.00 %
TIDE square took      0.00 usr cpu s       0.02 sys cpu s       0.00 wall s
INDE NNZ Xsq = 49284 <-> 100.00 %
TIDE Frobenius norm of X-X^2 took      0.00 usr cpu s       0.00 sys cpu s       0.00 wall s
TIDE Mixed norm of X-X^2 took      0.00 usr cpu s       0.00 sys cpu s       0.00 wall s
TIDE Trace of X-X^2 took      0.00 usr cpu s       0.00 sys cpu s       0.00 wall s
INDE ||X-X^2||_F = 4.229912e-06 , ||X-X^2||_mixed = 4.226441e-06
INDE trace(X-X^2) = 5.348106e-06
INDE trace(X) = 4.699999e+01
INDE Checking stopping criterion...   
INDE Order of convergence cannot be computed
TIDE stopping_criterion took      0.00 usr cpu s       0.00 sys cpu s       0.00 wall s
TIDE Iteration 25 took      0.01 usr cpu s       0.02 sys cpu s       0.00 wall s
INDE     ITERATION 26 :
TIDE purify_X took      0.00 usr cpu s       0.00 sys cpu s       0.00 wall s
TIDE truncate_matrix took      0.00 usr cpu s       0.00 sys cpu s       0.00 wall s
INDE Actual introduced error   0.000000e+00 : nnz before  49284 <-> 100.00 % , nnz after  49284 <-> 100.00 %
TIDE square took      0.01 usr cpu s       0.06 sys cpu s       0.01 wall s
INDE NNZ Xsq = 49284 <-> 100.00 %
TIDE Frobenius norm of X-X^2 took      0.00 usr cpu s       0.00 sys cpu s       0.00 wall s
TIDE Mixed norm of X-X^2 took      0.00 usr cpu s       0.02 sys cpu s       0.00 wall s
TIDE Trace of X-X^2 took      0.00 usr cpu s       0.00 sys cpu s       0.00 wall s
INDE ||X-X^2||_F = 2.411010e-11 , ||X-X^2||_mixed = 2.331697e-11
INDE trace(X-X^2) = 3.574741e-11
INDE trace(X) = 4.700000e+01
INDE Checking stopping criterion...   
INDE e_i =2.331697e-11, C*e_{i-1}^q = 8.668607e-11
INDE Order of convergence = 2.104637, stop = 0
TIDE stopping_criterion took      0.00 usr cpu s       0.00 sys cpu s       0.00 wall s
TIDE Iteration 26 took      0.02 usr cpu s       0.08 sys cpu s       0.02 wall s
INDE     ITERATION 27 :
TIDE purify_X took      0.00 usr cpu s       0.00 sys cpu s       0.00 wall s
TIDE truncate_matrix took      0.00 usr cpu s       0.00 sys cpu s       0.00 wall s
INDE Actual introduced error   0.000000e+00 : nnz before  49284 <-> 100.00 % , nnz after  49284 <-> 100.00 %
TIDE square took      0.02 usr cpu s       0.09 sys cpu s       0.02 wall s
INDE NNZ Xsq = 49284 <-> 100.00 %
TIDE Frobenius norm of X-X^2 took      0.00 usr cpu s       0.00 sys cpu s       0.00 wall s
TIDE Mixed norm of X-X^2 took      0.01 usr cpu s       0.02 sys cpu s       0.00 wall s
TIDE Trace of X-X^2 took      0.00 usr cpu s       0.00 sys cpu s       0.00 wall s
INDE ||X-X^2||_F = 3.242281e-11 , ||X-X^2||_mixed = 3.241989e-11
INDE trace(X-X^2) = 3.579004e-11
INDE trace(X) = 4.700000e+01
INDE Checking stopping criterion...   
INDE e_i =3.241989e-11, C*e_{i-1}^q = 1.230247e-10
INDE Order of convergence = 2.107774, stop = 0
TIDE stopping_criterion took      0.00 usr cpu s       0.00 sys cpu s       0.00 wall s
TIDE Iteration 27 took      0.03 usr cpu s       0.11 sys cpu s       0.02 wall s
INDE     ITERATION 28 :
TIDE purify_X took      0.00 usr cpu s       0.00 sys cpu s       0.00 wall s
TIDE truncate_matrix took      0.00 usr cpu s       0.00 sys cpu s       0.00 wall s
INDE Actual introduced error   0.000000e+00 : nnz before  49284 <-> 100.00 % , nnz after  49284 <-> 100.00 %
TIDE square took      0.01 usr cpu s       0.05 sys cpu s       0.01 wall s
INDE NNZ Xsq = 49284 <-> 100.00 %
TIDE Frobenius norm of X-X^2 took      0.00 usr cpu s       0.00 sys cpu s       0.00 wall s
TIDE Mixed norm of X-X^2 took      0.00 usr cpu s       0.00 sys cpu s       0.00 wall s
TIDE Trace of X-X^2 took      0.00 usr cpu s       0.00 sys cpu s       0.00 wall s
INDE ||X-X^2||_F = 2.162096e-15 , ||X-X^2||_mixed = 0.000000e+00
INDE trace(X-X^2) = -7.105427e-15
INDE trace(X) = 4.700000e+01
INDE Checking stopping criterion...   
INDE ************************************************************************************************************
INDE The norm value went much below machine precision, therefore we stop here since n_max can be underestimated.
INDE ************************************************************************************************************
INDE e_i =0.000000e+00, C*e_{i-1}^q = 3.744441e-21
INDE Order of convergence = inf, stop = 1
TIDE stopping_criterion took      0.00 usr cpu s       0.00 sys cpu s       0.00 wall s
INDE PURIFICATION CONVERGED after 28 iterations
TIDE Iteration 28 took      0.01 usr cpu s       0.05 sys cpu s       0.01 wall s
INDE Number of non-zeros in D is  49284 <-> 100.00 %
TIDE FileWritable::writeAndReadAll took      0.00 usr cpu s       0.00 sys cpu s       0.00 wall s
INDE writeAndReadAll sizesStr: '0 MB (1 MatrixGeneral, 0 > 1 MB) + 0 MB (13 MatrixSymmetric, 0 > 1 MB) + 0 MB (2 VectorGeneral, 0 > 1 MB) = 0 MB (16 total, 0 > 1 MB)
INDE TOTAL accumulated subspace error is 0.000000e+00
INDE TOTAL X square time: 0.118718 wall s
INDE TOTAL X trunction time: 0.003561 wall s
INDE TOTAL X purify (exl. X^2 computation) time: 0.003443 wall s
INDE TOTAL time to get number of non-zero elements: 0.001178 wall s
INDE TOTAL time to get mixed norm: 0.052132 wall s
INDE TOTAL time to get Frobenius norm: 0.003919 wall s
INDE TOTAL time for stopping criterion: 0.001299 wall s
INDE TOTAL time to get matrix trace: 0.000642 wall s
INDE Estimated bounds for the eigenvalues for the Fock matrix:
INDE LUMO: [ 0.089700888528 , 0.142816254762 ]
INDE HOMO: [ -0.394911996391 , -0.342355389875 ]
TIDE eigenvalue_bounds_estimation() took      0.00 usr cpu s       0.00 sys cpu s       0.00 wall s
TIDE Recursive expansion took      0.41 usr cpu s       1.29 sys cpu s       0.26 wall s
TIDE Puri->PurificationStart() took      0.41 usr cpu s       1.29 sys cpu s       0.26 wall s
TIDE Accumulated wall times for writeToFile in PurificationStart()          : 0 s (MatrixGeneral) + 0 s (MatrixSymmetric) + 8.4e-05 s (VectorGeneral) = 8.4e-05 s
TIDE Accumulated wall times for readFromFile in PurificationStart()         : 0 s (MatrixGeneral) + 2.9e-06 s (MatrixSymmetric) + 1.9e-05 s (VectorGeneral) = 2.1e-05 s
TIDE Accumulated wall times for copy and assign in PurificationStart()      : 1.9e-06 s (MatrixSymmetric) + 4.8e-05 s (VectorGeneral) = 5e-05 s
INDE Number of calls to writeToFile in PurificationStart()                  : 2 (MatrixGeneral) + 27 (MatrixSymmetric) + 867 (VectorGeneral) = 896 
INDE Number of calls to readFromFile in PurificationStart()                 : 2 (MatrixGeneral) + 26 (MatrixSymmetric) + 311 (VectorGeneral) = 339 
INDE Number of calls to FileWritable copy and assign in PurificationStart() : 2 (MatrixSymmetric) + 30 (VectorGeneral) = 32 
TIDE mat::Gblas::time after purification :     1.150715
INDE Created .m files with results of the purification
INDE Purification converged OK, subspaceError <=          0.00000000000
INDE E(LUMO) - E(HOMO) >=          0.43205627840 =         11.75685032784 eV
INDE E(LUMO) - E(HOMO) <=          0.53772825115 =         14.63233120744 eV
INDE HOMO interval : [   -0.394911996391   -0.342355389875 ]
INDE LUMO interval : [    0.089700888528    0.142816254762 ]
INDE Trace of resulting density matrix is         47.00000000000, error is   0.00000000000000.
INDE Truncated D_ort ( mixed ), selected threshold = 9.99999e-08, returned error =          0, nnz before = 49284 <-> 100.0000 %, nnz after = 49284 <-> 100.0000 %
TIDE FileWritable::writeAndReadAll took      0.00 usr cpu s       0.00 sys cpu s       0.00 wall s
INDE writeAndReadAll sizesStr: '0 MB (1 MatrixGeneral, 0 > 1 MB) + 0 MB (12 MatrixSymmetric, 0 > 1 MB) + 0 MB (1 MatrixTriangular, 0 > 1 MB) = 0 MB (14 total, 0 > 1 MB)
TIDE D_w to non-orthogonal basis took      0.01 usr cpu s       0.02 sys cpu s       0.00 wall s
INDE Truncated D_S (eucl with Z), selected threshold = 9.99999e-08, returned error =          0, nnz before = 100.0000 %, nnz after = 100.0000 %
INDE get_dens_from_fock_sparse ending OK
TIDE get_dens_from_fock_sparse took      0.51 usr cpu s       1.68 sys cpu s       0.33 wall s
ERDE get_dens_from_fock  (GetDensFromFock class) : purification finished OK.
TIDE get_dens_from_fock took      0.51 usr cpu s       1.68 sys cpu s       0.33 wall s
INSC Matrix 'new density matrix' ( symm ): n =    222, nnz =        49284 <-> 100.00 %, mem usage  0.0002 G
INSC Tr( D * S ) =         94.00000000000
TISC get_new_density_matrix took      0.52 usr cpu s       1.68 sys cpu s       0.33 wall s
INSC SCF_restricted::report_density_difference, diff_eucl =          0.00620140507
TISC SCF_restricted::report_density_difference took      0.04 usr cpu s       0.09 sys cpu s       0.02 wall s
INMA ddf_writeShellListAndDensityMatricesToFile_sparse, n =    222, densityMatrixList[0].nvalues =       24753
INMA opened temporary file 'density.bin.XiR1jg' for writing
INMA Choosing matrixStorageType = MATRIX_STORAGE_TYPE_TRIANGLE.
INMA fileSize =          252744 bytes =      0.253 MegaBytes
INMA renamed file 'density.bin.XiR1jg' to 'density.bin'
INMA ddf_writeShellListAndDensityMatricesToFile_sparse freeing buffer.
INMA ddf_writeShellListAndDensityMatricesToFile_sparse returning OK.
TISC write_density_to_file took      0.01 usr cpu s       0.05 sys cpu s       0.01 wall s
INSC SCF cycle   7 finished.
TISC SCF cycle   7 took    170.53 usr cpu s       2.57 sys cpu s      31.69 wall s
INSC Beginning of SCF cycle 8:  Thu Mar 26 20:04:27 2026
INDE compute_J_by_boxes_sparse() start.
TIDE FileWritable::writeAndReadAll took      0.00 usr cpu s       0.00 sys cpu s       0.00 wall s
INDE writeAndReadAll: '0 MB (1 MatrixGeneral, 0 > 1 MB) + 0 MB (11 MatrixSymmetric, 0 > 1 MB) = 0 MB (12 total, 0 > 1 MB)
IN   compute_J_by_boxes_sparse, maxDensityMatrixElement =          2.08715301917
ININ get_basis_func_pair_list, n =    222
ININ create_box_system end OK, toplevelBoxSize:   7.0, #levels:  3, #boxes at top level:      6
TIIN get_basis_func_pair_list_2el took      0.19 usr cpu s       0.34 sys cpu s       0.15 wall s
IN   compute_J_by_boxes_sparse: noOfBasisFuncIndexPairs = 21264 ==> storing  43.15 % of a full matrix
ININ entering compute_J_by_boxes_linear, no of basis funcs =   222, threshold_J =   1e-12
ININ use_fmm = 1, fmm_box_size =   5.00
TIIN Compute extent for all distrs took      0.28 usr cpu s       0.00 sys cpu s       0.28 wall s
ININ extent_min =    0.000, extent_max =    8.988
ININ Creating list of distributions etc done, distrCount =    208583
TIIN Creating list of distributions etc took      0.43 usr cpu s       0.00 sys cpu s       0.43 wall s
ININ create_box_system end OK, toplevelBoxSize:   5.0, #levels:  3, #boxes at top level:     10
TIIN Creating boxes took      0.02 usr cpu s       0.00 sys cpu s       0.02 wall s
ININ noOfBranches = 4, splitters:   5.00  2.50  0.00
ININ J org done, groupCount =     7861
TIIN J org took      0.92 usr cpu s       0.00 sys cpu s       0.92 wall s
TIIN Generate group multipoles took      0.38 usr cpu s       0.00 sys cpu s       0.38 wall s
ININ totChargeWholeSystem =          0.00000000000
ININ Generating multipole for each branch at top level, MAX_MULTIPOLE_DEGREE = 15
TIIN Translate multipoles (step 1) took      0.26 usr cpu s       0.00 sys cpu s       0.26 wall s
TIIN Translate multipoles (step 2) took      0.07 usr cpu s       0.00 sys cpu s       0.07 wall s
ININ job lists for J created OK, noOfJobs_J_standard =      789, noOfJobs_J_multipole =       62
TIIN Creating job lists for J took      0.00 usr cpu s       0.00 sys cpu s       0.00 wall s
ININ execute_joblist_J_std_threaded, noOfThreads =  8
ININ 8 threads started OK.
ININ all 8 threads have finished.
TIIN execute_joblist_J_std_threaded took     58.04 usr cpu s       0.05 sys cpu s       9.41 wall s
TIIN sort_list_of_multipole_jobs init part took      0.00 usr cpu s       0.00 sys cpu s       0.00 wall s
TIIN sort_list_of_multipole_jobs complete took      0.00 usr cpu s       0.00 sys cpu s       0.00 wall s
TIIN sort_list_of_multipole_jobs took      0.00 usr cpu s       0.00 sys cpu s       0.00 wall s
ININ execute_joblist_J_fmm_shared: Allocating multipoleList_4, maxnoOfMinimalDistrsPerBoxBranch =     49239
ININ execute_joblist_J_fmm_shared: jobIndexLo =            0, jobIndexHi =            7
ININ execute_joblist_J_fmm_shared: Allocating multipoleList_4, maxnoOfMinimalDistrsPerBoxBranch =     49239
ININ execute_joblist_J_fmm_shared: Allocating multipoleList_4, maxnoOfMinimalDistrsPerBoxBranch =     49239
ININ execute_joblist_J_fmm_shared: jobIndexLo =           23, jobIndexHi =           31
ININ execute_joblist_J_fmm_shared: Allocating multipoleList_4, maxnoOfMinimalDistrsPerBoxBranch =     49239
ININ execute_joblist_J_fmm_shared: jobIndexLo =            7, jobIndexHi =           15
ININ execute_joblist_J_fmm_shared: jobIndexLo =           15, jobIndexHi =           23
ININ execute_joblist_J_fmm_shared: Allocating multipoleList_4, maxnoOfMinimalDistrsPerBoxBranch =     49239
ININ execute_joblist_J_fmm_shared: jobIndexLo =           31, jobIndexHi =           38
ININ execute_joblist_J_fmm_shared: Allocating multipoleList_4, maxnoOfMinimalDistrsPerBoxBranch =     49239
ININ execute_joblist_J_fmm_shared: jobIndexLo =           38, jobIndexHi =           46
ININ execute_joblist_J_fmm_shared: Allocating multipoleList_4, maxnoOfMinimalDistrsPerBoxBranch =     49239
ININ execute_joblist_J_fmm_shared: jobIndexLo =           46, jobIndexHi =           54
ININ execute_joblist_J_fmm_shared: Allocating multipoleList_4, maxnoOfMinimalDistrsPerBoxBranch =     49239
ININ execute_joblist_J_fmm_shared: jobIndexLo =           54, jobIndexHi =           62
ININ execute_joblist_J_fmm_shared: done!
ININ execute_joblist_J_fmm_shared: done!
ININ execute_joblist_J_fmm_shared: done!
ININ execute_joblist_J_fmm_shared: done!
ININ execute_joblist_J_fmm_shared: done!
ININ execute_joblist_J_fmm_shared: done!
ININ execute_joblist_J_fmm_shared: done!
ININ execute_joblist_J_fmm_shared: done!
ININ multipole job list for J executed, largest L used: 12
TIIN Executing multipole job list for J took      0.25 usr cpu s       0.00 sys cpu s       0.10 wall s
ININ compute_J_by_boxes_linear ending OK.
TIIN compute_J_by_boxes_linear took     60.39 usr cpu s       0.05 sys cpu s      11.61 wall s
TI   compute_J_by_boxes_sparse total took     60.59 usr cpu s       0.39 sys cpu s      11.76 wall s
ININ entering create_CSR_for_K, no of basis funcs =   222, threshold_K =   1e-12
ININ create_box_system end OK, toplevelBoxSize:   7.0, #levels:  3, #boxes at top level:      6
ININ create_box_system end OK, toplevelBoxSize:   7.0, #levels:  3, #boxes at top level:      6
ININ create_box_system end OK, toplevelBoxSize:   7.0, #levels:  3, #boxes at top level:      6
TIIN create_CSR_for_K getting list of distrs took      0.26 usr cpu s       0.00 sys cpu s       0.27 wall s
ININ list of neighbors complete.
TIIN create_CSR_for_K getting list of neighbors took      0.00 usr cpu s       0.00 sys cpu s       0.00 wall s
TIIN create_CSR_for_K sort each list of neighbors took      0.02 usr cpu s       0.00 sys cpu s       0.02 wall s
ININ 8 threads started OK.
TIIN identify_needed_elements() took     69.37 usr cpu s       0.04 sys cpu s       9.52 wall s
ININ computing nnz..
ININ create_CSR_for_K: predicted nnz =        24753, <->  50.23% of a full matrix
TIIN create_CSR_for_K last part took      0.00 usr cpu s       0.00 sys cpu s       0.00 wall s
TIIN create_CSR_for_K total took     69.66 usr cpu s       0.04 sys cpu s       9.81 wall s
ININ entering compute_K_by_boxes, no of basis funcs =   222, threshold_K =   1e-12, exchange_box_size =   5.00
ININ create_box_system end OK, toplevelBoxSize:   7.0, #levels:  3, #boxes at top level:      6
ININ create_box_system end OK, toplevelBoxSize:   7.0, #levels:  3, #boxes at top level:      6
ININ create_box_system end OK, toplevelBoxSize:   7.0, #levels:  3, #boxes at top level:      6
TIIN Compute extent for all distrs took      0.27 usr cpu s       0.00 sys cpu s       0.27 wall s
ININ Creating list of distributions done, distrCountTot =    208583
TIIN Creating list of distributions took      0.44 usr cpu s       0.00 sys cpu s       0.44 wall s
ININ create_box_system end OK, toplevelBoxSize:   5.0, #levels:  3, #boxes at top level:     10
ININ create_box_system end OK, toplevelBoxSize:   2.5, #levels:  4, #boxes at top level:     16
ININ noOfLevelsBasisFuncs = 4, noOfLevelsDiff = 1
TIIN Creating boxes etc took      0.02 usr cpu s       0.00 sys cpu s       0.02 wall s
TIIN getting multipoleNormVectorList took      0.45 usr cpu s       0.00 sys cpu s       0.45 wall s
TIIN K organize_distributions for all boxes took      0.90 usr cpu s       0.00 sys cpu s       0.90 wall s
ININ starting loop to setup basisFuncGroupInfoList, with added index checks.
TIIN GetLimitsAllLevels took      0.17 usr cpu s       0.00 sys cpu s       0.17 wall s
ININ getDmatLimitMatrixCSRList start.
TIIN getting densityMatrixLimitMatrixList took      0.01 usr cpu s       0.00 sys cpu s       0.01 wall s
ININ job list for K created,       55 jobs
TIIN creating job list for K took      0.00 usr cpu s       0.00 sys cpu s       0.00 wall s
ININ execute_joblist_K_threaded, noOfThreads =  8, basisFuncListCount_max =   207
ININ 8 threads started OK.
ININ all 8 threads have finished, took        9 wall s.
TIIN Executing job list for K took     37.47 usr cpu s       0.01 sys cpu s       8.71 wall s
TIIN compute_K_by_boxes took     39.46 usr cpu s       0.01 sys cpu s      10.70 wall s
TI   compute_K_by_boxes_sparse total took    109.13 usr cpu s       0.05 sys cpu s      20.52 wall s
INSC About to truncate FockMatrix, gap of Fprev >=          0.43205627840
TISC symmMatrix::mixed_diff for F vs Fprev maxEigValMovement_mixed took      0.00 usr cpu s       0.00 sys cpu s       0.00 wall s
TISC symmMatrix::eucl_diff for maxEigValMovement_eucl  took      0.05 usr cpu s       0.11 sys cpu s       0.03 wall s
INSC maxEigValMovement_frob  =          0.00320202922
INSC maxEigValMovement_mixed =          0.00218875153
INSC maxEigValMovement_eucl  =          0.00100598817
TISC FockMatrix.eucl_thresh() (with Z) took      0.04 usr cpu s       0.10 sys cpu s       0.02 wall s
INSC Truncated FockMatrix (eucl with Z), selected threshold = 4.30044e-08, returned error =          0, nnz before = 100.0000 %, nnz after = 100.0000 %
INSC Matrix 'S' ( symm ): n =    222, nnz =        49284 <-> 100.00 %, mem usage  0.0002 G
INSC Matrix 'F' ( symm ): n =    222, nnz =        49284 <-> 100.00 %, mem usage  0.0002 G
INSC Matrix 'D' ( symm ): n =    222, nnz =        49284 <-> 100.00 %, mem usage  0.0002 G
INSC nuclearEnergy, energy_2el, energy = 782.160484, 1007.739402, -644.961408
INSC Energy   8 =       -644.96140776304  ( diff     -0.000018246207219 )
INSC calling compute_FDSminusSDF_sparse, n = 222
INDE compute_FDSminusSDF_sparse() start.
TIDE FileWritable::writeAndReadAll took      0.00 usr cpu s       0.00 sys cpu s       0.00 wall s
INDE writeAndReadAll: '0 MB (1 MatrixGeneral, 0 > 1 MB) + 0 MB (9 MatrixSymmetric, 0 > 1 MB) = 0 MB (10 total, 0 > 1 MB)
TISC compute_FDSminusSDF_sparse, F*D mult took      0.01 usr cpu s       0.02 sys cpu s       0.01 wall s
INSC Matrix 'FD before eucl truncation' (normal): n =    222, nnz =        49284 <-> 100.00 %, mem usage  0.0004 G
INSC Matrix 'FD after  eucl truncation' (normal): n =    222, nnz =        49284 <-> 100.00 %, mem usage  0.0004 G
INSC Matrix 'FDS before eucl truncation' (normal): n =    222, nnz =        49284 <-> 100.00 %, mem usage  0.0004 G
INSC Matrix 'FDS after  eucl truncation' (normal): n =    222, nnz =        49284 <-> 100.00 %, mem usage  0.0004 G
INSC compute_FDSminusSDF_sparse ending OK.
TISC compute_FDSminusSDF_sparse took      0.03 usr cpu s       0.09 sys cpu s       0.02 wall s
INSC Matrix 'FDS-SDF' (normal): n =    222, nnz =        49284 <-> 100.00 %, mem usage  0.0004 G
INSC SCF_restricted::get_FDSminusSDF finished.
TISC get_FDSminusSDF took      0.03 usr cpu s       0.09 sys cpu s       0.02 wall s
INSC maxabs FDS-SDF is 0.000335
INSC frob   FDS-SDF is  0.00273
TISC get_error_measure took      0.00 usr cpu s       0.00 sys cpu s       0.00 wall s
INSC entering DIISManagerRestricted::AddIterationToList, IterCount =  7
INSC DIISManagerRestricted::AddIterationToList ending OK.
TISC DIISManagerRestricted::AddIterationToList took      0.00 usr cpu s       0.01 sys cpu s       0.00 wall s
INSC using DIIS to get combined Fock matrix, number of iters used for DIIS:  8
TISC clear_error_matrices took      0.00 usr cpu s       0.00 sys cpu s       0.00 wall s
TISC save_current_fock_as_fprev took      0.00 usr cpu s       0.00 sys cpu s       0.00 wall s
INDE get_dens_from_fock_general, n = 222, use_diagonalization = 0, use_diag_on_error = 1
INDE Before writeAndReadAll(): AllocatorManager statistics:  noOfRealsPerBuffer: 1024 noOfBuffers: 20000 list.size(): 1. Allocated: 0.164 GB, Used: 0.0058 GB, Peak alloc: 0.164 GB.
TIDE FileWritable::writeAndReadAll took      0.00 usr cpu s       0.00 sys cpu s       0.00 wall s
INDE writeAndReadAll sizesStr: '0 MB (1 MatrixGeneral, 0 > 1 MB) + 0 MB (7 MatrixSymmetric, 0 > 1 MB) = 0 MB (8 total, 0 > 1 MB)
INDE After writeAndReadAll(): AllocatorManager statistics:  noOfRealsPerBuffer: 1024 noOfBuffers: 20000 list.size(): 1. Allocated: 0.164 GB, Used: 0.0058 GB, Peak alloc: 0.164 GB.
INDE calling get_dens_from_fock_sparse, n =    222, subspaceErrorLimit = 1e-06
INDE get_dens_from_fock_sparse() start!
INDE After F.readFromFile(): AllocatorManager statistics:  noOfRealsPerBuffer: 1024 noOfBuffers: 20000 list.size(): 1. Allocated: 0.164 GB, Used: 0.0058 GB, Peak alloc: 0.164 GB.
INDE After creating wrapper MatrixType F_w(F): AllocatorManager statistics:  noOfRealsPerBuffer: 1024 noOfBuffers: 20000 list.size(): 1. Allocated: 0.164 GB, Used: 0.00597 GB, Peak alloc: 0.164 GB.
TIDE  F_w to orthogonal basis took      0.00 usr cpu s       0.02 sys cpu s       0.00 wall s
TIDE MatrixType::mixed_diff for maxEigValMovement_mixed took      0.00 usr cpu s       0.01 sys cpu s       0.00 wall s
TIDE symmMatrixWrap::eucl_diff for maxEigValMovement_eucl  took      0.04 usr cpu s       0.17 sys cpu s       0.03 wall s
INDE maxEigValMovement_frob  =          0.00244703467
INDE maxEigValMovement_mixed =          0.00159846307
INDE maxEigValMovement_eucl  =          0.00071225759
INDE lumo before truncation: [ 0.088988630937 , 0.143528512353 ]
INDE homo before truncation: [ -0.395624253982 , -0.341643132284 ]
INDE Truncate matrix F and update intervals for homo and lumo.
INDE Truncating F_ort ( mixed ), selected threshold = 4.30632e-08
INDE Truncated F_ort ( mixed ), selected threshold = 4.30632e-08, returned error =          0, nnz before = 100.0000 %, nnz after = 100.0000 %
TIDE Truncation of F_ort took      0.00 usr cpu s       0.00 sys cpu s       0.00 wall s
INDE Chosen Ergo Wrapper
INDE Creating purification object: N = 222 , nocc = 47 , NNZ = 49284  <-> 100.00000 %
INDE Chosen norm for the truncation: 
INDE mixed
INDE Chosen norm for the stopping criterion: 
INDE mixed
INDE Chosen the NEW stopping criterion.
INDE Allowed error in subspace 7.000000e-07
INDE Chosen SP2 purification method
INDE calling Puri->PurificationStart(), number of threads = 1, trunc norm 'mixed'
TIDE gershgorin took      0.00 usr cpu s       0.00 sys cpu s       0.00 wall s
INDE Gershgorin bounds: [ -35.722437985486 , 17.120322748589 ]
INDE EXPANDED Gershgorin bounds: [ -35.722438000387 , 17.120322763490 ]
INDE Trying to impove bounds using Lanczos algorithm...
TIDE compute_spectrum_bounds took      0.10 usr cpu s       0.42 sys cpu s       0.07 wall s
INDE Spectrum of F: 	 [ -20.624624974887 , 4.255911385182 ]
INDE Transform homo and lumo bounds...
INDE HOMO bounds of X: 	 [ 0.184785185131 , 0.186954797591 ]
INDE LUMO bounds of X: 	 [ 0.165285137479 , 0.167477207643 ]
INDE INIT LUMO: [ 0.165285137479 , 0.167477207643 ]
INDE INIT HOMO: [ 0.813045202409 , 0.815214814869 ]
INDE ESTIMATED NUMBER OF ITERATIONS IS 28
INDE Put eigenvalues of F to the interval [0,1] in reverse order.
TIDE compute_X() took      0.00 usr cpu s       0.00 sys cpu s       0.00 wall s
TIDE prepare_to_purification() took      0.10 usr cpu s       0.42 sys cpu s       0.07 wall s
INDE (EIGV,PARAMS) Requested 0 occipied eigenpair(s).
INDE (EIGV,PARAMS) Requested 0 unoccipied eigenpair(s).
TIDE prepare_to_purification_eigenvectors() took      0.00 usr cpu s       0.00 sys cpu s       0.00 wall s
INDE Starting recursive expansion
INDE     BEFORE ITERATIONS:
TIDE truncate_matrix took      0.00 usr cpu s       0.00 sys cpu s       0.00 wall s
INDE Actual introduced error   0.000000e+00 : nnz before  49284 <-> 100.00 % , nnz after  49284 <-> 100.00 %
TIDE square took      0.00 usr cpu s       0.01 sys cpu s       0.00 wall s
INDE NNZ Xsq = 49284 <-> 100.00 %
TIDE Frobenius norm of X-X^2 took      0.00 usr cpu s       0.00 sys cpu s       0.00 wall s
TIDE Mixed norm of X-X^2 took      0.01 usr cpu s       0.01 sys cpu s       0.00 wall s
TIDE Trace of X-X^2 took      0.00 usr cpu s       0.00 sys cpu s       0.00 wall s
INDE ||X-X^2||_F = 1.696468e+00 , ||X-X^2||_mixed = 8.697884e-01
INDE trace(X-X^2) = 2.268056e+01
INDE trace(X) = 3.353624e+01
TIDE Iteration 0 took      0.01 usr cpu s       0.02 sys cpu s       0.00 wall s
TIDE FileWritable::writeAndReadAll took      0.00 usr cpu s       0.00 sys cpu s       0.00 wall s
INDE writeAndReadAll sizesStr: '0 MB (1 MatrixGeneral, 0 > 1 MB) + 0 MB (13 MatrixSymmetric, 0 > 1 MB) + 0 MB (2 VectorGeneral, 0 > 1 MB) = 0 MB (16 total, 0 > 1 MB)
INDE     ITERATION 1 :
TIDE purify_X took      0.00 usr cpu s       0.00 sys cpu s       0.00 wall s
TIDE truncate_matrix took      0.00 usr cpu s       0.00 sys cpu s       0.00 wall s
INDE Actual introduced error   0.000000e+00 : nnz before  49284 <-> 100.00 % , nnz after  49284 <-> 100.00 %
TIDE square took      0.00 usr cpu s       0.01 sys cpu s       0.00 wall s
INDE NNZ Xsq = 49284 <-> 100.00 %
TIDE Frobenius norm of X-X^2 took      0.00 usr cpu s       0.00 sys cpu s       0.00 wall s
TIDE Mixed norm of X-X^2 took      0.00 usr cpu s       0.01 sys cpu s       0.00 wall s
TIDE Trace of X-X^2 took      0.00 usr cpu s       0.00 sys cpu s       0.00 wall s
INDE ||X-X^2||_F = 2.452805e+00 , ||X-X^2||_mixed = 1.227603e+00
INDE trace(X-X^2) = 3.419022e+01
INDE trace(X) = 5.621679e+01
TIDE Iteration 1 took      0.01 usr cpu s       0.03 sys cpu s       0.00 wall s
INDE     ITERATION 2 :
TIDE purify_X took      0.00 usr cpu s       0.00 sys cpu s       0.00 wall s
TIDE truncate_matrix took      0.00 usr cpu s       0.00 sys cpu s       0.00 wall s
INDE Actual introduced error   0.000000e+00 : nnz before  49284 <-> 100.00 % , nnz after  49284 <-> 100.00 %
TIDE square took      0.00 usr cpu s       0.02 sys cpu s       0.00 wall s
INDE NNZ Xsq = 49284 <-> 100.00 %
TIDE Frobenius norm of X-X^2 took      0.00 usr cpu s       0.00 sys cpu s       0.00 wall s
TIDE Mixed norm of X-X^2 took      0.01 usr cpu s       0.01 sys cpu s       0.00 wall s
TIDE Trace of X-X^2 took      0.00 usr cpu s       0.00 sys cpu s       0.00 wall s
INDE ||X-X^2||_F = 3.128795e+00 , ||X-X^2||_mixed = 1.495116e+00
INDE trace(X-X^2) = 4.422283e+01
INDE trace(X) = 9.040701e+01
INDE Checking stopping criterion...   
INDE Order of convergence cannot be computed
TIDE stopping_criterion took      0.00 usr cpu s       0.00 sys cpu s       0.00 wall s
TIDE Iteration 2 took      0.01 usr cpu s       0.02 sys cpu s       0.00 wall s
INDE     ITERATION 3 :
TIDE purify_X took      0.00 usr cpu s       0.00 sys cpu s       0.00 wall s
TIDE truncate_matrix took      0.00 usr cpu s       0.00 sys cpu s       0.00 wall s
INDE Actual introduced error   0.000000e+00 : nnz before  49284 <-> 100.00 % , nnz after  49284 <-> 100.00 %
TIDE square took      0.01 usr cpu s       0.01 sys cpu s       0.00 wall s
INDE NNZ Xsq = 49284 <-> 100.00 %
TIDE Frobenius norm of X-X^2 took      0.00 usr cpu s       0.00 sys cpu s       0.00 wall s
TIDE Mixed norm of X-X^2 took      0.00 usr cpu s       0.01 sys cpu s       0.00 wall s
TIDE Trace of X-X^2 took      0.00 usr cpu s       0.00 sys cpu s       0.00 wall s
INDE ||X-X^2||_F = 2.042943e+00 , ||X-X^2||_mixed = 1.140115e+00
INDE trace(X-X^2) = 2.593212e+01
INDE trace(X) = 4.618418e+01
INDE Checking stopping criterion...   
INDE Order of convergence cannot be computed
TIDE stopping_criterion took      0.00 usr cpu s       0.00 sys cpu s       0.00 wall s
TIDE Iteration 3 took      0.02 usr cpu s       0.02 sys cpu s       0.00 wall s
INDE     ITERATION 4 :
TIDE purify_X took      0.00 usr cpu s       0.00 sys cpu s       0.00 wall s
TIDE truncate_matrix took      0.00 usr cpu s       0.00 sys cpu s       0.00 wall s
INDE Actual introduced error   0.000000e+00 : nnz before  49284 <-> 100.00 % , nnz after  49284 <-> 100.00 %
TIDE square took      0.00 usr cpu s       0.02 sys cpu s       0.00 wall s
INDE NNZ Xsq = 49284 <-> 100.00 %
TIDE Frobenius norm of X-X^2 took      0.00 usr cpu s       0.00 sys cpu s       0.00 wall s
TIDE Mixed norm of X-X^2 took      0.00 usr cpu s       0.01 sys cpu s       0.00 wall s
TIDE Trace of X-X^2 took      0.00 usr cpu s       0.00 sys cpu s       0.00 wall s
INDE ||X-X^2||_F = 2.694226e+00 , ||X-X^2||_mixed = 1.436987e+00
INDE trace(X-X^2) = 3.563277e+01
INDE trace(X) = 7.211630e+01
INDE Checking stopping criterion...   
INDE Order of convergence cannot be computed
TIDE stopping_criterion took      0.00 usr cpu s       0.00 sys cpu s       0.00 wall s
TIDE Iteration 4 took      0.01 usr cpu s       0.03 sys cpu s       0.00 wall s
INDE     ITERATION 5 :
TIDE purify_X took      0.00 usr cpu s       0.00 sys cpu s       0.00 wall s
TIDE truncate_matrix took      0.00 usr cpu s       0.00 sys cpu s       0.00 wall s
INDE Actual introduced error   0.000000e+00 : nnz before  49284 <-> 100.00 % , nnz after  49284 <-> 100.00 %
TIDE square took      0.00 usr cpu s       0.02 sys cpu s       0.00 wall s
INDE NNZ Xsq = 49284 <-> 100.00 %
TIDE Frobenius norm of X-X^2 took      0.00 usr cpu s       0.00 sys cpu s       0.00 wall s
TIDE Mixed norm of X-X^2 took      0.00 usr cpu s       0.01 sys cpu s       0.00 wall s
TIDE Trace of X-X^2 took      0.00 usr cpu s       0.00 sys cpu s       0.00 wall s
INDE ||X-X^2||_F = 2.829641e+00 , ||X-X^2||_mixed = 1.489640e+00
INDE trace(X-X^2) = 3.867146e+01
INDE trace(X) = 1.077491e+02
INDE Checking stopping criterion...   
INDE Order of convergence cannot be computed
TIDE stopping_criterion took      0.00 usr cpu s       0.00 sys cpu s       0.00 wall s
TIDE Iteration 5 took      0.00 usr cpu s       0.03 sys cpu s       0.00 wall s
INDE     ITERATION 6 :
TIDE purify_X took      0.00 usr cpu s       0.00 sys cpu s       0.00 wall s
TIDE truncate_matrix took      0.00 usr cpu s       0.00 sys cpu s       0.00 wall s
INDE Actual introduced error   0.000000e+00 : nnz before  49284 <-> 100.00 % , nnz after  49284 <-> 100.00 %
TIDE square took      0.00 usr cpu s       0.01 sys cpu s       0.00 wall s
INDE NNZ Xsq = 49284 <-> 100.00 %
TIDE Frobenius norm of X-X^2 took      0.00 usr cpu s       0.00 sys cpu s       0.00 wall s
TIDE Mixed norm of X-X^2 took      0.00 usr cpu s       0.01 sys cpu s       0.00 wall s
TIDE Trace of X-X^2 took      0.00 usr cpu s       0.00 sys cpu s       0.00 wall s
INDE ||X-X^2||_F = 2.431529e+00 , ||X-X^2||_mixed = 1.395161e+00
INDE trace(X-X^2) = 2.987950e+01
INDE trace(X) = 6.907762e+01
INDE Checking stopping criterion...   
INDE Order of convergence cannot be computed
TIDE stopping_criterion took      0.00 usr cpu s       0.00 sys cpu s       0.00 wall s
TIDE Iteration 6 took      0.01 usr cpu s       0.03 sys cpu s       0.00 wall s
INDE     ITERATION 7 :
TIDE purify_X took      0.00 usr cpu s       0.00 sys cpu s       0.00 wall s
TIDE truncate_matrix took      0.00 usr cpu s       0.00 sys cpu s       0.00 wall s
INDE Actual introduced error   0.000000e+00 : nnz before  49284 <-> 100.00 % , nnz after  49284 <-> 100.00 %
TIDE square took      0.00 usr cpu s       0.01 sys cpu s       0.00 wall s
INDE NNZ Xsq = 49284 <-> 100.00 %
TIDE Frobenius norm of X-X^2 took      0.00 usr cpu s       0.00 sys cpu s       0.00 wall s
TIDE Mixed norm of X-X^2 took      0.00 usr cpu s       0.01 sys cpu s       0.00 wall s
TIDE Trace of X-X^2 took      0.00 usr cpu s       0.00 sys cpu s       0.00 wall s
INDE ||X-X^2||_F = 1.752220e+00 , ||X-X^2||_mixed = 1.119088e+00
INDE trace(X-X^2) = 1.729616e+01
INDE trace(X) = 3.919812e+01
INDE Checking stopping criterion...   
INDE Order of convergence cannot be computed
TIDE stopping_criterion took      0.00 usr cpu s       0.00 sys cpu s       0.00 wall s
TIDE Iteration 7 took      0.01 usr cpu s       0.03 sys cpu s       0.00 wall s
INDE     ITERATION 8 :
TIDE purify_X took      0.00 usr cpu s       0.00 sys cpu s       0.00 wall s
TIDE truncate_matrix took      0.00 usr cpu s       0.00 sys cpu s       0.00 wall s
INDE Actual introduced error   0.000000e+00 : nnz before  49284 <-> 100.00 % , nnz after  49284 <-> 100.00 %
TIDE square took      0.00 usr cpu s       0.02 sys cpu s       0.00 wall s
INDE NNZ Xsq = 49284 <-> 100.00 %
TIDE Frobenius norm of X-X^2 took      0.00 usr cpu s       0.00 sys cpu s       0.00 wall s
TIDE Mixed norm of X-X^2 took      0.00 usr cpu s       0.01 sys cpu s       0.00 wall s
TIDE Trace of X-X^2 took      0.00 usr cpu s       0.00 sys cpu s       0.00 wall s
INDE ||X-X^2||_F = 1.978941e+00 , ||X-X^2||_mixed = 1.220651e+00
INDE trace(X-X^2) = 2.135645e+01
INDE trace(X) = 5.649427e+01
INDE Checking stopping criterion...   
INDE Order of convergence cannot be computed
TIDE stopping_criterion took      0.00 usr cpu s       0.00 sys cpu s       0.00 wall s
TIDE Iteration 8 took      0.00 usr cpu s       0.03 sys cpu s       0.00 wall s
INDE     ITERATION 9 :
TIDE purify_X took      0.00 usr cpu s       0.00 sys cpu s       0.00 wall s
TIDE truncate_matrix took      0.00 usr cpu s       0.00 sys cpu s       0.00 wall s
INDE Actual introduced error   0.000000e+00 : nnz before  49284 <-> 100.00 % , nnz after  49284 <-> 100.00 %
TIDE square took      0.00 usr cpu s       0.01 sys cpu s       0.00 wall s
INDE NNZ Xsq = 49284 <-> 100.00 %
TIDE Frobenius norm of X-X^2 took      0.00 usr cpu s       0.00 sys cpu s       0.00 wall s
TIDE Mixed norm of X-X^2 took      0.00 usr cpu s       0.01 sys cpu s       0.00 wall s
TIDE Trace of X-X^2 took      0.00 usr cpu s       0.00 sys cpu s       0.00 wall s
INDE ||X-X^2||_F = 1.539831e+00 , ||X-X^2||_mixed = 1.043580e+00
INDE trace(X-X^2) = 1.273226e+01
INDE trace(X) = 3.513783e+01
INDE Checking stopping criterion...   
INDE Order of convergence cannot be computed
TIDE stopping_criterion took      0.00 usr cpu s       0.00 sys cpu s       0.00 wall s
TIDE Iteration 9 took      0.01 usr cpu s       0.02 sys cpu s       0.00 wall s
INDE     ITERATION 10 :
TIDE purify_X took      0.00 usr cpu s       0.00 sys cpu s       0.00 wall s
TIDE truncate_matrix took      0.00 usr cpu s       0.00 sys cpu s       0.00 wall s
INDE Actual introduced error   0.000000e+00 : nnz before  49284 <-> 100.00 % , nnz after  49284 <-> 100.00 %
TIDE square took      0.00 usr cpu s       0.01 sys cpu s       0.00 wall s
INDE NNZ Xsq = 49284 <-> 100.00 %
TIDE Frobenius norm of X-X^2 took      0.00 usr cpu s       0.00 sys cpu s       0.00 wall s
TIDE Mixed norm of X-X^2 took      0.00 usr cpu s       0.01 sys cpu s       0.00 wall s
TIDE Trace of X-X^2 took      0.00 usr cpu s       0.00 sys cpu s       0.00 wall s
INDE ||X-X^2||_F = 1.535732e+00 , ||X-X^2||_mixed = 1.008727e+00
INDE trace(X-X^2) = 1.407704e+01
INDE trace(X) = 4.787009e+01
INDE Checking stopping criterion...   
INDE Order of convergence cannot be computed
TIDE stopping_criterion took      0.00 usr cpu s       0.00 sys cpu s       0.00 wall s
TIDE Iteration 10 took      0.01 usr cpu s       0.02 sys cpu s       0.00 wall s
INDE     ITERATION 11 :
TIDE purify_X took      0.00 usr cpu s       0.00 sys cpu s       0.00 wall s
TIDE truncate_matrix took      0.00 usr cpu s       0.00 sys cpu s       0.00 wall s
INDE Actual introduced error   0.000000e+00 : nnz before  49284 <-> 100.00 % , nnz after  49284 <-> 100.00 %
TIDE square took      0.01 usr cpu s       0.01 sys cpu s       0.00 wall s
INDE NNZ Xsq = 49284 <-> 100.00 %
TIDE Frobenius norm of X-X^2 took      0.00 usr cpu s       0.00 sys cpu s       0.00 wall s
TIDE Mixed norm of X-X^2 took      0.00 usr cpu s       0.01 sys cpu s       0.00 wall s
TIDE Trace of X-X^2 took      0.00 usr cpu s       0.00 sys cpu s       0.00 wall s
INDE ||X-X^2||_F = 1.525305e+00 , ||X-X^2||_mixed = 1.054959e+00
INDE trace(X-X^2) = 1.394073e+01
INDE trace(X) = 6.194713e+01
INDE Checking stopping criterion...   
INDE Order of convergence cannot be computed
TIDE stopping_criterion took      0.00 usr cpu s       0.00 sys cpu s       0.00 wall s
TIDE Iteration 11 took      0.01 usr cpu s       0.02 sys cpu s       0.00 wall s
INDE     ITERATION 12 :
TIDE purify_X took      0.00 usr cpu s       0.00 sys cpu s       0.00 wall s
TIDE truncate_matrix took      0.00 usr cpu s       0.00 sys cpu s       0.00 wall s
INDE Actual introduced error   0.000000e+00 : nnz before  49284 <-> 100.00 % , nnz after  49284 <-> 100.00 %
TIDE square took      0.01 usr cpu s       0.01 sys cpu s       0.00 wall s
INDE NNZ Xsq = 49284 <-> 100.00 %
TIDE Frobenius norm of X-X^2 took      0.00 usr cpu s       0.00 sys cpu s       0.00 wall s
TIDE Mixed norm of X-X^2 took      0.00 usr cpu s       0.01 sys cpu s       0.00 wall s
TIDE Trace of X-X^2 took      0.00 usr cpu s       0.00 sys cpu s       0.00 wall s
INDE ||X-X^2||_F = 1.135338e+00 , ||X-X^2||_mixed = 7.831632e-01
INDE trace(X-X^2) = 8.883024e+00
INDE trace(X) = 4.800640e+01
INDE Checking stopping criterion...   
INDE Order of convergence cannot be computed
TIDE stopping_criterion took      0.00 usr cpu s       0.00 sys cpu s       0.00 wall s
TIDE Iteration 12 took      0.01 usr cpu s       0.02 sys cpu s       0.00 wall s
INDE     ITERATION 13 :
TIDE purify_X took      0.00 usr cpu s       0.00 sys cpu s       0.00 wall s
TIDE truncate_matrix took      0.00 usr cpu s       0.00 sys cpu s       0.00 wall s
INDE Actual introduced error   0.000000e+00 : nnz before  49284 <-> 100.00 % , nnz after  49284 <-> 100.00 %
TIDE square took      0.01 usr cpu s       0.01 sys cpu s       0.00 wall s
INDE NNZ Xsq = 49284 <-> 100.00 %
TIDE Frobenius norm of X-X^2 took      0.00 usr cpu s       0.00 sys cpu s       0.00 wall s
TIDE Mixed norm of X-X^2 took      0.00 usr cpu s       0.01 sys cpu s       0.00 wall s
TIDE Trace of X-X^2 took      0.00 usr cpu s       0.00 sys cpu s       0.00 wall s
INDE ||X-X^2||_F = 1.136354e+00 , ||X-X^2||_mixed = 8.313211e-01
INDE trace(X-X^2) = 7.038912e+00
INDE trace(X) = 3.912337e+01
INDE Checking stopping criterion...   
INDE Order of convergence cannot be computed
TIDE stopping_criterion took      0.00 usr cpu s       0.00 sys cpu s       0.00 wall s
TIDE Iteration 13 took      0.01 usr cpu s       0.02 sys cpu s       0.00 wall s
INDE     ITERATION 14 :
TIDE purify_X took      0.00 usr cpu s       0.00 sys cpu s       0.00 wall s
TIDE truncate_matrix took      0.00 usr cpu s       0.00 sys cpu s       0.00 wall s
INDE Actual introduced error   0.000000e+00 : nnz before  49284 <-> 100.00 % , nnz after  49284 <-> 100.00 %
TIDE square took      0.00 usr cpu s       0.01 sys cpu s       0.00 wall s
INDE NNZ Xsq = 49284 <-> 100.00 %
TIDE Frobenius norm of X-X^2 took      0.00 usr cpu s       0.00 sys cpu s       0.00 wall s
TIDE Mixed norm of X-X^2 took      0.00 usr cpu s       0.01 sys cpu s       0.00 wall s
TIDE Trace of X-X^2 took      0.00 usr cpu s       0.00 sys cpu s       0.00 wall s
INDE ||X-X^2||_F = 7.344608e-01 , ||X-X^2||_mixed = 5.415949e-01
INDE trace(X-X^2) = 4.671983e+00
INDE trace(X) = 4.616228e+01
INDE Checking stopping criterion...   
INDE e_i =5.415949e-01, C*e_{i-1}^q = 4.224227e+00
INDE Order of convergence = 10.404068, stop = 0
TIDE stopping_criterion took      0.00 usr cpu s       0.00 sys cpu s       0.00 wall s
TIDE Iteration 14 took      0.01 usr cpu s       0.02 sys cpu s       0.00 wall s
INDE     ITERATION 15 :
TIDE purify_X took      0.00 usr cpu s       0.00 sys cpu s       0.00 wall s
TIDE truncate_matrix took      0.00 usr cpu s       0.00 sys cpu s       0.00 wall s
INDE Actual introduced error   0.000000e+00 : nnz before  49284 <-> 100.00 % , nnz after  49284 <-> 100.00 %
TIDE square took      0.00 usr cpu s       0.02 sys cpu s       0.00 wall s
INDE NNZ Xsq = 49284 <-> 100.00 %
TIDE Frobenius norm of X-X^2 took      0.00 usr cpu s       0.00 sys cpu s       0.00 wall s
TIDE Mixed norm of X-X^2 took      0.00 usr cpu s       0.01 sys cpu s       0.00 wall s
TIDE Trace of X-X^2 took      0.00 usr cpu s       0.00 sys cpu s       0.00 wall s
INDE ||X-X^2||_F = 7.311114e-01 , ||X-X^2||_mixed = 5.527999e-01
INDE trace(X-X^2) = 3.796345e+00
INDE trace(X) = 5.083427e+01
INDE Checking stopping criterion...   
INDE Order of convergence cannot be computed
TIDE stopping_criterion took      0.00 usr cpu s       0.00 sys cpu s       0.00 wall s
TIDE Iteration 15 took      0.00 usr cpu s       0.03 sys cpu s       0.00 wall s
INDE     ITERATION 16 :
TIDE purify_X took      0.00 usr cpu s       0.00 sys cpu s       0.00 wall s
TIDE truncate_matrix took      0.00 usr cpu s       0.00 sys cpu s       0.00 wall s
INDE Actual introduced error   0.000000e+00 : nnz before  49284 <-> 100.00 % , nnz after  49284 <-> 100.00 %
TIDE square took      0.00 usr cpu s       0.01 sys cpu s       0.00 wall s
INDE NNZ Xsq = 49284 <-> 100.00 %
TIDE Frobenius norm of X-X^2 took      0.00 usr cpu s       0.00 sys cpu s       0.00 wall s
TIDE Mixed norm of X-X^2 took      0.00 usr cpu s       0.01 sys cpu s       0.00 wall s
TIDE Trace of X-X^2 took      0.00 usr cpu s       0.00 sys cpu s       0.00 wall s
INDE ||X-X^2||_F = 3.736239e-01 , ||X-X^2||_mixed = 3.052557e-01
INDE trace(X-X^2) = 1.819605e+00
INDE trace(X) = 4.703792e+01
INDE Checking stopping criterion...   
INDE e_i =3.052557e-01, C*e_{i-1}^q = 2.020188e+00
INDE Order of convergence = 5.081673, stop = 0
TIDE stopping_criterion took      0.00 usr cpu s       0.00 sys cpu s       0.00 wall s
TIDE Iteration 16 took      0.01 usr cpu s       0.03 sys cpu s       0.00 wall s
INDE     ITERATION 17 :
TIDE purify_X took      0.00 usr cpu s       0.00 sys cpu s       0.00 wall s
TIDE truncate_matrix took      0.00 usr cpu s       0.00 sys cpu s       0.00 wall s
INDE Actual introduced error   0.000000e+00 : nnz before  49284 <-> 100.00 % , nnz after  49284 <-> 100.00 %
TIDE square took      0.00 usr cpu s       0.01 sys cpu s       0.00 wall s
INDE NNZ Xsq = 49284 <-> 100.00 %
TIDE Frobenius norm of X-X^2 took      0.00 usr cpu s       0.00 sys cpu s       0.00 wall s
TIDE Mixed norm of X-X^2 took      0.00 usr cpu s       0.01 sys cpu s       0.00 wall s
TIDE Trace of X-X^2 took      0.00 usr cpu s       0.00 sys cpu s       0.00 wall s
INDE ||X-X^2||_F = 4.267843e-01 , ||X-X^2||_mixed = 3.695212e-01
INDE trace(X-X^2) = 1.693708e+00
INDE trace(X) = 4.521832e+01
INDE Checking stopping criterion...   
INDE Order of convergence cannot be computed
TIDE stopping_criterion took      0.00 usr cpu s       0.00 sys cpu s       0.00 wall s
TIDE Iteration 17 took      0.01 usr cpu s       0.03 sys cpu s       0.00 wall s
INDE     ITERATION 18 :
TIDE purify_X took      0.00 usr cpu s       0.00 sys cpu s       0.00 wall s
TIDE truncate_matrix took      0.00 usr cpu s       0.00 sys cpu s       0.00 wall s
INDE Actual introduced error   0.000000e+00 : nnz before  49284 <-> 100.00 % , nnz after  49284 <-> 100.00 %
TIDE square took      0.00 usr cpu s       0.01 sys cpu s       0.00 wall s
INDE NNZ Xsq = 49284 <-> 100.00 %
TIDE Frobenius norm of X-X^2 took      0.00 usr cpu s       0.00 sys cpu s       0.00 wall s
TIDE Mixed norm of X-X^2 took      0.01 usr cpu s       0.01 sys cpu s       0.00 wall s
TIDE Trace of X-X^2 took      0.00 usr cpu s       0.00 sys cpu s       0.00 wall s
INDE ||X-X^2||_F = 1.459478e-01 , ||X-X^2||_mixed = 1.341836e-01
INDE trace(X-X^2) = 4.663072e-01
INDE trace(X) = 4.691202e+01
INDE Checking stopping criterion...   
INDE e_i =1.341836e-01, C*e_{i-1}^q = 6.417564e-01
INDE Order of convergence = 3.318888, stop = 0
TIDE stopping_criterion took      0.00 usr cpu s       0.00 sys cpu s       0.00 wall s
TIDE Iteration 18 took      0.01 usr cpu s       0.02 sys cpu s       0.00 wall s
INDE     ITERATION 19 :
TIDE purify_X took      0.00 usr cpu s       0.00 sys cpu s       0.00 wall s
TIDE truncate_matrix took      0.00 usr cpu s       0.00 sys cpu s       0.00 wall s
INDE Actual introduced error   0.000000e+00 : nnz before  49284 <-> 100.00 % , nnz after  49284 <-> 100.00 %
TIDE square took      0.01 usr cpu s       0.01 sys cpu s       0.00 wall s
INDE NNZ Xsq = 49284 <-> 100.00 %
TIDE Frobenius norm of X-X^2 took      0.00 usr cpu s       0.00 sys cpu s       0.00 wall s
TIDE Mixed norm of X-X^2 took      0.00 usr cpu s       0.01 sys cpu s       0.00 wall s
TIDE Trace of X-X^2 took      0.00 usr cpu s       0.00 sys cpu s       0.00 wall s
INDE ||X-X^2||_F = 1.609939e-01 , ||X-X^2||_mixed = 1.527258e-01
INDE trace(X-X^2) = 3.769433e-01
INDE trace(X) = 4.737833e+01
INDE Checking stopping criterion...   
INDE Order of convergence cannot be computed
TIDE stopping_criterion took      0.00 usr cpu s       0.00 sys cpu s       0.00 wall s
TIDE Iteration 19 took      0.01 usr cpu s       0.02 sys cpu s       0.00 wall s
INDE     ITERATION 20 :
TIDE purify_X took      0.00 usr cpu s       0.00 sys cpu s       0.00 wall s
TIDE truncate_matrix took      0.00 usr cpu s       0.00 sys cpu s       0.00 wall s
INDE Actual introduced error   0.000000e+00 : nnz before  49284 <-> 100.00 % , nnz after  49284 <-> 100.00 %
TIDE square took      0.00 usr cpu s       0.01 sys cpu s       0.00 wall s
INDE NNZ Xsq = 49284 <-> 100.00 %
TIDE Frobenius norm of X-X^2 took      0.00 usr cpu s       0.00 sys cpu s       0.00 wall s
TIDE Mixed norm of X-X^2 took      0.00 usr cpu s       0.01 sys cpu s       0.00 wall s
TIDE Trace of X-X^2 took      0.00 usr cpu s       0.00 sys cpu s       0.00 wall s
INDE ||X-X^2||_F = 2.958216e-02 , ||X-X^2||_mixed = 2.828087e-02
INDE trace(X-X^2) = 6.382396e-02
INDE trace(X) = 4.700139e+01
INDE Checking stopping criterion...   
INDE e_i =2.828087e-02, C*e_{i-1}^q = 1.240057e-01
INDE Order of convergence = 2.735927, stop = 0
TIDE stopping_criterion took      0.00 usr cpu s       0.00 sys cpu s       0.00 wall s
TIDE Iteration 20 took      0.01 usr cpu s       0.03 sys cpu s       0.00 wall s
INDE     ITERATION 21 :
TIDE purify_X took      0.00 usr cpu s       0.00 sys cpu s       0.00 wall s
TIDE truncate_matrix took      0.00 usr cpu s       0.00 sys cpu s       0.00 wall s
INDE Actual introduced error   0.000000e+00 : nnz before  49284 <-> 100.00 % , nnz after  49284 <-> 100.00 %
TIDE square took      0.00 usr cpu s       0.01 sys cpu s       0.00 wall s
INDE NNZ Xsq = 49284 <-> 100.00 %
TIDE Frobenius norm of X-X^2 took      0.00 usr cpu s       0.00 sys cpu s       0.00 wall s
TIDE Mixed norm of X-X^2 took      0.00 usr cpu s       0.01 sys cpu s       0.00 wall s
TIDE Trace of X-X^2 took      0.00 usr cpu s       0.00 sys cpu s       0.00 wall s
INDE ||X-X^2||_F = 3.868297e-02 , ||X-X^2||_mixed = 3.855570e-02
INDE trace(X-X^2) = 6.185754e-02
INDE trace(X) = 4.693756e+01
INDE Checking stopping criterion...   
INDE Order of convergence cannot be computed
TIDE stopping_criterion took      0.00 usr cpu s       0.00 sys cpu s       0.00 wall s
TIDE Iteration 21 took      0.00 usr cpu s       0.03 sys cpu s       0.00 wall s
INDE     ITERATION 22 :
TIDE purify_X took      0.00 usr cpu s       0.00 sys cpu s       0.00 wall s
TIDE truncate_matrix took      0.00 usr cpu s       0.00 sys cpu s       0.00 wall s
INDE Actual introduced error   0.000000e+00 : nnz before  49284 <-> 100.00 % , nnz after  49284 <-> 100.00 %
TIDE square took      0.00 usr cpu s       0.01 sys cpu s       0.00 wall s
INDE NNZ Xsq = 49284 <-> 100.00 %
TIDE Frobenius norm of X-X^2 took      0.00 usr cpu s       0.00 sys cpu s       0.00 wall s
TIDE Mixed norm of X-X^2 took      0.00 usr cpu s       0.01 sys cpu s       0.00 wall s
TIDE Trace of X-X^2 took      0.00 usr cpu s       0.00 sys cpu s       0.00 wall s
INDE ||X-X^2||_F = 1.447276e-03 , ||X-X^2||_mixed = 1.400274e-03
INDE trace(X-X^2) = 2.590011e-03
INDE trace(X) = 4.699942e+01
INDE Checking stopping criterion...   
INDE e_i =1.400274e-03, C*e_{i-1}^q = 5.508433e-03
INDE Order of convergence = 2.384122, stop = 0
TIDE stopping_criterion took      0.00 usr cpu s       0.00 sys cpu s       0.00 wall s
TIDE Iteration 22 took      0.01 usr cpu s       0.02 sys cpu s       0.00 wall s
INDE     ITERATION 23 :
TIDE purify_X took      0.00 usr cpu s       0.00 sys cpu s       0.00 wall s
TIDE truncate_matrix took      0.00 usr cpu s       0.00 sys cpu s       0.00 wall s
INDE Actual introduced error   0.000000e+00 : nnz before  49284 <-> 100.00 % , nnz after  49284 <-> 100.00 %
TIDE square took      0.00 usr cpu s       0.02 sys cpu s       0.00 wall s
INDE NNZ Xsq = 49284 <-> 100.00 %
TIDE Frobenius norm of X-X^2 took      0.00 usr cpu s       0.00 sys cpu s       0.00 wall s
TIDE Mixed norm of X-X^2 took      0.00 usr cpu s       0.01 sys cpu s       0.00 wall s
TIDE Trace of X-X^2 took      0.00 usr cpu s       0.00 sys cpu s       0.00 wall s
INDE ||X-X^2||_F = 1.750675e-03 , ||X-X^2||_mixed = 1.749740e-03
INDE trace(X-X^2) = 2.010492e-03
INDE trace(X) = 4.700201e+01
INDE Checking stopping criterion...   
INDE Order of convergence cannot be computed
TIDE stopping_criterion took      0.00 usr cpu s       0.00 sys cpu s       0.00 wall s
TIDE Iteration 23 took      0.01 usr cpu s       0.02 sys cpu s       0.00 wall s
INDE     ITERATION 24 :
TIDE purify_X took      0.00 usr cpu s       0.00 sys cpu s       0.00 wall s
TIDE truncate_matrix took      0.00 usr cpu s       0.00 sys cpu s       0.00 wall s
INDE Actual introduced error   0.000000e+00 : nnz before  49284 <-> 100.00 % , nnz after  49284 <-> 100.00 %
TIDE square took      0.00 usr cpu s       0.01 sys cpu s       0.00 wall s
INDE NNZ Xsq = 49284 <-> 100.00 %
TIDE Frobenius norm of X-X^2 took      0.00 usr cpu s       0.00 sys cpu s       0.00 wall s
TIDE Mixed norm of X-X^2 took      0.00 usr cpu s       0.01 sys cpu s       0.00 wall s
TIDE Trace of X-X^2 took      0.00 usr cpu s       0.00 sys cpu s       0.00 wall s
INDE ||X-X^2||_F = 3.677174e-06 , ||X-X^2||_mixed = 3.564750e-06
INDE trace(X-X^2) = 5.732941e-06
INDE trace(X) = 4.700000e+01
INDE Checking stopping criterion...   
INDE e_i =3.564750e-06, C*e_{i-1}^q = 1.350420e-05
INDE Order of convergence = 2.202692, stop = 0
TIDE stopping_criterion took      0.00 usr cpu s       0.00 sys cpu s       0.00 wall s
TIDE Iteration 24 took      0.01 usr cpu s       0.02 sys cpu s       0.00 wall s
INDE     ITERATION 25 :
TIDE purify_X took      0.00 usr cpu s       0.00 sys cpu s       0.00 wall s
TIDE truncate_matrix took      0.00 usr cpu s       0.00 sys cpu s       0.00 wall s
INDE Actual introduced error   0.000000e+00 : nnz before  49284 <-> 100.00 % , nnz after  49284 <-> 100.00 %
TIDE square took      0.00 usr cpu s       0.01 sys cpu s       0.00 wall s
INDE NNZ Xsq = 49284 <-> 100.00 %
TIDE Frobenius norm of X-X^2 took      0.00 usr cpu s       0.00 sys cpu s       0.00 wall s
TIDE Mixed norm of X-X^2 took      0.00 usr cpu s       0.01 sys cpu s       0.00 wall s
TIDE Trace of X-X^2 took      0.00 usr cpu s       0.00 sys cpu s       0.00 wall s
INDE ||X-X^2||_F = 4.210701e-06 , ||X-X^2||_mixed = 4.207314e-06
INDE trace(X-X^2) = 5.315198e-06
INDE trace(X) = 4.699999e+01
INDE Checking stopping criterion...   
INDE Order of convergence cannot be computed
TIDE stopping_criterion took      0.00 usr cpu s       0.00 sys cpu s       0.00 wall s
TIDE Iteration 25 took      0.01 usr cpu s       0.02 sys cpu s       0.00 wall s
INDE     ITERATION 26 :
TIDE purify_X took      0.00 usr cpu s       0.00 sys cpu s       0.00 wall s
TIDE truncate_matrix took      0.00 usr cpu s       0.00 sys cpu s       0.00 wall s
INDE Actual introduced error   0.000000e+00 : nnz before  49284 <-> 100.00 % , nnz after  49284 <-> 100.00 %
TIDE square took      0.00 usr cpu s       0.02 sys cpu s       0.00 wall s
INDE NNZ Xsq = 49284 <-> 100.00 %
TIDE Frobenius norm of X-X^2 took      0.00 usr cpu s       0.00 sys cpu s       0.00 wall s
TIDE Mixed norm of X-X^2 took      0.00 usr cpu s       0.01 sys cpu s       0.00 wall s
TIDE Trace of X-X^2 took      0.00 usr cpu s       0.00 sys cpu s       0.00 wall s
INDE ||X-X^2||_F = 2.427387e-11 , ||X-X^2||_mixed = 2.347587e-11
INDE trace(X-X^2) = 3.591083e-11
INDE trace(X) = 4.700000e+01
INDE Checking stopping criterion...   
INDE e_i =2.347587e-11, C*e_{i-1}^q = 8.751872e-11
INDE Order of convergence = 2.104898, stop = 0
TIDE stopping_criterion took      0.00 usr cpu s       0.00 sys cpu s       0.00 wall s
TIDE Iteration 26 took      0.00 usr cpu s       0.03 sys cpu s       0.00 wall s
INDE     ITERATION 27 :
TIDE purify_X took      0.00 usr cpu s       0.00 sys cpu s       0.00 wall s
TIDE truncate_matrix took      0.00 usr cpu s       0.00 sys cpu s       0.00 wall s
INDE Actual introduced error   0.000000e+00 : nnz before  49284 <-> 100.00 % , nnz after  49284 <-> 100.00 %
TIDE square took      0.01 usr cpu s       0.01 sys cpu s       0.00 wall s
INDE NNZ Xsq = 49284 <-> 100.00 %
TIDE Frobenius norm of X-X^2 took      0.00 usr cpu s       0.00 sys cpu s       0.00 wall s
TIDE Mixed norm of X-X^2 took      0.00 usr cpu s       0.01 sys cpu s       0.00 wall s
TIDE Trace of X-X^2 took      0.00 usr cpu s       0.00 sys cpu s       0.00 wall s
INDE ||X-X^2||_F = 3.218916e-11 , ||X-X^2||_mixed = 3.218641e-11
INDE trace(X-X^2) = 3.547029e-11
INDE trace(X) = 4.700000e+01
INDE Checking stopping criterion...   
INDE e_i =3.218641e-11, C*e_{i-1}^q = 1.219137e-10
INDE Order of convergence = 2.107586, stop = 0
TIDE stopping_criterion took      0.00 usr cpu s       0.00 sys cpu s       0.00 wall s
TIDE Iteration 27 took      0.01 usr cpu s       0.02 sys cpu s       0.00 wall s
INDE     ITERATION 28 :
TIDE purify_X took      0.00 usr cpu s       0.00 sys cpu s       0.00 wall s
TIDE truncate_matrix took      0.00 usr cpu s       0.00 sys cpu s       0.00 wall s
INDE Actual introduced error   0.000000e+00 : nnz before  49284 <-> 100.00 % , nnz after  49284 <-> 100.00 %
TIDE square took      0.00 usr cpu s       0.01 sys cpu s       0.00 wall s
INDE NNZ Xsq = 49284 <-> 100.00 %
TIDE Frobenius norm of X-X^2 took      0.00 usr cpu s       0.00 sys cpu s       0.00 wall s
TIDE Mixed norm of X-X^2 took      0.00 usr cpu s       0.00 sys cpu s       0.00 wall s
TIDE Trace of X-X^2 took      0.00 usr cpu s       0.00 sys cpu s       0.00 wall s
INDE ||X-X^2||_F = 2.082687e-15 , ||X-X^2||_mixed = 0.000000e+00
INDE trace(X-X^2) = 0.000000e+00
INDE trace(X) = 4.700000e+01
INDE Checking stopping criterion...   
INDE ************************************************************************************************************
INDE The norm value went much below machine precision, therefore we stop here since n_max can be underestimated.
INDE ************************************************************************************************************
INDE e_i =0.000000e+00, C*e_{i-1}^q = 3.795649e-21
INDE Order of convergence = inf, stop = 1
TIDE stopping_criterion took      0.00 usr cpu s       0.00 sys cpu s       0.00 wall s
INDE PURIFICATION CONVERGED after 28 iterations
TIDE Iteration 28 took      0.01 usr cpu s       0.02 sys cpu s       0.00 wall s
INDE Number of non-zeros in D is  49284 <-> 100.00 %
TIDE FileWritable::writeAndReadAll took      0.00 usr cpu s       0.00 sys cpu s       0.00 wall s
INDE writeAndReadAll sizesStr: '0 MB (1 MatrixGeneral, 0 > 1 MB) + 0 MB (13 MatrixSymmetric, 0 > 1 MB) + 0 MB (2 VectorGeneral, 0 > 1 MB) = 0 MB (16 total, 0 > 1 MB)
INDE TOTAL accumulated subspace error is 0.000000e+00
INDE TOTAL X square time: 0.059596 wall s
INDE TOTAL X trunction time: 0.003268 wall s
INDE TOTAL X purify (exl. X^2 computation) time: 0.003196 wall s
INDE TOTAL time to get number of non-zero elements: 0.001038 wall s
INDE TOTAL time to get mixed norm: 0.042880 wall s
INDE TOTAL time to get Frobenius norm: 0.003627 wall s
INDE TOTAL time for stopping criterion: 0.001236 wall s
INDE TOTAL time to get matrix trace: 0.000562 wall s
INDE Estimated bounds for the eigenvalues for the Fock matrix:
INDE LUMO: [ 0.089635603909 , 0.142777015271 ]
INDE HOMO: [ -0.394900447722 , -0.342369727877 ]
TIDE eigenvalue_bounds_estimation() took      0.00 usr cpu s       0.00 sys cpu s       0.00 wall s
TIDE Recursive expansion took      0.34 usr cpu s       1.11 sys cpu s       0.18 wall s
TIDE Puri->PurificationStart() took      0.34 usr cpu s       1.11 sys cpu s       0.18 wall s
TIDE Accumulated wall times for writeToFile in PurificationStart()          : 0 s (MatrixGeneral) + 6.7e-06 s (MatrixSymmetric) + 6.7e-05 s (VectorGeneral) = 7.4e-05 s
TIDE Accumulated wall times for readFromFile in PurificationStart()         : 0 s (MatrixGeneral) + 9.5e-07 s (MatrixSymmetric) + 3e-05 s (VectorGeneral) = 3.1e-05 s
TIDE Accumulated wall times for copy and assign in PurificationStart()      : 2.1e-06 s (MatrixSymmetric) + 4.3e-05 s (VectorGeneral) = 4.5e-05 s
INDE Number of calls to writeToFile in PurificationStart()                  : 2 (MatrixGeneral) + 27 (MatrixSymmetric) + 918 (VectorGeneral) = 947 
INDE Number of calls to readFromFile in PurificationStart()                 : 2 (MatrixGeneral) + 26 (MatrixSymmetric) + 363 (VectorGeneral) = 391 
INDE Number of calls to FileWritable copy and assign in PurificationStart() : 2 (MatrixSymmetric) + 30 (VectorGeneral) = 32 
TIDE mat::Gblas::time after purification :     0.853034
INDE Created .m files with results of the purification
INDE Purification converged OK, subspaceError <=          0.00000000000
INDE E(LUMO) - E(HOMO) >=          0.43200533179 =         11.75546399976 eV
INDE E(LUMO) - E(HOMO) <=          0.53767746299 =         14.63094919118 eV
INDE HOMO interval : [   -0.394900447722   -0.342369727877 ]
INDE LUMO interval : [    0.089635603909    0.142777015271 ]
INDE Trace of resulting density matrix is         47.00000000000, error is   0.00000000000001.
INDE Truncated D_ort ( mixed ), selected threshold = 9.99999e-08, returned error =          0, nnz before = 49284 <-> 100.0000 %, nnz after = 49284 <-> 100.0000 %
TIDE FileWritable::writeAndReadAll took      0.00 usr cpu s       0.00 sys cpu s       0.00 wall s
INDE writeAndReadAll sizesStr: '0 MB (1 MatrixGeneral, 0 > 1 MB) + 0 MB (12 MatrixSymmetric, 0 > 1 MB) + 0 MB (1 MatrixTriangular, 0 > 1 MB) = 0 MB (14 total, 0 > 1 MB)
TIDE D_w to non-orthogonal basis took      0.01 usr cpu s       0.01 sys cpu s       0.00 wall s
INDE Truncated D_S (eucl with Z), selected threshold = 9.99999e-08, returned error =          0, nnz before = 100.0000 %, nnz after = 100.0000 %
INDE get_dens_from_fock_sparse ending OK
TIDE get_dens_from_fock_sparse took      0.44 usr cpu s       1.48 sys cpu s       0.24 wall s
ERDE get_dens_from_fock  (GetDensFromFock class) : purification finished OK.
TIDE get_dens_from_fock took      0.44 usr cpu s       1.48 sys cpu s       0.24 wall s
INSC Matrix 'new density matrix' ( symm ): n =    222, nnz =        49284 <-> 100.00 %, mem usage  0.0002 G
INSC Tr( D * S ) =         94.00000000000
TISC get_new_density_matrix took      0.44 usr cpu s       1.48 sys cpu s       0.24 wall s
INSC SCF_restricted::report_density_difference, diff_eucl =          0.00126129199
TISC SCF_restricted::report_density_difference took      0.03 usr cpu s       0.11 sys cpu s       0.02 wall s
INMA ddf_writeShellListAndDensityMatricesToFile_sparse, n =    222, densityMatrixList[0].nvalues =       24753
INMA opened temporary file 'density.bin.V8duPl' for writing
INMA Choosing matrixStorageType = MATRIX_STORAGE_TYPE_TRIANGLE.
INMA fileSize =          252744 bytes =      0.253 MegaBytes
INMA renamed file 'density.bin.V8duPl' to 'density.bin'
INMA ddf_writeShellListAndDensityMatricesToFile_sparse freeing buffer.
INMA ddf_writeShellListAndDensityMatricesToFile_sparse returning OK.
TISC write_density_to_file took      0.01 usr cpu s       0.07 sys cpu s       0.01 wall s
INSC SCF cycle   8 finished.
TISC SCF cycle   8 took    170.33 usr cpu s       2.41 sys cpu s      32.63 wall s
INSC Beginning of SCF cycle 9:  Thu Mar 26 20:05:00 2026
INDE compute_J_by_boxes_sparse() start.
TIDE FileWritable::writeAndReadAll took      0.00 usr cpu s       0.00 sys cpu s       0.00 wall s
INDE writeAndReadAll: '0 MB (1 MatrixGeneral, 0 > 1 MB) + 0 MB (11 MatrixSymmetric, 0 > 1 MB) = 0 MB (12 total, 0 > 1 MB)
IN   compute_J_by_boxes_sparse, maxDensityMatrixElement =          2.08715311688
ININ get_basis_func_pair_list, n =    222
ININ create_box_system end OK, toplevelBoxSize:   7.0, #levels:  3, #boxes at top level:      6
TIIN get_basis_func_pair_list_2el took      0.20 usr cpu s       0.38 sys cpu s       0.13 wall s
IN   compute_J_by_boxes_sparse: noOfBasisFuncIndexPairs = 21264 ==> storing  43.15 % of a full matrix
ININ entering compute_J_by_boxes_linear, no of basis funcs =   222, threshold_J =   1e-12
ININ use_fmm = 1, fmm_box_size =   5.00
TIIN Compute extent for all distrs took      0.26 usr cpu s       0.00 sys cpu s       0.26 wall s
ININ extent_min =    0.000, extent_max =    8.988
ININ Creating list of distributions etc done, distrCount =    208583
TIIN Creating list of distributions etc took      0.39 usr cpu s       0.00 sys cpu s       0.39 wall s
ININ create_box_system end OK, toplevelBoxSize:   5.0, #levels:  3, #boxes at top level:     10
TIIN Creating boxes took      0.02 usr cpu s       0.00 sys cpu s       0.02 wall s
ININ noOfBranches = 4, splitters:   5.00  2.50  0.00
ININ J org done, groupCount =     7861
TIIN J org took      0.83 usr cpu s       0.00 sys cpu s       0.83 wall s
TIIN Generate group multipoles took      0.37 usr cpu s       0.00 sys cpu s       0.37 wall s
ININ totChargeWholeSystem =          0.00000000000
ININ Generating multipole for each branch at top level, MAX_MULTIPOLE_DEGREE = 15
TIIN Translate multipoles (step 1) took      0.24 usr cpu s       0.00 sys cpu s       0.24 wall s
TIIN Translate multipoles (step 2) took      0.07 usr cpu s       0.00 sys cpu s       0.07 wall s
ININ job lists for J created OK, noOfJobs_J_standard =      789, noOfJobs_J_multipole =       62
TIIN Creating job lists for J took      0.00 usr cpu s       0.00 sys cpu s       0.00 wall s
ININ execute_joblist_J_std_threaded, noOfThreads =  8
ININ 8 threads started OK.
ININ all 8 threads have finished.
TIIN execute_joblist_J_std_threaded took     57.75 usr cpu s       0.04 sys cpu s       9.04 wall s
TIIN sort_list_of_multipole_jobs init part took      0.00 usr cpu s       0.00 sys cpu s       0.00 wall s
TIIN sort_list_of_multipole_jobs complete took      0.00 usr cpu s       0.00 sys cpu s       0.00 wall s
TIIN sort_list_of_multipole_jobs took      0.00 usr cpu s       0.00 sys cpu s       0.00 wall s
ININ execute_joblist_J_fmm_shared: Allocating multipoleList_4, maxnoOfMinimalDistrsPerBoxBranch =     49239
ININ execute_joblist_J_fmm_shared: Allocating multipoleList_4, maxnoOfMinimalDistrsPerBoxBranch =     49239
ININ execute_joblist_J_fmm_shared: jobIndexLo =            0, jobIndexHi =            7
ININ execute_joblist_J_fmm_shared: Allocating multipoleList_4, maxnoOfMinimalDistrsPerBoxBranch =     49239
ININ execute_joblist_J_fmm_shared: jobIndexLo =           15, jobIndexHi =           23
ININ execute_joblist_J_fmm_shared: jobIndexLo =            7, jobIndexHi =           15
ININ execute_joblist_J_fmm_shared: Allocating multipoleList_4, maxnoOfMinimalDistrsPerBoxBranch =     49239
ININ execute_joblist_J_fmm_shared: jobIndexLo =           23, jobIndexHi =           31
ININ execute_joblist_J_fmm_shared: Allocating multipoleList_4, maxnoOfMinimalDistrsPerBoxBranch =     49239
ININ execute_joblist_J_fmm_shared: jobIndexLo =           31, jobIndexHi =           38
ININ execute_joblist_J_fmm_shared: Allocating multipoleList_4, maxnoOfMinimalDistrsPerBoxBranch =     49239
ININ execute_joblist_J_fmm_shared: jobIndexLo =           38, jobIndexHi =           46
ININ execute_joblist_J_fmm_shared: Allocating multipoleList_4, maxnoOfMinimalDistrsPerBoxBranch =     49239
ININ execute_joblist_J_fmm_shared: jobIndexLo =           46, jobIndexHi =           54
ININ execute_joblist_J_fmm_shared: Allocating multipoleList_4, maxnoOfMinimalDistrsPerBoxBranch =     49239
ININ execute_joblist_J_fmm_shared: jobIndexLo =           54, jobIndexHi =           62
ININ execute_joblist_J_fmm_shared: done!
ININ execute_joblist_J_fmm_shared: done!
ININ execute_joblist_J_fmm_shared: done!
ININ execute_joblist_J_fmm_shared: done!
ININ execute_joblist_J_fmm_shared: done!
ININ execute_joblist_J_fmm_shared: done!
ININ execute_joblist_J_fmm_shared: done!
ININ execute_joblist_J_fmm_shared: done!
ININ multipole job list for J executed, largest L used: 12
TIIN Executing multipole job list for J took      0.25 usr cpu s       0.00 sys cpu s       0.10 wall s
ININ compute_J_by_boxes_linear ending OK.
TIIN compute_J_by_boxes_linear took     59.93 usr cpu s       0.04 sys cpu s      11.07 wall s
TI   compute_J_by_boxes_sparse total took     60.13 usr cpu s       0.42 sys cpu s      11.20 wall s
ININ entering create_CSR_for_K, no of basis funcs =   222, threshold_K =   1e-12
ININ create_box_system end OK, toplevelBoxSize:   7.0, #levels:  3, #boxes at top level:      6
ININ create_box_system end OK, toplevelBoxSize:   7.0, #levels:  3, #boxes at top level:      6
ININ create_box_system end OK, toplevelBoxSize:   7.0, #levels:  3, #boxes at top level:      6
TIIN create_CSR_for_K getting list of distrs took      0.26 usr cpu s       0.00 sys cpu s       0.26 wall s
ININ list of neighbors complete.
TIIN create_CSR_for_K getting list of neighbors took      0.00 usr cpu s       0.00 sys cpu s       0.00 wall s
TIIN create_CSR_for_K sort each list of neighbors took      0.02 usr cpu s       0.00 sys cpu s       0.02 wall s
ININ 8 threads started OK.
TIIN identify_needed_elements() took     69.09 usr cpu s       0.04 sys cpu s       9.32 wall s
ININ computing nnz..
ININ create_CSR_for_K: predicted nnz =        24753, <->  50.23% of a full matrix
TIIN create_CSR_for_K last part took      0.00 usr cpu s       0.00 sys cpu s       0.00 wall s
TIIN create_CSR_for_K total took     69.37 usr cpu s       0.05 sys cpu s       9.60 wall s
ININ entering compute_K_by_boxes, no of basis funcs =   222, threshold_K =   1e-12, exchange_box_size =   5.00
ININ create_box_system end OK, toplevelBoxSize:   7.0, #levels:  3, #boxes at top level:      6
ININ create_box_system end OK, toplevelBoxSize:   7.0, #levels:  3, #boxes at top level:      6
ININ create_box_system end OK, toplevelBoxSize:   7.0, #levels:  3, #boxes at top level:      6
TIIN Compute extent for all distrs took      0.27 usr cpu s       0.00 sys cpu s       0.27 wall s
ININ Creating list of distributions done, distrCountTot =    208583
TIIN Creating list of distributions took      0.44 usr cpu s       0.00 sys cpu s       0.44 wall s
ININ create_box_system end OK, toplevelBoxSize:   5.0, #levels:  3, #boxes at top level:     10
ININ create_box_system end OK, toplevelBoxSize:   2.5, #levels:  4, #boxes at top level:     16
ININ noOfLevelsBasisFuncs = 4, noOfLevelsDiff = 1
TIIN Creating boxes etc took      0.02 usr cpu s       0.00 sys cpu s       0.02 wall s
TIIN getting multipoleNormVectorList took      0.44 usr cpu s       0.00 sys cpu s       0.44 wall s
TIIN K organize_distributions for all boxes took      0.89 usr cpu s       0.00 sys cpu s       0.89 wall s
ININ starting loop to setup basisFuncGroupInfoList, with added index checks.
TIIN GetLimitsAllLevels took      0.17 usr cpu s       0.00 sys cpu s       0.17 wall s
ININ getDmatLimitMatrixCSRList start.
TIIN getting densityMatrixLimitMatrixList took      0.01 usr cpu s       0.00 sys cpu s       0.01 wall s
ININ job list for K created,       55 jobs
TIIN creating job list for K took      0.00 usr cpu s       0.00 sys cpu s       0.00 wall s
ININ execute_joblist_K_threaded, noOfThreads =  8, basisFuncListCount_max =   207
ININ 8 threads started OK.
ININ all 8 threads have finished, took        9 wall s.
TIIN Executing job list for K took     37.33 usr cpu s       0.01 sys cpu s       8.85 wall s
TIIN compute_K_by_boxes took     39.29 usr cpu s       0.01 sys cpu s      10.82 wall s
TI   compute_K_by_boxes_sparse total took    108.67 usr cpu s       0.06 sys cpu s      20.44 wall s
INSC About to truncate FockMatrix, gap of Fprev >=          0.43200533179
TISC symmMatrix::mixed_diff for F vs Fprev maxEigValMovement_mixed took      0.00 usr cpu s       0.00 sys cpu s       0.00 wall s
TISC symmMatrix::eucl_diff for maxEigValMovement_eucl  took      0.03 usr cpu s       0.10 sys cpu s       0.02 wall s
INSC maxEigValMovement_frob  =          0.00152464198
INSC maxEigValMovement_mixed =          0.00116598166
INSC maxEigValMovement_eucl  =          0.00058619732
TISC FockMatrix.eucl_thresh() (with Z) took      0.03 usr cpu s       0.10 sys cpu s       0.02 wall s
INSC Truncated FockMatrix (eucl with Z), selected threshold = 4.30833e-08, returned error =          0, nnz before = 100.0000 %, nnz after = 100.0000 %
INSC Matrix 'S' ( symm ): n =    222, nnz =        49284 <-> 100.00 %, mem usage  0.0002 G
INSC Matrix 'F' ( symm ): n =    222, nnz =        49284 <-> 100.00 %, mem usage  0.0002 G
INSC Matrix 'D' ( symm ): n =    222, nnz =        49284 <-> 100.00 %, mem usage  0.0002 G
INSC nuclearEnergy, energy_2el, energy = 782.160484, 1007.739735, -644.961409
INSC Energy   9 =       -644.96140938203  ( diff     -0.000001618990154 )
INSC calling compute_FDSminusSDF_sparse, n = 222
INDE compute_FDSminusSDF_sparse() start.
TIDE FileWritable::writeAndReadAll took      0.00 usr cpu s       0.00 sys cpu s       0.00 wall s
INDE writeAndReadAll: '0 MB (1 MatrixGeneral, 0 > 1 MB) + 0 MB (9 MatrixSymmetric, 0 > 1 MB) = 0 MB (10 total, 0 > 1 MB)
TISC compute_FDSminusSDF_sparse, F*D mult took      0.00 usr cpu s       0.03 sys cpu s       0.00 wall s
INSC Matrix 'FD before eucl truncation' (normal): n =    222, nnz =        49284 <-> 100.00 %, mem usage  0.0004 G
INSC Matrix 'FD after  eucl truncation' (normal): n =    222, nnz =        49284 <-> 100.00 %, mem usage  0.0004 G
INSC Matrix 'FDS before eucl truncation' (normal): n =    222, nnz =        49284 <-> 100.00 %, mem usage  0.0004 G
INSC Matrix 'FDS after  eucl truncation' (normal): n =    222, nnz =        49284 <-> 100.00 %, mem usage  0.0004 G
INSC compute_FDSminusSDF_sparse ending OK.
TISC compute_FDSminusSDF_sparse took      0.03 usr cpu s       0.08 sys cpu s       0.01 wall s
INSC Matrix 'FDS-SDF' (normal): n =    222, nnz =        49284 <-> 100.00 %, mem usage  0.0004 G
INSC SCF_restricted::get_FDSminusSDF finished.
TISC get_FDSminusSDF took      0.03 usr cpu s       0.08 sys cpu s       0.01 wall s
INSC maxabs FDS-SDF is 9.68e-05
INSC frob   FDS-SDF is  0.00103
TISC get_error_measure took      0.00 usr cpu s       0.00 sys cpu s       0.00 wall s
INSC entering DIISManagerRestricted::AddIterationToList, IterCount =  8
INSC DIISManagerRestricted::AddIterationToList ending OK.
TISC DIISManagerRestricted::AddIterationToList took      0.01 usr cpu s       0.01 sys cpu s       0.00 wall s
INSC using DIIS to get combined Fock matrix, number of iters used for DIIS:  9
TISC clear_error_matrices took      0.00 usr cpu s       0.00 sys cpu s       0.00 wall s
TISC save_current_fock_as_fprev took      0.00 usr cpu s       0.00 sys cpu s       0.00 wall s
INDE get_dens_from_fock_general, n = 222, use_diagonalization = 0, use_diag_on_error = 1
INDE Before writeAndReadAll(): AllocatorManager statistics:  noOfRealsPerBuffer: 1024 noOfBuffers: 20000 list.size(): 1. Allocated: 0.164 GB, Used: 0.00627 GB, Peak alloc: 0.164 GB.
TIDE FileWritable::writeAndReadAll took      0.00 usr cpu s       0.00 sys cpu s       0.00 wall s
INDE writeAndReadAll sizesStr: '0 MB (1 MatrixGeneral, 0 > 1 MB) + 0 MB (7 MatrixSymmetric, 0 > 1 MB) = 0 MB (8 total, 0 > 1 MB)
INDE After writeAndReadAll(): AllocatorManager statistics:  noOfRealsPerBuffer: 1024 noOfBuffers: 20000 list.size(): 1. Allocated: 0.164 GB, Used: 0.00627 GB, Peak alloc: 0.164 GB.
INDE calling get_dens_from_fock_sparse, n =    222, subspaceErrorLimit = 1e-06
INDE get_dens_from_fock_sparse() start!
INDE After F.readFromFile(): AllocatorManager statistics:  noOfRealsPerBuffer: 1024 noOfBuffers: 20000 list.size(): 1. Allocated: 0.164 GB, Used: 0.00627 GB, Peak alloc: 0.164 GB.
INDE After creating wrapper MatrixType F_w(F): AllocatorManager statistics:  noOfRealsPerBuffer: 1024 noOfBuffers: 20000 list.size(): 1. Allocated: 0.164 GB, Used: 0.00644 GB, Peak alloc: 0.164 GB.
TIDE  F_w to orthogonal basis took      0.00 usr cpu s       0.02 sys cpu s       0.00 wall s
TIDE MatrixType::mixed_diff for maxEigValMovement_mixed took      0.00 usr cpu s       0.01 sys cpu s       0.00 wall s
TIDE symmMatrixWrap::eucl_diff for maxEigValMovement_eucl  took      0.04 usr cpu s       0.19 sys cpu s       0.03 wall s
INDE maxEigValMovement_frob  =          0.00113183677
INDE maxEigValMovement_mixed =          0.00078497668
INDE maxEigValMovement_eucl  =          0.00023205746
INDE lumo before truncation: [ 0.089403546447 , 0.143009072732 ]
INDE homo before truncation: [ -0.395132505184 , -0.342137670416 ]
INDE Truncate matrix F and update intervals for homo and lumo.
INDE Truncating F_ort ( mixed ), selected threshold = 4.31541e-08
INDE Truncated F_ort ( mixed ), selected threshold = 4.31541e-08, returned error =          0, nnz before = 100.0000 %, nnz after = 100.0000 %
TIDE Truncation of F_ort took      0.00 usr cpu s       0.00 sys cpu s       0.00 wall s
INDE Chosen Ergo Wrapper
INDE Creating purification object: N = 222 , nocc = 47 , NNZ = 49284  <-> 100.00000 %
INDE Chosen norm for the truncation: 
INDE mixed
INDE Chosen norm for the stopping criterion: 
INDE mixed
INDE Chosen the NEW stopping criterion.
INDE Allowed error in subspace 7.000000e-07
INDE Chosen SP2 purification method
INDE calling Puri->PurificationStart(), number of threads = 1, trunc norm 'mixed'
TIDE gershgorin took      0.00 usr cpu s       0.00 sys cpu s       0.00 wall s
INDE Gershgorin bounds: [ -35.722167249413 , 17.120536242827 ]
INDE EXPANDED Gershgorin bounds: [ -35.722167264314 , 17.120536257728 ]
INDE Trying to impove bounds using Lanczos algorithm...
TIDE compute_spectrum_bounds took      0.10 usr cpu s       0.40 sys cpu s       0.06 wall s
INDE Spectrum of F: 	 [ -20.624854183328 , 4.255860146704 ]
INDE Transform homo and lumo bounds...
INDE HOMO bounds of X: 	 [ 0.184801680375 , 0.186931636696 ]
INDE LUMO bounds of X: 	 [ 0.165302773040 , 0.167457274136 ]
INDE INIT LUMO: [ 0.165302773040 , 0.167457274136 ]
INDE INIT HOMO: [ 0.813068363304 , 0.815198319625 ]
INDE ESTIMATED NUMBER OF ITERATIONS IS 28
INDE Put eigenvalues of F to the interval [0,1] in reverse order.
TIDE compute_X() took      0.00 usr cpu s       0.00 sys cpu s       0.00 wall s
TIDE prepare_to_purification() took      0.10 usr cpu s       0.40 sys cpu s       0.07 wall s
INDE (EIGV,PARAMS) Requested 0 occipied eigenpair(s).
INDE (EIGV,PARAMS) Requested 0 unoccipied eigenpair(s).
TIDE prepare_to_purification_eigenvectors() took      0.00 usr cpu s       0.00 sys cpu s       0.00 wall s
INDE Starting recursive expansion
INDE     BEFORE ITERATIONS:
TIDE truncate_matrix took      0.00 usr cpu s       0.00 sys cpu s       0.00 wall s
INDE Actual introduced error   0.000000e+00 : nnz before  49284 <-> 100.00 % , nnz after  49284 <-> 100.00 %
TIDE square took      0.01 usr cpu s       0.01 sys cpu s       0.00 wall s
INDE NNZ Xsq = 49284 <-> 100.00 %
TIDE Frobenius norm of X-X^2 took      0.00 usr cpu s       0.00 sys cpu s       0.00 wall s
TIDE Mixed norm of X-X^2 took      0.00 usr cpu s       0.01 sys cpu s       0.00 wall s
TIDE Trace of X-X^2 took      0.00 usr cpu s       0.00 sys cpu s       0.00 wall s
INDE ||X-X^2||_F = 1.696454e+00 , ||X-X^2||_mixed = 8.697828e-01
INDE trace(X-X^2) = 2.268034e+01
INDE trace(X) = 3.353582e+01
TIDE Iteration 0 took      0.01 usr cpu s       0.02 sys cpu s       0.00 wall s
TIDE FileWritable::writeAndReadAll took      0.00 usr cpu s       0.00 sys cpu s       0.00 wall s
INDE writeAndReadAll sizesStr: '0 MB (1 MatrixGeneral, 0 > 1 MB) + 0 MB (13 MatrixSymmetric, 0 > 1 MB) + 0 MB (2 VectorGeneral, 0 > 1 MB) = 0 MB (16 total, 0 > 1 MB)
INDE     ITERATION 1 :
TIDE purify_X took      0.00 usr cpu s       0.00 sys cpu s       0.00 wall s
TIDE truncate_matrix took      0.00 usr cpu s       0.00 sys cpu s       0.00 wall s
INDE Actual introduced error   0.000000e+00 : nnz before  49284 <-> 100.00 % , nnz after  49284 <-> 100.00 %
TIDE square took      0.00 usr cpu s       0.02 sys cpu s       0.00 wall s
INDE NNZ Xsq = 49284 <-> 100.00 %
TIDE Frobenius norm of X-X^2 took      0.00 usr cpu s       0.00 sys cpu s       0.00 wall s
TIDE Mixed norm of X-X^2 took      0.01 usr cpu s       0.01 sys cpu s       0.00 wall s
TIDE Trace of X-X^2 took      0.00 usr cpu s       0.00 sys cpu s       0.00 wall s
INDE ||X-X^2||_F = 2.452786e+00 , ||X-X^2||_mixed = 1.227596e+00
INDE trace(X-X^2) = 3.418991e+01
INDE trace(X) = 5.621616e+01
TIDE Iteration 1 took      0.01 usr cpu s       0.02 sys cpu s       0.00 wall s
INDE     ITERATION 2 :
TIDE purify_X took      0.00 usr cpu s       0.00 sys cpu s       0.00 wall s
TIDE truncate_matrix took      0.00 usr cpu s       0.00 sys cpu s       0.00 wall s
INDE Actual introduced error   0.000000e+00 : nnz before  49284 <-> 100.00 % , nnz after  49284 <-> 100.00 %
TIDE square took      0.00 usr cpu s       0.02 sys cpu s       0.00 wall s
INDE NNZ Xsq = 49284 <-> 100.00 %
TIDE Frobenius norm of X-X^2 took      0.00 usr cpu s       0.00 sys cpu s       0.00 wall s
TIDE Mixed norm of X-X^2 took      0.00 usr cpu s       0.01 sys cpu s       0.00 wall s
TIDE Trace of X-X^2 took      0.00 usr cpu s       0.00 sys cpu s       0.00 wall s
INDE ||X-X^2||_F = 3.128783e+00 , ||X-X^2||_mixed = 1.495112e+00
INDE trace(X-X^2) = 4.422260e+01
INDE trace(X) = 9.040607e+01
INDE Checking stopping criterion...   
INDE Order of convergence cannot be computed
TIDE stopping_criterion took      0.00 usr cpu s       0.00 sys cpu s       0.00 wall s
TIDE Iteration 2 took      0.00 usr cpu s       0.03 sys cpu s       0.00 wall s
INDE     ITERATION 3 :
TIDE purify_X took      0.00 usr cpu s       0.00 sys cpu s       0.00 wall s
TIDE truncate_matrix took      0.00 usr cpu s       0.00 sys cpu s       0.00 wall s
INDE Actual introduced error   0.000000e+00 : nnz before  49284 <-> 100.00 % , nnz after  49284 <-> 100.00 %
TIDE square took      0.01 usr cpu s       0.01 sys cpu s       0.00 wall s
INDE NNZ Xsq = 49284 <-> 100.00 %
TIDE Frobenius norm of X-X^2 took      0.00 usr cpu s       0.00 sys cpu s       0.00 wall s
TIDE Mixed norm of X-X^2 took      0.00 usr cpu s       0.01 sys cpu s       0.00 wall s
TIDE Trace of X-X^2 took      0.00 usr cpu s       0.00 sys cpu s       0.00 wall s
INDE ||X-X^2||_F = 2.042917e+00 , ||X-X^2||_mixed = 1.140105e+00
INDE trace(X-X^2) = 2.593172e+01
INDE trace(X) = 4.618347e+01
INDE Checking stopping criterion...   
INDE Order of convergence cannot be computed
TIDE stopping_criterion took      0.00 usr cpu s       0.00 sys cpu s       0.00 wall s
TIDE Iteration 3 took      0.01 usr cpu s       0.02 sys cpu s       0.00 wall s
INDE     ITERATION 4 :
TIDE purify_X took      0.00 usr cpu s       0.00 sys cpu s       0.00 wall s
TIDE truncate_matrix took      0.00 usr cpu s       0.00 sys cpu s       0.00 wall s
INDE Actual introduced error   0.000000e+00 : nnz before  49284 <-> 100.00 % , nnz after  49284 <-> 100.00 %
TIDE square took      0.00 usr cpu s       0.01 sys cpu s       0.00 wall s
INDE NNZ Xsq = 49284 <-> 100.00 %
TIDE Frobenius norm of X-X^2 took      0.00 usr cpu s       0.00 sys cpu s       0.00 wall s
TIDE Mixed norm of X-X^2 took      0.00 usr cpu s       0.01 sys cpu s       0.00 wall s
TIDE Trace of X-X^2 took      0.00 usr cpu s       0.00 sys cpu s       0.00 wall s
INDE ||X-X^2||_F = 2.694206e+00 , ||X-X^2||_mixed = 1.436981e+00
INDE trace(X-X^2) = 3.563241e+01
INDE trace(X) = 7.211518e+01
INDE Checking stopping criterion...   
INDE Order of convergence cannot be computed
TIDE stopping_criterion took      0.00 usr cpu s       0.00 sys cpu s       0.00 wall s
TIDE Iteration 4 took      0.01 usr cpu s       0.02 sys cpu s       0.00 wall s
INDE     ITERATION 5 :
TIDE purify_X took      0.00 usr cpu s       0.00 sys cpu s       0.00 wall s
TIDE truncate_matrix took      0.00 usr cpu s       0.00 sys cpu s       0.00 wall s
INDE Actual introduced error   0.000000e+00 : nnz before  49284 <-> 100.00 % , nnz after  49284 <-> 100.00 %
TIDE square took      0.01 usr cpu s       0.01 sys cpu s       0.00 wall s
INDE NNZ Xsq = 49284 <-> 100.00 %
TIDE Frobenius norm of X-X^2 took      0.00 usr cpu s       0.00 sys cpu s       0.00 wall s
TIDE Mixed norm of X-X^2 took      0.00 usr cpu s       0.01 sys cpu s       0.00 wall s
TIDE Trace of X-X^2 took      0.00 usr cpu s       0.00 sys cpu s       0.00 wall s
INDE ||X-X^2||_F = 2.829640e+00 , ||X-X^2||_mixed = 1.489639e+00
INDE trace(X-X^2) = 3.867139e+01
INDE trace(X) = 1.077476e+02
INDE Checking stopping criterion...   
INDE Order of convergence cannot be computed
TIDE stopping_criterion took      0.00 usr cpu s       0.00 sys cpu s       0.00 wall s
TIDE Iteration 5 took      0.01 usr cpu s       0.03 sys cpu s       0.00 wall s
INDE     ITERATION 6 :
TIDE purify_X took      0.00 usr cpu s       0.00 sys cpu s       0.00 wall s
TIDE truncate_matrix took      0.00 usr cpu s       0.00 sys cpu s       0.00 wall s
INDE Actual introduced error   0.000000e+00 : nnz before  49284 <-> 100.00 % , nnz after  49284 <-> 100.00 %
TIDE square took      0.00 usr cpu s       0.01 sys cpu s       0.00 wall s
INDE NNZ Xsq = 49284 <-> 100.00 %
TIDE Frobenius norm of X-X^2 took      0.00 usr cpu s       0.00 sys cpu s       0.00 wall s
TIDE Mixed norm of X-X^2 took      0.00 usr cpu s       0.01 sys cpu s       0.00 wall s
TIDE Trace of X-X^2 took      0.00 usr cpu s       0.00 sys cpu s       0.00 wall s
INDE ||X-X^2||_F = 2.431511e+00 , ||X-X^2||_mixed = 1.395154e+00
INDE trace(X-X^2) = 2.987913e+01
INDE trace(X) = 6.907620e+01
INDE Checking stopping criterion...   
INDE Order of convergence cannot be computed
TIDE stopping_criterion took      0.00 usr cpu s       0.00 sys cpu s       0.00 wall s
TIDE Iteration 6 took      0.01 usr cpu s       0.02 sys cpu s       0.00 wall s
INDE     ITERATION 7 :
TIDE purify_X took      0.00 usr cpu s       0.00 sys cpu s       0.00 wall s
TIDE truncate_matrix took      0.00 usr cpu s       0.00 sys cpu s       0.00 wall s
INDE Actual introduced error   0.000000e+00 : nnz before  49284 <-> 100.00 % , nnz after  49284 <-> 100.00 %
TIDE square took      0.01 usr cpu s       0.01 sys cpu s       0.00 wall s
INDE NNZ Xsq = 49284 <-> 100.00 %
TIDE Frobenius norm of X-X^2 took      0.00 usr cpu s       0.00 sys cpu s       0.00 wall s
TIDE Mixed norm of X-X^2 took      0.00 usr cpu s       0.01 sys cpu s       0.00 wall s
TIDE Trace of X-X^2 took      0.00 usr cpu s       0.00 sys cpu s       0.00 wall s
INDE ||X-X^2||_F = 1.752189e+00 , ||X-X^2||_mixed = 1.119075e+00
INDE trace(X-X^2) = 1.729567e+01
INDE trace(X) = 3.919707e+01
INDE Checking stopping criterion...   
INDE Order of convergence cannot be computed
TIDE stopping_criterion took      0.00 usr cpu s       0.00 sys cpu s       0.00 wall s
TIDE Iteration 7 took      0.01 usr cpu s       0.02 sys cpu s       0.00 wall s
INDE     ITERATION 8 :
TIDE purify_X took      0.00 usr cpu s       0.00 sys cpu s       0.00 wall s
TIDE truncate_matrix took      0.00 usr cpu s       0.00 sys cpu s       0.00 wall s
INDE Actual introduced error   0.000000e+00 : nnz before  49284 <-> 100.00 % , nnz after  49284 <-> 100.00 %
TIDE square took      0.00 usr cpu s       0.01 sys cpu s       0.00 wall s
INDE NNZ Xsq = 49284 <-> 100.00 %
TIDE Frobenius norm of X-X^2 took      0.00 usr cpu s       0.00 sys cpu s       0.00 wall s
TIDE Mixed norm of X-X^2 took      0.00 usr cpu s       0.01 sys cpu s       0.00 wall s
TIDE Trace of X-X^2 took      0.00 usr cpu s       0.00 sys cpu s       0.00 wall s
INDE ||X-X^2||_F = 1.978921e+00 , ||X-X^2||_mixed = 1.220645e+00
INDE trace(X-X^2) = 2.135607e+01
INDE trace(X) = 5.649274e+01
INDE Checking stopping criterion...   
INDE Order of convergence cannot be computed
TIDE stopping_criterion took      0.00 usr cpu s       0.00 sys cpu s       0.00 wall s
TIDE Iteration 8 took      0.01 usr cpu s       0.03 sys cpu s       0.00 wall s
INDE     ITERATION 9 :
TIDE purify_X took      0.00 usr cpu s       0.00 sys cpu s       0.00 wall s
TIDE truncate_matrix took      0.00 usr cpu s       0.00 sys cpu s       0.00 wall s
INDE Actual introduced error   0.000000e+00 : nnz before  49284 <-> 100.00 % , nnz after  49284 <-> 100.00 %
TIDE square took      0.00 usr cpu s       0.01 sys cpu s       0.00 wall s
INDE NNZ Xsq = 49284 <-> 100.00 %
TIDE Frobenius norm of X-X^2 took      0.00 usr cpu s       0.00 sys cpu s       0.00 wall s
TIDE Mixed norm of X-X^2 took      0.00 usr cpu s       0.01 sys cpu s       0.00 wall s
TIDE Trace of X-X^2 took      0.00 usr cpu s       0.00 sys cpu s       0.00 wall s
INDE ||X-X^2||_F = 1.539806e+00 , ||X-X^2||_mixed = 1.043570e+00
INDE trace(X-X^2) = 1.273185e+01
INDE trace(X) = 3.513667e+01
INDE Checking stopping criterion...   
INDE Order of convergence cannot be computed
TIDE stopping_criterion took      0.00 usr cpu s       0.00 sys cpu s       0.00 wall s
TIDE Iteration 9 took      0.01 usr cpu s       0.02 sys cpu s       0.00 wall s
INDE     ITERATION 10 :
TIDE purify_X took      0.00 usr cpu s       0.00 sys cpu s       0.00 wall s
TIDE truncate_matrix took      0.00 usr cpu s       0.00 sys cpu s       0.00 wall s
INDE Actual introduced error   0.000000e+00 : nnz before  49284 <-> 100.00 % , nnz after  49284 <-> 100.00 %
TIDE square took      0.01 usr cpu s       0.01 sys cpu s       0.00 wall s
INDE NNZ Xsq = 49284 <-> 100.00 %
TIDE Frobenius norm of X-X^2 took      0.00 usr cpu s       0.00 sys cpu s       0.00 wall s
TIDE Mixed norm of X-X^2 took      0.00 usr cpu s       0.01 sys cpu s       0.00 wall s
TIDE Trace of X-X^2 took      0.00 usr cpu s       0.00 sys cpu s       0.00 wall s
INDE ||X-X^2||_F = 1.535722e+00 , ||X-X^2||_mixed = 1.008728e+00
INDE trace(X-X^2) = 1.407675e+01
INDE trace(X) = 4.786852e+01
INDE Checking stopping criterion...   
INDE Order of convergence cannot be computed
TIDE stopping_criterion took      0.00 usr cpu s       0.00 sys cpu s       0.00 wall s
TIDE Iteration 10 took      0.01 usr cpu s       0.02 sys cpu s       0.00 wall s
INDE     ITERATION 11 :
TIDE purify_X took      0.00 usr cpu s       0.00 sys cpu s       0.00 wall s
TIDE truncate_matrix took      0.00 usr cpu s       0.00 sys cpu s       0.00 wall s
INDE Actual introduced error   0.000000e+00 : nnz before  49284 <-> 100.00 % , nnz after  49284 <-> 100.00 %
TIDE square took      0.01 usr cpu s       0.01 sys cpu s       0.00 wall s
INDE NNZ Xsq = 49284 <-> 100.00 %
TIDE Frobenius norm of X-X^2 took      0.00 usr cpu s       0.00 sys cpu s       0.00 wall s
TIDE Mixed norm of X-X^2 took      0.00 usr cpu s       0.01 sys cpu s       0.00 wall s
TIDE Trace of X-X^2 took      0.00 usr cpu s       0.00 sys cpu s       0.00 wall s
INDE ||X-X^2||_F = 1.525277e+00 , ||X-X^2||_mixed = 1.054940e+00
INDE trace(X-X^2) = 1.394046e+01
INDE trace(X) = 6.194527e+01
INDE Checking stopping criterion...   
INDE Order of convergence cannot be computed
TIDE stopping_criterion took      0.00 usr cpu s       0.00 sys cpu s       0.00 wall s
TIDE Iteration 11 took      0.01 usr cpu s       0.02 sys cpu s       0.00 wall s
INDE     ITERATION 12 :
TIDE purify_X took      0.00 usr cpu s       0.00 sys cpu s       0.00 wall s
TIDE truncate_matrix took      0.00 usr cpu s       0.00 sys cpu s       0.00 wall s
INDE Actual introduced error   0.000000e+00 : nnz before  49284 <-> 100.00 % , nnz after  49284 <-> 100.00 %
TIDE square took      0.00 usr cpu s       0.01 sys cpu s       0.00 wall s
INDE NNZ Xsq = 49284 <-> 100.00 %
TIDE Frobenius norm of X-X^2 took      0.00 usr cpu s       0.00 sys cpu s       0.00 wall s
TIDE Mixed norm of X-X^2 took      0.00 usr cpu s       0.01 sys cpu s       0.00 wall s
TIDE Trace of X-X^2 took      0.00 usr cpu s       0.00 sys cpu s       0.00 wall s
INDE ||X-X^2||_F = 1.135333e+00 , ||X-X^2||_mixed = 7.831680e-01
INDE trace(X-X^2) = 8.882897e+00
INDE trace(X) = 4.800482e+01
INDE Checking stopping criterion...   
INDE Order of convergence cannot be computed
TIDE stopping_criterion took      0.00 usr cpu s       0.00 sys cpu s       0.00 wall s
TIDE Iteration 12 took      0.01 usr cpu s       0.03 sys cpu s       0.00 wall s
INDE     ITERATION 13 :
TIDE purify_X took      0.00 usr cpu s       0.00 sys cpu s       0.00 wall s
TIDE truncate_matrix took      0.00 usr cpu s       0.00 sys cpu s       0.00 wall s
INDE Actual introduced error   0.000000e+00 : nnz before  49284 <-> 100.00 % , nnz after  49284 <-> 100.00 %
TIDE square took      0.01 usr cpu s       0.01 sys cpu s       0.00 wall s
INDE NNZ Xsq = 49284 <-> 100.00 %
TIDE Frobenius norm of X-X^2 took      0.00 usr cpu s       0.00 sys cpu s       0.00 wall s
TIDE Mixed norm of X-X^2 took      0.00 usr cpu s       0.01 sys cpu s       0.00 wall s
TIDE Trace of X-X^2 took      0.00 usr cpu s       0.00 sys cpu s       0.00 wall s
INDE ||X-X^2||_F = 1.136402e+00 , ||X-X^2||_mixed = 8.313551e-01
INDE trace(X-X^2) = 7.039016e+00
INDE trace(X) = 3.912192e+01
INDE Checking stopping criterion...   
INDE Order of convergence cannot be computed
TIDE stopping_criterion took      0.00 usr cpu s       0.00 sys cpu s       0.00 wall s
TIDE Iteration 13 took      0.01 usr cpu s       0.02 sys cpu s       0.00 wall s
INDE     ITERATION 14 :
TIDE purify_X took      0.00 usr cpu s       0.00 sys cpu s       0.00 wall s
TIDE truncate_matrix took      0.00 usr cpu s       0.00 sys cpu s       0.00 wall s
INDE Actual introduced error   0.000000e+00 : nnz before  49284 <-> 100.00 % , nnz after  49284 <-> 100.00 %
TIDE square took      0.00 usr cpu s       0.01 sys cpu s       0.00 wall s
INDE NNZ Xsq = 49284 <-> 100.00 %
TIDE Frobenius norm of X-X^2 took      0.00 usr cpu s       0.00 sys cpu s       0.00 wall s
TIDE Mixed norm of X-X^2 took      0.00 usr cpu s       0.01 sys cpu s       0.00 wall s
TIDE Trace of X-X^2 took      0.00 usr cpu s       0.00 sys cpu s       0.00 wall s
INDE ||X-X^2||_F = 7.344799e-01 , ||X-X^2||_mixed = 5.416199e-01
INDE trace(X-X^2) = 4.672045e+00
INDE trace(X) = 4.616094e+01
INDE Checking stopping criterion...   
INDE e_i =5.416199e-01, C*e_{i-1}^q = 4.224279e+00
INDE Order of convergence = 10.404140, stop = 0
TIDE stopping_criterion took      0.00 usr cpu s       0.00 sys cpu s       0.00 wall s
TIDE Iteration 14 took      0.01 usr cpu s       0.03 sys cpu s       0.00 wall s
INDE     ITERATION 15 :
TIDE purify_X took      0.00 usr cpu s       0.00 sys cpu s       0.00 wall s
TIDE truncate_matrix took      0.00 usr cpu s       0.00 sys cpu s       0.00 wall s
INDE Actual introduced error   0.000000e+00 : nnz before  49284 <-> 100.00 % , nnz after  49284 <-> 100.00 %
TIDE square took      0.01 usr cpu s       0.01 sys cpu s       0.00 wall s
INDE NNZ Xsq = 49284 <-> 100.00 %
TIDE Frobenius norm of X-X^2 took      0.00 usr cpu s       0.00 sys cpu s       0.00 wall s
TIDE Mixed norm of X-X^2 took      0.00 usr cpu s       0.01 sys cpu s       0.00 wall s
TIDE Trace of X-X^2 took      0.00 usr cpu s       0.00 sys cpu s       0.00 wall s
INDE ||X-X^2||_F = 7.310073e-01 , ||X-X^2||_mixed = 5.527437e-01
INDE trace(X-X^2) = 3.795917e+00
INDE trace(X) = 5.083298e+01
INDE Checking stopping criterion...   
INDE Order of convergence cannot be computed
TIDE stopping_criterion took      0.00 usr cpu s       0.00 sys cpu s       0.00 wall s
TIDE Iteration 15 took      0.01 usr cpu s       0.02 sys cpu s       0.00 wall s
INDE     ITERATION 16 :
TIDE purify_X took      0.00 usr cpu s       0.00 sys cpu s       0.00 wall s
TIDE truncate_matrix took      0.00 usr cpu s       0.00 sys cpu s       0.00 wall s
INDE Actual introduced error   0.000000e+00 : nnz before  49284 <-> 100.00 % , nnz after  49284 <-> 100.00 %
TIDE square took      0.00 usr cpu s       0.02 sys cpu s       0.00 wall s
INDE NNZ Xsq = 49284 <-> 100.00 %
TIDE Frobenius norm of X-X^2 took      0.00 usr cpu s       0.00 sys cpu s       0.00 wall s
TIDE Mixed norm of X-X^2 took      0.00 usr cpu s       0.01 sys cpu s       0.00 wall s
TIDE Trace of X-X^2 took      0.00 usr cpu s       0.00 sys cpu s       0.00 wall s
INDE ||X-X^2||_F = 3.736092e-01 , ||X-X^2||_mixed = 3.052534e-01
INDE trace(X-X^2) = 1.819574e+00
INDE trace(X) = 4.703706e+01
INDE Checking stopping criterion...   
INDE e_i =3.052534e-01, C*e_{i-1}^q = 2.020375e+00
INDE Order of convergence = 5.082069, stop = 0
TIDE stopping_criterion took      0.00 usr cpu s       0.00 sys cpu s       0.00 wall s
TIDE Iteration 16 took      0.00 usr cpu s       0.03 sys cpu s       0.00 wall s
INDE     ITERATION 17 :
TIDE purify_X took      0.00 usr cpu s       0.00 sys cpu s       0.00 wall s
TIDE truncate_matrix took      0.00 usr cpu s       0.00 sys cpu s       0.00 wall s
INDE Actual introduced error   0.000000e+00 : nnz before  49284 <-> 100.00 % , nnz after  49284 <-> 100.00 %
TIDE square took      0.00 usr cpu s       0.01 sys cpu s       0.00 wall s
INDE NNZ Xsq = 49284 <-> 100.00 %
TIDE Frobenius norm of X-X^2 took      0.00 usr cpu s       0.00 sys cpu s       0.00 wall s
TIDE Mixed norm of X-X^2 took      0.00 usr cpu s       0.01 sys cpu s       0.00 wall s
TIDE Trace of X-X^2 took      0.00 usr cpu s       0.00 sys cpu s       0.00 wall s
INDE ||X-X^2||_F = 4.268975e-01 , ||X-X^2||_mixed = 3.696076e-01
INDE trace(X-X^2) = 1.694207e+00
INDE trace(X) = 4.521749e+01
INDE Checking stopping criterion...   
INDE Order of convergence cannot be computed
TIDE stopping_criterion took      0.00 usr cpu s       0.00 sys cpu s       0.00 wall s
TIDE Iteration 17 took      0.01 usr cpu s       0.03 sys cpu s       0.00 wall s
INDE     ITERATION 18 :
TIDE purify_X took      0.00 usr cpu s       0.00 sys cpu s       0.00 wall s
TIDE truncate_matrix took      0.00 usr cpu s       0.00 sys cpu s       0.00 wall s
INDE Actual introduced error   0.000000e+00 : nnz before  49284 <-> 100.00 % , nnz after  49284 <-> 100.00 %
TIDE square took      0.00 usr cpu s       0.02 sys cpu s       0.00 wall s
INDE NNZ Xsq = 49284 <-> 100.00 %
TIDE Frobenius norm of X-X^2 took      0.00 usr cpu s       0.00 sys cpu s       0.00 wall s
TIDE Mixed norm of X-X^2 took      0.01 usr cpu s       0.01 sys cpu s       0.00 wall s
TIDE Trace of X-X^2 took      0.00 usr cpu s       0.00 sys cpu s       0.00 wall s
INDE ||X-X^2||_F = 1.459589e-01 , ||X-X^2||_mixed = 1.341968e-01
INDE trace(X-X^2) = 4.663410e-01
INDE trace(X) = 4.691170e+01
INDE Checking stopping criterion...   
INDE e_i =1.341968e-01, C*e_{i-1}^q = 6.417467e-01
INDE Order of convergence = 3.318784, stop = 0
TIDE stopping_criterion took      0.00 usr cpu s       0.00 sys cpu s       0.00 wall s
TIDE Iteration 18 took      0.01 usr cpu s       0.02 sys cpu s       0.00 wall s
INDE     ITERATION 19 :
TIDE purify_X took      0.00 usr cpu s       0.00 sys cpu s       0.00 wall s
TIDE truncate_matrix took      0.00 usr cpu s       0.00 sys cpu s       0.00 wall s
INDE Actual introduced error   0.000000e+00 : nnz before  49284 <-> 100.00 % , nnz after  49284 <-> 100.00 %
TIDE square took      0.01 usr cpu s       0.01 sys cpu s       0.00 wall s
INDE NNZ Xsq = 49284 <-> 100.00 %
TIDE Frobenius norm of X-X^2 took      0.00 usr cpu s       0.00 sys cpu s       0.00 wall s
TIDE Mixed norm of X-X^2 took      0.00 usr cpu s       0.01 sys cpu s       0.00 wall s
TIDE Trace of X-X^2 took      0.00 usr cpu s       0.00 sys cpu s       0.00 wall s
INDE ||X-X^2||_F = 1.609148e-01 , ||X-X^2||_mixed = 1.526554e-01
INDE trace(X-X^2) = 3.767159e-01
INDE trace(X) = 4.737804e+01
INDE Checking stopping criterion...   
INDE Order of convergence cannot be computed
TIDE stopping_criterion took      0.00 usr cpu s       0.00 sys cpu s       0.00 wall s
TIDE Iteration 19 took      0.01 usr cpu s       0.02 sys cpu s       0.00 wall s
INDE     ITERATION 20 :
TIDE purify_X took      0.00 usr cpu s       0.00 sys cpu s       0.00 wall s
TIDE truncate_matrix took      0.00 usr cpu s       0.00 sys cpu s       0.00 wall s
INDE Actual introduced error   0.000000e+00 : nnz before  49284 <-> 100.00 % , nnz after  49284 <-> 100.00 %
TIDE square took      0.01 usr cpu s       0.01 sys cpu s       0.00 wall s
INDE NNZ Xsq = 49284 <-> 100.00 %
TIDE Frobenius norm of X-X^2 took      0.00 usr cpu s       0.00 sys cpu s       0.00 wall s
TIDE Mixed norm of X-X^2 took      0.01 usr cpu s       0.00 sys cpu s       0.00 wall s
TIDE Trace of X-X^2 took      0.00 usr cpu s       0.00 sys cpu s       0.00 wall s
INDE ||X-X^2||_F = 2.957352e-02 , ||X-X^2||_mixed = 2.827241e-02
INDE trace(X-X^2) = 6.381587e-02
INDE trace(X) = 4.700132e+01
INDE Checking stopping criterion...   
INDE e_i =2.827241e-02, C*e_{i-1}^q = 1.240301e-01
INDE Order of convergence = 2.736210, stop = 0
TIDE stopping_criterion took      0.00 usr cpu s       0.00 sys cpu s       0.00 wall s
TIDE Iteration 20 took      0.02 usr cpu s       0.01 sys cpu s       0.00 wall s
INDE     ITERATION 21 :
TIDE purify_X took      0.00 usr cpu s       0.00 sys cpu s       0.00 wall s
TIDE truncate_matrix took      0.00 usr cpu s       0.00 sys cpu s       0.00 wall s
INDE Actual introduced error   0.000000e+00 : nnz before  49284 <-> 100.00 % , nnz after  49284 <-> 100.00 %
TIDE square took      0.01 usr cpu s       0.01 sys cpu s       0.00 wall s
INDE NNZ Xsq = 49284 <-> 100.00 %
TIDE Frobenius norm of X-X^2 took      0.00 usr cpu s       0.00 sys cpu s       0.00 wall s
TIDE Mixed norm of X-X^2 took      0.01 usr cpu s       0.01 sys cpu s       0.00 wall s
TIDE Trace of X-X^2 took      0.00 usr cpu s       0.00 sys cpu s       0.00 wall s
INDE ||X-X^2||_F = 3.870990e-02 , ||X-X^2||_mixed = 3.858241e-02
INDE trace(X-X^2) = 6.191090e-02
INDE trace(X) = 4.693751e+01
INDE Checking stopping criterion...   
INDE Order of convergence cannot be computed
TIDE stopping_criterion took      0.00 usr cpu s       0.00 sys cpu s       0.00 wall s
TIDE Iteration 21 took      0.01 usr cpu s       0.02 sys cpu s       0.00 wall s
INDE     ITERATION 22 :
TIDE purify_X took      0.00 usr cpu s       0.00 sys cpu s       0.00 wall s
TIDE truncate_matrix took      0.00 usr cpu s       0.00 sys cpu s       0.00 wall s
INDE Actual introduced error   0.000000e+00 : nnz before  49284 <-> 100.00 % , nnz after  49284 <-> 100.00 %
TIDE square took      0.00 usr cpu s       0.01 sys cpu s       0.00 wall s
INDE NNZ Xsq = 49284 <-> 100.00 %
TIDE Frobenius norm of X-X^2 took      0.00 usr cpu s       0.00 sys cpu s       0.00 wall s
TIDE Mixed norm of X-X^2 took      0.00 usr cpu s       0.01 sys cpu s       0.00 wall s
TIDE Trace of X-X^2 took      0.00 usr cpu s       0.00 sys cpu s       0.00 wall s
INDE ||X-X^2||_F = 1.447150e-03 , ||X-X^2||_mixed = 1.400241e-03
INDE trace(X-X^2) = 2.590011e-03
INDE trace(X) = 4.699942e+01
INDE Checking stopping criterion...   
INDE e_i =1.400241e-03, C*e_{i-1}^q = 5.505138e-03
INDE Order of convergence = 2.383928, stop = 0
TIDE stopping_criterion took      0.00 usr cpu s       0.00 sys cpu s       0.00 wall s
TIDE Iteration 22 took      0.01 usr cpu s       0.02 sys cpu s       0.00 wall s
INDE     ITERATION 23 :
TIDE purify_X took      0.00 usr cpu s       0.00 sys cpu s       0.00 wall s
TIDE truncate_matrix took      0.00 usr cpu s       0.00 sys cpu s       0.00 wall s
INDE Actual introduced error   0.000000e+00 : nnz before  49284 <-> 100.00 % , nnz after  49284 <-> 100.00 %
TIDE square took      0.00 usr cpu s       0.01 sys cpu s       0.00 wall s
INDE NNZ Xsq = 49284 <-> 100.00 %
TIDE Frobenius norm of X-X^2 took      0.00 usr cpu s       0.00 sys cpu s       0.00 wall s
TIDE Mixed norm of X-X^2 took      0.00 usr cpu s       0.01 sys cpu s       0.00 wall s
TIDE Trace of X-X^2 took      0.00 usr cpu s       0.00 sys cpu s       0.00 wall s
INDE ||X-X^2||_F = 1.746578e-03 , ||X-X^2||_mixed = 1.745643e-03
INDE trace(X-X^2) = 2.005994e-03
INDE trace(X) = 4.700201e+01
INDE Checking stopping criterion...   
INDE Order of convergence cannot be computed
TIDE stopping_criterion took      0.00 usr cpu s       0.00 sys cpu s       0.00 wall s
TIDE Iteration 23 took      0.01 usr cpu s       0.02 sys cpu s       0.00 wall s
INDE     ITERATION 24 :
TIDE purify_X took      0.00 usr cpu s       0.00 sys cpu s       0.00 wall s
TIDE truncate_matrix took      0.00 usr cpu s       0.00 sys cpu s       0.00 wall s
INDE Actual introduced error   0.000000e+00 : nnz before  49284 <-> 100.00 % , nnz after  49284 <-> 100.00 %
TIDE square took      0.01 usr cpu s       0.01 sys cpu s       0.00 wall s
INDE NNZ Xsq = 49284 <-> 100.00 %
TIDE Frobenius norm of X-X^2 took      0.00 usr cpu s       0.00 sys cpu s       0.00 wall s
TIDE Mixed norm of X-X^2 took      0.00 usr cpu s       0.01 sys cpu s       0.00 wall s
TIDE Trace of X-X^2 took      0.00 usr cpu s       0.00 sys cpu s       0.00 wall s
INDE ||X-X^2||_F = 3.667897e-06 , ||X-X^2||_mixed = 3.555332e-06
INDE trace(X-X^2) = 5.725016e-06
INDE trace(X) = 4.700000e+01
INDE Checking stopping criterion...   
INDE e_i =3.555332e-06, C*e_{i-1}^q = 1.350357e-05
INDE Order of convergence = 2.203087, stop = 0
TIDE stopping_criterion took      0.00 usr cpu s       0.00 sys cpu s       0.00 wall s
TIDE Iteration 24 took      0.01 usr cpu s       0.02 sys cpu s       0.00 wall s
INDE     ITERATION 25 :
TIDE purify_X took      0.00 usr cpu s       0.00 sys cpu s       0.00 wall s
TIDE truncate_matrix took      0.00 usr cpu s       0.00 sys cpu s       0.00 wall s
INDE Actual introduced error   0.000000e+00 : nnz before  49284 <-> 100.00 % , nnz after  49284 <-> 100.00 %
TIDE square took      0.00 usr cpu s       0.01 sys cpu s       0.00 wall s
INDE NNZ Xsq = 49284 <-> 100.00 %
TIDE Frobenius norm of X-X^2 took      0.00 usr cpu s       0.00 sys cpu s       0.00 wall s
TIDE Mixed norm of X-X^2 took      0.01 usr cpu s       0.00 sys cpu s       0.00 wall s
TIDE Trace of X-X^2 took      0.00 usr cpu s       0.00 sys cpu s       0.00 wall s
INDE ||X-X^2||_F = 4.219000e-06 , ||X-X^2||_mixed = 4.215584e-06
INDE trace(X-X^2) = 5.328154e-06
INDE trace(X) = 4.699999e+01
INDE Checking stopping criterion...   
INDE Order of convergence cannot be computed
TIDE stopping_criterion took      0.00 usr cpu s       0.00 sys cpu s       0.00 wall s
TIDE Iteration 25 took      0.01 usr cpu s       0.02 sys cpu s       0.00 wall s
INDE     ITERATION 26 :
TIDE purify_X took      0.00 usr cpu s       0.00 sys cpu s       0.00 wall s
TIDE truncate_matrix took      0.00 usr cpu s       0.00 sys cpu s       0.00 wall s
INDE Actual introduced error   0.000000e+00 : nnz before  49284 <-> 100.00 % , nnz after  49284 <-> 100.00 %
TIDE square took      0.01 usr cpu s       0.00 sys cpu s       0.00 wall s
INDE NNZ Xsq = 49284 <-> 100.00 %
TIDE Frobenius norm of X-X^2 took      0.00 usr cpu s       0.00 sys cpu s       0.00 wall s
TIDE Mixed norm of X-X^2 took      0.00 usr cpu s       0.01 sys cpu s       0.00 wall s
TIDE Trace of X-X^2 took      0.00 usr cpu s       0.00 sys cpu s       0.00 wall s
INDE ||X-X^2||_F = 2.418266e-11 , ||X-X^2||_mixed = 2.338757e-11
INDE trace(X-X^2) = 3.579004e-11
INDE trace(X) = 4.700000e+01
INDE Checking stopping criterion...   
INDE e_i =2.338757e-11, C*e_{i-1}^q = 8.705687e-11
INDE Order of convergence = 2.104754, stop = 0
TIDE stopping_criterion took      0.00 usr cpu s       0.00 sys cpu s       0.00 wall s
TIDE Iteration 26 took      0.01 usr cpu s       0.01 sys cpu s       0.00 wall s
INDE     ITERATION 27 :
TIDE purify_X took      0.00 usr cpu s       0.00 sys cpu s       0.00 wall s
TIDE truncate_matrix took      0.00 usr cpu s       0.00 sys cpu s       0.00 wall s
INDE Actual introduced error   0.000000e+00 : nnz before  49284 <-> 100.00 % , nnz after  49284 <-> 100.00 %
TIDE square took      0.01 usr cpu s       0.02 sys cpu s       0.00 wall s
INDE NNZ Xsq = 49284 <-> 100.00 %
TIDE Frobenius norm of X-X^2 took      0.00 usr cpu s       0.00 sys cpu s       0.00 wall s
TIDE Mixed norm of X-X^2 took      0.00 usr cpu s       0.01 sys cpu s       0.00 wall s
TIDE Trace of X-X^2 took      0.00 usr cpu s       0.00 sys cpu s       0.00 wall s
INDE ||X-X^2||_F = 3.229888e-11 , ||X-X^2||_mixed = 3.229607e-11
INDE trace(X-X^2) = 3.560530e-11
INDE trace(X) = 4.700000e+01
INDE Checking stopping criterion...   
INDE e_i =3.229607e-11, C*e_{i-1}^q = 1.223935e-10
INDE Order of convergence = 2.107645, stop = 0
TIDE stopping_criterion took      0.00 usr cpu s       0.00 sys cpu s       0.00 wall s
TIDE Iteration 27 took      0.01 usr cpu s       0.02 sys cpu s       0.00 wall s
INDE     ITERATION 28 :
TIDE purify_X took      0.00 usr cpu s       0.00 sys cpu s       0.00 wall s
TIDE truncate_matrix took      0.00 usr cpu s       0.00 sys cpu s       0.00 wall s
INDE Actual introduced error   0.000000e+00 : nnz before  49284 <-> 100.00 % , nnz after  49284 <-> 100.00 %
TIDE square took      0.01 usr cpu s       0.01 sys cpu s       0.00 wall s
INDE NNZ Xsq = 49284 <-> 100.00 %
TIDE Frobenius norm of X-X^2 took      0.00 usr cpu s       0.00 sys cpu s       0.00 wall s
TIDE Mixed norm of X-X^2 took      0.00 usr cpu s       0.00 sys cpu s       0.00 wall s
TIDE Trace of X-X^2 took      0.00 usr cpu s       0.00 sys cpu s       0.00 wall s
INDE ||X-X^2||_F = 2.112955e-15 , ||X-X^2||_mixed = 0.000000e+00
INDE trace(X-X^2) = -7.105427e-15
INDE trace(X) = 4.700000e+01
INDE Checking stopping criterion...   
INDE ************************************************************************************************************
INDE The norm value went much below machine precision, therefore we stop here since n_max can be underestimated.
INDE ************************************************************************************************************
INDE e_i =0.000000e+00, C*e_{i-1}^q = 3.767149e-21
INDE Order of convergence = inf, stop = 1
TIDE stopping_criterion took      0.00 usr cpu s       0.00 sys cpu s       0.00 wall s
INDE PURIFICATION CONVERGED after 28 iterations
TIDE Iteration 28 took      0.01 usr cpu s       0.01 sys cpu s       0.00 wall s
INDE Number of non-zeros in D is  49284 <-> 100.00 %
TIDE FileWritable::writeAndReadAll took      0.00 usr cpu s       0.00 sys cpu s       0.00 wall s
INDE writeAndReadAll sizesStr: '0 MB (1 MatrixGeneral, 0 > 1 MB) + 0 MB (13 MatrixSymmetric, 0 > 1 MB) + 0 MB (2 VectorGeneral, 0 > 1 MB) = 0 MB (16 total, 0 > 1 MB)
INDE TOTAL accumulated subspace error is 0.000000e+00
INDE TOTAL X square time: 0.059763 wall s
INDE TOTAL X trunction time: 0.003258 wall s
INDE TOTAL X purify (exl. X^2 computation) time: 0.003276 wall s
INDE TOTAL time to get number of non-zero elements: 0.001025 wall s
INDE TOTAL time to get mixed norm: 0.040585 wall s
INDE TOTAL time to get Frobenius norm: 0.003620 wall s
INDE TOTAL time for stopping criterion: 0.001255 wall s
INDE TOTAL time to get matrix trace: 0.000553 wall s
INDE Estimated bounds for the eigenvalues for the Fock matrix:
INDE LUMO: [ 0.089605289372 , 0.142726964603 ]
INDE HOMO: [ -0.394978354504 , -0.342431734871 ]
TIDE eigenvalue_bounds_estimation() took      0.00 usr cpu s       0.00 sys cpu s       0.00 wall s
TIDE Recursive expansion took      0.38 usr cpu s       1.04 sys cpu s       0.18 wall s
TIDE Puri->PurificationStart() took      0.38 usr cpu s       1.04 sys cpu s       0.18 wall s
TIDE Accumulated wall times for writeToFile in PurificationStart()          : 0 s (MatrixGeneral) + 3.1e-06 s (MatrixSymmetric) + 8.2e-05 s (VectorGeneral) = 8.5e-05 s
TIDE Accumulated wall times for readFromFile in PurificationStart()         : 0 s (MatrixGeneral) + 3.8e-06 s (MatrixSymmetric) + 2.6e-05 s (VectorGeneral) = 3e-05 s
TIDE Accumulated wall times for copy and assign in PurificationStart()      : 1.2e-06 s (MatrixSymmetric) + 3.4e-05 s (VectorGeneral) = 3.6e-05 s
INDE Number of calls to writeToFile in PurificationStart()                  : 2 (MatrixGeneral) + 27 (MatrixSymmetric) + 807 (VectorGeneral) = 836 
INDE Number of calls to readFromFile in PurificationStart()                 : 2 (MatrixGeneral) + 26 (MatrixSymmetric) + 264 (VectorGeneral) = 292 
INDE Number of calls to FileWritable copy and assign in PurificationStart() : 2 (MatrixSymmetric) + 30 (VectorGeneral) = 32 
TIDE mat::Gblas::time after purification :     0.828861
INDE Created .m files with results of the purification
INDE Purification converged OK, subspaceError <=          0.00000000000
INDE E(LUMO) - E(HOMO) >=          0.43203702424 =         11.75632639545 eV
INDE E(LUMO) - E(HOMO) <=          0.53770531911 =         14.63170719467 eV
INDE HOMO interval : [   -0.394978354504   -0.342431734871 ]
INDE LUMO interval : [    0.089605289372    0.142726964603 ]
INDE Trace of resulting density matrix is         47.00000000000, error is   0.00000000000000.
INDE Truncated D_ort ( mixed ), selected threshold = 9.99999e-08, returned error =          0, nnz before = 49284 <-> 100.0000 %, nnz after = 49284 <-> 100.0000 %
TIDE FileWritable::writeAndReadAll took      0.00 usr cpu s       0.00 sys cpu s       0.00 wall s
INDE writeAndReadAll sizesStr: '0 MB (1 MatrixGeneral, 0 > 1 MB) + 0 MB (12 MatrixSymmetric, 0 > 1 MB) + 0 MB (1 MatrixTriangular, 0 > 1 MB) = 0 MB (14 total, 0 > 1 MB)
TIDE D_w to non-orthogonal basis took      0.00 usr cpu s       0.01 sys cpu s       0.00 wall s
INDE Truncated D_S (eucl with Z), selected threshold = 9.99999e-08, returned error =          0, nnz before = 100.0000 %, nnz after = 100.0000 %
INDE get_dens_from_fock_sparse ending OK
TIDE get_dens_from_fock_sparse took      0.48 usr cpu s       1.44 sys cpu s       0.24 wall s
ERDE get_dens_from_fock  (GetDensFromFock class) : purification finished OK.
TIDE get_dens_from_fock took      0.48 usr cpu s       1.44 sys cpu s       0.24 wall s
INSC Matrix 'new density matrix' ( symm ): n =    222, nnz =        49284 <-> 100.00 %, mem usage  0.0002 G
INSC Tr( D * S ) =         94.00000000000
TISC get_new_density_matrix took      0.48 usr cpu s       1.44 sys cpu s       0.24 wall s
INSC SCF_restricted::report_density_difference, diff_eucl =          0.00040930958
TISC SCF_restricted::report_density_difference took      0.01 usr cpu s       0.11 sys cpu s       0.02 wall s
INMA ddf_writeShellListAndDensityMatricesToFile_sparse, n =    222, densityMatrixList[0].nvalues =       24753
INMA opened temporary file 'density.bin.rkNHMk' for writing
INMA Choosing matrixStorageType = MATRIX_STORAGE_TYPE_TRIANGLE.
INMA fileSize =          252744 bytes =      0.253 MegaBytes
INMA renamed file 'density.bin.rkNHMk' to 'density.bin'
INMA ddf_writeShellListAndDensityMatricesToFile_sparse freeing buffer.
INMA ddf_writeShellListAndDensityMatricesToFile_sparse returning OK.
TISC write_density_to_file took      0.02 usr cpu s       0.04 sys cpu s       0.01 wall s
INSC SCF cycle   9 finished.
TISC SCF cycle   9 took    169.42 usr cpu s       2.37 sys cpu s      31.97 wall s
INSC Beginning of SCF cycle 10:  Thu Mar 26 20:05:31 2026
INDE compute_J_by_boxes_sparse() start.
TIDE FileWritable::writeAndReadAll took      0.00 usr cpu s       0.00 sys cpu s       0.00 wall s
INDE writeAndReadAll: '0 MB (1 MatrixGeneral, 0 > 1 MB) + 0 MB (11 MatrixSymmetric, 0 > 1 MB) = 0 MB (12 total, 0 > 1 MB)
IN   compute_J_by_boxes_sparse, maxDensityMatrixElement =          2.08715498745
ININ get_basis_func_pair_list, n =    222
ININ create_box_system end OK, toplevelBoxSize:   7.0, #levels:  3, #boxes at top level:      6
TIIN get_basis_func_pair_list_2el took      0.19 usr cpu s       0.41 sys cpu s       0.13 wall s
IN   compute_J_by_boxes_sparse: noOfBasisFuncIndexPairs = 21264 ==> storing  43.15 % of a full matrix
ININ entering compute_J_by_boxes_linear, no of basis funcs =   222, threshold_J =   1e-12
ININ use_fmm = 1, fmm_box_size =   5.00
TIIN Compute extent for all distrs took      0.27 usr cpu s       0.00 sys cpu s       0.27 wall s
ININ extent_min =    0.000, extent_max =    8.988
ININ Creating list of distributions etc done, distrCount =    208583
TIIN Creating list of distributions etc took      0.41 usr cpu s       0.00 sys cpu s       0.41 wall s
ININ create_box_system end OK, toplevelBoxSize:   5.0, #levels:  3, #boxes at top level:     10
TIIN Creating boxes took      0.02 usr cpu s       0.00 sys cpu s       0.02 wall s
ININ noOfBranches = 4, splitters:   5.00  2.50  0.00
ININ J org done, groupCount =     7861
TIIN J org took      0.82 usr cpu s       0.00 sys cpu s       0.82 wall s
TIIN Generate group multipoles took      0.36 usr cpu s       0.00 sys cpu s       0.37 wall s
ININ totChargeWholeSystem =          0.00000000000
ININ Generating multipole for each branch at top level, MAX_MULTIPOLE_DEGREE = 15
TIIN Translate multipoles (step 1) took      0.27 usr cpu s       0.00 sys cpu s       0.27 wall s
TIIN Translate multipoles (step 2) took      0.07 usr cpu s       0.00 sys cpu s       0.07 wall s
ININ job lists for J created OK, noOfJobs_J_standard =      789, noOfJobs_J_multipole =       62
TIIN Creating job lists for J took      0.00 usr cpu s       0.00 sys cpu s       0.00 wall s
ININ execute_joblist_J_std_threaded, noOfThreads =  8
ININ 8 threads started OK.
ININ all 8 threads have finished.
TIIN execute_joblist_J_std_threaded took     58.78 usr cpu s       0.06 sys cpu s       9.53 wall s
TIIN sort_list_of_multipole_jobs init part took      0.00 usr cpu s       0.00 sys cpu s       0.00 wall s
TIIN sort_list_of_multipole_jobs complete took      0.00 usr cpu s       0.00 sys cpu s       0.00 wall s
TIIN sort_list_of_multipole_jobs took      0.00 usr cpu s       0.00 sys cpu s       0.00 wall s
ININ execute_joblist_J_fmm_shared: Allocating multipoleList_4, maxnoOfMinimalDistrsPerBoxBranch =     49239
ININ execute_joblist_J_fmm_shared: Allocating multipoleList_4, maxnoOfMinimalDistrsPerBoxBranch =     49239
ININ execute_joblist_J_fmm_shared: jobIndexLo =           15, jobIndexHi =           23
ININ execute_joblist_J_fmm_shared: jobIndexLo =            0, jobIndexHi =            7
ININ execute_joblist_J_fmm_shared: Allocating multipoleList_4, maxnoOfMinimalDistrsPerBoxBranch =     49239
ININ execute_joblist_J_fmm_shared: jobIndexLo =           23, jobIndexHi =           31
ININ execute_joblist_J_fmm_shared: Allocating multipoleList_4, maxnoOfMinimalDistrsPerBoxBranch =     49239
ININ execute_joblist_J_fmm_shared: jobIndexLo =            7, jobIndexHi =           15
ININ execute_joblist_J_fmm_shared: Allocating multipoleList_4, maxnoOfMinimalDistrsPerBoxBranch =     49239
ININ execute_joblist_J_fmm_shared: jobIndexLo =           31, jobIndexHi =           38
ININ execute_joblist_J_fmm_shared: Allocating multipoleList_4, maxnoOfMinimalDistrsPerBoxBranch =     49239
ININ execute_joblist_J_fmm_shared: jobIndexLo =           38, jobIndexHi =           46
ININ execute_joblist_J_fmm_shared: Allocating multipoleList_4, maxnoOfMinimalDistrsPerBoxBranch =     49239
ININ execute_joblist_J_fmm_shared: jobIndexLo =           46, jobIndexHi =           54
ININ execute_joblist_J_fmm_shared: Allocating multipoleList_4, maxnoOfMinimalDistrsPerBoxBranch =     49239
ININ execute_joblist_J_fmm_shared: jobIndexLo =           54, jobIndexHi =           62
ININ execute_joblist_J_fmm_shared: done!
ININ execute_joblist_J_fmm_shared: done!
ININ execute_joblist_J_fmm_shared: done!
ININ execute_joblist_J_fmm_shared: done!
ININ execute_joblist_J_fmm_shared: done!
ININ execute_joblist_J_fmm_shared: done!
ININ execute_joblist_J_fmm_shared: done!
ININ execute_joblist_J_fmm_shared: done!
ININ multipole job list for J executed, largest L used: 12
TIIN Executing multipole job list for J took      0.25 usr cpu s       0.00 sys cpu s       0.10 wall s
ININ compute_J_by_boxes_linear ending OK.
TIIN compute_J_by_boxes_linear took     61.00 usr cpu s       0.06 sys cpu s      11.60 wall s
TI   compute_J_by_boxes_sparse total took     61.20 usr cpu s       0.47 sys cpu s      11.73 wall s
ININ entering create_CSR_for_K, no of basis funcs =   222, threshold_K =   1e-12
ININ create_box_system end OK, toplevelBoxSize:   7.0, #levels:  3, #boxes at top level:      6
ININ create_box_system end OK, toplevelBoxSize:   7.0, #levels:  3, #boxes at top level:      6
ININ create_box_system end OK, toplevelBoxSize:   7.0, #levels:  3, #boxes at top level:      6
TIIN create_CSR_for_K getting list of distrs took      0.26 usr cpu s       0.00 sys cpu s       0.26 wall s
ININ list of neighbors complete.
TIIN create_CSR_for_K getting list of neighbors took      0.00 usr cpu s       0.00 sys cpu s       0.00 wall s
TIIN create_CSR_for_K sort each list of neighbors took      0.02 usr cpu s       0.00 sys cpu s       0.02 wall s
ININ 8 threads started OK.
TIIN identify_needed_elements() took     68.66 usr cpu s       0.04 sys cpu s       8.87 wall s
ININ computing nnz..
ININ create_CSR_for_K: predicted nnz =        24753, <->  50.23% of a full matrix
TIIN create_CSR_for_K last part took      0.00 usr cpu s       0.00 sys cpu s       0.00 wall s
TIIN create_CSR_for_K total took     68.94 usr cpu s       0.04 sys cpu s       9.16 wall s
ININ entering compute_K_by_boxes, no of basis funcs =   222, threshold_K =   1e-12, exchange_box_size =   5.00
ININ create_box_system end OK, toplevelBoxSize:   7.0, #levels:  3, #boxes at top level:      6
ININ create_box_system end OK, toplevelBoxSize:   7.0, #levels:  3, #boxes at top level:      6
ININ create_box_system end OK, toplevelBoxSize:   7.0, #levels:  3, #boxes at top level:      6
TIIN Compute extent for all distrs took      0.28 usr cpu s       0.00 sys cpu s       0.28 wall s
ININ Creating list of distributions done, distrCountTot =    208583
TIIN Creating list of distributions took      0.45 usr cpu s       0.00 sys cpu s       0.45 wall s
ININ create_box_system end OK, toplevelBoxSize:   5.0, #levels:  3, #boxes at top level:     10
ININ create_box_system end OK, toplevelBoxSize:   2.5, #levels:  4, #boxes at top level:     16
ININ noOfLevelsBasisFuncs = 4, noOfLevelsDiff = 1
TIIN Creating boxes etc took      0.02 usr cpu s       0.00 sys cpu s       0.02 wall s
TIIN getting multipoleNormVectorList took      0.43 usr cpu s       0.00 sys cpu s       0.44 wall s
TIIN K organize_distributions for all boxes took      0.90 usr cpu s       0.00 sys cpu s       0.90 wall s
ININ starting loop to setup basisFuncGroupInfoList, with added index checks.
TIIN GetLimitsAllLevels took      0.17 usr cpu s       0.00 sys cpu s       0.17 wall s
ININ getDmatLimitMatrixCSRList start.
TIIN getting densityMatrixLimitMatrixList took      0.01 usr cpu s       0.00 sys cpu s       0.01 wall s
ININ job list for K created,       55 jobs
TIIN creating job list for K took      0.00 usr cpu s       0.00 sys cpu s       0.00 wall s
ININ execute_joblist_K_threaded, noOfThreads =  8, basisFuncListCount_max =   207
ININ 8 threads started OK.
ININ all 8 threads have finished, took        8 wall s.
TIIN Executing job list for K took     36.53 usr cpu s       0.01 sys cpu s       7.79 wall s
TIIN compute_K_by_boxes took     38.52 usr cpu s       0.01 sys cpu s       9.78 wall s
TI   compute_K_by_boxes_sparse total took    107.47 usr cpu s       0.05 sys cpu s      18.96 wall s
INSC About to truncate FockMatrix, gap of Fprev >=          0.43203702424
TISC symmMatrix::mixed_diff for F vs Fprev maxEigValMovement_mixed took      0.00 usr cpu s       0.00 sys cpu s       0.00 wall s
TISC symmMatrix::eucl_diff for maxEigValMovement_eucl  took      0.02 usr cpu s       0.11 sys cpu s       0.02 wall s
INSC maxEigValMovement_frob  =          0.00049323251
INSC maxEigValMovement_mixed =          0.00037059167
INSC maxEigValMovement_eucl  =          0.00016225261
TISC FockMatrix.eucl_thresh() (with Z) took      0.03 usr cpu s       0.11 sys cpu s       0.02 wall s
INSC Truncated FockMatrix (eucl with Z), selected threshold = 4.31712e-08, returned error =          0, nnz before = 100.0000 %, nnz after = 100.0000 %
INSC Matrix 'S' ( symm ): n =    222, nnz =        49284 <-> 100.00 %, mem usage  0.0002 G
INSC Matrix 'F' ( symm ): n =    222, nnz =        49284 <-> 100.00 %, mem usage  0.0002 G
INSC Matrix 'D' ( symm ): n =    222, nnz =        49284 <-> 100.00 %, mem usage  0.0002 G
INSC nuclearEnergy, energy_2el, energy = 782.160484, 1007.740464, -644.961410
INSC Energy  10 =       -644.96140956602  ( diff     -0.000000183991233 )
INSC calling compute_FDSminusSDF_sparse, n = 222
INDE compute_FDSminusSDF_sparse() start.
TIDE FileWritable::writeAndReadAll took      0.00 usr cpu s       0.00 sys cpu s       0.00 wall s
INDE writeAndReadAll: '0 MB (1 MatrixGeneral, 0 > 1 MB) + 0 MB (9 MatrixSymmetric, 0 > 1 MB) = 0 MB (10 total, 0 > 1 MB)
TISC compute_FDSminusSDF_sparse, F*D mult took      0.02 usr cpu s       0.01 sys cpu s       0.00 wall s
INSC Matrix 'FD before eucl truncation' (normal): n =    222, nnz =        49284 <-> 100.00 %, mem usage  0.0004 G
INSC Matrix 'FD after  eucl truncation' (normal): n =    222, nnz =        49284 <-> 100.00 %, mem usage  0.0004 G
INSC Matrix 'FDS before eucl truncation' (normal): n =    222, nnz =        49284 <-> 100.00 %, mem usage  0.0004 G
INSC Matrix 'FDS after  eucl truncation' (normal): n =    222, nnz =        49284 <-> 100.00 %, mem usage  0.0004 G
INSC compute_FDSminusSDF_sparse ending OK.
TISC compute_FDSminusSDF_sparse took      0.04 usr cpu s       0.07 sys cpu s       0.01 wall s
INSC Matrix 'FDS-SDF' (normal): n =    222, nnz =        49284 <-> 100.00 %, mem usage  0.0004 G
INSC SCF_restricted::get_FDSminusSDF finished.
TISC get_FDSminusSDF took      0.05 usr cpu s       0.07 sys cpu s       0.01 wall s
INSC maxabs FDS-SDF is 3.84e-05
INSC frob   FDS-SDF is 0.000428
TISC get_error_measure took      0.00 usr cpu s       0.00 sys cpu s       0.00 wall s
INSC entering DIISManagerRestricted::AddIterationToList, IterCount =  9
INSC DIISManagerRestricted::AddIterationToList ending OK.
TISC DIISManagerRestricted::AddIterationToList took      0.00 usr cpu s       0.01 sys cpu s       0.00 wall s
INSC using DIIS to get combined Fock matrix, number of iters used for DIIS: 10
TISC clear_error_matrices took      0.00 usr cpu s       0.00 sys cpu s       0.00 wall s
TISC save_current_fock_as_fprev took      0.00 usr cpu s       0.00 sys cpu s       0.00 wall s
INDE get_dens_from_fock_general, n = 222, use_diagonalization = 0, use_diag_on_error = 1
INDE Before writeAndReadAll(): AllocatorManager statistics:  noOfRealsPerBuffer: 1024 noOfBuffers: 20000 list.size(): 1. Allocated: 0.164 GB, Used: 0.00673 GB, Peak alloc: 0.164 GB.
TIDE FileWritable::writeAndReadAll took      0.00 usr cpu s       0.00 sys cpu s       0.00 wall s
INDE writeAndReadAll sizesStr: '0 MB (1 MatrixGeneral, 0 > 1 MB) + 0 MB (7 MatrixSymmetric, 0 > 1 MB) = 0 MB (8 total, 0 > 1 MB)
INDE After writeAndReadAll(): AllocatorManager statistics:  noOfRealsPerBuffer: 1024 noOfBuffers: 20000 list.size(): 1. Allocated: 0.164 GB, Used: 0.00673 GB, Peak alloc: 0.164 GB.
INDE calling get_dens_from_fock_sparse, n =    222, subspaceErrorLimit = 1e-06
INDE get_dens_from_fock_sparse() start!
INDE After F.readFromFile(): AllocatorManager statistics:  noOfRealsPerBuffer: 1024 noOfBuffers: 20000 list.size(): 1. Allocated: 0.164 GB, Used: 0.00673 GB, Peak alloc: 0.164 GB.
INDE After creating wrapper MatrixType F_w(F): AllocatorManager statistics:  noOfRealsPerBuffer: 1024 noOfBuffers: 20000 list.size(): 1. Allocated: 0.164 GB, Used: 0.00691 GB, Peak alloc: 0.164 GB.
TIDE  F_w to orthogonal basis took      0.00 usr cpu s       0.01 sys cpu s       0.00 wall s
TIDE MatrixType::mixed_diff for maxEigValMovement_mixed took      0.00 usr cpu s       0.01 sys cpu s       0.00 wall s
TIDE symmMatrixWrap::eucl_diff for maxEigValMovement_eucl  took      0.04 usr cpu s       0.21 sys cpu s       0.03 wall s
INDE maxEigValMovement_frob  =          0.00037898263
INDE maxEigValMovement_mixed =          0.00025840171
INDE maxEigValMovement_eucl  =          0.00010059142
INDE lumo before truncation: [ 0.089504697947 , 0.142827556028 ]
INDE homo before truncation: [ -0.395078945929 , -0.342331143446 ]
INDE Truncate matrix F and update intervals for homo and lumo.
INDE Truncating F_ort ( mixed ), selected threshold = 4.31836e-08
INDE Truncated F_ort ( mixed ), selected threshold = 4.31836e-08, returned error =          0, nnz before = 100.0000 %, nnz after = 100.0000 %
TIDE Truncation of F_ort took      0.00 usr cpu s       0.00 sys cpu s       0.00 wall s
INDE Chosen Ergo Wrapper
INDE Creating purification object: N = 222 , nocc = 47 , NNZ = 49284  <-> 100.00000 %
INDE Chosen norm for the truncation: 
INDE mixed
INDE Chosen norm for the stopping criterion: 
INDE mixed
INDE Chosen the NEW stopping criterion.
INDE Allowed error in subspace 7.000000e-07
INDE Chosen SP2 purification method
INDE calling Puri->PurificationStart(), number of threads = 1, trunc norm 'mixed'
TIDE gershgorin took      0.00 usr cpu s       0.00 sys cpu s       0.00 wall s
INDE Gershgorin bounds: [ -35.722176000836 , 17.120575612289 ]
INDE EXPANDED Gershgorin bounds: [ -35.722176015737 , 17.120575627190 ]
INDE Trying to impove bounds using Lanczos algorithm...
TIDE compute_spectrum_bounds took      0.08 usr cpu s       0.39 sys cpu s       0.06 wall s
INDE Spectrum of F: 	 [ -20.624820442948 , 4.255869582973 ]
INDE Transform homo and lumo bounds...
INDE HOMO bounds of X: 	 [ 0.184810016186 , 0.186930045913 ]
INDE LUMO bounds of X: 	 [ 0.165310609258 , 0.167453751511 ]
INDE INIT LUMO: [ 0.165310609258 , 0.167453751511 ]
INDE INIT HOMO: [ 0.813069954087 , 0.815189983814 ]
INDE ESTIMATED NUMBER OF ITERATIONS IS 28
INDE Put eigenvalues of F to the interval [0,1] in reverse order.
TIDE compute_X() took      0.00 usr cpu s       0.00 sys cpu s       0.00 wall s
TIDE prepare_to_purification() took      0.09 usr cpu s       0.39 sys cpu s       0.06 wall s
INDE (EIGV,PARAMS) Requested 0 occipied eigenpair(s).
INDE (EIGV,PARAMS) Requested 0 unoccipied eigenpair(s).
TIDE prepare_to_purification_eigenvectors() took      0.00 usr cpu s       0.00 sys cpu s       0.00 wall s
INDE Starting recursive expansion
INDE     BEFORE ITERATIONS:
TIDE truncate_matrix took      0.00 usr cpu s       0.00 sys cpu s       0.00 wall s
INDE Actual introduced error   0.000000e+00 : nnz before  49284 <-> 100.00 % , nnz after  49284 <-> 100.00 %
TIDE square took      0.00 usr cpu s       0.01 sys cpu s       0.00 wall s
INDE NNZ Xsq = 49284 <-> 100.00 %
TIDE Frobenius norm of X-X^2 took      0.00 usr cpu s       0.00 sys cpu s       0.00 wall s
TIDE Mixed norm of X-X^2 took      0.00 usr cpu s       0.01 sys cpu s       0.00 wall s
TIDE Trace of X-X^2 took      0.00 usr cpu s       0.00 sys cpu s       0.00 wall s
INDE ||X-X^2||_F = 1.696456e+00 , ||X-X^2||_mixed = 8.697836e-01
INDE trace(X-X^2) = 2.268037e+01
INDE trace(X) = 3.353587e+01
TIDE Iteration 0 took      0.01 usr cpu s       0.02 sys cpu s       0.00 wall s
TIDE FileWritable::writeAndReadAll took      0.00 usr cpu s       0.00 sys cpu s       0.00 wall s
INDE writeAndReadAll sizesStr: '0 MB (1 MatrixGeneral, 0 > 1 MB) + 0 MB (13 MatrixSymmetric, 0 > 1 MB) + 0 MB (2 VectorGeneral, 0 > 1 MB) = 0 MB (16 total, 0 > 1 MB)
INDE     ITERATION 1 :
TIDE purify_X took      0.00 usr cpu s       0.00 sys cpu s       0.00 wall s
TIDE truncate_matrix took      0.00 usr cpu s       0.00 sys cpu s       0.00 wall s
INDE Actual introduced error   0.000000e+00 : nnz before  49284 <-> 100.00 % , nnz after  49284 <-> 100.00 %
TIDE square took      0.00 usr cpu s       0.01 sys cpu s       0.00 wall s
INDE NNZ Xsq = 49284 <-> 100.00 %
TIDE Frobenius norm of X-X^2 took      0.00 usr cpu s       0.00 sys cpu s       0.00 wall s
TIDE Mixed norm of X-X^2 took      0.00 usr cpu s       0.01 sys cpu s       0.00 wall s
TIDE Trace of X-X^2 took      0.00 usr cpu s       0.00 sys cpu s       0.00 wall s
INDE ||X-X^2||_F = 2.452788e+00 , ||X-X^2||_mixed = 1.227597e+00
INDE trace(X-X^2) = 3.418995e+01
INDE trace(X) = 5.621624e+01
TIDE Iteration 1 took      0.01 usr cpu s       0.03 sys cpu s       0.00 wall s
INDE     ITERATION 2 :
TIDE purify_X took      0.00 usr cpu s       0.00 sys cpu s       0.00 wall s
TIDE truncate_matrix took      0.00 usr cpu s       0.00 sys cpu s       0.00 wall s
INDE Actual introduced error   0.000000e+00 : nnz before  49284 <-> 100.00 % , nnz after  49284 <-> 100.00 %
TIDE square took      0.01 usr cpu s       0.01 sys cpu s       0.00 wall s
INDE NNZ Xsq = 49284 <-> 100.00 %
TIDE Frobenius norm of X-X^2 took      0.00 usr cpu s       0.00 sys cpu s       0.00 wall s
TIDE Mixed norm of X-X^2 took      0.00 usr cpu s       0.01 sys cpu s       0.00 wall s
TIDE Trace of X-X^2 took      0.00 usr cpu s       0.00 sys cpu s       0.00 wall s
INDE ||X-X^2||_F = 3.128785e+00 , ||X-X^2||_mixed = 1.495113e+00
INDE trace(X-X^2) = 4.422264e+01
INDE trace(X) = 9.040619e+01
INDE Checking stopping criterion...   
INDE Order of convergence cannot be computed
TIDE stopping_criterion took      0.00 usr cpu s       0.00 sys cpu s       0.00 wall s
TIDE Iteration 2 took      0.02 usr cpu s       0.02 sys cpu s       0.00 wall s
INDE     ITERATION 3 :
TIDE purify_X took      0.00 usr cpu s       0.00 sys cpu s       0.00 wall s
TIDE truncate_matrix took      0.00 usr cpu s       0.00 sys cpu s       0.00 wall s
INDE Actual introduced error   0.000000e+00 : nnz before  49284 <-> 100.00 % , nnz after  49284 <-> 100.00 %
TIDE square took      0.01 usr cpu s       0.01 sys cpu s       0.00 wall s
INDE NNZ Xsq = 49284 <-> 100.00 %
TIDE Frobenius norm of X-X^2 took      0.00 usr cpu s       0.00 sys cpu s       0.00 wall s
TIDE Mixed norm of X-X^2 took      0.00 usr cpu s       0.01 sys cpu s       0.00 wall s
TIDE Trace of X-X^2 took      0.00 usr cpu s       0.00 sys cpu s       0.00 wall s
INDE ||X-X^2||_F = 2.042920e+00 , ||X-X^2||_mixed = 1.140106e+00
INDE trace(X-X^2) = 2.593177e+01
INDE trace(X) = 4.618356e+01
INDE Checking stopping criterion...   
INDE Order of convergence cannot be computed
TIDE stopping_criterion took      0.00 usr cpu s       0.00 sys cpu s       0.00 wall s
TIDE Iteration 3 took      0.02 usr cpu s       0.02 sys cpu s       0.00 wall s
INDE     ITERATION 4 :
TIDE purify_X took      0.00 usr cpu s       0.00 sys cpu s       0.00 wall s
TIDE truncate_matrix took      0.00 usr cpu s       0.00 sys cpu s       0.00 wall s
INDE Actual introduced error   0.000000e+00 : nnz before  49284 <-> 100.00 % , nnz after  49284 <-> 100.00 %
TIDE square took      0.00 usr cpu s       0.01 sys cpu s       0.00 wall s
INDE NNZ Xsq = 49284 <-> 100.00 %
TIDE Frobenius norm of X-X^2 took      0.00 usr cpu s       0.00 sys cpu s       0.00 wall s
TIDE Mixed norm of X-X^2 took      0.00 usr cpu s       0.01 sys cpu s       0.00 wall s
TIDE Trace of X-X^2 took      0.00 usr cpu s       0.00 sys cpu s       0.00 wall s
INDE ||X-X^2||_F = 2.694209e+00 , ||X-X^2||_mixed = 1.436982e+00
INDE trace(X-X^2) = 3.563246e+01
INDE trace(X) = 7.211533e+01
INDE Checking stopping criterion...   
INDE Order of convergence cannot be computed
TIDE stopping_criterion took      0.00 usr cpu s       0.00 sys cpu s       0.00 wall s
TIDE Iteration 4 took      0.01 usr cpu s       0.03 sys cpu s       0.00 wall s
INDE     ITERATION 5 :
TIDE purify_X took      0.00 usr cpu s       0.00 sys cpu s       0.00 wall s
TIDE truncate_matrix took      0.00 usr cpu s       0.00 sys cpu s       0.00 wall s
INDE Actual introduced error   0.000000e+00 : nnz before  49284 <-> 100.00 % , nnz after  49284 <-> 100.00 %
TIDE square took      0.00 usr cpu s       0.01 sys cpu s       0.00 wall s
INDE NNZ Xsq = 49284 <-> 100.00 %
TIDE Frobenius norm of X-X^2 took      0.00 usr cpu s       0.00 sys cpu s       0.00 wall s
TIDE Mixed norm of X-X^2 took      0.00 usr cpu s       0.01 sys cpu s       0.00 wall s
TIDE Trace of X-X^2 took      0.00 usr cpu s       0.00 sys cpu s       0.00 wall s
INDE ||X-X^2||_F = 2.829640e+00 , ||X-X^2||_mixed = 1.489638e+00
INDE trace(X-X^2) = 3.867140e+01
INDE trace(X) = 1.077478e+02
INDE Checking stopping criterion...   
INDE Order of convergence cannot be computed
TIDE stopping_criterion took      0.00 usr cpu s       0.00 sys cpu s       0.00 wall s
TIDE Iteration 5 took      0.01 usr cpu s       0.03 sys cpu s       0.00 wall s
INDE     ITERATION 6 :
TIDE purify_X took      0.00 usr cpu s       0.00 sys cpu s       0.00 wall s
TIDE truncate_matrix took      0.00 usr cpu s       0.00 sys cpu s       0.00 wall s
INDE Actual introduced error   0.000000e+00 : nnz before  49284 <-> 100.00 % , nnz after  49284 <-> 100.00 %
TIDE square took      0.01 usr cpu s       0.01 sys cpu s       0.00 wall s
INDE NNZ Xsq = 49284 <-> 100.00 %
TIDE Frobenius norm of X-X^2 took      0.00 usr cpu s       0.00 sys cpu s       0.00 wall s
TIDE Mixed norm of X-X^2 took      0.00 usr cpu s       0.01 sys cpu s       0.00 wall s
TIDE Trace of X-X^2 took      0.00 usr cpu s       0.00 sys cpu s       0.00 wall s
INDE ||X-X^2||_F = 2.431514e+00 , ||X-X^2||_mixed = 1.395156e+00
INDE trace(X-X^2) = 2.987918e+01
INDE trace(X) = 6.907638e+01
INDE Checking stopping criterion...   
INDE Order of convergence cannot be computed
TIDE stopping_criterion took      0.00 usr cpu s       0.00 sys cpu s       0.00 wall s
TIDE Iteration 6 took      0.01 usr cpu s       0.02 sys cpu s       0.00 wall s
INDE     ITERATION 7 :
TIDE purify_X took      0.00 usr cpu s       0.00 sys cpu s       0.00 wall s
TIDE truncate_matrix took      0.00 usr cpu s       0.00 sys cpu s       0.00 wall s
INDE Actual introduced error   0.000000e+00 : nnz before  49284 <-> 100.00 % , nnz after  49284 <-> 100.00 %
TIDE square took      0.01 usr cpu s       0.01 sys cpu s       0.00 wall s
INDE NNZ Xsq = 49284 <-> 100.00 %
TIDE Frobenius norm of X-X^2 took      0.00 usr cpu s       0.00 sys cpu s       0.00 wall s
TIDE Mixed norm of X-X^2 took      0.00 usr cpu s       0.01 sys cpu s       0.00 wall s
TIDE Trace of X-X^2 took      0.00 usr cpu s       0.00 sys cpu s       0.00 wall s
INDE ||X-X^2||_F = 1.752193e+00 , ||X-X^2||_mixed = 1.119077e+00
INDE trace(X-X^2) = 1.729574e+01
INDE trace(X) = 3.919720e+01
INDE Checking stopping criterion...   
INDE Order of convergence cannot be computed
TIDE stopping_criterion took      0.00 usr cpu s       0.00 sys cpu s       0.00 wall s
TIDE Iteration 7 took      0.01 usr cpu s       0.02 sys cpu s       0.00 wall s
INDE     ITERATION 8 :
TIDE purify_X took      0.00 usr cpu s       0.00 sys cpu s       0.00 wall s
TIDE truncate_matrix took      0.00 usr cpu s       0.00 sys cpu s       0.00 wall s
INDE Actual introduced error   0.000000e+00 : nnz before  49284 <-> 100.00 % , nnz after  49284 <-> 100.00 %
TIDE square took      0.00 usr cpu s       0.02 sys cpu s       0.00 wall s
INDE NNZ Xsq = 49284 <-> 100.00 %
TIDE Frobenius norm of X-X^2 took      0.00 usr cpu s       0.00 sys cpu s       0.00 wall s
TIDE Mixed norm of X-X^2 took      0.00 usr cpu s       0.01 sys cpu s       0.00 wall s
TIDE Trace of X-X^2 took      0.00 usr cpu s       0.00 sys cpu s       0.00 wall s
INDE ||X-X^2||_F = 1.978925e+00 , ||X-X^2||_mixed = 1.220647e+00
INDE trace(X-X^2) = 2.135613e+01
INDE trace(X) = 5.649294e+01
INDE Checking stopping criterion...   
INDE Order of convergence cannot be computed
TIDE stopping_criterion took      0.00 usr cpu s       0.00 sys cpu s       0.00 wall s
TIDE Iteration 8 took      0.01 usr cpu s       0.03 sys cpu s       0.00 wall s
INDE     ITERATION 9 :
TIDE purify_X took      0.00 usr cpu s       0.00 sys cpu s       0.00 wall s
TIDE truncate_matrix took      0.00 usr cpu s       0.00 sys cpu s       0.00 wall s
INDE Actual introduced error   0.000000e+00 : nnz before  49284 <-> 100.00 % , nnz after  49284 <-> 100.00 %
TIDE square took      0.00 usr cpu s       0.01 sys cpu s       0.00 wall s
INDE NNZ Xsq = 49284 <-> 100.00 %
TIDE Frobenius norm of X-X^2 took      0.00 usr cpu s       0.00 sys cpu s       0.00 wall s
TIDE Mixed norm of X-X^2 took      0.00 usr cpu s       0.01 sys cpu s       0.00 wall s
TIDE Trace of X-X^2 took      0.00 usr cpu s       0.00 sys cpu s       0.00 wall s
INDE ||X-X^2||_F = 1.539810e+00 , ||X-X^2||_mixed = 1.043571e+00
INDE trace(X-X^2) = 1.273191e+01
INDE trace(X) = 3.513681e+01
INDE Checking stopping criterion...   
INDE Order of convergence cannot be computed
TIDE stopping_criterion took      0.00 usr cpu s       0.00 sys cpu s       0.00 wall s
TIDE Iteration 9 took      0.00 usr cpu s       0.03 sys cpu s       0.00 wall s
INDE     ITERATION 10 :
TIDE purify_X took      0.00 usr cpu s       0.00 sys cpu s       0.00 wall s
TIDE truncate_matrix took      0.00 usr cpu s       0.00 sys cpu s       0.00 wall s
INDE Actual introduced error   0.000000e+00 : nnz before  49284 <-> 100.00 % , nnz after  49284 <-> 100.00 %
TIDE square took      0.01 usr cpu s       0.01 sys cpu s       0.00 wall s
INDE NNZ Xsq = 49284 <-> 100.00 %
TIDE Frobenius norm of X-X^2 took      0.00 usr cpu s       0.00 sys cpu s       0.00 wall s
TIDE Mixed norm of X-X^2 took      0.00 usr cpu s       0.01 sys cpu s       0.00 wall s
TIDE Trace of X-X^2 took      0.00 usr cpu s       0.00 sys cpu s       0.00 wall s
INDE ||X-X^2||_F = 1.535726e+00 , ||X-X^2||_mixed = 1.008730e+00
INDE trace(X-X^2) = 1.407681e+01
INDE trace(X) = 4.786872e+01
INDE Checking stopping criterion...   
INDE Order of convergence cannot be computed
TIDE stopping_criterion took      0.00 usr cpu s       0.00 sys cpu s       0.00 wall s
TIDE Iteration 10 took      0.01 usr cpu s       0.02 sys cpu s       0.00 wall s
INDE     ITERATION 11 :
TIDE purify_X took      0.00 usr cpu s       0.00 sys cpu s       0.00 wall s
TIDE truncate_matrix took      0.00 usr cpu s       0.00 sys cpu s       0.00 wall s
INDE Actual introduced error   0.000000e+00 : nnz before  49284 <-> 100.00 % , nnz after  49284 <-> 100.00 %
TIDE square took      0.00 usr cpu s       0.02 sys cpu s       0.00 wall s
INDE NNZ Xsq = 49284 <-> 100.00 %
TIDE Frobenius norm of X-X^2 took      0.00 usr cpu s       0.00 sys cpu s       0.00 wall s
TIDE Mixed norm of X-X^2 took      0.00 usr cpu s       0.01 sys cpu s       0.00 wall s
TIDE Trace of X-X^2 took      0.00 usr cpu s       0.00 sys cpu s       0.00 wall s
INDE ||X-X^2||_F = 1.525282e+00 , ||X-X^2||_mixed = 1.054944e+00
INDE trace(X-X^2) = 1.394051e+01
INDE trace(X) = 6.194554e+01
INDE Checking stopping criterion...   
INDE Order of convergence cannot be computed
TIDE stopping_criterion took      0.00 usr cpu s       0.00 sys cpu s       0.00 wall s
TIDE Iteration 11 took      0.01 usr cpu s       0.02 sys cpu s       0.00 wall s
INDE     ITERATION 12 :
TIDE purify_X took      0.00 usr cpu s       0.00 sys cpu s       0.00 wall s
TIDE truncate_matrix took      0.00 usr cpu s       0.00 sys cpu s       0.00 wall s
INDE Actual introduced error   0.000000e+00 : nnz before  49284 <-> 100.00 % , nnz after  49284 <-> 100.00 %
TIDE square took      0.00 usr cpu s       0.01 sys cpu s       0.00 wall s
INDE NNZ Xsq = 49284 <-> 100.00 %
TIDE Frobenius norm of X-X^2 took      0.00 usr cpu s       0.00 sys cpu s       0.00 wall s
TIDE Mixed norm of X-X^2 took      0.00 usr cpu s       0.01 sys cpu s       0.00 wall s
TIDE Trace of X-X^2 took      0.00 usr cpu s       0.00 sys cpu s       0.00 wall s
INDE ||X-X^2||_F = 1.135337e+00 , ||X-X^2||_mixed = 7.831699e-01
INDE trace(X-X^2) = 8.882942e+00
INDE trace(X) = 4.800502e+01
INDE Checking stopping criterion...   
INDE Order of convergence cannot be computed
TIDE stopping_criterion took      0.00 usr cpu s       0.00 sys cpu s       0.00 wall s
TIDE Iteration 12 took      0.01 usr cpu s       0.02 sys cpu s       0.00 wall s
INDE     ITERATION 13 :
TIDE purify_X took      0.00 usr cpu s       0.00 sys cpu s       0.00 wall s
TIDE truncate_matrix took      0.00 usr cpu s       0.00 sys cpu s       0.00 wall s
INDE Actual introduced error   0.000000e+00 : nnz before  49284 <-> 100.00 % , nnz after  49284 <-> 100.00 %
TIDE square took      0.00 usr cpu s       0.01 sys cpu s       0.00 wall s
INDE NNZ Xsq = 49284 <-> 100.00 %
TIDE Frobenius norm of X-X^2 took      0.00 usr cpu s       0.00 sys cpu s       0.00 wall s
TIDE Mixed norm of X-X^2 took      0.00 usr cpu s       0.01 sys cpu s       0.00 wall s
TIDE Trace of X-X^2 took      0.00 usr cpu s       0.00 sys cpu s       0.00 wall s
INDE ||X-X^2||_F = 1.136397e+00 , ||X-X^2||_mixed = 8.313517e-01
INDE trace(X-X^2) = 7.039018e+00
INDE trace(X) = 3.912208e+01
INDE Checking stopping criterion...   
INDE Order of convergence cannot be computed
TIDE stopping_criterion took      0.00 usr cpu s       0.00 sys cpu s       0.00 wall s
TIDE Iteration 13 took      0.01 usr cpu s       0.03 sys cpu s       0.00 wall s
INDE     ITERATION 14 :
TIDE purify_X took      0.00 usr cpu s       0.00 sys cpu s       0.00 wall s
TIDE truncate_matrix took      0.00 usr cpu s       0.00 sys cpu s       0.00 wall s
INDE Actual introduced error   0.000000e+00 : nnz before  49284 <-> 100.00 % , nnz after  49284 <-> 100.00 %
TIDE square took      0.00 usr cpu s       0.01 sys cpu s       0.00 wall s
INDE NNZ Xsq = 49284 <-> 100.00 %
TIDE Frobenius norm of X-X^2 took      0.00 usr cpu s       0.00 sys cpu s       0.00 wall s
TIDE Mixed norm of X-X^2 took      0.00 usr cpu s       0.01 sys cpu s       0.00 wall s
TIDE Trace of X-X^2 took      0.00 usr cpu s       0.00 sys cpu s       0.00 wall s
INDE ||X-X^2||_F = 7.344812e-01 , ||X-X^2||_mixed = 5.416187e-01
INDE trace(X-X^2) = 4.672066e+00
INDE trace(X) = 4.616110e+01
INDE Checking stopping criterion...   
INDE e_i =5.416187e-01, C*e_{i-1}^q = 4.224299e+00
INDE Order of convergence = 10.404250, stop = 0
TIDE stopping_criterion took      0.00 usr cpu s       0.00 sys cpu s       0.00 wall s
TIDE Iteration 14 took      0.01 usr cpu s       0.02 sys cpu s       0.00 wall s
INDE     ITERATION 15 :
TIDE purify_X took      0.00 usr cpu s       0.00 sys cpu s       0.00 wall s
TIDE truncate_matrix took      0.00 usr cpu s       0.00 sys cpu s       0.00 wall s
INDE Actual introduced error   0.000000e+00 : nnz before  49284 <-> 100.00 % , nnz after  49284 <-> 100.00 %
TIDE square took      0.01 usr cpu s       0.01 sys cpu s       0.00 wall s
INDE NNZ Xsq = 49284 <-> 100.00 %
TIDE Frobenius norm of X-X^2 took      0.00 usr cpu s       0.00 sys cpu s       0.00 wall s
TIDE Mixed norm of X-X^2 took      0.00 usr cpu s       0.01 sys cpu s       0.00 wall s
TIDE Trace of X-X^2 took      0.00 usr cpu s       0.00 sys cpu s       0.00 wall s
INDE ||X-X^2||_F = 7.310256e-01 , ||X-X^2||_mixed = 5.527558e-01
INDE trace(X-X^2) = 3.796004e+00
INDE trace(X) = 5.083317e+01
INDE Checking stopping criterion...   
INDE Order of convergence cannot be computed
TIDE stopping_criterion took      0.00 usr cpu s       0.00 sys cpu s       0.00 wall s
TIDE Iteration 15 took      0.01 usr cpu s       0.02 sys cpu s       0.00 wall s
INDE     ITERATION 16 :
TIDE purify_X took      0.00 usr cpu s       0.00 sys cpu s       0.00 wall s
TIDE truncate_matrix took      0.00 usr cpu s       0.00 sys cpu s       0.00 wall s
INDE Actual introduced error   0.000000e+00 : nnz before  49284 <-> 100.00 % , nnz after  49284 <-> 100.00 %
TIDE square took      0.01 usr cpu s       0.01 sys cpu s       0.00 wall s
INDE NNZ Xsq = 49284 <-> 100.00 %
TIDE Frobenius norm of X-X^2 took      0.00 usr cpu s       0.00 sys cpu s       0.00 wall s
TIDE Mixed norm of X-X^2 took      0.01 usr cpu s       0.01 sys cpu s       0.00 wall s
TIDE Trace of X-X^2 took      0.00 usr cpu s       0.00 sys cpu s       0.00 wall s
INDE ||X-X^2||_F = 3.736130e-01 , ||X-X^2||_mixed = 3.052538e-01
INDE trace(X-X^2) = 1.819598e+00
INDE trace(X) = 4.703716e+01
INDE Checking stopping criterion...   
INDE e_i =3.052538e-01, C*e_{i-1}^q = 2.020366e+00
INDE Order of convergence = 5.082048, stop = 0
TIDE stopping_criterion took      0.00 usr cpu s       0.00 sys cpu s       0.00 wall s
TIDE Iteration 16 took      0.02 usr cpu s       0.02 sys cpu s       0.00 wall s
INDE     ITERATION 17 :
TIDE purify_X took      0.00 usr cpu s       0.00 sys cpu s       0.00 wall s
TIDE truncate_matrix took      0.00 usr cpu s       0.00 sys cpu s       0.00 wall s
INDE Actual introduced error   0.000000e+00 : nnz before  49284 <-> 100.00 % , nnz after  49284 <-> 100.00 %
TIDE square took      0.01 usr cpu s       0.01 sys cpu s       0.00 wall s
INDE NNZ Xsq = 49284 <-> 100.00 %
TIDE Frobenius norm of X-X^2 took      0.00 usr cpu s       0.00 sys cpu s       0.00 wall s
TIDE Mixed norm of X-X^2 took      0.00 usr cpu s       0.01 sys cpu s       0.00 wall s
TIDE Trace of X-X^2 took      0.00 usr cpu s       0.00 sys cpu s       0.00 wall s
INDE ||X-X^2||_F = 4.268883e-01 , ||X-X^2||_mixed = 3.696003e-01
INDE trace(X-X^2) = 1.694160e+00
INDE trace(X) = 4.521756e+01
INDE Checking stopping criterion...   
INDE Order of convergence cannot be computed
TIDE stopping_criterion took      0.00 usr cpu s       0.00 sys cpu s       0.00 wall s
TIDE Iteration 17 took      0.01 usr cpu s       0.02 sys cpu s       0.00 wall s
INDE     ITERATION 18 :
TIDE purify_X took      0.00 usr cpu s       0.00 sys cpu s       0.00 wall s
TIDE truncate_matrix took      0.00 usr cpu s       0.00 sys cpu s       0.00 wall s
INDE Actual introduced error   0.000000e+00 : nnz before  49284 <-> 100.00 % , nnz after  49284 <-> 100.00 %
TIDE square took      0.00 usr cpu s       0.01 sys cpu s       0.00 wall s
INDE NNZ Xsq = 49284 <-> 100.00 %
TIDE Frobenius norm of X-X^2 took      0.00 usr cpu s       0.00 sys cpu s       0.00 wall s
TIDE Mixed norm of X-X^2 took      0.00 usr cpu s       0.01 sys cpu s       0.00 wall s
TIDE Trace of X-X^2 took      0.00 usr cpu s       0.00 sys cpu s       0.00 wall s
INDE ||X-X^2||_F = 1.459581e-01 , ||X-X^2||_mixed = 1.341953e-01
INDE trace(X-X^2) = 4.663429e-01
INDE trace(X) = 4.691172e+01
INDE Checking stopping criterion...   
INDE e_i =1.341953e-01, C*e_{i-1}^q = 6.417484e-01
INDE Order of convergence = 3.318797, stop = 0
TIDE stopping_criterion took      0.00 usr cpu s       0.00 sys cpu s       0.00 wall s
TIDE Iteration 18 took      0.01 usr cpu s       0.02 sys cpu s       0.00 wall s
INDE     ITERATION 19 :
TIDE purify_X took      0.00 usr cpu s       0.00 sys cpu s       0.00 wall s
TIDE truncate_matrix took      0.00 usr cpu s       0.00 sys cpu s       0.00 wall s
INDE Actual introduced error   0.000000e+00 : nnz before  49284 <-> 100.00 % , nnz after  49284 <-> 100.00 %
TIDE square took      0.01 usr cpu s       0.01 sys cpu s       0.00 wall s
INDE NNZ Xsq = 49284 <-> 100.00 %
TIDE Frobenius norm of X-X^2 took      0.00 usr cpu s       0.00 sys cpu s       0.00 wall s
TIDE Mixed norm of X-X^2 took      0.00 usr cpu s       0.01 sys cpu s       0.00 wall s
TIDE Trace of X-X^2 took      0.00 usr cpu s       0.00 sys cpu s       0.00 wall s
INDE ||X-X^2||_F = 1.609186e-01 , ||X-X^2||_mixed = 1.526575e-01
INDE trace(X-X^2) = 3.767417e-01
INDE trace(X) = 4.737807e+01
INDE Checking stopping criterion...   
INDE Order of convergence cannot be computed
TIDE stopping_criterion took      0.00 usr cpu s       0.00 sys cpu s       0.00 wall s
TIDE Iteration 19 took      0.01 usr cpu s       0.02 sys cpu s       0.00 wall s
INDE     ITERATION 20 :
TIDE purify_X took      0.00 usr cpu s       0.00 sys cpu s       0.00 wall s
TIDE truncate_matrix took      0.00 usr cpu s       0.00 sys cpu s       0.00 wall s
INDE Actual introduced error   0.000000e+00 : nnz before  49284 <-> 100.00 % , nnz after  49284 <-> 100.00 %
TIDE square took      0.00 usr cpu s       0.01 sys cpu s       0.00 wall s
INDE NNZ Xsq = 49284 <-> 100.00 %
TIDE Frobenius norm of X-X^2 took      0.00 usr cpu s       0.00 sys cpu s       0.00 wall s
TIDE Mixed norm of X-X^2 took      0.00 usr cpu s       0.01 sys cpu s       0.00 wall s
TIDE Trace of X-X^2 took      0.00 usr cpu s       0.00 sys cpu s       0.00 wall s
INDE ||X-X^2||_F = 2.957311e-02 , ||X-X^2||_mixed = 2.827193e-02
INDE trace(X-X^2) = 6.381591e-02
INDE trace(X) = 4.700132e+01
INDE Checking stopping criterion...   
INDE e_i =2.827193e-02, C*e_{i-1}^q = 1.240272e-01
INDE Order of convergence = 2.736202, stop = 0
TIDE stopping_criterion took      0.00 usr cpu s       0.00 sys cpu s       0.00 wall s
TIDE Iteration 20 took      0.01 usr cpu s       0.02 sys cpu s       0.00 wall s
INDE     ITERATION 21 :
TIDE purify_X took      0.00 usr cpu s       0.00 sys cpu s       0.00 wall s
TIDE truncate_matrix took      0.00 usr cpu s       0.00 sys cpu s       0.00 wall s
INDE Actual introduced error   0.000000e+00 : nnz before  49284 <-> 100.00 % , nnz after  49284 <-> 100.00 %
TIDE square took      0.00 usr cpu s       0.02 sys cpu s       0.00 wall s
INDE NNZ Xsq = 49284 <-> 100.00 %
TIDE Frobenius norm of X-X^2 took      0.00 usr cpu s       0.00 sys cpu s       0.00 wall s
TIDE Mixed norm of X-X^2 took      0.00 usr cpu s       0.01 sys cpu s       0.00 wall s
TIDE Trace of X-X^2 took      0.00 usr cpu s       0.00 sys cpu s       0.00 wall s
INDE ||X-X^2||_F = 3.870886e-02 , ||X-X^2||_mixed = 3.858139e-02
INDE trace(X-X^2) = 6.190836e-02
INDE trace(X) = 4.693751e+01
INDE Checking stopping criterion...   
INDE Order of convergence cannot be computed
TIDE stopping_criterion took      0.00 usr cpu s       0.00 sys cpu s       0.00 wall s
TIDE Iteration 21 took      0.01 usr cpu s       0.02 sys cpu s       0.00 wall s
INDE     ITERATION 22 :
TIDE purify_X took      0.00 usr cpu s       0.00 sys cpu s       0.00 wall s
TIDE truncate_matrix took      0.00 usr cpu s       0.00 sys cpu s       0.00 wall s
INDE Actual introduced error   0.000000e+00 : nnz before  49284 <-> 100.00 % , nnz after  49284 <-> 100.00 %
TIDE square took      0.00 usr cpu s       0.02 sys cpu s       0.00 wall s
INDE NNZ Xsq = 49284 <-> 100.00 %
TIDE Frobenius norm of X-X^2 took      0.00 usr cpu s       0.00 sys cpu s       0.00 wall s
TIDE Mixed norm of X-X^2 took      0.00 usr cpu s       0.01 sys cpu s       0.00 wall s
TIDE Trace of X-X^2 took      0.00 usr cpu s       0.00 sys cpu s       0.00 wall s
INDE ||X-X^2||_F = 1.447102e-03 , ||X-X^2||_mixed = 1.400192e-03
INDE trace(X-X^2) = 2.589918e-03
INDE trace(X) = 4.699942e+01
INDE Checking stopping criterion...   
INDE e_i =1.400192e-03, C*e_{i-1}^q = 5.504954e-03
INDE Order of convergence = 2.383927, stop = 0
TIDE stopping_criterion took      0.00 usr cpu s       0.00 sys cpu s       0.00 wall s
TIDE Iteration 22 took      0.01 usr cpu s       0.02 sys cpu s       0.00 wall s
INDE     ITERATION 23 :
TIDE purify_X took      0.00 usr cpu s       0.00 sys cpu s       0.00 wall s
TIDE truncate_matrix took      0.00 usr cpu s       0.00 sys cpu s       0.00 wall s
INDE Actual introduced error   0.000000e+00 : nnz before  49284 <-> 100.00 % , nnz after  49284 <-> 100.00 %
TIDE square took      0.00 usr cpu s       0.01 sys cpu s       0.00 wall s
INDE NNZ Xsq = 49284 <-> 100.00 %
TIDE Frobenius norm of X-X^2 took      0.00 usr cpu s       0.00 sys cpu s       0.00 wall s
TIDE Mixed norm of X-X^2 took      0.00 usr cpu s       0.01 sys cpu s       0.00 wall s
TIDE Trace of X-X^2 took      0.00 usr cpu s       0.00 sys cpu s       0.00 wall s
INDE ||X-X^2||_F = 1.746534e-03 , ||X-X^2||_mixed = 1.745599e-03
INDE trace(X-X^2) = 2.005979e-03
INDE trace(X) = 4.700201e+01
INDE Checking stopping criterion...   
INDE Order of convergence cannot be computed
TIDE stopping_criterion took      0.00 usr cpu s       0.00 sys cpu s       0.00 wall s
TIDE Iteration 23 took      0.01 usr cpu s       0.02 sys cpu s       0.00 wall s
INDE     ITERATION 24 :
TIDE purify_X took      0.00 usr cpu s       0.00 sys cpu s       0.00 wall s
TIDE truncate_matrix took      0.00 usr cpu s       0.00 sys cpu s       0.00 wall s
INDE Actual introduced error   0.000000e+00 : nnz before  49284 <-> 100.00 % , nnz after  49284 <-> 100.00 %
TIDE square took      0.00 usr cpu s       0.01 sys cpu s       0.00 wall s
INDE NNZ Xsq = 49284 <-> 100.00 %
TIDE Frobenius norm of X-X^2 took      0.00 usr cpu s       0.00 sys cpu s       0.00 wall s
TIDE Mixed norm of X-X^2 took      0.00 usr cpu s       0.01 sys cpu s       0.00 wall s
TIDE Trace of X-X^2 took      0.00 usr cpu s       0.00 sys cpu s       0.00 wall s
INDE ||X-X^2||_F = 3.667726e-06 , ||X-X^2||_mixed = 3.555163e-06
INDE trace(X-X^2) = 5.724662e-06
INDE trace(X) = 4.700000e+01
INDE Checking stopping criterion...   
INDE e_i =3.555163e-06, C*e_{i-1}^q = 1.350262e-05
INDE Order of convergence = 2.203082, stop = 0
TIDE stopping_criterion took      0.00 usr cpu s       0.00 sys cpu s       0.00 wall s
TIDE Iteration 24 took      0.01 usr cpu s       0.02 sys cpu s       0.00 wall s
INDE     ITERATION 25 :
TIDE purify_X took      0.00 usr cpu s       0.00 sys cpu s       0.00 wall s
TIDE truncate_matrix took      0.00 usr cpu s       0.00 sys cpu s       0.00 wall s
INDE Actual introduced error   0.000000e+00 : nnz before  49284 <-> 100.00 % , nnz after  49284 <-> 100.00 %
TIDE square took      0.01 usr cpu s       0.01 sys cpu s       0.00 wall s
INDE NNZ Xsq = 49284 <-> 100.00 %
TIDE Frobenius norm of X-X^2 took      0.00 usr cpu s       0.00 sys cpu s       0.00 wall s
TIDE Mixed norm of X-X^2 took      0.00 usr cpu s       0.01 sys cpu s       0.00 wall s
TIDE Trace of X-X^2 took      0.00 usr cpu s       0.00 sys cpu s       0.00 wall s
INDE ||X-X^2||_F = 4.218853e-06 , ||X-X^2||_mixed = 4.215439e-06
INDE trace(X-X^2) = 5.327753e-06
INDE trace(X) = 4.699999e+01
INDE Checking stopping criterion...   
INDE Order of convergence cannot be computed
TIDE stopping_criterion took      0.00 usr cpu s       0.00 sys cpu s       0.00 wall s
TIDE Iteration 25 took      0.01 usr cpu s       0.02 sys cpu s       0.00 wall s
INDE     ITERATION 26 :
TIDE purify_X took      0.00 usr cpu s       0.00 sys cpu s       0.00 wall s
TIDE truncate_matrix took      0.00 usr cpu s       0.00 sys cpu s       0.00 wall s
INDE Actual introduced error   0.000000e+00 : nnz before  49284 <-> 100.00 % , nnz after  49284 <-> 100.00 %
TIDE square took      0.01 usr cpu s       0.01 sys cpu s       0.00 wall s
INDE NNZ Xsq = 49284 <-> 100.00 %
TIDE Frobenius norm of X-X^2 took      0.00 usr cpu s       0.00 sys cpu s       0.00 wall s
TIDE Mixed norm of X-X^2 took      0.00 usr cpu s       0.01 sys cpu s       0.00 wall s
TIDE Trace of X-X^2 took      0.00 usr cpu s       0.00 sys cpu s       0.00 wall s
INDE ||X-X^2||_F = 2.418091e-11 , ||X-X^2||_mixed = 2.338587e-11
INDE trace(X-X^2) = 3.580425e-11
INDE trace(X) = 4.700000e+01
INDE Checking stopping criterion...   
INDE e_i =2.338587e-11, C*e_{i-1}^q = 8.704857e-11
INDE Order of convergence = 2.104752, stop = 0
TIDE stopping_criterion took      0.00 usr cpu s       0.00 sys cpu s       0.00 wall s
TIDE Iteration 26 took      0.01 usr cpu s       0.02 sys cpu s       0.00 wall s
INDE     ITERATION 27 :
TIDE purify_X took      0.00 usr cpu s       0.00 sys cpu s       0.00 wall s
TIDE truncate_matrix took      0.00 usr cpu s       0.00 sys cpu s       0.00 wall s
INDE Actual introduced error   0.000000e+00 : nnz before  49284 <-> 100.00 % , nnz after  49284 <-> 100.00 %
TIDE square took      0.00 usr cpu s       0.01 sys cpu s       0.00 wall s
INDE NNZ Xsq = 49284 <-> 100.00 %
TIDE Frobenius norm of X-X^2 took      0.00 usr cpu s       0.00 sys cpu s       0.00 wall s
TIDE Mixed norm of X-X^2 took      0.00 usr cpu s       0.01 sys cpu s       0.00 wall s
TIDE Trace of X-X^2 took      0.00 usr cpu s       0.00 sys cpu s       0.00 wall s
INDE ||X-X^2||_F = 3.229806e-11 , ||X-X^2||_mixed = 3.229525e-11
INDE trace(X-X^2) = 3.560530e-11
INDE trace(X) = 4.700000e+01
INDE Checking stopping criterion...   
INDE e_i =3.229525e-11, C*e_{i-1}^q = 1.223850e-10
INDE Order of convergence = 2.107641, stop = 0
TIDE stopping_criterion took      0.00 usr cpu s       0.00 sys cpu s       0.00 wall s
TIDE Iteration 27 took      0.01 usr cpu s       0.02 sys cpu s       0.00 wall s
INDE     ITERATION 28 :
TIDE purify_X took      0.00 usr cpu s       0.00 sys cpu s       0.00 wall s
TIDE truncate_matrix took      0.00 usr cpu s       0.00 sys cpu s       0.00 wall s
INDE Actual introduced error   0.000000e+00 : nnz before  49284 <-> 100.00 % , nnz after  49284 <-> 100.00 %
TIDE square took      0.00 usr cpu s       0.01 sys cpu s       0.00 wall s
INDE NNZ Xsq = 49284 <-> 100.00 %
TIDE Frobenius norm of X-X^2 took      0.00 usr cpu s       0.00 sys cpu s       0.00 wall s
TIDE Mixed norm of X-X^2 took      0.00 usr cpu s       0.00 sys cpu s       0.00 wall s
TIDE Trace of X-X^2 took      0.00 usr cpu s       0.00 sys cpu s       0.00 wall s
INDE ||X-X^2||_F = 2.221736e-15 , ||X-X^2||_mixed = 0.000000e+00
INDE trace(X-X^2) = -7.105427e-15
INDE trace(X) = 4.700000e+01
INDE Checking stopping criterion...   
INDE ************************************************************************************************************
INDE The norm value went much below machine precision, therefore we stop here since n_max can be underestimated.
INDE ************************************************************************************************************
INDE e_i =0.000000e+00, C*e_{i-1}^q = 3.766601e-21
INDE Order of convergence = inf, stop = 1
TIDE stopping_criterion took      0.00 usr cpu s       0.00 sys cpu s       0.00 wall s
INDE PURIFICATION CONVERGED after 28 iterations
TIDE Iteration 28 took      0.01 usr cpu s       0.02 sys cpu s       0.00 wall s
INDE Number of non-zeros in D is  49284 <-> 100.00 %
TIDE FileWritable::writeAndReadAll took      0.00 usr cpu s       0.00 sys cpu s       0.00 wall s
INDE writeAndReadAll sizesStr: '0 MB (1 MatrixGeneral, 0 > 1 MB) + 0 MB (13 MatrixSymmetric, 0 > 1 MB) + 0 MB (2 VectorGeneral, 0 > 1 MB) = 0 MB (16 total, 0 > 1 MB)
INDE TOTAL accumulated subspace error is 0.000000e+00
INDE TOTAL X square time: 0.061260 wall s
INDE TOTAL X trunction time: 0.003254 wall s
INDE TOTAL X purify (exl. X^2 computation) time: 0.003266 wall s
INDE TOTAL time to get number of non-zero elements: 0.001050 wall s
INDE TOTAL time to get mixed norm: 0.040864 wall s
INDE TOTAL time to get Frobenius norm: 0.003657 wall s
INDE TOTAL time for stopping criterion: 0.001242 wall s
INDE TOTAL time to get matrix trace: 0.000569 wall s
INDE Estimated bounds for the eigenvalues for the Fock matrix:
INDE LUMO: [ 0.089619338800 , 0.142742111882 ]
INDE HOMO: [ -0.394965585193 , -0.342418195345 ]
TIDE eigenvalue_bounds_estimation() took      0.00 usr cpu s       0.00 sys cpu s       0.00 wall s
TIDE Recursive expansion took      0.37 usr cpu s       1.04 sys cpu s       0.18 wall s
TIDE Puri->PurificationStart() took      0.37 usr cpu s       1.04 sys cpu s       0.18 wall s
TIDE Accumulated wall times for writeToFile in PurificationStart()          : 0 s (MatrixGeneral) + 2.1e-06 s (MatrixSymmetric) + 7.3e-05 s (VectorGeneral) = 7.5e-05 s
TIDE Accumulated wall times for readFromFile in PurificationStart()         : 0 s (MatrixGeneral) + 3.8e-06 s (MatrixSymmetric) + 1.3e-05 s (VectorGeneral) = 1.7e-05 s
TIDE Accumulated wall times for copy and assign in PurificationStart()      : 9.5e-07 s (MatrixSymmetric) + 3.4e-05 s (VectorGeneral) = 3.5e-05 s
INDE Number of calls to writeToFile in PurificationStart()                  : 2 (MatrixGeneral) + 27 (MatrixSymmetric) + 836 (VectorGeneral) = 865 
INDE Number of calls to readFromFile in PurificationStart()                 : 2 (MatrixGeneral) + 26 (MatrixSymmetric) + 299 (VectorGeneral) = 327 
INDE Number of calls to FileWritable copy and assign in PurificationStart() : 2 (MatrixSymmetric) + 30 (VectorGeneral) = 32 
TIDE mat::Gblas::time after purification :     0.816814
INDE Created .m files with results of the purification
INDE Purification converged OK, subspaceError <=          0.00000000000
INDE E(LUMO) - E(HOMO) >=          0.43203753414 =         11.75634027058 eV
INDE E(LUMO) - E(HOMO) <=          0.53770769707 =         14.63177190248 eV
INDE HOMO interval : [   -0.394965585193   -0.342418195345 ]
INDE LUMO interval : [    0.089619338800    0.142742111882 ]
INDE Trace of resulting density matrix is         47.00000000000, error is  -0.00000000000001.
INDE Truncated D_ort ( mixed ), selected threshold = 9.99999e-08, returned error =          0, nnz before = 49284 <-> 100.0000 %, nnz after = 49284 <-> 100.0000 %
TIDE FileWritable::writeAndReadAll took      0.00 usr cpu s       0.00 sys cpu s       0.00 wall s
INDE writeAndReadAll sizesStr: '0 MB (1 MatrixGeneral, 0 > 1 MB) + 0 MB (12 MatrixSymmetric, 0 > 1 MB) + 0 MB (1 MatrixTriangular, 0 > 1 MB) = 0 MB (14 total, 0 > 1 MB)
TIDE D_w to non-orthogonal basis took      0.00 usr cpu s       0.02 sys cpu s       0.00 wall s
INDE Truncated D_S (eucl with Z), selected threshold = 9.99999e-08, returned error =          0, nnz before = 100.0000 %, nnz after = 100.0000 %
INDE get_dens_from_fock_sparse ending OK
TIDE get_dens_from_fock_sparse took      0.46 usr cpu s       1.45 sys cpu s       0.24 wall s
ERDE get_dens_from_fock  (GetDensFromFock class) : purification finished OK.
TIDE get_dens_from_fock took      0.46 usr cpu s       1.46 sys cpu s       0.24 wall s
INSC Matrix 'new density matrix' ( symm ): n =    222, nnz =        49284 <-> 100.00 %, mem usage  0.0002 G
INSC Tr( D * S ) =         94.00000000000
TISC get_new_density_matrix took      0.46 usr cpu s       1.46 sys cpu s       0.24 wall s
INSC SCF_restricted::report_density_difference, diff_eucl =          0.00021299189
TISC SCF_restricted::report_density_difference took      0.01 usr cpu s       0.09 sys cpu s       0.01 wall s
INMA ddf_writeShellListAndDensityMatricesToFile_sparse, n =    222, densityMatrixList[0].nvalues =       24753
INMA opened temporary file 'density.bin.Lpo0JO' for writing
INMA Choosing matrixStorageType = MATRIX_STORAGE_TYPE_TRIANGLE.
INMA fileSize =          252744 bytes =      0.253 MegaBytes
INMA renamed file 'density.bin.Lpo0JO' to 'density.bin'
INMA ddf_writeShellListAndDensityMatricesToFile_sparse freeing buffer.
INMA ddf_writeShellListAndDensityMatricesToFile_sparse returning OK.
TISC write_density_to_file took      0.02 usr cpu s       0.05 sys cpu s       0.01 wall s
INSC SCF cycle  10 finished.
TISC SCF cycle  10 took    169.27 usr cpu s       2.43 sys cpu s      31.02 wall s
INSC Beginning of SCF cycle 11:  Thu Mar 26 20:06:02 2026
INDE compute_J_by_boxes_sparse() start.
TIDE FileWritable::writeAndReadAll took      0.00 usr cpu s       0.00 sys cpu s       0.00 wall s
INDE writeAndReadAll: '0 MB (1 MatrixGeneral, 0 > 1 MB) + 0 MB (11 MatrixSymmetric, 0 > 1 MB) = 0 MB (12 total, 0 > 1 MB)
IN   compute_J_by_boxes_sparse, maxDensityMatrixElement =          2.08715452930
ININ get_basis_func_pair_list, n =    222
ININ create_box_system end OK, toplevelBoxSize:   7.0, #levels:  3, #boxes at top level:      6
TIIN get_basis_func_pair_list_2el took      0.19 usr cpu s       0.41 sys cpu s       0.13 wall s
IN   compute_J_by_boxes_sparse: noOfBasisFuncIndexPairs = 21264 ==> storing  43.15 % of a full matrix
ININ entering compute_J_by_boxes_linear, no of basis funcs =   222, threshold_J =   1e-12
ININ use_fmm = 1, fmm_box_size =   5.00
TIIN Compute extent for all distrs took      0.27 usr cpu s       0.00 sys cpu s       0.27 wall s
ININ extent_min =    0.000, extent_max =    8.988
ININ Creating list of distributions etc done, distrCount =    208583
TIIN Creating list of distributions etc took      0.40 usr cpu s       0.00 sys cpu s       0.40 wall s
ININ create_box_system end OK, toplevelBoxSize:   5.0, #levels:  3, #boxes at top level:     10
TIIN Creating boxes took      0.02 usr cpu s       0.00 sys cpu s       0.02 wall s
ININ noOfBranches = 4, splitters:   5.00  2.50  0.00
ININ J org done, groupCount =     7861
TIIN J org took      0.83 usr cpu s       0.00 sys cpu s       0.83 wall s
TIIN Generate group multipoles took      0.36 usr cpu s       0.00 sys cpu s       0.36 wall s
ININ totChargeWholeSystem =          0.00000000000
ININ Generating multipole for each branch at top level, MAX_MULTIPOLE_DEGREE = 15
TIIN Translate multipoles (step 1) took      0.26 usr cpu s       0.00 sys cpu s       0.26 wall s
TIIN Translate multipoles (step 2) took      0.07 usr cpu s       0.00 sys cpu s       0.07 wall s
ININ job lists for J created OK, noOfJobs_J_standard =      789, noOfJobs_J_multipole =       62
TIIN Creating job lists for J took      0.00 usr cpu s       0.00 sys cpu s       0.00 wall s
ININ execute_joblist_J_std_threaded, noOfThreads =  8
ININ 8 threads started OK.
ININ all 8 threads have finished.
TIIN execute_joblist_J_std_threaded took     58.38 usr cpu s       0.06 sys cpu s       9.23 wall s
TIIN sort_list_of_multipole_jobs init part took      0.00 usr cpu s       0.00 sys cpu s       0.00 wall s
TIIN sort_list_of_multipole_jobs complete took      0.00 usr cpu s       0.00 sys cpu s       0.00 wall s
TIIN sort_list_of_multipole_jobs took      0.00 usr cpu s       0.00 sys cpu s       0.00 wall s
ININ execute_joblist_J_fmm_shared: Allocating multipoleList_4, maxnoOfMinimalDistrsPerBoxBranch =     49239
ININ execute_joblist_J_fmm_shared: jobIndexLo =            0, jobIndexHi =            7
ININ execute_joblist_J_fmm_shared: Allocating multipoleList_4, maxnoOfMinimalDistrsPerBoxBranch =     49239
ININ execute_joblist_J_fmm_shared: jobIndexLo =           15, jobIndexHi =           23
ININ execute_joblist_J_fmm_shared: Allocating multipoleList_4, maxnoOfMinimalDistrsPerBoxBranch =     49239
ININ execute_joblist_J_fmm_shared: Allocating multipoleList_4, maxnoOfMinimalDistrsPerBoxBranch =     49239
ININ execute_joblist_J_fmm_shared: jobIndexLo =            7, jobIndexHi =           15
ININ execute_joblist_J_fmm_shared: jobIndexLo =           23, jobIndexHi =           31
ININ execute_joblist_J_fmm_shared: Allocating multipoleList_4, maxnoOfMinimalDistrsPerBoxBranch =     49239
ININ execute_joblist_J_fmm_shared: jobIndexLo =           31, jobIndexHi =           38
ININ execute_joblist_J_fmm_shared: Allocating multipoleList_4, maxnoOfMinimalDistrsPerBoxBranch =     49239
ININ execute_joblist_J_fmm_shared: jobIndexLo =           38, jobIndexHi =           46
ININ execute_joblist_J_fmm_shared: Allocating multipoleList_4, maxnoOfMinimalDistrsPerBoxBranch =     49239
ININ execute_joblist_J_fmm_shared: jobIndexLo =           46, jobIndexHi =           54
ININ execute_joblist_J_fmm_shared: Allocating multipoleList_4, maxnoOfMinimalDistrsPerBoxBranch =     49239
ININ execute_joblist_J_fmm_shared: jobIndexLo =           54, jobIndexHi =           62
ININ execute_joblist_J_fmm_shared: done!
ININ execute_joblist_J_fmm_shared: done!
ININ execute_joblist_J_fmm_shared: done!
ININ execute_joblist_J_fmm_shared: done!
ININ execute_joblist_J_fmm_shared: done!
ININ execute_joblist_J_fmm_shared: done!
ININ execute_joblist_J_fmm_shared: done!
ININ execute_joblist_J_fmm_shared: done!
ININ multipole job list for J executed, largest L used: 12
TIIN Executing multipole job list for J took      0.25 usr cpu s       0.00 sys cpu s       0.10 wall s
ININ compute_J_by_boxes_linear ending OK.
TIIN compute_J_by_boxes_linear took     60.59 usr cpu s       0.07 sys cpu s      11.28 wall s
TI   compute_J_by_boxes_sparse total took     60.78 usr cpu s       0.48 sys cpu s      11.41 wall s
ININ entering create_CSR_for_K, no of basis funcs =   222, threshold_K =   1e-12
ININ create_box_system end OK, toplevelBoxSize:   7.0, #levels:  3, #boxes at top level:      6
ININ create_box_system end OK, toplevelBoxSize:   7.0, #levels:  3, #boxes at top level:      6
ININ create_box_system end OK, toplevelBoxSize:   7.0, #levels:  3, #boxes at top level:      6
TIIN create_CSR_for_K getting list of distrs took      0.26 usr cpu s       0.00 sys cpu s       0.26 wall s
ININ list of neighbors complete.
TIIN create_CSR_for_K getting list of neighbors took      0.00 usr cpu s       0.00 sys cpu s       0.00 wall s
TIIN create_CSR_for_K sort each list of neighbors took      0.02 usr cpu s       0.00 sys cpu s       0.02 wall s
ININ 8 threads started OK.
TIIN identify_needed_elements() took     68.89 usr cpu s       0.04 sys cpu s       9.12 wall s
ININ computing nnz..
ININ create_CSR_for_K: predicted nnz =        24753, <->  50.23% of a full matrix
TIIN create_CSR_for_K last part took      0.00 usr cpu s       0.00 sys cpu s       0.00 wall s
TIIN create_CSR_for_K total took     69.17 usr cpu s       0.04 sys cpu s       9.40 wall s
ININ entering compute_K_by_boxes, no of basis funcs =   222, threshold_K =   1e-12, exchange_box_size =   5.00
ININ create_box_system end OK, toplevelBoxSize:   7.0, #levels:  3, #boxes at top level:      6
ININ create_box_system end OK, toplevelBoxSize:   7.0, #levels:  3, #boxes at top level:      6
ININ create_box_system end OK, toplevelBoxSize:   7.0, #levels:  3, #boxes at top level:      6
TIIN Compute extent for all distrs took      0.27 usr cpu s       0.00 sys cpu s       0.27 wall s
ININ Creating list of distributions done, distrCountTot =    208583
TIIN Creating list of distributions took      0.44 usr cpu s       0.00 sys cpu s       0.44 wall s
ININ create_box_system end OK, toplevelBoxSize:   5.0, #levels:  3, #boxes at top level:     10
ININ create_box_system end OK, toplevelBoxSize:   2.5, #levels:  4, #boxes at top level:     16
ININ noOfLevelsBasisFuncs = 4, noOfLevelsDiff = 1
TIIN Creating boxes etc took      0.02 usr cpu s       0.00 sys cpu s       0.02 wall s
TIIN getting multipoleNormVectorList took      0.43 usr cpu s       0.00 sys cpu s       0.43 wall s
TIIN K organize_distributions for all boxes took      0.88 usr cpu s       0.00 sys cpu s       0.88 wall s
ININ starting loop to setup basisFuncGroupInfoList, with added index checks.
TIIN GetLimitsAllLevels took      0.17 usr cpu s       0.00 sys cpu s       0.17 wall s
ININ getDmatLimitMatrixCSRList start.
TIIN getting densityMatrixLimitMatrixList took      0.01 usr cpu s       0.00 sys cpu s       0.01 wall s
ININ job list for K created,       55 jobs
TIIN creating job list for K took      0.00 usr cpu s       0.00 sys cpu s       0.00 wall s
ININ execute_joblist_K_threaded, noOfThreads =  8, basisFuncListCount_max =   207
ININ 8 threads started OK.
ININ all 8 threads have finished, took        9 wall s.
TIIN Executing job list for K took     37.55 usr cpu s       0.01 sys cpu s       8.34 wall s
TIIN compute_K_by_boxes took     39.51 usr cpu s       0.01 sys cpu s      10.30 wall s
TI   compute_K_by_boxes_sparse total took    108.69 usr cpu s       0.05 sys cpu s      19.71 wall s
INSC About to truncate FockMatrix, gap of Fprev >=          0.43203753414
TISC symmMatrix::mixed_diff for F vs Fprev maxEigValMovement_mixed took      0.00 usr cpu s       0.00 sys cpu s       0.00 wall s
TISC symmMatrix::eucl_diff for maxEigValMovement_eucl  took      0.02 usr cpu s       0.09 sys cpu s       0.02 wall s
INSC maxEigValMovement_frob  =          0.00019838018
INSC maxEigValMovement_mixed =          0.00014932982
INSC maxEigValMovement_eucl  =          0.00007653230
TISC FockMatrix.eucl_thresh() (with Z) took      0.03 usr cpu s       0.11 sys cpu s       0.02 wall s
INSC Truncated FockMatrix (eucl with Z), selected threshold = 4.31884e-08, returned error =          0, nnz before = 100.0000 %, nnz after = 100.0000 %
INSC Matrix 'S' ( symm ): n =    222, nnz =        49284 <-> 100.00 %, mem usage  0.0002 G
INSC Matrix 'F' ( symm ): n =    222, nnz =        49284 <-> 100.00 %, mem usage  0.0002 G
INSC Matrix 'D' ( symm ): n =    222, nnz =        49284 <-> 100.00 %, mem usage  0.0002 G
INSC nuclearEnergy, energy_2el, energy = 782.160484, 1007.739880, -644.961410
INSC Energy  11 =       -644.96140960949  ( diff     -0.000000043471118 )
INSC calling compute_FDSminusSDF_sparse, n = 222
INDE compute_FDSminusSDF_sparse() start.
TIDE FileWritable::writeAndReadAll took      0.00 usr cpu s       0.00 sys cpu s       0.00 wall s
INDE writeAndReadAll: '0 MB (1 MatrixGeneral, 0 > 1 MB) + 0 MB (9 MatrixSymmetric, 0 > 1 MB) = 0 MB (10 total, 0 > 1 MB)
TISC compute_FDSminusSDF_sparse, F*D mult took      0.02 usr cpu s       0.02 sys cpu s       0.00 wall s
INSC Matrix 'FD before eucl truncation' (normal): n =    222, nnz =        49284 <-> 100.00 %, mem usage  0.0004 G
INSC Matrix 'FD after  eucl truncation' (normal): n =    222, nnz =        49284 <-> 100.00 %, mem usage  0.0004 G
INSC Matrix 'FDS before eucl truncation' (normal): n =    222, nnz =        49284 <-> 100.00 %, mem usage  0.0004 G
INSC Matrix 'FDS after  eucl truncation' (normal): n =    222, nnz =        49284 <-> 100.00 %, mem usage  0.0004 G
INSC compute_FDSminusSDF_sparse ending OK.
TISC compute_FDSminusSDF_sparse took      0.04 usr cpu s       0.08 sys cpu s       0.01 wall s
INSC Matrix 'FDS-SDF' (normal): n =    222, nnz =        49284 <-> 100.00 %, mem usage  0.0004 G
INSC SCF_restricted::get_FDSminusSDF finished.
TISC get_FDSminusSDF took      0.04 usr cpu s       0.08 sys cpu s       0.01 wall s
INSC maxabs FDS-SDF is 2.09e-05
INSC frob   FDS-SDF is 0.000202
TISC get_error_measure took      0.00 usr cpu s       0.00 sys cpu s       0.00 wall s
INSC entering DIISManagerRestricted::AddIterationToList, IterCount = 10
INSC DIISManagerRestricted::AddIterationToList ending OK.
TISC DIISManagerRestricted::AddIterationToList took      0.00 usr cpu s       0.01 sys cpu s       0.00 wall s
INSC using DIIS to get combined Fock matrix, number of iters used for DIIS: 10
TISC clear_error_matrices took      0.00 usr cpu s       0.00 sys cpu s       0.00 wall s
TISC save_current_fock_as_fprev took      0.00 usr cpu s       0.00 sys cpu s       0.00 wall s
INDE get_dens_from_fock_general, n = 222, use_diagonalization = 0, use_diag_on_error = 1
INDE Before writeAndReadAll(): AllocatorManager statistics:  noOfRealsPerBuffer: 1024 noOfBuffers: 20000 list.size(): 1. Allocated: 0.164 GB, Used: 0.00673 GB, Peak alloc: 0.164 GB.
TIDE FileWritable::writeAndReadAll took      0.00 usr cpu s       0.00 sys cpu s       0.00 wall s
INDE writeAndReadAll sizesStr: '0 MB (1 MatrixGeneral, 0 > 1 MB) + 0 MB (7 MatrixSymmetric, 0 > 1 MB) = 0 MB (8 total, 0 > 1 MB)
INDE After writeAndReadAll(): AllocatorManager statistics:  noOfRealsPerBuffer: 1024 noOfBuffers: 20000 list.size(): 1. Allocated: 0.164 GB, Used: 0.00673 GB, Peak alloc: 0.164 GB.
INDE calling get_dens_from_fock_sparse, n =    222, subspaceErrorLimit = 1e-06
INDE get_dens_from_fock_sparse() start!
INDE After F.readFromFile(): AllocatorManager statistics:  noOfRealsPerBuffer: 1024 noOfBuffers: 20000 list.size(): 1. Allocated: 0.164 GB, Used: 0.00673 GB, Peak alloc: 0.164 GB.
INDE After creating wrapper MatrixType F_w(F): AllocatorManager statistics:  noOfRealsPerBuffer: 1024 noOfBuffers: 20000 list.size(): 1. Allocated: 0.164 GB, Used: 0.00691 GB, Peak alloc: 0.164 GB.
TIDE  F_w to orthogonal basis took      0.00 usr cpu s       0.02 sys cpu s       0.00 wall s
TIDE MatrixType::mixed_diff for maxEigValMovement_mixed took      0.00 usr cpu s       0.01 sys cpu s       0.00 wall s
TIDE symmMatrixWrap::eucl_diff for maxEigValMovement_eucl  took      0.05 usr cpu s       0.15 sys cpu s       0.02 wall s
INDE maxEigValMovement_frob  =          0.00017100843
INDE maxEigValMovement_mixed =          0.00012310966
INDE maxEigValMovement_eucl  =          0.00005120551
INDE lumo before truncation: [ 0.089568133287 , 0.142793317395 ]
INDE homo before truncation: [ -0.395016790706 , -0.342366989832 ]
INDE Truncate matrix F and update intervals for homo and lumo.
INDE Truncating F_ort ( mixed ), selected threshold = 4.31935e-08
INDE Truncated F_ort ( mixed ), selected threshold = 4.31935e-08, returned error =          0, nnz before = 100.0000 %, nnz after = 100.0000 %
TIDE Truncation of F_ort took      0.00 usr cpu s       0.00 sys cpu s       0.00 wall s
INDE Chosen Ergo Wrapper
INDE Creating purification object: N = 222 , nocc = 47 , NNZ = 49284  <-> 100.00000 %
INDE Chosen norm for the truncation: 
INDE mixed
INDE Chosen norm for the stopping criterion: 
INDE mixed
INDE Chosen the NEW stopping criterion.
INDE Allowed error in subspace 7.000000e-07
INDE Chosen SP2 purification method
INDE calling Puri->PurificationStart(), number of threads = 1, trunc norm 'mixed'
TIDE gershgorin took      0.00 usr cpu s       0.00 sys cpu s       0.00 wall s
INDE Gershgorin bounds: [ -35.722140333454 , 17.120571369097 ]
INDE EXPANDED Gershgorin bounds: [ -35.722140348355 , 17.120571383998 ]
INDE Trying to impove bounds using Lanczos algorithm...
TIDE compute_spectrum_bounds took      0.08 usr cpu s       0.41 sys cpu s       0.06 wall s
INDE Spectrum of F: 	 [ -20.624813050691 , 4.255871322928 ]
INDE Transform homo and lumo bounds...
INDE HOMO bounds of X: 	 [ 0.184811568834 , 0.186927660180 ]
INDE LUMO bounds of X: 	 [ 0.165312092858 , 0.167451309903 ]
INDE INIT LUMO: [ 0.165312092858 , 0.167451309903 ]
INDE INIT HOMO: [ 0.813072339820 , 0.815188431166 ]
INDE ESTIMATED NUMBER OF ITERATIONS IS 28
INDE Put eigenvalues of F to the interval [0,1] in reverse order.
TIDE compute_X() took      0.00 usr cpu s       0.00 sys cpu s       0.00 wall s
TIDE prepare_to_purification() took      0.09 usr cpu s       0.41 sys cpu s       0.06 wall s
INDE (EIGV,PARAMS) Requested 0 occipied eigenpair(s).
INDE (EIGV,PARAMS) Requested 0 unoccipied eigenpair(s).
TIDE prepare_to_purification_eigenvectors() took      0.00 usr cpu s       0.00 sys cpu s       0.00 wall s
INDE Starting recursive expansion
INDE     BEFORE ITERATIONS:
TIDE truncate_matrix took      0.00 usr cpu s       0.00 sys cpu s       0.00 wall s
INDE Actual introduced error   0.000000e+00 : nnz before  49284 <-> 100.00 % , nnz after  49284 <-> 100.00 %
TIDE square took      0.00 usr cpu s       0.01 sys cpu s       0.00 wall s
INDE NNZ Xsq = 49284 <-> 100.00 %
TIDE Frobenius norm of X-X^2 took      0.00 usr cpu s       0.00 sys cpu s       0.00 wall s
TIDE Mixed norm of X-X^2 took      0.01 usr cpu s       0.01 sys cpu s       0.00 wall s
TIDE Trace of X-X^2 took      0.00 usr cpu s       0.00 sys cpu s       0.00 wall s
INDE ||X-X^2||_F = 1.696457e+00 , ||X-X^2||_mixed = 8.697838e-01
INDE trace(X-X^2) = 2.268038e+01
INDE trace(X) = 3.353589e+01
TIDE Iteration 0 took      0.01 usr cpu s       0.03 sys cpu s       0.01 wall s
TIDE FileWritable::writeAndReadAll took      0.00 usr cpu s       0.00 sys cpu s       0.00 wall s
INDE writeAndReadAll sizesStr: '0 MB (1 MatrixGeneral, 0 > 1 MB) + 0 MB (13 MatrixSymmetric, 0 > 1 MB) + 0 MB (2 VectorGeneral, 0 > 1 MB) = 0 MB (16 total, 0 > 1 MB)
INDE     ITERATION 1 :
TIDE purify_X took      0.00 usr cpu s       0.00 sys cpu s       0.00 wall s
TIDE truncate_matrix took      0.00 usr cpu s       0.00 sys cpu s       0.00 wall s
INDE Actual introduced error   0.000000e+00 : nnz before  49284 <-> 100.00 % , nnz after  49284 <-> 100.00 %
TIDE square took      0.01 usr cpu s       0.04 sys cpu s       0.01 wall s
INDE NNZ Xsq = 49284 <-> 100.00 %
TIDE Frobenius norm of X-X^2 took      0.00 usr cpu s       0.00 sys cpu s       0.00 wall s
TIDE Mixed norm of X-X^2 took      0.00 usr cpu s       0.01 sys cpu s       0.00 wall s
TIDE Trace of X-X^2 took      0.00 usr cpu s       0.00 sys cpu s       0.00 wall s
INDE ||X-X^2||_F = 2.452789e+00 , ||X-X^2||_mixed = 1.227597e+00
INDE trace(X-X^2) = 3.418997e+01
INDE trace(X) = 5.621628e+01
TIDE Iteration 1 took      0.01 usr cpu s       0.06 sys cpu s       0.01 wall s
INDE     ITERATION 2 :
TIDE purify_X took      0.00 usr cpu s       0.00 sys cpu s       0.00 wall s
TIDE truncate_matrix took      0.00 usr cpu s       0.00 sys cpu s       0.00 wall s
INDE Actual introduced error   0.000000e+00 : nnz before  49284 <-> 100.00 % , nnz after  49284 <-> 100.00 %
TIDE square took      0.01 usr cpu s       0.01 sys cpu s       0.00 wall s
INDE NNZ Xsq = 49284 <-> 100.00 %
TIDE Frobenius norm of X-X^2 took      0.00 usr cpu s       0.00 sys cpu s       0.00 wall s
TIDE Mixed norm of X-X^2 took      0.00 usr cpu s       0.01 sys cpu s       0.00 wall s
TIDE Trace of X-X^2 took      0.00 usr cpu s       0.00 sys cpu s       0.00 wall s
INDE ||X-X^2||_F = 3.128786e+00 , ||X-X^2||_mixed = 1.495112e+00
INDE trace(X-X^2) = 4.422265e+01
INDE trace(X) = 9.040625e+01
INDE Checking stopping criterion...   
INDE Order of convergence cannot be computed
TIDE stopping_criterion took      0.00 usr cpu s       0.00 sys cpu s       0.00 wall s
TIDE Iteration 2 took      0.01 usr cpu s       0.03 sys cpu s       0.00 wall s
INDE     ITERATION 3 :
TIDE purify_X took      0.00 usr cpu s       0.00 sys cpu s       0.00 wall s
TIDE truncate_matrix took      0.00 usr cpu s       0.00 sys cpu s       0.00 wall s
INDE Actual introduced error   0.000000e+00 : nnz before  49284 <-> 100.00 % , nnz after  49284 <-> 100.00 %
TIDE square took      0.01 usr cpu s       0.01 sys cpu s       0.00 wall s
INDE NNZ Xsq = 49284 <-> 100.00 %
TIDE Frobenius norm of X-X^2 took      0.00 usr cpu s       0.00 sys cpu s       0.00 wall s
TIDE Mixed norm of X-X^2 took      0.00 usr cpu s       0.01 sys cpu s       0.00 wall s
TIDE Trace of X-X^2 took      0.00 usr cpu s       0.00 sys cpu s       0.00 wall s
INDE ||X-X^2||_F = 2.042922e+00 , ||X-X^2||_mixed = 1.140107e+00
INDE trace(X-X^2) = 2.593179e+01
INDE trace(X) = 4.618360e+01
INDE Checking stopping criterion...   
INDE Order of convergence cannot be computed
TIDE stopping_criterion took      0.00 usr cpu s       0.00 sys cpu s       0.00 wall s
TIDE Iteration 3 took      0.01 usr cpu s       0.02 sys cpu s       0.00 wall s
INDE     ITERATION 4 :
TIDE purify_X took      0.00 usr cpu s       0.00 sys cpu s       0.00 wall s
TIDE truncate_matrix took      0.00 usr cpu s       0.00 sys cpu s       0.00 wall s
INDE Actual introduced error   0.000000e+00 : nnz before  49284 <-> 100.00 % , nnz after  49284 <-> 100.00 %
TIDE square took      0.00 usr cpu s       0.02 sys cpu s       0.00 wall s
INDE NNZ Xsq = 49284 <-> 100.00 %
TIDE Frobenius norm of X-X^2 took      0.00 usr cpu s       0.00 sys cpu s       0.00 wall s
TIDE Mixed norm of X-X^2 took      0.00 usr cpu s       0.01 sys cpu s       0.00 wall s
TIDE Trace of X-X^2 took      0.00 usr cpu s       0.00 sys cpu s       0.00 wall s
INDE ||X-X^2||_F = 2.694210e+00 , ||X-X^2||_mixed = 1.436982e+00
INDE trace(X-X^2) = 3.563248e+01
INDE trace(X) = 7.211539e+01
INDE Checking stopping criterion...   
INDE Order of convergence cannot be computed
TIDE stopping_criterion took      0.00 usr cpu s       0.00 sys cpu s       0.00 wall s
TIDE Iteration 4 took      0.01 usr cpu s       0.03 sys cpu s       0.00 wall s
INDE     ITERATION 5 :
TIDE purify_X took      0.00 usr cpu s       0.00 sys cpu s       0.00 wall s
TIDE truncate_matrix took      0.00 usr cpu s       0.00 sys cpu s       0.00 wall s
INDE Actual introduced error   0.000000e+00 : nnz before  49284 <-> 100.00 % , nnz after  49284 <-> 100.00 %
TIDE square took      0.01 usr cpu s       0.01 sys cpu s       0.00 wall s
INDE NNZ Xsq = 49284 <-> 100.00 %
TIDE Frobenius norm of X-X^2 took      0.00 usr cpu s       0.00 sys cpu s       0.00 wall s
TIDE Mixed norm of X-X^2 took      0.00 usr cpu s       0.01 sys cpu s       0.00 wall s
TIDE Trace of X-X^2 took      0.00 usr cpu s       0.00 sys cpu s       0.00 wall s
INDE ||X-X^2||_F = 2.829640e+00 , ||X-X^2||_mixed = 1.489637e+00
INDE trace(X-X^2) = 3.867140e+01
INDE trace(X) = 1.077479e+02
INDE Checking stopping criterion...   
INDE Order of convergence cannot be computed
TIDE stopping_criterion took      0.00 usr cpu s       0.00 sys cpu s       0.00 wall s
TIDE Iteration 5 took      0.01 usr cpu s       0.02 sys cpu s       0.00 wall s
INDE     ITERATION 6 :
TIDE purify_X took      0.00 usr cpu s       0.00 sys cpu s       0.00 wall s
TIDE truncate_matrix took      0.00 usr cpu s       0.00 sys cpu s       0.00 wall s
INDE Actual introduced error   0.000000e+00 : nnz before  49284 <-> 100.00 % , nnz after  49284 <-> 100.00 %
TIDE square took      0.00 usr cpu s       0.01 sys cpu s       0.00 wall s
INDE NNZ Xsq = 49284 <-> 100.00 %
TIDE Frobenius norm of X-X^2 took      0.00 usr cpu s       0.00 sys cpu s       0.00 wall s
TIDE Mixed norm of X-X^2 took      0.00 usr cpu s       0.01 sys cpu s       0.00 wall s
TIDE Trace of X-X^2 took      0.00 usr cpu s       0.00 sys cpu s       0.00 wall s
INDE ||X-X^2||_F = 2.431515e+00 , ||X-X^2||_mixed = 1.395156e+00
INDE trace(X-X^2) = 2.987920e+01
INDE trace(X) = 6.907646e+01
INDE Checking stopping criterion...   
INDE Order of convergence cannot be computed
TIDE stopping_criterion took      0.00 usr cpu s       0.00 sys cpu s       0.00 wall s
TIDE Iteration 6 took      0.01 usr cpu s       0.03 sys cpu s       0.00 wall s
INDE     ITERATION 7 :
TIDE purify_X took      0.00 usr cpu s       0.00 sys cpu s       0.00 wall s
TIDE truncate_matrix took      0.00 usr cpu s       0.00 sys cpu s       0.00 wall s
INDE Actual introduced error   0.000000e+00 : nnz before  49284 <-> 100.00 % , nnz after  49284 <-> 100.00 %
TIDE square took      0.00 usr cpu s       0.01 sys cpu s       0.00 wall s
INDE NNZ Xsq = 49284 <-> 100.00 %
TIDE Frobenius norm of X-X^2 took      0.00 usr cpu s       0.00 sys cpu s       0.00 wall s
TIDE Mixed norm of X-X^2 took      0.00 usr cpu s       0.01 sys cpu s       0.00 wall s
TIDE Trace of X-X^2 took      0.00 usr cpu s       0.00 sys cpu s       0.00 wall s
INDE ||X-X^2||_F = 1.752195e+00 , ||X-X^2||_mixed = 1.119078e+00
INDE trace(X-X^2) = 1.729576e+01
INDE trace(X) = 3.919726e+01
INDE Checking stopping criterion...   
INDE Order of convergence cannot be computed
TIDE stopping_criterion took      0.00 usr cpu s       0.00 sys cpu s       0.00 wall s
TIDE Iteration 7 took      0.00 usr cpu s       0.03 sys cpu s       0.00 wall s
INDE     ITERATION 8 :
TIDE purify_X took      0.00 usr cpu s       0.00 sys cpu s       0.00 wall s
TIDE truncate_matrix took      0.00 usr cpu s       0.00 sys cpu s       0.00 wall s
INDE Actual introduced error   0.000000e+00 : nnz before  49284 <-> 100.00 % , nnz after  49284 <-> 100.00 %
TIDE square took      0.00 usr cpu s       0.02 sys cpu s       0.00 wall s
INDE NNZ Xsq = 49284 <-> 100.00 %
TIDE Frobenius norm of X-X^2 took      0.00 usr cpu s       0.00 sys cpu s       0.00 wall s
TIDE Mixed norm of X-X^2 took      0.01 usr cpu s       0.01 sys cpu s       0.00 wall s
TIDE Trace of X-X^2 took      0.00 usr cpu s       0.00 sys cpu s       0.00 wall s
INDE ||X-X^2||_F = 1.978926e+00 , ||X-X^2||_mixed = 1.220647e+00
INDE trace(X-X^2) = 2.135615e+01
INDE trace(X) = 5.649302e+01
INDE Checking stopping criterion...   
INDE Order of convergence cannot be computed
TIDE stopping_criterion took      0.00 usr cpu s       0.00 sys cpu s       0.00 wall s
TIDE Iteration 8 took      0.01 usr cpu s       0.03 sys cpu s       0.00 wall s
INDE     ITERATION 9 :
TIDE purify_X took      0.00 usr cpu s       0.00 sys cpu s       0.00 wall s
TIDE truncate_matrix took      0.00 usr cpu s       0.00 sys cpu s       0.00 wall s
INDE Actual introduced error   0.000000e+00 : nnz before  49284 <-> 100.00 % , nnz after  49284 <-> 100.00 %
TIDE square took      0.00 usr cpu s       0.01 sys cpu s       0.00 wall s
INDE NNZ Xsq = 49284 <-> 100.00 %
TIDE Frobenius norm of X-X^2 took      0.00 usr cpu s       0.00 sys cpu s       0.00 wall s
TIDE Mixed norm of X-X^2 took      0.00 usr cpu s       0.01 sys cpu s       0.00 wall s
TIDE Trace of X-X^2 took      0.00 usr cpu s       0.00 sys cpu s       0.00 wall s
INDE ||X-X^2||_F = 1.539811e+00 , ||X-X^2||_mixed = 1.043572e+00
INDE trace(X-X^2) = 1.273193e+01
INDE trace(X) = 3.513688e+01
INDE Checking stopping criterion...   
INDE Order of convergence cannot be computed
TIDE stopping_criterion took      0.00 usr cpu s       0.00 sys cpu s       0.00 wall s
TIDE Iteration 9 took      0.00 usr cpu s       0.03 sys cpu s       0.00 wall s
INDE     ITERATION 10 :
TIDE purify_X took      0.00 usr cpu s       0.00 sys cpu s       0.00 wall s
TIDE truncate_matrix took      0.00 usr cpu s       0.00 sys cpu s       0.00 wall s
INDE Actual introduced error   0.000000e+00 : nnz before  49284 <-> 100.00 % , nnz after  49284 <-> 100.00 %
TIDE square took      0.01 usr cpu s       0.01 sys cpu s       0.00 wall s
INDE NNZ Xsq = 49284 <-> 100.00 %
TIDE Frobenius norm of X-X^2 took      0.00 usr cpu s       0.00 sys cpu s       0.00 wall s
TIDE Mixed norm of X-X^2 took      0.00 usr cpu s       0.01 sys cpu s       0.00 wall s
TIDE Trace of X-X^2 took      0.00 usr cpu s       0.00 sys cpu s       0.00 wall s
INDE ||X-X^2||_F = 1.535726e+00 , ||X-X^2||_mixed = 1.008731e+00
INDE trace(X-X^2) = 1.407682e+01
INDE trace(X) = 4.786881e+01
INDE Checking stopping criterion...   
INDE Order of convergence cannot be computed
TIDE stopping_criterion took      0.00 usr cpu s       0.00 sys cpu s       0.00 wall s
TIDE Iteration 10 took      0.01 usr cpu s       0.02 sys cpu s       0.00 wall s
INDE     ITERATION 11 :
TIDE purify_X took      0.00 usr cpu s       0.00 sys cpu s       0.00 wall s
TIDE truncate_matrix took      0.00 usr cpu s       0.00 sys cpu s       0.00 wall s
INDE Actual introduced error   0.000000e+00 : nnz before  49284 <-> 100.00 % , nnz after  49284 <-> 100.00 %
TIDE square took      0.01 usr cpu s       0.01 sys cpu s       0.00 wall s
INDE NNZ Xsq = 49284 <-> 100.00 %
TIDE Frobenius norm of X-X^2 took      0.00 usr cpu s       0.00 sys cpu s       0.00 wall s
TIDE Mixed norm of X-X^2 took      0.00 usr cpu s       0.01 sys cpu s       0.00 wall s
TIDE Trace of X-X^2 took      0.00 usr cpu s       0.00 sys cpu s       0.00 wall s
INDE ||X-X^2||_F = 1.525284e+00 , ||X-X^2||_mixed = 1.054945e+00
INDE trace(X-X^2) = 1.394053e+01
INDE trace(X) = 6.194563e+01
INDE Checking stopping criterion...   
INDE Order of convergence cannot be computed
TIDE stopping_criterion took      0.00 usr cpu s       0.00 sys cpu s       0.00 wall s
TIDE Iteration 11 took      0.01 usr cpu s       0.02 sys cpu s       0.00 wall s
INDE     ITERATION 12 :
TIDE purify_X took      0.00 usr cpu s       0.00 sys cpu s       0.00 wall s
TIDE truncate_matrix took      0.00 usr cpu s       0.00 sys cpu s       0.00 wall s
INDE Actual introduced error   0.000000e+00 : nnz before  49284 <-> 100.00 % , nnz after  49284 <-> 100.00 %
TIDE square took      0.00 usr cpu s       0.01 sys cpu s       0.00 wall s
INDE NNZ Xsq = 49284 <-> 100.00 %
TIDE Frobenius norm of X-X^2 took      0.00 usr cpu s       0.00 sys cpu s       0.00 wall s
TIDE Mixed norm of X-X^2 took      0.00 usr cpu s       0.01 sys cpu s       0.00 wall s
TIDE Trace of X-X^2 took      0.00 usr cpu s       0.00 sys cpu s       0.00 wall s
INDE ||X-X^2||_F = 1.135336e+00 , ||X-X^2||_mixed = 7.831702e-01
INDE trace(X-X^2) = 8.882942e+00
INDE trace(X) = 4.800511e+01
INDE Checking stopping criterion...   
INDE Order of convergence cannot be computed
TIDE stopping_criterion took      0.00 usr cpu s       0.00 sys cpu s       0.00 wall s
TIDE Iteration 12 took      0.01 usr cpu s       0.03 sys cpu s       0.00 wall s
INDE     ITERATION 13 :
TIDE purify_X took      0.00 usr cpu s       0.00 sys cpu s       0.00 wall s
TIDE truncate_matrix took      0.00 usr cpu s       0.00 sys cpu s       0.00 wall s
INDE Actual introduced error   0.000000e+00 : nnz before  49284 <-> 100.00 % , nnz after  49284 <-> 100.00 %
TIDE square took      0.01 usr cpu s       0.01 sys cpu s       0.00 wall s
INDE NNZ Xsq = 49284 <-> 100.00 %
TIDE Frobenius norm of X-X^2 took      0.00 usr cpu s       0.00 sys cpu s       0.00 wall s
TIDE Mixed norm of X-X^2 took      0.00 usr cpu s       0.01 sys cpu s       0.00 wall s
TIDE Trace of X-X^2 took      0.00 usr cpu s       0.00 sys cpu s       0.00 wall s
INDE ||X-X^2||_F = 1.136394e+00 , ||X-X^2||_mixed = 8.313498e-01
INDE trace(X-X^2) = 7.039008e+00
INDE trace(X) = 3.912216e+01
INDE Checking stopping criterion...   
INDE Order of convergence cannot be computed
TIDE stopping_criterion took      0.00 usr cpu s       0.00 sys cpu s       0.00 wall s
TIDE Iteration 13 took      0.01 usr cpu s       0.02 sys cpu s       0.00 wall s
INDE     ITERATION 14 :
TIDE purify_X took      0.00 usr cpu s       0.00 sys cpu s       0.00 wall s
TIDE truncate_matrix took      0.00 usr cpu s       0.00 sys cpu s       0.00 wall s
INDE Actual introduced error   0.000000e+00 : nnz before  49284 <-> 100.00 % , nnz after  49284 <-> 100.00 %
TIDE square took      0.00 usr cpu s       0.01 sys cpu s       0.00 wall s
INDE NNZ Xsq = 49284 <-> 100.00 %
TIDE Frobenius norm of X-X^2 took      0.00 usr cpu s       0.00 sys cpu s       0.00 wall s
TIDE Mixed norm of X-X^2 took      0.00 usr cpu s       0.01 sys cpu s       0.00 wall s
TIDE Trace of X-X^2 took      0.00 usr cpu s       0.00 sys cpu s       0.00 wall s
INDE ||X-X^2||_F = 7.344782e-01 , ||X-X^2||_mixed = 5.416171e-01
INDE trace(X-X^2) = 4.672052e+00
INDE trace(X) = 4.616117e+01
INDE Checking stopping criterion...   
INDE e_i =5.416171e-01, C*e_{i-1}^q = 4.224302e+00
INDE Order of convergence = 10.404280, stop = 0
TIDE stopping_criterion took      0.00 usr cpu s       0.00 sys cpu s       0.00 wall s
TIDE Iteration 14 took      0.01 usr cpu s       0.02 sys cpu s       0.00 wall s
INDE     ITERATION 15 :
TIDE purify_X took      0.00 usr cpu s       0.00 sys cpu s       0.00 wall s
TIDE truncate_matrix took      0.00 usr cpu s       0.00 sys cpu s       0.00 wall s
INDE Actual introduced error   0.000000e+00 : nnz before  49284 <-> 100.00 % , nnz after  49284 <-> 100.00 %
TIDE square took      0.00 usr cpu s       0.01 sys cpu s       0.00 wall s
INDE NNZ Xsq = 49284 <-> 100.00 %
TIDE Frobenius norm of X-X^2 took      0.00 usr cpu s       0.00 sys cpu s       0.00 wall s
TIDE Mixed norm of X-X^2 took      0.00 usr cpu s       0.01 sys cpu s       0.00 wall s
TIDE Trace of X-X^2 took      0.00 usr cpu s       0.00 sys cpu s       0.00 wall s
INDE ||X-X^2||_F = 7.310291e-01 , ||X-X^2||_mixed = 5.527596e-01
INDE trace(X-X^2) = 3.796017e+00
INDE trace(X) = 5.083322e+01
INDE Checking stopping criterion...   
INDE Order of convergence cannot be computed
TIDE stopping_criterion took      0.00 usr cpu s       0.00 sys cpu s       0.00 wall s
TIDE Iteration 15 took      0.01 usr cpu s       0.02 sys cpu s       0.00 wall s
INDE     ITERATION 16 :
TIDE purify_X took      0.00 usr cpu s       0.00 sys cpu s       0.00 wall s
TIDE truncate_matrix took      0.00 usr cpu s       0.00 sys cpu s       0.00 wall s
INDE Actual introduced error   0.000000e+00 : nnz before  49284 <-> 100.00 % , nnz after  49284 <-> 100.00 %
TIDE square took      0.00 usr cpu s       0.02 sys cpu s       0.00 wall s
INDE NNZ Xsq = 49284 <-> 100.00 %
TIDE Frobenius norm of X-X^2 took      0.00 usr cpu s       0.00 sys cpu s       0.00 wall s
TIDE Mixed norm of X-X^2 took      0.00 usr cpu s       0.01 sys cpu s       0.00 wall s
TIDE Trace of X-X^2 took      0.00 usr cpu s       0.00 sys cpu s       0.00 wall s
INDE ||X-X^2||_F = 3.736116e-01 , ||X-X^2||_mixed = 3.052527e-01
INDE trace(X-X^2) = 1.819589e+00
INDE trace(X) = 4.703721e+01
INDE Checking stopping criterion...   
INDE e_i =3.052527e-01, C*e_{i-1}^q = 2.020354e+00
INDE Order of convergence = 5.082030, stop = 0
TIDE stopping_criterion took      0.00 usr cpu s       0.00 sys cpu s       0.00 wall s
TIDE Iteration 16 took      0.01 usr cpu s       0.03 sys cpu s       0.00 wall s
INDE     ITERATION 17 :
TIDE purify_X took      0.00 usr cpu s       0.00 sys cpu s       0.00 wall s
TIDE truncate_matrix took      0.00 usr cpu s       0.00 sys cpu s       0.00 wall s
INDE Actual introduced error   0.000000e+00 : nnz before  49284 <-> 100.00 % , nnz after  49284 <-> 100.00 %
TIDE square took      0.00 usr cpu s       0.02 sys cpu s       0.00 wall s
INDE NNZ Xsq = 49284 <-> 100.00 %
TIDE Frobenius norm of X-X^2 took      0.00 usr cpu s       0.00 sys cpu s       0.00 wall s
TIDE Mixed norm of X-X^2 took      0.01 usr cpu s       0.01 sys cpu s       0.00 wall s
TIDE Trace of X-X^2 took      0.00 usr cpu s       0.00 sys cpu s       0.00 wall s
INDE ||X-X^2||_F = 4.268797e-01 , ||X-X^2||_mixed = 3.695950e-01
INDE trace(X-X^2) = 1.694124e+00
INDE trace(X) = 4.521762e+01
INDE Checking stopping criterion...   
INDE Order of convergence cannot be computed
TIDE stopping_criterion took      0.00 usr cpu s       0.00 sys cpu s       0.00 wall s
TIDE Iteration 17 took      0.01 usr cpu s       0.03 sys cpu s       0.00 wall s
INDE     ITERATION 18 :
TIDE purify_X took      0.00 usr cpu s       0.00 sys cpu s       0.00 wall s
TIDE truncate_matrix took      0.00 usr cpu s       0.00 sys cpu s       0.00 wall s
INDE Actual introduced error   0.000000e+00 : nnz before  49284 <-> 100.00 % , nnz after  49284 <-> 100.00 %
TIDE square took      0.00 usr cpu s       0.01 sys cpu s       0.00 wall s
INDE NNZ Xsq = 49284 <-> 100.00 %
TIDE Frobenius norm of X-X^2 took      0.00 usr cpu s       0.00 sys cpu s       0.00 wall s
TIDE Mixed norm of X-X^2 took      0.00 usr cpu s       0.01 sys cpu s       0.00 wall s
TIDE Trace of X-X^2 took      0.00 usr cpu s       0.00 sys cpu s       0.00 wall s
INDE ||X-X^2||_F = 1.459562e-01 , ||X-X^2||_mixed = 1.341934e-01
INDE trace(X-X^2) = 4.663352e-01
INDE trace(X) = 4.691174e+01
INDE Checking stopping criterion...   
INDE e_i =1.341934e-01, C*e_{i-1}^q = 6.417439e-01
INDE Order of convergence = 3.318799, stop = 0
TIDE stopping_criterion took      0.00 usr cpu s       0.00 sys cpu s       0.00 wall s
TIDE Iteration 18 took      0.00 usr cpu s       0.03 sys cpu s       0.00 wall s
INDE     ITERATION 19 :
TIDE purify_X took      0.00 usr cpu s       0.00 sys cpu s       0.00 wall s
TIDE truncate_matrix took      0.00 usr cpu s       0.00 sys cpu s       0.00 wall s
INDE Actual introduced error   0.000000e+00 : nnz before  49284 <-> 100.00 % , nnz after  49284 <-> 100.00 %
TIDE square took      0.00 usr cpu s       0.01 sys cpu s       0.00 wall s
INDE NNZ Xsq = 49284 <-> 100.00 %
TIDE Frobenius norm of X-X^2 took      0.00 usr cpu s       0.00 sys cpu s       0.00 wall s
TIDE Mixed norm of X-X^2 took      0.00 usr cpu s       0.01 sys cpu s       0.00 wall s
TIDE Trace of X-X^2 took      0.00 usr cpu s       0.00 sys cpu s       0.00 wall s
INDE ||X-X^2||_F = 1.609213e-01 , ||X-X^2||_mixed = 1.526597e-01
INDE trace(X-X^2) = 3.767497e-01
INDE trace(X) = 4.737808e+01
INDE Checking stopping criterion...   
INDE Order of convergence cannot be computed
TIDE stopping_criterion took      0.00 usr cpu s       0.00 sys cpu s       0.00 wall s
TIDE Iteration 19 took      0.01 usr cpu s       0.03 sys cpu s       0.00 wall s
INDE     ITERATION 20 :
TIDE purify_X took      0.00 usr cpu s       0.00 sys cpu s       0.00 wall s
TIDE truncate_matrix took      0.00 usr cpu s       0.00 sys cpu s       0.00 wall s
INDE Actual introduced error   0.000000e+00 : nnz before  49284 <-> 100.00 % , nnz after  49284 <-> 100.00 %
TIDE square took      0.00 usr cpu s       0.01 sys cpu s       0.00 wall s
INDE NNZ Xsq = 49284 <-> 100.00 %
TIDE Frobenius norm of X-X^2 took      0.00 usr cpu s       0.00 sys cpu s       0.00 wall s
TIDE Mixed norm of X-X^2 took      0.00 usr cpu s       0.01 sys cpu s       0.00 wall s
TIDE Trace of X-X^2 took      0.00 usr cpu s       0.00 sys cpu s       0.00 wall s
INDE ||X-X^2||_F = 2.957299e-02 , ||X-X^2||_mixed = 2.827181e-02
INDE trace(X-X^2) = 6.381512e-02
INDE trace(X) = 4.700133e+01
INDE Checking stopping criterion...   
INDE e_i =2.827181e-02, C*e_{i-1}^q = 1.240239e-01
INDE Order of convergence = 2.736186, stop = 0
TIDE stopping_criterion took      0.00 usr cpu s       0.00 sys cpu s       0.00 wall s
TIDE Iteration 20 took      0.01 usr cpu s       0.02 sys cpu s       0.00 wall s
INDE     ITERATION 21 :
TIDE purify_X took      0.00 usr cpu s       0.00 sys cpu s       0.00 wall s
TIDE truncate_matrix took      0.00 usr cpu s       0.00 sys cpu s       0.00 wall s
INDE Actual introduced error   0.000000e+00 : nnz before  49284 <-> 100.00 % , nnz after  49284 <-> 100.00 %
TIDE square took      0.00 usr cpu s       0.02 sys cpu s       0.00 wall s
INDE NNZ Xsq = 49284 <-> 100.00 %
TIDE Frobenius norm of X-X^2 took      0.00 usr cpu s       0.00 sys cpu s       0.00 wall s
TIDE Mixed norm of X-X^2 took      0.00 usr cpu s       0.01 sys cpu s       0.00 wall s
TIDE Trace of X-X^2 took      0.00 usr cpu s       0.00 sys cpu s       0.00 wall s
INDE ||X-X^2||_F = 3.870712e-02 , ||X-X^2||_mixed = 3.857967e-02
INDE trace(X-X^2) = 6.190454e-02
INDE trace(X) = 4.693751e+01
INDE Checking stopping criterion...   
INDE Order of convergence cannot be computed
TIDE stopping_criterion took      0.00 usr cpu s       0.00 sys cpu s       0.00 wall s
TIDE Iteration 21 took      0.01 usr cpu s       0.03 sys cpu s       0.00 wall s
INDE     ITERATION 22 :
TIDE purify_X took      0.00 usr cpu s       0.00 sys cpu s       0.00 wall s
TIDE truncate_matrix took      0.00 usr cpu s       0.00 sys cpu s       0.00 wall s
INDE Actual introduced error   0.000000e+00 : nnz before  49284 <-> 100.00 % , nnz after  49284 <-> 100.00 %
TIDE square took      0.00 usr cpu s       0.01 sys cpu s       0.00 wall s
INDE NNZ Xsq = 49284 <-> 100.00 %
TIDE Frobenius norm of X-X^2 took      0.00 usr cpu s       0.00 sys cpu s       0.00 wall s
TIDE Mixed norm of X-X^2 took      0.00 usr cpu s       0.01 sys cpu s       0.00 wall s
TIDE Trace of X-X^2 took      0.00 usr cpu s       0.00 sys cpu s       0.00 wall s
INDE ||X-X^2||_F = 1.447070e-03 , ||X-X^2||_mixed = 1.400159e-03
INDE trace(X-X^2) = 2.589834e-03
INDE trace(X) = 4.699942e+01
INDE Checking stopping criterion...   
INDE e_i =1.400159e-03, C*e_{i-1}^q = 5.504906e-03
INDE Order of convergence = 2.383931, stop = 0
TIDE stopping_criterion took      0.00 usr cpu s       0.00 sys cpu s       0.00 wall s
TIDE Iteration 22 took      0.01 usr cpu s       0.02 sys cpu s       0.00 wall s
INDE     ITERATION 23 :
TIDE purify_X took      0.00 usr cpu s       0.00 sys cpu s       0.00 wall s
TIDE truncate_matrix took      0.00 usr cpu s       0.00 sys cpu s       0.00 wall s
INDE Actual introduced error   0.000000e+00 : nnz before  49284 <-> 100.00 % , nnz after  49284 <-> 100.00 %
TIDE square took      0.00 usr cpu s       0.01 sys cpu s       0.00 wall s
INDE NNZ Xsq = 49284 <-> 100.00 %
TIDE Frobenius norm of X-X^2 took      0.00 usr cpu s       0.00 sys cpu s       0.00 wall s
TIDE Mixed norm of X-X^2 took      0.00 usr cpu s       0.01 sys cpu s       0.00 wall s
TIDE Trace of X-X^2 took      0.00 usr cpu s       0.00 sys cpu s       0.00 wall s
INDE ||X-X^2||_F = 1.746647e-03 , ||X-X^2||_mixed = 1.745713e-03
INDE trace(X-X^2) = 2.006101e-03
INDE trace(X) = 4.700201e+01
INDE Checking stopping criterion...   
INDE Order of convergence cannot be computed
TIDE stopping_criterion took      0.00 usr cpu s       0.00 sys cpu s       0.00 wall s
TIDE Iteration 23 took      0.01 usr cpu s       0.02 sys cpu s       0.00 wall s
INDE     ITERATION 24 :
TIDE purify_X took      0.00 usr cpu s       0.00 sys cpu s       0.00 wall s
TIDE truncate_matrix took      0.00 usr cpu s       0.00 sys cpu s       0.00 wall s
INDE Actual introduced error   0.000000e+00 : nnz before  49284 <-> 100.00 % , nnz after  49284 <-> 100.00 %
TIDE square took      0.01 usr cpu s       0.01 sys cpu s       0.00 wall s
INDE NNZ Xsq = 49284 <-> 100.00 %
TIDE Frobenius norm of X-X^2 took      0.00 usr cpu s       0.00 sys cpu s       0.00 wall s
TIDE Mixed norm of X-X^2 took      0.00 usr cpu s       0.01 sys cpu s       0.00 wall s
TIDE Trace of X-X^2 took      0.00 usr cpu s       0.00 sys cpu s       0.00 wall s
INDE ||X-X^2||_F = 3.667932e-06 , ||X-X^2||_mixed = 3.555382e-06
INDE trace(X-X^2) = 5.724675e-06
INDE trace(X) = 4.700000e+01
INDE Checking stopping criterion...   
INDE e_i =3.555382e-06, C*e_{i-1}^q = 1.350197e-05
INDE Order of convergence = 2.203065, stop = 0
TIDE stopping_criterion took      0.00 usr cpu s       0.00 sys cpu s       0.00 wall s
TIDE Iteration 24 took      0.01 usr cpu s       0.02 sys cpu s       0.00 wall s
INDE     ITERATION 25 :
TIDE purify_X took      0.00 usr cpu s       0.00 sys cpu s       0.00 wall s
TIDE truncate_matrix took      0.00 usr cpu s       0.00 sys cpu s       0.00 wall s
INDE Actual introduced error   0.000000e+00 : nnz before  49284 <-> 100.00 % , nnz after  49284 <-> 100.00 %
TIDE square took      0.01 usr cpu s       0.01 sys cpu s       0.00 wall s
INDE NNZ Xsq = 49284 <-> 100.00 %
TIDE Frobenius norm of X-X^2 took      0.00 usr cpu s       0.00 sys cpu s       0.00 wall s
TIDE Mixed norm of X-X^2 took      0.00 usr cpu s       0.01 sys cpu s       0.00 wall s
TIDE Trace of X-X^2 took      0.00 usr cpu s       0.00 sys cpu s       0.00 wall s
INDE ||X-X^2||_F = 4.218441e-06 , ||X-X^2||_mixed = 4.215029e-06
INDE trace(X-X^2) = 5.326986e-06
INDE trace(X) = 4.699999e+01
INDE Checking stopping criterion...   
INDE Order of convergence cannot be computed
TIDE stopping_criterion took      0.00 usr cpu s       0.00 sys cpu s       0.00 wall s
TIDE Iteration 25 took      0.01 usr cpu s       0.02 sys cpu s       0.00 wall s
INDE     ITERATION 26 :
TIDE purify_X took      0.00 usr cpu s       0.00 sys cpu s       0.00 wall s
TIDE truncate_matrix took      0.00 usr cpu s       0.00 sys cpu s       0.00 wall s
INDE Actual introduced error   0.000000e+00 : nnz before  49284 <-> 100.00 % , nnz after  49284 <-> 100.00 %
TIDE square took      0.01 usr cpu s       0.01 sys cpu s       0.00 wall s
INDE NNZ Xsq = 49284 <-> 100.00 %
TIDE Frobenius norm of X-X^2 took      0.00 usr cpu s       0.00 sys cpu s       0.00 wall s
TIDE Mixed norm of X-X^2 took      0.00 usr cpu s       0.01 sys cpu s       0.00 wall s
TIDE Trace of X-X^2 took      0.00 usr cpu s       0.00 sys cpu s       0.00 wall s
INDE ||X-X^2||_F = 2.418291e-11 , ||X-X^2||_mixed = 2.338787e-11
INDE trace(X-X^2) = 3.579714e-11
INDE trace(X) = 4.700000e+01
INDE Checking stopping criterion...   
INDE e_i =2.338787e-11, C*e_{i-1}^q = 8.705931e-11
INDE Order of convergence = 2.104755, stop = 0
TIDE stopping_criterion took      0.00 usr cpu s       0.00 sys cpu s       0.00 wall s
TIDE Iteration 26 took      0.01 usr cpu s       0.02 sys cpu s       0.00 wall s
INDE     ITERATION 27 :
TIDE purify_X took      0.00 usr cpu s       0.00 sys cpu s       0.00 wall s
TIDE truncate_matrix took      0.00 usr cpu s       0.00 sys cpu s       0.00 wall s
INDE Actual introduced error   0.000000e+00 : nnz before  49284 <-> 100.00 % , nnz after  49284 <-> 100.00 %
TIDE square took      0.01 usr cpu s       0.01 sys cpu s       0.00 wall s
INDE NNZ Xsq = 49284 <-> 100.00 %
TIDE Frobenius norm of X-X^2 took      0.00 usr cpu s       0.00 sys cpu s       0.00 wall s
TIDE Mixed norm of X-X^2 took      0.00 usr cpu s       0.01 sys cpu s       0.00 wall s
TIDE Trace of X-X^2 took      0.00 usr cpu s       0.00 sys cpu s       0.00 wall s
INDE ||X-X^2||_F = 3.229338e-11 , ||X-X^2||_mixed = 3.229057e-11
INDE trace(X-X^2) = 3.559819e-11
INDE trace(X) = 4.700000e+01
INDE Checking stopping criterion...   
INDE e_i =3.229057e-11, C*e_{i-1}^q = 1.223612e-10
INDE Order of convergence = 2.107637, stop = 0
TIDE stopping_criterion took      0.00 usr cpu s       0.00 sys cpu s       0.00 wall s
TIDE Iteration 27 took      0.01 usr cpu s       0.02 sys cpu s       0.00 wall s
INDE     ITERATION 28 :
TIDE purify_X took      0.00 usr cpu s       0.00 sys cpu s       0.00 wall s
TIDE truncate_matrix took      0.00 usr cpu s       0.00 sys cpu s       0.00 wall s
INDE Actual introduced error   0.000000e+00 : nnz before  49284 <-> 100.00 % , nnz after  49284 <-> 100.00 %
TIDE square took      0.01 usr cpu s       0.01 sys cpu s       0.00 wall s
INDE NNZ Xsq = 49284 <-> 100.00 %
TIDE Frobenius norm of X-X^2 took      0.00 usr cpu s       0.00 sys cpu s       0.00 wall s
TIDE Mixed norm of X-X^2 took      0.00 usr cpu s       0.00 sys cpu s       0.00 wall s
TIDE Trace of X-X^2 took      0.00 usr cpu s       0.00 sys cpu s       0.00 wall s
INDE ||X-X^2||_F = 2.111158e-15 , ||X-X^2||_mixed = 0.000000e+00
INDE trace(X-X^2) = 0.000000e+00
INDE trace(X) = 4.700000e+01
INDE Checking stopping criterion...   
INDE ************************************************************************************************************
INDE The norm value went much below machine precision, therefore we stop here since n_max can be underestimated.
INDE ************************************************************************************************************
INDE e_i =0.000000e+00, C*e_{i-1}^q = 3.767247e-21
INDE Order of convergence = inf, stop = 1
TIDE stopping_criterion took      0.00 usr cpu s       0.00 sys cpu s       0.00 wall s
INDE PURIFICATION CONVERGED after 28 iterations
TIDE Iteration 28 took      0.01 usr cpu s       0.01 sys cpu s       0.00 wall s
INDE Number of non-zeros in D is  49284 <-> 100.00 %
TIDE FileWritable::writeAndReadAll took      0.00 usr cpu s       0.00 sys cpu s       0.00 wall s
INDE writeAndReadAll sizesStr: '0 MB (1 MatrixGeneral, 0 > 1 MB) + 0 MB (13 MatrixSymmetric, 0 > 1 MB) + 0 MB (2 VectorGeneral, 0 > 1 MB) = 0 MB (16 total, 0 > 1 MB)
INDE TOTAL accumulated subspace error is 0.000000e+00
INDE TOTAL X square time: 0.066114 wall s
INDE TOTAL X trunction time: 0.003306 wall s
INDE TOTAL X purify (exl. X^2 computation) time: 0.003218 wall s
INDE TOTAL time to get number of non-zero elements: 0.001069 wall s
INDE TOTAL time to get mixed norm: 0.043798 wall s
INDE TOTAL time to get Frobenius norm: 0.003664 wall s
INDE TOTAL time for stopping criterion: 0.001252 wall s
INDE TOTAL time to get matrix trace: 0.000583 wall s
INDE Estimated bounds for the eigenvalues for the Fock matrix:
INDE LUMO: [ 0.089620623204 , 0.142743783648 ]
INDE HOMO: [ -0.394963579214 , -0.342416506699 ]
TIDE eigenvalue_bounds_estimation() took      0.00 usr cpu s       0.00 sys cpu s       0.00 wall s
TIDE Recursive expansion took      0.35 usr cpu s       1.13 sys cpu s       0.19 wall s
TIDE Puri->PurificationStart() took      0.35 usr cpu s       1.13 sys cpu s       0.19 wall s
TIDE Accumulated wall times for writeToFile in PurificationStart()          : 0 s (MatrixGeneral) + 4.1e-06 s (MatrixSymmetric) + 7.4e-05 s (VectorGeneral) = 7.8e-05 s
TIDE Accumulated wall times for readFromFile in PurificationStart()         : 0 s (MatrixGeneral) + 0 s (MatrixSymmetric) + 2.2e-05 s (VectorGeneral) = 2.2e-05 s
TIDE Accumulated wall times for copy and assign in PurificationStart()      : 1.2e-06 s (MatrixSymmetric) + 3.7e-05 s (VectorGeneral) = 3.8e-05 s
INDE Number of calls to writeToFile in PurificationStart()                  : 2 (MatrixGeneral) + 27 (MatrixSymmetric) + 910 (VectorGeneral) = 939 
INDE Number of calls to readFromFile in PurificationStart()                 : 2 (MatrixGeneral) + 26 (MatrixSymmetric) + 351 (VectorGeneral) = 379 
INDE Number of calls to FileWritable copy and assign in PurificationStart() : 2 (MatrixSymmetric) + 30 (VectorGeneral) = 32 
TIDE mat::Gblas::time after purification :     0.873718
INDE Created .m files with results of the purification
INDE Purification converged OK, subspaceError <=          0.00000000000
INDE E(LUMO) - E(HOMO) >=          0.43203712990 =         11.75632927059 eV
INDE E(LUMO) - E(HOMO) <=          0.53770736286 =         14.63176280809 eV
INDE HOMO interval : [   -0.394963579214   -0.342416506699 ]
INDE LUMO interval : [    0.089620623204    0.142743783648 ]
INDE Trace of resulting density matrix is         47.00000000000, error is  -0.00000000000001.
INDE Truncated D_ort ( mixed ), selected threshold = 9.99999e-08, returned error =          0, nnz before = 49284 <-> 100.0000 %, nnz after = 49284 <-> 100.0000 %
TIDE FileWritable::writeAndReadAll took      0.00 usr cpu s       0.00 sys cpu s       0.00 wall s
INDE writeAndReadAll sizesStr: '0 MB (1 MatrixGeneral, 0 > 1 MB) + 0 MB (12 MatrixSymmetric, 0 > 1 MB) + 0 MB (1 MatrixTriangular, 0 > 1 MB) = 0 MB (14 total, 0 > 1 MB)
TIDE D_w to non-orthogonal basis took      0.00 usr cpu s       0.01 sys cpu s       0.00 wall s
INDE Truncated D_S (eucl with Z), selected threshold = 9.99999e-08, returned error =          0, nnz before = 100.0000 %, nnz after = 100.0000 %
INDE get_dens_from_fock_sparse ending OK
TIDE get_dens_from_fock_sparse took      0.45 usr cpu s       1.49 sys cpu s       0.25 wall s
ERDE get_dens_from_fock  (GetDensFromFock class) : purification finished OK.
TIDE get_dens_from_fock took      0.45 usr cpu s       1.49 sys cpu s       0.25 wall s
INSC Matrix 'new density matrix' ( symm ): n =    222, nnz =        49284 <-> 100.00 %, mem usage  0.0002 G
INSC Tr( D * S ) =         94.00000000000
TISC get_new_density_matrix took      0.45 usr cpu s       1.49 sys cpu s       0.25 wall s
INSC SCF_restricted::report_density_difference, diff_eucl =          0.00011139425
TISC SCF_restricted::report_density_difference took      0.02 usr cpu s       0.06 sys cpu s       0.01 wall s
INMA ddf_writeShellListAndDensityMatricesToFile_sparse, n =    222, densityMatrixList[0].nvalues =       24753
INMA opened temporary file 'density.bin.06yHyI' for writing
INMA Choosing matrixStorageType = MATRIX_STORAGE_TYPE_TRIANGLE.
INMA fileSize =          252744 bytes =      0.253 MegaBytes
INMA renamed file 'density.bin.06yHyI' to 'density.bin'
INMA ddf_writeShellListAndDensityMatricesToFile_sparse freeing buffer.
INMA ddf_writeShellListAndDensityMatricesToFile_sparse returning OK.
TISC write_density_to_file took      0.01 usr cpu s       0.06 sys cpu s       0.01 wall s
INSC SCF cycle  11 finished.
TISC SCF cycle  11 took    170.06 usr cpu s       2.43 sys cpu s      31.45 wall s
INSC Beginning of SCF cycle 12:  Thu Mar 26 20:06:34 2026
INDE compute_J_by_boxes_sparse() start.
TIDE FileWritable::writeAndReadAll took      0.00 usr cpu s       0.00 sys cpu s       0.00 wall s
INDE writeAndReadAll: '0 MB (1 MatrixGeneral, 0 > 1 MB) + 0 MB (11 MatrixSymmetric, 0 > 1 MB) = 0 MB (12 total, 0 > 1 MB)
IN   compute_J_by_boxes_sparse, maxDensityMatrixElement =          2.08715484000
ININ get_basis_func_pair_list, n =    222
ININ create_box_system end OK, toplevelBoxSize:   7.0, #levels:  3, #boxes at top level:      6
TIIN get_basis_func_pair_list_2el took      0.21 usr cpu s       0.41 sys cpu s       0.13 wall s
IN   compute_J_by_boxes_sparse: noOfBasisFuncIndexPairs = 21264 ==> storing  43.15 % of a full matrix
ININ entering compute_J_by_boxes_linear, no of basis funcs =   222, threshold_J =   1e-12
ININ use_fmm = 1, fmm_box_size =   5.00
TIIN Compute extent for all distrs took      0.26 usr cpu s       0.00 sys cpu s       0.26 wall s
ININ extent_min =    0.000, extent_max =    8.988
ININ Creating list of distributions etc done, distrCount =    208583
TIIN Creating list of distributions etc took      0.40 usr cpu s       0.00 sys cpu s       0.40 wall s
ININ create_box_system end OK, toplevelBoxSize:   5.0, #levels:  3, #boxes at top level:     10
TIIN Creating boxes took      0.02 usr cpu s       0.00 sys cpu s       0.02 wall s
ININ noOfBranches = 4, splitters:   5.00  2.50  0.00
ININ J org done, groupCount =     7861
TIIN J org took      0.82 usr cpu s       0.00 sys cpu s       0.82 wall s
TIIN Generate group multipoles took      0.37 usr cpu s       0.00 sys cpu s       0.37 wall s
ININ totChargeWholeSystem =          0.00000000000
ININ Generating multipole for each branch at top level, MAX_MULTIPOLE_DEGREE = 15
TIIN Translate multipoles (step 1) took      0.25 usr cpu s       0.00 sys cpu s       0.25 wall s
TIIN Translate multipoles (step 2) took      0.06 usr cpu s       0.00 sys cpu s       0.06 wall s
ININ job lists for J created OK, noOfJobs_J_standard =      789, noOfJobs_J_multipole =       62
TIIN Creating job lists for J took      0.00 usr cpu s       0.00 sys cpu s       0.00 wall s
ININ execute_joblist_J_std_threaded, noOfThreads =  8
ININ 8 threads started OK.
ININ all 8 threads have finished.
TIIN execute_joblist_J_std_threaded took     57.81 usr cpu s       0.04 sys cpu s       9.23 wall s
TIIN sort_list_of_multipole_jobs init part took      0.00 usr cpu s       0.00 sys cpu s       0.00 wall s
TIIN sort_list_of_multipole_jobs complete took      0.00 usr cpu s       0.00 sys cpu s       0.00 wall s
TIIN sort_list_of_multipole_jobs took      0.00 usr cpu s       0.00 sys cpu s       0.00 wall s
ININ execute_joblist_J_fmm_shared: Allocating multipoleList_4, maxnoOfMinimalDistrsPerBoxBranch =     49239
ININ execute_joblist_J_fmm_shared: Allocating multipoleList_4, maxnoOfMinimalDistrsPerBoxBranch =     49239
ININ execute_joblist_J_fmm_shared: jobIndexLo =            0, jobIndexHi =            7
ININ execute_joblist_J_fmm_shared: jobIndexLo =           15, jobIndexHi =           23
ININ execute_joblist_J_fmm_shared: Allocating multipoleList_4, maxnoOfMinimalDistrsPerBoxBranch =     49239
ININ execute_joblist_J_fmm_shared: Allocating multipoleList_4, maxnoOfMinimalDistrsPerBoxBranch =     49239
ININ execute_joblist_J_fmm_shared: jobIndexLo =           23, jobIndexHi =           31
ININ execute_joblist_J_fmm_shared: jobIndexLo =            7, jobIndexHi =           15
ININ execute_joblist_J_fmm_shared: Allocating multipoleList_4, maxnoOfMinimalDistrsPerBoxBranch =     49239
ININ execute_joblist_J_fmm_shared: jobIndexLo =           31, jobIndexHi =           38
ININ execute_joblist_J_fmm_shared: Allocating multipoleList_4, maxnoOfMinimalDistrsPerBoxBranch =     49239
ININ execute_joblist_J_fmm_shared: jobIndexLo =           38, jobIndexHi =           46
ININ execute_joblist_J_fmm_shared: Allocating multipoleList_4, maxnoOfMinimalDistrsPerBoxBranch =     49239
ININ execute_joblist_J_fmm_shared: jobIndexLo =           46, jobIndexHi =           54
ININ execute_joblist_J_fmm_shared: Allocating multipoleList_4, maxnoOfMinimalDistrsPerBoxBranch =     49239
ININ execute_joblist_J_fmm_shared: jobIndexLo =           54, jobIndexHi =           62
ININ execute_joblist_J_fmm_shared: done!
ININ execute_joblist_J_fmm_shared: done!
ININ execute_joblist_J_fmm_shared: done!
ININ execute_joblist_J_fmm_shared: done!
ININ execute_joblist_J_fmm_shared: done!
ININ execute_joblist_J_fmm_shared: done!
ININ execute_joblist_J_fmm_shared: done!
ININ execute_joblist_J_fmm_shared: done!
ININ multipole job list for J executed, largest L used: 12
TIIN Executing multipole job list for J took      0.27 usr cpu s       0.00 sys cpu s       0.10 wall s
ININ compute_J_by_boxes_linear ending OK.
TIIN compute_J_by_boxes_linear took     60.01 usr cpu s       0.04 sys cpu s      11.26 wall s
TI   compute_J_by_boxes_sparse total took     60.22 usr cpu s       0.45 sys cpu s      11.39 wall s
ININ entering create_CSR_for_K, no of basis funcs =   222, threshold_K =   1e-12
ININ create_box_system end OK, toplevelBoxSize:   7.0, #levels:  3, #boxes at top level:      6
ININ create_box_system end OK, toplevelBoxSize:   7.0, #levels:  3, #boxes at top level:      6
ININ create_box_system end OK, toplevelBoxSize:   7.0, #levels:  3, #boxes at top level:      6
TIIN create_CSR_for_K getting list of distrs took      0.26 usr cpu s       0.00 sys cpu s       0.26 wall s
ININ list of neighbors complete.
TIIN create_CSR_for_K getting list of neighbors took      0.00 usr cpu s       0.00 sys cpu s       0.00 wall s
TIIN create_CSR_for_K sort each list of neighbors took      0.02 usr cpu s       0.00 sys cpu s       0.02 wall s
ININ 8 threads started OK.
TIIN identify_needed_elements() took     68.80 usr cpu s       0.03 sys cpu s       8.93 wall s
ININ computing nnz..
ININ create_CSR_for_K: predicted nnz =        24753, <->  50.23% of a full matrix
TIIN create_CSR_for_K last part took      0.00 usr cpu s       0.00 sys cpu s       0.00 wall s
TIIN create_CSR_for_K total took     69.08 usr cpu s       0.03 sys cpu s       9.21 wall s
ININ entering compute_K_by_boxes, no of basis funcs =   222, threshold_K =   1e-12, exchange_box_size =   5.00
ININ create_box_system end OK, toplevelBoxSize:   7.0, #levels:  3, #boxes at top level:      6
ININ create_box_system end OK, toplevelBoxSize:   7.0, #levels:  3, #boxes at top level:      6
ININ create_box_system end OK, toplevelBoxSize:   7.0, #levels:  3, #boxes at top level:      6
TIIN Compute extent for all distrs took      0.26 usr cpu s       0.00 sys cpu s       0.26 wall s
ININ Creating list of distributions done, distrCountTot =    208583
TIIN Creating list of distributions took      0.44 usr cpu s       0.00 sys cpu s       0.44 wall s
ININ create_box_system end OK, toplevelBoxSize:   5.0, #levels:  3, #boxes at top level:     10
ININ create_box_system end OK, toplevelBoxSize:   2.5, #levels:  4, #boxes at top level:     16
ININ noOfLevelsBasisFuncs = 4, noOfLevelsDiff = 1
TIIN Creating boxes etc took      0.02 usr cpu s       0.00 sys cpu s       0.02 wall s
TIIN getting multipoleNormVectorList took      0.43 usr cpu s       0.00 sys cpu s       0.43 wall s
TIIN K organize_distributions for all boxes took      0.89 usr cpu s       0.00 sys cpu s       0.89 wall s
ININ starting loop to setup basisFuncGroupInfoList, with added index checks.
TIIN GetLimitsAllLevels took      0.17 usr cpu s       0.00 sys cpu s       0.17 wall s
ININ getDmatLimitMatrixCSRList start.
TIIN getting densityMatrixLimitMatrixList took      0.01 usr cpu s       0.00 sys cpu s       0.01 wall s
ININ job list for K created,       55 jobs
TIIN creating job list for K took      0.00 usr cpu s       0.00 sys cpu s       0.00 wall s
ININ execute_joblist_K_threaded, noOfThreads =  8, basisFuncListCount_max =   207
ININ 8 threads started OK.
ININ all 8 threads have finished, took        8 wall s.
TIIN Executing job list for K took     37.54 usr cpu s       0.01 sys cpu s       8.60 wall s
TIIN compute_K_by_boxes took     39.51 usr cpu s       0.01 sys cpu s      10.57 wall s
TI   compute_K_by_boxes_sparse total took    108.60 usr cpu s       0.04 sys cpu s      19.80 wall s
INSC About to truncate FockMatrix, gap of Fprev >=          0.43203712990
TISC symmMatrix::mixed_diff for F vs Fprev maxEigValMovement_mixed took      0.00 usr cpu s       0.00 sys cpu s       0.00 wall s
TISC symmMatrix::eucl_diff for maxEigValMovement_eucl  took      0.02 usr cpu s       0.05 sys cpu s       0.01 wall s
INSC maxEigValMovement_frob  =          0.00013724922
INSC maxEigValMovement_mixed =          0.00010282757
INSC maxEigValMovement_eucl  =          0.00005082159
TISC FockMatrix.eucl_thresh() (with Z) took      0.03 usr cpu s       0.12 sys cpu s       0.03 wall s
INSC Truncated FockMatrix (eucl with Z), selected threshold = 4.31935e-08, returned error =          0, nnz before = 100.0000 %, nnz after = 100.0000 %
INSC Matrix 'S' ( symm ): n =    222, nnz =        49284 <-> 100.00 %, mem usage  0.0002 G
INSC Matrix 'F' ( symm ): n =    222, nnz =        49284 <-> 100.00 %, mem usage  0.0002 G
INSC Matrix 'D' ( symm ): n =    222, nnz =        49284 <-> 100.00 %, mem usage  0.0002 G
INSC nuclearEnergy, energy_2el, energy = 782.160484, 1007.739935, -644.961410
INSC Energy  12 =       -644.96140962017  ( diff     -0.000000010681106 )
INSC calling compute_FDSminusSDF_sparse, n = 222
INDE compute_FDSminusSDF_sparse() start.
TIDE FileWritable::writeAndReadAll took      0.00 usr cpu s       0.00 sys cpu s       0.00 wall s
INDE writeAndReadAll: '0 MB (1 MatrixGeneral, 0 > 1 MB) + 0 MB (9 MatrixSymmetric, 0 > 1 MB) = 0 MB (10 total, 0 > 1 MB)
TISC compute_FDSminusSDF_sparse, F*D mult took      0.02 usr cpu s       0.03 sys cpu s       0.01 wall s
INSC Matrix 'FD before eucl truncation' (normal): n =    222, nnz =        49284 <-> 100.00 %, mem usage  0.0004 G
INSC Matrix 'FD after  eucl truncation' (normal): n =    222, nnz =        49284 <-> 100.00 %, mem usage  0.0004 G
INSC Matrix 'FDS before eucl truncation' (normal): n =    222, nnz =        49284 <-> 100.00 %, mem usage  0.0004 G
INSC Matrix 'FDS after  eucl truncation' (normal): n =    222, nnz =        49284 <-> 100.00 %, mem usage  0.0004 G
INSC compute_FDSminusSDF_sparse ending OK.
TISC compute_FDSminusSDF_sparse took      0.05 usr cpu s       0.09 sys cpu s       0.02 wall s
INSC Matrix 'FDS-SDF' (normal): n =    222, nnz =        49284 <-> 100.00 %, mem usage  0.0004 G
INSC SCF_restricted::get_FDSminusSDF finished.
TISC get_FDSminusSDF took      0.05 usr cpu s       0.09 sys cpu s       0.02 wall s
INSC maxabs FDS-SDF is 1.35e-05
INSC frob   FDS-SDF is 0.000107
TISC get_error_measure took      0.00 usr cpu s       0.00 sys cpu s       0.00 wall s
INSC entering DIISManagerRestricted::AddIterationToList, IterCount = 10
INSC DIISManagerRestricted::AddIterationToList ending OK.
TISC DIISManagerRestricted::AddIterationToList took      0.01 usr cpu s       0.01 sys cpu s       0.00 wall s
INSC using DIIS to get combined Fock matrix, number of iters used for DIIS: 10
TISC clear_error_matrices took      0.00 usr cpu s       0.00 sys cpu s       0.00 wall s
TISC save_current_fock_as_fprev took      0.00 usr cpu s       0.00 sys cpu s       0.00 wall s
INDE get_dens_from_fock_general, n = 222, use_diagonalization = 0, use_diag_on_error = 1
INDE Before writeAndReadAll(): AllocatorManager statistics:  noOfRealsPerBuffer: 1024 noOfBuffers: 20000 list.size(): 1. Allocated: 0.164 GB, Used: 0.00673 GB, Peak alloc: 0.164 GB.
TIDE FileWritable::writeAndReadAll took      0.00 usr cpu s       0.00 sys cpu s       0.00 wall s
INDE writeAndReadAll sizesStr: '0 MB (1 MatrixGeneral, 0 > 1 MB) + 0 MB (7 MatrixSymmetric, 0 > 1 MB) = 0 MB (8 total, 0 > 1 MB)
INDE After writeAndReadAll(): AllocatorManager statistics:  noOfRealsPerBuffer: 1024 noOfBuffers: 20000 list.size(): 1. Allocated: 0.164 GB, Used: 0.00673 GB, Peak alloc: 0.164 GB.
INDE calling get_dens_from_fock_sparse, n =    222, subspaceErrorLimit = 1e-06
INDE get_dens_from_fock_sparse() start!
INDE After F.readFromFile(): AllocatorManager statistics:  noOfRealsPerBuffer: 1024 noOfBuffers: 20000 list.size(): 1. Allocated: 0.164 GB, Used: 0.00673 GB, Peak alloc: 0.164 GB.
INDE After creating wrapper MatrixType F_w(F): AllocatorManager statistics:  noOfRealsPerBuffer: 1024 noOfBuffers: 20000 list.size(): 1. Allocated: 0.164 GB, Used: 0.00691 GB, Peak alloc: 0.164 GB.
TIDE  F_w to orthogonal basis took      0.00 usr cpu s       0.01 sys cpu s       0.00 wall s
TIDE MatrixType::mixed_diff for maxEigValMovement_mixed took      0.00 usr cpu s       0.01 sys cpu s       0.00 wall s
TIDE symmMatrixWrap::eucl_diff for maxEigValMovement_eucl  took      0.04 usr cpu s       0.17 sys cpu s       0.03 wall s
INDE maxEigValMovement_frob  =          0.00010328578
INDE maxEigValMovement_mixed =          0.00007450589
INDE maxEigValMovement_eucl  =          0.00002327931
INDE lumo before truncation: [ 0.089597343893 , 0.142767062959 ]
INDE homo before truncation: [ -0.394986858524 , -0.342393227388 ]
INDE Truncate matrix F and update intervals for homo and lumo.
INDE Truncating F_ort ( mixed ), selected threshold = 4.31991e-08
INDE Truncated F_ort ( mixed ), selected threshold = 4.31991e-08, returned error =          0, nnz before = 100.0000 %, nnz after = 100.0000 %
TIDE Truncation of F_ort took      0.00 usr cpu s       0.00 sys cpu s       0.00 wall s
INDE Chosen Ergo Wrapper
INDE Creating purification object: N = 222 , nocc = 47 , NNZ = 49284  <-> 100.00000 %
INDE Chosen norm for the truncation: 
INDE mixed
INDE Chosen norm for the stopping criterion: 
INDE mixed
INDE Chosen the NEW stopping criterion.
INDE Allowed error in subspace 7.000000e-07
INDE Chosen SP2 purification method
INDE calling Puri->PurificationStart(), number of threads = 1, trunc norm 'mixed'
TIDE gershgorin took      0.00 usr cpu s       0.00 sys cpu s       0.00 wall s
INDE Gershgorin bounds: [ -35.722153255462 , 17.120605553271 ]
INDE EXPANDED Gershgorin bounds: [ -35.722153270363 , 17.120605568172 ]
INDE Trying to impove bounds using Lanczos algorithm...
TIDE compute_spectrum_bounds took      0.11 usr cpu s       0.38 sys cpu s       0.06 wall s
INDE Spectrum of F: 	 [ -20.624836225656 , 4.255870321711 ]
INDE Transform homo and lumo bounds...
INDE HOMO bounds of X: 	 [ 0.184812418423 , 0.186926250321 ]
INDE LUMO bounds of X: 	 [ 0.165312960503 , 0.167449946403 ]
INDE INIT LUMO: [ 0.165312960503 , 0.167449946403 ]
INDE INIT HOMO: [ 0.813073749679 , 0.815187581577 ]
INDE ESTIMATED NUMBER OF ITERATIONS IS 28
INDE Put eigenvalues of F to the interval [0,1] in reverse order.
TIDE compute_X() took      0.00 usr cpu s       0.00 sys cpu s       0.00 wall s
TIDE prepare_to_purification() took      0.11 usr cpu s       0.39 sys cpu s       0.06 wall s
INDE (EIGV,PARAMS) Requested 0 occipied eigenpair(s).
INDE (EIGV,PARAMS) Requested 0 unoccipied eigenpair(s).
TIDE prepare_to_purification_eigenvectors() took      0.00 usr cpu s       0.00 sys cpu s       0.00 wall s
INDE Starting recursive expansion
INDE     BEFORE ITERATIONS:
TIDE truncate_matrix took      0.00 usr cpu s       0.00 sys cpu s       0.00 wall s
INDE Actual introduced error   0.000000e+00 : nnz before  49284 <-> 100.00 % , nnz after  49284 <-> 100.00 %
TIDE square took      0.01 usr cpu s       0.01 sys cpu s       0.00 wall s
INDE NNZ Xsq = 49284 <-> 100.00 %
TIDE Frobenius norm of X-X^2 took      0.00 usr cpu s       0.00 sys cpu s       0.00 wall s
TIDE Mixed norm of X-X^2 took      0.00 usr cpu s       0.01 sys cpu s       0.00 wall s
TIDE Trace of X-X^2 took      0.00 usr cpu s       0.00 sys cpu s       0.00 wall s
INDE ||X-X^2||_F = 1.696456e+00 , ||X-X^2||_mixed = 8.697835e-01
INDE trace(X-X^2) = 2.268037e+01
INDE trace(X) = 3.353586e+01
TIDE Iteration 0 took      0.01 usr cpu s       0.02 sys cpu s       0.00 wall s
TIDE FileWritable::writeAndReadAll took      0.00 usr cpu s       0.00 sys cpu s       0.00 wall s
INDE writeAndReadAll sizesStr: '0 MB (1 MatrixGeneral, 0 > 1 MB) + 0 MB (13 MatrixSymmetric, 0 > 1 MB) + 0 MB (2 VectorGeneral, 0 > 1 MB) = 0 MB (16 total, 0 > 1 MB)
INDE     ITERATION 1 :
TIDE purify_X took      0.00 usr cpu s       0.00 sys cpu s       0.00 wall s
TIDE truncate_matrix took      0.00 usr cpu s       0.00 sys cpu s       0.00 wall s
INDE Actual introduced error   0.000000e+00 : nnz before  49284 <-> 100.00 % , nnz after  49284 <-> 100.00 %
TIDE square took      0.00 usr cpu s       0.01 sys cpu s       0.00 wall s
INDE NNZ Xsq = 49284 <-> 100.00 %
TIDE Frobenius norm of X-X^2 took      0.00 usr cpu s       0.00 sys cpu s       0.00 wall s
TIDE Mixed norm of X-X^2 took      0.00 usr cpu s       0.01 sys cpu s       0.00 wall s
TIDE Trace of X-X^2 took      0.00 usr cpu s       0.00 sys cpu s       0.00 wall s
INDE ||X-X^2||_F = 2.452788e+00 , ||X-X^2||_mixed = 1.227597e+00
INDE trace(X-X^2) = 3.418995e+01
INDE trace(X) = 5.621623e+01
TIDE Iteration 1 took      0.01 usr cpu s       0.03 sys cpu s       0.00 wall s
INDE     ITERATION 2 :
TIDE purify_X took      0.00 usr cpu s       0.00 sys cpu s       0.00 wall s
TIDE truncate_matrix took      0.00 usr cpu s       0.00 sys cpu s       0.00 wall s
INDE Actual introduced error   0.000000e+00 : nnz before  49284 <-> 100.00 % , nnz after  49284 <-> 100.00 %
TIDE square took      0.00 usr cpu s       0.01 sys cpu s       0.00 wall s
INDE NNZ Xsq = 49284 <-> 100.00 %
TIDE Frobenius norm of X-X^2 took      0.00 usr cpu s       0.00 sys cpu s       0.00 wall s
TIDE Mixed norm of X-X^2 took      0.00 usr cpu s       0.01 sys cpu s       0.00 wall s
TIDE Trace of X-X^2 took      0.00 usr cpu s       0.00 sys cpu s       0.00 wall s
INDE ||X-X^2||_F = 3.128785e+00 , ||X-X^2||_mixed = 1.495112e+00
INDE trace(X-X^2) = 4.422264e+01
INDE trace(X) = 9.040618e+01
INDE Checking stopping criterion...   
INDE Order of convergence cannot be computed
TIDE stopping_criterion took      0.00 usr cpu s       0.00 sys cpu s       0.00 wall s
TIDE Iteration 2 took      0.01 usr cpu s       0.03 sys cpu s       0.00 wall s
INDE     ITERATION 3 :
TIDE purify_X took      0.00 usr cpu s       0.00 sys cpu s       0.00 wall s
TIDE truncate_matrix took      0.00 usr cpu s       0.00 sys cpu s       0.00 wall s
INDE Actual introduced error   0.000000e+00 : nnz before  49284 <-> 100.00 % , nnz after  49284 <-> 100.00 %
TIDE square took      0.00 usr cpu s       0.01 sys cpu s       0.00 wall s
INDE NNZ Xsq = 49284 <-> 100.00 %
TIDE Frobenius norm of X-X^2 took      0.00 usr cpu s       0.00 sys cpu s       0.00 wall s
TIDE Mixed norm of X-X^2 took      0.00 usr cpu s       0.01 sys cpu s       0.00 wall s
TIDE Trace of X-X^2 took      0.00 usr cpu s       0.00 sys cpu s       0.00 wall s
INDE ||X-X^2||_F = 2.042920e+00 , ||X-X^2||_mixed = 1.140106e+00
INDE trace(X-X^2) = 2.593177e+01
INDE trace(X) = 4.618354e+01
INDE Checking stopping criterion...   
INDE Order of convergence cannot be computed
TIDE stopping_criterion took      0.00 usr cpu s       0.00 sys cpu s       0.00 wall s
TIDE Iteration 3 took      0.01 usr cpu s       0.02 sys cpu s       0.00 wall s
INDE     ITERATION 4 :
TIDE purify_X took      0.00 usr cpu s       0.00 sys cpu s       0.00 wall s
TIDE truncate_matrix took      0.00 usr cpu s       0.00 sys cpu s       0.00 wall s
INDE Actual introduced error   0.000000e+00 : nnz before  49284 <-> 100.00 % , nnz after  49284 <-> 100.00 %
TIDE square took      0.01 usr cpu s       0.01 sys cpu s       0.00 wall s
INDE NNZ Xsq = 49284 <-> 100.00 %
TIDE Frobenius norm of X-X^2 took      0.00 usr cpu s       0.00 sys cpu s       0.00 wall s
TIDE Mixed norm of X-X^2 took      0.00 usr cpu s       0.01 sys cpu s       0.00 wall s
TIDE Trace of X-X^2 took      0.00 usr cpu s       0.00 sys cpu s       0.00 wall s
INDE ||X-X^2||_F = 2.694209e+00 , ||X-X^2||_mixed = 1.436982e+00
INDE trace(X-X^2) = 3.563246e+01
INDE trace(X) = 7.211531e+01
INDE Checking stopping criterion...   
INDE Order of convergence cannot be computed
TIDE stopping_criterion took      0.00 usr cpu s       0.00 sys cpu s       0.00 wall s
TIDE Iteration 4 took      0.01 usr cpu s       0.02 sys cpu s       0.00 wall s
INDE     ITERATION 5 :
TIDE purify_X took      0.00 usr cpu s       0.00 sys cpu s       0.00 wall s
TIDE truncate_matrix took      0.00 usr cpu s       0.00 sys cpu s       0.00 wall s
INDE Actual introduced error   0.000000e+00 : nnz before  49284 <-> 100.00 % , nnz after  49284 <-> 100.00 %
TIDE square took      0.00 usr cpu s       0.02 sys cpu s       0.00 wall s
INDE NNZ Xsq = 49284 <-> 100.00 %
TIDE Frobenius norm of X-X^2 took      0.00 usr cpu s       0.00 sys cpu s       0.00 wall s
TIDE Mixed norm of X-X^2 took      0.00 usr cpu s       0.01 sys cpu s       0.00 wall s
TIDE Trace of X-X^2 took      0.00 usr cpu s       0.00 sys cpu s       0.00 wall s
INDE ||X-X^2||_F = 2.829640e+00 , ||X-X^2||_mixed = 1.489638e+00
INDE trace(X-X^2) = 3.867141e+01
INDE trace(X) = 1.077478e+02
INDE Checking stopping criterion...   
INDE Order of convergence cannot be computed
TIDE stopping_criterion took      0.00 usr cpu s       0.00 sys cpu s       0.00 wall s
TIDE Iteration 5 took      0.00 usr cpu s       0.03 sys cpu s       0.00 wall s
INDE     ITERATION 6 :
TIDE purify_X took      0.00 usr cpu s       0.00 sys cpu s       0.00 wall s
TIDE truncate_matrix took      0.00 usr cpu s       0.00 sys cpu s       0.00 wall s
INDE Actual introduced error   0.000000e+00 : nnz before  49284 <-> 100.00 % , nnz after  49284 <-> 100.00 %
TIDE square took      0.00 usr cpu s       0.02 sys cpu s       0.00 wall s
INDE NNZ Xsq = 49284 <-> 100.00 %
TIDE Frobenius norm of X-X^2 took      0.00 usr cpu s       0.00 sys cpu s       0.00 wall s
TIDE Mixed norm of X-X^2 took      0.00 usr cpu s       0.01 sys cpu s       0.00 wall s
TIDE Trace of X-X^2 took      0.00 usr cpu s       0.00 sys cpu s       0.00 wall s
INDE ||X-X^2||_F = 2.431514e+00 , ||X-X^2||_mixed = 1.395156e+00
INDE trace(X-X^2) = 2.987918e+01
INDE trace(X) = 6.907636e+01
INDE Checking stopping criterion...   
INDE Order of convergence cannot be computed
TIDE stopping_criterion took      0.00 usr cpu s       0.00 sys cpu s       0.00 wall s
TIDE Iteration 6 took      0.01 usr cpu s       0.03 sys cpu s       0.00 wall s
INDE     ITERATION 7 :
TIDE purify_X took      0.00 usr cpu s       0.00 sys cpu s       0.00 wall s
TIDE truncate_matrix took      0.00 usr cpu s       0.00 sys cpu s       0.00 wall s
INDE Actual introduced error   0.000000e+00 : nnz before  49284 <-> 100.00 % , nnz after  49284 <-> 100.00 %
TIDE square took      0.00 usr cpu s       0.02 sys cpu s       0.00 wall s
INDE NNZ Xsq = 49284 <-> 100.00 %
TIDE Frobenius norm of X-X^2 took      0.00 usr cpu s       0.00 sys cpu s       0.00 wall s
TIDE Mixed norm of X-X^2 took      0.00 usr cpu s       0.03 sys cpu s       0.00 wall s
TIDE Trace of X-X^2 took      0.00 usr cpu s       0.00 sys cpu s       0.00 wall s
INDE ||X-X^2||_F = 1.752192e+00 , ||X-X^2||_mixed = 1.119077e+00
INDE trace(X-X^2) = 1.729573e+01
INDE trace(X) = 3.919718e+01
INDE Checking stopping criterion...   
INDE Order of convergence cannot be computed
TIDE stopping_criterion took      0.00 usr cpu s       0.00 sys cpu s       0.00 wall s
TIDE Iteration 7 took      0.01 usr cpu s       0.05 sys cpu s       0.01 wall s
INDE     ITERATION 8 :
TIDE purify_X took      0.00 usr cpu s       0.00 sys cpu s       0.00 wall s
TIDE truncate_matrix took      0.00 usr cpu s       0.00 sys cpu s       0.00 wall s
INDE Actual introduced error   0.000000e+00 : nnz before  49284 <-> 100.00 % , nnz after  49284 <-> 100.00 %
TIDE square took      0.00 usr cpu s       0.05 sys cpu s       0.01 wall s
INDE NNZ Xsq = 49284 <-> 100.00 %
TIDE Frobenius norm of X-X^2 took      0.00 usr cpu s       0.00 sys cpu s       0.00 wall s
TIDE Mixed norm of X-X^2 took      0.00 usr cpu s       0.01 sys cpu s       0.00 wall s
TIDE Trace of X-X^2 took      0.00 usr cpu s       0.00 sys cpu s       0.00 wall s
INDE ||X-X^2||_F = 1.978925e+00 , ||X-X^2||_mixed = 1.220647e+00
INDE trace(X-X^2) = 2.135612e+01
INDE trace(X) = 5.649290e+01
INDE Checking stopping criterion...   
INDE Order of convergence cannot be computed
TIDE stopping_criterion took      0.00 usr cpu s       0.00 sys cpu s       0.00 wall s
TIDE Iteration 8 took      0.01 usr cpu s       0.06 sys cpu s       0.01 wall s
INDE     ITERATION 9 :
TIDE purify_X took      0.00 usr cpu s       0.00 sys cpu s       0.00 wall s
TIDE truncate_matrix took      0.00 usr cpu s       0.00 sys cpu s       0.00 wall s
INDE Actual introduced error   0.000000e+00 : nnz before  49284 <-> 100.00 % , nnz after  49284 <-> 100.00 %
TIDE square took      0.00 usr cpu s       0.02 sys cpu s       0.00 wall s
INDE NNZ Xsq = 49284 <-> 100.00 %
TIDE Frobenius norm of X-X^2 took      0.00 usr cpu s       0.00 sys cpu s       0.00 wall s
TIDE Mixed norm of X-X^2 took      0.00 usr cpu s       0.01 sys cpu s       0.00 wall s
TIDE Trace of X-X^2 took      0.00 usr cpu s       0.00 sys cpu s       0.00 wall s
INDE ||X-X^2||_F = 1.539809e+00 , ||X-X^2||_mixed = 1.043571e+00
INDE trace(X-X^2) = 1.273190e+01
INDE trace(X) = 3.513678e+01
INDE Checking stopping criterion...   
INDE Order of convergence cannot be computed
TIDE stopping_criterion took      0.00 usr cpu s       0.00 sys cpu s       0.00 wall s
TIDE Iteration 9 took      0.01 usr cpu s       0.03 sys cpu s       0.00 wall s
INDE     ITERATION 10 :
TIDE purify_X took      0.00 usr cpu s       0.00 sys cpu s       0.00 wall s
TIDE truncate_matrix took      0.00 usr cpu s       0.00 sys cpu s       0.00 wall s
INDE Actual introduced error   0.000000e+00 : nnz before  49284 <-> 100.00 % , nnz after  49284 <-> 100.00 %
TIDE square took      0.00 usr cpu s       0.02 sys cpu s       0.00 wall s
INDE NNZ Xsq = 49284 <-> 100.00 %
TIDE Frobenius norm of X-X^2 took      0.00 usr cpu s       0.00 sys cpu s       0.00 wall s
TIDE Mixed norm of X-X^2 took      0.01 usr cpu s       0.01 sys cpu s       0.00 wall s
TIDE Trace of X-X^2 took      0.00 usr cpu s       0.00 sys cpu s       0.00 wall s
INDE ||X-X^2||_F = 1.535725e+00 , ||X-X^2||_mixed = 1.008730e+00
INDE trace(X-X^2) = 1.407680e+01
INDE trace(X) = 4.786868e+01
INDE Checking stopping criterion...   
INDE Order of convergence cannot be computed
TIDE stopping_criterion took      0.00 usr cpu s       0.00 sys cpu s       0.00 wall s
TIDE Iteration 10 took      0.01 usr cpu s       0.02 sys cpu s       0.00 wall s
INDE     ITERATION 11 :
TIDE purify_X took      0.00 usr cpu s       0.00 sys cpu s       0.00 wall s
TIDE truncate_matrix took      0.00 usr cpu s       0.00 sys cpu s       0.00 wall s
INDE Actual introduced error   0.000000e+00 : nnz before  49284 <-> 100.00 % , nnz after  49284 <-> 100.00 %
TIDE square took      0.00 usr cpu s       0.01 sys cpu s       0.00 wall s
INDE NNZ Xsq = 49284 <-> 100.00 %
TIDE Frobenius norm of X-X^2 took      0.00 usr cpu s       0.00 sys cpu s       0.00 wall s
TIDE Mixed norm of X-X^2 took      0.00 usr cpu s       0.01 sys cpu s       0.00 wall s
TIDE Trace of X-X^2 took      0.00 usr cpu s       0.00 sys cpu s       0.00 wall s
INDE ||X-X^2||_F = 1.525282e+00 , ||X-X^2||_mixed = 1.054943e+00
INDE trace(X-X^2) = 1.394051e+01
INDE trace(X) = 6.194549e+01
INDE Checking stopping criterion...   
INDE Order of convergence cannot be computed
TIDE stopping_criterion took      0.00 usr cpu s       0.00 sys cpu s       0.00 wall s
TIDE Iteration 11 took      0.01 usr cpu s       0.03 sys cpu s       0.00 wall s
INDE     ITERATION 12 :
TIDE purify_X took      0.00 usr cpu s       0.00 sys cpu s       0.00 wall s
TIDE truncate_matrix took      0.00 usr cpu s       0.00 sys cpu s       0.00 wall s
INDE Actual introduced error   0.000000e+00 : nnz before  49284 <-> 100.00 % , nnz after  49284 <-> 100.00 %
TIDE square took      0.01 usr cpu s       0.01 sys cpu s       0.00 wall s
INDE NNZ Xsq = 49284 <-> 100.00 %
TIDE Frobenius norm of X-X^2 took      0.00 usr cpu s       0.00 sys cpu s       0.00 wall s
TIDE Mixed norm of X-X^2 took      0.00 usr cpu s       0.01 sys cpu s       0.00 wall s
TIDE Trace of X-X^2 took      0.00 usr cpu s       0.00 sys cpu s       0.00 wall s
INDE ||X-X^2||_F = 1.135336e+00 , ||X-X^2||_mixed = 7.831698e-01
INDE trace(X-X^2) = 8.882933e+00
INDE trace(X) = 4.800498e+01
INDE Checking stopping criterion...   
INDE Order of convergence cannot be computed
TIDE stopping_criterion took      0.00 usr cpu s       0.00 sys cpu s       0.00 wall s
TIDE Iteration 12 took      0.01 usr cpu s       0.02 sys cpu s       0.00 wall s
INDE     ITERATION 13 :
TIDE purify_X took      0.00 usr cpu s       0.00 sys cpu s       0.00 wall s
TIDE truncate_matrix took      0.00 usr cpu s       0.00 sys cpu s       0.00 wall s
INDE Actual introduced error   0.000000e+00 : nnz before  49284 <-> 100.00 % , nnz after  49284 <-> 100.00 %
TIDE square took      0.01 usr cpu s       0.01 sys cpu s       0.00 wall s
INDE NNZ Xsq = 49284 <-> 100.00 %
TIDE Frobenius norm of X-X^2 took      0.00 usr cpu s       0.00 sys cpu s       0.00 wall s
TIDE Mixed norm of X-X^2 took      0.00 usr cpu s       0.01 sys cpu s       0.00 wall s
TIDE Trace of X-X^2 took      0.00 usr cpu s       0.00 sys cpu s       0.00 wall s
INDE ||X-X^2||_F = 1.136398e+00 , ||X-X^2||_mixed = 8.313521e-01
INDE trace(X-X^2) = 7.039018e+00
INDE trace(X) = 3.912205e+01
INDE Checking stopping criterion...   
INDE Order of convergence cannot be computed
TIDE stopping_criterion took      0.00 usr cpu s       0.00 sys cpu s       0.00 wall s
TIDE Iteration 13 took      0.01 usr cpu s       0.03 sys cpu s       0.00 wall s
INDE     ITERATION 14 :
TIDE purify_X took      0.00 usr cpu s       0.00 sys cpu s       0.00 wall s
TIDE truncate_matrix took      0.00 usr cpu s       0.00 sys cpu s       0.00 wall s
INDE Actual introduced error   0.000000e+00 : nnz before  49284 <-> 100.00 % , nnz after  49284 <-> 100.00 %
TIDE square took      0.01 usr cpu s       0.01 sys cpu s       0.00 wall s
INDE NNZ Xsq = 49284 <-> 100.00 %
TIDE Frobenius norm of X-X^2 took      0.00 usr cpu s       0.00 sys cpu s       0.00 wall s
TIDE Mixed norm of X-X^2 took      0.00 usr cpu s       0.01 sys cpu s       0.00 wall s
TIDE Trace of X-X^2 took      0.00 usr cpu s       0.00 sys cpu s       0.00 wall s
INDE ||X-X^2||_F = 7.344800e-01 , ||X-X^2||_mixed = 5.416182e-01
INDE trace(X-X^2) = 4.672059e+00
INDE trace(X) = 4.616106e+01
INDE Checking stopping criterion...   
INDE e_i =5.416182e-01, C*e_{i-1}^q = 4.224298e+00
INDE Order of convergence = 10.404248, stop = 0
TIDE stopping_criterion took      0.00 usr cpu s       0.00 sys cpu s       0.00 wall s
TIDE Iteration 14 took      0.01 usr cpu s       0.02 sys cpu s       0.00 wall s
INDE     ITERATION 15 :
TIDE purify_X took      0.00 usr cpu s       0.00 sys cpu s       0.00 wall s
TIDE truncate_matrix took      0.00 usr cpu s       0.00 sys cpu s       0.00 wall s
INDE Actual introduced error   0.000000e+00 : nnz before  49284 <-> 100.00 % , nnz after  49284 <-> 100.00 %
TIDE square took      0.00 usr cpu s       0.01 sys cpu s       0.00 wall s
INDE NNZ Xsq = 49284 <-> 100.00 %
TIDE Frobenius norm of X-X^2 took      0.00 usr cpu s       0.00 sys cpu s       0.00 wall s
TIDE Mixed norm of X-X^2 took      0.00 usr cpu s       0.01 sys cpu s       0.00 wall s
TIDE Trace of X-X^2 took      0.00 usr cpu s       0.00 sys cpu s       0.00 wall s
INDE ||X-X^2||_F = 7.310221e-01 , ||X-X^2||_mixed = 5.527547e-01
INDE trace(X-X^2) = 3.795988e+00
INDE trace(X) = 5.083312e+01
INDE Checking stopping criterion...   
INDE Order of convergence cannot be computed
TIDE stopping_criterion took      0.00 usr cpu s       0.00 sys cpu s       0.00 wall s
TIDE Iteration 15 took      0.01 usr cpu s       0.02 sys cpu s       0.00 wall s
INDE     ITERATION 16 :
TIDE purify_X took      0.00 usr cpu s       0.00 sys cpu s       0.00 wall s
TIDE truncate_matrix took      0.00 usr cpu s       0.00 sys cpu s       0.00 wall s
INDE Actual introduced error   0.000000e+00 : nnz before  49284 <-> 100.00 % , nnz after  49284 <-> 100.00 %
TIDE square took      0.01 usr cpu s       0.01 sys cpu s       0.00 wall s
INDE NNZ Xsq = 49284 <-> 100.00 %
TIDE Frobenius norm of X-X^2 took      0.00 usr cpu s       0.00 sys cpu s       0.00 wall s
TIDE Mixed norm of X-X^2 took      0.00 usr cpu s       0.01 sys cpu s       0.00 wall s
TIDE Trace of X-X^2 took      0.00 usr cpu s       0.00 sys cpu s       0.00 wall s
INDE ||X-X^2||_F = 3.736104e-01 , ||X-X^2||_mixed = 3.052516e-01
INDE trace(X-X^2) = 1.819588e+00
INDE trace(X) = 4.703714e+01
INDE Checking stopping criterion...   
INDE e_i =3.052516e-01, C*e_{i-1}^q = 2.020362e+00
INDE Order of convergence = 5.082051, stop = 0
TIDE stopping_criterion took      0.00 usr cpu s       0.00 sys cpu s       0.00 wall s
TIDE Iteration 16 took      0.01 usr cpu s       0.03 sys cpu s       0.00 wall s
INDE     ITERATION 17 :
TIDE purify_X took      0.00 usr cpu s       0.00 sys cpu s       0.00 wall s
TIDE truncate_matrix took      0.00 usr cpu s       0.00 sys cpu s       0.00 wall s
INDE Actual introduced error   0.000000e+00 : nnz before  49284 <-> 100.00 % , nnz after  49284 <-> 100.00 %
TIDE square took      0.01 usr cpu s       0.01 sys cpu s       0.00 wall s
INDE NNZ Xsq = 49284 <-> 100.00 %
TIDE Frobenius norm of X-X^2 took      0.00 usr cpu s       0.00 sys cpu s       0.00 wall s
TIDE Mixed norm of X-X^2 took      0.00 usr cpu s       0.01 sys cpu s       0.00 wall s
TIDE Trace of X-X^2 took      0.00 usr cpu s       0.00 sys cpu s       0.00 wall s
INDE ||X-X^2||_F = 4.268893e-01 , ||X-X^2||_mixed = 3.696022e-01
INDE trace(X-X^2) = 1.694163e+00
INDE trace(X) = 4.521755e+01
INDE Checking stopping criterion...   
INDE Order of convergence cannot be computed
TIDE stopping_criterion took      0.00 usr cpu s       0.00 sys cpu s       0.00 wall s
TIDE Iteration 17 took      0.02 usr cpu s       0.02 sys cpu s       0.00 wall s
INDE     ITERATION 18 :
TIDE purify_X took      0.00 usr cpu s       0.00 sys cpu s       0.00 wall s
TIDE truncate_matrix took      0.00 usr cpu s       0.00 sys cpu s       0.00 wall s
INDE Actual introduced error   0.000000e+00 : nnz before  49284 <-> 100.00 % , nnz after  49284 <-> 100.00 %
TIDE square took      0.01 usr cpu s       0.01 sys cpu s       0.00 wall s
INDE NNZ Xsq = 49284 <-> 100.00 %
TIDE Frobenius norm of X-X^2 took      0.00 usr cpu s       0.00 sys cpu s       0.00 wall s
TIDE Mixed norm of X-X^2 took      0.01 usr cpu s       0.01 sys cpu s       0.00 wall s
TIDE Trace of X-X^2 took      0.00 usr cpu s       0.00 sys cpu s       0.00 wall s
INDE ||X-X^2||_F = 1.459572e-01 , ||X-X^2||_mixed = 1.341946e-01
INDE trace(X-X^2) = 4.663380e-01
INDE trace(X) = 4.691171e+01
INDE Checking stopping criterion...   
INDE e_i =1.341946e-01, C*e_{i-1}^q = 6.417392e-01
INDE Order of convergence = 3.318781, stop = 0
TIDE stopping_criterion took      0.00 usr cpu s       0.00 sys cpu s       0.00 wall s
TIDE Iteration 18 took      0.01 usr cpu s       0.02 sys cpu s       0.00 wall s
INDE     ITERATION 19 :
TIDE purify_X took      0.00 usr cpu s       0.00 sys cpu s       0.00 wall s
TIDE truncate_matrix took      0.00 usr cpu s       0.00 sys cpu s       0.00 wall s
INDE Actual introduced error   0.000000e+00 : nnz before  49284 <-> 100.00 % , nnz after  49284 <-> 100.00 %
TIDE square took      0.00 usr cpu s       0.01 sys cpu s       0.00 wall s
INDE NNZ Xsq = 49284 <-> 100.00 %
TIDE Frobenius norm of X-X^2 took      0.00 usr cpu s       0.00 sys cpu s       0.00 wall s
TIDE Mixed norm of X-X^2 took      0.00 usr cpu s       0.01 sys cpu s       0.00 wall s
TIDE Trace of X-X^2 took      0.00 usr cpu s       0.00 sys cpu s       0.00 wall s
INDE ||X-X^2||_F = 1.609119e-01 , ||X-X^2||_mixed = 1.526508e-01
INDE trace(X-X^2) = 3.767293e-01
INDE trace(X) = 4.737805e+01
INDE Checking stopping criterion...   
INDE Order of convergence cannot be computed
TIDE stopping_criterion took      0.00 usr cpu s       0.00 sys cpu s       0.00 wall s
TIDE Iteration 19 took      0.01 usr cpu s       0.03 sys cpu s       0.00 wall s
INDE     ITERATION 20 :
TIDE purify_X took      0.00 usr cpu s       0.00 sys cpu s       0.00 wall s
TIDE truncate_matrix took      0.00 usr cpu s       0.00 sys cpu s       0.00 wall s
INDE Actual introduced error   0.000000e+00 : nnz before  49284 <-> 100.00 % , nnz after  49284 <-> 100.00 %
TIDE square took      0.00 usr cpu s       0.01 sys cpu s       0.00 wall s
INDE NNZ Xsq = 49284 <-> 100.00 %
TIDE Frobenius norm of X-X^2 took      0.00 usr cpu s       0.00 sys cpu s       0.00 wall s
TIDE Mixed norm of X-X^2 took      0.00 usr cpu s       0.01 sys cpu s       0.00 wall s
TIDE Trace of X-X^2 took      0.00 usr cpu s       0.00 sys cpu s       0.00 wall s
INDE ||X-X^2||_F = 2.957185e-02 , ||X-X^2||_mixed = 2.827070e-02
INDE trace(X-X^2) = 6.381392e-02
INDE trace(X) = 4.700132e+01
INDE Checking stopping criterion...   
INDE e_i =2.827070e-02, C*e_{i-1}^q = 1.240260e-01
INDE Order of convergence = 2.736217, stop = 0
TIDE stopping_criterion took      0.00 usr cpu s       0.00 sys cpu s       0.00 wall s
TIDE Iteration 20 took      0.01 usr cpu s       0.03 sys cpu s       0.00 wall s
INDE     ITERATION 21 :
TIDE purify_X took      0.00 usr cpu s       0.00 sys cpu s       0.00 wall s
TIDE truncate_matrix took      0.00 usr cpu s       0.00 sys cpu s       0.00 wall s
INDE Actual introduced error   0.000000e+00 : nnz before  49284 <-> 100.00 % , nnz after  49284 <-> 100.00 %
TIDE square took      0.00 usr cpu s       0.01 sys cpu s       0.00 wall s
INDE NNZ Xsq = 49284 <-> 100.00 %
TIDE Frobenius norm of X-X^2 took      0.00 usr cpu s       0.00 sys cpu s       0.00 wall s
TIDE Mixed norm of X-X^2 took      0.00 usr cpu s       0.01 sys cpu s       0.00 wall s
TIDE Trace of X-X^2 took      0.00 usr cpu s       0.00 sys cpu s       0.00 wall s
INDE ||X-X^2||_F = 3.871061e-02 , ||X-X^2||_mixed = 3.858314e-02
INDE trace(X-X^2) = 6.191055e-02
INDE trace(X) = 4.693751e+01
INDE Checking stopping criterion...   
INDE Order of convergence cannot be computed
TIDE stopping_criterion took      0.00 usr cpu s       0.00 sys cpu s       0.00 wall s
TIDE Iteration 21 took      0.01 usr cpu s       0.02 sys cpu s       0.00 wall s
INDE     ITERATION 22 :
TIDE purify_X took      0.00 usr cpu s       0.00 sys cpu s       0.00 wall s
TIDE truncate_matrix took      0.00 usr cpu s       0.00 sys cpu s       0.00 wall s
INDE Actual introduced error   0.000000e+00 : nnz before  49284 <-> 100.00 % , nnz after  49284 <-> 100.00 %
TIDE square took      0.01 usr cpu s       0.01 sys cpu s       0.00 wall s
INDE NNZ Xsq = 49284 <-> 100.00 %
TIDE Frobenius norm of X-X^2 took      0.00 usr cpu s       0.00 sys cpu s       0.00 wall s
TIDE Mixed norm of X-X^2 took      0.00 usr cpu s       0.01 sys cpu s       0.00 wall s
TIDE Trace of X-X^2 took      0.00 usr cpu s       0.00 sys cpu s       0.00 wall s
INDE ||X-X^2||_F = 1.447062e-03 , ||X-X^2||_mixed = 1.400163e-03
INDE trace(X-X^2) = 2.589832e-03
INDE trace(X) = 4.699942e+01
INDE Checking stopping criterion...   
INDE e_i =1.400163e-03, C*e_{i-1}^q = 5.504473e-03
INDE Order of convergence = 2.383903, stop = 0
TIDE stopping_criterion took      0.00 usr cpu s       0.00 sys cpu s       0.00 wall s
TIDE Iteration 22 took      0.01 usr cpu s       0.02 sys cpu s       0.00 wall s
INDE     ITERATION 23 :
TIDE purify_X took      0.00 usr cpu s       0.00 sys cpu s       0.00 wall s
TIDE truncate_matrix took      0.00 usr cpu s       0.00 sys cpu s       0.00 wall s
INDE Actual introduced error   0.000000e+00 : nnz before  49284 <-> 100.00 % , nnz after  49284 <-> 100.00 %
TIDE square took      0.00 usr cpu s       0.01 sys cpu s       0.00 wall s
INDE NNZ Xsq = 49284 <-> 100.00 %
TIDE Frobenius norm of X-X^2 took      0.00 usr cpu s       0.00 sys cpu s       0.00 wall s
TIDE Mixed norm of X-X^2 took      0.00 usr cpu s       0.01 sys cpu s       0.00 wall s
TIDE Trace of X-X^2 took      0.00 usr cpu s       0.00 sys cpu s       0.00 wall s
INDE ||X-X^2||_F = 1.746115e-03 , ||X-X^2||_mixed = 1.745180e-03
INDE trace(X-X^2) = 2.005513e-03
INDE trace(X) = 4.700201e+01
INDE Checking stopping criterion...   
INDE Order of convergence cannot be computed
TIDE stopping_criterion took      0.00 usr cpu s       0.00 sys cpu s       0.00 wall s
TIDE Iteration 23 took      0.01 usr cpu s       0.02 sys cpu s       0.00 wall s
INDE     ITERATION 24 :
TIDE purify_X took      0.00 usr cpu s       0.00 sys cpu s       0.00 wall s
TIDE truncate_matrix took      0.00 usr cpu s       0.00 sys cpu s       0.00 wall s
INDE Actual introduced error   0.000000e+00 : nnz before  49284 <-> 100.00 % , nnz after  49284 <-> 100.00 %
TIDE square took      0.00 usr cpu s       0.01 sys cpu s       0.00 wall s
INDE NNZ Xsq = 49284 <-> 100.00 %
TIDE Frobenius norm of X-X^2 took      0.00 usr cpu s       0.00 sys cpu s       0.00 wall s
TIDE Mixed norm of X-X^2 took      0.00 usr cpu s       0.01 sys cpu s       0.00 wall s
TIDE Trace of X-X^2 took      0.00 usr cpu s       0.00 sys cpu s       0.00 wall s
INDE ||X-X^2||_F = 3.666774e-06 , ||X-X^2||_mixed = 3.554203e-06
INDE trace(X-X^2) = 5.723694e-06
INDE trace(X) = 4.700000e+01
INDE Checking stopping criterion...   
INDE e_i =3.554203e-06, C*e_{i-1}^q = 1.350206e-05
INDE Order of convergence = 2.203116, stop = 0
TIDE stopping_criterion took      0.00 usr cpu s       0.00 sys cpu s       0.00 wall s
TIDE Iteration 24 took      0.01 usr cpu s       0.02 sys cpu s       0.00 wall s
INDE     ITERATION 25 :
TIDE purify_X took      0.00 usr cpu s       0.00 sys cpu s       0.00 wall s
TIDE truncate_matrix took      0.00 usr cpu s       0.00 sys cpu s       0.00 wall s
INDE Actual introduced error   0.000000e+00 : nnz before  49284 <-> 100.00 % , nnz after  49284 <-> 100.00 %
TIDE square took      0.00 usr cpu s       0.01 sys cpu s       0.00 wall s
INDE NNZ Xsq = 49284 <-> 100.00 %
TIDE Frobenius norm of X-X^2 took      0.00 usr cpu s       0.00 sys cpu s       0.00 wall s
TIDE Mixed norm of X-X^2 took      0.00 usr cpu s       0.01 sys cpu s       0.00 wall s
TIDE Trace of X-X^2 took      0.00 usr cpu s       0.00 sys cpu s       0.00 wall s
INDE ||X-X^2||_F = 4.219656e-06 , ||X-X^2||_mixed = 4.216240e-06
INDE trace(X-X^2) = 5.328761e-06
INDE trace(X) = 4.699999e+01
INDE Checking stopping criterion...   
INDE Order of convergence cannot be computed
TIDE stopping_criterion took      0.00 usr cpu s       0.00 sys cpu s       0.00 wall s
TIDE Iteration 25 took      0.01 usr cpu s       0.02 sys cpu s       0.00 wall s
INDE     ITERATION 26 :
TIDE purify_X took      0.00 usr cpu s       0.00 sys cpu s       0.00 wall s
TIDE truncate_matrix took      0.00 usr cpu s       0.00 sys cpu s       0.00 wall s
INDE Actual introduced error   0.000000e+00 : nnz before  49284 <-> 100.00 % , nnz after  49284 <-> 100.00 %
TIDE square took      0.00 usr cpu s       0.02 sys cpu s       0.00 wall s
INDE NNZ Xsq = 49284 <-> 100.00 %
TIDE Frobenius norm of X-X^2 took      0.00 usr cpu s       0.00 sys cpu s       0.00 wall s
TIDE Mixed norm of X-X^2 took      0.00 usr cpu s       0.00 sys cpu s       0.00 wall s
TIDE Trace of X-X^2 took      0.00 usr cpu s       0.00 sys cpu s       0.00 wall s
INDE ||X-X^2||_F = 2.417211e-11 , ||X-X^2||_mixed = 2.337747e-11
INDE trace(X-X^2) = 3.579714e-11
INDE trace(X) = 4.700000e+01
INDE Checking stopping criterion...   
INDE e_i =2.337747e-11, C*e_{i-1}^q = 8.700157e-11
INDE Order of convergence = 2.104735, stop = 0
TIDE stopping_criterion took      0.00 usr cpu s       0.00 sys cpu s       0.00 wall s
TIDE Iteration 26 took      0.01 usr cpu s       0.02 sys cpu s       0.00 wall s
INDE     ITERATION 27 :
TIDE purify_X took      0.00 usr cpu s       0.00 sys cpu s       0.00 wall s
TIDE truncate_matrix took      0.00 usr cpu s       0.00 sys cpu s       0.00 wall s
INDE Actual introduced error   0.000000e+00 : nnz before  49284 <-> 100.00 % , nnz after  49284 <-> 100.00 %
TIDE square took      0.00 usr cpu s       0.02 sys cpu s       0.00 wall s
INDE NNZ Xsq = 49284 <-> 100.00 %
TIDE Frobenius norm of X-X^2 took      0.00 usr cpu s       0.00 sys cpu s       0.00 wall s
TIDE Mixed norm of X-X^2 took      0.00 usr cpu s       0.00 sys cpu s       0.00 wall s
TIDE Trace of X-X^2 took      0.00 usr cpu s       0.00 sys cpu s       0.00 wall s
INDE ||X-X^2||_F = 3.231040e-11 , ||X-X^2||_mixed = 3.230759e-11
INDE trace(X-X^2) = 3.560530e-11
INDE trace(X) = 4.700000e+01
INDE Checking stopping criterion...   
INDE e_i =3.230759e-11, C*e_{i-1}^q = 1.224315e-10
INDE Order of convergence = 2.107643, stop = 0
TIDE stopping_criterion took      0.00 usr cpu s       0.00 sys cpu s       0.00 wall s
TIDE Iteration 27 took      0.01 usr cpu s       0.02 sys cpu s       0.00 wall s
INDE     ITERATION 28 :
TIDE purify_X took      0.00 usr cpu s       0.00 sys cpu s       0.00 wall s
TIDE truncate_matrix took      0.00 usr cpu s       0.00 sys cpu s       0.00 wall s
INDE Actual introduced error   0.000000e+00 : nnz before  49284 <-> 100.00 % , nnz after  49284 <-> 100.00 %
TIDE square took      0.00 usr cpu s       0.02 sys cpu s       0.00 wall s
INDE NNZ Xsq = 49284 <-> 100.00 %
TIDE Frobenius norm of X-X^2 took      0.00 usr cpu s       0.00 sys cpu s       0.00 wall s
TIDE Mixed norm of X-X^2 took      0.00 usr cpu s       0.00 sys cpu s       0.00 wall s
TIDE Trace of X-X^2 took      0.00 usr cpu s       0.00 sys cpu s       0.00 wall s
INDE ||X-X^2||_F = 2.211825e-15 , ||X-X^2||_mixed = 0.000000e+00
INDE trace(X-X^2) = 0.000000e+00
INDE trace(X) = 4.700000e+01
INDE Checking stopping criterion...   
INDE ************************************************************************************************************
INDE The norm value went much below machine precision, therefore we stop here since n_max can be underestimated.
INDE ************************************************************************************************************
INDE e_i =0.000000e+00, C*e_{i-1}^q = 3.763896e-21
INDE Order of convergence = inf, stop = 1
TIDE stopping_criterion took      0.00 usr cpu s       0.00 sys cpu s       0.00 wall s
INDE PURIFICATION CONVERGED after 28 iterations
TIDE Iteration 28 took      0.00 usr cpu s       0.02 sys cpu s       0.00 wall s
INDE Number of non-zeros in D is  49284 <-> 100.00 %
TIDE FileWritable::writeAndReadAll took      0.00 usr cpu s       0.00 sys cpu s       0.00 wall s
INDE writeAndReadAll sizesStr: '0 MB (1 MatrixGeneral, 0 > 1 MB) + 0 MB (13 MatrixSymmetric, 0 > 1 MB) + 0 MB (2 VectorGeneral, 0 > 1 MB) = 0 MB (16 total, 0 > 1 MB)
INDE TOTAL accumulated subspace error is 0.000000e+00
INDE TOTAL X square time: 0.065583 wall s
INDE TOTAL X trunction time: 0.003387 wall s
INDE TOTAL X purify (exl. X^2 computation) time: 0.003388 wall s
INDE TOTAL time to get number of non-zero elements: 0.001060 wall s
INDE TOTAL time to get mixed norm: 0.045851 wall s
INDE TOTAL time to get Frobenius norm: 0.003788 wall s
INDE TOTAL time for stopping criterion: 0.001301 wall s
INDE TOTAL time to get matrix trace: 0.000598 wall s
INDE Estimated bounds for the eigenvalues for the Fock matrix:
INDE LUMO: [ 0.089622506336 , 0.142744115026 ]
INDE HOMO: [ -0.394968132718 , -0.342418369382 ]
TIDE eigenvalue_bounds_estimation() took      0.00 usr cpu s       0.00 sys cpu s       0.00 wall s
TIDE Recursive expansion took      0.36 usr cpu s       1.14 sys cpu s       0.19 wall s
TIDE Puri->PurificationStart() took      0.36 usr cpu s       1.14 sys cpu s       0.19 wall s
TIDE Accumulated wall times for writeToFile in PurificationStart()          : 0 s (MatrixGeneral) + 3.1e-06 s (MatrixSymmetric) + 6.7e-05 s (VectorGeneral) = 7e-05 s
TIDE Accumulated wall times for readFromFile in PurificationStart()         : 0 s (MatrixGeneral) + 9.5e-07 s (MatrixSymmetric) + 3.1e-05 s (VectorGeneral) = 3.2e-05 s
TIDE Accumulated wall times for copy and assign in PurificationStart()      : 9.5e-07 s (MatrixSymmetric) + 3.9e-05 s (VectorGeneral) = 4e-05 s
INDE Number of calls to writeToFile in PurificationStart()                  : 2 (MatrixGeneral) + 27 (MatrixSymmetric) + 869 (VectorGeneral) = 898 
INDE Number of calls to readFromFile in PurificationStart()                 : 2 (MatrixGeneral) + 26 (MatrixSymmetric) + 341 (VectorGeneral) = 369 
INDE Number of calls to FileWritable copy and assign in PurificationStart() : 2 (MatrixSymmetric) + 30 (VectorGeneral) = 32 
TIDE mat::Gblas::time after purification :     0.880348
INDE Created .m files with results of the purification
INDE Purification converged OK, subspaceError <=          0.00000000000
INDE E(LUMO) - E(HOMO) >=          0.43204087572 =         11.75643119942 eV
INDE E(LUMO) - E(HOMO) <=          0.53771224774 =         14.63189573250 eV
INDE HOMO interval : [   -0.394968132718   -0.342418369382 ]
INDE LUMO interval : [    0.089622506336    0.142744115026 ]
INDE Trace of resulting density matrix is         47.00000000000, error is   0.00000000000000.
INDE Truncated D_ort ( mixed ), selected threshold = 9.99999e-08, returned error =          0, nnz before = 49284 <-> 100.0000 %, nnz after = 49284 <-> 100.0000 %
TIDE FileWritable::writeAndReadAll took      0.00 usr cpu s       0.00 sys cpu s       0.00 wall s
INDE writeAndReadAll sizesStr: '0 MB (1 MatrixGeneral, 0 > 1 MB) + 0 MB (12 MatrixSymmetric, 0 > 1 MB) + 0 MB (1 MatrixTriangular, 0 > 1 MB) = 0 MB (14 total, 0 > 1 MB)
TIDE D_w to non-orthogonal basis took      0.00 usr cpu s       0.02 sys cpu s       0.00 wall s
INDE Truncated D_S (eucl with Z), selected threshold = 9.99999e-08, returned error =          0, nnz before = 100.0000 %, nnz after = 100.0000 %
INDE get_dens_from_fock_sparse ending OK
TIDE get_dens_from_fock_sparse took      0.45 usr cpu s       1.52 sys cpu s       0.25 wall s
ERDE get_dens_from_fock  (GetDensFromFock class) : purification finished OK.
TIDE get_dens_from_fock took      0.45 usr cpu s       1.52 sys cpu s       0.25 wall s
INSC Matrix 'new density matrix' ( symm ): n =    222, nnz =        49284 <-> 100.00 %, mem usage  0.0002 G
INSC Tr( D * S ) =         94.00000000000
TISC get_new_density_matrix took      0.45 usr cpu s       1.52 sys cpu s       0.25 wall s
INSC SCF_restricted::report_density_difference, diff_eucl =          0.00005846636
TISC SCF_restricted::report_density_difference took      0.02 usr cpu s       0.08 sys cpu s       0.01 wall s
INMA ddf_writeShellListAndDensityMatricesToFile_sparse, n =    222, densityMatrixList[0].nvalues =       24753
INMA opened temporary file 'density.bin.yw0Tvg' for writing
INMA Choosing matrixStorageType = MATRIX_STORAGE_TYPE_TRIANGLE.
INMA fileSize =          252744 bytes =      0.253 MegaBytes
INMA renamed file 'density.bin.yw0Tvg' to 'density.bin'
INMA ddf_writeShellListAndDensityMatricesToFile_sparse freeing buffer.
INMA ddf_writeShellListAndDensityMatricesToFile_sparse returning OK.
TISC write_density_to_file took      0.01 usr cpu s       0.06 sys cpu s       0.01 wall s
INSC SCF cycle  12 finished.
TISC SCF cycle  12 took    169.42 usr cpu s       2.44 sys cpu s      31.52 wall s
INSC Beginning of SCF cycle 13:  Thu Mar 26 20:07:05 2026
INDE compute_J_by_boxes_sparse() start.
TIDE FileWritable::writeAndReadAll took      0.00 usr cpu s       0.00 sys cpu s       0.00 wall s
INDE writeAndReadAll: '0 MB (1 MatrixGeneral, 0 > 1 MB) + 0 MB (11 MatrixSymmetric, 0 > 1 MB) = 0 MB (12 total, 0 > 1 MB)
IN   compute_J_by_boxes_sparse, maxDensityMatrixElement =          2.08715471902
ININ get_basis_func_pair_list, n =    222
ININ create_box_system end OK, toplevelBoxSize:   7.0, #levels:  3, #boxes at top level:      6
TIIN get_basis_func_pair_list_2el took      0.21 usr cpu s       0.40 sys cpu s       0.13 wall s
IN   compute_J_by_boxes_sparse: noOfBasisFuncIndexPairs = 21264 ==> storing  43.15 % of a full matrix
ININ entering compute_J_by_boxes_linear, no of basis funcs =   222, threshold_J =   1e-12
ININ use_fmm = 1, fmm_box_size =   5.00
TIIN Compute extent for all distrs took      0.26 usr cpu s       0.00 sys cpu s       0.26 wall s
ININ extent_min =    0.000, extent_max =    8.988
ININ Creating list of distributions etc done, distrCount =    208583
TIIN Creating list of distributions etc took      0.40 usr cpu s       0.00 sys cpu s       0.40 wall s
ININ create_box_system end OK, toplevelBoxSize:   5.0, #levels:  3, #boxes at top level:     10
TIIN Creating boxes took      0.02 usr cpu s       0.00 sys cpu s       0.02 wall s
ININ noOfBranches = 4, splitters:   5.00  2.50  0.00
ININ J org done, groupCount =     7861
TIIN J org took      0.82 usr cpu s       0.00 sys cpu s       0.82 wall s
TIIN Generate group multipoles took      0.36 usr cpu s       0.00 sys cpu s       0.36 wall s
ININ totChargeWholeSystem =          0.00000000000
ININ Generating multipole for each branch at top level, MAX_MULTIPOLE_DEGREE = 15
TIIN Translate multipoles (step 1) took      0.26 usr cpu s       0.00 sys cpu s       0.27 wall s
TIIN Translate multipoles (step 2) took      0.07 usr cpu s       0.00 sys cpu s       0.07 wall s
ININ job lists for J created OK, noOfJobs_J_standard =      789, noOfJobs_J_multipole =       62
TIIN Creating job lists for J took      0.00 usr cpu s       0.00 sys cpu s       0.00 wall s
ININ execute_joblist_J_std_threaded, noOfThreads =  8
ININ 8 threads started OK.
ININ all 8 threads have finished.
TIIN execute_joblist_J_std_threaded took     58.12 usr cpu s       0.04 sys cpu s       9.05 wall s
TIIN sort_list_of_multipole_jobs init part took      0.00 usr cpu s       0.00 sys cpu s       0.00 wall s
TIIN sort_list_of_multipole_jobs complete took      0.00 usr cpu s       0.00 sys cpu s       0.00 wall s
TIIN sort_list_of_multipole_jobs took      0.00 usr cpu s       0.00 sys cpu s       0.00 wall s
ININ execute_joblist_J_fmm_shared: Allocating multipoleList_4, maxnoOfMinimalDistrsPerBoxBranch =     49239
ININ execute_joblist_J_fmm_shared: jobIndexLo =            0, jobIndexHi =            7
ININ execute_joblist_J_fmm_shared: Allocating multipoleList_4, maxnoOfMinimalDistrsPerBoxBranch =     49239
ININ execute_joblist_J_fmm_shared: jobIndexLo =           15, jobIndexHi =           23
ININ execute_joblist_J_fmm_shared: Allocating multipoleList_4, maxnoOfMinimalDistrsPerBoxBranch =     49239
ININ execute_joblist_J_fmm_shared: Allocating multipoleList_4, maxnoOfMinimalDistrsPerBoxBranch =     49239
ININ execute_joblist_J_fmm_shared: jobIndexLo =            7, jobIndexHi =           15
ININ execute_joblist_J_fmm_shared: jobIndexLo =           23, jobIndexHi =           31
ININ execute_joblist_J_fmm_shared: Allocating multipoleList_4, maxnoOfMinimalDistrsPerBoxBranch =     49239
ININ execute_joblist_J_fmm_shared: jobIndexLo =           31, jobIndexHi =           38
ININ execute_joblist_J_fmm_shared: Allocating multipoleList_4, maxnoOfMinimalDistrsPerBoxBranch =     49239
ININ execute_joblist_J_fmm_shared: jobIndexLo =           38, jobIndexHi =           46
ININ execute_joblist_J_fmm_shared: Allocating multipoleList_4, maxnoOfMinimalDistrsPerBoxBranch =     49239
ININ execute_joblist_J_fmm_shared: jobIndexLo =           46, jobIndexHi =           54
ININ execute_joblist_J_fmm_shared: Allocating multipoleList_4, maxnoOfMinimalDistrsPerBoxBranch =     49239
ININ execute_joblist_J_fmm_shared: jobIndexLo =           54, jobIndexHi =           62
ININ execute_joblist_J_fmm_shared: done!
ININ execute_joblist_J_fmm_shared: done!
ININ execute_joblist_J_fmm_shared: done!
ININ execute_joblist_J_fmm_shared: done!
ININ execute_joblist_J_fmm_shared: done!
ININ execute_joblist_J_fmm_shared: done!
ININ execute_joblist_J_fmm_shared: done!
ININ execute_joblist_J_fmm_shared: done!
ININ multipole job list for J executed, largest L used: 12
TIIN Executing multipole job list for J took      0.25 usr cpu s       0.00 sys cpu s       0.10 wall s
ININ compute_J_by_boxes_linear ending OK.
TIIN compute_J_by_boxes_linear took     60.32 usr cpu s       0.04 sys cpu s      11.09 wall s
TI   compute_J_by_boxes_sparse total took     60.52 usr cpu s       0.44 sys cpu s      11.22 wall s
ININ entering create_CSR_for_K, no of basis funcs =   222, threshold_K =   1e-12
ININ create_box_system end OK, toplevelBoxSize:   7.0, #levels:  3, #boxes at top level:      6
ININ create_box_system end OK, toplevelBoxSize:   7.0, #levels:  3, #boxes at top level:      6
ININ create_box_system end OK, toplevelBoxSize:   7.0, #levels:  3, #boxes at top level:      6
TIIN create_CSR_for_K getting list of distrs took      0.27 usr cpu s       0.00 sys cpu s       0.27 wall s
ININ list of neighbors complete.
TIIN create_CSR_for_K getting list of neighbors took      0.00 usr cpu s       0.00 sys cpu s       0.00 wall s
TIIN create_CSR_for_K sort each list of neighbors took      0.02 usr cpu s       0.00 sys cpu s       0.02 wall s
ININ 8 threads started OK.
TIIN identify_needed_elements() took     68.67 usr cpu s       0.06 sys cpu s       8.83 wall s
ININ computing nnz..
ININ create_CSR_for_K: predicted nnz =        24753, <->  50.23% of a full matrix
TIIN create_CSR_for_K last part took      0.00 usr cpu s       0.00 sys cpu s       0.00 wall s
TIIN create_CSR_for_K total took     68.95 usr cpu s       0.06 sys cpu s       9.11 wall s
ININ entering compute_K_by_boxes, no of basis funcs =   222, threshold_K =   1e-12, exchange_box_size =   5.00
ININ create_box_system end OK, toplevelBoxSize:   7.0, #levels:  3, #boxes at top level:      6
ININ create_box_system end OK, toplevelBoxSize:   7.0, #levels:  3, #boxes at top level:      6
ININ create_box_system end OK, toplevelBoxSize:   7.0, #levels:  3, #boxes at top level:      6
TIIN Compute extent for all distrs took      0.27 usr cpu s       0.00 sys cpu s       0.27 wall s
ININ Creating list of distributions done, distrCountTot =    208583
TIIN Creating list of distributions took      0.44 usr cpu s       0.00 sys cpu s       0.44 wall s
ININ create_box_system end OK, toplevelBoxSize:   5.0, #levels:  3, #boxes at top level:     10
ININ create_box_system end OK, toplevelBoxSize:   2.5, #levels:  4, #boxes at top level:     16
ININ noOfLevelsBasisFuncs = 4, noOfLevelsDiff = 1
TIIN Creating boxes etc took      0.02 usr cpu s       0.00 sys cpu s       0.02 wall s
TIIN getting multipoleNormVectorList took      0.47 usr cpu s       0.00 sys cpu s       0.47 wall s
TIIN K organize_distributions for all boxes took      0.92 usr cpu s       0.00 sys cpu s       0.93 wall s
ININ starting loop to setup basisFuncGroupInfoList, with added index checks.
TIIN GetLimitsAllLevels took      0.18 usr cpu s       0.00 sys cpu s       0.18 wall s
ININ getDmatLimitMatrixCSRList start.
TIIN getting densityMatrixLimitMatrixList took      0.01 usr cpu s       0.00 sys cpu s       0.01 wall s
ININ job list for K created,       55 jobs
TIIN creating job list for K took      0.00 usr cpu s       0.00 sys cpu s       0.00 wall s
ININ execute_joblist_K_threaded, noOfThreads =  8, basisFuncListCount_max =   207
ININ 8 threads started OK.
ININ all 8 threads have finished, took        8 wall s.
TIIN Executing job list for K took     36.44 usr cpu s       0.02 sys cpu s       7.74 wall s
TIIN compute_K_by_boxes took     38.48 usr cpu s       0.02 sys cpu s       9.78 wall s
TI   compute_K_by_boxes_sparse total took    107.45 usr cpu s       0.08 sys cpu s      18.91 wall s
INSC About to truncate FockMatrix, gap of Fprev >=          0.43204087572
TISC symmMatrix::mixed_diff for F vs Fprev maxEigValMovement_mixed took      0.00 usr cpu s       0.00 sys cpu s       0.00 wall s
TISC symmMatrix::eucl_diff for maxEigValMovement_eucl  took      0.03 usr cpu s       0.07 sys cpu s       0.02 wall s
INSC maxEigValMovement_frob  =          0.00005296476
INSC maxEigValMovement_mixed =          0.00004151996
INSC maxEigValMovement_eucl  =          0.00002081694
TISC FockMatrix.eucl_thresh() (with Z) took      0.03 usr cpu s       0.12 sys cpu s       0.03 wall s
INSC Truncated FockMatrix (eucl with Z), selected threshold = 4.31999e-08, returned error =          0, nnz before = 100.0000 %, nnz after = 100.0000 %
INSC Matrix 'S' ( symm ): n =    222, nnz =        49284 <-> 100.00 %, mem usage  0.0002 G
INSC Matrix 'F' ( symm ): n =    222, nnz =        49284 <-> 100.00 %, mem usage  0.0002 G
INSC Matrix 'D' ( symm ): n =    222, nnz =        49284 <-> 100.00 %, mem usage  0.0002 G
INSC nuclearEnergy, energy_2el, energy = 782.160484, 1007.739987, -644.961410
INSC Energy  13 =       -644.96140962291  ( diff     -0.000000002731667 )
INSC calling compute_FDSminusSDF_sparse, n = 222
INDE compute_FDSminusSDF_sparse() start.
TIDE FileWritable::writeAndReadAll took      0.00 usr cpu s       0.00 sys cpu s       0.00 wall s
INDE writeAndReadAll: '0 MB (1 MatrixGeneral, 0 > 1 MB) + 0 MB (9 MatrixSymmetric, 0 > 1 MB) = 0 MB (10 total, 0 > 1 MB)
TISC compute_FDSminusSDF_sparse, F*D mult took      0.00 usr cpu s       0.03 sys cpu s       0.00 wall s
INSC Matrix 'FD before eucl truncation' (normal): n =    222, nnz =        49284 <-> 100.00 %, mem usage  0.0004 G
INSC Matrix 'FD after  eucl truncation' (normal): n =    222, nnz =        49284 <-> 100.00 %, mem usage  0.0004 G
INSC Matrix 'FDS before eucl truncation' (normal): n =    222, nnz =        49284 <-> 100.00 %, mem usage  0.0004 G
INSC Matrix 'FDS after  eucl truncation' (normal): n =    222, nnz =        49284 <-> 100.00 %, mem usage  0.0004 G
INSC compute_FDSminusSDF_sparse ending OK.
TISC compute_FDSminusSDF_sparse took      0.03 usr cpu s       0.08 sys cpu s       0.01 wall s
INSC Matrix 'FDS-SDF' (normal): n =    222, nnz =        49284 <-> 100.00 %, mem usage  0.0004 G
INSC SCF_restricted::get_FDSminusSDF finished.
TISC get_FDSminusSDF took      0.03 usr cpu s       0.08 sys cpu s       0.01 wall s
INSC maxabs FDS-SDF is  5.3e-06
INSC frob   FDS-SDF is 4.44e-05
TISC get_error_measure took      0.00 usr cpu s       0.00 sys cpu s       0.00 wall s
INSC entering DIISManagerRestricted::AddIterationToList, IterCount = 10
INSC DIISManagerRestricted::AddIterationToList ending OK.
TISC DIISManagerRestricted::AddIterationToList took      0.01 usr cpu s       0.01 sys cpu s       0.00 wall s
INSC using DIIS to get combined Fock matrix, number of iters used for DIIS: 10
TISC clear_error_matrices took      0.00 usr cpu s       0.00 sys cpu s       0.00 wall s
TISC save_current_fock_as_fprev took      0.00 usr cpu s       0.00 sys cpu s       0.00 wall s
INDE get_dens_from_fock_general, n = 222, use_diagonalization = 0, use_diag_on_error = 1
INDE Before writeAndReadAll(): AllocatorManager statistics:  noOfRealsPerBuffer: 1024 noOfBuffers: 20000 list.size(): 1. Allocated: 0.164 GB, Used: 0.00673 GB, Peak alloc: 0.164 GB.
TIDE FileWritable::writeAndReadAll took      0.00 usr cpu s       0.00 sys cpu s       0.00 wall s
INDE writeAndReadAll sizesStr: '0 MB (1 MatrixGeneral, 0 > 1 MB) + 0 MB (7 MatrixSymmetric, 0 > 1 MB) = 0 MB (8 total, 0 > 1 MB)
INDE After writeAndReadAll(): AllocatorManager statistics:  noOfRealsPerBuffer: 1024 noOfBuffers: 20000 list.size(): 1. Allocated: 0.164 GB, Used: 0.00673 GB, Peak alloc: 0.164 GB.
INDE calling get_dens_from_fock_sparse, n =    222, subspaceErrorLimit = 1e-06
INDE get_dens_from_fock_sparse() start!
INDE After F.readFromFile(): AllocatorManager statistics:  noOfRealsPerBuffer: 1024 noOfBuffers: 20000 list.size(): 1. Allocated: 0.164 GB, Used: 0.00673 GB, Peak alloc: 0.164 GB.
INDE After creating wrapper MatrixType F_w(F): AllocatorManager statistics:  noOfRealsPerBuffer: 1024 noOfBuffers: 20000 list.size(): 1. Allocated: 0.164 GB, Used: 0.00691 GB, Peak alloc: 0.164 GB.
TIDE  F_w to orthogonal basis took      0.01 usr cpu s       0.01 sys cpu s       0.00 wall s
TIDE MatrixType::mixed_diff for maxEigValMovement_mixed took      0.00 usr cpu s       0.01 sys cpu s       0.00 wall s
TIDE symmMatrixWrap::eucl_diff for maxEigValMovement_eucl  took      0.04 usr cpu s       0.19 sys cpu s       0.03 wall s
INDE maxEigValMovement_frob  =          0.00004912819
INDE maxEigValMovement_mixed =          0.00003454593
INDE maxEigValMovement_eucl  =          0.00001072600
INDE lumo before truncation: [ 0.089611780337 , 0.142754841025 ]
INDE homo before truncation: [ -0.394978858717 , -0.342407643383 ]
INDE Truncate matrix F and update intervals for homo and lumo.
INDE Truncating F_ort ( mixed ), selected threshold = 4.32019e-08
INDE Truncated F_ort ( mixed ), selected threshold = 4.32019e-08, returned error =          0, nnz before = 100.0000 %, nnz after = 100.0000 %
TIDE Truncation of F_ort took      0.00 usr cpu s       0.00 sys cpu s       0.00 wall s
INDE Chosen Ergo Wrapper
INDE Creating purification object: N = 222 , nocc = 47 , NNZ = 49284  <-> 100.00000 %
INDE Chosen norm for the truncation: 
INDE mixed
INDE Chosen norm for the stopping criterion: 
INDE mixed
INDE Chosen the NEW stopping criterion.
INDE Allowed error in subspace 7.000000e-07
INDE Chosen SP2 purification method
INDE calling Puri->PurificationStart(), number of threads = 1, trunc norm 'mixed'
TIDE gershgorin took      0.00 usr cpu s       0.00 sys cpu s       0.00 wall s
INDE Gershgorin bounds: [ -35.722146139504 , 17.120602079403 ]
INDE EXPANDED Gershgorin bounds: [ -35.722146154405 , 17.120602094304 ]
INDE Trying to impove bounds using Lanczos algorithm...
TIDE compute_spectrum_bounds took      0.09 usr cpu s       0.43 sys cpu s       0.07 wall s
INDE Spectrum of F: 	 [ -20.624825602760 , 4.255870255584 ]
INDE Transform homo and lumo bounds...
INDE HOMO bounds of X: 	 [ 0.184813074568 , 0.186926006442 ]
INDE LUMO bounds of X: 	 [ 0.165313520087 , 0.167449435457 ]
INDE INIT LUMO: [ 0.165313520087 , 0.167449435457 ]
INDE INIT HOMO: [ 0.813073993558 , 0.815186925432 ]
INDE ESTIMATED NUMBER OF ITERATIONS IS 28
INDE Put eigenvalues of F to the interval [0,1] in reverse order.
TIDE compute_X() took      0.00 usr cpu s       0.00 sys cpu s       0.00 wall s
TIDE prepare_to_purification() took      0.09 usr cpu s       0.44 sys cpu s       0.07 wall s
INDE (EIGV,PARAMS) Requested 0 occipied eigenpair(s).
INDE (EIGV,PARAMS) Requested 0 unoccipied eigenpair(s).
TIDE prepare_to_purification_eigenvectors() took      0.00 usr cpu s       0.00 sys cpu s       0.00 wall s
INDE Starting recursive expansion
INDE     BEFORE ITERATIONS:
TIDE truncate_matrix took      0.00 usr cpu s       0.00 sys cpu s       0.00 wall s
INDE Actual introduced error   0.000000e+00 : nnz before  49284 <-> 100.00 % , nnz after  49284 <-> 100.00 %
TIDE square took      0.01 usr cpu s       0.03 sys cpu s       0.01 wall s
INDE NNZ Xsq = 49284 <-> 100.00 %
TIDE Frobenius norm of X-X^2 took      0.00 usr cpu s       0.00 sys cpu s       0.00 wall s
TIDE Mixed norm of X-X^2 took      0.01 usr cpu s       0.00 sys cpu s       0.00 wall s
TIDE Trace of X-X^2 took      0.00 usr cpu s       0.00 sys cpu s       0.00 wall s
INDE ||X-X^2||_F = 1.696456e+00 , ||X-X^2||_mixed = 8.697836e-01
INDE trace(X-X^2) = 2.268037e+01
INDE trace(X) = 3.353587e+01
TIDE Iteration 0 took      0.02 usr cpu s       0.03 sys cpu s       0.01 wall s
TIDE FileWritable::writeAndReadAll took      0.00 usr cpu s       0.00 sys cpu s       0.00 wall s
INDE writeAndReadAll sizesStr: '0 MB (1 MatrixGeneral, 0 > 1 MB) + 0 MB (13 MatrixSymmetric, 0 > 1 MB) + 0 MB (2 VectorGeneral, 0 > 1 MB) = 0 MB (16 total, 0 > 1 MB)
INDE     ITERATION 1 :
TIDE purify_X took      0.00 usr cpu s       0.00 sys cpu s       0.00 wall s
TIDE truncate_matrix took      0.00 usr cpu s       0.00 sys cpu s       0.00 wall s
INDE Actual introduced error   0.000000e+00 : nnz before  49284 <-> 100.00 % , nnz after  49284 <-> 100.00 %
TIDE square took      0.00 usr cpu s       0.01 sys cpu s       0.00 wall s
INDE NNZ Xsq = 49284 <-> 100.00 %
TIDE Frobenius norm of X-X^2 took      0.00 usr cpu s       0.00 sys cpu s       0.00 wall s
TIDE Mixed norm of X-X^2 took      0.00 usr cpu s       0.01 sys cpu s       0.00 wall s
TIDE Trace of X-X^2 took      0.00 usr cpu s       0.00 sys cpu s       0.00 wall s
INDE ||X-X^2||_F = 2.452789e+00 , ||X-X^2||_mixed = 1.227597e+00
INDE trace(X-X^2) = 3.418995e+01
INDE trace(X) = 5.621624e+01
TIDE Iteration 1 took      0.01 usr cpu s       0.03 sys cpu s       0.00 wall s
INDE     ITERATION 2 :
TIDE purify_X took      0.00 usr cpu s       0.00 sys cpu s       0.00 wall s
TIDE truncate_matrix took      0.00 usr cpu s       0.00 sys cpu s       0.00 wall s
INDE Actual introduced error   0.000000e+00 : nnz before  49284 <-> 100.00 % , nnz after  49284 <-> 100.00 %
TIDE square took      0.00 usr cpu s       0.01 sys cpu s       0.00 wall s
INDE NNZ Xsq = 49284 <-> 100.00 %
TIDE Frobenius norm of X-X^2 took      0.00 usr cpu s       0.00 sys cpu s       0.00 wall s
TIDE Mixed norm of X-X^2 took      0.00 usr cpu s       0.01 sys cpu s       0.00 wall s
TIDE Trace of X-X^2 took      0.00 usr cpu s       0.00 sys cpu s       0.00 wall s
INDE ||X-X^2||_F = 3.128785e+00 , ||X-X^2||_mixed = 1.495112e+00
INDE trace(X-X^2) = 4.422264e+01
INDE trace(X) = 9.040620e+01
INDE Checking stopping criterion...   
INDE Order of convergence cannot be computed
TIDE stopping_criterion took      0.00 usr cpu s       0.00 sys cpu s       0.00 wall s
TIDE Iteration 2 took      0.01 usr cpu s       0.03 sys cpu s       0.00 wall s
INDE     ITERATION 3 :
TIDE purify_X took      0.00 usr cpu s       0.00 sys cpu s       0.00 wall s
TIDE truncate_matrix took      0.00 usr cpu s       0.00 sys cpu s       0.00 wall s
INDE Actual introduced error   0.000000e+00 : nnz before  49284 <-> 100.00 % , nnz after  49284 <-> 100.00 %
TIDE square took      0.01 usr cpu s       0.01 sys cpu s       0.00 wall s
INDE NNZ Xsq = 49284 <-> 100.00 %
TIDE Frobenius norm of X-X^2 took      0.00 usr cpu s       0.00 sys cpu s       0.00 wall s
TIDE Mixed norm of X-X^2 took      0.00 usr cpu s       0.01 sys cpu s       0.00 wall s
TIDE Trace of X-X^2 took      0.00 usr cpu s       0.00 sys cpu s       0.00 wall s
INDE ||X-X^2||_F = 2.042920e+00 , ||X-X^2||_mixed = 1.140107e+00
INDE trace(X-X^2) = 2.593177e+01
INDE trace(X) = 4.618356e+01
INDE Checking stopping criterion...   
INDE Order of convergence cannot be computed
TIDE stopping_criterion took      0.00 usr cpu s       0.00 sys cpu s       0.00 wall s
TIDE Iteration 3 took      0.01 usr cpu s       0.02 sys cpu s       0.00 wall s
INDE     ITERATION 4 :
TIDE purify_X took      0.00 usr cpu s       0.00 sys cpu s       0.00 wall s
TIDE truncate_matrix took      0.00 usr cpu s       0.00 sys cpu s       0.00 wall s
INDE Actual introduced error   0.000000e+00 : nnz before  49284 <-> 100.00 % , nnz after  49284 <-> 100.00 %
TIDE square took      0.00 usr cpu s       0.01 sys cpu s       0.00 wall s
INDE NNZ Xsq = 49284 <-> 100.00 %
TIDE Frobenius norm of X-X^2 took      0.00 usr cpu s       0.00 sys cpu s       0.00 wall s
TIDE Mixed norm of X-X^2 took      0.01 usr cpu s       0.01 sys cpu s       0.00 wall s
TIDE Trace of X-X^2 took      0.00 usr cpu s       0.00 sys cpu s       0.00 wall s
INDE ||X-X^2||_F = 2.694209e+00 , ||X-X^2||_mixed = 1.436982e+00
INDE trace(X-X^2) = 3.563246e+01
INDE trace(X) = 7.211533e+01
INDE Checking stopping criterion...   
INDE Order of convergence cannot be computed
TIDE stopping_criterion took      0.00 usr cpu s       0.00 sys cpu s       0.00 wall s
TIDE Iteration 4 took      0.01 usr cpu s       0.02 sys cpu s       0.00 wall s
INDE     ITERATION 5 :
TIDE purify_X took      0.00 usr cpu s       0.00 sys cpu s       0.00 wall s
TIDE truncate_matrix took      0.00 usr cpu s       0.00 sys cpu s       0.00 wall s
INDE Actual introduced error   0.000000e+00 : nnz before  49284 <-> 100.00 % , nnz after  49284 <-> 100.00 %
TIDE square took      0.00 usr cpu s       0.02 sys cpu s       0.00 wall s
INDE NNZ Xsq = 49284 <-> 100.00 %
TIDE Frobenius norm of X-X^2 took      0.00 usr cpu s       0.00 sys cpu s       0.00 wall s
TIDE Mixed norm of X-X^2 took      0.00 usr cpu s       0.01 sys cpu s       0.00 wall s
TIDE Trace of X-X^2 took      0.00 usr cpu s       0.00 sys cpu s       0.00 wall s
INDE ||X-X^2||_F = 2.829640e+00 , ||X-X^2||_mixed = 1.489637e+00
INDE trace(X-X^2) = 3.867140e+01
INDE trace(X) = 1.077478e+02
INDE Checking stopping criterion...   
INDE Order of convergence cannot be computed
TIDE stopping_criterion took      0.00 usr cpu s       0.00 sys cpu s       0.00 wall s
TIDE Iteration 5 took      0.00 usr cpu s       0.03 sys cpu s       0.00 wall s
INDE     ITERATION 6 :
TIDE purify_X took      0.00 usr cpu s       0.00 sys cpu s       0.00 wall s
TIDE truncate_matrix took      0.00 usr cpu s       0.00 sys cpu s       0.00 wall s
INDE Actual introduced error   0.000000e+00 : nnz before  49284 <-> 100.00 % , nnz after  49284 <-> 100.00 %
TIDE square took      0.00 usr cpu s       0.01 sys cpu s       0.00 wall s
INDE NNZ Xsq = 49284 <-> 100.00 %
TIDE Frobenius norm of X-X^2 took      0.00 usr cpu s       0.00 sys cpu s       0.00 wall s
TIDE Mixed norm of X-X^2 took      0.01 usr cpu s       0.01 sys cpu s       0.00 wall s
TIDE Trace of X-X^2 took      0.00 usr cpu s       0.00 sys cpu s       0.00 wall s
INDE ||X-X^2||_F = 2.431514e+00 , ||X-X^2||_mixed = 1.395156e+00
INDE trace(X-X^2) = 2.987918e+01
INDE trace(X) = 6.907639e+01
INDE Checking stopping criterion...   
INDE Order of convergence cannot be computed
TIDE stopping_criterion took      0.00 usr cpu s       0.00 sys cpu s       0.00 wall s
TIDE Iteration 6 took      0.01 usr cpu s       0.02 sys cpu s       0.00 wall s
INDE     ITERATION 7 :
TIDE purify_X took      0.00 usr cpu s       0.00 sys cpu s       0.00 wall s
TIDE truncate_matrix took      0.00 usr cpu s       0.00 sys cpu s       0.00 wall s
INDE Actual introduced error   0.000000e+00 : nnz before  49284 <-> 100.00 % , nnz after  49284 <-> 100.00 %
TIDE square took      0.00 usr cpu s       0.01 sys cpu s       0.00 wall s
INDE NNZ Xsq = 49284 <-> 100.00 %
TIDE Frobenius norm of X-X^2 took      0.00 usr cpu s       0.00 sys cpu s       0.00 wall s
TIDE Mixed norm of X-X^2 took      0.00 usr cpu s       0.01 sys cpu s       0.00 wall s
TIDE Trace of X-X^2 took      0.00 usr cpu s       0.00 sys cpu s       0.00 wall s
INDE ||X-X^2||_F = 1.752193e+00 , ||X-X^2||_mixed = 1.119077e+00
INDE trace(X-X^2) = 1.729574e+01
INDE trace(X) = 3.919720e+01
INDE Checking stopping criterion...   
INDE Order of convergence cannot be computed
TIDE stopping_criterion took      0.00 usr cpu s       0.00 sys cpu s       0.00 wall s
TIDE Iteration 7 took      0.00 usr cpu s       0.03 sys cpu s       0.00 wall s
INDE     ITERATION 8 :
TIDE purify_X took      0.00 usr cpu s       0.00 sys cpu s       0.00 wall s
TIDE truncate_matrix took      0.00 usr cpu s       0.00 sys cpu s       0.00 wall s
INDE Actual introduced error   0.000000e+00 : nnz before  49284 <-> 100.00 % , nnz after  49284 <-> 100.00 %
TIDE square took      0.00 usr cpu s       0.02 sys cpu s       0.00 wall s
INDE NNZ Xsq = 49284 <-> 100.00 %
TIDE Frobenius norm of X-X^2 took      0.00 usr cpu s       0.00 sys cpu s       0.00 wall s
TIDE Mixed norm of X-X^2 took      0.00 usr cpu s       0.01 sys cpu s       0.00 wall s
TIDE Trace of X-X^2 took      0.00 usr cpu s       0.00 sys cpu s       0.00 wall s
INDE ||X-X^2||_F = 1.978925e+00 , ||X-X^2||_mixed = 1.220647e+00
INDE trace(X-X^2) = 2.135613e+01
INDE trace(X) = 5.649294e+01
INDE Checking stopping criterion...   
INDE Order of convergence cannot be computed
TIDE stopping_criterion took      0.00 usr cpu s       0.00 sys cpu s       0.00 wall s
TIDE Iteration 8 took      0.01 usr cpu s       0.03 sys cpu s       0.00 wall s
INDE     ITERATION 9 :
TIDE purify_X took      0.00 usr cpu s       0.00 sys cpu s       0.00 wall s
TIDE truncate_matrix took      0.00 usr cpu s       0.00 sys cpu s       0.00 wall s
INDE Actual introduced error   0.000000e+00 : nnz before  49284 <-> 100.00 % , nnz after  49284 <-> 100.00 %
TIDE square took      0.00 usr cpu s       0.01 sys cpu s       0.00 wall s
INDE NNZ Xsq = 49284 <-> 100.00 %
TIDE Frobenius norm of X-X^2 took      0.00 usr cpu s       0.00 sys cpu s       0.00 wall s
TIDE Mixed norm of X-X^2 took      0.00 usr cpu s       0.01 sys cpu s       0.00 wall s
TIDE Trace of X-X^2 took      0.00 usr cpu s       0.00 sys cpu s       0.00 wall s
INDE ||X-X^2||_F = 1.539810e+00 , ||X-X^2||_mixed = 1.043571e+00
INDE trace(X-X^2) = 1.273191e+01
INDE trace(X) = 3.513681e+01
INDE Checking stopping criterion...   
INDE Order of convergence cannot be computed
TIDE stopping_criterion took      0.00 usr cpu s       0.00 sys cpu s       0.00 wall s
TIDE Iteration 9 took      0.01 usr cpu s       0.03 sys cpu s       0.00 wall s
INDE     ITERATION 10 :
TIDE purify_X took      0.00 usr cpu s       0.00 sys cpu s       0.00 wall s
TIDE truncate_matrix took      0.00 usr cpu s       0.00 sys cpu s       0.00 wall s
INDE Actual introduced error   0.000000e+00 : nnz before  49284 <-> 100.00 % , nnz after  49284 <-> 100.00 %
TIDE square took      0.00 usr cpu s       0.01 sys cpu s       0.00 wall s
INDE NNZ Xsq = 49284 <-> 100.00 %
TIDE Frobenius norm of X-X^2 took      0.00 usr cpu s       0.00 sys cpu s       0.00 wall s
TIDE Mixed norm of X-X^2 took      0.00 usr cpu s       0.01 sys cpu s       0.00 wall s
TIDE Trace of X-X^2 took      0.00 usr cpu s       0.00 sys cpu s       0.00 wall s
INDE ||X-X^2||_F = 1.535725e+00 , ||X-X^2||_mixed = 1.008731e+00
INDE trace(X-X^2) = 1.407681e+01
INDE trace(X) = 4.786872e+01
INDE Checking stopping criterion...   
INDE Order of convergence cannot be computed
TIDE stopping_criterion took      0.00 usr cpu s       0.00 sys cpu s       0.00 wall s
TIDE Iteration 10 took      0.01 usr cpu s       0.02 sys cpu s       0.00 wall s
INDE     ITERATION 11 :
TIDE purify_X took      0.00 usr cpu s       0.00 sys cpu s       0.00 wall s
TIDE truncate_matrix took      0.00 usr cpu s       0.00 sys cpu s       0.00 wall s
INDE Actual introduced error   0.000000e+00 : nnz before  49284 <-> 100.00 % , nnz after  49284 <-> 100.00 %
TIDE square took      0.00 usr cpu s       0.01 sys cpu s       0.00 wall s
INDE NNZ Xsq = 49284 <-> 100.00 %
TIDE Frobenius norm of X-X^2 took      0.00 usr cpu s       0.00 sys cpu s       0.00 wall s
TIDE Mixed norm of X-X^2 took      0.00 usr cpu s       0.01 sys cpu s       0.00 wall s
TIDE Trace of X-X^2 took      0.00 usr cpu s       0.00 sys cpu s       0.00 wall s
INDE ||X-X^2||_F = 1.525282e+00 , ||X-X^2||_mixed = 1.054944e+00
INDE trace(X-X^2) = 1.394051e+01
INDE trace(X) = 6.194553e+01
INDE Checking stopping criterion...   
INDE Order of convergence cannot be computed
TIDE stopping_criterion took      0.00 usr cpu s       0.00 sys cpu s       0.00 wall s
TIDE Iteration 11 took      0.01 usr cpu s       0.02 sys cpu s       0.00 wall s
INDE     ITERATION 12 :
TIDE purify_X took      0.00 usr cpu s       0.00 sys cpu s       0.00 wall s
TIDE truncate_matrix took      0.00 usr cpu s       0.00 sys cpu s       0.00 wall s
INDE Actual introduced error   0.000000e+00 : nnz before  49284 <-> 100.00 % , nnz after  49284 <-> 100.00 %
TIDE square took      0.01 usr cpu s       0.01 sys cpu s       0.00 wall s
INDE NNZ Xsq = 49284 <-> 100.00 %
TIDE Frobenius norm of X-X^2 took      0.00 usr cpu s       0.00 sys cpu s       0.00 wall s
TIDE Mixed norm of X-X^2 took      0.00 usr cpu s       0.01 sys cpu s       0.00 wall s
TIDE Trace of X-X^2 took      0.00 usr cpu s       0.00 sys cpu s       0.00 wall s
INDE ||X-X^2||_F = 1.135336e+00 , ||X-X^2||_mixed = 7.831700e-01
INDE trace(X-X^2) = 8.882934e+00
INDE trace(X) = 4.800502e+01
INDE Checking stopping criterion...   
INDE Order of convergence cannot be computed
TIDE stopping_criterion took      0.00 usr cpu s       0.00 sys cpu s       0.00 wall s
TIDE Iteration 12 took      0.01 usr cpu s       0.03 sys cpu s       0.00 wall s
INDE     ITERATION 13 :
TIDE purify_X took      0.00 usr cpu s       0.00 sys cpu s       0.00 wall s
TIDE truncate_matrix took      0.00 usr cpu s       0.00 sys cpu s       0.00 wall s
INDE Actual introduced error   0.000000e+00 : nnz before  49284 <-> 100.00 % , nnz after  49284 <-> 100.00 %
TIDE square took      0.00 usr cpu s       0.01 sys cpu s       0.00 wall s
INDE NNZ Xsq = 49284 <-> 100.00 %
TIDE Frobenius norm of X-X^2 took      0.00 usr cpu s       0.00 sys cpu s       0.00 wall s
TIDE Mixed norm of X-X^2 took      0.00 usr cpu s       0.01 sys cpu s       0.00 wall s
TIDE Trace of X-X^2 took      0.00 usr cpu s       0.00 sys cpu s       0.00 wall s
INDE ||X-X^2||_F = 1.136397e+00 , ||X-X^2||_mixed = 8.313513e-01
INDE trace(X-X^2) = 7.039013e+00
INDE trace(X) = 3.912209e+01
INDE Checking stopping criterion...   
INDE Order of convergence cannot be computed
TIDE stopping_criterion took      0.00 usr cpu s       0.00 sys cpu s       0.00 wall s
TIDE Iteration 13 took      0.01 usr cpu s       0.02 sys cpu s       0.00 wall s
INDE     ITERATION 14 :
TIDE purify_X took      0.00 usr cpu s       0.00 sys cpu s       0.00 wall s
TIDE truncate_matrix took      0.00 usr cpu s       0.00 sys cpu s       0.00 wall s
INDE Actual introduced error   0.000000e+00 : nnz before  49284 <-> 100.00 % , nnz after  49284 <-> 100.00 %
TIDE square took      0.00 usr cpu s       0.02 sys cpu s       0.00 wall s
INDE NNZ Xsq = 49284 <-> 100.00 %
TIDE Frobenius norm of X-X^2 took      0.00 usr cpu s       0.00 sys cpu s       0.00 wall s
TIDE Mixed norm of X-X^2 took      0.01 usr cpu s       0.00 sys cpu s       0.00 wall s
TIDE Trace of X-X^2 took      0.00 usr cpu s       0.00 sys cpu s       0.00 wall s
INDE ||X-X^2||_F = 7.344791e-01 , ||X-X^2||_mixed = 5.416177e-01
INDE trace(X-X^2) = 4.672055e+00
INDE trace(X) = 4.616110e+01
INDE Checking stopping criterion...   
INDE e_i =5.416177e-01, C*e_{i-1}^q = 4.224300e+00
INDE Order of convergence = 10.404263, stop = 0
TIDE stopping_criterion took      0.00 usr cpu s       0.00 sys cpu s       0.00 wall s
TIDE Iteration 14 took      0.01 usr cpu s       0.02 sys cpu s       0.00 wall s
INDE     ITERATION 15 :
TIDE purify_X took      0.00 usr cpu s       0.00 sys cpu s       0.00 wall s
TIDE truncate_matrix took      0.00 usr cpu s       0.00 sys cpu s       0.00 wall s
INDE Actual introduced error   0.000000e+00 : nnz before  49284 <-> 100.00 % , nnz after  49284 <-> 100.00 %
TIDE square took      0.00 usr cpu s       0.02 sys cpu s       0.00 wall s
INDE NNZ Xsq = 49284 <-> 100.00 %
TIDE Frobenius norm of X-X^2 took      0.00 usr cpu s       0.00 sys cpu s       0.00 wall s
TIDE Mixed norm of X-X^2 took      0.00 usr cpu s       0.01 sys cpu s       0.00 wall s
TIDE Trace of X-X^2 took      0.00 usr cpu s       0.00 sys cpu s       0.00 wall s
INDE ||X-X^2||_F = 7.310245e-01 , ||X-X^2||_mixed = 5.527569e-01
INDE trace(X-X^2) = 3.795997e+00
INDE trace(X) = 5.083316e+01
INDE Checking stopping criterion...   
INDE Order of convergence cannot be computed
TIDE stopping_criterion took      0.00 usr cpu s       0.00 sys cpu s       0.00 wall s
TIDE Iteration 15 took      0.01 usr cpu s       0.03 sys cpu s       0.00 wall s
INDE     ITERATION 16 :
TIDE purify_X took      0.00 usr cpu s       0.00 sys cpu s       0.00 wall s
TIDE truncate_matrix took      0.00 usr cpu s       0.00 sys cpu s       0.00 wall s
INDE Actual introduced error   0.000000e+00 : nnz before  49284 <-> 100.00 % , nnz after  49284 <-> 100.00 %
TIDE square took      0.00 usr cpu s       0.01 sys cpu s       0.00 wall s
INDE NNZ Xsq = 49284 <-> 100.00 %
TIDE Frobenius norm of X-X^2 took      0.00 usr cpu s       0.00 sys cpu s       0.00 wall s
TIDE Mixed norm of X-X^2 took      0.00 usr cpu s       0.01 sys cpu s       0.00 wall s
TIDE Trace of X-X^2 took      0.00 usr cpu s       0.00 sys cpu s       0.00 wall s
INDE ||X-X^2||_F = 3.736103e-01 , ||X-X^2||_mixed = 3.052516e-01
INDE trace(X-X^2) = 1.819587e+00
INDE trace(X) = 4.703716e+01
INDE Checking stopping criterion...   
INDE e_i =3.052516e-01, C*e_{i-1}^q = 2.020358e+00
INDE Order of convergence = 5.082045, stop = 0
TIDE stopping_criterion took      0.00 usr cpu s       0.00 sys cpu s       0.00 wall s
TIDE Iteration 16 took      0.01 usr cpu s       0.02 sys cpu s       0.00 wall s
INDE     ITERATION 17 :
TIDE purify_X took      0.00 usr cpu s       0.00 sys cpu s       0.00 wall s
TIDE truncate_matrix took      0.00 usr cpu s       0.00 sys cpu s       0.00 wall s
INDE Actual introduced error   0.000000e+00 : nnz before  49284 <-> 100.00 % , nnz after  49284 <-> 100.00 %
TIDE square took      0.00 usr cpu s       0.02 sys cpu s       0.00 wall s
INDE NNZ Xsq = 49284 <-> 100.00 %
TIDE Frobenius norm of X-X^2 took      0.00 usr cpu s       0.00 sys cpu s       0.00 wall s
TIDE Mixed norm of X-X^2 took      0.00 usr cpu s       0.01 sys cpu s       0.00 wall s
TIDE Trace of X-X^2 took      0.00 usr cpu s       0.00 sys cpu s       0.00 wall s
INDE ||X-X^2||_F = 4.268859e-01 , ||X-X^2||_mixed = 3.695997e-01
INDE trace(X-X^2) = 1.694148e+00
INDE trace(X) = 4.521757e+01
INDE Checking stopping criterion...   
INDE Order of convergence cannot be computed
TIDE stopping_criterion took      0.00 usr cpu s       0.00 sys cpu s       0.00 wall s
TIDE Iteration 17 took      0.01 usr cpu s       0.02 sys cpu s       0.00 wall s
INDE     ITERATION 18 :
TIDE purify_X took      0.00 usr cpu s       0.00 sys cpu s       0.00 wall s
TIDE truncate_matrix took      0.00 usr cpu s       0.00 sys cpu s       0.00 wall s
INDE Actual introduced error   0.000000e+00 : nnz before  49284 <-> 100.00 % , nnz after  49284 <-> 100.00 %
TIDE square took      0.01 usr cpu s       0.01 sys cpu s       0.00 wall s
INDE NNZ Xsq = 49284 <-> 100.00 %
TIDE Frobenius norm of X-X^2 took      0.00 usr cpu s       0.00 sys cpu s       0.00 wall s
TIDE Mixed norm of X-X^2 took      0.00 usr cpu s       0.01 sys cpu s       0.00 wall s
TIDE Trace of X-X^2 took      0.00 usr cpu s       0.00 sys cpu s       0.00 wall s
INDE ||X-X^2||_F = 1.459561e-01 , ||X-X^2||_mixed = 1.341935e-01
INDE trace(X-X^2) = 4.663357e-01
INDE trace(X) = 4.691172e+01
INDE Checking stopping criterion...   
INDE e_i =1.341935e-01, C*e_{i-1}^q = 6.417391e-01
INDE Order of convergence = 3.318788, stop = 0
TIDE stopping_criterion took      0.00 usr cpu s       0.00 sys cpu s       0.00 wall s
TIDE Iteration 18 took      0.01 usr cpu s       0.02 sys cpu s       0.00 wall s
INDE     ITERATION 19 :
TIDE purify_X took      0.00 usr cpu s       0.00 sys cpu s       0.00 wall s
TIDE truncate_matrix took      0.00 usr cpu s       0.00 sys cpu s       0.00 wall s
INDE Actual introduced error   0.000000e+00 : nnz before  49284 <-> 100.00 % , nnz after  49284 <-> 100.00 %
TIDE square took      0.01 usr cpu s       0.01 sys cpu s       0.00 wall s
INDE NNZ Xsq = 49284 <-> 100.00 %
TIDE Frobenius norm of X-X^2 took      0.00 usr cpu s       0.00 sys cpu s       0.00 wall s
TIDE Mixed norm of X-X^2 took      0.00 usr cpu s       0.01 sys cpu s       0.00 wall s
TIDE Trace of X-X^2 took      0.00 usr cpu s       0.00 sys cpu s       0.00 wall s
INDE ||X-X^2||_F = 1.609141e-01 , ||X-X^2||_mixed = 1.526528e-01
INDE trace(X-X^2) = 3.767346e-01
INDE trace(X) = 4.737806e+01
INDE Checking stopping criterion...   
INDE Order of convergence cannot be computed
TIDE stopping_criterion took      0.00 usr cpu s       0.00 sys cpu s       0.00 wall s
TIDE Iteration 19 took      0.01 usr cpu s       0.02 sys cpu s       0.00 wall s
INDE     ITERATION 20 :
TIDE purify_X took      0.00 usr cpu s       0.00 sys cpu s       0.00 wall s
TIDE truncate_matrix took      0.00 usr cpu s       0.00 sys cpu s       0.00 wall s
INDE Actual introduced error   0.000000e+00 : nnz before  49284 <-> 100.00 % , nnz after  49284 <-> 100.00 %
TIDE square took      0.01 usr cpu s       0.01 sys cpu s       0.00 wall s
INDE NNZ Xsq = 49284 <-> 100.00 %
TIDE Frobenius norm of X-X^2 took      0.00 usr cpu s       0.00 sys cpu s       0.00 wall s
TIDE Mixed norm of X-X^2 took      0.00 usr cpu s       0.01 sys cpu s       0.00 wall s
TIDE Trace of X-X^2 took      0.00 usr cpu s       0.00 sys cpu s       0.00 wall s
INDE ||X-X^2||_F = 2.957172e-02 , ||X-X^2||_mixed = 2.827057e-02
INDE trace(X-X^2) = 6.381356e-02
INDE trace(X) = 4.700132e+01
INDE Checking stopping criterion...   
INDE e_i =2.827057e-02, C*e_{i-1}^q = 1.240240e-01
INDE Order of convergence = 2.736208, stop = 0
TIDE stopping_criterion took      0.00 usr cpu s       0.00 sys cpu s       0.00 wall s
TIDE Iteration 20 took      0.01 usr cpu s       0.02 sys cpu s       0.00 wall s
INDE     ITERATION 21 :
TIDE purify_X took      0.00 usr cpu s       0.00 sys cpu s       0.00 wall s
TIDE truncate_matrix took      0.00 usr cpu s       0.00 sys cpu s       0.00 wall s
INDE Actual introduced error   0.000000e+00 : nnz before  49284 <-> 100.00 % , nnz after  49284 <-> 100.00 %
TIDE square took      0.01 usr cpu s       0.01 sys cpu s       0.00 wall s
INDE NNZ Xsq = 49284 <-> 100.00 %
TIDE Frobenius norm of X-X^2 took      0.00 usr cpu s       0.00 sys cpu s       0.00 wall s
TIDE Mixed norm of X-X^2 took      0.00 usr cpu s       0.01 sys cpu s       0.00 wall s
TIDE Trace of X-X^2 took      0.00 usr cpu s       0.00 sys cpu s       0.00 wall s
INDE ||X-X^2||_F = 3.870900e-02 , ||X-X^2||_mixed = 3.858154e-02
INDE trace(X-X^2) = 6.190803e-02
INDE trace(X) = 4.693751e+01
INDE Checking stopping criterion...   
INDE Order of convergence cannot be computed
TIDE stopping_criterion took      0.00 usr cpu s       0.00 sys cpu s       0.00 wall s
TIDE Iteration 21 took      0.01 usr cpu s       0.02 sys cpu s       0.00 wall s
INDE     ITERATION 22 :
TIDE purify_X took      0.00 usr cpu s       0.00 sys cpu s       0.00 wall s
TIDE truncate_matrix took      0.00 usr cpu s       0.00 sys cpu s       0.00 wall s
INDE Actual introduced error   0.000000e+00 : nnz before  49284 <-> 100.00 % , nnz after  49284 <-> 100.00 %
TIDE square took      0.01 usr cpu s       0.01 sys cpu s       0.00 wall s
INDE NNZ Xsq = 49284 <-> 100.00 %
TIDE Frobenius norm of X-X^2 took      0.00 usr cpu s       0.00 sys cpu s       0.00 wall s
TIDE Mixed norm of X-X^2 took      0.00 usr cpu s       0.01 sys cpu s       0.00 wall s
TIDE Trace of X-X^2 took      0.00 usr cpu s       0.00 sys cpu s       0.00 wall s
INDE ||X-X^2||_F = 1.447012e-03 , ||X-X^2||_mixed = 1.400111e-03
INDE trace(X-X^2) = 2.589750e-03
INDE trace(X) = 4.699942e+01
INDE Checking stopping criterion...   
INDE e_i =1.400111e-03, C*e_{i-1}^q = 5.504425e-03
INDE Order of convergence = 2.383911, stop = 0
TIDE stopping_criterion took      0.00 usr cpu s       0.00 sys cpu s       0.00 wall s
TIDE Iteration 22 took      0.01 usr cpu s       0.02 sys cpu s       0.00 wall s
INDE     ITERATION 23 :
TIDE purify_X took      0.00 usr cpu s       0.00 sys cpu s       0.00 wall s
TIDE truncate_matrix took      0.00 usr cpu s       0.00 sys cpu s       0.00 wall s
INDE Actual introduced error   0.000000e+00 : nnz before  49284 <-> 100.00 % , nnz after  49284 <-> 100.00 %
TIDE square took      0.00 usr cpu s       0.02 sys cpu s       0.00 wall s
INDE NNZ Xsq = 49284 <-> 100.00 %
TIDE Frobenius norm of X-X^2 took      0.00 usr cpu s       0.00 sys cpu s       0.00 wall s
TIDE Mixed norm of X-X^2 took      0.00 usr cpu s       0.01 sys cpu s       0.00 wall s
TIDE Trace of X-X^2 took      0.00 usr cpu s       0.00 sys cpu s       0.00 wall s
INDE ||X-X^2||_F = 1.746204e-03 , ||X-X^2||_mixed = 1.745270e-03
INDE trace(X-X^2) = 2.005620e-03
INDE trace(X) = 4.700201e+01
INDE Checking stopping criterion...   
INDE Order of convergence cannot be computed
TIDE stopping_criterion took      0.00 usr cpu s       0.00 sys cpu s       0.00 wall s
TIDE Iteration 23 took      0.00 usr cpu s       0.03 sys cpu s       0.00 wall s
INDE     ITERATION 24 :
TIDE purify_X took      0.00 usr cpu s       0.00 sys cpu s       0.00 wall s
TIDE truncate_matrix took      0.00 usr cpu s       0.00 sys cpu s       0.00 wall s
INDE Actual introduced error   0.000000e+00 : nnz before  49284 <-> 100.00 % , nnz after  49284 <-> 100.00 %
TIDE square took      0.01 usr cpu s       0.01 sys cpu s       0.00 wall s
INDE NNZ Xsq = 49284 <-> 100.00 %
TIDE Frobenius norm of X-X^2 took      0.00 usr cpu s       0.00 sys cpu s       0.00 wall s
TIDE Mixed norm of X-X^2 took      0.00 usr cpu s       0.01 sys cpu s       0.00 wall s
TIDE Trace of X-X^2 took      0.00 usr cpu s       0.00 sys cpu s       0.00 wall s
INDE ||X-X^2||_F = 3.666827e-06 , ||X-X^2||_mixed = 3.554271e-06
INDE trace(X-X^2) = 5.723561e-06
INDE trace(X) = 4.700000e+01
INDE Checking stopping criterion...   
INDE e_i =3.554271e-06, C*e_{i-1}^q = 1.350105e-05
INDE Order of convergence = 2.203101, stop = 0
TIDE stopping_criterion took      0.00 usr cpu s       0.00 sys cpu s       0.00 wall s
TIDE Iteration 24 took      0.01 usr cpu s       0.02 sys cpu s       0.00 wall s
INDE     ITERATION 25 :
TIDE purify_X took      0.00 usr cpu s       0.00 sys cpu s       0.00 wall s
TIDE truncate_matrix took      0.00 usr cpu s       0.00 sys cpu s       0.00 wall s
INDE Actual introduced error   0.000000e+00 : nnz before  49284 <-> 100.00 % , nnz after  49284 <-> 100.00 %
TIDE square took      0.00 usr cpu s       0.01 sys cpu s       0.00 wall s
INDE NNZ Xsq = 49284 <-> 100.00 %
TIDE Frobenius norm of X-X^2 took      0.00 usr cpu s       0.00 sys cpu s       0.00 wall s
TIDE Mixed norm of X-X^2 took      0.00 usr cpu s       0.01 sys cpu s       0.00 wall s
TIDE Trace of X-X^2 took      0.00 usr cpu s       0.00 sys cpu s       0.00 wall s
INDE ||X-X^2||_F = 4.218971e-06 , ||X-X^2||_mixed = 4.215555e-06
INDE trace(X-X^2) = 5.327867e-06
INDE trace(X) = 4.699999e+01
INDE Checking stopping criterion...   
INDE Order of convergence cannot be computed
TIDE stopping_criterion took      0.00 usr cpu s       0.00 sys cpu s       0.00 wall s
TIDE Iteration 25 took      0.00 usr cpu s       0.03 sys cpu s       0.00 wall s
INDE     ITERATION 26 :
TIDE purify_X took      0.00 usr cpu s       0.00 sys cpu s       0.00 wall s
TIDE truncate_matrix took      0.00 usr cpu s       0.00 sys cpu s       0.00 wall s
INDE Actual introduced error   0.000000e+00 : nnz before  49284 <-> 100.00 % , nnz after  49284 <-> 100.00 %
TIDE square took      0.01 usr cpu s       0.01 sys cpu s       0.00 wall s
INDE NNZ Xsq = 49284 <-> 100.00 %
TIDE Frobenius norm of X-X^2 took      0.00 usr cpu s       0.00 sys cpu s       0.00 wall s
TIDE Mixed norm of X-X^2 took      0.00 usr cpu s       0.01 sys cpu s       0.00 wall s
TIDE Trace of X-X^2 took      0.00 usr cpu s       0.00 sys cpu s       0.00 wall s
INDE ||X-X^2||_F = 2.417138e-11 , ||X-X^2||_mixed = 2.337675e-11
INDE trace(X-X^2) = 3.578293e-11
INDE trace(X) = 4.700000e+01
INDE Checking stopping criterion...   
INDE e_i =2.337675e-11, C*e_{i-1}^q = 8.700492e-11
INDE Order of convergence = 2.104741, stop = 0
TIDE stopping_criterion took      0.00 usr cpu s       0.00 sys cpu s       0.00 wall s
TIDE Iteration 26 took      0.01 usr cpu s       0.02 sys cpu s       0.00 wall s
INDE     ITERATION 27 :
TIDE purify_X took      0.00 usr cpu s       0.00 sys cpu s       0.00 wall s
TIDE truncate_matrix took      0.00 usr cpu s       0.00 sys cpu s       0.00 wall s
INDE Actual introduced error   0.000000e+00 : nnz before  49284 <-> 100.00 % , nnz after  49284 <-> 100.00 %
TIDE square took      0.00 usr cpu s       0.02 sys cpu s       0.00 wall s
INDE NNZ Xsq = 49284 <-> 100.00 %
TIDE Frobenius norm of X-X^2 took      0.00 usr cpu s       0.00 sys cpu s       0.00 wall s
TIDE Mixed norm of X-X^2 took      0.00 usr cpu s       0.01 sys cpu s       0.00 wall s
TIDE Trace of X-X^2 took      0.00 usr cpu s       0.00 sys cpu s       0.00 wall s
INDE ||X-X^2||_F = 3.230029e-11 , ||X-X^2||_mixed = 3.229748e-11
INDE trace(X-X^2) = 3.560530e-11
INDE trace(X) = 4.700000e+01
INDE Checking stopping criterion...   
INDE e_i =3.229748e-11, C*e_{i-1}^q = 1.223918e-10
INDE Order of convergence = 2.107641, stop = 0
TIDE stopping_criterion took      0.00 usr cpu s       0.00 sys cpu s       0.00 wall s
TIDE Iteration 27 took      0.00 usr cpu s       0.03 sys cpu s       0.00 wall s
INDE     ITERATION 28 :
TIDE purify_X took      0.00 usr cpu s       0.00 sys cpu s       0.00 wall s
TIDE truncate_matrix took      0.00 usr cpu s       0.00 sys cpu s       0.00 wall s
INDE Actual introduced error   0.000000e+00 : nnz before  49284 <-> 100.00 % , nnz after  49284 <-> 100.00 %
TIDE square took      0.00 usr cpu s       0.01 sys cpu s       0.00 wall s
INDE NNZ Xsq = 49284 <-> 100.00 %
TIDE Frobenius norm of X-X^2 took      0.00 usr cpu s       0.00 sys cpu s       0.00 wall s
TIDE Mixed norm of X-X^2 took      0.00 usr cpu s       0.00 sys cpu s       0.00 wall s
TIDE Trace of X-X^2 took      0.00 usr cpu s       0.00 sys cpu s       0.00 wall s
INDE ||X-X^2||_F = 2.214168e-15 , ||X-X^2||_mixed = 0.000000e+00
INDE trace(X-X^2) = 0.000000e+00
INDE trace(X) = 4.700000e+01
INDE Checking stopping criterion...   
INDE ************************************************************************************************************
INDE The norm value went much below machine precision, therefore we stop here since n_max can be underestimated.
INDE ************************************************************************************************************
INDE e_i =0.000000e+00, C*e_{i-1}^q = 3.763666e-21
INDE Order of convergence = inf, stop = 1
TIDE stopping_criterion took      0.00 usr cpu s       0.00 sys cpu s       0.00 wall s
INDE PURIFICATION CONVERGED after 28 iterations
TIDE Iteration 28 took      0.00 usr cpu s       0.02 sys cpu s       0.00 wall s
INDE Number of non-zeros in D is  49284 <-> 100.00 %
TIDE FileWritable::writeAndReadAll took      0.00 usr cpu s       0.00 sys cpu s       0.00 wall s
INDE writeAndReadAll sizesStr: '0 MB (1 MatrixGeneral, 0 > 1 MB) + 0 MB (13 MatrixSymmetric, 0 > 1 MB) + 0 MB (2 VectorGeneral, 0 > 1 MB) = 0 MB (16 total, 0 > 1 MB)
INDE TOTAL accumulated subspace error is 0.000000e+00
INDE TOTAL X square time: 0.065979 wall s
INDE TOTAL X trunction time: 0.003362 wall s
INDE TOTAL X purify (exl. X^2 computation) time: 0.003378 wall s
INDE TOTAL time to get number of non-zero elements: 0.001053 wall s
INDE TOTAL time to get mixed norm: 0.044309 wall s
INDE TOTAL time to get Frobenius norm: 0.003764 wall s
INDE TOTAL time for stopping criterion: 0.001295 wall s
INDE TOTAL time to get matrix trace: 0.000597 wall s
INDE Estimated bounds for the eigenvalues for the Fock matrix:
INDE LUMO: [ 0.089623121493 , 0.142744827335 ]
INDE HOMO: [ -0.394966989135 , -0.342418288740 ]
TIDE eigenvalue_bounds_estimation() took      0.00 usr cpu s       0.00 sys cpu s       0.00 wall s
TIDE Recursive expansion took      0.37 usr cpu s       1.16 sys cpu s       0.19 wall s
TIDE Puri->PurificationStart() took      0.37 usr cpu s       1.16 sys cpu s       0.19 wall s
TIDE Accumulated wall times for writeToFile in PurificationStart()          : 0 s (MatrixGeneral) + 2.9e-06 s (MatrixSymmetric) + 7.4e-05 s (VectorGeneral) = 7.7e-05 s
TIDE Accumulated wall times for readFromFile in PurificationStart()         : 0 s (MatrixGeneral) + 3.1e-06 s (MatrixSymmetric) + 3.1e-05 s (VectorGeneral) = 3.4e-05 s
TIDE Accumulated wall times for copy and assign in PurificationStart()      : 9.5e-07 s (MatrixSymmetric) + 4.3e-05 s (VectorGeneral) = 4.4e-05 s
INDE Number of calls to writeToFile in PurificationStart()                  : 2 (MatrixGeneral) + 27 (MatrixSymmetric) + 934 (VectorGeneral) = 963 
INDE Number of calls to readFromFile in PurificationStart()                 : 2 (MatrixGeneral) + 26 (MatrixSymmetric) + 368 (VectorGeneral) = 396 
INDE Number of calls to FileWritable copy and assign in PurificationStart() : 2 (MatrixSymmetric) + 30 (VectorGeneral) = 32 
TIDE mat::Gblas::time after purification :     0.898967
INDE Created .m files with results of the purification
INDE Purification converged OK, subspaceError <=          0.00000000000
INDE E(LUMO) - E(HOMO) >=          0.43204141023 =         11.75644574430 eV
INDE E(LUMO) - E(HOMO) <=          0.53771181647 =         14.63188399694 eV
INDE HOMO interval : [   -0.394966989135   -0.342418288740 ]
INDE LUMO interval : [    0.089623121493    0.142744827335 ]
INDE Trace of resulting density matrix is         47.00000000000, error is   0.00000000000001.
INDE Truncated D_ort ( mixed ), selected threshold = 9.99999e-08, returned error =          0, nnz before = 49284 <-> 100.0000 %, nnz after = 49284 <-> 100.0000 %
TIDE FileWritable::writeAndReadAll took      0.00 usr cpu s       0.00 sys cpu s       0.00 wall s
INDE writeAndReadAll sizesStr: '0 MB (1 MatrixGeneral, 0 > 1 MB) + 0 MB (12 MatrixSymmetric, 0 > 1 MB) + 0 MB (1 MatrixTriangular, 0 > 1 MB) = 0 MB (14 total, 0 > 1 MB)
TIDE D_w to non-orthogonal basis took      0.00 usr cpu s       0.01 sys cpu s       0.00 wall s
INDE Truncated D_S (eucl with Z), selected threshold = 9.99999e-08, returned error =          0, nnz before = 100.0000 %, nnz after = 100.0000 %
INDE get_dens_from_fock_sparse ending OK
TIDE get_dens_from_fock_sparse took      0.47 usr cpu s       1.55 sys cpu s       0.26 wall s
ERDE get_dens_from_fock  (GetDensFromFock class) : purification finished OK.
TIDE get_dens_from_fock took      0.47 usr cpu s       1.55 sys cpu s       0.26 wall s
INSC Matrix 'new density matrix' ( symm ): n =    222, nnz =        49284 <-> 100.00 %, mem usage  0.0002 G
INSC Tr( D * S ) =         94.00000000000
TISC get_new_density_matrix took      0.47 usr cpu s       1.55 sys cpu s       0.26 wall s
INSC SCF_restricted::report_density_difference, diff_eucl =          0.00003018160
TISC SCF_restricted::report_density_difference took      0.01 usr cpu s       0.07 sys cpu s       0.01 wall s
INMA ddf_writeShellListAndDensityMatricesToFile_sparse, n =    222, densityMatrixList[0].nvalues =       24753
INMA opened temporary file 'density.bin.jySrw2' for writing
INMA Choosing matrixStorageType = MATRIX_STORAGE_TYPE_TRIANGLE.
INMA fileSize =          252744 bytes =      0.253 MegaBytes
INMA renamed file 'density.bin.jySrw2' to 'density.bin'
INMA ddf_writeShellListAndDensityMatricesToFile_sparse freeing buffer.
INMA ddf_writeShellListAndDensityMatricesToFile_sparse returning OK.
TISC write_density_to_file took      0.01 usr cpu s       0.05 sys cpu s       0.01 wall s
INSC SCF cycle  13 finished.
TISC SCF cycle  13 took    168.58 usr cpu s       2.49 sys cpu s      30.47 wall s
INSC Beginning of SCF cycle 14:  Thu Mar 26 20:07:36 2026
INDE compute_J_by_boxes_sparse() start.
TIDE FileWritable::writeAndReadAll took      0.00 usr cpu s       0.00 sys cpu s       0.00 wall s
INDE writeAndReadAll: '0 MB (1 MatrixGeneral, 0 > 1 MB) + 0 MB (11 MatrixSymmetric, 0 > 1 MB) = 0 MB (12 total, 0 > 1 MB)
IN   compute_J_by_boxes_sparse, maxDensityMatrixElement =          2.08715479041
ININ get_basis_func_pair_list, n =    222
ININ create_box_system end OK, toplevelBoxSize:   7.0, #levels:  3, #boxes at top level:      6
TIIN get_basis_func_pair_list_2el took      0.20 usr cpu s       0.42 sys cpu s       0.13 wall s
IN   compute_J_by_boxes_sparse: noOfBasisFuncIndexPairs = 21264 ==> storing  43.15 % of a full matrix
ININ entering compute_J_by_boxes_linear, no of basis funcs =   222, threshold_J =   1e-12
ININ use_fmm = 1, fmm_box_size =   5.00
TIIN Compute extent for all distrs took      0.27 usr cpu s       0.00 sys cpu s       0.27 wall s
ININ extent_min =    0.000, extent_max =    8.988
ININ Creating list of distributions etc done, distrCount =    208583
TIIN Creating list of distributions etc took      0.40 usr cpu s       0.00 sys cpu s       0.40 wall s
ININ create_box_system end OK, toplevelBoxSize:   5.0, #levels:  3, #boxes at top level:     10
TIIN Creating boxes took      0.02 usr cpu s       0.00 sys cpu s       0.02 wall s
ININ noOfBranches = 4, splitters:   5.00  2.50  0.00
ININ J org done, groupCount =     7861
TIIN J org took      0.85 usr cpu s       0.00 sys cpu s       0.85 wall s
TIIN Generate group multipoles took      0.37 usr cpu s       0.00 sys cpu s       0.37 wall s
ININ totChargeWholeSystem =          0.00000000000
ININ Generating multipole for each branch at top level, MAX_MULTIPOLE_DEGREE = 15
TIIN Translate multipoles (step 1) took      0.26 usr cpu s       0.00 sys cpu s       0.26 wall s
TIIN Translate multipoles (step 2) took      0.07 usr cpu s       0.00 sys cpu s       0.07 wall s
ININ job lists for J created OK, noOfJobs_J_standard =      789, noOfJobs_J_multipole =       62
TIIN Creating job lists for J took      0.00 usr cpu s       0.00 sys cpu s       0.00 wall s
ININ execute_joblist_J_std_threaded, noOfThreads =  8
ININ 8 threads started OK.
ININ all 8 threads have finished.
TIIN execute_joblist_J_std_threaded took     57.91 usr cpu s       0.05 sys cpu s       9.66 wall s
TIIN sort_list_of_multipole_jobs init part took      0.00 usr cpu s       0.00 sys cpu s       0.00 wall s
TIIN sort_list_of_multipole_jobs complete took      0.00 usr cpu s       0.00 sys cpu s       0.00 wall s
TIIN sort_list_of_multipole_jobs took      0.00 usr cpu s       0.00 sys cpu s       0.00 wall s
ININ execute_joblist_J_fmm_shared: Allocating multipoleList_4, maxnoOfMinimalDistrsPerBoxBranch =     49239
ININ execute_joblist_J_fmm_shared: Allocating multipoleList_4, maxnoOfMinimalDistrsPerBoxBranch =     49239
ININ execute_joblist_J_fmm_shared: jobIndexLo =            7, jobIndexHi =           15
ININ execute_joblist_J_fmm_shared: jobIndexLo =            0, jobIndexHi =            7
ININ execute_joblist_J_fmm_shared: Allocating multipoleList_4, maxnoOfMinimalDistrsPerBoxBranch =     49239
ININ execute_joblist_J_fmm_shared: jobIndexLo =           23, jobIndexHi =           31
ININ execute_joblist_J_fmm_shared: Allocating multipoleList_4, maxnoOfMinimalDistrsPerBoxBranch =     49239
ININ execute_joblist_J_fmm_shared: jobIndexLo =           15, jobIndexHi =           23
ININ execute_joblist_J_fmm_shared: Allocating multipoleList_4, maxnoOfMinimalDistrsPerBoxBranch =     49239
ININ execute_joblist_J_fmm_shared: jobIndexLo =           31, jobIndexHi =           38
ININ execute_joblist_J_fmm_shared: Allocating multipoleList_4, maxnoOfMinimalDistrsPerBoxBranch =     49239
ININ execute_joblist_J_fmm_shared: jobIndexLo =           38, jobIndexHi =           46
ININ execute_joblist_J_fmm_shared: Allocating multipoleList_4, maxnoOfMinimalDistrsPerBoxBranch =     49239
ININ execute_joblist_J_fmm_shared: jobIndexLo =           46, jobIndexHi =           54
ININ execute_joblist_J_fmm_shared: Allocating multipoleList_4, maxnoOfMinimalDistrsPerBoxBranch =     49239
ININ execute_joblist_J_fmm_shared: jobIndexLo =           54, jobIndexHi =           62
ININ execute_joblist_J_fmm_shared: done!
ININ execute_joblist_J_fmm_shared: done!
ININ execute_joblist_J_fmm_shared: done!
ININ execute_joblist_J_fmm_shared: done!
ININ execute_joblist_J_fmm_shared: done!
ININ execute_joblist_J_fmm_shared: done!
ININ execute_joblist_J_fmm_shared: done!
ININ execute_joblist_J_fmm_shared: done!
ININ multipole job list for J executed, largest L used: 12
TIIN Executing multipole job list for J took      0.25 usr cpu s       0.00 sys cpu s       0.10 wall s
ININ compute_J_by_boxes_linear ending OK.
TIIN compute_J_by_boxes_linear took     60.14 usr cpu s       0.05 sys cpu s      11.73 wall s
TI   compute_J_by_boxes_sparse total took     60.34 usr cpu s       0.47 sys cpu s      11.87 wall s
ININ entering create_CSR_for_K, no of basis funcs =   222, threshold_K =   1e-12
ININ create_box_system end OK, toplevelBoxSize:   7.0, #levels:  3, #boxes at top level:      6
ININ create_box_system end OK, toplevelBoxSize:   7.0, #levels:  3, #boxes at top level:      6
ININ create_box_system end OK, toplevelBoxSize:   7.0, #levels:  3, #boxes at top level:      6
TIIN create_CSR_for_K getting list of distrs took      0.27 usr cpu s       0.00 sys cpu s       0.27 wall s
ININ list of neighbors complete.
TIIN create_CSR_for_K getting list of neighbors took      0.00 usr cpu s       0.00 sys cpu s       0.00 wall s
TIIN create_CSR_for_K sort each list of neighbors took      0.02 usr cpu s       0.00 sys cpu s       0.02 wall s
ININ 8 threads started OK.
TIIN identify_needed_elements() took     68.82 usr cpu s       0.07 sys cpu s       9.02 wall s
ININ computing nnz..
ININ create_CSR_for_K: predicted nnz =        24753, <->  50.23% of a full matrix
TIIN create_CSR_for_K last part took      0.00 usr cpu s       0.00 sys cpu s       0.00 wall s
TIIN create_CSR_for_K total took     69.11 usr cpu s       0.07 sys cpu s       9.31 wall s
ININ entering compute_K_by_boxes, no of basis funcs =   222, threshold_K =   1e-12, exchange_box_size =   5.00
ININ create_box_system end OK, toplevelBoxSize:   7.0, #levels:  3, #boxes at top level:      6
ININ create_box_system end OK, toplevelBoxSize:   7.0, #levels:  3, #boxes at top level:      6
ININ create_box_system end OK, toplevelBoxSize:   7.0, #levels:  3, #boxes at top level:      6
TIIN Compute extent for all distrs took      0.26 usr cpu s       0.00 sys cpu s       0.26 wall s
ININ Creating list of distributions done, distrCountTot =    208583
TIIN Creating list of distributions took      0.44 usr cpu s       0.00 sys cpu s       0.44 wall s
ININ create_box_system end OK, toplevelBoxSize:   5.0, #levels:  3, #boxes at top level:     10
ININ create_box_system end OK, toplevelBoxSize:   2.5, #levels:  4, #boxes at top level:     16
ININ noOfLevelsBasisFuncs = 4, noOfLevelsDiff = 1
TIIN Creating boxes etc took      0.02 usr cpu s       0.00 sys cpu s       0.02 wall s
TIIN getting multipoleNormVectorList took      0.44 usr cpu s       0.00 sys cpu s       0.44 wall s
TIIN K organize_distributions for all boxes took      0.89 usr cpu s       0.00 sys cpu s       0.89 wall s
ININ starting loop to setup basisFuncGroupInfoList, with added index checks.
TIIN GetLimitsAllLevels took      0.17 usr cpu s       0.00 sys cpu s       0.17 wall s
ININ getDmatLimitMatrixCSRList start.
TIIN getting densityMatrixLimitMatrixList took      0.01 usr cpu s       0.00 sys cpu s       0.01 wall s
ININ job list for K created,       55 jobs
TIIN creating job list for K took      0.00 usr cpu s       0.00 sys cpu s       0.00 wall s
ININ execute_joblist_K_threaded, noOfThreads =  8, basisFuncListCount_max =   207
ININ 8 threads started OK.
ININ all 8 threads have finished, took        8 wall s.
TIIN Executing job list for K took     37.76 usr cpu s       0.01 sys cpu s       7.53 wall s
TIIN compute_K_by_boxes took     39.72 usr cpu s       0.01 sys cpu s       9.50 wall s
TI   compute_K_by_boxes_sparse total took    108.84 usr cpu s       0.08 sys cpu s      18.82 wall s
INSC About to truncate FockMatrix, gap of Fprev >=          0.43204141023
TISC symmMatrix::mixed_diff for F vs Fprev maxEigValMovement_mixed took      0.00 usr cpu s       0.00 sys cpu s       0.00 wall s
TISC symmMatrix::eucl_diff for maxEigValMovement_eucl  took      0.01 usr cpu s       0.04 sys cpu s       0.01 wall s
INSC maxEigValMovement_frob  =          0.00002238968
INSC maxEigValMovement_mixed =          0.00001669669
INSC maxEigValMovement_eucl  =          0.00000884654
TISC FockMatrix.eucl_thresh() (with Z) took      0.02 usr cpu s       0.08 sys cpu s       0.02 wall s
INSC Truncated FockMatrix (eucl with Z), selected threshold = 4.32024e-08, returned error =          0, nnz before = 100.0000 %, nnz after = 100.0000 %
INSC Matrix 'S' ( symm ): n =    222, nnz =        49284 <-> 100.00 %, mem usage  0.0002 G
INSC Matrix 'F' ( symm ): n =    222, nnz =        49284 <-> 100.00 %, mem usage  0.0002 G
INSC Matrix 'D' ( symm ): n =    222, nnz =        49284 <-> 100.00 %, mem usage  0.0002 G
INSC nuclearEnergy, energy_2el, energy = 782.160484, 1007.739973, -644.961410
INSC Energy  14 =       -644.96140962341  ( diff     -0.000000000504315 )
INSC calling compute_FDSminusSDF_sparse, n = 222
INDE compute_FDSminusSDF_sparse() start.
TIDE FileWritable::writeAndReadAll took      0.00 usr cpu s       0.00 sys cpu s       0.00 wall s
INDE writeAndReadAll: '0 MB (1 MatrixGeneral, 0 > 1 MB) + 0 MB (9 MatrixSymmetric, 0 > 1 MB) = 0 MB (10 total, 0 > 1 MB)
TISC compute_FDSminusSDF_sparse, F*D mult took      0.01 usr cpu s       0.02 sys cpu s       0.00 wall s
INSC Matrix 'FD before eucl truncation' (normal): n =    222, nnz =        49284 <-> 100.00 %, mem usage  0.0004 G
INSC Matrix 'FD after  eucl truncation' (normal): n =    222, nnz =        49284 <-> 100.00 %, mem usage  0.0004 G
INSC Matrix 'FDS before eucl truncation' (normal): n =    222, nnz =        49284 <-> 100.00 %, mem usage  0.0004 G
INSC Matrix 'FDS after  eucl truncation' (normal): n =    222, nnz =        49284 <-> 100.00 %, mem usage  0.0004 G
INSC compute_FDSminusSDF_sparse ending OK.
TISC compute_FDSminusSDF_sparse took      0.04 usr cpu s       0.07 sys cpu s       0.02 wall s
INSC Matrix 'FDS-SDF' (normal): n =    222, nnz =        49284 <-> 100.00 %, mem usage  0.0004 G
INSC SCF_restricted::get_FDSminusSDF finished.
TISC get_FDSminusSDF took      0.04 usr cpu s       0.07 sys cpu s       0.02 wall s
INSC maxabs FDS-SDF is 1.67e-06
INSC frob   FDS-SDF is 1.45e-05
TISC get_error_measure took      0.00 usr cpu s       0.00 sys cpu s       0.00 wall s
INSC entering DIISManagerRestricted::AddIterationToList, IterCount = 10
INSC DIISManagerRestricted::AddIterationToList ending OK.
TISC DIISManagerRestricted::AddIterationToList took      0.00 usr cpu s       0.01 sys cpu s       0.00 wall s
INSC using DIIS to get combined Fock matrix, number of iters used for DIIS: 10
TISC clear_error_matrices took      0.00 usr cpu s       0.00 sys cpu s       0.00 wall s
TISC save_current_fock_as_fprev took      0.00 usr cpu s       0.00 sys cpu s       0.00 wall s
INDE get_dens_from_fock_general, n = 222, use_diagonalization = 0, use_diag_on_error = 1
INDE Before writeAndReadAll(): AllocatorManager statistics:  noOfRealsPerBuffer: 1024 noOfBuffers: 20000 list.size(): 1. Allocated: 0.164 GB, Used: 0.00673 GB, Peak alloc: 0.164 GB.
TIDE FileWritable::writeAndReadAll took      0.00 usr cpu s       0.00 sys cpu s       0.00 wall s
INDE writeAndReadAll sizesStr: '0 MB (1 MatrixGeneral, 0 > 1 MB) + 0 MB (7 MatrixSymmetric, 0 > 1 MB) = 0 MB (8 total, 0 > 1 MB)
INDE After writeAndReadAll(): AllocatorManager statistics:  noOfRealsPerBuffer: 1024 noOfBuffers: 20000 list.size(): 1. Allocated: 0.164 GB, Used: 0.00673 GB, Peak alloc: 0.164 GB.
INDE calling get_dens_from_fock_sparse, n =    222, subspaceErrorLimit = 1e-06
INDE get_dens_from_fock_sparse() start!
INDE After F.readFromFile(): AllocatorManager statistics:  noOfRealsPerBuffer: 1024 noOfBuffers: 20000 list.size(): 1. Allocated: 0.164 GB, Used: 0.00673 GB, Peak alloc: 0.164 GB.
INDE After creating wrapper MatrixType F_w(F): AllocatorManager statistics:  noOfRealsPerBuffer: 1024 noOfBuffers: 20000 list.size(): 1. Allocated: 0.164 GB, Used: 0.00691 GB, Peak alloc: 0.164 GB.
TIDE  F_w to orthogonal basis took      0.01 usr cpu s       0.01 sys cpu s       0.00 wall s
TIDE MatrixType::mixed_diff for maxEigValMovement_mixed took      0.00 usr cpu s       0.01 sys cpu s       0.00 wall s
TIDE symmMatrixWrap::eucl_diff for maxEigValMovement_eucl  took      0.02 usr cpu s       0.12 sys cpu s       0.02 wall s
INDE maxEigValMovement_frob  =          0.00001455003
INDE maxEigValMovement_mixed =          0.00001049115
INDE maxEigValMovement_eucl  =          0.00000574097
INDE lumo before truncation: [ 0.089617380522 , 0.142750568305 ]
INDE homo before truncation: [ -0.394972730106 , -0.342412547770 ]
INDE Truncate matrix F and update intervals for homo and lumo.
INDE Truncating F_ort ( mixed ), selected threshold = 4.3203e-08
INDE Truncated F_ort ( mixed ), selected threshold = 4.3203e-08, returned error =          0, nnz before = 100.0000 %, nnz after = 100.0000 %
TIDE Truncation of F_ort took      0.00 usr cpu s       0.00 sys cpu s       0.00 wall s
INDE Chosen Ergo Wrapper
INDE Creating purification object: N = 222 , nocc = 47 , NNZ = 49284  <-> 100.00000 %
INDE Chosen norm for the truncation: 
INDE mixed
INDE Chosen norm for the stopping criterion: 
INDE mixed
INDE Chosen the NEW stopping criterion.
INDE Allowed error in subspace 7.000000e-07
INDE Chosen SP2 purification method
INDE calling Puri->PurificationStart(), number of threads = 1, trunc norm 'mixed'
TIDE gershgorin took      0.00 usr cpu s       0.00 sys cpu s       0.00 wall s
INDE Gershgorin bounds: [ -35.722147318110 , 17.120605138561 ]
INDE EXPANDED Gershgorin bounds: [ -35.722147333011 , 17.120605153462 ]
INDE Trying to impove bounds using Lanczos algorithm...
TIDE compute_spectrum_bounds took      0.13 usr cpu s       0.39 sys cpu s       0.07 wall s
INDE Spectrum of F: 	 [ -20.624829018680 , 4.255870483749 ]
INDE Transform homo and lumo bounds...
INDE HOMO bounds of X: 	 [ 0.184813253786 , 0.186925741915 ]
INDE LUMO bounds of X: 	 [ 0.165313676774 , 0.167449195020 ]
INDE INIT LUMO: [ 0.165313676774 , 0.167449195020 ]
INDE INIT HOMO: [ 0.813074258085 , 0.815186746214 ]
INDE ESTIMATED NUMBER OF ITERATIONS IS 28
INDE Put eigenvalues of F to the interval [0,1] in reverse order.
TIDE compute_X() took      0.00 usr cpu s       0.00 sys cpu s       0.00 wall s
TIDE prepare_to_purification() took      0.13 usr cpu s       0.40 sys cpu s       0.07 wall s
INDE (EIGV,PARAMS) Requested 0 occipied eigenpair(s).
INDE (EIGV,PARAMS) Requested 0 unoccipied eigenpair(s).
TIDE prepare_to_purification_eigenvectors() took      0.00 usr cpu s       0.00 sys cpu s       0.00 wall s
INDE Starting recursive expansion
INDE     BEFORE ITERATIONS:
TIDE truncate_matrix took      0.00 usr cpu s       0.00 sys cpu s       0.00 wall s
INDE Actual introduced error   0.000000e+00 : nnz before  49284 <-> 100.00 % , nnz after  49284 <-> 100.00 %
TIDE square took      0.01 usr cpu s       0.01 sys cpu s       0.00 wall s
INDE NNZ Xsq = 49284 <-> 100.00 %
TIDE Frobenius norm of X-X^2 took      0.00 usr cpu s       0.00 sys cpu s       0.00 wall s
TIDE Mixed norm of X-X^2 took      0.00 usr cpu s       0.01 sys cpu s       0.00 wall s
TIDE Trace of X-X^2 took      0.00 usr cpu s       0.00 sys cpu s       0.00 wall s
INDE ||X-X^2||_F = 1.696456e+00 , ||X-X^2||_mixed = 8.697836e-01
INDE trace(X-X^2) = 2.268037e+01
INDE trace(X) = 3.353587e+01
TIDE Iteration 0 took      0.01 usr cpu s       0.02 sys cpu s       0.00 wall s
TIDE FileWritable::writeAndReadAll took      0.00 usr cpu s       0.00 sys cpu s       0.00 wall s
INDE writeAndReadAll sizesStr: '0 MB (1 MatrixGeneral, 0 > 1 MB) + 0 MB (13 MatrixSymmetric, 0 > 1 MB) + 0 MB (2 VectorGeneral, 0 > 1 MB) = 0 MB (16 total, 0 > 1 MB)
INDE     ITERATION 1 :
TIDE purify_X took      0.00 usr cpu s       0.00 sys cpu s       0.00 wall s
TIDE truncate_matrix took      0.00 usr cpu s       0.00 sys cpu s       0.00 wall s
INDE Actual introduced error   0.000000e+00 : nnz before  49284 <-> 100.00 % , nnz after  49284 <-> 100.00 %
TIDE square took      0.01 usr cpu s       0.01 sys cpu s       0.00 wall s
INDE NNZ Xsq = 49284 <-> 100.00 %
TIDE Frobenius norm of X-X^2 took      0.00 usr cpu s       0.00 sys cpu s       0.00 wall s
TIDE Mixed norm of X-X^2 took      0.00 usr cpu s       0.01 sys cpu s       0.00 wall s
TIDE Trace of X-X^2 took      0.00 usr cpu s       0.00 sys cpu s       0.00 wall s
INDE ||X-X^2||_F = 2.452788e+00 , ||X-X^2||_mixed = 1.227597e+00
INDE trace(X-X^2) = 3.418995e+01
INDE trace(X) = 5.621624e+01
TIDE Iteration 1 took      0.01 usr cpu s       0.02 sys cpu s       0.00 wall s
INDE     ITERATION 2 :
TIDE purify_X took      0.00 usr cpu s       0.00 sys cpu s       0.00 wall s
TIDE truncate_matrix took      0.00 usr cpu s       0.00 sys cpu s       0.00 wall s
INDE Actual introduced error   0.000000e+00 : nnz before  49284 <-> 100.00 % , nnz after  49284 <-> 100.00 %
TIDE square took      0.00 usr cpu s       0.02 sys cpu s       0.00 wall s
INDE NNZ Xsq = 49284 <-> 100.00 %
TIDE Frobenius norm of X-X^2 took      0.00 usr cpu s       0.00 sys cpu s       0.00 wall s
TIDE Mixed norm of X-X^2 took      0.00 usr cpu s       0.01 sys cpu s       0.00 wall s
TIDE Trace of X-X^2 took      0.00 usr cpu s       0.00 sys cpu s       0.00 wall s
INDE ||X-X^2||_F = 3.128785e+00 , ||X-X^2||_mixed = 1.495112e+00
INDE trace(X-X^2) = 4.422264e+01
INDE trace(X) = 9.040619e+01
INDE Checking stopping criterion...   
INDE Order of convergence cannot be computed
TIDE stopping_criterion took      0.00 usr cpu s       0.00 sys cpu s       0.00 wall s
TIDE Iteration 2 took      0.01 usr cpu s       0.03 sys cpu s       0.00 wall s
INDE     ITERATION 3 :
TIDE purify_X took      0.00 usr cpu s       0.00 sys cpu s       0.00 wall s
TIDE truncate_matrix took      0.00 usr cpu s       0.00 sys cpu s       0.00 wall s
INDE Actual introduced error   0.000000e+00 : nnz before  49284 <-> 100.00 % , nnz after  49284 <-> 100.00 %
TIDE square took      0.00 usr cpu s       0.01 sys cpu s       0.00 wall s
INDE NNZ Xsq = 49284 <-> 100.00 %
TIDE Frobenius norm of X-X^2 took      0.00 usr cpu s       0.00 sys cpu s       0.00 wall s
TIDE Mixed norm of X-X^2 took      0.00 usr cpu s       0.01 sys cpu s       0.00 wall s
TIDE Trace of X-X^2 took      0.00 usr cpu s       0.00 sys cpu s       0.00 wall s
INDE ||X-X^2||_F = 2.042920e+00 , ||X-X^2||_mixed = 1.140106e+00
INDE trace(X-X^2) = 2.593177e+01
INDE trace(X) = 4.618355e+01
INDE Checking stopping criterion...   
INDE Order of convergence cannot be computed
TIDE stopping_criterion took      0.00 usr cpu s       0.00 sys cpu s       0.00 wall s
TIDE Iteration 3 took      0.01 usr cpu s       0.03 sys cpu s       0.00 wall s
INDE     ITERATION 4 :
TIDE purify_X took      0.00 usr cpu s       0.00 sys cpu s       0.00 wall s
TIDE truncate_matrix took      0.00 usr cpu s       0.00 sys cpu s       0.00 wall s
INDE Actual introduced error   0.000000e+00 : nnz before  49284 <-> 100.00 % , nnz after  49284 <-> 100.00 %
TIDE square took      0.01 usr cpu s       0.01 sys cpu s       0.00 wall s
INDE NNZ Xsq = 49284 <-> 100.00 %
TIDE Frobenius norm of X-X^2 took      0.00 usr cpu s       0.00 sys cpu s       0.00 wall s
TIDE Mixed norm of X-X^2 took      0.00 usr cpu s       0.01 sys cpu s       0.00 wall s
TIDE Trace of X-X^2 took      0.00 usr cpu s       0.00 sys cpu s       0.00 wall s
INDE ||X-X^2||_F = 2.694209e+00 , ||X-X^2||_mixed = 1.436982e+00
INDE trace(X-X^2) = 3.563246e+01
INDE trace(X) = 7.211532e+01
INDE Checking stopping criterion...   
INDE Order of convergence cannot be computed
TIDE stopping_criterion took      0.00 usr cpu s       0.00 sys cpu s       0.00 wall s
TIDE Iteration 4 took      0.01 usr cpu s       0.03 sys cpu s       0.00 wall s
INDE     ITERATION 5 :
TIDE purify_X took      0.00 usr cpu s       0.00 sys cpu s       0.00 wall s
TIDE truncate_matrix took      0.00 usr cpu s       0.00 sys cpu s       0.00 wall s
INDE Actual introduced error   0.000000e+00 : nnz before  49284 <-> 100.00 % , nnz after  49284 <-> 100.00 %
TIDE square took      0.00 usr cpu s       0.02 sys cpu s       0.00 wall s
INDE NNZ Xsq = 49284 <-> 100.00 %
TIDE Frobenius norm of X-X^2 took      0.00 usr cpu s       0.00 sys cpu s       0.00 wall s
TIDE Mixed norm of X-X^2 took      0.00 usr cpu s       0.01 sys cpu s       0.00 wall s
TIDE Trace of X-X^2 took      0.00 usr cpu s       0.00 sys cpu s       0.00 wall s
INDE ||X-X^2||_F = 2.829640e+00 , ||X-X^2||_mixed = 1.489637e+00
INDE trace(X-X^2) = 3.867141e+01
INDE trace(X) = 1.077478e+02
INDE Checking stopping criterion...   
INDE Order of convergence cannot be computed
TIDE stopping_criterion took      0.00 usr cpu s       0.00 sys cpu s       0.00 wall s
TIDE Iteration 5 took      0.00 usr cpu s       0.03 sys cpu s       0.00 wall s
INDE     ITERATION 6 :
TIDE purify_X took      0.00 usr cpu s       0.00 sys cpu s       0.00 wall s
TIDE truncate_matrix took      0.00 usr cpu s       0.00 sys cpu s       0.00 wall s
INDE Actual introduced error   0.000000e+00 : nnz before  49284 <-> 100.00 % , nnz after  49284 <-> 100.00 %
TIDE square took      0.01 usr cpu s       0.01 sys cpu s       0.00 wall s
INDE NNZ Xsq = 49284 <-> 100.00 %
TIDE Frobenius norm of X-X^2 took      0.00 usr cpu s       0.00 sys cpu s       0.00 wall s
TIDE Mixed norm of X-X^2 took      0.00 usr cpu s       0.01 sys cpu s       0.00 wall s
TIDE Trace of X-X^2 took      0.00 usr cpu s       0.00 sys cpu s       0.00 wall s
INDE ||X-X^2||_F = 2.431514e+00 , ||X-X^2||_mixed = 1.395156e+00
INDE trace(X-X^2) = 2.987918e+01
INDE trace(X) = 6.907638e+01
INDE Checking stopping criterion...   
INDE Order of convergence cannot be computed
TIDE stopping_criterion took      0.00 usr cpu s       0.00 sys cpu s       0.00 wall s
TIDE Iteration 6 took      0.01 usr cpu s       0.02 sys cpu s       0.00 wall s
INDE     ITERATION 7 :
TIDE purify_X took      0.00 usr cpu s       0.00 sys cpu s       0.00 wall s
TIDE truncate_matrix took      0.00 usr cpu s       0.00 sys cpu s       0.00 wall s
INDE Actual introduced error   0.000000e+00 : nnz before  49284 <-> 100.00 % , nnz after  49284 <-> 100.00 %
TIDE square took      0.00 usr cpu s       0.02 sys cpu s       0.00 wall s
INDE NNZ Xsq = 49284 <-> 100.00 %
TIDE Frobenius norm of X-X^2 took      0.00 usr cpu s       0.00 sys cpu s       0.00 wall s
TIDE Mixed norm of X-X^2 took      0.00 usr cpu s       0.01 sys cpu s       0.00 wall s
TIDE Trace of X-X^2 took      0.00 usr cpu s       0.00 sys cpu s       0.00 wall s
INDE ||X-X^2||_F = 1.752193e+00 , ||X-X^2||_mixed = 1.119077e+00
INDE trace(X-X^2) = 1.729573e+01
INDE trace(X) = 3.919719e+01
INDE Checking stopping criterion...   
INDE Order of convergence cannot be computed
TIDE stopping_criterion took      0.00 usr cpu s       0.00 sys cpu s       0.00 wall s
TIDE Iteration 7 took      0.00 usr cpu s       0.03 sys cpu s       0.00 wall s
INDE     ITERATION 8 :
TIDE purify_X took      0.00 usr cpu s       0.00 sys cpu s       0.00 wall s
TIDE truncate_matrix took      0.00 usr cpu s       0.00 sys cpu s       0.00 wall s
INDE Actual introduced error   0.000000e+00 : nnz before  49284 <-> 100.00 % , nnz after  49284 <-> 100.00 %
TIDE square took      0.01 usr cpu s       0.01 sys cpu s       0.00 wall s
INDE NNZ Xsq = 49284 <-> 100.00 %
TIDE Frobenius norm of X-X^2 took      0.00 usr cpu s       0.00 sys cpu s       0.00 wall s
TIDE Mixed norm of X-X^2 took      0.00 usr cpu s       0.01 sys cpu s       0.00 wall s
TIDE Trace of X-X^2 took      0.00 usr cpu s       0.00 sys cpu s       0.00 wall s
INDE ||X-X^2||_F = 1.978925e+00 , ||X-X^2||_mixed = 1.220647e+00
INDE trace(X-X^2) = 2.135612e+01
INDE trace(X) = 5.649293e+01
INDE Checking stopping criterion...   
INDE Order of convergence cannot be computed
TIDE stopping_criterion took      0.00 usr cpu s       0.00 sys cpu s       0.00 wall s
TIDE Iteration 8 took      0.01 usr cpu s       0.02 sys cpu s       0.00 wall s
INDE     ITERATION 9 :
TIDE purify_X took      0.00 usr cpu s       0.00 sys cpu s       0.00 wall s
TIDE truncate_matrix took      0.00 usr cpu s       0.00 sys cpu s       0.00 wall s
INDE Actual introduced error   0.000000e+00 : nnz before  49284 <-> 100.00 % , nnz after  49284 <-> 100.00 %
TIDE square took      0.01 usr cpu s       0.01 sys cpu s       0.00 wall s
INDE NNZ Xsq = 49284 <-> 100.00 %
TIDE Frobenius norm of X-X^2 took      0.00 usr cpu s       0.00 sys cpu s       0.00 wall s
TIDE Mixed norm of X-X^2 took      0.00 usr cpu s       0.01 sys cpu s       0.00 wall s
TIDE Trace of X-X^2 took      0.00 usr cpu s       0.00 sys cpu s       0.00 wall s
INDE ||X-X^2||_F = 1.539809e+00 , ||X-X^2||_mixed = 1.043571e+00
INDE trace(X-X^2) = 1.273191e+01
INDE trace(X) = 3.513680e+01
INDE Checking stopping criterion...   
INDE Order of convergence cannot be computed
TIDE stopping_criterion took      0.00 usr cpu s       0.00 sys cpu s       0.00 wall s
TIDE Iteration 9 took      0.01 usr cpu s       0.02 sys cpu s       0.00 wall s
INDE     ITERATION 10 :
TIDE purify_X took      0.00 usr cpu s       0.00 sys cpu s       0.00 wall s
TIDE truncate_matrix took      0.00 usr cpu s       0.00 sys cpu s       0.00 wall s
INDE Actual introduced error   0.000000e+00 : nnz before  49284 <-> 100.00 % , nnz after  49284 <-> 100.00 %
TIDE square took      0.00 usr cpu s       0.01 sys cpu s       0.00 wall s
INDE NNZ Xsq = 49284 <-> 100.00 %
TIDE Frobenius norm of X-X^2 took      0.00 usr cpu s       0.00 sys cpu s       0.00 wall s
TIDE Mixed norm of X-X^2 took      0.00 usr cpu s       0.01 sys cpu s       0.00 wall s
TIDE Trace of X-X^2 took      0.00 usr cpu s       0.00 sys cpu s       0.00 wall s
INDE ||X-X^2||_F = 1.535725e+00 , ||X-X^2||_mixed = 1.008731e+00
INDE trace(X-X^2) = 1.407681e+01
INDE trace(X) = 4.786871e+01
INDE Checking stopping criterion...   
INDE Order of convergence cannot be computed
TIDE stopping_criterion took      0.00 usr cpu s       0.00 sys cpu s       0.00 wall s
TIDE Iteration 10 took      0.01 usr cpu s       0.02 sys cpu s       0.00 wall s
INDE     ITERATION 11 :
TIDE purify_X took      0.00 usr cpu s       0.00 sys cpu s       0.00 wall s
TIDE truncate_matrix took      0.00 usr cpu s       0.00 sys cpu s       0.00 wall s
INDE Actual introduced error   0.000000e+00 : nnz before  49284 <-> 100.00 % , nnz after  49284 <-> 100.00 %
TIDE square took      0.00 usr cpu s       0.01 sys cpu s       0.00 wall s
INDE NNZ Xsq = 49284 <-> 100.00 %
TIDE Frobenius norm of X-X^2 took      0.00 usr cpu s       0.00 sys cpu s       0.00 wall s
TIDE Mixed norm of X-X^2 took      0.00 usr cpu s       0.01 sys cpu s       0.00 wall s
TIDE Trace of X-X^2 took      0.00 usr cpu s       0.00 sys cpu s       0.00 wall s
INDE ||X-X^2||_F = 1.525282e+00 , ||X-X^2||_mixed = 1.054944e+00
INDE trace(X-X^2) = 1.394051e+01
INDE trace(X) = 6.194552e+01
INDE Checking stopping criterion...   
INDE Order of convergence cannot be computed
TIDE stopping_criterion took      0.00 usr cpu s       0.00 sys cpu s       0.00 wall s
TIDE Iteration 11 took      0.01 usr cpu s       0.02 sys cpu s       0.00 wall s
INDE     ITERATION 12 :
TIDE purify_X took      0.00 usr cpu s       0.00 sys cpu s       0.00 wall s
TIDE truncate_matrix took      0.00 usr cpu s       0.00 sys cpu s       0.00 wall s
INDE Actual introduced error   0.000000e+00 : nnz before  49284 <-> 100.00 % , nnz after  49284 <-> 100.00 %
TIDE square took      0.00 usr cpu s       0.02 sys cpu s       0.00 wall s
INDE NNZ Xsq = 49284 <-> 100.00 %
TIDE Frobenius norm of X-X^2 took      0.00 usr cpu s       0.00 sys cpu s       0.00 wall s
TIDE Mixed norm of X-X^2 took      0.00 usr cpu s       0.01 sys cpu s       0.00 wall s
TIDE Trace of X-X^2 took      0.00 usr cpu s       0.00 sys cpu s       0.00 wall s
INDE ||X-X^2||_F = 1.135336e+00 , ||X-X^2||_mixed = 7.831700e-01
INDE trace(X-X^2) = 8.882935e+00
INDE trace(X) = 4.800501e+01
INDE Checking stopping criterion...   
INDE Order of convergence cannot be computed
TIDE stopping_criterion took      0.00 usr cpu s       0.00 sys cpu s       0.00 wall s
TIDE Iteration 12 took      0.01 usr cpu s       0.02 sys cpu s       0.00 wall s
INDE     ITERATION 13 :
TIDE purify_X took      0.00 usr cpu s       0.00 sys cpu s       0.00 wall s
TIDE truncate_matrix took      0.00 usr cpu s       0.00 sys cpu s       0.00 wall s
INDE Actual introduced error   0.000000e+00 : nnz before  49284 <-> 100.00 % , nnz after  49284 <-> 100.00 %
TIDE square took      0.01 usr cpu s       0.01 sys cpu s       0.00 wall s
INDE NNZ Xsq = 49284 <-> 100.00 %
TIDE Frobenius norm of X-X^2 took      0.00 usr cpu s       0.00 sys cpu s       0.00 wall s
TIDE Mixed norm of X-X^2 took      0.00 usr cpu s       0.01 sys cpu s       0.00 wall s
TIDE Trace of X-X^2 took      0.00 usr cpu s       0.00 sys cpu s       0.00 wall s
INDE ||X-X^2||_F = 1.136397e+00 , ||X-X^2||_mixed = 8.313516e-01
INDE trace(X-X^2) = 7.039016e+00
INDE trace(X) = 3.912207e+01
INDE Checking stopping criterion...   
INDE Order of convergence cannot be computed
TIDE stopping_criterion took      0.00 usr cpu s       0.00 sys cpu s       0.00 wall s
TIDE Iteration 13 took      0.02 usr cpu s       0.02 sys cpu s       0.00 wall s
INDE     ITERATION 14 :
TIDE purify_X took      0.00 usr cpu s       0.00 sys cpu s       0.00 wall s
TIDE truncate_matrix took      0.00 usr cpu s       0.00 sys cpu s       0.00 wall s
INDE Actual introduced error   0.000000e+00 : nnz before  49284 <-> 100.00 % , nnz after  49284 <-> 100.00 %
TIDE square took      0.01 usr cpu s       0.01 sys cpu s       0.00 wall s
INDE NNZ Xsq = 49284 <-> 100.00 %
TIDE Frobenius norm of X-X^2 took      0.00 usr cpu s       0.00 sys cpu s       0.00 wall s
TIDE Mixed norm of X-X^2 took      0.00 usr cpu s       0.01 sys cpu s       0.00 wall s
TIDE Trace of X-X^2 took      0.00 usr cpu s       0.00 sys cpu s       0.00 wall s
INDE ||X-X^2||_F = 7.344795e-01 , ||X-X^2||_mixed = 5.416179e-01
INDE trace(X-X^2) = 4.672057e+00
INDE trace(X) = 4.616109e+01
INDE Checking stopping criterion...   
INDE e_i =5.416179e-01, C*e_{i-1}^q = 4.224300e+00
INDE Order of convergence = 10.404264, stop = 0
TIDE stopping_criterion took      0.00 usr cpu s       0.00 sys cpu s       0.00 wall s
TIDE Iteration 14 took      0.01 usr cpu s       0.02 sys cpu s       0.00 wall s
INDE     ITERATION 15 :
TIDE purify_X took      0.00 usr cpu s       0.00 sys cpu s       0.00 wall s
TIDE truncate_matrix took      0.00 usr cpu s       0.00 sys cpu s       0.00 wall s
INDE Actual introduced error   0.000000e+00 : nnz before  49284 <-> 100.00 % , nnz after  49284 <-> 100.00 %
TIDE square took      0.00 usr cpu s       0.01 sys cpu s       0.00 wall s
INDE NNZ Xsq = 49284 <-> 100.00 %
TIDE Frobenius norm of X-X^2 took      0.00 usr cpu s       0.00 sys cpu s       0.00 wall s
TIDE Mixed norm of X-X^2 took      0.00 usr cpu s       0.01 sys cpu s       0.00 wall s
TIDE Trace of X-X^2 took      0.00 usr cpu s       0.00 sys cpu s       0.00 wall s
INDE ||X-X^2||_F = 7.310238e-01 , ||X-X^2||_mixed = 5.527565e-01
INDE trace(X-X^2) = 3.795995e+00
INDE trace(X) = 5.083315e+01
INDE Checking stopping criterion...   
INDE Order of convergence cannot be computed
TIDE stopping_criterion took      0.00 usr cpu s       0.00 sys cpu s       0.00 wall s
TIDE Iteration 15 took      0.00 usr cpu s       0.03 sys cpu s       0.00 wall s
INDE     ITERATION 16 :
TIDE purify_X took      0.00 usr cpu s       0.00 sys cpu s       0.00 wall s
TIDE truncate_matrix took      0.00 usr cpu s       0.00 sys cpu s       0.00 wall s
INDE Actual introduced error   0.000000e+00 : nnz before  49284 <-> 100.00 % , nnz after  49284 <-> 100.00 %
TIDE square took      0.01 usr cpu s       0.01 sys cpu s       0.00 wall s
INDE NNZ Xsq = 49284 <-> 100.00 %
TIDE Frobenius norm of X-X^2 took      0.00 usr cpu s       0.00 sys cpu s       0.00 wall s
TIDE Mixed norm of X-X^2 took      0.00 usr cpu s       0.01 sys cpu s       0.00 wall s
TIDE Trace of X-X^2 took      0.00 usr cpu s       0.00 sys cpu s       0.00 wall s
INDE ||X-X^2||_F = 3.736102e-01 , ||X-X^2||_mixed = 3.052515e-01
INDE trace(X-X^2) = 1.819588e+00
INDE trace(X) = 4.703715e+01
INDE Checking stopping criterion...   
INDE e_i =3.052515e-01, C*e_{i-1}^q = 2.020360e+00
INDE Order of convergence = 5.082048, stop = 0
TIDE stopping_criterion took      0.00 usr cpu s       0.00 sys cpu s       0.00 wall s
TIDE Iteration 16 took      0.01 usr cpu s       0.02 sys cpu s       0.00 wall s
INDE     ITERATION 17 :
TIDE purify_X took      0.00 usr cpu s       0.00 sys cpu s       0.00 wall s
TIDE truncate_matrix took      0.00 usr cpu s       0.00 sys cpu s       0.00 wall s
INDE Actual introduced error   0.000000e+00 : nnz before  49284 <-> 100.00 % , nnz after  49284 <-> 100.00 %
TIDE square took      0.00 usr cpu s       0.01 sys cpu s       0.00 wall s
INDE NNZ Xsq = 49284 <-> 100.00 %
TIDE Frobenius norm of X-X^2 took      0.00 usr cpu s       0.00 sys cpu s       0.00 wall s
TIDE Mixed norm of X-X^2 took      0.00 usr cpu s       0.01 sys cpu s       0.00 wall s
TIDE Trace of X-X^2 took      0.00 usr cpu s       0.00 sys cpu s       0.00 wall s
INDE ||X-X^2||_F = 4.268870e-01 , ||X-X^2||_mixed = 3.696004e-01
INDE trace(X-X^2) = 1.694153e+00
INDE trace(X) = 4.521756e+01
INDE Checking stopping criterion...   
INDE Order of convergence cannot be computed
TIDE stopping_criterion took      0.00 usr cpu s       0.00 sys cpu s       0.00 wall s
TIDE Iteration 17 took      0.01 usr cpu s       0.02 sys cpu s       0.00 wall s
INDE     ITERATION 18 :
TIDE purify_X took      0.00 usr cpu s       0.00 sys cpu s       0.00 wall s
TIDE truncate_matrix took      0.00 usr cpu s       0.00 sys cpu s       0.00 wall s
INDE Actual introduced error   0.000000e+00 : nnz before  49284 <-> 100.00 % , nnz after  49284 <-> 100.00 %
TIDE square took      0.01 usr cpu s       0.01 sys cpu s       0.00 wall s
INDE NNZ Xsq = 49284 <-> 100.00 %
TIDE Frobenius norm of X-X^2 took      0.00 usr cpu s       0.00 sys cpu s       0.00 wall s
TIDE Mixed norm of X-X^2 took      0.01 usr cpu s       0.01 sys cpu s       0.00 wall s
TIDE Trace of X-X^2 took      0.00 usr cpu s       0.00 sys cpu s       0.00 wall s
INDE ||X-X^2||_F = 1.459562e-01 , ||X-X^2||_mixed = 1.341936e-01
INDE trace(X-X^2) = 4.663362e-01
INDE trace(X) = 4.691172e+01
INDE Checking stopping criterion...   
INDE e_i =1.341936e-01, C*e_{i-1}^q = 6.417388e-01
INDE Order of convergence = 3.318787, stop = 0
TIDE stopping_criterion took      0.00 usr cpu s       0.00 sys cpu s       0.00 wall s
TIDE Iteration 18 took      0.02 usr cpu s       0.02 sys cpu s       0.00 wall s
INDE     ITERATION 19 :
TIDE purify_X took      0.00 usr cpu s       0.00 sys cpu s       0.00 wall s
TIDE truncate_matrix took      0.00 usr cpu s       0.00 sys cpu s       0.00 wall s
INDE Actual introduced error   0.000000e+00 : nnz before  49284 <-> 100.00 % , nnz after  49284 <-> 100.00 %
TIDE square took      0.00 usr cpu s       0.02 sys cpu s       0.00 wall s
INDE NNZ Xsq = 49284 <-> 100.00 %
TIDE Frobenius norm of X-X^2 took      0.00 usr cpu s       0.00 sys cpu s       0.00 wall s
TIDE Mixed norm of X-X^2 took      0.00 usr cpu s       0.01 sys cpu s       0.00 wall s
TIDE Trace of X-X^2 took      0.00 usr cpu s       0.00 sys cpu s       0.00 wall s
INDE ||X-X^2||_F = 1.609132e-01 , ||X-X^2||_mixed = 1.526521e-01
INDE trace(X-X^2) = 3.767326e-01
INDE trace(X) = 4.737805e+01
INDE Checking stopping criterion...   
INDE Order of convergence cannot be computed
TIDE stopping_criterion took      0.00 usr cpu s       0.00 sys cpu s       0.00 wall s
TIDE Iteration 19 took      0.00 usr cpu s       0.03 sys cpu s       0.00 wall s
INDE     ITERATION 20 :
TIDE purify_X took      0.00 usr cpu s       0.00 sys cpu s       0.00 wall s
TIDE truncate_matrix took      0.00 usr cpu s       0.00 sys cpu s       0.00 wall s
INDE Actual introduced error   0.000000e+00 : nnz before  49284 <-> 100.00 % , nnz after  49284 <-> 100.00 %
TIDE square took      0.01 usr cpu s       0.01 sys cpu s       0.00 wall s
INDE NNZ Xsq = 49284 <-> 100.00 %
TIDE Frobenius norm of X-X^2 took      0.00 usr cpu s       0.00 sys cpu s       0.00 wall s
TIDE Mixed norm of X-X^2 took      0.00 usr cpu s       0.01 sys cpu s       0.00 wall s
TIDE Trace of X-X^2 took      0.00 usr cpu s       0.00 sys cpu s       0.00 wall s
INDE ||X-X^2||_F = 2.957166e-02 , ||X-X^2||_mixed = 2.827051e-02
INDE trace(X-X^2) = 6.381347e-02
INDE trace(X) = 4.700132e+01
INDE Checking stopping criterion...   
INDE e_i =2.827051e-02, C*e_{i-1}^q = 1.240242e-01
INDE Order of convergence = 2.736210, stop = 0
TIDE stopping_criterion took      0.00 usr cpu s       0.00 sys cpu s       0.00 wall s
TIDE Iteration 20 took      0.01 usr cpu s       0.02 sys cpu s       0.00 wall s
INDE     ITERATION 21 :
TIDE purify_X took      0.00 usr cpu s       0.00 sys cpu s       0.00 wall s
TIDE truncate_matrix took      0.00 usr cpu s       0.00 sys cpu s       0.00 wall s
INDE Actual introduced error   0.000000e+00 : nnz before  49284 <-> 100.00 % , nnz after  49284 <-> 100.00 %
TIDE square took      0.01 usr cpu s       0.01 sys cpu s       0.00 wall s
INDE NNZ Xsq = 49284 <-> 100.00 %
TIDE Frobenius norm of X-X^2 took      0.00 usr cpu s       0.00 sys cpu s       0.00 wall s
TIDE Mixed norm of X-X^2 took      0.00 usr cpu s       0.01 sys cpu s       0.00 wall s
TIDE Trace of X-X^2 took      0.00 usr cpu s       0.00 sys cpu s       0.00 wall s
INDE ||X-X^2||_F = 3.870933e-02 , ||X-X^2||_mixed = 3.858187e-02
INDE trace(X-X^2) = 6.190859e-02
INDE trace(X) = 4.693751e+01
INDE Checking stopping criterion...   
INDE Order of convergence cannot be computed
TIDE stopping_criterion took      0.00 usr cpu s       0.00 sys cpu s       0.00 wall s
TIDE Iteration 21 took      0.01 usr cpu s       0.02 sys cpu s       0.00 wall s
INDE     ITERATION 22 :
TIDE purify_X took      0.00 usr cpu s       0.00 sys cpu s       0.00 wall s
TIDE truncate_matrix took      0.00 usr cpu s       0.00 sys cpu s       0.00 wall s
INDE Actual introduced error   0.000000e+00 : nnz before  49284 <-> 100.00 % , nnz after  49284 <-> 100.00 %
TIDE square took      0.00 usr cpu s       0.01 sys cpu s       0.00 wall s
INDE NNZ Xsq = 49284 <-> 100.00 %
TIDE Frobenius norm of X-X^2 took      0.00 usr cpu s       0.00 sys cpu s       0.00 wall s
TIDE Mixed norm of X-X^2 took      0.00 usr cpu s       0.01 sys cpu s       0.00 wall s
TIDE Trace of X-X^2 took      0.00 usr cpu s       0.00 sys cpu s       0.00 wall s
INDE ||X-X^2||_F = 1.447017e-03 , ||X-X^2||_mixed = 1.400117e-03
INDE trace(X-X^2) = 2.589756e-03
INDE trace(X) = 4.699942e+01
INDE Checking stopping criterion...   
INDE e_i =1.400117e-03, C*e_{i-1}^q = 5.504401e-03
INDE Order of convergence = 2.383908, stop = 0
TIDE stopping_criterion took      0.00 usr cpu s       0.00 sys cpu s       0.00 wall s
TIDE Iteration 22 took      0.01 usr cpu s       0.02 sys cpu s       0.00 wall s
INDE     ITERATION 23 :
TIDE purify_X took      0.00 usr cpu s       0.00 sys cpu s       0.00 wall s
TIDE truncate_matrix took      0.00 usr cpu s       0.00 sys cpu s       0.00 wall s
INDE Actual introduced error   0.000000e+00 : nnz before  49284 <-> 100.00 % , nnz after  49284 <-> 100.00 %
TIDE square took      0.01 usr cpu s       0.01 sys cpu s       0.00 wall s
INDE NNZ Xsq = 49284 <-> 100.00 %
TIDE Frobenius norm of X-X^2 took      0.00 usr cpu s       0.00 sys cpu s       0.00 wall s
TIDE Mixed norm of X-X^2 took      0.00 usr cpu s       0.01 sys cpu s       0.00 wall s
TIDE Trace of X-X^2 took      0.00 usr cpu s       0.00 sys cpu s       0.00 wall s
INDE ||X-X^2||_F = 1.746166e-03 , ||X-X^2||_mixed = 1.745232e-03
INDE trace(X-X^2) = 2.005575e-03
INDE trace(X) = 4.700201e+01
INDE Checking stopping criterion...   
INDE Order of convergence cannot be computed
TIDE stopping_criterion took      0.00 usr cpu s       0.00 sys cpu s       0.00 wall s
TIDE Iteration 23 took      0.01 usr cpu s       0.02 sys cpu s       0.00 wall s
INDE     ITERATION 24 :
TIDE purify_X took      0.00 usr cpu s       0.00 sys cpu s       0.00 wall s
TIDE truncate_matrix took      0.00 usr cpu s       0.00 sys cpu s       0.00 wall s
INDE Actual introduced error   0.000000e+00 : nnz before  49284 <-> 100.00 % , nnz after  49284 <-> 100.00 %
TIDE square took      0.00 usr cpu s       0.01 sys cpu s       0.00 wall s
INDE NNZ Xsq = 49284 <-> 100.00 %
TIDE Frobenius norm of X-X^2 took      0.00 usr cpu s       0.00 sys cpu s       0.00 wall s
TIDE Mixed norm of X-X^2 took      0.00 usr cpu s       0.01 sys cpu s       0.00 wall s
TIDE Trace of X-X^2 took      0.00 usr cpu s       0.00 sys cpu s       0.00 wall s
INDE ||X-X^2||_F = 3.666766e-06 , ||X-X^2||_mixed = 3.554207e-06
INDE trace(X-X^2) = 5.723523e-06
INDE trace(X) = 4.700000e+01
INDE Checking stopping criterion...   
INDE e_i =3.554207e-06, C*e_{i-1}^q = 1.350117e-05
INDE Order of convergence = 2.203105, stop = 0
TIDE stopping_criterion took      0.00 usr cpu s       0.00 sys cpu s       0.00 wall s
TIDE Iteration 24 took      0.01 usr cpu s       0.02 sys cpu s       0.00 wall s
INDE     ITERATION 25 :
TIDE purify_X took      0.00 usr cpu s       0.00 sys cpu s       0.00 wall s
TIDE truncate_matrix took      0.00 usr cpu s       0.00 sys cpu s       0.00 wall s
INDE Actual introduced error   0.000000e+00 : nnz before  49284 <-> 100.00 % , nnz after  49284 <-> 100.00 %
TIDE square took      0.01 usr cpu s       0.00 sys cpu s       0.00 wall s
INDE NNZ Xsq = 49284 <-> 100.00 %
TIDE Frobenius norm of X-X^2 took      0.00 usr cpu s       0.00 sys cpu s       0.00 wall s
TIDE Mixed norm of X-X^2 took      0.00 usr cpu s       0.01 sys cpu s       0.00 wall s
TIDE Trace of X-X^2 took      0.00 usr cpu s       0.00 sys cpu s       0.00 wall s
INDE ||X-X^2||_F = 4.219126e-06 , ||X-X^2||_mixed = 4.215711e-06
INDE trace(X-X^2) = 5.328059e-06
INDE trace(X) = 4.699999e+01
INDE Checking stopping criterion...   
INDE Order of convergence cannot be computed
TIDE stopping_criterion took      0.00 usr cpu s       0.00 sys cpu s       0.00 wall s
TIDE Iteration 25 took      0.02 usr cpu s       0.01 sys cpu s       0.00 wall s
INDE     ITERATION 26 :
TIDE purify_X took      0.00 usr cpu s       0.00 sys cpu s       0.00 wall s
TIDE truncate_matrix took      0.00 usr cpu s       0.00 sys cpu s       0.00 wall s
INDE Actual introduced error   0.000000e+00 : nnz before  49284 <-> 100.00 % , nnz after  49284 <-> 100.00 %
TIDE square took      0.00 usr cpu s       0.01 sys cpu s       0.00 wall s
INDE NNZ Xsq = 49284 <-> 100.00 %
TIDE Frobenius norm of X-X^2 took      0.00 usr cpu s       0.00 sys cpu s       0.00 wall s
TIDE Mixed norm of X-X^2 took      0.00 usr cpu s       0.01 sys cpu s       0.00 wall s
TIDE Trace of X-X^2 took      0.00 usr cpu s       0.00 sys cpu s       0.00 wall s
INDE ||X-X^2||_F = 2.417113e-11 , ||X-X^2||_mixed = 2.337650e-11
INDE trace(X-X^2) = 3.578293e-11
INDE trace(X) = 4.700000e+01
INDE Checking stopping criterion...   
INDE e_i =2.337650e-11, C*e_{i-1}^q = 8.700177e-11
INDE Order of convergence = 2.104739, stop = 0
TIDE stopping_criterion took      0.00 usr cpu s       0.00 sys cpu s       0.00 wall s
TIDE Iteration 26 took      0.01 usr cpu s       0.02 sys cpu s       0.00 wall s
INDE     ITERATION 27 :
TIDE purify_X took      0.00 usr cpu s       0.00 sys cpu s       0.00 wall s
TIDE truncate_matrix took      0.00 usr cpu s       0.00 sys cpu s       0.00 wall s
INDE Actual introduced error   0.000000e+00 : nnz before  49284 <-> 100.00 % , nnz after  49284 <-> 100.00 %
TIDE square took      0.00 usr cpu s       0.01 sys cpu s       0.00 wall s
INDE NNZ Xsq = 49284 <-> 100.00 %
TIDE Frobenius norm of X-X^2 took      0.00 usr cpu s       0.00 sys cpu s       0.00 wall s
TIDE Mixed norm of X-X^2 took      0.00 usr cpu s       0.01 sys cpu s       0.00 wall s
TIDE Trace of X-X^2 took      0.00 usr cpu s       0.00 sys cpu s       0.00 wall s
INDE ||X-X^2||_F = 3.230260e-11 , ||X-X^2||_mixed = 3.229979e-11
INDE trace(X-X^2) = 3.560530e-11
INDE trace(X) = 4.700000e+01
INDE Checking stopping criterion...   
INDE e_i =3.229979e-11, C*e_{i-1}^q = 1.224008e-10
INDE Order of convergence = 2.107641, stop = 0
TIDE stopping_criterion took      0.00 usr cpu s       0.00 sys cpu s       0.00 wall s
TIDE Iteration 27 took      0.00 usr cpu s       0.02 sys cpu s       0.00 wall s
INDE     ITERATION 28 :
TIDE purify_X took      0.00 usr cpu s       0.00 sys cpu s       0.00 wall s
TIDE truncate_matrix took      0.00 usr cpu s       0.00 sys cpu s       0.00 wall s
INDE Actual introduced error   0.000000e+00 : nnz before  49284 <-> 100.00 % , nnz after  49284 <-> 100.00 %
TIDE square took      0.00 usr cpu s       0.01 sys cpu s       0.00 wall s
INDE NNZ Xsq = 49284 <-> 100.00 %
TIDE Frobenius norm of X-X^2 took      0.00 usr cpu s       0.00 sys cpu s       0.00 wall s
TIDE Mixed norm of X-X^2 took      0.00 usr cpu s       0.00 sys cpu s       0.00 wall s
TIDE Trace of X-X^2 took      0.00 usr cpu s       0.00 sys cpu s       0.00 wall s
INDE ||X-X^2||_F = 2.076753e-15 , ||X-X^2||_mixed = 0.000000e+00
INDE trace(X-X^2) = 0.000000e+00
INDE trace(X) = 4.700000e+01
INDE Checking stopping criterion...   
INDE ************************************************************************************************************
INDE The norm value went much below machine precision, therefore we stop here since n_max can be underestimated.
INDE ************************************************************************************************************
INDE e_i =0.000000e+00, C*e_{i-1}^q = 3.763585e-21
INDE Order of convergence = inf, stop = 1
TIDE stopping_criterion took      0.00 usr cpu s       0.00 sys cpu s       0.00 wall s
INDE PURIFICATION CONVERGED after 28 iterations
TIDE Iteration 28 took      0.01 usr cpu s       0.02 sys cpu s       0.00 wall s
INDE Number of non-zeros in D is  49284 <-> 100.00 %
TIDE FileWritable::writeAndReadAll took      0.00 usr cpu s       0.00 sys cpu s       0.00 wall s
INDE writeAndReadAll sizesStr: '0 MB (1 MatrixGeneral, 0 > 1 MB) + 0 MB (13 MatrixSymmetric, 0 > 1 MB) + 0 MB (2 VectorGeneral, 0 > 1 MB) = 0 MB (16 total, 0 > 1 MB)
INDE TOTAL accumulated subspace error is 0.000000e+00
INDE TOTAL X square time: 0.061072 wall s
INDE TOTAL X trunction time: 0.003278 wall s
INDE TOTAL X purify (exl. X^2 computation) time: 0.003445 wall s
INDE TOTAL time to get number of non-zero elements: 0.001042 wall s
INDE TOTAL time to get mixed norm: 0.043374 wall s
INDE TOTAL time to get Frobenius norm: 0.003697 wall s
INDE TOTAL time for stopping criterion: 0.001272 wall s
INDE TOTAL time to get matrix trace: 0.000574 wall s
INDE Estimated bounds for the eigenvalues for the Fock matrix:
INDE LUMO: [ 0.089623211405 , 0.142744871038 ]
INDE HOMO: [ -0.394967400026 , -0.342418318097 ]
TIDE eigenvalue_bounds_estimation() took      0.00 usr cpu s       0.00 sys cpu s       0.00 wall s
TIDE Recursive expansion took      0.41 usr cpu s       1.07 sys cpu s       0.19 wall s
TIDE Puri->PurificationStart() took      0.41 usr cpu s       1.07 sys cpu s       0.19 wall s
TIDE Accumulated wall times for writeToFile in PurificationStart()          : 0 s (MatrixGeneral) + 9.5e-07 s (MatrixSymmetric) + 9.4e-05 s (VectorGeneral) = 9.5e-05 s
TIDE Accumulated wall times for readFromFile in PurificationStart()         : 0 s (MatrixGeneral) + 9.5e-07 s (MatrixSymmetric) + 3.2e-05 s (VectorGeneral) = 3.3e-05 s
TIDE Accumulated wall times for copy and assign in PurificationStart()      : 9.5e-07 s (MatrixSymmetric) + 4.2e-05 s (VectorGeneral) = 4.3e-05 s
INDE Number of calls to writeToFile in PurificationStart()                  : 2 (MatrixGeneral) + 27 (MatrixSymmetric) + 978 (VectorGeneral) = 1007 
INDE Number of calls to readFromFile in PurificationStart()                 : 2 (MatrixGeneral) + 26 (MatrixSymmetric) + 423 (VectorGeneral) = 451 
INDE Number of calls to FileWritable copy and assign in PurificationStart() : 2 (MatrixSymmetric) + 30 (VectorGeneral) = 32 
TIDE mat::Gblas::time after purification :     0.857316
INDE Created .m files with results of the purification
INDE Purification converged OK, subspaceError <=          0.00000000000
INDE E(LUMO) - E(HOMO) >=          0.43204152950 =         11.75644898979 eV
INDE E(LUMO) - E(HOMO) <=          0.53771227106 =         14.63189636708 eV
INDE HOMO interval : [   -0.394967400026   -0.342418318097 ]
INDE LUMO interval : [    0.089623211405    0.142744871038 ]
INDE Trace of resulting density matrix is         47.00000000000, error is   0.00000000000000.
INDE Truncated D_ort ( mixed ), selected threshold = 9.99999e-08, returned error =          0, nnz before = 49284 <-> 100.0000 %, nnz after = 49284 <-> 100.0000 %
TIDE FileWritable::writeAndReadAll took      0.00 usr cpu s       0.00 sys cpu s       0.00 wall s
INDE writeAndReadAll sizesStr: '0 MB (1 MatrixGeneral, 0 > 1 MB) + 0 MB (12 MatrixSymmetric, 0 > 1 MB) + 0 MB (1 MatrixTriangular, 0 > 1 MB) = 0 MB (14 total, 0 > 1 MB)
TIDE D_w to non-orthogonal basis took      0.00 usr cpu s       0.01 sys cpu s       0.00 wall s
INDE Truncated D_S (eucl with Z), selected threshold = 9.99999e-08, returned error =          0, nnz before = 100.0000 %, nnz after = 100.0000 %
INDE get_dens_from_fock_sparse ending OK
TIDE get_dens_from_fock_sparse took      0.49 usr cpu s       1.39 sys cpu s       0.24 wall s
ERDE get_dens_from_fock  (GetDensFromFock class) : purification finished OK.
TIDE get_dens_from_fock took      0.50 usr cpu s       1.39 sys cpu s       0.24 wall s
INSC Matrix 'new density matrix' ( symm ): n =    222, nnz =        49284 <-> 100.00 %, mem usage  0.0002 G
INSC Tr( D * S ) =         94.00000000000
TISC get_new_density_matrix took      0.50 usr cpu s       1.39 sys cpu s       0.24 wall s
INSC SCF_restricted::report_density_difference, diff_eucl =          0.00000550877
TISC SCF_restricted::report_density_difference took      0.03 usr cpu s       0.08 sys cpu s       0.01 wall s
INMA ddf_writeShellListAndDensityMatricesToFile_sparse, n =    222, densityMatrixList[0].nvalues =       24753
INMA opened temporary file 'density.bin.BG9WZq' for writing
INMA Choosing matrixStorageType = MATRIX_STORAGE_TYPE_TRIANGLE.
INMA fileSize =          252744 bytes =      0.253 MegaBytes
INMA renamed file 'density.bin.BG9WZq' to 'density.bin'
INMA ddf_writeShellListAndDensityMatricesToFile_sparse freeing buffer.
INMA ddf_writeShellListAndDensityMatricesToFile_sparse returning OK.
TISC write_density_to_file took      0.01 usr cpu s       0.05 sys cpu s       0.01 wall s
INSC SCF cycle  14 finished.
TISC SCF cycle  14 took    169.80 usr cpu s       2.29 sys cpu s      30.99 wall s
INSC Beginning of SCF cycle 15:  Thu Mar 26 20:08:07 2026
INDE compute_J_by_boxes_sparse() start.
TIDE FileWritable::writeAndReadAll took      0.00 usr cpu s       0.00 sys cpu s       0.00 wall s
INDE writeAndReadAll: '0 MB (1 MatrixGeneral, 0 > 1 MB) + 0 MB (11 MatrixSymmetric, 0 > 1 MB) = 0 MB (12 total, 0 > 1 MB)
IN   compute_J_by_boxes_sparse, maxDensityMatrixElement =          2.08715479058
ININ get_basis_func_pair_list, n =    222
ININ create_box_system end OK, toplevelBoxSize:   7.0, #levels:  3, #boxes at top level:      6
TIIN get_basis_func_pair_list_2el took      0.20 usr cpu s       0.39 sys cpu s       0.12 wall s
IN   compute_J_by_boxes_sparse: noOfBasisFuncIndexPairs = 21264 ==> storing  43.15 % of a full matrix
ININ entering compute_J_by_boxes_linear, no of basis funcs =   222, threshold_J =   1e-12
ININ use_fmm = 1, fmm_box_size =   5.00
TIIN Compute extent for all distrs took      0.27 usr cpu s       0.00 sys cpu s       0.27 wall s
ININ extent_min =    0.000, extent_max =    8.988
ININ Creating list of distributions etc done, distrCount =    208583
TIIN Creating list of distributions etc took      0.42 usr cpu s       0.00 sys cpu s       0.42 wall s
ININ create_box_system end OK, toplevelBoxSize:   5.0, #levels:  3, #boxes at top level:     10
TIIN Creating boxes took      0.02 usr cpu s       0.00 sys cpu s       0.02 wall s
ININ noOfBranches = 4, splitters:   5.00  2.50  0.00
ININ J org done, groupCount =     7861
TIIN J org took      0.83 usr cpu s       0.00 sys cpu s       0.83 wall s
TIIN Generate group multipoles took      0.36 usr cpu s       0.00 sys cpu s       0.36 wall s
ININ totChargeWholeSystem =          0.00000000000
ININ Generating multipole for each branch at top level, MAX_MULTIPOLE_DEGREE = 15
TIIN Translate multipoles (step 1) took      0.29 usr cpu s       0.00 sys cpu s       0.29 wall s
TIIN Translate multipoles (step 2) took      0.07 usr cpu s       0.00 sys cpu s       0.07 wall s
ININ job lists for J created OK, noOfJobs_J_standard =      789, noOfJobs_J_multipole =       62
TIIN Creating job lists for J took      0.00 usr cpu s       0.00 sys cpu s       0.00 wall s
ININ execute_joblist_J_std_threaded, noOfThreads =  8
ININ 8 threads started OK.
ININ all 8 threads have finished.
TIIN execute_joblist_J_std_threaded took     58.39 usr cpu s       0.02 sys cpu s       8.96 wall s
TIIN sort_list_of_multipole_jobs init part took      0.00 usr cpu s       0.00 sys cpu s       0.00 wall s
TIIN sort_list_of_multipole_jobs complete took      0.00 usr cpu s       0.00 sys cpu s       0.00 wall s
TIIN sort_list_of_multipole_jobs took      0.00 usr cpu s       0.00 sys cpu s       0.00 wall s
ININ execute_joblist_J_fmm_shared: Allocating multipoleList_4, maxnoOfMinimalDistrsPerBoxBranch =     49239
ININ execute_joblist_J_fmm_shared: jobIndexLo =            0, jobIndexHi =            7
ININ execute_joblist_J_fmm_shared: Allocating multipoleList_4, maxnoOfMinimalDistrsPerBoxBranch =     49239
ININ execute_joblist_J_fmm_shared: Allocating multipoleList_4, maxnoOfMinimalDistrsPerBoxBranch =     49239
ININ execute_joblist_J_fmm_shared: jobIndexLo =           23, jobIndexHi =           31
ININ execute_joblist_J_fmm_shared: jobIndexLo =            7, jobIndexHi =           15
ININ execute_joblist_J_fmm_shared: Allocating multipoleList_4, maxnoOfMinimalDistrsPerBoxBranch =     49239
ININ execute_joblist_J_fmm_shared: jobIndexLo =           15, jobIndexHi =           23
ININ execute_joblist_J_fmm_shared: Allocating multipoleList_4, maxnoOfMinimalDistrsPerBoxBranch =     49239
ININ execute_joblist_J_fmm_shared: jobIndexLo =           31, jobIndexHi =           38
ININ execute_joblist_J_fmm_shared: Allocating multipoleList_4, maxnoOfMinimalDistrsPerBoxBranch =     49239
ININ execute_joblist_J_fmm_shared: jobIndexLo =           38, jobIndexHi =           46
ININ execute_joblist_J_fmm_shared: Allocating multipoleList_4, maxnoOfMinimalDistrsPerBoxBranch =     49239
ININ execute_joblist_J_fmm_shared: jobIndexLo =           46, jobIndexHi =           54
ININ execute_joblist_J_fmm_shared: Allocating multipoleList_4, maxnoOfMinimalDistrsPerBoxBranch =     49239
ININ execute_joblist_J_fmm_shared: jobIndexLo =           54, jobIndexHi =           62
ININ execute_joblist_J_fmm_shared: done!
ININ execute_joblist_J_fmm_shared: done!
ININ execute_joblist_J_fmm_shared: done!
ININ execute_joblist_J_fmm_shared: done!
ININ execute_joblist_J_fmm_shared: done!
ININ execute_joblist_J_fmm_shared: done!
ININ execute_joblist_J_fmm_shared: done!
ININ execute_joblist_J_fmm_shared: done!
ININ multipole job list for J executed, largest L used: 12
TIIN Executing multipole job list for J took      0.25 usr cpu s       0.00 sys cpu s       0.10 wall s
ININ compute_J_by_boxes_linear ending OK.
TIIN compute_J_by_boxes_linear took     60.63 usr cpu s       0.02 sys cpu s      11.05 wall s
TI   compute_J_by_boxes_sparse total took     60.84 usr cpu s       0.42 sys cpu s      11.17 wall s
ININ entering create_CSR_for_K, no of basis funcs =   222, threshold_K =   1e-12
ININ create_box_system end OK, toplevelBoxSize:   7.0, #levels:  3, #boxes at top level:      6
ININ create_box_system end OK, toplevelBoxSize:   7.0, #levels:  3, #boxes at top level:      6
ININ create_box_system end OK, toplevelBoxSize:   7.0, #levels:  3, #boxes at top level:      6
TIIN create_CSR_for_K getting list of distrs took      0.26 usr cpu s       0.00 sys cpu s       0.26 wall s
ININ list of neighbors complete.
TIIN create_CSR_for_K getting list of neighbors took      0.00 usr cpu s       0.00 sys cpu s       0.00 wall s
TIIN create_CSR_for_K sort each list of neighbors took      0.02 usr cpu s       0.00 sys cpu s       0.02 wall s
ININ 8 threads started OK.
TIIN identify_needed_elements() took     69.03 usr cpu s       0.08 sys cpu s       9.07 wall s
ININ computing nnz..
ININ create_CSR_for_K: predicted nnz =        24753, <->  50.23% of a full matrix
TIIN create_CSR_for_K last part took      0.00 usr cpu s       0.00 sys cpu s       0.00 wall s
TIIN create_CSR_for_K total took     69.32 usr cpu s       0.08 sys cpu s       9.36 wall s
ININ entering compute_K_by_boxes, no of basis funcs =   222, threshold_K =   1e-12, exchange_box_size =   5.00
ININ create_box_system end OK, toplevelBoxSize:   7.0, #levels:  3, #boxes at top level:      6
ININ create_box_system end OK, toplevelBoxSize:   7.0, #levels:  3, #boxes at top level:      6
ININ create_box_system end OK, toplevelBoxSize:   7.0, #levels:  3, #boxes at top level:      6
TIIN Compute extent for all distrs took      0.27 usr cpu s       0.00 sys cpu s       0.27 wall s
ININ Creating list of distributions done, distrCountTot =    208583
TIIN Creating list of distributions took      0.46 usr cpu s       0.00 sys cpu s       0.46 wall s
ININ create_box_system end OK, toplevelBoxSize:   5.0, #levels:  3, #boxes at top level:     10
ININ create_box_system end OK, toplevelBoxSize:   2.5, #levels:  4, #boxes at top level:     16
ININ noOfLevelsBasisFuncs = 4, noOfLevelsDiff = 1
TIIN Creating boxes etc took      0.02 usr cpu s       0.00 sys cpu s       0.02 wall s
TIIN getting multipoleNormVectorList took      0.43 usr cpu s       0.00 sys cpu s       0.43 wall s
TIIN K organize_distributions for all boxes took      0.88 usr cpu s       0.00 sys cpu s       0.88 wall s
ININ starting loop to setup basisFuncGroupInfoList, with added index checks.
TIIN GetLimitsAllLevels took      0.18 usr cpu s       0.00 sys cpu s       0.18 wall s
ININ getDmatLimitMatrixCSRList start.
TIIN getting densityMatrixLimitMatrixList took      0.01 usr cpu s       0.00 sys cpu s       0.01 wall s
ININ job list for K created,       55 jobs
TIIN creating job list for K took      0.00 usr cpu s       0.00 sys cpu s       0.00 wall s
ININ execute_joblist_K_threaded, noOfThreads =  8, basisFuncListCount_max =   207
ININ 8 threads started OK.
ININ all 8 threads have finished, took        8 wall s.
TIIN Executing job list for K took     37.17 usr cpu s       0.01 sys cpu s       7.81 wall s
TIIN compute_K_by_boxes took     39.14 usr cpu s       0.01 sys cpu s       9.78 wall s
TI   compute_K_by_boxes_sparse total took    108.47 usr cpu s       0.09 sys cpu s      19.15 wall s
INSC About to truncate FockMatrix, gap of Fprev >=          0.43204152950
TISC symmMatrix::mixed_diff for F vs Fprev maxEigValMovement_mixed took      0.00 usr cpu s       0.00 sys cpu s       0.00 wall s
TISC symmMatrix::eucl_diff for maxEigValMovement_eucl  took      0.01 usr cpu s       0.05 sys cpu s       0.01 wall s
INSC maxEigValMovement_frob  =          0.00000802031
INSC maxEigValMovement_mixed =          0.00000601635
INSC maxEigValMovement_eucl  =          0.00000304759
TISC FockMatrix.eucl_thresh() (with Z) took      0.03 usr cpu s       0.08 sys cpu s       0.02 wall s
INSC Truncated FockMatrix (eucl with Z), selected threshold = 4.32035e-08, returned error =          0, nnz before = 100.0000 %, nnz after = 100.0000 %
INSC Matrix 'S' ( symm ): n =    222, nnz =        49284 <-> 100.00 %, mem usage  0.0002 G
INSC Matrix 'F' ( symm ): n =    222, nnz =        49284 <-> 100.00 %, mem usage  0.0002 G
INSC Matrix 'D' ( symm ): n =    222, nnz =        49284 <-> 100.00 %, mem usage  0.0002 G
INSC nuclearEnergy, energy_2el, energy = 782.160484, 1007.739966, -644.961410
INSC Energy  15 =       -644.96140962344  ( diff     -0.000000000032742 )
INSC calling compute_FDSminusSDF_sparse, n = 222
INDE compute_FDSminusSDF_sparse() start.
TIDE FileWritable::writeAndReadAll took      0.00 usr cpu s       0.00 sys cpu s       0.00 wall s
INDE writeAndReadAll: '0 MB (1 MatrixGeneral, 0 > 1 MB) + 0 MB (9 MatrixSymmetric, 0 > 1 MB) = 0 MB (10 total, 0 > 1 MB)
TISC compute_FDSminusSDF_sparse, F*D mult took      0.02 usr cpu s       0.01 sys cpu s       0.00 wall s
INSC Matrix 'FD before eucl truncation' (normal): n =    222, nnz =        49284 <-> 100.00 %, mem usage  0.0004 G
INSC Matrix 'FD after  eucl truncation' (normal): n =    222, nnz =        49284 <-> 100.00 %, mem usage  0.0004 G
INSC Matrix 'FDS before eucl truncation' (normal): n =    222, nnz =        49284 <-> 100.00 %, mem usage  0.0004 G
INSC Matrix 'FDS after  eucl truncation' (normal): n =    222, nnz =        49284 <-> 100.00 %, mem usage  0.0004 G
INSC compute_FDSminusSDF_sparse ending OK.
TISC compute_FDSminusSDF_sparse took      0.04 usr cpu s       0.08 sys cpu s       0.02 wall s
INSC Matrix 'FDS-SDF' (normal): n =    222, nnz =        49284 <-> 100.00 %, mem usage  0.0004 G
INSC SCF_restricted::get_FDSminusSDF finished.
TISC get_FDSminusSDF took      0.04 usr cpu s       0.08 sys cpu s       0.02 wall s
INSC maxabs FDS-SDF is 5.91e-07
INSC frob   FDS-SDF is 5.04e-06
TISC get_error_measure took      0.00 usr cpu s       0.00 sys cpu s       0.00 wall s
INSC entering DIISManagerRestricted::AddIterationToList, IterCount = 10
INSC DIISManagerRestricted::AddIterationToList ending OK.
TISC DIISManagerRestricted::AddIterationToList took      0.00 usr cpu s       0.01 sys cpu s       0.00 wall s
INSC using DIIS to get combined Fock matrix, number of iters used for DIIS: 10
TISC clear_error_matrices took      0.00 usr cpu s       0.00 sys cpu s       0.00 wall s
TISC save_current_fock_as_fprev took      0.00 usr cpu s       0.00 sys cpu s       0.00 wall s
INDE get_dens_from_fock_general, n = 222, use_diagonalization = 0, use_diag_on_error = 1
INDE Before writeAndReadAll(): AllocatorManager statistics:  noOfRealsPerBuffer: 1024 noOfBuffers: 20000 list.size(): 1. Allocated: 0.164 GB, Used: 0.00673 GB, Peak alloc: 0.164 GB.
TIDE FileWritable::writeAndReadAll took      0.00 usr cpu s       0.00 sys cpu s       0.00 wall s
INDE writeAndReadAll sizesStr: '0 MB (1 MatrixGeneral, 0 > 1 MB) + 0 MB (7 MatrixSymmetric, 0 > 1 MB) = 0 MB (8 total, 0 > 1 MB)
INDE After writeAndReadAll(): AllocatorManager statistics:  noOfRealsPerBuffer: 1024 noOfBuffers: 20000 list.size(): 1. Allocated: 0.164 GB, Used: 0.00673 GB, Peak alloc: 0.164 GB.
INDE calling get_dens_from_fock_sparse, n =    222, subspaceErrorLimit = 1e-06
INDE get_dens_from_fock_sparse() start!
INDE After F.readFromFile(): AllocatorManager statistics:  noOfRealsPerBuffer: 1024 noOfBuffers: 20000 list.size(): 1. Allocated: 0.164 GB, Used: 0.00673 GB, Peak alloc: 0.164 GB.
INDE After creating wrapper MatrixType F_w(F): AllocatorManager statistics:  noOfRealsPerBuffer: 1024 noOfBuffers: 20000 list.size(): 1. Allocated: 0.164 GB, Used: 0.00691 GB, Peak alloc: 0.164 GB.
TIDE  F_w to orthogonal basis took      0.01 usr cpu s       0.01 sys cpu s       0.00 wall s
TIDE MatrixType::mixed_diff for maxEigValMovement_mixed took      0.00 usr cpu s       0.01 sys cpu s       0.00 wall s
TIDE symmMatrixWrap::eucl_diff for maxEigValMovement_eucl  took      0.03 usr cpu s       0.13 sys cpu s       0.02 wall s
INDE maxEigValMovement_frob  =          0.00000474186
INDE maxEigValMovement_mixed =          0.00000328398
INDE maxEigValMovement_eucl  =          0.00000163077
INDE lumo before truncation: [ 0.089621580639 , 0.142746501804 ]
INDE homo before truncation: [ -0.394969030793 , -0.342416687331 ]
INDE Truncate matrix F and update intervals for homo and lumo.
INDE Truncating F_ort ( mixed ), selected threshold = 4.32038e-08
INDE Truncated F_ort ( mixed ), selected threshold = 4.32038e-08, returned error =          0, nnz before = 100.0000 %, nnz after = 100.0000 %
TIDE Truncation of F_ort took      0.00 usr cpu s       0.00 sys cpu s       0.00 wall s
INDE Chosen Ergo Wrapper
INDE Creating purification object: N = 222 , nocc = 47 , NNZ = 49284  <-> 100.00000 %
INDE Chosen norm for the truncation: 
INDE mixed
INDE Chosen norm for the stopping criterion: 
INDE mixed
INDE Chosen the NEW stopping criterion.
INDE Allowed error in subspace 7.000000e-07
INDE Chosen SP2 purification method
INDE calling Puri->PurificationStart(), number of threads = 1, trunc norm 'mixed'
TIDE gershgorin took      0.00 usr cpu s       0.00 sys cpu s       0.00 wall s
INDE Gershgorin bounds: [ -35.722146822629 , 17.120605019834 ]
INDE EXPANDED Gershgorin bounds: [ -35.722146837531 , 17.120605034735 ]
INDE Trying to impove bounds using Lanczos algorithm...
TIDE compute_spectrum_bounds took      0.10 usr cpu s       0.41 sys cpu s       0.07 wall s
INDE Spectrum of F: 	 [ -20.624828716385 , 4.255870309447 ]
INDE Transform homo and lumo bounds...
INDE HOMO bounds of X: 	 [ 0.184813416697 , 0.186925589808 ]
INDE LUMO bounds of X: 	 [ 0.165313836375 , 0.167449022412 ]
INDE INIT LUMO: [ 0.165313836375 , 0.167449022412 ]
INDE INIT HOMO: [ 0.813074410192 , 0.815186583303 ]
INDE ESTIMATED NUMBER OF ITERATIONS IS 28
INDE Put eigenvalues of F to the interval [0,1] in reverse order.
TIDE compute_X() took      0.00 usr cpu s       0.00 sys cpu s       0.00 wall s
TIDE prepare_to_purification() took      0.11 usr cpu s       0.41 sys cpu s       0.07 wall s
INDE (EIGV,PARAMS) Requested 0 occipied eigenpair(s).
INDE (EIGV,PARAMS) Requested 0 unoccipied eigenpair(s).
TIDE prepare_to_purification_eigenvectors() took      0.00 usr cpu s       0.00 sys cpu s       0.00 wall s
INDE Starting recursive expansion
INDE     BEFORE ITERATIONS:
TIDE truncate_matrix took      0.00 usr cpu s       0.00 sys cpu s       0.00 wall s
INDE Actual introduced error   0.000000e+00 : nnz before  49284 <-> 100.00 % , nnz after  49284 <-> 100.00 %
TIDE square took      0.00 usr cpu s       0.02 sys cpu s       0.00 wall s
INDE NNZ Xsq = 49284 <-> 100.00 %
TIDE Frobenius norm of X-X^2 took      0.00 usr cpu s       0.00 sys cpu s       0.00 wall s
TIDE Mixed norm of X-X^2 took      0.00 usr cpu s       0.01 sys cpu s       0.00 wall s
TIDE Trace of X-X^2 took      0.00 usr cpu s       0.00 sys cpu s       0.00 wall s
INDE ||X-X^2||_F = 1.696456e+00 , ||X-X^2||_mixed = 8.697836e-01
INDE trace(X-X^2) = 2.268037e+01
INDE trace(X) = 3.353587e+01
TIDE Iteration 0 took      0.01 usr cpu s       0.03 sys cpu s       0.00 wall s
TIDE FileWritable::writeAndReadAll took      0.00 usr cpu s       0.00 sys cpu s       0.00 wall s
INDE writeAndReadAll sizesStr: '0 MB (1 MatrixGeneral, 0 > 1 MB) + 0 MB (13 MatrixSymmetric, 0 > 1 MB) + 0 MB (2 VectorGeneral, 0 > 1 MB) = 0 MB (16 total, 0 > 1 MB)
INDE     ITERATION 1 :
TIDE purify_X took      0.00 usr cpu s       0.00 sys cpu s       0.00 wall s
TIDE truncate_matrix took      0.00 usr cpu s       0.00 sys cpu s       0.00 wall s
INDE Actual introduced error   0.000000e+00 : nnz before  49284 <-> 100.00 % , nnz after  49284 <-> 100.00 %
TIDE square took      0.00 usr cpu s       0.02 sys cpu s       0.00 wall s
INDE NNZ Xsq = 49284 <-> 100.00 %
TIDE Frobenius norm of X-X^2 took      0.00 usr cpu s       0.00 sys cpu s       0.00 wall s
TIDE Mixed norm of X-X^2 took      0.00 usr cpu s       0.01 sys cpu s       0.00 wall s
TIDE Trace of X-X^2 took      0.00 usr cpu s       0.00 sys cpu s       0.00 wall s
INDE ||X-X^2||_F = 2.452788e+00 , ||X-X^2||_mixed = 1.227597e+00
INDE trace(X-X^2) = 3.418995e+01
INDE trace(X) = 5.621624e+01
TIDE Iteration 1 took      0.01 usr cpu s       0.03 sys cpu s       0.00 wall s
INDE     ITERATION 2 :
TIDE purify_X took      0.00 usr cpu s       0.00 sys cpu s       0.00 wall s
TIDE truncate_matrix took      0.00 usr cpu s       0.00 sys cpu s       0.00 wall s
INDE Actual introduced error   0.000000e+00 : nnz before  49284 <-> 100.00 % , nnz after  49284 <-> 100.00 %
TIDE square took      0.01 usr cpu s       0.01 sys cpu s       0.00 wall s
INDE NNZ Xsq = 49284 <-> 100.00 %
TIDE Frobenius norm of X-X^2 took      0.00 usr cpu s       0.00 sys cpu s       0.00 wall s
TIDE Mixed norm of X-X^2 took      0.00 usr cpu s       0.01 sys cpu s       0.00 wall s
TIDE Trace of X-X^2 took      0.00 usr cpu s       0.00 sys cpu s       0.00 wall s
INDE ||X-X^2||_F = 3.128785e+00 , ||X-X^2||_mixed = 1.495112e+00
INDE trace(X-X^2) = 4.422264e+01
INDE trace(X) = 9.040619e+01
INDE Checking stopping criterion...   
INDE Order of convergence cannot be computed
TIDE stopping_criterion took      0.00 usr cpu s       0.00 sys cpu s       0.00 wall s
TIDE Iteration 2 took      0.01 usr cpu s       0.02 sys cpu s       0.00 wall s
INDE     ITERATION 3 :
TIDE purify_X took      0.00 usr cpu s       0.00 sys cpu s       0.00 wall s
TIDE truncate_matrix took      0.00 usr cpu s       0.00 sys cpu s       0.00 wall s
INDE Actual introduced error   0.000000e+00 : nnz before  49284 <-> 100.00 % , nnz after  49284 <-> 100.00 %
TIDE square took      0.00 usr cpu s       0.01 sys cpu s       0.00 wall s
INDE NNZ Xsq = 49284 <-> 100.00 %
TIDE Frobenius norm of X-X^2 took      0.00 usr cpu s       0.00 sys cpu s       0.00 wall s
TIDE Mixed norm of X-X^2 took      0.00 usr cpu s       0.01 sys cpu s       0.00 wall s
TIDE Trace of X-X^2 took      0.00 usr cpu s       0.00 sys cpu s       0.00 wall s
INDE ||X-X^2||_F = 2.042920e+00 , ||X-X^2||_mixed = 1.140106e+00
INDE trace(X-X^2) = 2.593177e+01
INDE trace(X) = 4.618355e+01
INDE Checking stopping criterion...   
INDE Order of convergence cannot be computed
TIDE stopping_criterion took      0.00 usr cpu s       0.00 sys cpu s       0.00 wall s
TIDE Iteration 3 took      0.01 usr cpu s       0.03 sys cpu s       0.00 wall s
INDE     ITERATION 4 :
TIDE purify_X took      0.00 usr cpu s       0.00 sys cpu s       0.00 wall s
TIDE truncate_matrix took      0.00 usr cpu s       0.00 sys cpu s       0.00 wall s
INDE Actual introduced error   0.000000e+00 : nnz before  49284 <-> 100.00 % , nnz after  49284 <-> 100.00 %
TIDE square took      0.00 usr cpu s       0.02 sys cpu s       0.00 wall s
INDE NNZ Xsq = 49284 <-> 100.00 %
TIDE Frobenius norm of X-X^2 took      0.00 usr cpu s       0.00 sys cpu s       0.00 wall s
TIDE Mixed norm of X-X^2 took      0.00 usr cpu s       0.01 sys cpu s       0.00 wall s
TIDE Trace of X-X^2 took      0.00 usr cpu s       0.00 sys cpu s       0.00 wall s
INDE ||X-X^2||_F = 2.694209e+00 , ||X-X^2||_mixed = 1.436982e+00
INDE trace(X-X^2) = 3.563246e+01
INDE trace(X) = 7.211532e+01
INDE Checking stopping criterion...   
INDE Order of convergence cannot be computed
TIDE stopping_criterion took      0.00 usr cpu s       0.00 sys cpu s       0.00 wall s
TIDE Iteration 4 took      0.01 usr cpu s       0.03 sys cpu s       0.00 wall s
INDE     ITERATION 5 :
TIDE purify_X took      0.00 usr cpu s       0.00 sys cpu s       0.00 wall s
TIDE truncate_matrix took      0.00 usr cpu s       0.00 sys cpu s       0.00 wall s
INDE Actual introduced error   0.000000e+00 : nnz before  49284 <-> 100.00 % , nnz after  49284 <-> 100.00 %
TIDE square took      0.00 usr cpu s       0.01 sys cpu s       0.00 wall s
INDE NNZ Xsq = 49284 <-> 100.00 %
TIDE Frobenius norm of X-X^2 took      0.00 usr cpu s       0.00 sys cpu s       0.00 wall s
TIDE Mixed norm of X-X^2 took      0.00 usr cpu s       0.01 sys cpu s       0.00 wall s
TIDE Trace of X-X^2 took      0.00 usr cpu s       0.00 sys cpu s       0.00 wall s
INDE ||X-X^2||_F = 2.829640e+00 , ||X-X^2||_mixed = 1.489637e+00
INDE trace(X-X^2) = 3.867140e+01
INDE trace(X) = 1.077478e+02
INDE Checking stopping criterion...   
INDE Order of convergence cannot be computed
TIDE stopping_criterion took      0.00 usr cpu s       0.00 sys cpu s       0.00 wall s
TIDE Iteration 5 took      0.01 usr cpu s       0.03 sys cpu s       0.00 wall s
INDE     ITERATION 6 :
TIDE purify_X took      0.00 usr cpu s       0.00 sys cpu s       0.00 wall s
TIDE truncate_matrix took      0.00 usr cpu s       0.00 sys cpu s       0.00 wall s
INDE Actual introduced error   0.000000e+00 : nnz before  49284 <-> 100.00 % , nnz after  49284 <-> 100.00 %
TIDE square took      0.00 usr cpu s       0.02 sys cpu s       0.00 wall s
INDE NNZ Xsq = 49284 <-> 100.00 %
TIDE Frobenius norm of X-X^2 took      0.00 usr cpu s       0.00 sys cpu s       0.00 wall s
TIDE Mixed norm of X-X^2 took      0.01 usr cpu s       0.01 sys cpu s       0.00 wall s
TIDE Trace of X-X^2 took      0.00 usr cpu s       0.00 sys cpu s       0.00 wall s
INDE ||X-X^2||_F = 2.431514e+00 , ||X-X^2||_mixed = 1.395156e+00
INDE trace(X-X^2) = 2.987918e+01
INDE trace(X) = 6.907638e+01
INDE Checking stopping criterion...   
INDE Order of convergence cannot be computed
TIDE stopping_criterion took      0.00 usr cpu s       0.00 sys cpu s       0.00 wall s
TIDE Iteration 6 took      0.01 usr cpu s       0.02 sys cpu s       0.00 wall s
INDE     ITERATION 7 :
TIDE purify_X took      0.00 usr cpu s       0.00 sys cpu s       0.00 wall s
TIDE truncate_matrix took      0.00 usr cpu s       0.00 sys cpu s       0.00 wall s
INDE Actual introduced error   0.000000e+00 : nnz before  49284 <-> 100.00 % , nnz after  49284 <-> 100.00 %
TIDE square took      0.00 usr cpu s       0.01 sys cpu s       0.00 wall s
INDE NNZ Xsq = 49284 <-> 100.00 %
TIDE Frobenius norm of X-X^2 took      0.00 usr cpu s       0.00 sys cpu s       0.00 wall s
TIDE Mixed norm of X-X^2 took      0.00 usr cpu s       0.01 sys cpu s       0.00 wall s
TIDE Trace of X-X^2 took      0.00 usr cpu s       0.00 sys cpu s       0.00 wall s
INDE ||X-X^2||_F = 1.752193e+00 , ||X-X^2||_mixed = 1.119077e+00
INDE trace(X-X^2) = 1.729573e+01
INDE trace(X) = 3.919719e+01
INDE Checking stopping criterion...   
INDE Order of convergence cannot be computed
TIDE stopping_criterion took      0.00 usr cpu s       0.00 sys cpu s       0.00 wall s
TIDE Iteration 7 took      0.01 usr cpu s       0.03 sys cpu s       0.00 wall s
INDE     ITERATION 8 :
TIDE purify_X took      0.00 usr cpu s       0.00 sys cpu s       0.00 wall s
TIDE truncate_matrix took      0.00 usr cpu s       0.00 sys cpu s       0.00 wall s
INDE Actual introduced error   0.000000e+00 : nnz before  49284 <-> 100.00 % , nnz after  49284 <-> 100.00 %
TIDE square took      0.00 usr cpu s       0.01 sys cpu s       0.00 wall s
INDE NNZ Xsq = 49284 <-> 100.00 %
TIDE Frobenius norm of X-X^2 took      0.00 usr cpu s       0.00 sys cpu s       0.00 wall s
TIDE Mixed norm of X-X^2 took      0.00 usr cpu s       0.01 sys cpu s       0.00 wall s
TIDE Trace of X-X^2 took      0.00 usr cpu s       0.00 sys cpu s       0.00 wall s
INDE ||X-X^2||_F = 1.978925e+00 , ||X-X^2||_mixed = 1.220647e+00
INDE trace(X-X^2) = 2.135612e+01
INDE trace(X) = 5.649293e+01
INDE Checking stopping criterion...   
INDE Order of convergence cannot be computed
TIDE stopping_criterion took      0.00 usr cpu s       0.00 sys cpu s       0.00 wall s
TIDE Iteration 8 took      0.01 usr cpu s       0.03 sys cpu s       0.00 wall s
INDE     ITERATION 9 :
TIDE purify_X took      0.00 usr cpu s       0.00 sys cpu s       0.00 wall s
TIDE truncate_matrix took      0.00 usr cpu s       0.00 sys cpu s       0.00 wall s
INDE Actual introduced error   0.000000e+00 : nnz before  49284 <-> 100.00 % , nnz after  49284 <-> 100.00 %
TIDE square took      0.01 usr cpu s       0.01 sys cpu s       0.00 wall s
INDE NNZ Xsq = 49284 <-> 100.00 %
TIDE Frobenius norm of X-X^2 took      0.00 usr cpu s       0.00 sys cpu s       0.00 wall s
TIDE Mixed norm of X-X^2 took      0.00 usr cpu s       0.01 sys cpu s       0.00 wall s
TIDE Trace of X-X^2 took      0.00 usr cpu s       0.00 sys cpu s       0.00 wall s
INDE ||X-X^2||_F = 1.539809e+00 , ||X-X^2||_mixed = 1.043571e+00
INDE trace(X-X^2) = 1.273191e+01
INDE trace(X) = 3.513680e+01
INDE Checking stopping criterion...   
INDE Order of convergence cannot be computed
TIDE stopping_criterion took      0.00 usr cpu s       0.00 sys cpu s       0.00 wall s
TIDE Iteration 9 took      0.01 usr cpu s       0.02 sys cpu s       0.00 wall s
INDE     ITERATION 10 :
TIDE purify_X took      0.00 usr cpu s       0.00 sys cpu s       0.00 wall s
TIDE truncate_matrix took      0.00 usr cpu s       0.00 sys cpu s       0.00 wall s
INDE Actual introduced error   0.000000e+00 : nnz before  49284 <-> 100.00 % , nnz after  49284 <-> 100.00 %
TIDE square took      0.01 usr cpu s       0.01 sys cpu s       0.00 wall s
INDE NNZ Xsq = 49284 <-> 100.00 %
TIDE Frobenius norm of X-X^2 took      0.00 usr cpu s       0.00 sys cpu s       0.00 wall s
TIDE Mixed norm of X-X^2 took      0.00 usr cpu s       0.01 sys cpu s       0.00 wall s
TIDE Trace of X-X^2 took      0.00 usr cpu s       0.00 sys cpu s       0.00 wall s
INDE ||X-X^2||_F = 1.535725e+00 , ||X-X^2||_mixed = 1.008731e+00
INDE trace(X-X^2) = 1.407681e+01
INDE trace(X) = 4.786871e+01
INDE Checking stopping criterion...   
INDE Order of convergence cannot be computed
TIDE stopping_criterion took      0.00 usr cpu s       0.00 sys cpu s       0.00 wall s
TIDE Iteration 10 took      0.02 usr cpu s       0.02 sys cpu s       0.00 wall s
INDE     ITERATION 11 :
TIDE purify_X took      0.00 usr cpu s       0.00 sys cpu s       0.00 wall s
TIDE truncate_matrix took      0.00 usr cpu s       0.00 sys cpu s       0.00 wall s
INDE Actual introduced error   0.000000e+00 : nnz before  49284 <-> 100.00 % , nnz after  49284 <-> 100.00 %
TIDE square took      0.01 usr cpu s       0.01 sys cpu s       0.00 wall s
INDE NNZ Xsq = 49284 <-> 100.00 %
TIDE Frobenius norm of X-X^2 took      0.00 usr cpu s       0.00 sys cpu s       0.00 wall s
TIDE Mixed norm of X-X^2 took      0.00 usr cpu s       0.01 sys cpu s       0.00 wall s
TIDE Trace of X-X^2 took      0.00 usr cpu s       0.00 sys cpu s       0.00 wall s
INDE ||X-X^2||_F = 1.525282e+00 , ||X-X^2||_mixed = 1.054944e+00
INDE trace(X-X^2) = 1.394051e+01
INDE trace(X) = 6.194551e+01
INDE Checking stopping criterion...   
INDE Order of convergence cannot be computed
TIDE stopping_criterion took      0.00 usr cpu s       0.00 sys cpu s       0.00 wall s
TIDE Iteration 11 took      0.01 usr cpu s       0.02 sys cpu s       0.00 wall s
INDE     ITERATION 12 :
TIDE purify_X took      0.00 usr cpu s       0.00 sys cpu s       0.00 wall s
TIDE truncate_matrix took      0.00 usr cpu s       0.00 sys cpu s       0.00 wall s
INDE Actual introduced error   0.000000e+00 : nnz before  49284 <-> 100.00 % , nnz after  49284 <-> 100.00 %
TIDE square took      0.00 usr cpu s       0.02 sys cpu s       0.00 wall s
INDE NNZ Xsq = 49284 <-> 100.00 %
TIDE Frobenius norm of X-X^2 took      0.00 usr cpu s       0.00 sys cpu s       0.00 wall s
TIDE Mixed norm of X-X^2 took      0.00 usr cpu s       0.01 sys cpu s       0.00 wall s
TIDE Trace of X-X^2 took      0.00 usr cpu s       0.00 sys cpu s       0.00 wall s
INDE ||X-X^2||_F = 1.135336e+00 , ||X-X^2||_mixed = 7.831700e-01
INDE trace(X-X^2) = 8.882934e+00
INDE trace(X) = 4.800501e+01
INDE Checking stopping criterion...   
INDE Order of convergence cannot be computed
TIDE stopping_criterion took      0.00 usr cpu s       0.00 sys cpu s       0.00 wall s
TIDE Iteration 12 took      0.00 usr cpu s       0.03 sys cpu s       0.00 wall s
INDE     ITERATION 13 :
TIDE purify_X took      0.00 usr cpu s       0.00 sys cpu s       0.00 wall s
TIDE truncate_matrix took      0.00 usr cpu s       0.00 sys cpu s       0.00 wall s
INDE Actual introduced error   0.000000e+00 : nnz before  49284 <-> 100.00 % , nnz after  49284 <-> 100.00 %
TIDE square took      0.01 usr cpu s       0.01 sys cpu s       0.00 wall s
INDE NNZ Xsq = 49284 <-> 100.00 %
TIDE Frobenius norm of X-X^2 took      0.00 usr cpu s       0.00 sys cpu s       0.00 wall s
TIDE Mixed norm of X-X^2 took      0.00 usr cpu s       0.01 sys cpu s       0.00 wall s
TIDE Trace of X-X^2 took      0.00 usr cpu s       0.00 sys cpu s       0.00 wall s
INDE ||X-X^2||_F = 1.136397e+00 , ||X-X^2||_mixed = 8.313516e-01
INDE trace(X-X^2) = 7.039015e+00
INDE trace(X) = 3.912207e+01
INDE Checking stopping criterion...   
INDE Order of convergence cannot be computed
TIDE stopping_criterion took      0.00 usr cpu s       0.00 sys cpu s       0.00 wall s
TIDE Iteration 13 took      0.01 usr cpu s       0.02 sys cpu s       0.00 wall s
INDE     ITERATION 14 :
TIDE purify_X took      0.00 usr cpu s       0.00 sys cpu s       0.00 wall s
TIDE truncate_matrix took      0.00 usr cpu s       0.00 sys cpu s       0.00 wall s
INDE Actual introduced error   0.000000e+00 : nnz before  49284 <-> 100.00 % , nnz after  49284 <-> 100.00 %
TIDE square took      0.00 usr cpu s       0.02 sys cpu s       0.00 wall s
INDE NNZ Xsq = 49284 <-> 100.00 %
TIDE Frobenius norm of X-X^2 took      0.00 usr cpu s       0.00 sys cpu s       0.00 wall s
TIDE Mixed norm of X-X^2 took      0.00 usr cpu s       0.01 sys cpu s       0.00 wall s
TIDE Trace of X-X^2 took      0.00 usr cpu s       0.00 sys cpu s       0.00 wall s
INDE ||X-X^2||_F = 7.344795e-01 , ||X-X^2||_mixed = 5.416179e-01
INDE trace(X-X^2) = 4.672057e+00
INDE trace(X) = 4.616109e+01
INDE Checking stopping criterion...   
INDE e_i =5.416179e-01, C*e_{i-1}^q = 4.224300e+00
INDE Order of convergence = 10.404263, stop = 0
TIDE stopping_criterion took      0.00 usr cpu s       0.00 sys cpu s       0.00 wall s
TIDE Iteration 14 took      0.01 usr cpu s       0.03 sys cpu s       0.00 wall s
INDE     ITERATION 15 :
TIDE purify_X took      0.00 usr cpu s       0.00 sys cpu s       0.00 wall s
TIDE truncate_matrix took      0.00 usr cpu s       0.00 sys cpu s       0.00 wall s
INDE Actual introduced error   0.000000e+00 : nnz before  49284 <-> 100.00 % , nnz after  49284 <-> 100.00 %
TIDE square took      0.00 usr cpu s       0.01 sys cpu s       0.00 wall s
INDE NNZ Xsq = 49284 <-> 100.00 %
TIDE Frobenius norm of X-X^2 took      0.00 usr cpu s       0.00 sys cpu s       0.00 wall s
TIDE Mixed norm of X-X^2 took      0.00 usr cpu s       0.01 sys cpu s       0.00 wall s
TIDE Trace of X-X^2 took      0.00 usr cpu s       0.00 sys cpu s       0.00 wall s
INDE ||X-X^2||_F = 7.310237e-01 , ||X-X^2||_mixed = 5.527564e-01
INDE trace(X-X^2) = 3.795994e+00
INDE trace(X) = 5.083315e+01
INDE Checking stopping criterion...   
INDE Order of convergence cannot be computed
TIDE stopping_criterion took      0.00 usr cpu s       0.00 sys cpu s       0.00 wall s
TIDE Iteration 15 took      0.01 usr cpu s       0.03 sys cpu s       0.00 wall s
INDE     ITERATION 16 :
TIDE purify_X took      0.00 usr cpu s       0.00 sys cpu s       0.00 wall s
TIDE truncate_matrix took      0.00 usr cpu s       0.00 sys cpu s       0.00 wall s
INDE Actual introduced error   0.000000e+00 : nnz before  49284 <-> 100.00 % , nnz after  49284 <-> 100.00 %
TIDE square took      0.00 usr cpu s       0.01 sys cpu s       0.00 wall s
INDE NNZ Xsq = 49284 <-> 100.00 %
TIDE Frobenius norm of X-X^2 took      0.00 usr cpu s       0.00 sys cpu s       0.00 wall s
TIDE Mixed norm of X-X^2 took      0.00 usr cpu s       0.01 sys cpu s       0.00 wall s
TIDE Trace of X-X^2 took      0.00 usr cpu s       0.00 sys cpu s       0.00 wall s
INDE ||X-X^2||_F = 3.736102e-01 , ||X-X^2||_mixed = 3.052515e-01
INDE trace(X-X^2) = 1.819588e+00
INDE trace(X) = 4.703715e+01
INDE Checking stopping criterion...   
INDE e_i =3.052515e-01, C*e_{i-1}^q = 2.020360e+00
INDE Order of convergence = 5.082049, stop = 0
TIDE stopping_criterion took      0.00 usr cpu s       0.00 sys cpu s       0.00 wall s
TIDE Iteration 16 took      0.01 usr cpu s       0.02 sys cpu s       0.00 wall s
INDE     ITERATION 17 :
TIDE purify_X took      0.00 usr cpu s       0.00 sys cpu s       0.00 wall s
TIDE truncate_matrix took      0.00 usr cpu s       0.00 sys cpu s       0.00 wall s
INDE Actual introduced error   0.000000e+00 : nnz before  49284 <-> 100.00 % , nnz after  49284 <-> 100.00 %
TIDE square took      0.00 usr cpu s       0.02 sys cpu s       0.00 wall s
INDE NNZ Xsq = 49284 <-> 100.00 %
TIDE Frobenius norm of X-X^2 took      0.00 usr cpu s       0.00 sys cpu s       0.00 wall s
TIDE Mixed norm of X-X^2 took      0.00 usr cpu s       0.01 sys cpu s       0.00 wall s
TIDE Trace of X-X^2 took      0.00 usr cpu s       0.00 sys cpu s       0.00 wall s
INDE ||X-X^2||_F = 4.268871e-01 , ||X-X^2||_mixed = 3.696005e-01
INDE trace(X-X^2) = 1.694154e+00
INDE trace(X) = 4.521756e+01
INDE Checking stopping criterion...   
INDE Order of convergence cannot be computed
TIDE stopping_criterion took      0.00 usr cpu s       0.00 sys cpu s       0.00 wall s
TIDE Iteration 17 took      0.00 usr cpu s       0.03 sys cpu s       0.00 wall s
INDE     ITERATION 18 :
TIDE purify_X took      0.00 usr cpu s       0.00 sys cpu s       0.00 wall s
TIDE truncate_matrix took      0.00 usr cpu s       0.00 sys cpu s       0.00 wall s
INDE Actual introduced error   0.000000e+00 : nnz before  49284 <-> 100.00 % , nnz after  49284 <-> 100.00 %
TIDE square took      0.00 usr cpu s       0.01 sys cpu s       0.00 wall s
INDE NNZ Xsq = 49284 <-> 100.00 %
TIDE Frobenius norm of X-X^2 took      0.00 usr cpu s       0.00 sys cpu s       0.00 wall s
TIDE Mixed norm of X-X^2 took      0.00 usr cpu s       0.01 sys cpu s       0.00 wall s
TIDE Trace of X-X^2 took      0.00 usr cpu s       0.00 sys cpu s       0.00 wall s
INDE ||X-X^2||_F = 1.459562e-01 , ||X-X^2||_mixed = 1.341936e-01
INDE trace(X-X^2) = 4.663362e-01
INDE trace(X) = 4.691172e+01
INDE Checking stopping criterion...   
INDE e_i =1.341936e-01, C*e_{i-1}^q = 6.417387e-01
INDE Order of convergence = 3.318787, stop = 0
TIDE stopping_criterion took      0.00 usr cpu s       0.00 sys cpu s       0.00 wall s
TIDE Iteration 18 took      0.01 usr cpu s       0.03 sys cpu s       0.00 wall s
INDE     ITERATION 19 :
TIDE purify_X took      0.00 usr cpu s       0.00 sys cpu s       0.00 wall s
TIDE truncate_matrix took      0.00 usr cpu s       0.00 sys cpu s       0.00 wall s
INDE Actual introduced error   0.000000e+00 : nnz before  49284 <-> 100.00 % , nnz after  49284 <-> 100.00 %
TIDE square took      0.00 usr cpu s       0.02 sys cpu s       0.00 wall s
INDE NNZ Xsq = 49284 <-> 100.00 %
TIDE Frobenius norm of X-X^2 took      0.00 usr cpu s       0.00 sys cpu s       0.00 wall s
TIDE Mixed norm of X-X^2 took      0.01 usr cpu s       0.01 sys cpu s       0.00 wall s
TIDE Trace of X-X^2 took      0.00 usr cpu s       0.00 sys cpu s       0.00 wall s
INDE ||X-X^2||_F = 1.609131e-01 , ||X-X^2||_mixed = 1.526520e-01
INDE trace(X-X^2) = 3.767324e-01
INDE trace(X) = 4.737805e+01
INDE Checking stopping criterion...   
INDE Order of convergence cannot be computed
TIDE stopping_criterion took      0.00 usr cpu s       0.00 sys cpu s       0.00 wall s
TIDE Iteration 19 took      0.01 usr cpu s       0.02 sys cpu s       0.00 wall s
INDE     ITERATION 20 :
TIDE purify_X took      0.00 usr cpu s       0.00 sys cpu s       0.00 wall s
TIDE truncate_matrix took      0.00 usr cpu s       0.00 sys cpu s       0.00 wall s
INDE Actual introduced error   0.000000e+00 : nnz before  49284 <-> 100.00 % , nnz after  49284 <-> 100.00 %
TIDE square took      0.00 usr cpu s       0.01 sys cpu s       0.00 wall s
INDE NNZ Xsq = 49284 <-> 100.00 %
TIDE Frobenius norm of X-X^2 took      0.00 usr cpu s       0.00 sys cpu s       0.00 wall s
TIDE Mixed norm of X-X^2 took      0.01 usr cpu s       0.01 sys cpu s       0.00 wall s
TIDE Trace of X-X^2 took      0.00 usr cpu s       0.00 sys cpu s       0.00 wall s
INDE ||X-X^2||_F = 2.957161e-02 , ||X-X^2||_mixed = 2.827047e-02
INDE trace(X-X^2) = 6.381341e-02
INDE trace(X) = 4.700132e+01
INDE Checking stopping criterion...   
INDE e_i =2.827047e-02, C*e_{i-1}^q = 1.240241e-01
INDE Order of convergence = 2.736211, stop = 0
TIDE stopping_criterion took      0.00 usr cpu s       0.00 sys cpu s       0.00 wall s
TIDE Iteration 20 took      0.01 usr cpu s       0.02 sys cpu s       0.00 wall s
INDE     ITERATION 21 :
TIDE purify_X took      0.00 usr cpu s       0.00 sys cpu s       0.00 wall s
TIDE truncate_matrix took      0.00 usr cpu s       0.00 sys cpu s       0.00 wall s
INDE Actual introduced error   0.000000e+00 : nnz before  49284 <-> 100.00 % , nnz after  49284 <-> 100.00 %
TIDE square took      0.00 usr cpu s       0.02 sys cpu s       0.00 wall s
INDE NNZ Xsq = 49284 <-> 100.00 %
TIDE Frobenius norm of X-X^2 took      0.00 usr cpu s       0.00 sys cpu s       0.00 wall s
TIDE Mixed norm of X-X^2 took      0.00 usr cpu s       0.01 sys cpu s       0.00 wall s
TIDE Trace of X-X^2 took      0.00 usr cpu s       0.00 sys cpu s       0.00 wall s
INDE ||X-X^2||_F = 3.870931e-02 , ||X-X^2||_mixed = 3.858185e-02
INDE trace(X-X^2) = 6.190859e-02
INDE trace(X) = 4.693751e+01
INDE Checking stopping criterion...   
INDE Order of convergence cannot be computed
TIDE stopping_criterion took      0.00 usr cpu s       0.00 sys cpu s       0.00 wall s
TIDE Iteration 21 took      0.00 usr cpu s       0.03 sys cpu s       0.00 wall s
INDE     ITERATION 22 :
TIDE purify_X took      0.00 usr cpu s       0.00 sys cpu s       0.00 wall s
TIDE truncate_matrix took      0.00 usr cpu s       0.00 sys cpu s       0.00 wall s
INDE Actual introduced error   0.000000e+00 : nnz before  49284 <-> 100.00 % , nnz after  49284 <-> 100.00 %
TIDE square took      0.00 usr cpu s       0.01 sys cpu s       0.00 wall s
INDE NNZ Xsq = 49284 <-> 100.00 %
TIDE Frobenius norm of X-X^2 took      0.00 usr cpu s       0.00 sys cpu s       0.00 wall s
TIDE Mixed norm of X-X^2 took      0.00 usr cpu s       0.01 sys cpu s       0.00 wall s
TIDE Trace of X-X^2 took      0.00 usr cpu s       0.00 sys cpu s       0.00 wall s
INDE ||X-X^2||_F = 1.447013e-03 , ||X-X^2||_mixed = 1.400113e-03
INDE trace(X-X^2) = 2.589749e-03
INDE trace(X) = 4.699942e+01
INDE Checking stopping criterion...   
INDE e_i =1.400113e-03, C*e_{i-1}^q = 5.504384e-03
INDE Order of convergence = 2.383908, stop = 0
TIDE stopping_criterion took      0.00 usr cpu s       0.00 sys cpu s       0.00 wall s
TIDE Iteration 22 took      0.01 usr cpu s       0.03 sys cpu s       0.00 wall s
INDE     ITERATION 23 :
TIDE purify_X took      0.00 usr cpu s       0.00 sys cpu s       0.00 wall s
TIDE truncate_matrix took      0.00 usr cpu s       0.00 sys cpu s       0.00 wall s
INDE Actual introduced error   0.000000e+00 : nnz before  49284 <-> 100.00 % , nnz after  49284 <-> 100.00 %
TIDE square took      0.00 usr cpu s       0.02 sys cpu s       0.00 wall s
INDE NNZ Xsq = 49284 <-> 100.00 %
TIDE Frobenius norm of X-X^2 took      0.00 usr cpu s       0.00 sys cpu s       0.00 wall s
TIDE Mixed norm of X-X^2 took      0.00 usr cpu s       0.01 sys cpu s       0.00 wall s
TIDE Trace of X-X^2 took      0.00 usr cpu s       0.00 sys cpu s       0.00 wall s
INDE ||X-X^2||_F = 1.746157e-03 , ||X-X^2||_mixed = 1.745223e-03
INDE trace(X-X^2) = 2.005566e-03
INDE trace(X) = 4.700201e+01
INDE Checking stopping criterion...   
INDE Order of convergence cannot be computed
TIDE stopping_criterion took      0.00 usr cpu s       0.00 sys cpu s       0.00 wall s
TIDE Iteration 23 took      0.00 usr cpu s       0.03 sys cpu s       0.00 wall s
INDE     ITERATION 24 :
TIDE purify_X took      0.00 usr cpu s       0.00 sys cpu s       0.00 wall s
TIDE truncate_matrix took      0.00 usr cpu s       0.00 sys cpu s       0.00 wall s
INDE Actual introduced error   0.000000e+00 : nnz before  49284 <-> 100.00 % , nnz after  49284 <-> 100.00 %
TIDE square took      0.00 usr cpu s       0.01 sys cpu s       0.00 wall s
INDE NNZ Xsq = 49284 <-> 100.00 %
TIDE Frobenius norm of X-X^2 took      0.00 usr cpu s       0.00 sys cpu s       0.00 wall s
TIDE Mixed norm of X-X^2 took      0.00 usr cpu s       0.01 sys cpu s       0.00 wall s
TIDE Trace of X-X^2 took      0.00 usr cpu s       0.00 sys cpu s       0.00 wall s
INDE ||X-X^2||_F = 3.666734e-06 , ||X-X^2||_mixed = 3.554175e-06
INDE trace(X-X^2) = 5.723482e-06
INDE trace(X) = 4.700000e+01
INDE Checking stopping criterion...   
INDE e_i =3.554175e-06, C*e_{i-1}^q = 1.350108e-05
INDE Order of convergence = 2.203105, stop = 0
TIDE stopping_criterion took      0.00 usr cpu s       0.00 sys cpu s       0.00 wall s
TIDE Iteration 24 took      0.01 usr cpu s       0.02 sys cpu s       0.00 wall s
INDE     ITERATION 25 :
TIDE purify_X took      0.00 usr cpu s       0.00 sys cpu s       0.00 wall s
TIDE truncate_matrix took      0.00 usr cpu s       0.00 sys cpu s       0.00 wall s
INDE Actual introduced error   0.000000e+00 : nnz before  49284 <-> 100.00 % , nnz after  49284 <-> 100.00 %
TIDE square took      0.00 usr cpu s       0.02 sys cpu s       0.00 wall s
INDE NNZ Xsq = 49284 <-> 100.00 %
TIDE Frobenius norm of X-X^2 took      0.00 usr cpu s       0.00 sys cpu s       0.00 wall s
TIDE Mixed norm of X-X^2 took      0.01 usr cpu s       0.00 sys cpu s       0.00 wall s
TIDE Trace of X-X^2 took      0.00 usr cpu s       0.00 sys cpu s       0.00 wall s
INDE ||X-X^2||_F = 4.219105e-06 , ||X-X^2||_mixed = 4.215690e-06
INDE trace(X-X^2) = 5.328039e-06
INDE trace(X) = 4.699999e+01
INDE Checking stopping criterion...   
INDE Order of convergence cannot be computed
TIDE stopping_criterion took      0.00 usr cpu s       0.00 sys cpu s       0.00 wall s
TIDE Iteration 25 took      0.01 usr cpu s       0.02 sys cpu s       0.00 wall s
INDE     ITERATION 26 :
TIDE purify_X took      0.00 usr cpu s       0.00 sys cpu s       0.00 wall s
TIDE truncate_matrix took      0.00 usr cpu s       0.00 sys cpu s       0.00 wall s
INDE Actual introduced error   0.000000e+00 : nnz before  49284 <-> 100.00 % , nnz after  49284 <-> 100.00 %
TIDE square took      0.00 usr cpu s       0.02 sys cpu s       0.00 wall s
INDE NNZ Xsq = 49284 <-> 100.00 %
TIDE Frobenius norm of X-X^2 took      0.00 usr cpu s       0.00 sys cpu s       0.00 wall s
TIDE Mixed norm of X-X^2 took      0.00 usr cpu s       0.01 sys cpu s       0.00 wall s
TIDE Trace of X-X^2 took      0.00 usr cpu s       0.00 sys cpu s       0.00 wall s
INDE ||X-X^2||_F = 2.417065e-11 , ||X-X^2||_mixed = 2.337607e-11
INDE trace(X-X^2) = 3.579004e-11
INDE trace(X) = 4.700000e+01
INDE Checking stopping criterion...   
INDE e_i =2.337607e-11, C*e_{i-1}^q = 8.700023e-11
INDE Order of convergence = 2.104739, stop = 0
TIDE stopping_criterion took      0.00 usr cpu s       0.00 sys cpu s       0.00 wall s
TIDE Iteration 26 took      0.01 usr cpu s       0.02 sys cpu s       0.00 wall s
INDE     ITERATION 27 :
TIDE purify_X took      0.00 usr cpu s       0.00 sys cpu s       0.00 wall s
TIDE truncate_matrix took      0.00 usr cpu s       0.00 sys cpu s       0.00 wall s
INDE Actual introduced error   0.000000e+00 : nnz before  49284 <-> 100.00 % , nnz after  49284 <-> 100.00 %
TIDE square took      0.00 usr cpu s       0.01 sys cpu s       0.00 wall s
INDE NNZ Xsq = 49284 <-> 100.00 %
TIDE Frobenius norm of X-X^2 took      0.00 usr cpu s       0.00 sys cpu s       0.00 wall s
TIDE Mixed norm of X-X^2 took      0.00 usr cpu s       0.00 sys cpu s       0.00 wall s
TIDE Trace of X-X^2 took      0.00 usr cpu s       0.00 sys cpu s       0.00 wall s
INDE ||X-X^2||_F = 3.230234e-11 , ||X-X^2||_mixed = 3.229953e-11
INDE trace(X-X^2) = 3.559819e-11
INDE trace(X) = 4.700000e+01
INDE Checking stopping criterion...   
INDE e_i =3.229953e-11, C*e_{i-1}^q = 1.223996e-10
INDE Order of convergence = 2.107641, stop = 0
TIDE stopping_criterion took      0.00 usr cpu s       0.00 sys cpu s       0.00 wall s
TIDE Iteration 27 took      0.01 usr cpu s       0.02 sys cpu s       0.00 wall s
INDE     ITERATION 28 :
TIDE purify_X took      0.00 usr cpu s       0.00 sys cpu s       0.00 wall s
TIDE truncate_matrix took      0.00 usr cpu s       0.00 sys cpu s       0.00 wall s
INDE Actual introduced error   0.000000e+00 : nnz before  49284 <-> 100.00 % , nnz after  49284 <-> 100.00 %
TIDE square took      0.01 usr cpu s       0.01 sys cpu s       0.00 wall s
INDE NNZ Xsq = 49284 <-> 100.00 %
TIDE Frobenius norm of X-X^2 took      0.00 usr cpu s       0.00 sys cpu s       0.00 wall s
TIDE Mixed norm of X-X^2 took      0.00 usr cpu s       0.00 sys cpu s       0.00 wall s
TIDE Trace of X-X^2 took      0.00 usr cpu s       0.00 sys cpu s       0.00 wall s
INDE ||X-X^2||_F = 2.199191e-15 , ||X-X^2||_mixed = 0.000000e+00
INDE trace(X-X^2) = -7.105427e-15
INDE trace(X) = 4.700000e+01
INDE Checking stopping criterion...   
INDE ************************************************************************************************************
INDE The norm value went much below machine precision, therefore we stop here since n_max can be underestimated.
INDE ************************************************************************************************************
INDE e_i =0.000000e+00, C*e_{i-1}^q = 3.763445e-21
INDE Order of convergence = inf, stop = 1
TIDE stopping_criterion took      0.00 usr cpu s       0.00 sys cpu s       0.00 wall s
INDE PURIFICATION CONVERGED after 28 iterations
TIDE Iteration 28 took      0.01 usr cpu s       0.01 sys cpu s       0.00 wall s
INDE Number of non-zeros in D is  49284 <-> 100.00 %
TIDE FileWritable::writeAndReadAll took      0.00 usr cpu s       0.00 sys cpu s       0.00 wall s
INDE writeAndReadAll sizesStr: '0 MB (1 MatrixGeneral, 0 > 1 MB) + 0 MB (13 MatrixSymmetric, 0 > 1 MB) + 0 MB (2 VectorGeneral, 0 > 1 MB) = 0 MB (16 total, 0 > 1 MB)
INDE TOTAL accumulated subspace error is 0.000000e+00
INDE TOTAL X square time: 0.061595 wall s
INDE TOTAL X trunction time: 0.003279 wall s
INDE TOTAL X purify (exl. X^2 computation) time: 0.003398 wall s
INDE TOTAL time to get number of non-zero elements: 0.001069 wall s
INDE TOTAL time to get mixed norm: 0.042256 wall s
INDE TOTAL time to get Frobenius norm: 0.003703 wall s
INDE TOTAL time for stopping criterion: 0.001274 wall s
INDE TOTAL time to get matrix trace: 0.000565 wall s
INDE Estimated bounds for the eigenvalues for the Fock matrix:
INDE LUMO: [ 0.089623228356 , 0.142744840181 ]
INDE HOMO: [ -0.394967527079 , -0.342418460794 ]
TIDE eigenvalue_bounds_estimation() took      0.00 usr cpu s       0.00 sys cpu s       0.00 wall s
TIDE Recursive expansion took      0.35 usr cpu s       1.12 sys cpu s       0.19 wall s
TIDE Puri->PurificationStart() took      0.35 usr cpu s       1.12 sys cpu s       0.19 wall s
TIDE Accumulated wall times for writeToFile in PurificationStart()          : 0 s (MatrixGeneral) + 9.5e-07 s (MatrixSymmetric) + 7.6e-05 s (VectorGeneral) = 7.7e-05 s
TIDE Accumulated wall times for readFromFile in PurificationStart()         : 0 s (MatrixGeneral) + 3.3e-06 s (MatrixSymmetric) + 2.6e-05 s (VectorGeneral) = 2.9e-05 s
TIDE Accumulated wall times for copy and assign in PurificationStart()      : 2.1e-06 s (MatrixSymmetric) + 3.9e-05 s (VectorGeneral) = 4.1e-05 s
INDE Number of calls to writeToFile in PurificationStart()                  : 2 (MatrixGeneral) + 27 (MatrixSymmetric) + 916 (VectorGeneral) = 945 
INDE Number of calls to readFromFile in PurificationStart()                 : 2 (MatrixGeneral) + 26 (MatrixSymmetric) + 372 (VectorGeneral) = 400 
INDE Number of calls to FileWritable copy and assign in PurificationStart() : 2 (MatrixSymmetric) + 30 (VectorGeneral) = 32 
TIDE mat::Gblas::time after purification :     0.854129
INDE Created .m files with results of the purification
INDE Purification converged OK, subspaceError <=          0.00000000000
INDE E(LUMO) - E(HOMO) >=          0.43204168915 =         11.75645333401 eV
INDE E(LUMO) - E(HOMO) <=          0.53771236726 =         14.63189898471 eV
INDE HOMO interval : [   -0.394967527079   -0.342418460794 ]
INDE LUMO interval : [    0.089623228356    0.142744840181 ]
INDE Trace of resulting density matrix is         47.00000000000, error is   0.00000000000000.
INDE Truncated D_ort ( mixed ), selected threshold = 9.99999e-08, returned error =          0, nnz before = 49284 <-> 100.0000 %, nnz after = 49284 <-> 100.0000 %
TIDE FileWritable::writeAndReadAll took      0.00 usr cpu s       0.00 sys cpu s       0.00 wall s
INDE writeAndReadAll sizesStr: '0 MB (1 MatrixGeneral, 0 > 1 MB) + 0 MB (12 MatrixSymmetric, 0 > 1 MB) + 0 MB (1 MatrixTriangular, 0 > 1 MB) = 0 MB (14 total, 0 > 1 MB)
TIDE D_w to non-orthogonal basis took      0.00 usr cpu s       0.02 sys cpu s       0.00 wall s
INDE Truncated D_S (eucl with Z), selected threshold = 9.99999e-08, returned error =          0, nnz before = 100.0000 %, nnz after = 100.0000 %
INDE get_dens_from_fock_sparse ending OK
TIDE get_dens_from_fock_sparse took      0.45 usr cpu s       1.44 sys cpu s       0.24 wall s
ERDE get_dens_from_fock  (GetDensFromFock class) : purification finished OK.
TIDE get_dens_from_fock took      0.45 usr cpu s       1.44 sys cpu s       0.24 wall s
INSC Matrix 'new density matrix' ( symm ): n =    222, nnz =        49284 <-> 100.00 %, mem usage  0.0002 G
INSC Tr( D * S ) =         94.00000000000
TISC get_new_density_matrix took      0.45 usr cpu s       1.44 sys cpu s       0.24 wall s
INSC SCF_restricted::report_density_difference, diff_eucl =          0.00000177168
TISC SCF_restricted::report_density_difference took      0.02 usr cpu s       0.07 sys cpu s       0.01 wall s
INMA ddf_writeShellListAndDensityMatricesToFile_sparse, n =    222, densityMatrixList[0].nvalues =       24753
INMA opened temporary file 'density.bin.h2M5xe' for writing
INMA Choosing matrixStorageType = MATRIX_STORAGE_TYPE_TRIANGLE.
INMA fileSize =          252744 bytes =      0.253 MegaBytes
INMA renamed file 'density.bin.h2M5xe' to 'density.bin'
INMA ddf_writeShellListAndDensityMatricesToFile_sparse freeing buffer.
INMA ddf_writeShellListAndDensityMatricesToFile_sparse returning OK.
TISC write_density_to_file took      0.01 usr cpu s       0.05 sys cpu s       0.01 wall s
INSC SCF cycle  15 finished.
TISC SCF cycle  15 took    169.88 usr cpu s       2.30 sys cpu s      30.63 wall s
INSC Beginning of SCF cycle 16:  Thu Mar 26 20:08:38 2026
INDE compute_J_by_boxes_sparse() start.
TIDE FileWritable::writeAndReadAll took      0.00 usr cpu s       0.00 sys cpu s       0.00 wall s
INDE writeAndReadAll: '0 MB (1 MatrixGeneral, 0 > 1 MB) + 0 MB (11 MatrixSymmetric, 0 > 1 MB) = 0 MB (12 total, 0 > 1 MB)
IN   compute_J_by_boxes_sparse, maxDensityMatrixElement =          2.08715479623
ININ get_basis_func_pair_list, n =    222
ININ create_box_system end OK, toplevelBoxSize:   7.0, #levels:  3, #boxes at top level:      6
TIIN get_basis_func_pair_list_2el took      0.19 usr cpu s       0.41 sys cpu s       0.11 wall s
IN   compute_J_by_boxes_sparse: noOfBasisFuncIndexPairs = 21264 ==> storing  43.15 % of a full matrix
ININ entering compute_J_by_boxes_linear, no of basis funcs =   222, threshold_J =   1e-12
ININ use_fmm = 1, fmm_box_size =   5.00
TIIN Compute extent for all distrs took      0.26 usr cpu s       0.00 sys cpu s       0.26 wall s
ININ extent_min =    0.000, extent_max =    8.988
ININ Creating list of distributions etc done, distrCount =    208583
TIIN Creating list of distributions etc took      0.40 usr cpu s       0.00 sys cpu s       0.40 wall s
ININ create_box_system end OK, toplevelBoxSize:   5.0, #levels:  3, #boxes at top level:     10
TIIN Creating boxes took      0.02 usr cpu s       0.00 sys cpu s       0.02 wall s
ININ noOfBranches = 4, splitters:   5.00  2.50  0.00
ININ J org done, groupCount =     7861
TIIN J org took      0.82 usr cpu s       0.00 sys cpu s       0.82 wall s
TIIN Generate group multipoles took      0.37 usr cpu s       0.00 sys cpu s       0.37 wall s
ININ totChargeWholeSystem =          0.00000000000
ININ Generating multipole for each branch at top level, MAX_MULTIPOLE_DEGREE = 15
TIIN Translate multipoles (step 1) took      0.29 usr cpu s       0.00 sys cpu s       0.29 wall s
TIIN Translate multipoles (step 2) took      0.07 usr cpu s       0.00 sys cpu s       0.07 wall s
ININ job lists for J created OK, noOfJobs_J_standard =      789, noOfJobs_J_multipole =       62
TIIN Creating job lists for J took      0.00 usr cpu s       0.00 sys cpu s       0.00 wall s
ININ execute_joblist_J_std_threaded, noOfThreads =  8
ININ 8 threads started OK.
ININ all 8 threads have finished.
TIIN execute_joblist_J_std_threaded took     58.06 usr cpu s       0.03 sys cpu s       9.01 wall s
TIIN sort_list_of_multipole_jobs init part took      0.00 usr cpu s       0.00 sys cpu s       0.00 wall s
TIIN sort_list_of_multipole_jobs complete took      0.00 usr cpu s       0.00 sys cpu s       0.00 wall s
TIIN sort_list_of_multipole_jobs took      0.00 usr cpu s       0.00 sys cpu s       0.00 wall s
ININ execute_joblist_J_fmm_shared: Allocating multipoleList_4, maxnoOfMinimalDistrsPerBoxBranch =     49239
ININ execute_joblist_J_fmm_shared: jobIndexLo =            0, jobIndexHi =            7
ININ execute_joblist_J_fmm_shared: Allocating multipoleList_4, maxnoOfMinimalDistrsPerBoxBranch =     49239
ININ execute_joblist_J_fmm_shared: Allocating multipoleList_4, maxnoOfMinimalDistrsPerBoxBranch =     49239
ININ execute_joblist_J_fmm_shared: jobIndexLo =           23, jobIndexHi =           31
ININ execute_joblist_J_fmm_shared: jobIndexLo =            7, jobIndexHi =           15
ININ execute_joblist_J_fmm_shared: Allocating multipoleList_4, maxnoOfMinimalDistrsPerBoxBranch =     49239
ININ execute_joblist_J_fmm_shared: jobIndexLo =           15, jobIndexHi =           23
ININ execute_joblist_J_fmm_shared: Allocating multipoleList_4, maxnoOfMinimalDistrsPerBoxBranch =     49239
ININ execute_joblist_J_fmm_shared: jobIndexLo =           31, jobIndexHi =           38
ININ execute_joblist_J_fmm_shared: Allocating multipoleList_4, maxnoOfMinimalDistrsPerBoxBranch =     49239
ININ execute_joblist_J_fmm_shared: jobIndexLo =           38, jobIndexHi =           46
ININ execute_joblist_J_fmm_shared: Allocating multipoleList_4, maxnoOfMinimalDistrsPerBoxBranch =     49239
ININ execute_joblist_J_fmm_shared: jobIndexLo =           46, jobIndexHi =           54
ININ execute_joblist_J_fmm_shared: Allocating multipoleList_4, maxnoOfMinimalDistrsPerBoxBranch =     49239
ININ execute_joblist_J_fmm_shared: jobIndexLo =           54, jobIndexHi =           62
ININ execute_joblist_J_fmm_shared: done!
ININ execute_joblist_J_fmm_shared: done!
ININ execute_joblist_J_fmm_shared: done!
ININ execute_joblist_J_fmm_shared: done!
ININ execute_joblist_J_fmm_shared: done!
ININ execute_joblist_J_fmm_shared: done!
ININ execute_joblist_J_fmm_shared: done!
ININ execute_joblist_J_fmm_shared: done!
ININ multipole job list for J executed, largest L used: 12
TIIN Executing multipole job list for J took      0.25 usr cpu s       0.00 sys cpu s       0.10 wall s
ININ compute_J_by_boxes_linear ending OK.
TIIN compute_J_by_boxes_linear took     60.29 usr cpu s       0.03 sys cpu s      11.08 wall s
TI   compute_J_by_boxes_sparse total took     60.48 usr cpu s       0.44 sys cpu s      11.20 wall s
ININ entering create_CSR_for_K, no of basis funcs =   222, threshold_K =   1e-12
ININ create_box_system end OK, toplevelBoxSize:   7.0, #levels:  3, #boxes at top level:      6
ININ create_box_system end OK, toplevelBoxSize:   7.0, #levels:  3, #boxes at top level:      6
ININ create_box_system end OK, toplevelBoxSize:   7.0, #levels:  3, #boxes at top level:      6
TIIN create_CSR_for_K getting list of distrs took      0.26 usr cpu s       0.00 sys cpu s       0.26 wall s
ININ list of neighbors complete.
TIIN create_CSR_for_K getting list of neighbors took      0.00 usr cpu s       0.00 sys cpu s       0.00 wall s
TIIN create_CSR_for_K sort each list of neighbors took      0.02 usr cpu s       0.00 sys cpu s       0.02 wall s
ININ 8 threads started OK.
TIIN identify_needed_elements() took     68.82 usr cpu s       0.05 sys cpu s       8.97 wall s
ININ computing nnz..
ININ create_CSR_for_K: predicted nnz =        24753, <->  50.23% of a full matrix
TIIN create_CSR_for_K last part took      0.00 usr cpu s       0.00 sys cpu s       0.00 wall s
TIIN create_CSR_for_K total took     69.10 usr cpu s       0.05 sys cpu s       9.25 wall s
ININ entering compute_K_by_boxes, no of basis funcs =   222, threshold_K =   1e-12, exchange_box_size =   5.00
ININ create_box_system end OK, toplevelBoxSize:   7.0, #levels:  3, #boxes at top level:      6
ININ create_box_system end OK, toplevelBoxSize:   7.0, #levels:  3, #boxes at top level:      6
ININ create_box_system end OK, toplevelBoxSize:   7.0, #levels:  3, #boxes at top level:      6
TIIN Compute extent for all distrs took      0.26 usr cpu s       0.00 sys cpu s       0.26 wall s
ININ Creating list of distributions done, distrCountTot =    208583
TIIN Creating list of distributions took      0.43 usr cpu s       0.00 sys cpu s       0.43 wall s
ININ create_box_system end OK, toplevelBoxSize:   5.0, #levels:  3, #boxes at top level:     10
ININ create_box_system end OK, toplevelBoxSize:   2.5, #levels:  4, #boxes at top level:     16
ININ noOfLevelsBasisFuncs = 4, noOfLevelsDiff = 1
TIIN Creating boxes etc took      0.02 usr cpu s       0.00 sys cpu s       0.02 wall s
TIIN getting multipoleNormVectorList took      0.43 usr cpu s       0.00 sys cpu s       0.43 wall s
TIIN K organize_distributions for all boxes took      0.88 usr cpu s       0.00 sys cpu s       0.88 wall s
ININ starting loop to setup basisFuncGroupInfoList, with added index checks.
TIIN GetLimitsAllLevels took      0.17 usr cpu s       0.00 sys cpu s       0.17 wall s
ININ getDmatLimitMatrixCSRList start.
TIIN getting densityMatrixLimitMatrixList took      0.01 usr cpu s       0.00 sys cpu s       0.01 wall s
ININ job list for K created,       55 jobs
TIIN creating job list for K took      0.00 usr cpu s       0.00 sys cpu s       0.00 wall s
ININ execute_joblist_K_threaded, noOfThreads =  8, basisFuncListCount_max =   207
ININ 8 threads started OK.
ININ all 8 threads have finished, took        9 wall s.
TIIN Executing job list for K took     37.49 usr cpu s       0.01 sys cpu s       8.66 wall s
TIIN compute_K_by_boxes took     39.43 usr cpu s       0.01 sys cpu s      10.60 wall s
TI   compute_K_by_boxes_sparse total took    108.54 usr cpu s       0.06 sys cpu s      19.86 wall s
INSC About to truncate FockMatrix, gap of Fprev >=          0.43204168915
TISC symmMatrix::mixed_diff for F vs Fprev maxEigValMovement_mixed took      0.00 usr cpu s       0.00 sys cpu s       0.00 wall s
TISC symmMatrix::eucl_diff for maxEigValMovement_eucl  took      0.02 usr cpu s       0.05 sys cpu s       0.01 wall s
INSC maxEigValMovement_frob  =          0.00000209600
INSC maxEigValMovement_mixed =          0.00000158736
INSC maxEigValMovement_eucl  =          0.00000071882
TISC FockMatrix.eucl_thresh() (with Z) took      0.03 usr cpu s       0.07 sys cpu s       0.02 wall s
INSC Truncated FockMatrix (eucl with Z), selected threshold = 4.3204e-08, returned error =          0, nnz before = 100.0000 %, nnz after = 100.0000 %
INSC Matrix 'S' ( symm ): n =    222, nnz =        49284 <-> 100.00 %, mem usage  0.0002 G
INSC Matrix 'F' ( symm ): n =    222, nnz =        49284 <-> 100.00 %, mem usage  0.0002 G
INSC Matrix 'D' ( symm ): n =    222, nnz =        49284 <-> 100.00 %, mem usage  0.0002 G
INSC nuclearEnergy, energy_2el, energy = 782.160484, 1007.739967, -644.961410
INSC Energy  16 =       -644.96140962345  ( diff     -0.000000000004093 )
INSC calling compute_FDSminusSDF_sparse, n = 222
INDE compute_FDSminusSDF_sparse() start.
TIDE FileWritable::writeAndReadAll took      0.00 usr cpu s       0.00 sys cpu s       0.00 wall s
INDE writeAndReadAll: '0 MB (1 MatrixGeneral, 0 > 1 MB) + 0 MB (9 MatrixSymmetric, 0 > 1 MB) = 0 MB (10 total, 0 > 1 MB)
TISC compute_FDSminusSDF_sparse, F*D mult took      0.01 usr cpu s       0.02 sys cpu s       0.00 wall s
INSC Matrix 'FD before eucl truncation' (normal): n =    222, nnz =        49284 <-> 100.00 %, mem usage  0.0004 G
INSC Matrix 'FD after  eucl truncation' (normal): n =    222, nnz =        49284 <-> 100.00 %, mem usage  0.0004 G
INSC Matrix 'FDS before eucl truncation' (normal): n =    222, nnz =        49284 <-> 100.00 %, mem usage  0.0004 G
INSC Matrix 'FDS after  eucl truncation' (normal): n =    222, nnz =        49284 <-> 100.00 %, mem usage  0.0004 G
INSC compute_FDSminusSDF_sparse ending OK.
TISC compute_FDSminusSDF_sparse took      0.03 usr cpu s       0.10 sys cpu s       0.02 wall s
INSC Matrix 'FDS-SDF' (normal): n =    222, nnz =        46404 <->  94.16 %, mem usage  0.0004 G
INSC SCF_restricted::get_FDSminusSDF finished.
TISC get_FDSminusSDF took      0.03 usr cpu s       0.10 sys cpu s       0.02 wall s
INSC maxabs FDS-SDF is  1.5e-07
INSC frob   FDS-SDF is 1.45e-06
TISC get_error_measure took      0.00 usr cpu s       0.00 sys cpu s       0.00 wall s
RESC CONVERGED after  16 iterations.
RESC FINAL ENERGY:       -644.96140962345
TISC Main SCF loop took   2710.60 usr cpu s      36.98 sys cpu s     501.06 wall s
INSC After main SCF loop: AllocatorManager statistics:  noOfRealsPerBuffer: 1024 noOfBuffers: 20000 list.size(): 1. Allocated: 0.164 GB, Used: 0.00703 GB, Peak alloc: 0.164 GB.
INSC SCF_restricted::compute_dipole_moment
ININ compute_operator_matrix_sparse, nBastA =    222, nBastB =    222, pows (x y z) = (1 0 0)
ININ create_box_system end OK, toplevelBoxSize:   7.0, #levels:  3, #boxes at top level:      6
ININ compute_operator_matrix_sparse finished.
TIIN compute_operator_matrix_sparse took      0.23 usr cpu s       0.50 sys cpu s       0.14 wall s
ININ compute_operator_matrix_sparse, nBastA =    222, nBastB =    222, pows (x y z) = (0 1 0)
ININ create_box_system end OK, toplevelBoxSize:   7.0, #levels:  3, #boxes at top level:      6
ININ compute_operator_matrix_sparse finished.
TIIN compute_operator_matrix_sparse took      0.12 usr cpu s       0.00 sys cpu s       0.12 wall s
ININ compute_operator_matrix_sparse, nBastA =    222, nBastB =    222, pows (x y z) = (0 0 1)
ININ create_box_system end OK, toplevelBoxSize:   7.0, #levels:  3, #boxes at top level:      6
ININ compute_operator_matrix_sparse finished.
TIIN compute_operator_matrix_sparse took      0.12 usr cpu s       0.00 sys cpu s       0.12 wall s
INSC SCF: dipole_moment_x [atomic units] =      -0.45093250
INSC SCF: dipole_moment_y [atomic units] =       0.31204993
INSC SCF: dipole_moment_z [atomic units] =       0.17670586
INSC SCF_general::do_SCF_iterations finished.
TISC SCF_general::do_SCF_iterations took   2711.36 usr cpu s      38.45 sys cpu s     501.62 wall s
