INMA 
  Ergo, version 3.8.2, a program for linear scaling electronic structure
  calculations.
  Copyright (C) 2023 Elias Rudberg, Emanuel H. Rubensson, Pawel Salek,
  and Anastasia Kruchinina.
  
  This program is free software: you can redistribute it and/or modify
  it under the terms of the GNU General Public License as published by
  the Free Software Foundation, either version 3 of the License, or
  (at your option) any later version.
  
  This program is distributed in the hope that it will be useful,
  but WITHOUT ANY WARRANTY; without even the implied warranty of
  MERCHANTABILITY or FITNESS FOR A PARTICULAR PURPOSE.  See the
  GNU General Public License for more details.
  
  You should have received a copy of the GNU General Public License
  along with this program.  If not, see <http://www.gnu.org/licenses/>.
  
  Primary academic reference:
  Ergo: An open-source program for linear-scaling electronic structure
  calculations,
  Elias Rudberg, Emanuel H. Rubensson, Pawel Salek, and Anastasia
  Kruchinina,
  SoftwareX 7, 107 (2018),
  <http://dx.doi.org/10.1016/j.softx.2018.03.005>
  
  For further information about Ergo, see <http://www.ergoscf.org>.

INMA  threads_J := 8

INMA  threads_K := 8

INMA  threads := 8

INMA  no_of_threads_for_V := 8

INMA  threads := 1

INMA ERGO version 3.8.2

INMA Reading molecule file: /home/emanuel/clones/articles/sp8_acc_project/sp8_acc/plots/aspirin/aspirin.xyz

INMA read_molecule_file_in_xyz_format: File '/home/emanuel/clones/articles/sp8_acc_project/sp8_acc/plots/aspirin/aspirin.xyz' read OK, nBytes = 715
INMA read_molecule_file_in_xyz_format: nAtoms =     21
INMA Not using CHT, so values numWorkers_CHT=1 and numThreads_CHT=1 will be ignored.
INMA  basis := STO-3G

INMA Basis really set to STO-3G

INMA  calculation_identifier := Aspirin

INMA running HF

ININ IntegralInfo::init() calling boysFunctionManager.init().
TIIN BoysFunctionManager::init took      0.03 usr cpu s       0.12 sys cpu s       0.02 wall s
ININ IntegralInfo::init() calling multipolePrep.init().
ININ IntegralInfo::init() calling mmLimitTable.init().
ININ IntegralInfo::init() calling monomial_info.init().
ININ IntegralInfo::init() calling hermite_conversion_info.init().
TIIN hermite_conversion_info_struct constructor took      0.15 usr cpu s       0.32 sys cpu s       0.30 wall s
ININ IntegralInfo::init() calling setup_basis_func_polys
WAIN Trying basis set file './STO-3G'...
WAIN Trying basis set file './STO-3G'...
WAIN Trying basis set file 'basis/STO-3G'...
WAIN Trying basis set file 'basis/STO-3G'...
WAIN Trying basis set file '../basis/STO-3G'...
WAIN Trying basis set file '../basis/STO-3G'...
WAIN Trying basis set file '/usr/local/share/ergo/basis/STO-3G'...
WAIN Trying basis set file '/usr/local/share/ergo/basis/STO-3G'...
WAIN Trying basis set file '/usr/local/share/ergo/STO-3G'...
WAIN Trying basis set file '/usr/local/share/ergo/STO-3G'...
WAIN Trying basis set file '/home/emanuel/clones/articles/sp8_acc_project/sp8_acc/plots/aspirin/ergo-3.8.2/basis/STO-3G'...
ININ total number of shells in basis set: 338
ININ Basis set file 'STO-3G' processed OK, noOfAtomTypes = 48
ININ setup_shells_multi_basis_getcount, noOfShells = 47
ININ BasisInfoStruct::addBasisfuncsForAtomList, noOfShellsNew = 47
ININ BasisInfoStruct::normalizeShells finished, normalizationFactor min max :   0.99999998656   1.00000001350
ININ get_basis_funcs returned OK, number of basis funcs: 73
ININ getSimplePrimitivesAll returned OK, n = 219
ERMA Variable store_all_eigenvalues_to_file not found.

ERMA Undefined integer variable store_all_eigenvalues_to_file

IN   creating matrix SizesAndBlocks using blockSizeVector:
IN   blockSizeVector[0] =        65536
IN   blockSizeVector[1] =         8192
IN   blockSizeVector[2] =         1024
IN   blockSizeVector[3] =           32
IN   blockSizeVector[4] =            1
IN   creating matrix permutation using blockSizeVector:
IN   blockSizeVector[0] =        65536
IN   blockSizeVector[1] =         8192
IN   blockSizeVector[2] =         1024
IN   blockSizeVector[3] =           32
IN   blockSizeVector[4] =            1
INMA OpenMP not used in matrix library. Number of threads set to 1.
INMA Calling grid_set_tmpdir with tmpdir = '/tmp'
INMA Running HF
INDE Create object from GetDensFromFock.
INSC SCF_general constructor, number of basis functions: 73
INSC ************** Some general info here **********************
INSC VERSION: 3.8.2  time :  Thu Mar 26 19:59:58 2026
INSC machine_epsilon =   1.1e-16
INSC sizeof(ergo_real) = 8
INSC sizeof(size_t)    = 8
INSC sizeof(int)       = 4
INSC sizeof(long)      = 8
INSC sizeof(char*)     = 8
INSC Host name:         'cheetah'
INSC Working directory: '/home/emanuel/clones/articles/sp8_acc_project/sp8_acc/plots/aspirin/aspirin_mtx_new'
INSC Process ID (PID):     201699
INSC ************************************************************
INSC Min internuclear distance:      1.85385 a.u.  =      0.98101 Angstrom
INSC Max internuclear distance:     15.20283 a.u.  =      8.04499 Angstrom
ININ compute_operator_matrix_sparse, nBastA =     73, nBastB =     73, pows (x y z) = (0 0 0)
ININ create_box_system end OK, toplevelBoxSize:   7.0, #levels:  3, #boxes at top level:      6
ININ compute_operator_matrix_sparse finished.
TIIN compute_operator_matrix_sparse took      0.02 usr cpu s       0.00 sys cpu s       0.02 wall s
IN   diag elements of ovl matrix differ from 1 by at most 4.44089e-16
INSC Matrix 'S_symm before trunc' ( symm ): n =     73, nnz =         5329 <-> 100.00 %, mem usage  0.0000 G
INSC truncating S using threshold value  1e-09
INSC Truncated S (eucl), selected threshold =      1e-09, returned error =          0, nnz before = 100.0000 %, nnz after = 100.0000 %
INSC Computing Euclidean norm of overlap matrix (just for fun)...
TISC S_symm.eucl() took      0.01 usr cpu s       0.03 sys cpu s       0.01 wall s
INSC Euclidean norm of overlap matrix =          2.52984061251  (acc 1.49e-08)
INSC Calling invCholFactor.inch with matOpts.threshold_inch = 1e-10
TISC invCholFactor.inch took      0.00 usr cpu s       0.00 sys cpu s       0.00 wall s
INSC Matrix 'invCholFactor before truncation' (triang): n =     73, nnz =         3729 <->  69.98 %, mem usage  0.0000 G
INSC truncating Z using threshold value  1e-08
INSC Truncated Z (eucl), selected threshold =      1e-08, returned error =          0, nnz before = 69.9756 %, nnz after = 69.9756 %
INSC Matrix 'invCholFactor after truncation' (triang): n =     73, nnz =         3729 <->  69.98 %, mem usage  0.0000 G
INSC Frobenius norm of invCholFactor after truncation =         10.90768194322
INSC Euclidean norm of invCholFactor after truncation =          2.41625999314
TISC invCholFactor.eucl() took      0.02 usr cpu s       0.04 sys cpu s       0.01 wall s
INSC testing invCholFactor by computing ZT*S*Z
INSC Truncating tmp matrix S*Z using eucl_thresh() with threshold value  1e-08
INSC frobenius_error for ZT*S*Z is 2.27949e-15
TISC testing invCholFactor by computing ZT*S*Z took      0.00 usr cpu s       0.00 sys cpu s       0.00 wall s
INSC entering compute_h_core_matrix_sparse, nAtoms = 21, n = 73, threshold = 1e-12
ININ get_basis_func_pair_list_simple, n =     73
ININ create_box_system end OK, toplevelBoxSize:   6.5, #levels:  3, #boxes at top level:      6
TIIN get_basis_func_pair_list_simple took      0.00 usr cpu s       0.00 sys cpu s       0.00 wall s
ININ get_basis_func_pair_list_simple, n =     73
ININ create_box_system end OK, toplevelBoxSize:   6.5, #levels:  3, #boxes at top level:      6
TIIN get_basis_func_pair_list_simple took      0.00 usr cpu s       0.00 sys cpu s       0.00 wall s
IN   compute_T_matrix_sparse_linear: n = 73, threshold = 1e-12, boxSize = 6.500000
IN   compute_T_matrix_sparse_linear: noOfBasisFuncIndexPairs = 2655 ==> storing  49.82 % of a full matrix
INSC compute_T_sparse_linear returned OK.
TISC compute_T_sparse_linear took      0.20 usr cpu s       0.46 sys cpu s       0.09 wall s
IN   compute_V_sparse, no of atoms =    21, maxCharge =   8.00
ININ get_basis_func_pair_list_1el_for_V, n =     73
ININ create_box_system end OK, toplevelBoxSize:   6.5, #levels:  3, #boxes at top level:      6
TIIN get_basis_func_pair_list_1el_for_V took      0.01 usr cpu s       0.00 sys cpu s       0.01 wall s
ININ get_basis_func_pair_list_1el_for_V, n =     73
ININ create_box_system end OK, toplevelBoxSize:   6.5, #levels:  3, #boxes at top level:      6
TIIN get_basis_func_pair_list_1el_for_V took      0.01 usr cpu s       0.00 sys cpu s       0.01 wall s
IN   noOfBasisFuncIndexPairs = 2617 ==> storing  49.11 % of a full matrix
ININ compute_V_and_gradient_linear start, compute_gradient_also = 0.
ININ compute_V_and_gradient_linear nDistrs    =     37788
ININ compute_V_and_gradient_linear groupCount =      3012
ININ create_box_system end OK, toplevelBoxSize:   6.5, #levels:  3, #boxes at top level:      6
TIIN compute_V_and_gradient_linear init part (including create_nuclei_mm_tree) took      0.03 usr cpu s       0.00 sys cpu s       0.04 wall s
ININ get_nucl_repulsion_energy_using_multipoles() gave nuclRepEnergy =        782.16048385763
TIIN get_nucl_repulsion_energy_using_multipoles took      0.00 usr cpu s       0.00 sys cpu s       0.00 wall s
TIIN compute_V_and_gradient_linear main part took      0.11 usr cpu s       0.00 sys cpu s       0.11 wall s
TIIN compute_V_and_gradient_linear total took      0.15 usr cpu s       0.00 sys cpu s       0.15 wall s
TISC Computation of V took      0.16 usr cpu s       0.00 sys cpu s       0.17 wall s
INSC compute_h_core_matrix_sparse ending OK.
TISC compute_h_core_matrix_sparse took      0.36 usr cpu s       0.46 sys cpu s       0.26 wall s
INSC Matrix 'H_core_Matrix before trunc' ( symm ): n =     73, nnz =         5329 <-> 100.00 %, mem usage  0.0000 G
INSC Truncated H_core_Matrix (eucl with Z), selected threshold =      5e-11, returned error =          0, nnz before = 100.0000 %, nnz after = 100.0000 %
INSC Matrix 'H_core_Matrix after trunc' ( symm ): n =     73, nnz =         5329 <-> 100.00 %, mem usage  0.0000 G
INMA get_nuclear_electric_field_energy, N = 21
INMA get_nuclear_electric_field_energy returning energy          0.0000000000000000000000
INSC SCF_general::do_SCF_iterations
INSC get_simple_starting_guess_sparse: calling densityMatrix.assign_from_sparse.
INSC get_simple_starting_guess_sparse: densityMatrix.assign_from_sparse returned.
INSC Matrix 'starting guess density matrix' ( symm ): n =     73, nnz =         2129 <->  39.95 %, mem usage  0.0000 G
INSC Beginning of SCF cycle 1:  Thu Mar 26 19:59:58 2026
INDE compute_J_by_boxes_sparse() start.
TIDE FileWritable::writeAndReadAll took      0.00 usr cpu s       0.00 sys cpu s       0.00 wall s
INDE writeAndReadAll: '0 MB (1 MatrixGeneral, 0 > 1 MB) + 0 MB (11 MatrixSymmetric, 0 > 1 MB) = 0 MB (12 total, 0 > 1 MB)
IN   compute_J_by_boxes_sparse, maxDensityMatrixElement =          1.28767123288
ININ get_basis_func_pair_list, n =     73
ININ create_box_system end OK, toplevelBoxSize:   7.0, #levels:  3, #boxes at top level:      6
TIIN get_basis_func_pair_list_2el took      0.06 usr cpu s       0.12 sys cpu s       0.03 wall s
IN   compute_J_by_boxes_sparse: noOfBasisFuncIndexPairs = 2596 ==> storing  48.71 % of a full matrix
ININ entering compute_J_by_boxes_linear, no of basis funcs =    73, threshold_J =   1e-12
ININ use_fmm = 1, fmm_box_size =   5.00
TIIN Compute extent for all distrs took      0.06 usr cpu s       0.04 sys cpu s       0.05 wall s
ININ extent_min =    0.001, extent_max =    8.309
ININ Creating list of distributions etc done, distrCount =     35794
TIIN Creating list of distributions etc took      0.13 usr cpu s       0.24 sys cpu s       0.10 wall s
ININ create_box_system end OK, toplevelBoxSize:   5.0, #levels:  3, #boxes at top level:     10
TIIN Creating boxes took      0.00 usr cpu s       0.00 sys cpu s       0.00 wall s
ININ noOfBranches = 4, splitters:   5.00  2.50  0.00
ININ J org done, groupCount =     2984
TIIN J org took      0.13 usr cpu s       0.00 sys cpu s       0.13 wall s
TIIN Generate group multipoles took      0.08 usr cpu s       0.00 sys cpu s       0.08 wall s
ININ totChargeWholeSystem =          0.00000000000
ININ Generating multipole for each branch at top level, MAX_MULTIPOLE_DEGREE = 15
TIIN Translate multipoles (step 1) took      0.07 usr cpu s       0.00 sys cpu s       0.07 wall s
TIIN Translate multipoles (step 2) took      0.07 usr cpu s       0.00 sys cpu s       0.07 wall s
ININ job lists for J created OK, noOfJobs_J_standard =      759, noOfJobs_J_multipole =      122
TIIN Creating job lists for J took      0.00 usr cpu s       0.00 sys cpu s       0.00 wall s
ININ execute_joblist_J_std_threaded, noOfThreads =  8
ININ 8 threads started OK.
ININ all 8 threads have finished.
TIIN execute_joblist_J_std_threaded took      1.46 usr cpu s       0.00 sys cpu s       0.24 wall s
TIIN sort_list_of_multipole_jobs init part took      0.00 usr cpu s       0.00 sys cpu s       0.00 wall s
TIIN sort_list_of_multipole_jobs complete took      0.00 usr cpu s       0.00 sys cpu s       0.00 wall s
TIIN sort_list_of_multipole_jobs took      0.00 usr cpu s       0.00 sys cpu s       0.00 wall s
ININ execute_joblist_J_fmm_shared: Allocating multipoleList_4, maxnoOfMinimalDistrsPerBoxBranch =      7568
ININ execute_joblist_J_fmm_shared: Allocating multipoleList_4, maxnoOfMinimalDistrsPerBoxBranch =      7568
ININ execute_joblist_J_fmm_shared: Allocating multipoleList_4, maxnoOfMinimalDistrsPerBoxBranch =      7568
ININ execute_joblist_J_fmm_shared: jobIndexLo =            0, jobIndexHi =           15
ININ execute_joblist_J_fmm_shared: jobIndexLo =           30, jobIndexHi =           45
ININ execute_joblist_J_fmm_shared: Allocating multipoleList_4, maxnoOfMinimalDistrsPerBoxBranch =      7568
ININ execute_joblist_J_fmm_shared: jobIndexLo =           45, jobIndexHi =           61
ININ execute_joblist_J_fmm_shared: jobIndexLo =           15, jobIndexHi =           30
ININ execute_joblist_J_fmm_shared: Allocating multipoleList_4, maxnoOfMinimalDistrsPerBoxBranch =      7568
ININ execute_joblist_J_fmm_shared: jobIndexLo =           61, jobIndexHi =           76
ININ execute_joblist_J_fmm_shared: Allocating multipoleList_4, maxnoOfMinimalDistrsPerBoxBranch =      7568
ININ execute_joblist_J_fmm_shared: jobIndexLo =           76, jobIndexHi =           91
ININ execute_joblist_J_fmm_shared: Allocating multipoleList_4, maxnoOfMinimalDistrsPerBoxBranch =      7568
ININ execute_joblist_J_fmm_shared: jobIndexLo =           91, jobIndexHi =          106
ININ execute_joblist_J_fmm_shared: Allocating multipoleList_4, maxnoOfMinimalDistrsPerBoxBranch =      7568
ININ execute_joblist_J_fmm_shared: jobIndexLo =          106, jobIndexHi =          122
ININ execute_joblist_J_fmm_shared: done!
ININ execute_joblist_J_fmm_shared: done!
ININ execute_joblist_J_fmm_shared: done!
ININ execute_joblist_J_fmm_shared: done!
ININ execute_joblist_J_fmm_shared: done!
ININ execute_joblist_J_fmm_shared: done!
ININ execute_joblist_J_fmm_shared: done!
ININ execute_joblist_J_fmm_shared: done!
ININ multipole job list for J executed, largest L used: 13
TIIN Executing multipole job list for J took      0.04 usr cpu s       0.02 sys cpu s       0.03 wall s
ININ compute_J_by_boxes_linear ending OK.
TIIN compute_J_by_boxes_linear took      1.99 usr cpu s       0.26 sys cpu s       0.73 wall s
TI   compute_J_by_boxes_sparse total took      2.05 usr cpu s       0.39 sys cpu s       0.76 wall s
ININ entering create_CSR_for_K, no of basis funcs =    73, threshold_K =   1e-12
ININ create_box_system end OK, toplevelBoxSize:   7.0, #levels:  3, #boxes at top level:      6
ININ create_box_system end OK, toplevelBoxSize:   7.0, #levels:  3, #boxes at top level:      6
ININ create_box_system end OK, toplevelBoxSize:   7.0, #levels:  3, #boxes at top level:      6
TIIN create_CSR_for_K getting list of distrs took      0.04 usr cpu s       0.00 sys cpu s       0.04 wall s
ININ list of neighbors complete.
TIIN create_CSR_for_K getting list of neighbors took      0.00 usr cpu s       0.00 sys cpu s       0.00 wall s
TIIN create_CSR_for_K sort each list of neighbors took      0.00 usr cpu s       0.00 sys cpu s       0.00 wall s
ININ 8 threads started OK.
TIIN identify_needed_elements() took      0.02 usr cpu s       0.00 sys cpu s       0.00 wall s
ININ computing nnz..
ININ create_CSR_for_K: predicted nnz =         2701, <->  50.68% of a full matrix
TIIN create_CSR_for_K last part took      0.00 usr cpu s       0.00 sys cpu s       0.00 wall s
TIIN create_CSR_for_K total took      0.06 usr cpu s       0.00 sys cpu s       0.05 wall s
ININ entering compute_K_by_boxes, no of basis funcs =    73, threshold_K =   1e-12, exchange_box_size =   5.00
ININ create_box_system end OK, toplevelBoxSize:   7.0, #levels:  3, #boxes at top level:      6
ININ create_box_system end OK, toplevelBoxSize:   7.0, #levels:  3, #boxes at top level:      6
ININ create_box_system end OK, toplevelBoxSize:   7.0, #levels:  3, #boxes at top level:      6
TIIN Compute extent for all distrs took      0.05 usr cpu s       0.00 sys cpu s       0.05 wall s
ININ Creating list of distributions done, distrCountTot =     35794
TIIN Creating list of distributions took      0.08 usr cpu s       0.00 sys cpu s       0.08 wall s
ININ create_box_system end OK, toplevelBoxSize:   5.0, #levels:  3, #boxes at top level:     10
ININ create_box_system end OK, toplevelBoxSize:   2.5, #levels:  4, #boxes at top level:     16
ININ noOfLevelsBasisFuncs = 4, noOfLevelsDiff = 1
TIIN Creating boxes etc took      0.00 usr cpu s       0.00 sys cpu s       0.00 wall s
TIIN getting multipoleNormVectorList took      0.08 usr cpu s       0.00 sys cpu s       0.08 wall s
TIIN K organize_distributions for all boxes took      0.12 usr cpu s       0.00 sys cpu s       0.13 wall s
ININ starting loop to setup basisFuncGroupInfoList, with added index checks.
TIIN GetLimitsAllLevels took      0.03 usr cpu s       0.00 sys cpu s       0.03 wall s
ININ getDmatLimitMatrixCSRList start.
TIIN getting densityMatrixLimitMatrixList took      0.00 usr cpu s       0.00 sys cpu s       0.00 wall s
ININ job list for K created,       54 jobs
TIIN creating job list for K took      0.00 usr cpu s       0.00 sys cpu s       0.00 wall s
ININ execute_joblist_K_threaded, noOfThreads =  8, basisFuncListCount_max =    67
ININ 8 threads started OK.
ININ all 8 threads have finished, took        0 wall s.
TIIN Executing job list for K took      1.76 usr cpu s       0.01 sys cpu s       0.33 wall s
TIIN compute_K_by_boxes took      2.07 usr cpu s       0.01 sys cpu s       0.64 wall s
TI   compute_K_by_boxes_sparse total took      2.13 usr cpu s       0.01 sys cpu s       0.69 wall s
INSC About to truncate FockMatrix, gap of Fprev >= -20000000000000000000000.00000000000
TISC symmMatrix::mixed_diff for F vs Fprev maxEigValMovement_mixed took      0.00 usr cpu s       0.00 sys cpu s       0.00 wall s
TISC symmMatrix::eucl_diff for maxEigValMovement_eucl  took      0.00 usr cpu s       0.02 sys cpu s       0.00 wall s
INSC maxEigValMovement_frob  =         62.64981276248
INSC maxEigValMovement_mixed =         49.72520608851
INSC maxEigValMovement_eucl  =         24.69051302138
TISC FockMatrix.eucl_thresh() (with Z) took      0.00 usr cpu s       0.01 sys cpu s       0.00 wall s
INSC Truncated FockMatrix (eucl with Z), selected threshold =      5e-09, returned error =          0, nnz before = 100.0000 %, nnz after = 100.0000 %
INSC Matrix 'S' ( symm ): n =     73, nnz =         5329 <-> 100.00 %, mem usage  0.0000 G
INSC Matrix 'F' ( symm ): n =     73, nnz =         5329 <-> 100.00 %, mem usage  0.0000 G
INSC Matrix 'D' ( symm ): n =     73, nnz =         2129 <->  39.95 %, mem usage  0.0000 G
INSC nuclearEnergy, energy_2el, energy = 782.160484, 969.003233, -513.942530
INSC Energy   1 =       -513.94252954787
INSC calling compute_FDSminusSDF_sparse, n = 73
INDE compute_FDSminusSDF_sparse() start.
TIDE FileWritable::writeAndReadAll took      0.00 usr cpu s       0.00 sys cpu s       0.00 wall s
INDE writeAndReadAll: '0 MB (1 MatrixGeneral, 0 > 1 MB) + 0 MB (9 MatrixSymmetric, 0 > 1 MB) = 0 MB (10 total, 0 > 1 MB)
TISC compute_FDSminusSDF_sparse, F*D mult took      0.00 usr cpu s       0.00 sys cpu s       0.00 wall s
INSC Matrix 'FD before eucl truncation' (normal): n =     73, nnz =         5329 <-> 100.00 %, mem usage  0.0000 G
INSC Matrix 'FD after  eucl truncation' (normal): n =     73, nnz =         5329 <-> 100.00 %, mem usage  0.0000 G
INSC Matrix 'FDS before eucl truncation' (normal): n =     73, nnz =         5329 <-> 100.00 %, mem usage  0.0000 G
INSC Matrix 'FDS after  eucl truncation' (normal): n =     73, nnz =         5329 <-> 100.00 %, mem usage  0.0000 G
INSC compute_FDSminusSDF_sparse ending OK.
TISC compute_FDSminusSDF_sparse took      0.00 usr cpu s       0.01 sys cpu s       0.00 wall s
INSC Matrix 'FDS-SDF' (normal): n =     73, nnz =         5329 <-> 100.00 %, mem usage  0.0000 G
INSC SCF_restricted::get_FDSminusSDF finished.
TISC get_FDSminusSDF took      0.00 usr cpu s       0.01 sys cpu s       0.00 wall s
INSC maxabs FDS-SDF is     7.17
INSC frob   FDS-SDF is       40
TISC get_error_measure took      0.00 usr cpu s       0.00 sys cpu s       0.00 wall s
INSC entering DIISManagerRestricted::AddIterationToList, IterCount =  0
INSC DIISManagerRestricted::AddIterationToList ending OK.
TISC DIISManagerRestricted::AddIterationToList took      0.00 usr cpu s       0.00 sys cpu s       0.00 wall s
TISC clear_error_matrices took      0.00 usr cpu s       0.00 sys cpu s       0.00 wall s
TISC save_current_fock_as_fprev took      0.00 usr cpu s       0.00 sys cpu s       0.00 wall s
INDE get_dens_from_fock_general, n = 73, use_diagonalization = 0, use_diag_on_error = 1
INDE Before writeAndReadAll(): AllocatorManager statistics:  noOfRealsPerBuffer: 1024 noOfBuffers: 20000 list.size(): 1. Allocated: 0.164 GB, Used: 0.000262 GB, Peak alloc: 0.164 GB.
TIDE FileWritable::writeAndReadAll took      0.00 usr cpu s       0.00 sys cpu s       0.00 wall s
INDE writeAndReadAll sizesStr: '0 MB (1 MatrixGeneral, 0 > 1 MB) + 0 MB (7 MatrixSymmetric, 0 > 1 MB) = 0 MB (8 total, 0 > 1 MB)
INDE After writeAndReadAll(): AllocatorManager statistics:  noOfRealsPerBuffer: 1024 noOfBuffers: 20000 list.size(): 1. Allocated: 0.164 GB, Used: 0.000262 GB, Peak alloc: 0.164 GB.
INDE calling get_dens_from_fock_sparse, n =     73, subspaceErrorLimit = 1e-06
INDE get_dens_from_fock_sparse() start!
INDE After F.readFromFile(): AllocatorManager statistics:  noOfRealsPerBuffer: 1024 noOfBuffers: 20000 list.size(): 1. Allocated: 0.164 GB, Used: 0.00027 GB, Peak alloc: 0.164 GB.
INDE After creating wrapper MatrixType F_w(F): AllocatorManager statistics:  noOfRealsPerBuffer: 1024 noOfBuffers: 20000 list.size(): 1. Allocated: 0.164 GB, Used: 0.000295 GB, Peak alloc: 0.164 GB.
TIDE  F_w to orthogonal basis took      0.00 usr cpu s       0.00 sys cpu s       0.00 wall s
TIDE MatrixType::mixed_diff for maxEigValMovement_mixed took      0.00 usr cpu s       0.00 sys cpu s       0.00 wall s
TIDE symmMatrixWrap::eucl_diff for maxEigValMovement_eucl  took      0.01 usr cpu s       0.02 sys cpu s       0.00 wall s
INDE maxEigValMovement_frob  =         57.28713888241
INDE maxEigValMovement_mixed =         44.83269982018
INDE maxEigValMovement_eucl  =         22.84429062125
INDE lumo before truncation: [ -10000000000000000000000.000000000000 , 10000000000000000000000.000000000000 ]
INDE homo before truncation: [ -10000000000000000000000.000000000000 , 10000000000000000000000.000000000000 ]
INDE Truncate matrix F and update intervals for homo and lumo.
INDE Truncating F_ort ( mixed ), selected threshold =      5e-09
INDE Truncated F_ort ( mixed ), selected threshold =      5e-09, returned error =          0, nnz before = 100.0000 %, nnz after = 100.0000 %
TIDE Truncation of F_ort took      0.00 usr cpu s       0.00 sys cpu s       0.00 wall s
INDE Chosen Ergo Wrapper
INDE Creating purification object: N = 73 , nocc = 47 , NNZ = 5329  <-> 100.00000 %
INDE Chosen norm for the truncation: 
INDE mixed
INDE Chosen norm for the stopping criterion: 
INDE mixed
INDE Chosen the NEW stopping criterion.
INDE Allowed error in subspace 7.000000e-07
INDE Chosen SP2 purification method
INDE calling Puri->PurificationStart(), number of threads = 1, trunc norm 'mixed'
TIDE gershgorin took      0.00 usr cpu s       0.00 sys cpu s       0.00 wall s
INDE Gershgorin bounds: [ -26.944576054450 , 6.628044564163 ]
INDE EXPANDED Gershgorin bounds: [ -26.944576069351 , 6.628044579064 ]
INDE Trying to impove bounds using Lanczos algorithm...
TIDE compute_spectrum_bounds took      0.03 usr cpu s       0.15 sys cpu s       0.02 wall s
INDE Spectrum of F: 	 [ -22.844305511932 , 1.350232883853 ]
INDE Transform homo and lumo bounds...
INDE Bounds for homo and lumo of F are overlapping.
INDE HOMO bounds of X: 	 [ 0.000000000000 , 1.000000000000 ]
INDE LUMO bounds of X: 	 [ -0.000000000000 , 1.000000000000 ]
INDE ESTIMATED NUMBER OF ITERATIONS IS 100
INDE Put eigenvalues of F to the interval [0,1] in reverse order.
TIDE compute_X() took      0.00 usr cpu s       0.00 sys cpu s       0.00 wall s
TIDE prepare_to_purification() took      0.03 usr cpu s       0.15 sys cpu s       0.02 wall s
INDE (EIGV,PARAMS) Requested 0 occipied eigenpair(s).
INDE (EIGV,PARAMS) Requested 0 unoccipied eigenpair(s).
TIDE prepare_to_purification_eigenvectors() took      0.00 usr cpu s       0.00 sys cpu s       0.00 wall s
INDE Starting recursive expansion
INDE     BEFORE ITERATIONS:
TIDE truncate_matrix took      0.00 usr cpu s       0.00 sys cpu s       0.00 wall s
INDE Actual introduced error   0.000000e+00 : nnz before  5329 <-> 100.00 % , nnz after  5329 <-> 100.00 %
TIDE square took      0.00 usr cpu s       0.00 sys cpu s       0.00 wall s
INDE NNZ Xsq = 5329 <-> 100.00 %
TIDE Frobenius norm of X-X^2 took      0.00 usr cpu s       0.00 sys cpu s       0.00 wall s
TIDE Mixed norm of X-X^2 took      0.00 usr cpu s       0.01 sys cpu s       0.00 wall s
TIDE Trace of X-X^2 took      0.00 usr cpu s       0.00 sys cpu s       0.00 wall s
INDE ||X-X^2||_F = 9.410000e-01 , ||X-X^2||_mixed = 6.755174e-01
INDE trace(X-X^2) = 6.167544e+00
INDE trace(X) = 1.299721e+01
TIDE Iteration 0 took      0.00 usr cpu s       0.01 sys cpu s       0.00 wall s
TIDE FileWritable::writeAndReadAll took      0.00 usr cpu s       0.00 sys cpu s       0.00 wall s
INDE writeAndReadAll sizesStr: '0 MB (1 MatrixGeneral, 0 > 1 MB) + 0 MB (13 MatrixSymmetric, 0 > 1 MB) + 0 MB (2 VectorGeneral, 0 > 1 MB) = 0 MB (16 total, 0 > 1 MB)
INDE     ITERATION 1 :
TIDE purify_X took      0.00 usr cpu s       0.00 sys cpu s       0.00 wall s
TIDE truncate_matrix took      0.00 usr cpu s       0.00 sys cpu s       0.00 wall s
INDE Actual introduced error   0.000000e+00 : nnz before  5329 <-> 100.00 % , nnz after  5329 <-> 100.00 %
TIDE square took      0.00 usr cpu s       0.00 sys cpu s       0.00 wall s
INDE NNZ Xsq = 5329 <-> 100.00 %
TIDE Frobenius norm of X-X^2 took      0.00 usr cpu s       0.00 sys cpu s       0.00 wall s
TIDE Mixed norm of X-X^2 took      0.00 usr cpu s       0.01 sys cpu s       0.00 wall s
TIDE Trace of X-X^2 took      0.00 usr cpu s       0.00 sys cpu s       0.00 wall s
INDE ||X-X^2||_F = 1.102958e+00 , ||X-X^2||_mixed = 8.255969e-01
INDE trace(X-X^2) = 8.322240e+00
INDE trace(X) = 1.916475e+01
TIDE Iteration 1 took      0.00 usr cpu s       0.01 sys cpu s       0.00 wall s
INDE     ITERATION 2 :
TIDE purify_X took      0.00 usr cpu s       0.00 sys cpu s       0.00 wall s
TIDE truncate_matrix took      0.00 usr cpu s       0.00 sys cpu s       0.00 wall s
INDE Actual introduced error   0.000000e+00 : nnz before  5329 <-> 100.00 % , nnz after  5329 <-> 100.00 %
TIDE square took      0.00 usr cpu s       0.00 sys cpu s       0.00 wall s
INDE NNZ Xsq = 5329 <-> 100.00 %
TIDE Frobenius norm of X-X^2 took      0.00 usr cpu s       0.00 sys cpu s       0.00 wall s
TIDE Mixed norm of X-X^2 took      0.00 usr cpu s       0.01 sys cpu s       0.00 wall s
TIDE Trace of X-X^2 took      0.00 usr cpu s       0.00 sys cpu s       0.00 wall s
INDE ||X-X^2||_F = 1.428716e+00 , ||X-X^2||_mixed = 1.087527e+00
INDE trace(X-X^2) = 1.064785e+01
INDE trace(X) = 2.748699e+01
INDE Checking stopping criterion...   
INDE Order of convergence cannot be computed
TIDE stopping_criterion took      0.00 usr cpu s       0.00 sys cpu s       0.00 wall s
TIDE Iteration 2 took      0.00 usr cpu s       0.01 sys cpu s       0.00 wall s
INDE     ITERATION 3 :
TIDE purify_X took      0.00 usr cpu s       0.00 sys cpu s       0.00 wall s
TIDE truncate_matrix took      0.00 usr cpu s       0.00 sys cpu s       0.00 wall s
INDE Actual introduced error   0.000000e+00 : nnz before  5329 <-> 100.00 % , nnz after  5329 <-> 100.00 %
TIDE square took      0.00 usr cpu s       0.00 sys cpu s       0.00 wall s
INDE NNZ Xsq = 5329 <-> 100.00 %
TIDE Frobenius norm of X-X^2 took      0.00 usr cpu s       0.00 sys cpu s       0.00 wall s
TIDE Mixed norm of X-X^2 took      0.00 usr cpu s       0.00 sys cpu s       0.00 wall s
TIDE Trace of X-X^2 took      0.00 usr cpu s       0.00 sys cpu s       0.00 wall s
INDE ||X-X^2||_F = 1.649406e+00 , ||X-X^2||_mixed = 1.191052e+00
INDE trace(X-X^2) = 1.228696e+01
INDE trace(X) = 3.813485e+01
INDE Checking stopping criterion...   
INDE Order of convergence cannot be computed
TIDE stopping_criterion took      0.00 usr cpu s       0.00 sys cpu s       0.00 wall s
TIDE Iteration 3 took      0.01 usr cpu s       0.00 sys cpu s       0.00 wall s
INDE     ITERATION 4 :
TIDE purify_X took      0.00 usr cpu s       0.00 sys cpu s       0.00 wall s
TIDE truncate_matrix took      0.00 usr cpu s       0.00 sys cpu s       0.00 wall s
INDE Actual introduced error   0.000000e+00 : nnz before  5329 <-> 100.00 % , nnz after  5329 <-> 100.00 %
TIDE square took      0.00 usr cpu s       0.00 sys cpu s       0.00 wall s
INDE NNZ Xsq = 5329 <-> 100.00 %
TIDE Frobenius norm of X-X^2 took      0.00 usr cpu s       0.00 sys cpu s       0.00 wall s
TIDE Mixed norm of X-X^2 took      0.00 usr cpu s       0.00 sys cpu s       0.00 wall s
TIDE Trace of X-X^2 took      0.00 usr cpu s       0.00 sys cpu s       0.00 wall s
INDE ||X-X^2||_F = 1.432375e+00 , ||X-X^2||_mixed = 1.014970e+00
INDE trace(X-X^2) = 1.045769e+01
INDE trace(X) = 5.042180e+01
INDE Checking stopping criterion...   
INDE Order of convergence cannot be computed
TIDE stopping_criterion took      0.00 usr cpu s       0.00 sys cpu s       0.00 wall s
TIDE Iteration 4 took      0.00 usr cpu s       0.01 sys cpu s       0.00 wall s
INDE     ITERATION 5 :
TIDE purify_X took      0.00 usr cpu s       0.00 sys cpu s       0.00 wall s
TIDE truncate_matrix took      0.00 usr cpu s       0.00 sys cpu s       0.00 wall s
INDE Actual introduced error   0.000000e+00 : nnz before  5329 <-> 100.00 % , nnz after  5329 <-> 100.00 %
TIDE square took      0.00 usr cpu s       0.00 sys cpu s       0.00 wall s
INDE NNZ Xsq = 5329 <-> 100.00 %
TIDE Frobenius norm of X-X^2 took      0.00 usr cpu s       0.00 sys cpu s       0.00 wall s
TIDE Mixed norm of X-X^2 took      0.00 usr cpu s       0.01 sys cpu s       0.00 wall s
TIDE Trace of X-X^2 took      0.00 usr cpu s       0.00 sys cpu s       0.00 wall s
INDE ||X-X^2||_F = 1.488401e+00 , ||X-X^2||_mixed = 1.088034e+00
INDE trace(X-X^2) = 1.064553e+01
INDE trace(X) = 3.996411e+01
INDE Checking stopping criterion...   
INDE Order of convergence cannot be computed
TIDE stopping_criterion took      0.00 usr cpu s       0.00 sys cpu s       0.00 wall s
TIDE Iteration 5 took      0.00 usr cpu s       0.01 sys cpu s       0.00 wall s
INDE     ITERATION 6 :
TIDE purify_X took      0.00 usr cpu s       0.00 sys cpu s       0.00 wall s
TIDE truncate_matrix took      0.00 usr cpu s       0.00 sys cpu s       0.00 wall s
INDE Actual introduced error   0.000000e+00 : nnz before  5329 <-> 100.00 % , nnz after  5329 <-> 100.00 %
TIDE square took      0.00 usr cpu s       0.00 sys cpu s       0.00 wall s
INDE NNZ Xsq = 5329 <-> 100.00 %
TIDE Frobenius norm of X-X^2 took      0.00 usr cpu s       0.00 sys cpu s       0.00 wall s
TIDE Mixed norm of X-X^2 took      0.00 usr cpu s       0.00 sys cpu s       0.00 wall s
TIDE Trace of X-X^2 took      0.00 usr cpu s       0.00 sys cpu s       0.00 wall s
INDE ||X-X^2||_F = 1.226439e+00 , ||X-X^2||_mixed = 9.043452e-01
INDE trace(X-X^2) = 8.250280e+00
INDE trace(X) = 5.060964e+01
INDE Checking stopping criterion...   
INDE Order of convergence cannot be computed
TIDE stopping_criterion took      0.00 usr cpu s       0.00 sys cpu s       0.00 wall s
TIDE Iteration 6 took      0.00 usr cpu s       0.00 sys cpu s       0.00 wall s
INDE     ITERATION 7 :
TIDE purify_X took      0.00 usr cpu s       0.00 sys cpu s       0.00 wall s
TIDE truncate_matrix took      0.00 usr cpu s       0.00 sys cpu s       0.00 wall s
INDE Actual introduced error   0.000000e+00 : nnz before  5329 <-> 100.00 % , nnz after  5329 <-> 100.00 %
TIDE square took      0.00 usr cpu s       0.00 sys cpu s       0.00 wall s
INDE NNZ Xsq = 5329 <-> 100.00 %
TIDE Frobenius norm of X-X^2 took      0.00 usr cpu s       0.00 sys cpu s       0.00 wall s
TIDE Mixed norm of X-X^2 took      0.00 usr cpu s       0.01 sys cpu s       0.00 wall s
TIDE Trace of X-X^2 took      0.00 usr cpu s       0.00 sys cpu s       0.00 wall s
INDE ||X-X^2||_F = 1.279336e+00 , ||X-X^2||_mixed = 9.602731e-01
INDE trace(X-X^2) = 8.375618e+00
INDE trace(X) = 4.235936e+01
INDE Checking stopping criterion...   
INDE Order of convergence cannot be computed
TIDE stopping_criterion took      0.00 usr cpu s       0.00 sys cpu s       0.00 wall s
TIDE Iteration 7 took      0.00 usr cpu s       0.01 sys cpu s       0.00 wall s
INDE     ITERATION 8 :
TIDE purify_X took      0.00 usr cpu s       0.00 sys cpu s       0.00 wall s
TIDE truncate_matrix took      0.00 usr cpu s       0.00 sys cpu s       0.00 wall s
INDE Actual introduced error   0.000000e+00 : nnz before  5329 <-> 100.00 % , nnz after  5329 <-> 100.00 %
TIDE square took      0.00 usr cpu s       0.00 sys cpu s       0.00 wall s
INDE NNZ Xsq = 5329 <-> 100.00 %
TIDE Frobenius norm of X-X^2 took      0.00 usr cpu s       0.00 sys cpu s       0.00 wall s
TIDE Mixed norm of X-X^2 took      0.00 usr cpu s       0.01 sys cpu s       0.00 wall s
TIDE Trace of X-X^2 took      0.00 usr cpu s       0.00 sys cpu s       0.00 wall s
INDE ||X-X^2||_F = 1.026611e+00 , ||X-X^2||_mixed = 8.086356e-01
INDE trace(X-X^2) = 5.987724e+00
INDE trace(X) = 5.073498e+01
INDE Checking stopping criterion...   
INDE e_i =8.086356e-01, C*e_{i-1}^q = 5.632630e+00
INDE Order of convergence = 21.304800, stop = 0
TIDE stopping_criterion took      0.00 usr cpu s       0.00 sys cpu s       0.00 wall s
TIDE Iteration 8 took      0.00 usr cpu s       0.01 sys cpu s       0.00 wall s
INDE     ITERATION 9 :
TIDE purify_X took      0.00 usr cpu s       0.00 sys cpu s       0.00 wall s
TIDE truncate_matrix took      0.00 usr cpu s       0.00 sys cpu s       0.00 wall s
INDE Actual introduced error   0.000000e+00 : nnz before  5329 <-> 100.00 % , nnz after  5329 <-> 100.00 %
TIDE square took      0.00 usr cpu s       0.00 sys cpu s       0.00 wall s
INDE NNZ Xsq = 5329 <-> 100.00 %
TIDE Frobenius norm of X-X^2 took      0.00 usr cpu s       0.00 sys cpu s       0.00 wall s
TIDE Mixed norm of X-X^2 took      0.00 usr cpu s       0.00 sys cpu s       0.00 wall s
TIDE Trace of X-X^2 took      0.00 usr cpu s       0.00 sys cpu s       0.00 wall s
INDE ||X-X^2||_F = 1.088280e+00 , ||X-X^2||_mixed = 8.545749e-01
INDE trace(X-X^2) = 6.107351e+00
INDE trace(X) = 4.474725e+01
INDE Checking stopping criterion...   
INDE e_i =8.545749e-01, C*e_{i-1}^q = 6.350856e+00
INDE Order of convergence = 51.478613, stop = 0
TIDE stopping_criterion took      0.00 usr cpu s       0.00 sys cpu s       0.00 wall s
TIDE Iteration 9 took      0.00 usr cpu s       0.01 sys cpu s       0.00 wall s
INDE     ITERATION 10 :
TIDE purify_X took      0.00 usr cpu s       0.00 sys cpu s       0.00 wall s
TIDE truncate_matrix took      0.00 usr cpu s       0.00 sys cpu s       0.00 wall s
INDE Actual introduced error   0.000000e+00 : nnz before  5329 <-> 100.00 % , nnz after  5329 <-> 100.00 %
TIDE square took      0.00 usr cpu s       0.00 sys cpu s       0.00 wall s
INDE NNZ Xsq = 5329 <-> 100.00 %
TIDE Frobenius norm of X-X^2 took      0.00 usr cpu s       0.00 sys cpu s       0.00 wall s
TIDE Mixed norm of X-X^2 took      0.00 usr cpu s       0.00 sys cpu s       0.00 wall s
TIDE Trace of X-X^2 took      0.00 usr cpu s       0.00 sys cpu s       0.00 wall s
INDE ||X-X^2||_F = 8.571438e-01 , ||X-X^2||_mixed = 7.270219e-01
INDE trace(X-X^2) = 4.210618e+00
INDE trace(X) = 5.085461e+01
INDE Checking stopping criterion...   
INDE e_i =7.270219e-01, C*e_{i-1}^q = 4.503482e+00
INDE Order of convergence = 10.585643, stop = 0
TIDE stopping_criterion took      0.00 usr cpu s       0.00 sys cpu s       0.00 wall s
TIDE Iteration 10 took      0.00 usr cpu s       0.01 sys cpu s       0.00 wall s
INDE     ITERATION 11 :
TIDE purify_X took      0.00 usr cpu s       0.00 sys cpu s       0.00 wall s
TIDE truncate_matrix took      0.00 usr cpu s       0.00 sys cpu s       0.00 wall s
INDE Actual introduced error   0.000000e+00 : nnz before  5329 <-> 100.00 % , nnz after  5329 <-> 100.00 %
TIDE square took      0.00 usr cpu s       0.00 sys cpu s       0.00 wall s
INDE NNZ Xsq = 5329 <-> 100.00 %
TIDE Frobenius norm of X-X^2 took      0.00 usr cpu s       0.00 sys cpu s       0.00 wall s
TIDE Mixed norm of X-X^2 took      0.00 usr cpu s       0.00 sys cpu s       0.00 wall s
TIDE Trace of X-X^2 took      0.00 usr cpu s       0.00 sys cpu s       0.00 wall s
INDE ||X-X^2||_F = 9.128091e-01 , ||X-X^2||_mixed = 7.538770e-01
INDE trace(X-X^2) = 4.393326e+00
INDE trace(X) = 4.664399e+01
INDE Checking stopping criterion...   
INDE e_i =7.538770e-01, C*e_{i-1}^q = 5.029710e+00
INDE Order of convergence = 14.076838, stop = 0
TIDE stopping_criterion took      0.00 usr cpu s       0.00 sys cpu s       0.00 wall s
TIDE Iteration 11 took      0.00 usr cpu s       0.01 sys cpu s       0.00 wall s
INDE     ITERATION 12 :
TIDE purify_X took      0.00 usr cpu s       0.00 sys cpu s       0.00 wall s
TIDE truncate_matrix took      0.00 usr cpu s       0.00 sys cpu s       0.00 wall s
INDE Actual introduced error   0.000000e+00 : nnz before  5329 <-> 100.00 % , nnz after  5329 <-> 100.00 %
TIDE square took      0.00 usr cpu s       0.00 sys cpu s       0.00 wall s
INDE NNZ Xsq = 5329 <-> 100.00 %
TIDE Frobenius norm of X-X^2 took      0.00 usr cpu s       0.00 sys cpu s       0.00 wall s
TIDE Mixed norm of X-X^2 took      0.00 usr cpu s       0.00 sys cpu s       0.00 wall s
TIDE Trace of X-X^2 took      0.00 usr cpu s       0.00 sys cpu s       0.00 wall s
INDE ||X-X^2||_F = 7.217773e-01 , ||X-X^2||_mixed = 6.565306e-01
INDE trace(X-X^2) = 2.939569e+00
INDE trace(X) = 5.103731e+01
INDE Checking stopping criterion...   
INDE e_i =6.565306e-01, C*e_{i-1}^q = 3.640305e+00
INDE Order of convergence = 7.372838, stop = 0
TIDE stopping_criterion took      0.00 usr cpu s       0.00 sys cpu s       0.00 wall s
TIDE Iteration 12 took      0.01 usr cpu s       0.00 sys cpu s       0.00 wall s
INDE     ITERATION 13 :
TIDE purify_X took      0.00 usr cpu s       0.00 sys cpu s       0.00 wall s
TIDE truncate_matrix took      0.00 usr cpu s       0.00 sys cpu s       0.00 wall s
INDE Actual introduced error   0.000000e+00 : nnz before  5329 <-> 100.00 % , nnz after  5329 <-> 100.00 %
TIDE square took      0.00 usr cpu s       0.00 sys cpu s       0.00 wall s
INDE NNZ Xsq = 5329 <-> 100.00 %
TIDE Frobenius norm of X-X^2 took      0.00 usr cpu s       0.00 sys cpu s       0.00 wall s
TIDE Mixed norm of X-X^2 took      0.00 usr cpu s       0.00 sys cpu s       0.00 wall s
TIDE Trace of X-X^2 took      0.00 usr cpu s       0.00 sys cpu s       0.00 wall s
INDE ||X-X^2||_F = 7.349939e-01 , ||X-X^2||_mixed = 6.405664e-01
INDE trace(X-X^2) = 3.047284e+00
INDE trace(X) = 4.809774e+01
INDE Checking stopping criterion...   
INDE e_i =6.405664e-01, C*e_{i-1}^q = 3.914206e+00
INDE Order of convergence = 8.406543, stop = 0
TIDE stopping_criterion took      0.00 usr cpu s       0.00 sys cpu s       0.00 wall s
TIDE Iteration 13 took      0.00 usr cpu s       0.01 sys cpu s       0.00 wall s
INDE     ITERATION 14 :
TIDE purify_X took      0.00 usr cpu s       0.00 sys cpu s       0.00 wall s
TIDE truncate_matrix took      0.00 usr cpu s       0.00 sys cpu s       0.00 wall s
INDE Actual introduced error   0.000000e+00 : nnz before  5329 <-> 100.00 % , nnz after  5329 <-> 100.00 %
TIDE square took      0.00 usr cpu s       0.00 sys cpu s       0.00 wall s
INDE NNZ Xsq = 5329 <-> 100.00 %
TIDE Frobenius norm of X-X^2 took      0.00 usr cpu s       0.00 sys cpu s       0.00 wall s
TIDE Mixed norm of X-X^2 took      0.00 usr cpu s       0.00 sys cpu s       0.00 wall s
TIDE Trace of X-X^2 took      0.00 usr cpu s       0.00 sys cpu s       0.00 wall s
INDE ||X-X^2||_F = 7.248557e-01 , ||X-X^2||_mixed = 6.147473e-01
INDE trace(X-X^2) = 2.935244e+00
INDE trace(X) = 4.505046e+01
INDE Checking stopping criterion...   
INDE Order of convergence cannot be computed
TIDE stopping_criterion took      0.00 usr cpu s       0.00 sys cpu s       0.00 wall s
TIDE Iteration 14 took      0.00 usr cpu s       0.01 sys cpu s       0.00 wall s
INDE     ITERATION 15 :
TIDE purify_X took      0.00 usr cpu s       0.00 sys cpu s       0.00 wall s
TIDE truncate_matrix took      0.00 usr cpu s       0.00 sys cpu s       0.00 wall s
INDE Actual introduced error   0.000000e+00 : nnz before  5329 <-> 100.00 % , nnz after  5329 <-> 100.00 %
TIDE square took      0.00 usr cpu s       0.00 sys cpu s       0.00 wall s
INDE NNZ Xsq = 5329 <-> 100.00 %
TIDE Frobenius norm of X-X^2 took      0.00 usr cpu s       0.00 sys cpu s       0.00 wall s
TIDE Mixed norm of X-X^2 took      0.00 usr cpu s       0.00 sys cpu s       0.00 wall s
TIDE Trace of X-X^2 took      0.00 usr cpu s       0.00 sys cpu s       0.00 wall s
INDE ||X-X^2||_F = 5.757541e-01 , ||X-X^2||_mixed = 5.165196e-01
INDE trace(X-X^2) = 2.067583e+00
INDE trace(X) = 4.798570e+01
INDE Checking stopping criterion...   
INDE e_i =5.165196e-01, C*e_{i-1}^q = 2.825993e+00
INDE Order of convergence = 5.815655, stop = 0
TIDE stopping_criterion took      0.00 usr cpu s       0.00 sys cpu s       0.00 wall s
TIDE Iteration 15 took      0.00 usr cpu s       0.01 sys cpu s       0.00 wall s
INDE     ITERATION 16 :
TIDE purify_X took      0.00 usr cpu s       0.00 sys cpu s       0.00 wall s
TIDE truncate_matrix took      0.00 usr cpu s       0.00 sys cpu s       0.00 wall s
INDE Actual introduced error   0.000000e+00 : nnz before  5329 <-> 100.00 % , nnz after  5329 <-> 100.00 %
TIDE square took      0.00 usr cpu s       0.00 sys cpu s       0.00 wall s
INDE NNZ Xsq = 5329 <-> 100.00 %
TIDE Frobenius norm of X-X^2 took      0.00 usr cpu s       0.00 sys cpu s       0.00 wall s
TIDE Mixed norm of X-X^2 took      0.00 usr cpu s       0.00 sys cpu s       0.00 wall s
TIDE Trace of X-X^2 took      0.00 usr cpu s       0.00 sys cpu s       0.00 wall s
INDE ||X-X^2||_F = 5.737882e-01 , ||X-X^2||_mixed = 5.151789e-01
INDE trace(X-X^2) = 1.901945e+00
INDE trace(X) = 4.591812e+01
INDE Checking stopping criterion...   
INDE e_i =5.151789e-01, C*e_{i-1}^q = 2.602771e+00
INDE Order of convergence = 5.329232, stop = 0
TIDE stopping_criterion took      0.00 usr cpu s       0.00 sys cpu s       0.00 wall s
TIDE Iteration 16 took      0.00 usr cpu s       0.01 sys cpu s       0.00 wall s
INDE     ITERATION 17 :
TIDE purify_X took      0.00 usr cpu s       0.00 sys cpu s       0.00 wall s
TIDE truncate_matrix took      0.00 usr cpu s       0.00 sys cpu s       0.00 wall s
INDE Actual introduced error   0.000000e+00 : nnz before  5329 <-> 100.00 % , nnz after  5329 <-> 100.00 %
TIDE square took      0.00 usr cpu s       0.00 sys cpu s       0.00 wall s
INDE NNZ Xsq = 5329 <-> 100.00 %
TIDE Frobenius norm of X-X^2 took      0.00 usr cpu s       0.00 sys cpu s       0.00 wall s
TIDE Mixed norm of X-X^2 took      0.00 usr cpu s       0.01 sys cpu s       0.00 wall s
TIDE Trace of X-X^2 took      0.00 usr cpu s       0.00 sys cpu s       0.00 wall s
INDE ||X-X^2||_F = 4.414805e-01 , ||X-X^2||_mixed = 4.165721e-01
INDE trace(X-X^2) = 1.252918e+00
INDE trace(X) = 4.782007e+01
INDE Checking stopping criterion...   
INDE e_i =4.165721e-01, C*e_{i-1}^q = 1.837453e+00
INDE Order of convergence = 4.246415, stop = 0
TIDE stopping_criterion took      0.00 usr cpu s       0.00 sys cpu s       0.00 wall s
TIDE Iteration 17 took      0.00 usr cpu s       0.01 sys cpu s       0.00 wall s
INDE     ITERATION 18 :
TIDE purify_X took      0.00 usr cpu s       0.00 sys cpu s       0.00 wall s
TIDE truncate_matrix took      0.00 usr cpu s       0.00 sys cpu s       0.00 wall s
INDE Actual introduced error   0.000000e+00 : nnz before  5329 <-> 100.00 % , nnz after  5329 <-> 100.00 %
TIDE square took      0.00 usr cpu s       0.00 sys cpu s       0.00 wall s
INDE NNZ Xsq = 5329 <-> 100.00 %
TIDE Frobenius norm of X-X^2 took      0.00 usr cpu s       0.00 sys cpu s       0.00 wall s
TIDE Mixed norm of X-X^2 took      0.00 usr cpu s       0.00 sys cpu s       0.00 wall s
TIDE Trace of X-X^2 took      0.00 usr cpu s       0.00 sys cpu s       0.00 wall s
INDE ||X-X^2||_F = 4.635155e-01 , ||X-X^2||_mixed = 4.377323e-01
INDE trace(X-X^2) = 1.187455e+00
INDE trace(X) = 4.656715e+01
INDE Checking stopping criterion...   
INDE e_i =4.377323e-01, C*e_{i-1}^q = 1.827927e+00
INDE Order of convergence = 4.155069, stop = 0
TIDE stopping_criterion took      0.00 usr cpu s       0.00 sys cpu s       0.00 wall s
TIDE Iteration 18 took      0.00 usr cpu s       0.01 sys cpu s       0.00 wall s
INDE     ITERATION 19 :
TIDE purify_X took      0.00 usr cpu s       0.00 sys cpu s       0.00 wall s
TIDE truncate_matrix took      0.00 usr cpu s       0.00 sys cpu s       0.00 wall s
INDE Actual introduced error   0.000000e+00 : nnz before  5329 <-> 100.00 % , nnz after  5329 <-> 100.00 %
TIDE square took      0.00 usr cpu s       0.00 sys cpu s       0.00 wall s
INDE NNZ Xsq = 5329 <-> 100.00 %
TIDE Frobenius norm of X-X^2 took      0.00 usr cpu s       0.00 sys cpu s       0.00 wall s
TIDE Mixed norm of X-X^2 took      0.00 usr cpu s       0.00 sys cpu s       0.00 wall s
TIDE Trace of X-X^2 took      0.00 usr cpu s       0.00 sys cpu s       0.00 wall s
INDE ||X-X^2||_F = 3.614562e-01 , ||X-X^2||_mixed = 3.508071e-01
INDE trace(X-X^2) = 7.677747e-01
INDE trace(X) = 4.775460e+01
INDE Checking stopping criterion...   
INDE e_i =3.508071e-01, C*e_{i-1}^q = 1.195152e+00
INDE Order of convergence = 3.399792, stop = 0
TIDE stopping_criterion took      0.00 usr cpu s       0.00 sys cpu s       0.00 wall s
TIDE Iteration 19 took      0.00 usr cpu s       0.01 sys cpu s       0.00 wall s
INDE     ITERATION 20 :
TIDE purify_X took      0.00 usr cpu s       0.00 sys cpu s       0.00 wall s
TIDE truncate_matrix took      0.00 usr cpu s       0.00 sys cpu s       0.00 wall s
INDE Actual introduced error   0.000000e+00 : nnz before  5329 <-> 100.00 % , nnz after  5329 <-> 100.00 %
TIDE square took      0.00 usr cpu s       0.00 sys cpu s       0.00 wall s
INDE NNZ Xsq = 5329 <-> 100.00 %
TIDE Frobenius norm of X-X^2 took      0.00 usr cpu s       0.00 sys cpu s       0.00 wall s
TIDE Mixed norm of X-X^2 took      0.00 usr cpu s       0.00 sys cpu s       0.00 wall s
TIDE Trace of X-X^2 took      0.00 usr cpu s       0.00 sys cpu s       0.00 wall s
INDE ||X-X^2||_F = 3.923457e-01 , ||X-X^2||_mixed = 3.772699e-01
INDE trace(X-X^2) = 7.948355e-01
INDE trace(X) = 4.698683e+01
INDE Checking stopping criterion...   
INDE e_i =3.772699e-01, C*e_{i-1}^q = 1.319653e+00
INDE Order of convergence = 3.515666, stop = 0
TIDE stopping_criterion took      0.00 usr cpu s       0.00 sys cpu s       0.00 wall s
TIDE Iteration 20 took      0.00 usr cpu s       0.01 sys cpu s       0.00 wall s
INDE     ITERATION 21 :
TIDE purify_X took      0.00 usr cpu s       0.00 sys cpu s       0.00 wall s
TIDE truncate_matrix took      0.00 usr cpu s       0.00 sys cpu s       0.00 wall s
INDE Actual introduced error   0.000000e+00 : nnz before  5329 <-> 100.00 % , nnz after  5329 <-> 100.00 %
TIDE square took      0.00 usr cpu s       0.00 sys cpu s       0.00 wall s
INDE NNZ Xsq = 5329 <-> 100.00 %
TIDE Frobenius norm of X-X^2 took      0.00 usr cpu s       0.00 sys cpu s       0.00 wall s
TIDE Mixed norm of X-X^2 took      0.00 usr cpu s       0.00 sys cpu s       0.00 wall s
TIDE Trace of X-X^2 took      0.00 usr cpu s       0.00 sys cpu s       0.00 wall s
INDE ||X-X^2||_F = 2.830621e-01 , ||X-X^2||_mixed = 2.760788e-01
INDE trace(X-X^2) = 5.189791e-01
INDE trace(X) = 4.778166e+01
INDE Checking stopping criterion...   
INDE e_i =2.760788e-01, C*e_{i-1}^q = 8.475775e-01
INDE Order of convergence = 3.070812, stop = 0
TIDE stopping_criterion took      0.00 usr cpu s       0.00 sys cpu s       0.00 wall s
TIDE Iteration 21 took      0.00 usr cpu s       0.01 sys cpu s       0.00 wall s
INDE     ITERATION 22 :
TIDE purify_X took      0.00 usr cpu s       0.00 sys cpu s       0.00 wall s
TIDE truncate_matrix took      0.00 usr cpu s       0.00 sys cpu s       0.00 wall s
INDE Actual introduced error   0.000000e+00 : nnz before  5329 <-> 100.00 % , nnz after  5329 <-> 100.00 %
TIDE square took      0.00 usr cpu s       0.00 sys cpu s       0.00 wall s
INDE NNZ Xsq = 5329 <-> 100.00 %
TIDE Frobenius norm of X-X^2 took      0.00 usr cpu s       0.00 sys cpu s       0.00 wall s
TIDE Mixed norm of X-X^2 took      0.00 usr cpu s       0.01 sys cpu s       0.00 wall s
TIDE Trace of X-X^2 took      0.00 usr cpu s       0.00 sys cpu s       0.00 wall s
INDE ||X-X^2||_F = 3.203909e-01 , ||X-X^2||_mixed = 3.071593e-01
INDE trace(X-X^2) = 5.551576e-01
INDE trace(X) = 4.726269e+01
INDE Checking stopping criterion...   
INDE e_i =3.071593e-01, C*e_{i-1}^q = 9.802728e-01
INDE Order of convergence = 3.190471, stop = 0
TIDE stopping_criterion took      0.00 usr cpu s       0.00 sys cpu s       0.00 wall s
TIDE Iteration 22 took      0.00 usr cpu s       0.01 sys cpu s       0.00 wall s
INDE     ITERATION 23 :
TIDE purify_X took      0.00 usr cpu s       0.00 sys cpu s       0.00 wall s
TIDE truncate_matrix took      0.00 usr cpu s       0.00 sys cpu s       0.00 wall s
INDE Actual introduced error   0.000000e+00 : nnz before  5329 <-> 100.00 % , nnz after  5329 <-> 100.00 %
TIDE square took      0.00 usr cpu s       0.00 sys cpu s       0.00 wall s
INDE NNZ Xsq = 5329 <-> 100.00 %
TIDE Frobenius norm of X-X^2 took      0.00 usr cpu s       0.00 sys cpu s       0.00 wall s
TIDE Mixed norm of X-X^2 took      0.00 usr cpu s       0.00 sys cpu s       0.00 wall s
TIDE Trace of X-X^2 took      0.00 usr cpu s       0.00 sys cpu s       0.00 wall s
INDE ||X-X^2||_F = 3.494422e-01 , ||X-X^2||_mixed = 3.379656e-01
INDE trace(X-X^2) = 5.969984e-01
INDE trace(X) = 4.670753e+01
INDE Checking stopping criterion...   
INDE Order of convergence cannot be computed
TIDE stopping_criterion took      0.00 usr cpu s       0.00 sys cpu s       0.00 wall s
TIDE Iteration 23 took      0.00 usr cpu s       0.01 sys cpu s       0.00 wall s
INDE     ITERATION 24 :
TIDE purify_X took      0.00 usr cpu s       0.00 sys cpu s       0.00 wall s
TIDE truncate_matrix took      0.00 usr cpu s       0.00 sys cpu s       0.00 wall s
INDE Actual introduced error   0.000000e+00 : nnz before  5329 <-> 100.00 % , nnz after  5329 <-> 100.00 %
TIDE square took      0.00 usr cpu s       0.00 sys cpu s       0.00 wall s
INDE NNZ Xsq = 5329 <-> 100.00 %
TIDE Frobenius norm of X-X^2 took      0.00 usr cpu s       0.00 sys cpu s       0.00 wall s
TIDE Mixed norm of X-X^2 took      0.00 usr cpu s       0.00 sys cpu s       0.00 wall s
TIDE Trace of X-X^2 took      0.00 usr cpu s       0.00 sys cpu s       0.00 wall s
INDE ||X-X^2||_F = 2.897692e-01 , ||X-X^2||_mixed = 2.799342e-01
INDE trace(X-X^2) = 4.258125e-01
INDE trace(X) = 4.730453e+01
INDE Checking stopping criterion...   
INDE e_i =2.799342e-01, C*e_{i-1}^q = 6.497856e-01
INDE Order of convergence = 2.713399, stop = 0
TIDE stopping_criterion took      0.00 usr cpu s       0.00 sys cpu s       0.00 wall s
TIDE Iteration 24 took      0.00 usr cpu s       0.01 sys cpu s       0.00 wall s
INDE     ITERATION 25 :
TIDE purify_X took      0.00 usr cpu s       0.00 sys cpu s       0.00 wall s
TIDE truncate_matrix took      0.00 usr cpu s       0.00 sys cpu s       0.00 wall s
INDE Actual introduced error   0.000000e+00 : nnz before  5329 <-> 100.00 % , nnz after  5329 <-> 100.00 %
TIDE square took      0.00 usr cpu s       0.00 sys cpu s       0.00 wall s
INDE NNZ Xsq = 5329 <-> 100.00 %
TIDE Frobenius norm of X-X^2 took      0.00 usr cpu s       0.00 sys cpu s       0.00 wall s
TIDE Mixed norm of X-X^2 took      0.00 usr cpu s       0.00 sys cpu s       0.00 wall s
TIDE Trace of X-X^2 took      0.00 usr cpu s       0.00 sys cpu s       0.00 wall s
INDE ||X-X^2||_F = 2.925079e-01 , ||X-X^2||_mixed = 2.810407e-01
INDE trace(X-X^2) = 4.589904e-01
INDE trace(X) = 4.687871e+01
INDE Checking stopping criterion...   
INDE e_i =2.810407e-01, C*e_{i-1}^q = 7.866611e-01
INDE Order of convergence = 2.948827, stop = 0
TIDE stopping_criterion took      0.00 usr cpu s       0.00 sys cpu s       0.00 wall s
TIDE Iteration 25 took      0.00 usr cpu s       0.01 sys cpu s       0.00 wall s
INDE     ITERATION 26 :
TIDE purify_X took      0.00 usr cpu s       0.00 sys cpu s       0.00 wall s
TIDE truncate_matrix took      0.00 usr cpu s       0.00 sys cpu s       0.00 wall s
INDE Actual introduced error   0.000000e+00 : nnz before  5329 <-> 100.00 % , nnz after  5329 <-> 100.00 %
TIDE square took      0.00 usr cpu s       0.00 sys cpu s       0.00 wall s
INDE NNZ Xsq = 5329 <-> 100.00 %
TIDE Frobenius norm of X-X^2 took      0.00 usr cpu s       0.00 sys cpu s       0.00 wall s
TIDE Mixed norm of X-X^2 took      0.00 usr cpu s       0.00 sys cpu s       0.00 wall s
TIDE Trace of X-X^2 took      0.00 usr cpu s       0.00 sys cpu s       0.00 wall s
INDE ||X-X^2||_F = 2.628569e-01 , ||X-X^2||_mixed = 2.579706e-01
INDE trace(X-X^2) = 3.406993e-01
INDE trace(X) = 4.733770e+01
INDE Checking stopping criterion...   
INDE e_i =2.579706e-01, C*e_{i-1}^q = 5.397028e-01
INDE Order of convergence = 2.579777, stop = 0
TIDE stopping_criterion took      0.00 usr cpu s       0.00 sys cpu s       0.00 wall s
TIDE Iteration 26 took      0.00 usr cpu s       0.01 sys cpu s       0.00 wall s
INDE     ITERATION 27 :
TIDE purify_X took      0.00 usr cpu s       0.00 sys cpu s       0.00 wall s
TIDE truncate_matrix took      0.00 usr cpu s       0.00 sys cpu s       0.00 wall s
INDE Actual introduced error   0.000000e+00 : nnz before  5329 <-> 100.00 % , nnz after  5329 <-> 100.00 %
TIDE square took      0.00 usr cpu s       0.00 sys cpu s       0.00 wall s
INDE NNZ Xsq = 5329 <-> 100.00 %
TIDE Frobenius norm of X-X^2 took      0.00 usr cpu s       0.00 sys cpu s       0.00 wall s
TIDE Mixed norm of X-X^2 took      0.00 usr cpu s       0.01 sys cpu s       0.00 wall s
TIDE Trace of X-X^2 took      0.00 usr cpu s       0.00 sys cpu s       0.00 wall s
INDE ||X-X^2||_F = 2.209087e-01 , ||X-X^2||_mixed = 2.117883e-01
INDE trace(X-X^2) = 3.185670e-01
INDE trace(X) = 4.699700e+01
INDE Checking stopping criterion...   
INDE e_i =2.117883e-01, C*e_{i-1}^q = 5.439776e-01
INDE Order of convergence = 2.743208, stop = 0
TIDE stopping_criterion took      0.00 usr cpu s       0.00 sys cpu s       0.00 wall s
TIDE Iteration 27 took      0.00 usr cpu s       0.01 sys cpu s       0.00 wall s
INDE     ITERATION 28 :
TIDE purify_X took      0.00 usr cpu s       0.00 sys cpu s       0.00 wall s
TIDE truncate_matrix took      0.00 usr cpu s       0.00 sys cpu s       0.00 wall s
INDE Actual introduced error   0.000000e+00 : nnz before  5329 <-> 100.00 % , nnz after  5329 <-> 100.00 %
TIDE square took      0.00 usr cpu s       0.00 sys cpu s       0.00 wall s
INDE NNZ Xsq = 5329 <-> 100.00 %
TIDE Frobenius norm of X-X^2 took      0.00 usr cpu s       0.00 sys cpu s       0.00 wall s
TIDE Mixed norm of X-X^2 took      0.00 usr cpu s       0.00 sys cpu s       0.00 wall s
TIDE Trace of X-X^2 took      0.00 usr cpu s       0.00 sys cpu s       0.00 wall s
INDE ||X-X^2||_F = 2.309768e-01 , ||X-X^2||_mixed = 2.300641e-01
INDE trace(X-X^2) = 2.637682e-01
INDE trace(X) = 4.731557e+01
INDE Checking stopping criterion...   
INDE e_i =2.300641e-01, C*e_{i-1}^q = 4.583351e-01
INDE Order of convergence = 2.508700, stop = 0
TIDE stopping_criterion took      0.00 usr cpu s       0.00 sys cpu s       0.00 wall s
TIDE Iteration 28 took      0.00 usr cpu s       0.01 sys cpu s       0.00 wall s
INDE     ITERATION 29 :
TIDE purify_X took      0.00 usr cpu s       0.00 sys cpu s       0.00 wall s
TIDE truncate_matrix took      0.00 usr cpu s       0.00 sys cpu s       0.00 wall s
INDE Actual introduced error   0.000000e+00 : nnz before  5329 <-> 100.00 % , nnz after  5329 <-> 100.00 %
TIDE square took      0.00 usr cpu s       0.00 sys cpu s       0.00 wall s
INDE NNZ Xsq = 5329 <-> 100.00 %
TIDE Frobenius norm of X-X^2 took      0.00 usr cpu s       0.00 sys cpu s       0.00 wall s
TIDE Mixed norm of X-X^2 took      0.00 usr cpu s       0.00 sys cpu s       0.00 wall s
TIDE Trace of X-X^2 took      0.00 usr cpu s       0.00 sys cpu s       0.00 wall s
INDE ||X-X^2||_F = 1.278327e-01 , ||X-X^2||_mixed = 1.233676e-01
INDE trace(X-X^2) = 1.759915e-01
INDE trace(X) = 4.705180e+01
INDE Checking stopping criterion...   
INDE e_i =1.233676e-01, C*e_{i-1}^q = 3.089204e-01
INDE Order of convergence = 2.591376, stop = 0
TIDE stopping_criterion took      0.00 usr cpu s       0.00 sys cpu s       0.00 wall s
TIDE Iteration 29 took      0.00 usr cpu s       0.01 sys cpu s       0.00 wall s
INDE     ITERATION 30 :
TIDE purify_X took      0.00 usr cpu s       0.00 sys cpu s       0.00 wall s
TIDE truncate_matrix took      0.00 usr cpu s       0.00 sys cpu s       0.00 wall s
INDE Actual introduced error   0.000000e+00 : nnz before  5329 <-> 100.00 % , nnz after  5329 <-> 100.00 %
TIDE square took      0.00 usr cpu s       0.00 sys cpu s       0.00 wall s
INDE NNZ Xsq = 5329 <-> 100.00 %
TIDE Frobenius norm of X-X^2 took      0.00 usr cpu s       0.00 sys cpu s       0.00 wall s
TIDE Mixed norm of X-X^2 took      0.00 usr cpu s       0.00 sys cpu s       0.00 wall s
TIDE Trace of X-X^2 took      0.00 usr cpu s       0.00 sys cpu s       0.00 wall s
INDE ||X-X^2||_F = 1.209703e-01 , ||X-X^2||_mixed = 1.208124e-01
INDE trace(X-X^2) = 1.353674e-01
INDE trace(X) = 4.687581e+01
INDE Checking stopping criterion...   
INDE Order of convergence cannot be computed
TIDE stopping_criterion took      0.00 usr cpu s       0.00 sys cpu s       0.00 wall s
TIDE Iteration 30 took      0.00 usr cpu s       0.01 sys cpu s       0.00 wall s
INDE     ITERATION 31 :
TIDE purify_X took      0.00 usr cpu s       0.00 sys cpu s       0.00 wall s
TIDE truncate_matrix took      0.00 usr cpu s       0.00 sys cpu s       0.00 wall s
INDE Actual introduced error   0.000000e+00 : nnz before  5329 <-> 100.00 % , nnz after  5329 <-> 100.00 %
TIDE square took      0.00 usr cpu s       0.00 sys cpu s       0.00 wall s
INDE NNZ Xsq = 5329 <-> 100.00 %
TIDE Frobenius norm of X-X^2 took      0.00 usr cpu s       0.00 sys cpu s       0.00 wall s
TIDE Mixed norm of X-X^2 took      0.00 usr cpu s       0.01 sys cpu s       0.00 wall s
TIDE Trace of X-X^2 took      0.00 usr cpu s       0.00 sys cpu s       0.00 wall s
INDE ||X-X^2||_F = 3.528790e-02 , ||X-X^2||_mixed = 3.401505e-02
INDE trace(X-X^2) = 4.876173e-02
INDE trace(X) = 4.701118e+01
INDE Checking stopping criterion...   
INDE e_i =3.401505e-02, C*e_{i-1}^q = 1.048201e-01
INDE Order of convergence = 2.537824, stop = 0
TIDE stopping_criterion took      0.00 usr cpu s       0.00 sys cpu s       0.00 wall s
TIDE Iteration 31 took      0.00 usr cpu s       0.01 sys cpu s       0.00 wall s
INDE     ITERATION 32 :
TIDE purify_X took      0.00 usr cpu s       0.00 sys cpu s       0.00 wall s
TIDE truncate_matrix took      0.00 usr cpu s       0.00 sys cpu s       0.00 wall s
INDE Actual introduced error   0.000000e+00 : nnz before  5329 <-> 100.00 % , nnz after  5329 <-> 100.00 %
TIDE square took      0.00 usr cpu s       0.00 sys cpu s       0.00 wall s
INDE NNZ Xsq = 5329 <-> 100.00 %
TIDE Frobenius norm of X-X^2 took      0.00 usr cpu s       0.00 sys cpu s       0.00 wall s
TIDE Mixed norm of X-X^2 took      0.00 usr cpu s       0.00 sys cpu s       0.00 wall s
TIDE Trace of X-X^2 took      0.00 usr cpu s       0.00 sys cpu s       0.00 wall s
INDE ||X-X^2||_F = 3.704879e-02 , ||X-X^2||_mixed = 3.704713e-02
INDE trace(X-X^2) = 3.797422e-02
INDE trace(X) = 4.696242e+01
INDE Checking stopping criterion...   
INDE e_i =3.704713e-02, C*e_{i-1}^q = 1.005231e-01
INDE Order of convergence = 2.472292, stop = 0
TIDE stopping_criterion took      0.00 usr cpu s       0.00 sys cpu s       0.00 wall s
TIDE Iteration 32 took      0.00 usr cpu s       0.01 sys cpu s       0.00 wall s
INDE     ITERATION 33 :
TIDE purify_X took      0.00 usr cpu s       0.00 sys cpu s       0.00 wall s
TIDE truncate_matrix took      0.00 usr cpu s       0.00 sys cpu s       0.00 wall s
INDE Actual introduced error   0.000000e+00 : nnz before  5329 <-> 100.00 % , nnz after  5329 <-> 100.00 %
TIDE square took      0.00 usr cpu s       0.00 sys cpu s       0.00 wall s
INDE NNZ Xsq = 5329 <-> 100.00 %
TIDE Frobenius norm of X-X^2 took      0.00 usr cpu s       0.00 sys cpu s       0.00 wall s
TIDE Mixed norm of X-X^2 took      0.00 usr cpu s       0.00 sys cpu s       0.00 wall s
TIDE Trace of X-X^2 took      0.00 usr cpu s       0.00 sys cpu s       0.00 wall s
INDE ||X-X^2||_F = 2.387257e-03 , ||X-X^2||_mixed = 2.290818e-03
INDE trace(X-X^2) = 3.353470e-03
INDE trace(X) = 4.700039e+01
INDE Checking stopping criterion...   
INDE e_i =2.290818e-03, C*e_{i-1}^q = 7.968652e-03
INDE Order of convergence = 2.368715, stop = 0
TIDE stopping_criterion took      0.00 usr cpu s       0.00 sys cpu s       0.00 wall s
TIDE Iteration 33 took      0.00 usr cpu s       0.01 sys cpu s       0.00 wall s
INDE     ITERATION 34 :
TIDE purify_X took      0.00 usr cpu s       0.00 sys cpu s       0.00 wall s
TIDE truncate_matrix took      0.00 usr cpu s       0.00 sys cpu s       0.00 wall s
INDE Actual introduced error   0.000000e+00 : nnz before  5329 <-> 100.00 % , nnz after  5329 <-> 100.00 %
TIDE square took      0.00 usr cpu s       0.00 sys cpu s       0.00 wall s
INDE NNZ Xsq = 5329 <-> 100.00 %
TIDE Frobenius norm of X-X^2 took      0.00 usr cpu s       0.00 sys cpu s       0.00 wall s
TIDE Mixed norm of X-X^2 took      0.00 usr cpu s       0.00 sys cpu s       0.00 wall s
TIDE Trace of X-X^2 took      0.00 usr cpu s       0.00 sys cpu s       0.00 wall s
INDE ||X-X^2||_F = 2.956708e-03 , ||X-X^2||_mixed = 2.956708e-03
INDE trace(X-X^2) = 2.960223e-03
INDE trace(X) = 4.699704e+01
INDE Checking stopping criterion...   
INDE e_i =2.956708e-03, C*e_{i-1}^q = 9.452614e-03
INDE Order of convergence = 2.352660, stop = 0
TIDE stopping_criterion took      0.00 usr cpu s       0.00 sys cpu s       0.00 wall s
TIDE Iteration 34 took      0.00 usr cpu s       0.01 sys cpu s       0.00 wall s
INDE     ITERATION 35 :
TIDE purify_X took      0.00 usr cpu s       0.00 sys cpu s       0.00 wall s
TIDE truncate_matrix took      0.00 usr cpu s       0.00 sys cpu s       0.00 wall s
INDE Actual introduced error   0.000000e+00 : nnz before  5329 <-> 100.00 % , nnz after  5329 <-> 100.00 %
TIDE square took      0.00 usr cpu s       0.00 sys cpu s       0.00 wall s
INDE NNZ Xsq = 5329 <-> 100.00 %
TIDE Frobenius norm of X-X^2 took      0.00 usr cpu s       0.00 sys cpu s       0.00 wall s
TIDE Mixed norm of X-X^2 took      0.00 usr cpu s       0.00 sys cpu s       0.00 wall s
TIDE Trace of X-X^2 took      0.00 usr cpu s       0.00 sys cpu s       0.00 wall s
INDE ||X-X^2||_F = 1.126098e-05 , ||X-X^2||_mixed = 1.085228e-05
INDE trace(X-X^2) = 1.582783e-05
INDE trace(X) = 4.700000e+01
INDE Checking stopping criterion...   
INDE e_i =1.085228e-05, C*e_{i-1}^q = 3.614298e-05
INDE Order of convergence = 2.197917, stop = 0
TIDE stopping_criterion took      0.00 usr cpu s       0.00 sys cpu s       0.00 wall s
TIDE Iteration 35 took      0.00 usr cpu s       0.01 sys cpu s       0.00 wall s
INDE     ITERATION 36 :
TIDE purify_X took      0.00 usr cpu s       0.00 sys cpu s       0.00 wall s
TIDE truncate_matrix took      0.00 usr cpu s       0.00 sys cpu s       0.00 wall s
INDE Actual introduced error   0.000000e+00 : nnz before  5329 <-> 100.00 % , nnz after  5329 <-> 100.00 %
TIDE square took      0.00 usr cpu s       0.00 sys cpu s       0.00 wall s
INDE NNZ Xsq = 5329 <-> 100.00 %
TIDE Frobenius norm of X-X^2 took      0.00 usr cpu s       0.00 sys cpu s       0.00 wall s
TIDE Mixed norm of X-X^2 took      0.00 usr cpu s       0.01 sys cpu s       0.00 wall s
TIDE Trace of X-X^2 took      0.00 usr cpu s       0.00 sys cpu s       0.00 wall s
INDE ||X-X^2||_F = 1.406729e-05 , ||X-X^2||_mixed = 1.406729e-05
INDE trace(X-X^2) = 1.406737e-05
INDE trace(X) = 4.700001e+01
INDE Checking stopping criterion...   
INDE Order of convergence cannot be computed
TIDE stopping_criterion took      0.00 usr cpu s       0.00 sys cpu s       0.00 wall s
TIDE Iteration 36 took      0.00 usr cpu s       0.01 sys cpu s       0.00 wall s
INDE     ITERATION 37 :
TIDE purify_X took      0.00 usr cpu s       0.00 sys cpu s       0.00 wall s
TIDE truncate_matrix took      0.00 usr cpu s       0.00 sys cpu s       0.00 wall s
INDE Actual introduced error   0.000000e+00 : nnz before  5329 <-> 100.00 % , nnz after  5329 <-> 100.00 %
TIDE square took      0.00 usr cpu s       0.00 sys cpu s       0.00 wall s
INDE NNZ Xsq = 5329 <-> 100.00 %
TIDE Frobenius norm of X-X^2 took      0.00 usr cpu s       0.00 sys cpu s       0.00 wall s
TIDE Mixed norm of X-X^2 took      0.00 usr cpu s       0.00 sys cpu s       0.00 wall s
TIDE Trace of X-X^2 took      0.00 usr cpu s       0.00 sys cpu s       0.00 wall s
INDE ||X-X^2||_F = 2.511706e-10 , ||X-X^2||_mixed = 2.410658e-10
INDE trace(X-X^2) = 3.525713e-10
INDE trace(X) = 4.700000e+01
INDE Checking stopping criterion...   
INDE e_i =2.410658e-10, C*e_{i-1}^q = 8.111193e-10
INDE Order of convergence = 2.106144, stop = 0
TIDE stopping_criterion took      0.00 usr cpu s       0.00 sys cpu s       0.00 wall s
TIDE Iteration 37 took      0.00 usr cpu s       0.00 sys cpu s       0.00 wall s
INDE     ITERATION 38 :
TIDE purify_X took      0.00 usr cpu s       0.00 sys cpu s       0.00 wall s
TIDE truncate_matrix took      0.00 usr cpu s       0.00 sys cpu s       0.00 wall s
INDE Actual introduced error   0.000000e+00 : nnz before  5329 <-> 100.00 % , nnz after  5329 <-> 100.00 %
TIDE square took      0.00 usr cpu s       0.00 sys cpu s       0.00 wall s
INDE NNZ Xsq = 5329 <-> 100.00 %
TIDE Frobenius norm of X-X^2 took      0.00 usr cpu s       0.00 sys cpu s       0.00 wall s
TIDE Mixed norm of X-X^2 took      0.00 usr cpu s       0.00 sys cpu s       0.00 wall s
TIDE Trace of X-X^2 took      0.00 usr cpu s       0.00 sys cpu s       0.00 wall s
INDE ||X-X^2||_F = 3.093513e-10 , ||X-X^2||_mixed = 3.093513e-10
INDE trace(X-X^2) = 3.093419e-10
INDE trace(X) = 4.700000e+01
INDE Checking stopping criterion...   
INDE Order of convergence cannot be computed
TIDE stopping_criterion took      0.00 usr cpu s       0.00 sys cpu s       0.00 wall s
TIDE Iteration 38 took      0.00 usr cpu s       0.01 sys cpu s       0.00 wall s
INDE     ITERATION 39 :
TIDE purify_X took      0.00 usr cpu s       0.00 sys cpu s       0.00 wall s
TIDE truncate_matrix took      0.00 usr cpu s       0.00 sys cpu s       0.00 wall s
INDE Actual introduced error   0.000000e+00 : nnz before  5329 <-> 100.00 % , nnz after  5329 <-> 100.00 %
TIDE square took      0.00 usr cpu s       0.00 sys cpu s       0.00 wall s
INDE NNZ Xsq = 5329 <-> 100.00 %
TIDE Frobenius norm of X-X^2 took      0.00 usr cpu s       0.00 sys cpu s       0.00 wall s
TIDE Mixed norm of X-X^2 took      0.00 usr cpu s       0.00 sys cpu s       0.00 wall s
TIDE Trace of X-X^2 took      0.00 usr cpu s       0.00 sys cpu s       0.00 wall s
INDE ||X-X^2||_F = 1.422899e-15 , ||X-X^2||_mixed = 0.000000e+00
INDE trace(X-X^2) = 0.000000e+00
INDE trace(X) = 4.700000e+01
INDE Checking stopping criterion...   
INDE ************************************************************************************************************
INDE The norm value went much below machine precision, therefore we stop here since n_max can be underestimated.
INDE ************************************************************************************************************
INDE e_i =0.000000e+00, C*e_{i-1}^q = 4.002338e-19
INDE Order of convergence = inf, stop = 1
TIDE stopping_criterion took      0.00 usr cpu s       0.00 sys cpu s       0.00 wall s
INDE PURIFICATION CONVERGED after 39 iterations
TIDE Iteration 39 took      0.00 usr cpu s       0.00 sys cpu s       0.00 wall s
INDE Number of non-zeros in D is  5329 <-> 100.00 %
TIDE FileWritable::writeAndReadAll took      0.00 usr cpu s       0.00 sys cpu s       0.00 wall s
INDE writeAndReadAll sizesStr: '0 MB (1 MatrixGeneral, 0 > 1 MB) + 0 MB (13 MatrixSymmetric, 0 > 1 MB) + 0 MB (2 VectorGeneral, 0 > 1 MB) = 0 MB (16 total, 0 > 1 MB)
INDE TOTAL X square time: 0.010125 wall s
INDE TOTAL X trunction time: 0.001976 wall s
INDE TOTAL X purify (exl. X^2 computation) time: 0.001401 wall s
INDE TOTAL time to get number of non-zero elements: 0.001443 wall s
INDE TOTAL time to get mixed norm: 0.026203 wall s
INDE TOTAL time to get Frobenius norm: 0.001529 wall s
INDE TOTAL time for stopping criterion: 0.002021 wall s
INDE TOTAL time to get matrix trace: 0.000779 wall s
INDE Estimated bounds for the eigenvalues for the Fock matrix:
INDE LUMO: [ -0.208011301106 , -0.206024650224 ]
INDE HOMO: [ -0.230215322827 , -0.229611332260 ]
TIDE eigenvalue_bounds_estimation() took      0.00 usr cpu s       0.00 sys cpu s       0.00 wall s
TIDE Recursive expansion took      0.14 usr cpu s       0.43 sys cpu s       0.07 wall s
TIDE Puri->PurificationStart() took      0.14 usr cpu s       0.43 sys cpu s       0.07 wall s
TIDE Accumulated wall times for writeToFile in PurificationStart()          : 0 s (MatrixGeneral) + 6e-06 s (MatrixSymmetric) + 3.8e-05 s (VectorGeneral) = 4.4e-05 s
TIDE Accumulated wall times for readFromFile in PurificationStart()         : 0 s (MatrixGeneral) + 1.9e-06 s (MatrixSymmetric) + 7.6e-06 s (VectorGeneral) = 9.5e-06 s
TIDE Accumulated wall times for copy and assign in PurificationStart()      : 1.2e-06 s (MatrixSymmetric) + 4.7e-05 s (VectorGeneral) = 4.8e-05 s
INDE Number of calls to writeToFile in PurificationStart()                  : 2 (MatrixGeneral) + 27 (MatrixSymmetric) + 389 (VectorGeneral) = 418 
INDE Number of calls to readFromFile in PurificationStart()                 : 2 (MatrixGeneral) + 26 (MatrixSymmetric) + 148 (VectorGeneral) = 176 
INDE Number of calls to FileWritable copy and assign in PurificationStart() : 2 (MatrixSymmetric) + 41 (VectorGeneral) = 43 
TIDE mat::Gblas::time after purification :     0.212590
INDE Created .m files with results of the purification
INDE Purification converged OK
INDE E(LUMO) - E(HOMO) >=          0.02160003115 =          0.58776679346 eV
INDE E(LUMO) - E(HOMO) <=          0.02419067260 =          0.65826173888 eV
INDE HOMO interval : [   -0.230215322827   -0.229611332260 ]
INDE LUMO interval : [   -0.208011301106   -0.206024650224 ]
INDE Trace of resulting density matrix is         47.00000000000, error is   0.00000000000001.
INDE Truncated D_ort ( mixed ), selected threshold = 9.99999e-08, returned error =          0, nnz before = 5329 <-> 100.0000 %, nnz after = 5329 <-> 100.0000 %
TIDE FileWritable::writeAndReadAll took      0.00 usr cpu s       0.00 sys cpu s       0.00 wall s
INDE writeAndReadAll sizesStr: '0 MB (1 MatrixGeneral, 0 > 1 MB) + 0 MB (12 MatrixSymmetric, 0 > 1 MB) + 0 MB (1 MatrixTriangular, 0 > 1 MB) = 0 MB (14 total, 0 > 1 MB)
TIDE D_w to non-orthogonal basis took      0.00 usr cpu s       0.00 sys cpu s       0.00 wall s
INDE Truncated D_S (eucl with Z), selected threshold = 9.99999e-08, returned error =          0, nnz before = 100.0000 %, nnz after = 100.0000 %
INDE get_dens_from_fock_sparse ending OK
TIDE get_dens_from_fock_sparse took      0.16 usr cpu s       0.47 sys cpu s       0.08 wall s
ERDE get_dens_from_fock  (GetDensFromFock class) : purification finished OK.
TIDE get_dens_from_fock took      0.16 usr cpu s       0.47 sys cpu s       0.08 wall s
INSC Matrix 'new density matrix' ( symm ): n =     73, nnz =         5329 <-> 100.00 %, mem usage  0.0000 G
INSC Tr( D * S ) =         94.00000000000
TISC get_new_density_matrix took      0.16 usr cpu s       0.47 sys cpu s       0.08 wall s
INMA ddf_writeShellListAndDensityMatricesToFile_sparse, n =     73, densityMatrixList[0].nvalues =        2701
INMA opened temporary file 'density.bin.v7lrR9' for writing
INMA Choosing matrixStorageType = MATRIX_STORAGE_TYPE_TRIANGLE.
INMA fileSize =           46848 bytes =      0.047 MegaBytes
INMA renamed file 'density.bin.v7lrR9' to 'density.bin'
INMA ddf_writeShellListAndDensityMatricesToFile_sparse freeing buffer.
INMA ddf_writeShellListAndDensityMatricesToFile_sparse returning OK.
TISC write_density_to_file took      0.00 usr cpu s       0.05 sys cpu s       0.01 wall s
INSC SCF cycle   1 finished.
TISC SCF cycle   1 took      4.35 usr cpu s       0.96 sys cpu s       1.54 wall s
INSC Beginning of SCF cycle 2:  Thu Mar 26 19:59:59 2026
INDE compute_J_by_boxes_sparse() start.
TIDE FileWritable::writeAndReadAll took      0.00 usr cpu s       0.00 sys cpu s       0.00 wall s
INDE writeAndReadAll: '0 MB (1 MatrixGeneral, 0 > 1 MB) + 0 MB (11 MatrixSymmetric, 0 > 1 MB) = 0 MB (12 total, 0 > 1 MB)
IN   compute_J_by_boxes_sparse, maxDensityMatrixElement =          3.35366601971
ININ get_basis_func_pair_list, n =     73
ININ create_box_system end OK, toplevelBoxSize:   7.0, #levels:  3, #boxes at top level:      6
TIIN get_basis_func_pair_list_2el took      0.06 usr cpu s       0.16 sys cpu s       0.03 wall s
IN   compute_J_by_boxes_sparse: noOfBasisFuncIndexPairs = 2604 ==> storing  48.86 % of a full matrix
ININ entering compute_J_by_boxes_linear, no of basis funcs =    73, threshold_J =   1e-12
ININ use_fmm = 1, fmm_box_size =   5.00
TIIN Compute extent for all distrs took      0.05 usr cpu s       0.01 sys cpu s       0.05 wall s
ININ extent_min =    0.002, extent_max =    8.475
ININ Creating list of distributions etc done, distrCount =     36269
TIIN Creating list of distributions etc took      0.14 usr cpu s       0.31 sys cpu s       0.10 wall s
ININ create_box_system end OK, toplevelBoxSize:   5.0, #levels:  3, #boxes at top level:     10
TIIN Creating boxes took      0.00 usr cpu s       0.00 sys cpu s       0.00 wall s
ININ noOfBranches = 4, splitters:   5.00  2.50  0.00
ININ J org done, groupCount =     3042
TIIN J org took      0.12 usr cpu s       0.00 sys cpu s       0.12 wall s
TIIN Generate group multipoles took      0.07 usr cpu s       0.00 sys cpu s       0.07 wall s
ININ totChargeWholeSystem =          0.00000000000
ININ Generating multipole for each branch at top level, MAX_MULTIPOLE_DEGREE = 15
TIIN Translate multipoles (step 1) took      0.07 usr cpu s       0.00 sys cpu s       0.07 wall s
TIIN Translate multipoles (step 2) took      0.07 usr cpu s       0.00 sys cpu s       0.07 wall s
ININ job lists for J created OK, noOfJobs_J_standard =      771, noOfJobs_J_multipole =       98
TIIN Creating job lists for J took      0.00 usr cpu s       0.00 sys cpu s       0.00 wall s
ININ execute_joblist_J_std_threaded, noOfThreads =  8
ININ 8 threads started OK.
ININ all 8 threads have finished.
TIIN execute_joblist_J_std_threaded took      3.49 usr cpu s       0.00 sys cpu s       0.64 wall s
TIIN sort_list_of_multipole_jobs init part took      0.00 usr cpu s       0.00 sys cpu s       0.00 wall s
TIIN sort_list_of_multipole_jobs complete took      0.00 usr cpu s       0.00 sys cpu s       0.00 wall s
TIIN sort_list_of_multipole_jobs took      0.00 usr cpu s       0.00 sys cpu s       0.00 wall s
ININ execute_joblist_J_fmm_shared: Allocating multipoleList_4, maxnoOfMinimalDistrsPerBoxBranch =      7477
ININ execute_joblist_J_fmm_shared: jobIndexLo =            0, jobIndexHi =           12
ININ execute_joblist_J_fmm_shared: Allocating multipoleList_4, maxnoOfMinimalDistrsPerBoxBranch =      7477
ININ execute_joblist_J_fmm_shared: Allocating multipoleList_4, maxnoOfMinimalDistrsPerBoxBranch =      7477
ININ execute_joblist_J_fmm_shared: Allocating multipoleList_4, maxnoOfMinimalDistrsPerBoxBranch =      7477
ININ execute_joblist_J_fmm_shared: jobIndexLo =           24, jobIndexHi =           36
ININ execute_joblist_J_fmm_shared: jobIndexLo =           36, jobIndexHi =           49
ININ execute_joblist_J_fmm_shared: jobIndexLo =           12, jobIndexHi =           24
ININ execute_joblist_J_fmm_shared: Allocating multipoleList_4, maxnoOfMinimalDistrsPerBoxBranch =      7477
ININ execute_joblist_J_fmm_shared: jobIndexLo =           49, jobIndexHi =           61
ININ execute_joblist_J_fmm_shared: Allocating multipoleList_4, maxnoOfMinimalDistrsPerBoxBranch =      7477
ININ execute_joblist_J_fmm_shared: jobIndexLo =           61, jobIndexHi =           73
ININ execute_joblist_J_fmm_shared: Allocating multipoleList_4, maxnoOfMinimalDistrsPerBoxBranch =      7477
ININ execute_joblist_J_fmm_shared: jobIndexLo =           73, jobIndexHi =           85
ININ execute_joblist_J_fmm_shared: Allocating multipoleList_4, maxnoOfMinimalDistrsPerBoxBranch =      7477
ININ execute_joblist_J_fmm_shared: jobIndexLo =           85, jobIndexHi =           98
ININ execute_joblist_J_fmm_shared: done!
ININ execute_joblist_J_fmm_shared: done!
ININ execute_joblist_J_fmm_shared: done!
ININ execute_joblist_J_fmm_shared: done!
ININ execute_joblist_J_fmm_shared: done!
ININ execute_joblist_J_fmm_shared: done!
ININ execute_joblist_J_fmm_shared: done!
ININ execute_joblist_J_fmm_shared: done!
ININ multipole job list for J executed, largest L used: 13
TIIN Executing multipole job list for J took      0.04 usr cpu s       0.00 sys cpu s       0.03 wall s
ININ compute_J_by_boxes_linear ending OK.
TIIN compute_J_by_boxes_linear took      4.02 usr cpu s       0.31 sys cpu s       1.10 wall s
TI   compute_J_by_boxes_sparse total took      4.09 usr cpu s       0.47 sys cpu s       1.13 wall s
ININ entering create_CSR_for_K, no of basis funcs =    73, threshold_K =   1e-12
ININ create_box_system end OK, toplevelBoxSize:   7.0, #levels:  3, #boxes at top level:      6
ININ create_box_system end OK, toplevelBoxSize:   7.0, #levels:  3, #boxes at top level:      6
ININ create_box_system end OK, toplevelBoxSize:   7.0, #levels:  3, #boxes at top level:      6
TIIN create_CSR_for_K getting list of distrs took      0.04 usr cpu s       0.00 sys cpu s       0.04 wall s
ININ list of neighbors complete.
TIIN create_CSR_for_K getting list of neighbors took      0.00 usr cpu s       0.00 sys cpu s       0.00 wall s
TIIN create_CSR_for_K sort each list of neighbors took      0.00 usr cpu s       0.00 sys cpu s       0.00 wall s
ININ 8 threads started OK.
TIIN identify_needed_elements() took      0.76 usr cpu s       0.00 sys cpu s       0.13 wall s
ININ computing nnz..
ININ create_CSR_for_K: predicted nnz =         2701, <->  50.68% of a full matrix
TIIN create_CSR_for_K last part took      0.00 usr cpu s       0.00 sys cpu s       0.00 wall s
TIIN create_CSR_for_K total took      0.80 usr cpu s       0.00 sys cpu s       0.18 wall s
ININ entering compute_K_by_boxes, no of basis funcs =    73, threshold_K =   1e-12, exchange_box_size =   5.00
ININ create_box_system end OK, toplevelBoxSize:   7.0, #levels:  3, #boxes at top level:      6
ININ create_box_system end OK, toplevelBoxSize:   7.0, #levels:  3, #boxes at top level:      6
ININ create_box_system end OK, toplevelBoxSize:   7.0, #levels:  3, #boxes at top level:      6
TIIN Compute extent for all distrs took      0.06 usr cpu s       0.00 sys cpu s       0.06 wall s
ININ Creating list of distributions done, distrCountTot =     36269
TIIN Creating list of distributions took      0.11 usr cpu s       0.00 sys cpu s       0.11 wall s
ININ create_box_system end OK, toplevelBoxSize:   5.0, #levels:  3, #boxes at top level:     10
ININ create_box_system end OK, toplevelBoxSize:   2.5, #levels:  4, #boxes at top level:     16
ININ noOfLevelsBasisFuncs = 4, noOfLevelsDiff = 1
TIIN Creating boxes etc took      0.00 usr cpu s       0.00 sys cpu s       0.01 wall s
TIIN getting multipoleNormVectorList took      0.12 usr cpu s       0.00 sys cpu s       0.12 wall s
TIIN K organize_distributions for all boxes took      0.14 usr cpu s       0.00 sys cpu s       0.14 wall s
ININ starting loop to setup basisFuncGroupInfoList, with added index checks.
TIIN GetLimitsAllLevels took      0.03 usr cpu s       0.00 sys cpu s       0.03 wall s
ININ getDmatLimitMatrixCSRList start.
TIIN getting densityMatrixLimitMatrixList took      0.00 usr cpu s       0.00 sys cpu s       0.00 wall s
ININ job list for K created,       55 jobs
TIIN creating job list for K took      0.00 usr cpu s       0.00 sys cpu s       0.00 wall s
ININ execute_joblist_K_threaded, noOfThreads =  8, basisFuncListCount_max =    67
ININ 8 threads started OK.
ININ all 8 threads have finished, took        1 wall s.
TIIN Executing job list for K took      2.48 usr cpu s       0.00 sys cpu s       0.59 wall s
TIIN compute_K_by_boxes took      2.89 usr cpu s       0.00 sys cpu s       1.00 wall s
TI   compute_K_by_boxes_sparse total took      3.69 usr cpu s       0.00 sys cpu s       1.17 wall s
INSC About to truncate FockMatrix, gap of Fprev >=          0.02160003115
TISC symmMatrix::mixed_diff for F vs Fprev maxEigValMovement_mixed took      0.00 usr cpu s       0.00 sys cpu s       0.00 wall s
TISC symmMatrix::eucl_diff for maxEigValMovement_eucl  took      0.05 usr cpu s       0.15 sys cpu s       0.04 wall s
INSC maxEigValMovement_frob  =         22.64756206796
INSC maxEigValMovement_mixed =         18.47308413083
INSC maxEigValMovement_eucl  =          6.70625248464
TISC FockMatrix.eucl_thresh() (with Z) took      0.00 usr cpu s       0.02 sys cpu s       0.01 wall s
INSC Truncated FockMatrix (eucl with Z), selected threshold =      5e-09, returned error =          0, nnz before = 100.0000 %, nnz after = 100.0000 %
INSC Matrix 'S' ( symm ): n =     73, nnz =         5329 <-> 100.00 %, mem usage  0.0000 G
INSC Matrix 'F' ( symm ): n =     73, nnz =         5329 <-> 100.00 %, mem usage  0.0000 G
INSC Matrix 'D' ( symm ): n =     73, nnz =         5329 <-> 100.00 %, mem usage  0.0000 G
INSC nuclearEnergy, energy_2el, energy = 782.160484, 1066.068182, -613.224861
INSC Energy   2 =       -613.22486097544
INSC calling compute_FDSminusSDF_sparse, n = 73
INDE compute_FDSminusSDF_sparse() start.
TIDE FileWritable::writeAndReadAll took      0.00 usr cpu s       0.00 sys cpu s       0.00 wall s
INDE writeAndReadAll: '0 MB (1 MatrixGeneral, 0 > 1 MB) + 0 MB (9 MatrixSymmetric, 0 > 1 MB) = 0 MB (10 total, 0 > 1 MB)
TISC compute_FDSminusSDF_sparse, F*D mult took      0.00 usr cpu s       0.01 sys cpu s       0.00 wall s
INSC Matrix 'FD before eucl truncation' (normal): n =     73, nnz =         5329 <-> 100.00 %, mem usage  0.0000 G
INSC Matrix 'FD after  eucl truncation' (normal): n =     73, nnz =         5329 <-> 100.00 %, mem usage  0.0000 G
INSC Matrix 'FDS before eucl truncation' (normal): n =     73, nnz =         5329 <-> 100.00 %, mem usage  0.0000 G
INSC Matrix 'FDS after  eucl truncation' (normal): n =     73, nnz =         5329 <-> 100.00 %, mem usage  0.0000 G
INSC compute_FDSminusSDF_sparse ending OK.
TISC compute_FDSminusSDF_sparse took      0.01 usr cpu s       0.02 sys cpu s       0.00 wall s
INSC Matrix 'FDS-SDF' (normal): n =     73, nnz =         5329 <-> 100.00 %, mem usage  0.0000 G
INSC SCF_restricted::get_FDSminusSDF finished.
TISC get_FDSminusSDF took      0.01 usr cpu s       0.02 sys cpu s       0.00 wall s
INSC maxabs FDS-SDF is     1.06
INSC frob   FDS-SDF is     7.13
TISC get_error_measure took      0.00 usr cpu s       0.00 sys cpu s       0.00 wall s
INSC entering DIISManagerRestricted::AddIterationToList, IterCount =  1
INSC DIISManagerRestricted::AddIterationToList ending OK.
TISC DIISManagerRestricted::AddIterationToList took      0.00 usr cpu s       0.00 sys cpu s       0.00 wall s
INSC using DIIS to get combined Fock matrix, number of iters used for DIIS:  2
TISC clear_error_matrices took      0.00 usr cpu s       0.00 sys cpu s       0.00 wall s
TISC save_current_fock_as_fprev took      0.00 usr cpu s       0.00 sys cpu s       0.00 wall s
INDE get_dens_from_fock_general, n = 73, use_diagonalization = 0, use_diag_on_error = 1
INDE Before writeAndReadAll(): AllocatorManager statistics:  noOfRealsPerBuffer: 1024 noOfBuffers: 20000 list.size(): 1. Allocated: 0.164 GB, Used: 0.00041 GB, Peak alloc: 0.164 GB.
TIDE FileWritable::writeAndReadAll took      0.00 usr cpu s       0.00 sys cpu s       0.00 wall s
INDE writeAndReadAll sizesStr: '0 MB (1 MatrixGeneral, 0 > 1 MB) + 0 MB (7 MatrixSymmetric, 0 > 1 MB) = 0 MB (8 total, 0 > 1 MB)
INDE After writeAndReadAll(): AllocatorManager statistics:  noOfRealsPerBuffer: 1024 noOfBuffers: 20000 list.size(): 1. Allocated: 0.164 GB, Used: 0.00041 GB, Peak alloc: 0.164 GB.
INDE calling get_dens_from_fock_sparse, n =     73, subspaceErrorLimit = 1e-06
INDE get_dens_from_fock_sparse() start!
INDE After F.readFromFile(): AllocatorManager statistics:  noOfRealsPerBuffer: 1024 noOfBuffers: 20000 list.size(): 1. Allocated: 0.164 GB, Used: 0.00041 GB, Peak alloc: 0.164 GB.
INDE After creating wrapper MatrixType F_w(F): AllocatorManager statistics:  noOfRealsPerBuffer: 1024 noOfBuffers: 20000 list.size(): 1. Allocated: 0.164 GB, Used: 0.000434 GB, Peak alloc: 0.164 GB.
TIDE  F_w to orthogonal basis took      0.00 usr cpu s       0.01 sys cpu s       0.00 wall s
TIDE MatrixType::mixed_diff for maxEigValMovement_mixed took      0.00 usr cpu s       0.00 sys cpu s       0.00 wall s
TIDE symmMatrixWrap::eucl_diff for maxEigValMovement_eucl  took      0.04 usr cpu s       0.22 sys cpu s       0.04 wall s
INDE maxEigValMovement_frob  =         19.62406909360
INDE maxEigValMovement_mixed =         14.57342435799
INDE maxEigValMovement_eucl  =          5.16788860668
INDE lumo before truncation: [ -5.375899907782 , 4.961863956451 ]
INDE homo before truncation: [ -5.398103929503 , 4.938277274416 ]
INDE Truncate matrix F and update intervals for homo and lumo.
INDE Truncating F_ort ( mixed ), selected threshold =      5e-09
INDE Truncated F_ort ( mixed ), selected threshold =      5e-09, returned error =          0, nnz before = 100.0000 %, nnz after = 100.0000 %
TIDE Truncation of F_ort took      0.00 usr cpu s       0.00 sys cpu s       0.00 wall s
INDE Chosen Ergo Wrapper
INDE Creating purification object: N = 73 , nocc = 47 , NNZ = 5329  <-> 100.00000 %
INDE Chosen norm for the truncation: 
INDE mixed
INDE Chosen norm for the stopping criterion: 
INDE mixed
INDE Chosen the NEW stopping criterion.
INDE Allowed error in subspace 7.000000e-07
INDE Chosen SP2 purification method
INDE calling Puri->PurificationStart(), number of threads = 1, trunc norm 'mixed'
TIDE gershgorin took      0.00 usr cpu s       0.00 sys cpu s       0.00 wall s
INDE Gershgorin bounds: [ -22.080772104672 , 6.819509602929 ]
INDE EXPANDED Gershgorin bounds: [ -22.080772119573 , 6.819509617830 ]
INDE Trying to impove bounds using Lanczos algorithm...
TIDE compute_spectrum_bounds took      0.06 usr cpu s       0.26 sys cpu s       0.05 wall s
INDE Spectrum of F: 	 [ -18.179024751185 , 2.771583205293 ]
INDE Transform homo and lumo bounds...
INDE Bounds for homo and lumo of F are overlapping.
INDE HOMO bounds of X: 	 [ 0.000000000000 , 0.389949883639 ]
INDE LUMO bounds of X: 	 [ -0.000000000000 , 0.388890056556 ]
INDE ESTIMATED NUMBER OF ITERATIONS IS 100
INDE Put eigenvalues of F to the interval [0,1] in reverse order.
TIDE compute_X() took      0.00 usr cpu s       0.00 sys cpu s       0.00 wall s
TIDE prepare_to_purification() took      0.06 usr cpu s       0.26 sys cpu s       0.05 wall s
INDE (EIGV,PARAMS) Requested 0 occipied eigenpair(s).
INDE (EIGV,PARAMS) Requested 0 unoccipied eigenpair(s).
TIDE prepare_to_purification_eigenvectors() took      0.00 usr cpu s       0.00 sys cpu s       0.00 wall s
INDE Starting recursive expansion
INDE     BEFORE ITERATIONS:
TIDE truncate_matrix took      0.00 usr cpu s       0.00 sys cpu s       0.00 wall s
INDE Actual introduced error   0.000000e+00 : nnz before  5329 <-> 100.00 % , nnz after  5329 <-> 100.00 %
TIDE square took      0.00 usr cpu s       0.01 sys cpu s       0.00 wall s
INDE NNZ Xsq = 5329 <-> 100.00 %
TIDE Frobenius norm of X-X^2 took      0.00 usr cpu s       0.00 sys cpu s       0.00 wall s
TIDE Mixed norm of X-X^2 took      0.00 usr cpu s       0.00 sys cpu s       0.00 wall s
TIDE Trace of X-X^2 took      0.00 usr cpu s       0.00 sys cpu s       0.00 wall s
INDE ||X-X^2||_F = 1.110864e+00 , ||X-X^2||_mixed = 8.491464e-01
INDE trace(X-X^2) = 8.281861e+00
INDE trace(X) = 1.775742e+01
TIDE Iteration 0 took      0.00 usr cpu s       0.01 sys cpu s       0.00 wall s
TIDE FileWritable::writeAndReadAll took      0.00 usr cpu s       0.00 sys cpu s       0.00 wall s
INDE writeAndReadAll sizesStr: '0 MB (1 MatrixGeneral, 0 > 1 MB) + 0 MB (13 MatrixSymmetric, 0 > 1 MB) + 0 MB (2 VectorGeneral, 0 > 1 MB) = 0 MB (16 total, 0 > 1 MB)
INDE     ITERATION 1 :
TIDE purify_X took      0.00 usr cpu s       0.00 sys cpu s       0.00 wall s
TIDE truncate_matrix took      0.00 usr cpu s       0.00 sys cpu s       0.00 wall s
INDE Actual introduced error   0.000000e+00 : nnz before  5329 <-> 100.00 % , nnz after  5329 <-> 100.00 %
TIDE square took      0.00 usr cpu s       0.01 sys cpu s       0.00 wall s
INDE NNZ Xsq = 5329 <-> 100.00 %
TIDE Frobenius norm of X-X^2 took      0.00 usr cpu s       0.00 sys cpu s       0.00 wall s
TIDE Mixed norm of X-X^2 took      0.00 usr cpu s       0.00 sys cpu s       0.00 wall s
TIDE Trace of X-X^2 took      0.00 usr cpu s       0.00 sys cpu s       0.00 wall s
INDE ||X-X^2||_F = 1.399106e+00 , ||X-X^2||_mixed = 1.056984e+00
INDE trace(X-X^2) = 1.070890e+01
INDE trace(X) = 2.603928e+01
TIDE Iteration 1 took      0.00 usr cpu s       0.01 sys cpu s       0.00 wall s
INDE     ITERATION 2 :
TIDE purify_X took      0.00 usr cpu s       0.00 sys cpu s       0.00 wall s
TIDE truncate_matrix took      0.00 usr cpu s       0.00 sys cpu s       0.00 wall s
INDE Actual introduced error   0.000000e+00 : nnz before  5329 <-> 100.00 % , nnz after  5329 <-> 100.00 %
TIDE square took      0.00 usr cpu s       0.01 sys cpu s       0.00 wall s
INDE NNZ Xsq = 5329 <-> 100.00 %
TIDE Frobenius norm of X-X^2 took      0.00 usr cpu s       0.00 sys cpu s       0.00 wall s
TIDE Mixed norm of X-X^2 took      0.00 usr cpu s       0.00 sys cpu s       0.00 wall s
TIDE Trace of X-X^2 took      0.00 usr cpu s       0.00 sys cpu s       0.00 wall s
INDE ||X-X^2||_F = 1.649788e+00 , ||X-X^2||_mixed = 1.173460e+00
INDE trace(X-X^2) = 1.250530e+01
INDE trace(X) = 3.674819e+01
INDE Checking stopping criterion...   
INDE Order of convergence cannot be computed
TIDE stopping_criterion took      0.00 usr cpu s       0.00 sys cpu s       0.00 wall s
TIDE Iteration 2 took      0.00 usr cpu s       0.01 sys cpu s       0.00 wall s
INDE     ITERATION 3 :
TIDE purify_X took      0.00 usr cpu s       0.00 sys cpu s       0.00 wall s
TIDE truncate_matrix took      0.00 usr cpu s       0.00 sys cpu s       0.00 wall s
INDE Actual introduced error   0.000000e+00 : nnz before  5329 <-> 100.00 % , nnz after  5329 <-> 100.00 %
TIDE square took      0.00 usr cpu s       0.01 sys cpu s       0.00 wall s
INDE NNZ Xsq = 5329 <-> 100.00 %
TIDE Frobenius norm of X-X^2 took      0.00 usr cpu s       0.00 sys cpu s       0.00 wall s
TIDE Mixed norm of X-X^2 took      0.00 usr cpu s       0.00 sys cpu s       0.00 wall s
TIDE Trace of X-X^2 took      0.00 usr cpu s       0.00 sys cpu s       0.00 wall s
INDE ||X-X^2||_F = 1.543760e+00 , ||X-X^2||_mixed = 1.100370e+00
INDE trace(X-X^2) = 1.133364e+01
INDE trace(X) = 4.925349e+01
INDE Checking stopping criterion...   
INDE Order of convergence cannot be computed
TIDE stopping_criterion took      0.00 usr cpu s       0.00 sys cpu s       0.00 wall s
TIDE Iteration 3 took      0.00 usr cpu s       0.01 sys cpu s       0.00 wall s
INDE     ITERATION 4 :
TIDE purify_X took      0.00 usr cpu s       0.00 sys cpu s       0.00 wall s
TIDE truncate_matrix took      0.00 usr cpu s       0.00 sys cpu s       0.00 wall s
INDE Actual introduced error   0.000000e+00 : nnz before  5329 <-> 100.00 % , nnz after  5329 <-> 100.00 %
TIDE square took      0.00 usr cpu s       0.01 sys cpu s       0.00 wall s
INDE NNZ Xsq = 5329 <-> 100.00 %
TIDE Frobenius norm of X-X^2 took      0.00 usr cpu s       0.00 sys cpu s       0.00 wall s
TIDE Mixed norm of X-X^2 took      0.00 usr cpu s       0.00 sys cpu s       0.00 wall s
TIDE Trace of X-X^2 took      0.00 usr cpu s       0.00 sys cpu s       0.00 wall s
INDE ||X-X^2||_F = 1.484933e+00 , ||X-X^2||_mixed = 1.085051e+00
INDE trace(X-X^2) = 1.085437e+01
INDE trace(X) = 3.791984e+01
INDE Checking stopping criterion...   
INDE Order of convergence cannot be computed
TIDE stopping_criterion took      0.00 usr cpu s       0.00 sys cpu s       0.00 wall s
TIDE Iteration 4 took      0.00 usr cpu s       0.02 sys cpu s       0.00 wall s
INDE     ITERATION 5 :
TIDE purify_X took      0.00 usr cpu s       0.00 sys cpu s       0.00 wall s
TIDE truncate_matrix took      0.00 usr cpu s       0.00 sys cpu s       0.00 wall s
INDE Actual introduced error   0.000000e+00 : nnz before  5329 <-> 100.00 % , nnz after  5329 <-> 100.00 %
TIDE square took      0.00 usr cpu s       0.01 sys cpu s       0.00 wall s
INDE NNZ Xsq = 5329 <-> 100.00 %
TIDE Frobenius norm of X-X^2 took      0.00 usr cpu s       0.00 sys cpu s       0.00 wall s
TIDE Mixed norm of X-X^2 took      0.00 usr cpu s       0.00 sys cpu s       0.00 wall s
TIDE Trace of X-X^2 took      0.00 usr cpu s       0.00 sys cpu s       0.00 wall s
INDE ||X-X^2||_F = 1.372905e+00 , ||X-X^2||_mixed = 1.009373e+00
INDE trace(X-X^2) = 9.506106e+00
INDE trace(X) = 4.877422e+01
INDE Checking stopping criterion...   
INDE Order of convergence cannot be computed
TIDE stopping_criterion took      0.00 usr cpu s       0.00 sys cpu s       0.00 wall s
TIDE Iteration 5 took      0.00 usr cpu s       0.01 sys cpu s       0.00 wall s
INDE     ITERATION 6 :
TIDE purify_X took      0.00 usr cpu s       0.00 sys cpu s       0.00 wall s
TIDE truncate_matrix took      0.00 usr cpu s       0.00 sys cpu s       0.00 wall s
INDE Actual introduced error   0.000000e+00 : nnz before  5329 <-> 100.00 % , nnz after  5329 <-> 100.00 %
TIDE square took      0.00 usr cpu s       0.01 sys cpu s       0.00 wall s
INDE NNZ Xsq = 5329 <-> 100.00 %
TIDE Frobenius norm of X-X^2 took      0.00 usr cpu s       0.00 sys cpu s       0.00 wall s
TIDE Mixed norm of X-X^2 took      0.00 usr cpu s       0.00 sys cpu s       0.00 wall s
TIDE Trace of X-X^2 took      0.00 usr cpu s       0.00 sys cpu s       0.00 wall s
INDE ||X-X^2||_F = 1.259377e+00 , ||X-X^2||_mixed = 9.591169e-01
INDE trace(X-X^2) = 8.541929e+00
INDE trace(X) = 3.926811e+01
INDE Checking stopping criterion...   
INDE Order of convergence cannot be computed
TIDE stopping_criterion took      0.00 usr cpu s       0.00 sys cpu s       0.00 wall s
TIDE Iteration 6 took      0.00 usr cpu s       0.01 sys cpu s       0.00 wall s
INDE     ITERATION 7 :
TIDE purify_X took      0.00 usr cpu s       0.00 sys cpu s       0.00 wall s
TIDE truncate_matrix took      0.00 usr cpu s       0.00 sys cpu s       0.00 wall s
INDE Actual introduced error   0.000000e+00 : nnz before  5329 <-> 100.00 % , nnz after  5329 <-> 100.00 %
TIDE square took      0.00 usr cpu s       0.01 sys cpu s       0.00 wall s
INDE NNZ Xsq = 5329 <-> 100.00 %
TIDE Frobenius norm of X-X^2 took      0.00 usr cpu s       0.00 sys cpu s       0.00 wall s
TIDE Mixed norm of X-X^2 took      0.00 usr cpu s       0.00 sys cpu s       0.00 wall s
TIDE Trace of X-X^2 took      0.00 usr cpu s       0.00 sys cpu s       0.00 wall s
INDE ||X-X^2||_F = 1.163915e+00 , ||X-X^2||_mixed = 8.968066e-01
INDE trace(X-X^2) = 7.279007e+00
INDE trace(X) = 4.781004e+01
INDE Checking stopping criterion...   
INDE Order of convergence cannot be computed
TIDE stopping_criterion took      0.00 usr cpu s       0.00 sys cpu s       0.00 wall s
TIDE Iteration 7 took      0.00 usr cpu s       0.01 sys cpu s       0.00 wall s
INDE     ITERATION 8 :
TIDE purify_X took      0.00 usr cpu s       0.00 sys cpu s       0.00 wall s
TIDE truncate_matrix took      0.00 usr cpu s       0.00 sys cpu s       0.00 wall s
INDE Actual introduced error   0.000000e+00 : nnz before  5329 <-> 100.00 % , nnz after  5329 <-> 100.00 %
TIDE square took      0.00 usr cpu s       0.01 sys cpu s       0.00 wall s
INDE NNZ Xsq = 5329 <-> 100.00 %
TIDE Frobenius norm of X-X^2 took      0.00 usr cpu s       0.00 sys cpu s       0.00 wall s
TIDE Mixed norm of X-X^2 took      0.00 usr cpu s       0.00 sys cpu s       0.00 wall s
TIDE Trace of X-X^2 took      0.00 usr cpu s       0.00 sys cpu s       0.00 wall s
INDE ||X-X^2||_F = 1.045341e+00 , ||X-X^2||_mixed = 8.219174e-01
INDE trace(X-X^2) = 6.055239e+00
INDE trace(X) = 4.053103e+01
INDE Checking stopping criterion...   
INDE e_i =8.219174e-01, C*e_{i-1}^q = 6.335571e+00
INDE Order of convergence = 50.926217, stop = 0
TIDE stopping_criterion took      0.00 usr cpu s       0.00 sys cpu s       0.00 wall s
TIDE Iteration 8 took      0.01 usr cpu s       0.01 sys cpu s       0.00 wall s
INDE     ITERATION 9 :
TIDE purify_X took      0.00 usr cpu s       0.00 sys cpu s       0.00 wall s
TIDE truncate_matrix took      0.00 usr cpu s       0.00 sys cpu s       0.00 wall s
INDE Actual introduced error   0.000000e+00 : nnz before  5329 <-> 100.00 % , nnz after  5329 <-> 100.00 %
TIDE square took      0.00 usr cpu s       0.01 sys cpu s       0.00 wall s
INDE NNZ Xsq = 5329 <-> 100.00 %
TIDE Frobenius norm of X-X^2 took      0.00 usr cpu s       0.00 sys cpu s       0.00 wall s
TIDE Mixed norm of X-X^2 took      0.00 usr cpu s       0.00 sys cpu s       0.00 wall s
TIDE Trace of X-X^2 took      0.00 usr cpu s       0.00 sys cpu s       0.00 wall s
INDE ||X-X^2||_F = 9.380515e-01 , ||X-X^2||_mixed = 7.682971e-01
INDE trace(X-X^2) = 5.104400e+00
INDE trace(X) = 4.658627e+01
INDE Checking stopping criterion...   
INDE e_i =7.682971e-01, C*e_{i-1}^q = 5.539114e+00
INDE Order of convergence = 20.137201, stop = 0
TIDE stopping_criterion took      0.00 usr cpu s       0.00 sys cpu s       0.00 wall s
TIDE Iteration 9 took      0.00 usr cpu s       0.02 sys cpu s       0.00 wall s
INDE     ITERATION 10 :
TIDE purify_X took      0.00 usr cpu s       0.00 sys cpu s       0.00 wall s
TIDE truncate_matrix took      0.00 usr cpu s       0.00 sys cpu s       0.00 wall s
INDE Actual introduced error   0.000000e+00 : nnz before  5329 <-> 100.00 % , nnz after  5329 <-> 100.00 %
TIDE square took      0.00 usr cpu s       0.01 sys cpu s       0.00 wall s
INDE NNZ Xsq = 5329 <-> 100.00 %
TIDE Frobenius norm of X-X^2 took      0.00 usr cpu s       0.00 sys cpu s       0.00 wall s
TIDE Mixed norm of X-X^2 took      0.00 usr cpu s       0.00 sys cpu s       0.00 wall s
TIDE Trace of X-X^2 took      0.00 usr cpu s       0.00 sys cpu s       0.00 wall s
INDE ||X-X^2||_F = 8.716663e-01 , ||X-X^2||_mixed = 7.288783e-01
INDE trace(X-X^2) = 4.287987e+00
INDE trace(X) = 5.169067e+01
INDE Checking stopping criterion...   
INDE Order of convergence cannot be computed
TIDE stopping_criterion took      0.00 usr cpu s       0.00 sys cpu s       0.00 wall s
TIDE Iteration 10 took      0.00 usr cpu s       0.01 sys cpu s       0.00 wall s
INDE     ITERATION 11 :
TIDE purify_X took      0.00 usr cpu s       0.00 sys cpu s       0.00 wall s
TIDE truncate_matrix took      0.00 usr cpu s       0.00 sys cpu s       0.00 wall s
INDE Actual introduced error   0.000000e+00 : nnz before  5329 <-> 100.00 % , nnz after  5329 <-> 100.00 %
TIDE square took      0.00 usr cpu s       0.01 sys cpu s       0.00 wall s
INDE NNZ Xsq = 5329 <-> 100.00 %
TIDE Frobenius norm of X-X^2 took      0.00 usr cpu s       0.00 sys cpu s       0.00 wall s
TIDE Mixed norm of X-X^2 took      0.00 usr cpu s       0.00 sys cpu s       0.00 wall s
TIDE Trace of X-X^2 took      0.00 usr cpu s       0.00 sys cpu s       0.00 wall s
INDE ||X-X^2||_F = 7.230543e-01 , ||X-X^2||_mixed = 6.348970e-01
INDE trace(X-X^2) = 3.279507e+00
INDE trace(X) = 4.740269e+01
INDE Checking stopping criterion...   
INDE e_i =6.348970e-01, C*e_{i-1}^q = 4.065380e+00
INDE Order of convergence = 9.044573, stop = 0
TIDE stopping_criterion took      0.00 usr cpu s       0.00 sys cpu s       0.00 wall s
TIDE Iteration 11 took      0.01 usr cpu s       0.01 sys cpu s       0.00 wall s
INDE     ITERATION 12 :
TIDE purify_X took      0.00 usr cpu s       0.00 sys cpu s       0.00 wall s
TIDE truncate_matrix took      0.00 usr cpu s       0.00 sys cpu s       0.00 wall s
INDE Actual introduced error   0.000000e+00 : nnz before  5329 <-> 100.00 % , nnz after  5329 <-> 100.00 %
TIDE square took      0.00 usr cpu s       0.01 sys cpu s       0.00 wall s
INDE NNZ Xsq = 5329 <-> 100.00 %
TIDE Frobenius norm of X-X^2 took      0.00 usr cpu s       0.00 sys cpu s       0.00 wall s
TIDE Mixed norm of X-X^2 took      0.00 usr cpu s       0.00 sys cpu s       0.00 wall s
TIDE Trace of X-X^2 took      0.00 usr cpu s       0.00 sys cpu s       0.00 wall s
INDE ||X-X^2||_F = 6.681130e-01 , ||X-X^2||_mixed = 5.667504e-01
INDE trace(X-X^2) = 2.736040e+00
INDE trace(X) = 4.412318e+01
INDE Checking stopping criterion...   
INDE Order of convergence cannot be computed
TIDE stopping_criterion took      0.00 usr cpu s       0.00 sys cpu s       0.00 wall s
TIDE Iteration 12 took      0.00 usr cpu s       0.02 sys cpu s       0.00 wall s
INDE     ITERATION 13 :
TIDE purify_X took      0.00 usr cpu s       0.00 sys cpu s       0.00 wall s
TIDE truncate_matrix took      0.00 usr cpu s       0.00 sys cpu s       0.00 wall s
INDE Actual introduced error   0.000000e+00 : nnz before  5329 <-> 100.00 % , nnz after  5329 <-> 100.00 %
TIDE square took      0.00 usr cpu s       0.00 sys cpu s       0.00 wall s
INDE NNZ Xsq = 5329 <-> 100.00 %
TIDE Frobenius norm of X-X^2 took      0.00 usr cpu s       0.00 sys cpu s       0.00 wall s
TIDE Mixed norm of X-X^2 took      0.00 usr cpu s       0.00 sys cpu s       0.00 wall s
TIDE Trace of X-X^2 took      0.00 usr cpu s       0.00 sys cpu s       0.00 wall s
INDE ||X-X^2||_F = 5.609483e-01 , ||X-X^2||_mixed = 5.085016e-01
INDE trace(X-X^2) = 1.935493e+00
INDE trace(X) = 4.685922e+01
INDE Checking stopping criterion...   
INDE e_i =5.085016e-01, C*e_{i-1}^q = 2.776190e+00
INDE Order of convergence = 5.736285, stop = 0
TIDE stopping_criterion took      0.00 usr cpu s       0.00 sys cpu s       0.00 wall s
TIDE Iteration 13 took      0.01 usr cpu s       0.01 sys cpu s       0.00 wall s
INDE     ITERATION 14 :
TIDE purify_X took      0.00 usr cpu s       0.00 sys cpu s       0.00 wall s
TIDE truncate_matrix took      0.00 usr cpu s       0.00 sys cpu s       0.00 wall s
INDE Actual introduced error   0.000000e+00 : nnz before  5329 <-> 100.00 % , nnz after  5329 <-> 100.00 %
TIDE square took      0.00 usr cpu s       0.01 sys cpu s       0.00 wall s
INDE NNZ Xsq = 5329 <-> 100.00 %
TIDE Frobenius norm of X-X^2 took      0.00 usr cpu s       0.00 sys cpu s       0.00 wall s
TIDE Mixed norm of X-X^2 took      0.00 usr cpu s       0.00 sys cpu s       0.00 wall s
TIDE Trace of X-X^2 took      0.00 usr cpu s       0.00 sys cpu s       0.00 wall s
INDE ||X-X^2||_F = 5.318153e-01 , ||X-X^2||_mixed = 5.038527e-01
INDE trace(X-X^2) = 1.661078e+00
INDE trace(X) = 4.879471e+01
INDE Checking stopping criterion...   
INDE Order of convergence cannot be computed
TIDE stopping_criterion took      0.00 usr cpu s       0.00 sys cpu s       0.00 wall s
TIDE Iteration 14 took      0.00 usr cpu s       0.01 sys cpu s       0.00 wall s
INDE     ITERATION 15 :
TIDE purify_X took      0.00 usr cpu s       0.00 sys cpu s       0.00 wall s
TIDE truncate_matrix took      0.00 usr cpu s       0.00 sys cpu s       0.00 wall s
INDE Actual introduced error   0.000000e+00 : nnz before  5329 <-> 100.00 % , nnz after  5329 <-> 100.00 %
TIDE square took      0.00 usr cpu s       0.01 sys cpu s       0.00 wall s
INDE NNZ Xsq = 5329 <-> 100.00 %
TIDE Frobenius norm of X-X^2 took      0.00 usr cpu s       0.00 sys cpu s       0.00 wall s
TIDE Mixed norm of X-X^2 took      0.00 usr cpu s       0.00 sys cpu s       0.00 wall s
TIDE Trace of X-X^2 took      0.00 usr cpu s       0.00 sys cpu s       0.00 wall s
INDE ||X-X^2||_F = 4.869981e-01 , ||X-X^2||_mixed = 4.502291e-01
INDE trace(X-X^2) = 1.221200e+00
INDE trace(X) = 4.713364e+01
INDE Checking stopping criterion...   
INDE e_i =4.502291e-01, C*e_{i-1}^q = 1.780850e+00
INDE Order of convergence = 4.033293, stop = 0
TIDE stopping_criterion took      0.00 usr cpu s       0.00 sys cpu s       0.00 wall s
TIDE Iteration 15 took      0.01 usr cpu s       0.01 sys cpu s       0.00 wall s
INDE     ITERATION 16 :
TIDE purify_X took      0.00 usr cpu s       0.00 sys cpu s       0.00 wall s
TIDE truncate_matrix took      0.00 usr cpu s       0.00 sys cpu s       0.00 wall s
INDE Actual introduced error   0.000000e+00 : nnz before  5329 <-> 100.00 % , nnz after  5329 <-> 100.00 %
TIDE square took      0.00 usr cpu s       0.01 sys cpu s       0.00 wall s
INDE NNZ Xsq = 5329 <-> 100.00 %
TIDE Frobenius norm of X-X^2 took      0.00 usr cpu s       0.00 sys cpu s       0.00 wall s
TIDE Mixed norm of X-X^2 took      0.00 usr cpu s       0.00 sys cpu s       0.00 wall s
TIDE Trace of X-X^2 took      0.00 usr cpu s       0.00 sys cpu s       0.00 wall s
INDE ||X-X^2||_F = 3.805504e-01 , ||X-X^2||_mixed = 3.444163e-01
INDE trace(X-X^2) = 8.967808e-01
INDE trace(X) = 4.591243e+01
INDE Checking stopping criterion...   
INDE Order of convergence cannot be computed
TIDE stopping_criterion took      0.00 usr cpu s       0.00 sys cpu s       0.00 wall s
TIDE Iteration 16 took      0.00 usr cpu s       0.01 sys cpu s       0.00 wall s
INDE     ITERATION 17 :
TIDE purify_X took      0.00 usr cpu s       0.00 sys cpu s       0.00 wall s
TIDE truncate_matrix took      0.00 usr cpu s       0.00 sys cpu s       0.00 wall s
INDE Actual introduced error   0.000000e+00 : nnz before  5329 <-> 100.00 % , nnz after  5329 <-> 100.00 %
TIDE square took      0.00 usr cpu s       0.01 sys cpu s       0.00 wall s
INDE NNZ Xsq = 5329 <-> 100.00 %
TIDE Frobenius norm of X-X^2 took      0.00 usr cpu s       0.00 sys cpu s       0.00 wall s
TIDE Mixed norm of X-X^2 took      0.00 usr cpu s       0.00 sys cpu s       0.00 wall s
TIDE Trace of X-X^2 took      0.00 usr cpu s       0.00 sys cpu s       0.00 wall s
INDE ||X-X^2||_F = 4.261615e-01 , ||X-X^2||_mixed = 3.932554e-01
INDE trace(X-X^2) = 8.934991e-01
INDE trace(X) = 4.680922e+01
INDE Checking stopping criterion...   
INDE e_i =3.932554e-01, C*e_{i-1}^q = 1.396078e+00
INDE Order of convergence = 3.587676, stop = 0
TIDE stopping_criterion took      0.00 usr cpu s       0.00 sys cpu s       0.00 wall s
TIDE Iteration 17 took      0.00 usr cpu s       0.01 sys cpu s       0.00 wall s
INDE     ITERATION 18 :
TIDE purify_X took      0.00 usr cpu s       0.00 sys cpu s       0.00 wall s
TIDE truncate_matrix took      0.00 usr cpu s       0.00 sys cpu s       0.00 wall s
INDE Actual introduced error   0.000000e+00 : nnz before  5329 <-> 100.00 % , nnz after  5329 <-> 100.00 %
TIDE square took      0.00 usr cpu s       0.01 sys cpu s       0.00 wall s
INDE NNZ Xsq = 5329 <-> 100.00 %
TIDE Frobenius norm of X-X^2 took      0.00 usr cpu s       0.00 sys cpu s       0.00 wall s
TIDE Mixed norm of X-X^2 took      0.00 usr cpu s       0.00 sys cpu s       0.00 wall s
TIDE Trace of X-X^2 took      0.00 usr cpu s       0.00 sys cpu s       0.00 wall s
INDE ||X-X^2||_F = 4.072073e-01 , ||X-X^2||_mixed = 3.961892e-01
INDE trace(X-X^2) = 8.296034e-01
INDE trace(X) = 4.770271e+01
INDE Checking stopping criterion...   
INDE Order of convergence cannot be computed
TIDE stopping_criterion took      0.00 usr cpu s       0.00 sys cpu s       0.00 wall s
TIDE Iteration 18 took      0.00 usr cpu s       0.01 sys cpu s       0.00 wall s
INDE     ITERATION 19 :
TIDE purify_X took      0.00 usr cpu s       0.00 sys cpu s       0.00 wall s
TIDE truncate_matrix took      0.00 usr cpu s       0.00 sys cpu s       0.00 wall s
INDE Actual introduced error   0.000000e+00 : nnz before  5329 <-> 100.00 % , nnz after  5329 <-> 100.00 %
TIDE square took      0.00 usr cpu s       0.01 sys cpu s       0.00 wall s
INDE NNZ Xsq = 5329 <-> 100.00 %
TIDE Frobenius norm of X-X^2 took      0.00 usr cpu s       0.00 sys cpu s       0.00 wall s
TIDE Mixed norm of X-X^2 took      0.00 usr cpu s       0.00 sys cpu s       0.00 wall s
TIDE Trace of X-X^2 took      0.00 usr cpu s       0.00 sys cpu s       0.00 wall s
INDE ||X-X^2||_F = 3.704310e-01 , ||X-X^2||_mixed = 3.526590e-01
INDE trace(X-X^2) = 7.177231e-01
INDE trace(X) = 4.687311e+01
INDE Checking stopping criterion...   
INDE e_i =3.526590e-01, C*e_{i-1}^q = 1.065104e+00
INDE Order of convergence = 3.184325, stop = 0
TIDE stopping_criterion took      0.00 usr cpu s       0.00 sys cpu s       0.00 wall s
TIDE Iteration 19 took      0.00 usr cpu s       0.02 sys cpu s       0.00 wall s
INDE     ITERATION 20 :
TIDE purify_X took      0.00 usr cpu s       0.00 sys cpu s       0.00 wall s
TIDE truncate_matrix took      0.00 usr cpu s       0.00 sys cpu s       0.00 wall s
INDE Actual introduced error   0.000000e+00 : nnz before  5329 <-> 100.00 % , nnz after  5329 <-> 100.00 %
TIDE square took      0.00 usr cpu s       0.01 sys cpu s       0.00 wall s
INDE NNZ Xsq = 5329 <-> 100.00 %
TIDE Frobenius norm of X-X^2 took      0.00 usr cpu s       0.00 sys cpu s       0.00 wall s
TIDE Mixed norm of X-X^2 took      0.00 usr cpu s       0.00 sys cpu s       0.00 wall s
TIDE Trace of X-X^2 took      0.00 usr cpu s       0.00 sys cpu s       0.00 wall s
INDE ||X-X^2||_F = 3.628143e-01 , ||X-X^2||_mixed = 3.575545e-01
INDE trace(X-X^2) = 6.503108e-01
INDE trace(X) = 4.759083e+01
INDE Checking stopping criterion...   
INDE e_i =3.575545e-01, C*e_{i-1}^q = 1.081055e+00
INDE Order of convergence = 3.194998, stop = 0
TIDE stopping_criterion took      0.00 usr cpu s       0.00 sys cpu s       0.00 wall s
TIDE Iteration 20 took      0.00 usr cpu s       0.02 sys cpu s       0.00 wall s
INDE     ITERATION 21 :
TIDE purify_X took      0.00 usr cpu s       0.00 sys cpu s       0.00 wall s
TIDE truncate_matrix took      0.00 usr cpu s       0.00 sys cpu s       0.00 wall s
INDE Actual introduced error   0.000000e+00 : nnz before  5329 <-> 100.00 % , nnz after  5329 <-> 100.00 %
TIDE square took      0.00 usr cpu s       0.01 sys cpu s       0.00 wall s
INDE NNZ Xsq = 5329 <-> 100.00 %
TIDE Frobenius norm of X-X^2 took      0.00 usr cpu s       0.00 sys cpu s       0.00 wall s
TIDE Mixed norm of X-X^2 took      0.00 usr cpu s       0.00 sys cpu s       0.00 wall s
TIDE Trace of X-X^2 took      0.00 usr cpu s       0.00 sys cpu s       0.00 wall s
INDE ||X-X^2||_F = 3.108016e-01 , ||X-X^2||_mixed = 3.069522e-01
INDE trace(X-X^2) = 5.367087e-01
INDE trace(X) = 4.694052e+01
INDE Checking stopping criterion...   
INDE e_i =3.069522e-01, C*e_{i-1}^q = 8.565500e-01
INDE Order of convergence = 2.984617, stop = 0
TIDE stopping_criterion took      0.00 usr cpu s       0.00 sys cpu s       0.00 wall s
TIDE Iteration 21 took      0.01 usr cpu s       0.01 sys cpu s       0.00 wall s
INDE     ITERATION 22 :
TIDE purify_X took      0.00 usr cpu s       0.00 sys cpu s       0.00 wall s
TIDE truncate_matrix took      0.00 usr cpu s       0.00 sys cpu s       0.00 wall s
INDE Actual introduced error   0.000000e+00 : nnz before  5329 <-> 100.00 % , nnz after  5329 <-> 100.00 %
TIDE square took      0.00 usr cpu s       0.01 sys cpu s       0.00 wall s
INDE NNZ Xsq = 5329 <-> 100.00 %
TIDE Frobenius norm of X-X^2 took      0.00 usr cpu s       0.00 sys cpu s       0.00 wall s
TIDE Mixed norm of X-X^2 took      0.00 usr cpu s       0.01 sys cpu s       0.00 wall s
TIDE Trace of X-X^2 took      0.00 usr cpu s       0.00 sys cpu s       0.00 wall s
INDE ||X-X^2||_F = 3.042438e-01 , ||X-X^2||_mixed = 3.012812e-01
INDE trace(X-X^2) = 4.991252e-01
INDE trace(X) = 4.747723e+01
INDE Checking stopping criterion...   
INDE e_i =3.012812e-01, C*e_{i-1}^q = 8.804956e-01
INDE Order of convergence = 3.042756, stop = 0
TIDE stopping_criterion took      0.00 usr cpu s       0.00 sys cpu s       0.00 wall s
TIDE Iteration 22 took      0.00 usr cpu s       0.01 sys cpu s       0.00 wall s
INDE     ITERATION 23 :
TIDE purify_X took      0.00 usr cpu s       0.00 sys cpu s       0.00 wall s
TIDE truncate_matrix took      0.00 usr cpu s       0.00 sys cpu s       0.00 wall s
INDE Actual introduced error   0.000000e+00 : nnz before  5329 <-> 100.00 % , nnz after  5329 <-> 100.00 %
TIDE square took      0.00 usr cpu s       0.00 sys cpu s       0.00 wall s
INDE NNZ Xsq = 5329 <-> 100.00 %
TIDE Frobenius norm of X-X^2 took      0.00 usr cpu s       0.00 sys cpu s       0.00 wall s
TIDE Mixed norm of X-X^2 took      0.00 usr cpu s       0.01 sys cpu s       0.00 wall s
TIDE Trace of X-X^2 took      0.00 usr cpu s       0.00 sys cpu s       0.00 wall s
INDE ||X-X^2||_F = 2.436343e-01 , ||X-X^2||_mixed = 2.432038e-01
INDE trace(X-X^2) = 3.710553e-01
INDE trace(X) = 4.697811e+01
INDE Checking stopping criterion...   
INDE e_i =2.432038e-01, C*e_{i-1}^q = 6.489094e-01
INDE Order of convergence = 2.830940, stop = 0
TIDE stopping_criterion took      0.00 usr cpu s       0.00 sys cpu s       0.00 wall s
TIDE Iteration 23 took      0.00 usr cpu s       0.01 sys cpu s       0.00 wall s
INDE     ITERATION 24 :
TIDE purify_X took      0.00 usr cpu s       0.00 sys cpu s       0.00 wall s
TIDE truncate_matrix took      0.00 usr cpu s       0.00 sys cpu s       0.00 wall s
INDE Actual introduced error   0.000000e+00 : nnz before  5329 <-> 100.00 % , nnz after  5329 <-> 100.00 %
TIDE square took      0.00 usr cpu s       0.00 sys cpu s       0.00 wall s
INDE NNZ Xsq = 5329 <-> 100.00 %
TIDE Frobenius norm of X-X^2 took      0.00 usr cpu s       0.00 sys cpu s       0.00 wall s
TIDE Mixed norm of X-X^2 took      0.00 usr cpu s       0.00 sys cpu s       0.00 wall s
TIDE Trace of X-X^2 took      0.00 usr cpu s       0.00 sys cpu s       0.00 wall s
INDE ||X-X^2||_F = 2.407774e-01 , ||X-X^2||_mixed = 2.400496e-01
INDE trace(X-X^2) = 3.347896e-01
INDE trace(X) = 4.734916e+01
INDE Checking stopping criterion...   
INDE e_i =2.400496e-01, C*e_{i-1}^q = 6.251535e-01
INDE Order of convergence = 2.797818, stop = 0
TIDE stopping_criterion took      0.00 usr cpu s       0.00 sys cpu s       0.00 wall s
TIDE Iteration 24 took      0.00 usr cpu s       0.01 sys cpu s       0.00 wall s
INDE     ITERATION 25 :
TIDE purify_X took      0.00 usr cpu s       0.00 sys cpu s       0.00 wall s
TIDE truncate_matrix took      0.00 usr cpu s       0.00 sys cpu s       0.00 wall s
INDE Actual introduced error   0.000000e+00 : nnz before  5329 <-> 100.00 % , nnz after  5329 <-> 100.00 %
TIDE square took      0.00 usr cpu s       0.00 sys cpu s       0.00 wall s
INDE NNZ Xsq = 5329 <-> 100.00 %
TIDE Frobenius norm of X-X^2 took      0.00 usr cpu s       0.00 sys cpu s       0.00 wall s
TIDE Mixed norm of X-X^2 took      0.00 usr cpu s       0.01 sys cpu s       0.00 wall s
TIDE Trace of X-X^2 took      0.00 usr cpu s       0.00 sys cpu s       0.00 wall s
INDE ||X-X^2||_F = 1.492568e-01 , ||X-X^2||_mixed = 1.492236e-01
INDE trace(X-X^2) = 2.137393e-01
INDE trace(X) = 4.701437e+01
INDE Checking stopping criterion...   
INDE e_i =1.492236e-01, C*e_{i-1}^q = 4.073648e-01
INDE Order of convergence = 2.710301, stop = 0
TIDE stopping_criterion took      0.00 usr cpu s       0.00 sys cpu s       0.00 wall s
TIDE Iteration 25 took      0.00 usr cpu s       0.01 sys cpu s       0.00 wall s
INDE     ITERATION 26 :
TIDE purify_X took      0.00 usr cpu s       0.00 sys cpu s       0.00 wall s
TIDE truncate_matrix took      0.00 usr cpu s       0.00 sys cpu s       0.00 wall s
INDE Actual introduced error   0.000000e+00 : nnz before  5329 <-> 100.00 % , nnz after  5329 <-> 100.00 %
TIDE square took      0.00 usr cpu s       0.00 sys cpu s       0.00 wall s
INDE NNZ Xsq = 5329 <-> 100.00 %
TIDE Frobenius norm of X-X^2 took      0.00 usr cpu s       0.00 sys cpu s       0.00 wall s
TIDE Mixed norm of X-X^2 took      0.00 usr cpu s       0.00 sys cpu s       0.00 wall s
TIDE Trace of X-X^2 took      0.00 usr cpu s       0.00 sys cpu s       0.00 wall s
INDE ||X-X^2||_F = 1.695476e-01 , ||X-X^2||_mixed = 1.695470e-01
INDE trace(X-X^2) = 1.844054e-01
INDE trace(X) = 4.680063e+01
INDE Checking stopping criterion...   
INDE Order of convergence cannot be computed
TIDE stopping_criterion took      0.00 usr cpu s       0.00 sys cpu s       0.00 wall s
TIDE Iteration 26 took      0.00 usr cpu s       0.01 sys cpu s       0.00 wall s
INDE     ITERATION 27 :
TIDE purify_X took      0.00 usr cpu s       0.00 sys cpu s       0.00 wall s
TIDE truncate_matrix took      0.00 usr cpu s       0.00 sys cpu s       0.00 wall s
INDE Actual introduced error   0.000000e+00 : nnz before  5329 <-> 100.00 % , nnz after  5329 <-> 100.00 %
TIDE square took      0.00 usr cpu s       0.00 sys cpu s       0.00 wall s
INDE NNZ Xsq = 5329 <-> 100.00 %
TIDE Frobenius norm of X-X^2 took      0.00 usr cpu s       0.00 sys cpu s       0.00 wall s
TIDE Mixed norm of X-X^2 took      0.00 usr cpu s       0.01 sys cpu s       0.00 wall s
TIDE Trace of X-X^2 took      0.00 usr cpu s       0.00 sys cpu s       0.00 wall s
INDE ||X-X^2||_F = 5.353852e-02 , ||X-X^2||_mixed = 5.353154e-02
INDE trace(X-X^2) = 7.446019e-02
INDE trace(X) = 4.698504e+01
INDE Checking stopping criterion...   
INDE e_i =5.353154e-02, C*e_{i-1}^q = 1.533619e-01
INDE Order of convergence = 2.553290, stop = 0
TIDE stopping_criterion took      0.00 usr cpu s       0.00 sys cpu s       0.00 wall s
TIDE Iteration 27 took      0.00 usr cpu s       0.01 sys cpu s       0.00 wall s
INDE     ITERATION 28 :
TIDE purify_X took      0.00 usr cpu s       0.00 sys cpu s       0.00 wall s
TIDE truncate_matrix took      0.00 usr cpu s       0.00 sys cpu s       0.00 wall s
INDE Actual introduced error   0.000000e+00 : nnz before  5329 <-> 100.00 % , nnz after  5329 <-> 100.00 %
TIDE square took      0.00 usr cpu s       0.00 sys cpu s       0.00 wall s
INDE NNZ Xsq = 5329 <-> 100.00 %
TIDE Frobenius norm of X-X^2 took      0.00 usr cpu s       0.00 sys cpu s       0.00 wall s
TIDE Mixed norm of X-X^2 took      0.00 usr cpu s       0.01 sys cpu s       0.00 wall s
TIDE Trace of X-X^2 took      0.00 usr cpu s       0.00 sys cpu s       0.00 wall s
INDE ||X-X^2||_F = 5.785126e-02 , ||X-X^2||_mixed = 5.785126e-02
INDE trace(X-X^2) = 5.998108e-02
INDE trace(X) = 4.705950e+01
INDE Checking stopping criterion...   
INDE Order of convergence cannot be computed
TIDE stopping_criterion took      0.00 usr cpu s       0.00 sys cpu s       0.00 wall s
TIDE Iteration 28 took      0.00 usr cpu s       0.01 sys cpu s       0.00 wall s
INDE     ITERATION 29 :
TIDE purify_X took      0.00 usr cpu s       0.00 sys cpu s       0.00 wall s
TIDE truncate_matrix took      0.00 usr cpu s       0.00 sys cpu s       0.00 wall s
INDE Actual introduced error   0.000000e+00 : nnz before  5329 <-> 100.00 % , nnz after  5329 <-> 100.00 %
TIDE square took      0.00 usr cpu s       0.00 sys cpu s       0.00 wall s
INDE NNZ Xsq = 5329 <-> 100.00 %
TIDE Frobenius norm of X-X^2 took      0.00 usr cpu s       0.00 sys cpu s       0.00 wall s
TIDE Mixed norm of X-X^2 took      0.00 usr cpu s       0.00 sys cpu s       0.00 wall s
TIDE Trace of X-X^2 took      0.00 usr cpu s       0.00 sys cpu s       0.00 wall s
INDE ||X-X^2||_F = 5.695269e-03 , ||X-X^2||_mixed = 5.694605e-03
INDE trace(X-X^2) = 8.040130e-03
INDE trace(X) = 4.699952e+01
INDE Checking stopping criterion...   
INDE e_i =5.694605e-03, C*e_{i-1}^q = 1.973614e-02
INDE Order of convergence = 2.424573, stop = 0
TIDE stopping_criterion took      0.00 usr cpu s       0.00 sys cpu s       0.00 wall s
TIDE Iteration 29 took      0.00 usr cpu s       0.01 sys cpu s       0.00 wall s
INDE     ITERATION 30 :
TIDE purify_X took      0.00 usr cpu s       0.00 sys cpu s       0.00 wall s
TIDE truncate_matrix took      0.00 usr cpu s       0.00 sys cpu s       0.00 wall s
INDE Actual introduced error   0.000000e+00 : nnz before  5329 <-> 100.00 % , nnz after  5329 <-> 100.00 %
TIDE square took      0.00 usr cpu s       0.00 sys cpu s       0.00 wall s
INDE NNZ Xsq = 5329 <-> 100.00 %
TIDE Frobenius norm of X-X^2 took      0.00 usr cpu s       0.00 sys cpu s       0.00 wall s
TIDE Mixed norm of X-X^2 took      0.00 usr cpu s       0.00 sys cpu s       0.00 wall s
TIDE Trace of X-X^2 took      0.00 usr cpu s       0.00 sys cpu s       0.00 wall s
INDE ||X-X^2||_F = 7.519119e-03 , ||X-X^2||_mixed = 7.519119e-03
INDE trace(X-X^2) = 7.537394e-03
INDE trace(X) = 4.700756e+01
INDE Checking stopping criterion...   
INDE e_i =7.519119e-03, C*e_{i-1}^q = 2.304986e-02
INDE Order of convergence = 2.393073, stop = 0
TIDE stopping_criterion took      0.00 usr cpu s       0.00 sys cpu s       0.00 wall s
TIDE Iteration 30 took      0.00 usr cpu s       0.01 sys cpu s       0.00 wall s
INDE     ITERATION 31 :
TIDE purify_X took      0.00 usr cpu s       0.00 sys cpu s       0.00 wall s
TIDE truncate_matrix took      0.00 usr cpu s       0.00 sys cpu s       0.00 wall s
INDE Actual introduced error   0.000000e+00 : nnz before  5329 <-> 100.00 % , nnz after  5329 <-> 100.00 %
TIDE square took      0.00 usr cpu s       0.00 sys cpu s       0.00 wall s
INDE NNZ Xsq = 5329 <-> 100.00 %
TIDE Frobenius norm of X-X^2 took      0.00 usr cpu s       0.00 sys cpu s       0.00 wall s
TIDE Mixed norm of X-X^2 took      0.00 usr cpu s       0.01 sys cpu s       0.00 wall s
TIDE Trace of X-X^2 took      0.00 usr cpu s       0.00 sys cpu s       0.00 wall s
INDE ||X-X^2||_F = 6.807064e-05 , ||X-X^2||_mixed = 6.806742e-05
INDE trace(X-X^2) = 9.399029e-05
INDE trace(X) = 4.700002e+01
INDE Checking stopping criterion...   
INDE e_i =6.806742e-05, C*e_{i-1}^q = 2.233417e-04
INDE Order of convergence = 2.229905, stop = 0
TIDE stopping_criterion took      0.00 usr cpu s       0.00 sys cpu s       0.00 wall s
TIDE Iteration 31 took      0.00 usr cpu s       0.01 sys cpu s       0.00 wall s
INDE     ITERATION 32 :
TIDE purify_X took      0.00 usr cpu s       0.00 sys cpu s       0.00 wall s
TIDE truncate_matrix took      0.00 usr cpu s       0.00 sys cpu s       0.00 wall s
INDE Actual introduced error   0.000000e+00 : nnz before  5329 <-> 100.00 % , nnz after  5329 <-> 100.00 %
TIDE square took      0.00 usr cpu s       0.00 sys cpu s       0.00 wall s
INDE NNZ Xsq = 5329 <-> 100.00 %
TIDE Frobenius norm of X-X^2 took      0.00 usr cpu s       0.00 sys cpu s       0.00 wall s
TIDE Mixed norm of X-X^2 took      0.00 usr cpu s       0.01 sys cpu s       0.00 wall s
TIDE Trace of X-X^2 took      0.00 usr cpu s       0.00 sys cpu s       0.00 wall s
INDE ||X-X^2||_F = 7.317646e-05 , ||X-X^2||_mixed = 7.317646e-05
INDE trace(X-X^2) = 7.317975e-05
INDE trace(X) = 4.699993e+01
INDE Checking stopping criterion...   
INDE Order of convergence cannot be computed
TIDE stopping_criterion took      0.00 usr cpu s       0.00 sys cpu s       0.00 wall s
TIDE Iteration 32 took      0.00 usr cpu s       0.01 sys cpu s       0.00 wall s
INDE     ITERATION 33 :
TIDE purify_X took      0.00 usr cpu s       0.00 sys cpu s       0.00 wall s
TIDE truncate_matrix took      0.00 usr cpu s       0.00 sys cpu s       0.00 wall s
INDE Actual introduced error   0.000000e+00 : nnz before  5329 <-> 100.00 % , nnz after  5329 <-> 100.00 %
TIDE square took      0.00 usr cpu s       0.02 sys cpu s       0.00 wall s
INDE NNZ Xsq = 5329 <-> 100.00 %
TIDE Frobenius norm of X-X^2 took      0.00 usr cpu s       0.00 sys cpu s       0.00 wall s
TIDE Mixed norm of X-X^2 took      0.00 usr cpu s       0.00 sys cpu s       0.00 wall s
TIDE Trace of X-X^2 took      0.00 usr cpu s       0.00 sys cpu s       0.00 wall s
INDE ||X-X^2||_F = 8.492004e-09 , ||X-X^2||_mixed = 8.491345e-09
INDE trace(X-X^2) = 1.194586e-08
INDE trace(X) = 4.700000e+01
INDE Checking stopping criterion...   
INDE e_i =8.491345e-09, C*e_{i-1}^q = 3.190959e-08
INDE Order of convergence = 2.137974, stop = 0
TIDE stopping_criterion took      0.00 usr cpu s       0.00 sys cpu s       0.00 wall s
TIDE Iteration 33 took      0.00 usr cpu s       0.03 sys cpu s       0.00 wall s
INDE     ITERATION 34 :
TIDE purify_X took      0.00 usr cpu s       0.00 sys cpu s       0.00 wall s
TIDE truncate_matrix took      0.00 usr cpu s       0.00 sys cpu s       0.00 wall s
INDE Actual introduced error   0.000000e+00 : nnz before  5329 <-> 100.00 % , nnz after  5329 <-> 100.00 %
TIDE square took      0.00 usr cpu s       0.01 sys cpu s       0.00 wall s
INDE NNZ Xsq = 5329 <-> 100.00 %
TIDE Frobenius norm of X-X^2 took      0.00 usr cpu s       0.00 sys cpu s       0.00 wall s
TIDE Mixed norm of X-X^2 took      0.00 usr cpu s       0.00 sys cpu s       0.00 wall s
TIDE Trace of X-X^2 took      0.00 usr cpu s       0.00 sys cpu s       0.00 wall s
INDE ||X-X^2||_F = 1.071116e-08 , ||X-X^2||_mixed = 1.071116e-08
INDE trace(X-X^2) = 1.071118e-08
INDE trace(X) = 4.700000e+01
INDE Checking stopping criterion...   
INDE e_i =1.071116e-08, C*e_{i-1}^q = 3.687954e-08
INDE Order of convergence = 2.129835, stop = 0
TIDE stopping_criterion took      0.00 usr cpu s       0.00 sys cpu s       0.00 wall s
TIDE Iteration 34 took      0.00 usr cpu s       0.01 sys cpu s       0.00 wall s
INDE     ITERATION 35 :
TIDE purify_X took      0.00 usr cpu s       0.00 sys cpu s       0.00 wall s
TIDE truncate_matrix took      0.00 usr cpu s       0.00 sys cpu s       0.00 wall s
INDE Actual introduced error   0.000000e+00 : nnz before  5329 <-> 100.00 % , nnz after  5329 <-> 100.00 %
TIDE square took      0.00 usr cpu s       0.00 sys cpu s       0.00 wall s
INDE NNZ Xsq = 5329 <-> 100.00 %
TIDE Frobenius norm of X-X^2 took      0.00 usr cpu s       0.00 sys cpu s       0.00 wall s
TIDE Mixed norm of X-X^2 took      0.00 usr cpu s       0.00 sys cpu s       0.00 wall s
TIDE Trace of X-X^2 took      0.00 usr cpu s       0.00 sys cpu s       0.00 wall s
INDE ||X-X^2||_F = 1.143113e-15 , ||X-X^2||_mixed = 0.000000e+00
INDE trace(X-X^2) = -7.105427e-15
INDE trace(X) = 4.700000e+01
INDE Checking stopping criterion...   
INDE ************************************************************************************************************
INDE The norm value went much below machine precision, therefore we stop here since n_max can be underestimated.
INDE ************************************************************************************************************
INDE e_i =0.000000e+00, C*e_{i-1}^q = 4.965874e-16
INDE Order of convergence = inf, stop = 1
TIDE stopping_criterion took      0.00 usr cpu s       0.00 sys cpu s       0.00 wall s
INDE PURIFICATION CONVERGED after 35 iterations
TIDE Iteration 35 took      0.00 usr cpu s       0.00 sys cpu s       0.00 wall s
INDE Number of non-zeros in D is  5329 <-> 100.00 %
TIDE FileWritable::writeAndReadAll took      0.00 usr cpu s       0.00 sys cpu s       0.00 wall s
INDE writeAndReadAll sizesStr: '0 MB (1 MatrixGeneral, 0 > 1 MB) + 0 MB (13 MatrixSymmetric, 0 > 1 MB) + 0 MB (2 VectorGeneral, 0 > 1 MB) = 0 MB (16 total, 0 > 1 MB)
INDE TOTAL X square time: 0.039882 wall s
INDE TOTAL X trunction time: 0.001797 wall s
INDE TOTAL X purify (exl. X^2 computation) time: 0.001782 wall s
INDE TOTAL time to get number of non-zero elements: 0.001312 wall s
INDE TOTAL time to get mixed norm: 0.023502 wall s
INDE TOTAL time to get Frobenius norm: 0.001349 wall s
INDE TOTAL time for stopping criterion: 0.001749 wall s
INDE TOTAL time to get matrix trace: 0.000696 wall s
INDE Estimated bounds for the eigenvalues for the Fock matrix:
INDE LUMO: [ 0.671762969790 , 0.672528261036 ]
INDE HOMO: [ 0.619796851067 , 0.621298348774 ]
TIDE eigenvalue_bounds_estimation() took      0.00 usr cpu s       0.00 sys cpu s       0.00 wall s
TIDE Recursive expansion took      0.17 usr cpu s       0.70 sys cpu s       0.12 wall s
TIDE Puri->PurificationStart() took      0.17 usr cpu s       0.70 sys cpu s       0.12 wall s
TIDE Accumulated wall times for writeToFile in PurificationStart()          : 0 s (MatrixGeneral) + 3.8e-06 s (MatrixSymmetric) + 3.4e-05 s (VectorGeneral) = 3.8e-05 s
TIDE Accumulated wall times for readFromFile in PurificationStart()         : 0 s (MatrixGeneral) + 1.9e-06 s (MatrixSymmetric) + 4.4e-05 s (VectorGeneral) = 4.6e-05 s
TIDE Accumulated wall times for copy and assign in PurificationStart()      : 9.5e-07 s (MatrixSymmetric) + 4.5e-05 s (VectorGeneral) = 4.6e-05 s
INDE Number of calls to writeToFile in PurificationStart()                  : 2 (MatrixGeneral) + 27 (MatrixSymmetric) + 376 (VectorGeneral) = 405 
INDE Number of calls to readFromFile in PurificationStart()                 : 2 (MatrixGeneral) + 26 (MatrixSymmetric) + 146 (VectorGeneral) = 174 
INDE Number of calls to FileWritable copy and assign in PurificationStart() : 2 (MatrixSymmetric) + 37 (VectorGeneral) = 39 
TIDE mat::Gblas::time after purification :     0.563269
INDE Created .m files with results of the purification
INDE Purification converged OK
INDE E(LUMO) - E(HOMO) >=          0.05046462102 =          1.37321230078 eV
INDE E(LUMO) - E(HOMO) <=          0.05273140997 =          1.43489477081 eV
INDE HOMO interval : [    0.619796851067    0.621298348774 ]
INDE LUMO interval : [    0.671762969790    0.672528261036 ]
INDE Trace of resulting density matrix is         47.00000000000, error is  -0.00000000000001.
INDE Truncated D_ort ( mixed ), selected threshold = 9.99999e-08, returned error =          0, nnz before = 5329 <-> 100.0000 %, nnz after = 5329 <-> 100.0000 %
TIDE FileWritable::writeAndReadAll took      0.00 usr cpu s       0.00 sys cpu s       0.00 wall s
INDE writeAndReadAll sizesStr: '0 MB (1 MatrixGeneral, 0 > 1 MB) + 0 MB (12 MatrixSymmetric, 0 > 1 MB) + 0 MB (1 MatrixTriangular, 0 > 1 MB) = 0 MB (14 total, 0 > 1 MB)
TIDE D_w to non-orthogonal basis took      0.00 usr cpu s       0.00 sys cpu s       0.00 wall s
INDE Truncated D_S (eucl with Z), selected threshold = 9.99999e-08, returned error =          0, nnz before = 100.0000 %, nnz after = 100.0000 %
INDE get_dens_from_fock_sparse ending OK
TIDE get_dens_from_fock_sparse took      0.22 usr cpu s       0.96 sys cpu s       0.17 wall s
ERDE get_dens_from_fock  (GetDensFromFock class) : purification finished OK.
TIDE get_dens_from_fock took      0.22 usr cpu s       0.96 sys cpu s       0.17 wall s
INSC Matrix 'new density matrix' ( symm ): n =     73, nnz =         5329 <-> 100.00 %, mem usage  0.0000 G
INSC Tr( D * S ) =         94.00000000000
TISC get_new_density_matrix took      0.22 usr cpu s       0.96 sys cpu s       0.17 wall s
INSC SCF_restricted::report_density_difference, diff_eucl =         11.38988773239
TISC SCF_restricted::report_density_difference took      0.01 usr cpu s       0.07 sys cpu s       0.01 wall s
INMA ddf_writeShellListAndDensityMatricesToFile_sparse, n =     73, densityMatrixList[0].nvalues =        2701
INMA opened temporary file 'density.bin.QFW7vw' for writing
INMA Choosing matrixStorageType = MATRIX_STORAGE_TYPE_TRIANGLE.
INMA fileSize =           46848 bytes =      0.047 MegaBytes
INMA renamed file 'density.bin.QFW7vw' to 'density.bin'
INMA ddf_writeShellListAndDensityMatricesToFile_sparse freeing buffer.
INMA ddf_writeShellListAndDensityMatricesToFile_sparse returning OK.
TISC write_density_to_file took      0.01 usr cpu s       0.04 sys cpu s       0.01 wall s
INSC SCF cycle   2 finished.
TISC SCF cycle   2 took      8.09 usr cpu s       1.75 sys cpu s       2.54 wall s
INSC Beginning of SCF cycle 3:  Thu Mar 26 20:00:02 2026
INDE compute_J_by_boxes_sparse() start.
TIDE FileWritable::writeAndReadAll took      0.00 usr cpu s       0.00 sys cpu s       0.00 wall s
INDE writeAndReadAll: '0 MB (1 MatrixGeneral, 0 > 1 MB) + 0 MB (11 MatrixSymmetric, 0 > 1 MB) = 0 MB (12 total, 0 > 1 MB)
IN   compute_J_by_boxes_sparse, maxDensityMatrixElement =          5.89998919222
ININ get_basis_func_pair_list, n =     73
ININ create_box_system end OK, toplevelBoxSize:   7.0, #levels:  3, #boxes at top level:      6
TIIN get_basis_func_pair_list_2el took      0.06 usr cpu s       0.18 sys cpu s       0.03 wall s
IN   compute_J_by_boxes_sparse: noOfBasisFuncIndexPairs = 2607 ==> storing  48.92 % of a full matrix
ININ entering compute_J_by_boxes_linear, no of basis funcs =    73, threshold_J =   1e-12
ININ use_fmm = 1, fmm_box_size =   5.00
TIIN Compute extent for all distrs took      0.05 usr cpu s       0.03 sys cpu s       0.05 wall s
ININ extent_min =    0.004, extent_max =    8.571
ININ Creating list of distributions etc done, distrCount =     36529
TIIN Creating list of distributions etc took      0.14 usr cpu s       0.28 sys cpu s       0.09 wall s
ININ create_box_system end OK, toplevelBoxSize:   5.0, #levels:  3, #boxes at top level:     10
TIIN Creating boxes took      0.00 usr cpu s       0.00 sys cpu s       0.00 wall s
ININ noOfBranches = 4, splitters:   5.00  2.50  0.00
ININ J org done, groupCount =     3064
TIIN J org took      0.12 usr cpu s       0.00 sys cpu s       0.12 wall s
TIIN Generate group multipoles took      0.07 usr cpu s       0.00 sys cpu s       0.07 wall s
ININ totChargeWholeSystem =          0.00000000000
ININ Generating multipole for each branch at top level, MAX_MULTIPOLE_DEGREE = 15
TIIN Translate multipoles (step 1) took      0.07 usr cpu s       0.00 sys cpu s       0.07 wall s
TIIN Translate multipoles (step 2) took      0.07 usr cpu s       0.00 sys cpu s       0.07 wall s
ININ job lists for J created OK, noOfJobs_J_standard =      774, noOfJobs_J_multipole =       92
TIIN Creating job lists for J took      0.00 usr cpu s       0.00 sys cpu s       0.00 wall s
ININ execute_joblist_J_std_threaded, noOfThreads =  8
ININ 8 threads started OK.
ININ all 8 threads have finished.
TIIN execute_joblist_J_std_threaded took      3.64 usr cpu s       0.00 sys cpu s       0.61 wall s
TIIN sort_list_of_multipole_jobs init part took      0.00 usr cpu s       0.00 sys cpu s       0.00 wall s
TIIN sort_list_of_multipole_jobs complete took      0.00 usr cpu s       0.00 sys cpu s       0.00 wall s
TIIN sort_list_of_multipole_jobs took      0.00 usr cpu s       0.00 sys cpu s       0.00 wall s
ININ execute_joblist_J_fmm_shared: Allocating multipoleList_4, maxnoOfMinimalDistrsPerBoxBranch =      7445
ININ execute_joblist_J_fmm_shared: jobIndexLo =           23, jobIndexHi =           34
ININ execute_joblist_J_fmm_shared: Allocating multipoleList_4, maxnoOfMinimalDistrsPerBoxBranch =      7445
ININ execute_joblist_J_fmm_shared: Allocating multipoleList_4, maxnoOfMinimalDistrsPerBoxBranch =      7445
ININ execute_joblist_J_fmm_shared: jobIndexLo =            0, jobIndexHi =           11
ININ execute_joblist_J_fmm_shared: jobIndexLo =           34, jobIndexHi =           46
ININ execute_joblist_J_fmm_shared: Allocating multipoleList_4, maxnoOfMinimalDistrsPerBoxBranch =      7445
ININ execute_joblist_J_fmm_shared: jobIndexLo =           11, jobIndexHi =           23
ININ execute_joblist_J_fmm_shared: Allocating multipoleList_4, maxnoOfMinimalDistrsPerBoxBranch =      7445
ININ execute_joblist_J_fmm_shared: jobIndexLo =           46, jobIndexHi =           57
ININ execute_joblist_J_fmm_shared: Allocating multipoleList_4, maxnoOfMinimalDistrsPerBoxBranch =      7445
ININ execute_joblist_J_fmm_shared: jobIndexLo =           57, jobIndexHi =           69
ININ execute_joblist_J_fmm_shared: Allocating multipoleList_4, maxnoOfMinimalDistrsPerBoxBranch =      7445
ININ execute_joblist_J_fmm_shared: jobIndexLo =           69, jobIndexHi =           80
ININ execute_joblist_J_fmm_shared: Allocating multipoleList_4, maxnoOfMinimalDistrsPerBoxBranch =      7445
ININ execute_joblist_J_fmm_shared: jobIndexLo =           80, jobIndexHi =           92
ININ execute_joblist_J_fmm_shared: done!
ININ execute_joblist_J_fmm_shared: done!
ININ execute_joblist_J_fmm_shared: done!
ININ execute_joblist_J_fmm_shared: done!
ININ execute_joblist_J_fmm_shared: done!
ININ execute_joblist_J_fmm_shared: done!
ININ execute_joblist_J_fmm_shared: done!
ININ execute_joblist_J_fmm_shared: done!
ININ multipole job list for J executed, largest L used: 12
TIIN Executing multipole job list for J took      0.05 usr cpu s       0.00 sys cpu s       0.03 wall s
ININ compute_J_by_boxes_linear ending OK.
TIIN compute_J_by_boxes_linear took      4.16 usr cpu s       0.29 sys cpu s       1.07 wall s
TI   compute_J_by_boxes_sparse total took      4.22 usr cpu s       0.47 sys cpu s       1.10 wall s
ININ entering create_CSR_for_K, no of basis funcs =    73, threshold_K =   1e-12
ININ create_box_system end OK, toplevelBoxSize:   7.0, #levels:  3, #boxes at top level:      6
ININ create_box_system end OK, toplevelBoxSize:   7.0, #levels:  3, #boxes at top level:      6
ININ create_box_system end OK, toplevelBoxSize:   7.0, #levels:  3, #boxes at top level:      6
TIIN create_CSR_for_K getting list of distrs took      0.04 usr cpu s       0.00 sys cpu s       0.04 wall s
ININ list of neighbors complete.
TIIN create_CSR_for_K getting list of neighbors took      0.00 usr cpu s       0.00 sys cpu s       0.00 wall s
TIIN create_CSR_for_K sort each list of neighbors took      0.00 usr cpu s       0.00 sys cpu s       0.00 wall s
ININ 8 threads started OK.
TIIN identify_needed_elements() took      0.71 usr cpu s       0.00 sys cpu s       0.10 wall s
ININ computing nnz..
ININ create_CSR_for_K: predicted nnz =         2701, <->  50.68% of a full matrix
TIIN create_CSR_for_K last part took      0.00 usr cpu s       0.00 sys cpu s       0.00 wall s
TIIN create_CSR_for_K total took      0.76 usr cpu s       0.00 sys cpu s       0.14 wall s
ININ entering compute_K_by_boxes, no of basis funcs =    73, threshold_K =   1e-12, exchange_box_size =   5.00
ININ create_box_system end OK, toplevelBoxSize:   7.0, #levels:  3, #boxes at top level:      6
ININ create_box_system end OK, toplevelBoxSize:   7.0, #levels:  3, #boxes at top level:      6
ININ create_box_system end OK, toplevelBoxSize:   7.0, #levels:  3, #boxes at top level:      6
TIIN Compute extent for all distrs took      0.05 usr cpu s       0.00 sys cpu s       0.05 wall s
ININ Creating list of distributions done, distrCountTot =     36529
TIIN Creating list of distributions took      0.08 usr cpu s       0.00 sys cpu s       0.08 wall s
ININ create_box_system end OK, toplevelBoxSize:   5.0, #levels:  3, #boxes at top level:     10
ININ create_box_system end OK, toplevelBoxSize:   2.5, #levels:  4, #boxes at top level:     16
ININ noOfLevelsBasisFuncs = 4, noOfLevelsDiff = 1
TIIN Creating boxes etc took      0.00 usr cpu s       0.00 sys cpu s       0.00 wall s
TIIN getting multipoleNormVectorList took      0.07 usr cpu s       0.00 sys cpu s       0.07 wall s
TIIN K organize_distributions for all boxes took      0.12 usr cpu s       0.00 sys cpu s       0.12 wall s
ININ starting loop to setup basisFuncGroupInfoList, with added index checks.
TIIN GetLimitsAllLevels took      0.03 usr cpu s       0.00 sys cpu s       0.03 wall s
ININ getDmatLimitMatrixCSRList start.
TIIN getting densityMatrixLimitMatrixList took      0.00 usr cpu s       0.00 sys cpu s       0.00 wall s
ININ job list for K created,       55 jobs
TIIN creating job list for K took      0.00 usr cpu s       0.00 sys cpu s       0.00 wall s
ININ execute_joblist_K_threaded, noOfThreads =  8, basisFuncListCount_max =    67
ININ 8 threads started OK.
ININ all 8 threads have finished, took        1 wall s.
TIIN Executing job list for K took      2.75 usr cpu s       0.00 sys cpu s       0.62 wall s
TIIN compute_K_by_boxes took      3.05 usr cpu s       0.00 sys cpu s       0.92 wall s
TI   compute_K_by_boxes_sparse total took      3.81 usr cpu s       0.01 sys cpu s       1.06 wall s
INSC About to truncate FockMatrix, gap of Fprev >=          0.05046462102
TISC symmMatrix::mixed_diff for F vs Fprev maxEigValMovement_mixed took      0.00 usr cpu s       0.00 sys cpu s       0.00 wall s
TISC symmMatrix::eucl_diff for maxEigValMovement_eucl  took      0.03 usr cpu s       0.15 sys cpu s       0.04 wall s
INSC maxEigValMovement_frob  =         52.01200917907
INSC maxEigValMovement_mixed =         43.35439128067
INSC maxEigValMovement_eucl  =         17.49394212182
TISC FockMatrix.eucl_thresh() (with Z) took      0.01 usr cpu s       0.02 sys cpu s       0.01 wall s
INSC Truncated FockMatrix (eucl with Z), selected threshold =      5e-09, returned error =          0, nnz before = 100.0000 %, nnz after = 100.0000 %
INSC Matrix 'S' ( symm ): n =     73, nnz =         5329 <-> 100.00 %, mem usage  0.0000 G
INSC Matrix 'F' ( symm ): n =     73, nnz =         5329 <-> 100.00 %, mem usage  0.0000 G
INSC Matrix 'D' ( symm ): n =     73, nnz =         5329 <-> 100.00 %, mem usage  0.0000 G
INSC nuclearEnergy, energy_2el, energy = 782.160484, 1063.301853, -524.051979
INSC Energy   3 =       -524.05197926169  ( diff     89.172881713744346 )
INSC calling compute_FDSminusSDF_sparse, n = 73
INDE compute_FDSminusSDF_sparse() start.
TIDE FileWritable::writeAndReadAll took      0.00 usr cpu s       0.00 sys cpu s       0.00 wall s
INDE writeAndReadAll: '0 MB (1 MatrixGeneral, 0 > 1 MB) + 0 MB (9 MatrixSymmetric, 0 > 1 MB) = 0 MB (10 total, 0 > 1 MB)
TISC compute_FDSminusSDF_sparse, F*D mult took      0.00 usr cpu s       0.01 sys cpu s       0.00 wall s
INSC Matrix 'FD before eucl truncation' (normal): n =     73, nnz =         5329 <-> 100.00 %, mem usage  0.0000 G
INSC Matrix 'FD after  eucl truncation' (normal): n =     73, nnz =         5329 <-> 100.00 %, mem usage  0.0000 G
INSC Matrix 'FDS before eucl truncation' (normal): n =     73, nnz =         5329 <-> 100.00 %, mem usage  0.0000 G
INSC Matrix 'FDS after  eucl truncation' (normal): n =     73, nnz =         5329 <-> 100.00 %, mem usage  0.0000 G
INSC compute_FDSminusSDF_sparse ending OK.
TISC compute_FDSminusSDF_sparse took      0.00 usr cpu s       0.02 sys cpu s       0.00 wall s
INSC Matrix 'FDS-SDF' (normal): n =     73, nnz =         5329 <-> 100.00 %, mem usage  0.0000 G
INSC SCF_restricted::get_FDSminusSDF finished.
TISC get_FDSminusSDF took      0.00 usr cpu s       0.02 sys cpu s       0.00 wall s
INSC maxabs FDS-SDF is     2.34
INSC frob   FDS-SDF is     8.86
TISC get_error_measure took      0.00 usr cpu s       0.00 sys cpu s       0.00 wall s
INSC restarting DIIS because energy did not improve.
INSC mixing best Fock matrix so far with next one, stepLength =   0.400000
TISC clear_error_matrices took      0.00 usr cpu s       0.00 sys cpu s       0.00 wall s
TISC save_current_fock_as_fprev took      0.00 usr cpu s       0.00 sys cpu s       0.00 wall s
INDE get_dens_from_fock_general, n = 73, use_diagonalization = 0, use_diag_on_error = 1
INDE Before writeAndReadAll(): AllocatorManager statistics:  noOfRealsPerBuffer: 1024 noOfBuffers: 20000 list.size(): 1. Allocated: 0.164 GB, Used: 0.000295 GB, Peak alloc: 0.164 GB.
TIDE FileWritable::writeAndReadAll took      0.00 usr cpu s       0.00 sys cpu s       0.00 wall s
INDE writeAndReadAll sizesStr: '0 MB (1 MatrixGeneral, 0 > 1 MB) + 0 MB (7 MatrixSymmetric, 0 > 1 MB) = 0 MB (8 total, 0 > 1 MB)
INDE After writeAndReadAll(): AllocatorManager statistics:  noOfRealsPerBuffer: 1024 noOfBuffers: 20000 list.size(): 1. Allocated: 0.164 GB, Used: 0.000295 GB, Peak alloc: 0.164 GB.
INDE calling get_dens_from_fock_sparse, n =     73, subspaceErrorLimit = 1e-06
INDE get_dens_from_fock_sparse() start!
INDE After F.readFromFile(): AllocatorManager statistics:  noOfRealsPerBuffer: 1024 noOfBuffers: 20000 list.size(): 1. Allocated: 0.164 GB, Used: 0.000295 GB, Peak alloc: 0.164 GB.
INDE After creating wrapper MatrixType F_w(F): AllocatorManager statistics:  noOfRealsPerBuffer: 1024 noOfBuffers: 20000 list.size(): 1. Allocated: 0.164 GB, Used: 0.000319 GB, Peak alloc: 0.164 GB.
TIDE  F_w to orthogonal basis took      0.00 usr cpu s       0.01 sys cpu s       0.00 wall s
TIDE MatrixType::mixed_diff for maxEigValMovement_mixed took      0.00 usr cpu s       0.01 sys cpu s       0.00 wall s
TIDE symmMatrixWrap::eucl_diff for maxEigValMovement_eucl  took      0.09 usr cpu s       0.37 sys cpu s       0.08 wall s
INDE maxEigValMovement_frob  =         11.51872927577
INDE maxEigValMovement_mixed =          8.55415505749
INDE maxEigValMovement_eucl  =          3.03339279884
INDE lumo before truncation: [ -2.361629829054 , 3.705921059879 ]
INDE homo before truncation: [ -2.413595947776 , 3.654691147618 ]
INDE Truncate matrix F and update intervals for homo and lumo.
INDE Truncating F_ort ( mixed ), selected threshold =      5e-09
INDE Truncated F_ort ( mixed ), selected threshold =      5e-09, returned error =          0, nnz before = 100.0000 %, nnz after = 100.0000 %
TIDE Truncation of F_ort took      0.00 usr cpu s       0.00 sys cpu s       0.00 wall s
INDE Chosen Ergo Wrapper
INDE Creating purification object: N = 73 , nocc = 47 , NNZ = 5329  <-> 100.00000 %
INDE Chosen norm for the truncation: 
INDE mixed
INDE Chosen norm for the stopping criterion: 
INDE mixed
INDE Chosen the NEW stopping criterion.
INDE Allowed error in subspace 7.000000e-07
INDE Chosen SP2 purification method
INDE calling Puri->PurificationStart(), number of threads = 1, trunc norm 'mixed'
TIDE gershgorin took      0.00 usr cpu s       0.00 sys cpu s       0.00 wall s
INDE Gershgorin bounds: [ -24.922511215235 , 5.374197085232 ]
INDE EXPANDED Gershgorin bounds: [ -24.922511230136 , 5.374197100133 ]
INDE Trying to impove bounds using Lanczos algorithm...
TIDE compute_spectrum_bounds took      0.06 usr cpu s       0.18 sys cpu s       0.04 wall s
INDE Spectrum of F: 	 [ -20.823093056105 , 1.205380809017 ]
INDE Transform homo and lumo bounds...
INDE Bounds for homo and lumo of F are overlapping.
INDE HOMO bounds of X: 	 [ 0.000000000000 , 0.164286313203 ]
INDE LUMO bounds of X: 	 [ -0.000000000000 , 0.161927270128 ]
INDE ESTIMATED NUMBER OF ITERATIONS IS 100
INDE Put eigenvalues of F to the interval [0,1] in reverse order.
TIDE compute_X() took      0.00 usr cpu s       0.00 sys cpu s       0.00 wall s
TIDE prepare_to_purification() took      0.06 usr cpu s       0.18 sys cpu s       0.04 wall s
INDE (EIGV,PARAMS) Requested 0 occipied eigenpair(s).
INDE (EIGV,PARAMS) Requested 0 unoccipied eigenpair(s).
TIDE prepare_to_purification_eigenvectors() took      0.00 usr cpu s       0.00 sys cpu s       0.00 wall s
INDE Starting recursive expansion
INDE     BEFORE ITERATIONS:
TIDE truncate_matrix took      0.00 usr cpu s       0.00 sys cpu s       0.00 wall s
INDE Actual introduced error   0.000000e+00 : nnz before  5329 <-> 100.00 % , nnz after  5329 <-> 100.00 %
TIDE square took      0.00 usr cpu s       0.00 sys cpu s       0.00 wall s
INDE NNZ Xsq = 5329 <-> 100.00 %
TIDE Frobenius norm of X-X^2 took      0.00 usr cpu s       0.00 sys cpu s       0.00 wall s
TIDE Mixed norm of X-X^2 took      0.00 usr cpu s       0.00 sys cpu s       0.00 wall s
TIDE Trace of X-X^2 took      0.00 usr cpu s       0.00 sys cpu s       0.00 wall s
INDE ||X-X^2||_F = 8.887231e-01 , ||X-X^2||_mixed = 6.629762e-01
INDE trace(X-X^2) = 5.693346e+00
INDE trace(X) = 1.292912e+01
TIDE Iteration 0 took      0.00 usr cpu s       0.01 sys cpu s       0.00 wall s
TIDE FileWritable::writeAndReadAll took      0.00 usr cpu s       0.00 sys cpu s       0.00 wall s
INDE writeAndReadAll sizesStr: '0 MB (1 MatrixGeneral, 0 > 1 MB) + 0 MB (13 MatrixSymmetric, 0 > 1 MB) + 0 MB (2 VectorGeneral, 0 > 1 MB) = 0 MB (16 total, 0 > 1 MB)
INDE     ITERATION 1 :
TIDE purify_X took      0.00 usr cpu s       0.00 sys cpu s       0.00 wall s
TIDE truncate_matrix took      0.00 usr cpu s       0.00 sys cpu s       0.00 wall s
INDE Actual introduced error   0.000000e+00 : nnz before  5329 <-> 100.00 % , nnz after  5329 <-> 100.00 %
TIDE square took      0.00 usr cpu s       0.00 sys cpu s       0.00 wall s
INDE NNZ Xsq = 5329 <-> 100.00 %
TIDE Frobenius norm of X-X^2 took      0.00 usr cpu s       0.00 sys cpu s       0.00 wall s
TIDE Mixed norm of X-X^2 took      0.00 usr cpu s       0.00 sys cpu s       0.00 wall s
TIDE Trace of X-X^2 took      0.00 usr cpu s       0.00 sys cpu s       0.00 wall s
INDE ||X-X^2||_F = 9.861004e-01 , ||X-X^2||_mixed = 7.411100e-01
INDE trace(X-X^2) = 7.505938e+00
INDE trace(X) = 1.862247e+01
TIDE Iteration 1 took      0.00 usr cpu s       0.00 sys cpu s       0.00 wall s
INDE     ITERATION 2 :
TIDE purify_X took      0.00 usr cpu s       0.00 sys cpu s       0.00 wall s
TIDE truncate_matrix took      0.00 usr cpu s       0.00 sys cpu s       0.00 wall s
INDE Actual introduced error   0.000000e+00 : nnz before  5329 <-> 100.00 % , nnz after  5329 <-> 100.00 %
TIDE square took      0.00 usr cpu s       0.00 sys cpu s       0.00 wall s
INDE NNZ Xsq = 5329 <-> 100.00 %
TIDE Frobenius norm of X-X^2 took      0.00 usr cpu s       0.00 sys cpu s       0.00 wall s
TIDE Mixed norm of X-X^2 took      0.00 usr cpu s       0.00 sys cpu s       0.00 wall s
TIDE Trace of X-X^2 took      0.00 usr cpu s       0.00 sys cpu s       0.00 wall s
INDE ||X-X^2||_F = 1.353063e+00 , ||X-X^2||_mixed = 1.017034e+00
INDE trace(X-X^2) = 9.998550e+00
INDE trace(X) = 2.612841e+01
INDE Checking stopping criterion...   
INDE Order of convergence cannot be computed
TIDE stopping_criterion took      0.00 usr cpu s       0.00 sys cpu s       0.00 wall s
TIDE Iteration 2 took      0.00 usr cpu s       0.01 sys cpu s       0.00 wall s
INDE     ITERATION 3 :
TIDE purify_X took      0.00 usr cpu s       0.00 sys cpu s       0.00 wall s
TIDE truncate_matrix took      0.00 usr cpu s       0.00 sys cpu s       0.00 wall s
INDE Actual introduced error   0.000000e+00 : nnz before  5329 <-> 100.00 % , nnz after  5329 <-> 100.00 %
TIDE square took      0.00 usr cpu s       0.00 sys cpu s       0.00 wall s
INDE NNZ Xsq = 5329 <-> 100.00 %
TIDE Frobenius norm of X-X^2 took      0.00 usr cpu s       0.00 sys cpu s       0.00 wall s
TIDE Mixed norm of X-X^2 took      0.00 usr cpu s       0.00 sys cpu s       0.00 wall s
TIDE Trace of X-X^2 took      0.00 usr cpu s       0.00 sys cpu s       0.00 wall s
INDE ||X-X^2||_F = 1.670994e+00 , ||X-X^2||_mixed = 1.217157e+00
INDE trace(X-X^2) = 1.241050e+01
INDE trace(X) = 3.612696e+01
INDE Checking stopping criterion...   
INDE Order of convergence cannot be computed
TIDE stopping_criterion took      0.00 usr cpu s       0.00 sys cpu s       0.00 wall s
TIDE Iteration 3 took      0.00 usr cpu s       0.01 sys cpu s       0.00 wall s
INDE     ITERATION 4 :
TIDE purify_X took      0.00 usr cpu s       0.00 sys cpu s       0.00 wall s
TIDE truncate_matrix took      0.00 usr cpu s       0.00 sys cpu s       0.00 wall s
INDE Actual introduced error   0.000000e+00 : nnz before  5329 <-> 100.00 % , nnz after  5329 <-> 100.00 %
TIDE square took      0.00 usr cpu s       0.00 sys cpu s       0.00 wall s
INDE NNZ Xsq = 5329 <-> 100.00 %
TIDE Frobenius norm of X-X^2 took      0.00 usr cpu s       0.00 sys cpu s       0.00 wall s
TIDE Mixed norm of X-X^2 took      0.00 usr cpu s       0.01 sys cpu s       0.00 wall s
TIDE Trace of X-X^2 took      0.00 usr cpu s       0.00 sys cpu s       0.00 wall s
INDE ||X-X^2||_F = 1.519037e+00 , ||X-X^2||_mixed = 1.107066e+00
INDE trace(X-X^2) = 1.132400e+01
INDE trace(X) = 4.853746e+01
INDE Checking stopping criterion...   
INDE Order of convergence cannot be computed
TIDE stopping_criterion took      0.00 usr cpu s       0.00 sys cpu s       0.00 wall s
TIDE Iteration 4 took      0.00 usr cpu s       0.01 sys cpu s       0.00 wall s
INDE     ITERATION 5 :
TIDE purify_X took      0.00 usr cpu s       0.00 sys cpu s       0.00 wall s
TIDE truncate_matrix took      0.00 usr cpu s       0.00 sys cpu s       0.00 wall s
INDE Actual introduced error   0.000000e+00 : nnz before  5329 <-> 100.00 % , nnz after  5329 <-> 100.00 %
TIDE square took      0.00 usr cpu s       0.00 sys cpu s       0.00 wall s
INDE NNZ Xsq = 5329 <-> 100.00 %
TIDE Frobenius norm of X-X^2 took      0.00 usr cpu s       0.00 sys cpu s       0.00 wall s
TIDE Mixed norm of X-X^2 took      0.00 usr cpu s       0.00 sys cpu s       0.00 wall s
TIDE Trace of X-X^2 took      0.00 usr cpu s       0.00 sys cpu s       0.00 wall s
INDE ||X-X^2||_F = 1.558681e+00 , ||X-X^2||_mixed = 1.163078e+00
INDE trace(X-X^2) = 1.119294e+01
INDE trace(X) = 3.721346e+01
INDE Checking stopping criterion...   
INDE Order of convergence cannot be computed
TIDE stopping_criterion took      0.00 usr cpu s       0.00 sys cpu s       0.00 wall s
TIDE Iteration 5 took      0.00 usr cpu s       0.01 sys cpu s       0.00 wall s
INDE     ITERATION 6 :
TIDE purify_X took      0.00 usr cpu s       0.00 sys cpu s       0.00 wall s
TIDE truncate_matrix took      0.00 usr cpu s       0.00 sys cpu s       0.00 wall s
INDE Actual introduced error   0.000000e+00 : nnz before  5329 <-> 100.00 % , nnz after  5329 <-> 100.00 %
TIDE square took      0.00 usr cpu s       0.00 sys cpu s       0.00 wall s
INDE NNZ Xsq = 5329 <-> 100.00 %
TIDE Frobenius norm of X-X^2 took      0.00 usr cpu s       0.00 sys cpu s       0.00 wall s
TIDE Mixed norm of X-X^2 took      0.00 usr cpu s       0.00 sys cpu s       0.00 wall s
TIDE Trace of X-X^2 took      0.00 usr cpu s       0.00 sys cpu s       0.00 wall s
INDE ||X-X^2||_F = 1.325925e+00 , ||X-X^2||_mixed = 1.014391e+00
INDE trace(X-X^2) = 9.325610e+00
INDE trace(X) = 4.840640e+01
INDE Checking stopping criterion...   
INDE Order of convergence cannot be computed
TIDE stopping_criterion took      0.00 usr cpu s       0.00 sys cpu s       0.00 wall s
TIDE Iteration 6 took      0.00 usr cpu s       0.01 sys cpu s       0.00 wall s
INDE     ITERATION 7 :
TIDE purify_X took      0.00 usr cpu s       0.00 sys cpu s       0.00 wall s
TIDE truncate_matrix took      0.00 usr cpu s       0.00 sys cpu s       0.00 wall s
INDE Actual introduced error   0.000000e+00 : nnz before  5329 <-> 100.00 % , nnz after  5329 <-> 100.00 %
TIDE square took      0.00 usr cpu s       0.00 sys cpu s       0.00 wall s
INDE NNZ Xsq = 5329 <-> 100.00 %
TIDE Frobenius norm of X-X^2 took      0.00 usr cpu s       0.00 sys cpu s       0.00 wall s
TIDE Mixed norm of X-X^2 took      0.00 usr cpu s       0.00 sys cpu s       0.00 wall s
TIDE Trace of X-X^2 took      0.00 usr cpu s       0.00 sys cpu s       0.00 wall s
INDE ||X-X^2||_F = 1.380225e+00 , ||X-X^2||_mixed = 1.056615e+00
INDE trace(X-X^2) = 9.384231e+00
INDE trace(X) = 3.908079e+01
INDE Checking stopping criterion...   
INDE Order of convergence cannot be computed
TIDE stopping_criterion took      0.00 usr cpu s       0.00 sys cpu s       0.00 wall s
TIDE Iteration 7 took      0.00 usr cpu s       0.01 sys cpu s       0.00 wall s
INDE     ITERATION 8 :
TIDE purify_X took      0.00 usr cpu s       0.00 sys cpu s       0.00 wall s
TIDE truncate_matrix took      0.00 usr cpu s       0.00 sys cpu s       0.00 wall s
INDE Actual introduced error   0.000000e+00 : nnz before  5329 <-> 100.00 % , nnz after  5329 <-> 100.00 %
TIDE square took      0.00 usr cpu s       0.00 sys cpu s       0.00 wall s
INDE NNZ Xsq = 5329 <-> 100.00 %
TIDE Frobenius norm of X-X^2 took      0.00 usr cpu s       0.00 sys cpu s       0.00 wall s
TIDE Mixed norm of X-X^2 took      0.00 usr cpu s       0.00 sys cpu s       0.00 wall s
TIDE Trace of X-X^2 took      0.00 usr cpu s       0.00 sys cpu s       0.00 wall s
INDE ||X-X^2||_F = 1.104943e+00 , ||X-X^2||_mixed = 8.853651e-01
INDE trace(X-X^2) = 7.004166e+00
INDE trace(X) = 4.846503e+01
INDE Checking stopping criterion...   
INDE Order of convergence cannot be computed
TIDE stopping_criterion took      0.00 usr cpu s       0.00 sys cpu s       0.00 wall s
TIDE Iteration 8 took      0.00 usr cpu s       0.01 sys cpu s       0.00 wall s
INDE     ITERATION 9 :
TIDE purify_X took      0.00 usr cpu s       0.00 sys cpu s       0.00 wall s
TIDE truncate_matrix took      0.00 usr cpu s       0.00 sys cpu s       0.00 wall s
INDE Actual introduced error   0.000000e+00 : nnz before  5329 <-> 100.00 % , nnz after  5329 <-> 100.00 %
TIDE square took      0.00 usr cpu s       0.00 sys cpu s       0.00 wall s
INDE NNZ Xsq = 5329 <-> 100.00 %
TIDE Frobenius norm of X-X^2 took      0.00 usr cpu s       0.00 sys cpu s       0.00 wall s
TIDE Mixed norm of X-X^2 took      0.00 usr cpu s       0.00 sys cpu s       0.00 wall s
TIDE Trace of X-X^2 took      0.00 usr cpu s       0.00 sys cpu s       0.00 wall s
INDE ||X-X^2||_F = 1.162179e+00 , ||X-X^2||_mixed = 9.128762e-01
INDE trace(X-X^2) = 7.098469e+00
INDE trace(X) = 4.146086e+01
INDE Checking stopping criterion...   
INDE Order of convergence cannot be computed
TIDE stopping_criterion took      0.00 usr cpu s       0.00 sys cpu s       0.00 wall s
TIDE Iteration 9 took      0.00 usr cpu s       0.01 sys cpu s       0.00 wall s
INDE     ITERATION 10 :
TIDE purify_X took      0.00 usr cpu s       0.00 sys cpu s       0.00 wall s
TIDE truncate_matrix took      0.00 usr cpu s       0.00 sys cpu s       0.00 wall s
INDE Actual introduced error   0.000000e+00 : nnz before  5329 <-> 100.00 % , nnz after  5329 <-> 100.00 %
TIDE square took      0.00 usr cpu s       0.00 sys cpu s       0.00 wall s
INDE NNZ Xsq = 5329 <-> 100.00 %
TIDE Frobenius norm of X-X^2 took      0.00 usr cpu s       0.00 sys cpu s       0.00 wall s
TIDE Mixed norm of X-X^2 took      0.00 usr cpu s       0.00 sys cpu s       0.00 wall s
TIDE Trace of X-X^2 took      0.00 usr cpu s       0.00 sys cpu s       0.00 wall s
INDE ||X-X^2||_F = 8.828444e-01 , ||X-X^2||_mixed = 7.428251e-01
INDE trace(X-X^2) = 4.794681e+00
INDE trace(X) = 4.855933e+01
INDE Checking stopping criterion...   
INDE e_i =7.428251e-01, C*e_{i-1}^q = 5.398679e+00
INDE Order of convergence = 18.290465, stop = 0
TIDE stopping_criterion took      0.00 usr cpu s       0.00 sys cpu s       0.00 wall s
TIDE Iteration 10 took      0.00 usr cpu s       0.01 sys cpu s       0.00 wall s
INDE     ITERATION 11 :
TIDE purify_X took      0.00 usr cpu s       0.00 sys cpu s       0.00 wall s
TIDE truncate_matrix took      0.00 usr cpu s       0.00 sys cpu s       0.00 wall s
INDE Actual introduced error   0.000000e+00 : nnz before  5329 <-> 100.00 % , nnz after  5329 <-> 100.00 %
TIDE square took      0.00 usr cpu s       0.00 sys cpu s       0.00 wall s
INDE NNZ Xsq = 5329 <-> 100.00 %
TIDE Frobenius norm of X-X^2 took      0.00 usr cpu s       0.00 sys cpu s       0.00 wall s
TIDE Mixed norm of X-X^2 took      0.00 usr cpu s       0.00 sys cpu s       0.00 wall s
TIDE Trace of X-X^2 took      0.00 usr cpu s       0.00 sys cpu s       0.00 wall s
INDE ||X-X^2||_F = 9.402587e-01 , ||X-X^2||_mixed = 7.574908e-01
INDE trace(X-X^2) = 4.901942e+00
INDE trace(X) = 4.376465e+01
INDE Checking stopping criterion...   
INDE e_i =7.574908e-01, C*e_{i-1}^q = 5.739400e+00
INDE Order of convergence = 24.215991, stop = 0
TIDE stopping_criterion took      0.00 usr cpu s       0.00 sys cpu s       0.00 wall s
TIDE Iteration 11 took      0.00 usr cpu s       0.01 sys cpu s       0.00 wall s
INDE     ITERATION 12 :
TIDE purify_X took      0.00 usr cpu s       0.00 sys cpu s       0.00 wall s
TIDE truncate_matrix took      0.00 usr cpu s       0.00 sys cpu s       0.00 wall s
INDE Actual introduced error   0.000000e+00 : nnz before  5329 <-> 100.00 % , nnz after  5329 <-> 100.00 %
TIDE square took      0.00 usr cpu s       0.00 sys cpu s       0.00 wall s
INDE NNZ Xsq = 5329 <-> 100.00 %
TIDE Frobenius norm of X-X^2 took      0.00 usr cpu s       0.00 sys cpu s       0.00 wall s
TIDE Mixed norm of X-X^2 took      0.00 usr cpu s       0.00 sys cpu s       0.00 wall s
TIDE Trace of X-X^2 took      0.00 usr cpu s       0.00 sys cpu s       0.00 wall s
INDE ||X-X^2||_F = 6.882572e-01 , ||X-X^2||_mixed = 6.072457e-01
INDE trace(X-X^2) = 3.040470e+00
INDE trace(X) = 4.866659e+01
INDE Checking stopping criterion...   
INDE e_i =6.072457e-01, C*e_{i-1}^q = 3.800283e+00
INDE Order of convergence = 8.168619, stop = 0
TIDE stopping_criterion took      0.00 usr cpu s       0.00 sys cpu s       0.00 wall s
TIDE Iteration 12 took      0.00 usr cpu s       0.01 sys cpu s       0.00 wall s
INDE     ITERATION 13 :
TIDE purify_X took      0.00 usr cpu s       0.00 sys cpu s       0.00 wall s
TIDE truncate_matrix took      0.00 usr cpu s       0.00 sys cpu s       0.00 wall s
INDE Actual introduced error   0.000000e+00 : nnz before  5329 <-> 100.00 % , nnz after  5329 <-> 100.00 %
TIDE square took      0.00 usr cpu s       0.00 sys cpu s       0.00 wall s
INDE NNZ Xsq = 5329 <-> 100.00 %
TIDE Frobenius norm of X-X^2 took      0.00 usr cpu s       0.00 sys cpu s       0.00 wall s
TIDE Mixed norm of X-X^2 took      0.00 usr cpu s       0.00 sys cpu s       0.00 wall s
TIDE Trace of X-X^2 took      0.00 usr cpu s       0.00 sys cpu s       0.00 wall s
INDE ||X-X^2||_F = 7.248675e-01 , ||X-X^2||_mixed = 6.075091e-01
INDE trace(X-X^2) = 3.127290e+00
INDE trace(X) = 4.562612e+01
INDE Checking stopping criterion...   
INDE e_i =6.075091e-01, C*e_{i-1}^q = 3.951823e+00
INDE Order of convergence = 8.742058, stop = 0
TIDE stopping_criterion took      0.00 usr cpu s       0.00 sys cpu s       0.00 wall s
TIDE Iteration 13 took      0.00 usr cpu s       0.01 sys cpu s       0.00 wall s
INDE     ITERATION 14 :
TIDE purify_X took      0.00 usr cpu s       0.00 sys cpu s       0.00 wall s
TIDE truncate_matrix took      0.00 usr cpu s       0.00 sys cpu s       0.00 wall s
INDE Actual introduced error   0.000000e+00 : nnz before  5329 <-> 100.00 % , nnz after  5329 <-> 100.00 %
TIDE square took      0.00 usr cpu s       0.00 sys cpu s       0.00 wall s
INDE NNZ Xsq = 5329 <-> 100.00 %
TIDE Frobenius norm of X-X^2 took      0.00 usr cpu s       0.00 sys cpu s       0.00 wall s
TIDE Mixed norm of X-X^2 took      0.00 usr cpu s       0.00 sys cpu s       0.00 wall s
TIDE Trace of X-X^2 took      0.00 usr cpu s       0.00 sys cpu s       0.00 wall s
INDE ||X-X^2||_F = 5.209906e-01 , ||X-X^2||_mixed = 4.773963e-01
INDE trace(X-X^2) = 1.821500e+00
INDE trace(X) = 4.875341e+01
INDE Checking stopping criterion...   
INDE e_i =4.773963e-01, C*e_{i-1}^q = 2.539637e+00
INDE Order of convergence = 5.350755, stop = 0
TIDE stopping_criterion took      0.00 usr cpu s       0.00 sys cpu s       0.00 wall s
TIDE Iteration 14 took      0.00 usr cpu s       0.01 sys cpu s       0.00 wall s
INDE     ITERATION 15 :
TIDE purify_X took      0.00 usr cpu s       0.00 sys cpu s       0.00 wall s
TIDE truncate_matrix took      0.00 usr cpu s       0.00 sys cpu s       0.00 wall s
INDE Actual introduced error   0.000000e+00 : nnz before  5329 <-> 100.00 % , nnz after  5329 <-> 100.00 %
TIDE square took      0.00 usr cpu s       0.00 sys cpu s       0.00 wall s
INDE NNZ Xsq = 5329 <-> 100.00 %
TIDE Frobenius norm of X-X^2 took      0.00 usr cpu s       0.00 sys cpu s       0.00 wall s
TIDE Mixed norm of X-X^2 took      0.00 usr cpu s       0.00 sys cpu s       0.00 wall s
TIDE Trace of X-X^2 took      0.00 usr cpu s       0.00 sys cpu s       0.00 wall s
INDE ||X-X^2||_F = 5.394387e-01 , ||X-X^2||_mixed = 4.797456e-01
INDE trace(X-X^2) = 1.823027e+00
INDE trace(X) = 4.693191e+01
INDE Checking stopping criterion...   
INDE e_i =4.797456e-01, C*e_{i-1}^q = 2.541840e+00
INDE Order of convergence = 5.345561, stop = 0
TIDE stopping_criterion took      0.00 usr cpu s       0.00 sys cpu s       0.00 wall s
TIDE Iteration 15 took      0.00 usr cpu s       0.01 sys cpu s       0.00 wall s
INDE     ITERATION 16 :
TIDE purify_X took      0.00 usr cpu s       0.00 sys cpu s       0.00 wall s
TIDE truncate_matrix took      0.00 usr cpu s       0.00 sys cpu s       0.00 wall s
INDE Actual introduced error   0.000000e+00 : nnz before  5329 <-> 100.00 % , nnz after  5329 <-> 100.00 %
TIDE square took      0.00 usr cpu s       0.00 sys cpu s       0.00 wall s
INDE NNZ Xsq = 5329 <-> 100.00 %
TIDE Frobenius norm of X-X^2 took      0.00 usr cpu s       0.00 sys cpu s       0.00 wall s
TIDE Mixed norm of X-X^2 took      0.00 usr cpu s       0.00 sys cpu s       0.00 wall s
TIDE Trace of X-X^2 took      0.00 usr cpu s       0.00 sys cpu s       0.00 wall s
INDE ||X-X^2||_F = 3.878589e-01 , ||X-X^2||_mixed = 3.679224e-01
INDE trace(X-X^2) = 1.029501e+00
INDE trace(X) = 4.875494e+01
INDE Checking stopping criterion...   
INDE e_i =3.679224e-01, C*e_{i-1}^q = 1.569642e+00
INDE Order of convergence = 3.962016, stop = 0
TIDE stopping_criterion took      0.00 usr cpu s       0.00 sys cpu s       0.00 wall s
TIDE Iteration 16 took      0.00 usr cpu s       0.01 sys cpu s       0.00 wall s
INDE     ITERATION 17 :
TIDE purify_X took      0.00 usr cpu s       0.00 sys cpu s       0.00 wall s
TIDE truncate_matrix took      0.00 usr cpu s       0.00 sys cpu s       0.00 wall s
INDE Actual introduced error   0.000000e+00 : nnz before  5329 <-> 100.00 % , nnz after  5329 <-> 100.00 %
TIDE square took      0.00 usr cpu s       0.00 sys cpu s       0.00 wall s
INDE NNZ Xsq = 5329 <-> 100.00 %
TIDE Frobenius norm of X-X^2 took      0.00 usr cpu s       0.00 sys cpu s       0.00 wall s
TIDE Mixed norm of X-X^2 took      0.00 usr cpu s       0.00 sys cpu s       0.00 wall s
TIDE Trace of X-X^2 took      0.00 usr cpu s       0.00 sys cpu s       0.00 wall s
INDE ||X-X^2||_F = 4.076627e-01 , ||X-X^2||_mixed = 3.801059e-01
INDE trace(X-X^2) = 1.009172e+00
INDE trace(X) = 4.772544e+01
INDE Checking stopping criterion...   
INDE e_i =3.801059e-01, C*e_{i-1}^q = 1.585129e+00
INDE Order of convergence = 3.944143, stop = 0
TIDE stopping_criterion took      0.00 usr cpu s       0.00 sys cpu s       0.00 wall s
TIDE Iteration 17 took      0.00 usr cpu s       0.01 sys cpu s       0.00 wall s
INDE     ITERATION 18 :
TIDE purify_X took      0.00 usr cpu s       0.00 sys cpu s       0.00 wall s
TIDE truncate_matrix took      0.00 usr cpu s       0.00 sys cpu s       0.00 wall s
INDE Actual introduced error   0.000000e+00 : nnz before  5329 <-> 100.00 % , nnz after  5329 <-> 100.00 %
TIDE square took      0.00 usr cpu s       0.00 sys cpu s       0.00 wall s
INDE NNZ Xsq = 5329 <-> 100.00 %
TIDE Frobenius norm of X-X^2 took      0.00 usr cpu s       0.00 sys cpu s       0.00 wall s
TIDE Mixed norm of X-X^2 took      0.00 usr cpu s       0.00 sys cpu s       0.00 wall s
TIDE Trace of X-X^2 took      0.00 usr cpu s       0.00 sys cpu s       0.00 wall s
INDE ||X-X^2||_F = 4.305088e-01 , ||X-X^2||_mixed = 3.927527e-01
INDE trace(X-X^2) = 1.114899e+00
INDE trace(X) = 4.671626e+01
INDE Checking stopping criterion...   
INDE Order of convergence cannot be computed
TIDE stopping_criterion took      0.00 usr cpu s       0.00 sys cpu s       0.00 wall s
TIDE Iteration 18 took      0.00 usr cpu s       0.01 sys cpu s       0.00 wall s
INDE     ITERATION 19 :
TIDE purify_X took      0.00 usr cpu s       0.00 sys cpu s       0.00 wall s
TIDE truncate_matrix took      0.00 usr cpu s       0.00 sys cpu s       0.00 wall s
INDE Actual introduced error   0.000000e+00 : nnz before  5329 <-> 100.00 % , nnz after  5329 <-> 100.00 %
TIDE square took      0.00 usr cpu s       0.00 sys cpu s       0.00 wall s
INDE NNZ Xsq = 5329 <-> 100.00 %
TIDE Frobenius norm of X-X^2 took      0.00 usr cpu s       0.00 sys cpu s       0.00 wall s
TIDE Mixed norm of X-X^2 took      0.00 usr cpu s       0.00 sys cpu s       0.00 wall s
TIDE Trace of X-X^2 took      0.00 usr cpu s       0.00 sys cpu s       0.00 wall s
INDE ||X-X^2||_F = 3.608050e-01 , ||X-X^2||_mixed = 3.410640e-01
INDE trace(X-X^2) = 6.716121e-01
INDE trace(X) = 4.783116e+01
INDE Checking stopping criterion...   
INDE e_i =3.410640e-01, C*e_{i-1}^q = 9.950659e-01
INDE Order of convergence = 3.106929, stop = 0
TIDE stopping_criterion took      0.00 usr cpu s       0.00 sys cpu s       0.00 wall s
TIDE Iteration 19 took      0.00 usr cpu s       0.01 sys cpu s       0.00 wall s
INDE     ITERATION 20 :
TIDE purify_X took      0.00 usr cpu s       0.00 sys cpu s       0.00 wall s
TIDE truncate_matrix took      0.00 usr cpu s       0.00 sys cpu s       0.00 wall s
INDE Actual introduced error   0.000000e+00 : nnz before  5329 <-> 100.00 % , nnz after  5329 <-> 100.00 %
TIDE square took      0.00 usr cpu s       0.00 sys cpu s       0.00 wall s
INDE NNZ Xsq = 5329 <-> 100.00 %
TIDE Frobenius norm of X-X^2 took      0.00 usr cpu s       0.00 sys cpu s       0.00 wall s
TIDE Mixed norm of X-X^2 took      0.00 usr cpu s       0.00 sys cpu s       0.00 wall s
TIDE Trace of X-X^2 took      0.00 usr cpu s       0.00 sys cpu s       0.00 wall s
INDE ||X-X^2||_F = 3.252013e-01 , ||X-X^2||_mixed = 3.034688e-01
INDE trace(X-X^2) = 6.706873e-01
INDE trace(X) = 4.715955e+01
INDE Checking stopping criterion...   
INDE e_i =3.034688e-01, C*e_{i-1}^q = 1.062383e+00
INDE Order of convergence = 3.340706, stop = 0
TIDE stopping_criterion took      0.00 usr cpu s       0.00 sys cpu s       0.00 wall s
TIDE Iteration 20 took      0.00 usr cpu s       0.01 sys cpu s       0.00 wall s
INDE     ITERATION 21 :
TIDE purify_X took      0.00 usr cpu s       0.00 sys cpu s       0.00 wall s
TIDE truncate_matrix took      0.00 usr cpu s       0.00 sys cpu s       0.00 wall s
INDE Actual introduced error   0.000000e+00 : nnz before  5329 <-> 100.00 % , nnz after  5329 <-> 100.00 %
TIDE square took      0.00 usr cpu s       0.01 sys cpu s       0.00 wall s
INDE NNZ Xsq = 5329 <-> 100.00 %
TIDE Frobenius norm of X-X^2 took      0.00 usr cpu s       0.00 sys cpu s       0.00 wall s
TIDE Mixed norm of X-X^2 took      0.00 usr cpu s       0.00 sys cpu s       0.00 wall s
TIDE Trace of X-X^2 took      0.00 usr cpu s       0.00 sys cpu s       0.00 wall s
INDE ||X-X^2||_F = 3.068766e-01 , ||X-X^2||_mixed = 2.989544e-01
INDE trace(X-X^2) = 6.167673e-01
INDE trace(X) = 4.648886e+01
INDE Checking stopping criterion...   
INDE Order of convergence cannot be computed
TIDE stopping_criterion took      0.00 usr cpu s       0.00 sys cpu s       0.00 wall s
TIDE Iteration 21 took      0.00 usr cpu s       0.01 sys cpu s       0.00 wall s
INDE     ITERATION 22 :
TIDE purify_X took      0.00 usr cpu s       0.00 sys cpu s       0.00 wall s
TIDE truncate_matrix took      0.00 usr cpu s       0.00 sys cpu s       0.00 wall s
INDE Actual introduced error   0.000000e+00 : nnz before  5329 <-> 100.00 % , nnz after  5329 <-> 100.00 %
TIDE square took      0.00 usr cpu s       0.00 sys cpu s       0.00 wall s
INDE NNZ Xsq = 5329 <-> 100.00 %
TIDE Frobenius norm of X-X^2 took      0.00 usr cpu s       0.00 sys cpu s       0.00 wall s
TIDE Mixed norm of X-X^2 took      0.00 usr cpu s       0.00 sys cpu s       0.00 wall s
TIDE Trace of X-X^2 took      0.00 usr cpu s       0.00 sys cpu s       0.00 wall s
INDE ||X-X^2||_F = 2.105491e-01 , ||X-X^2||_mixed = 2.005783e-01
INDE trace(X-X^2) = 3.779285e-01
INDE trace(X) = 4.710563e+01
INDE Checking stopping criterion...   
INDE e_i =2.005783e-01, C*e_{i-1}^q = 6.342649e-01
INDE Order of convergence = 2.965438, stop = 0
TIDE stopping_criterion took      0.00 usr cpu s       0.00 sys cpu s       0.00 wall s
TIDE Iteration 22 took      0.00 usr cpu s       0.01 sys cpu s       0.00 wall s
INDE     ITERATION 23 :
TIDE purify_X took      0.00 usr cpu s       0.00 sys cpu s       0.00 wall s
TIDE truncate_matrix took      0.00 usr cpu s       0.00 sys cpu s       0.00 wall s
INDE Actual introduced error   0.000000e+00 : nnz before  5329 <-> 100.00 % , nnz after  5329 <-> 100.00 %
TIDE square took      0.00 usr cpu s       0.01 sys cpu s       0.00 wall s
INDE NNZ Xsq = 5329 <-> 100.00 %
TIDE Frobenius norm of X-X^2 took      0.00 usr cpu s       0.00 sys cpu s       0.00 wall s
TIDE Mixed norm of X-X^2 took      0.00 usr cpu s       0.00 sys cpu s       0.00 wall s
TIDE Trace of X-X^2 took      0.00 usr cpu s       0.00 sys cpu s       0.00 wall s
INDE ||X-X^2||_F = 1.971504e-01 , ||X-X^2||_mixed = 1.959949e-01
INDE trace(X-X^2) = 3.116332e-01
INDE trace(X) = 4.672770e+01
INDE Checking stopping criterion...   
INDE e_i =1.959949e-01, C*e_{i-1}^q = 6.155347e-01
INDE Order of convergence = 2.947773, stop = 0
TIDE stopping_criterion took      0.00 usr cpu s       0.00 sys cpu s       0.00 wall s
TIDE Iteration 23 took      0.00 usr cpu s       0.01 sys cpu s       0.00 wall s
INDE     ITERATION 24 :
TIDE purify_X took      0.00 usr cpu s       0.00 sys cpu s       0.00 wall s
TIDE truncate_matrix took      0.00 usr cpu s       0.00 sys cpu s       0.00 wall s
INDE Actual introduced error   0.000000e+00 : nnz before  5329 <-> 100.00 % , nnz after  5329 <-> 100.00 %
TIDE square took      0.00 usr cpu s       0.00 sys cpu s       0.00 wall s
INDE NNZ Xsq = 5329 <-> 100.00 %
TIDE Frobenius norm of X-X^2 took      0.00 usr cpu s       0.00 sys cpu s       0.00 wall s
TIDE Mixed norm of X-X^2 took      0.00 usr cpu s       0.00 sys cpu s       0.00 wall s
TIDE Trace of X-X^2 took      0.00 usr cpu s       0.00 sys cpu s       0.00 wall s
INDE ||X-X^2||_F = 9.421619e-02 , ||X-X^2||_mixed = 9.170886e-02
INDE trace(X-X^2) = 1.437985e-01
INDE trace(X) = 4.703934e+01
INDE Checking stopping criterion...   
INDE e_i =9.170886e-02, C*e_{i-1}^q = 2.770835e-01
INDE Order of convergence = 2.688245, stop = 0
TIDE stopping_criterion took      0.00 usr cpu s       0.00 sys cpu s       0.00 wall s
TIDE Iteration 24 took      0.00 usr cpu s       0.01 sys cpu s       0.00 wall s
INDE     ITERATION 25 :
TIDE purify_X took      0.00 usr cpu s       0.00 sys cpu s       0.00 wall s
TIDE truncate_matrix took      0.00 usr cpu s       0.00 sys cpu s       0.00 wall s
INDE Actual introduced error   0.000000e+00 : nnz before  5329 <-> 100.00 % , nnz after  5329 <-> 100.00 %
TIDE square took      0.00 usr cpu s       0.00 sys cpu s       0.00 wall s
INDE NNZ Xsq = 5329 <-> 100.00 %
TIDE Frobenius norm of X-X^2 took      0.00 usr cpu s       0.00 sys cpu s       0.00 wall s
TIDE Mixed norm of X-X^2 took      0.00 usr cpu s       0.00 sys cpu s       0.00 wall s
TIDE Trace of X-X^2 took      0.00 usr cpu s       0.00 sys cpu s       0.00 wall s
INDE ||X-X^2||_F = 8.742397e-02 , ||X-X^2||_mixed = 8.737237e-02
INDE trace(X-X^2) = 1.113466e-01
INDE trace(X) = 4.689554e+01
INDE Checking stopping criterion...   
INDE e_i =8.737237e-02, C*e_{i-1}^q = 2.645649e-01
INDE Order of convergence = 2.679837, stop = 0
TIDE stopping_criterion took      0.00 usr cpu s       0.00 sys cpu s       0.00 wall s
TIDE Iteration 25 took      0.00 usr cpu s       0.01 sys cpu s       0.00 wall s
INDE     ITERATION 26 :
TIDE purify_X took      0.00 usr cpu s       0.00 sys cpu s       0.00 wall s
TIDE truncate_matrix took      0.00 usr cpu s       0.00 sys cpu s       0.00 wall s
INDE Actual introduced error   0.000000e+00 : nnz before  5329 <-> 100.00 % , nnz after  5329 <-> 100.00 %
TIDE square took      0.00 usr cpu s       0.00 sys cpu s       0.00 wall s
INDE NNZ Xsq = 5329 <-> 100.00 %
TIDE Frobenius norm of X-X^2 took      0.00 usr cpu s       0.00 sys cpu s       0.00 wall s
TIDE Mixed norm of X-X^2 took      0.00 usr cpu s       0.00 sys cpu s       0.00 wall s
TIDE Trace of X-X^2 took      0.00 usr cpu s       0.00 sys cpu s       0.00 wall s
INDE ||X-X^2||_F = 1.797650e-02 , ||X-X^2||_mixed = 1.758957e-02
INDE trace(X-X^2) = 2.490031e-02
INDE trace(X) = 4.700688e+01
INDE Checking stopping criterion...   
INDE e_i =1.758957e-02, C*e_{i-1}^q = 5.792489e-02
INDE Order of convergence = 2.498859, stop = 0
TIDE stopping_criterion took      0.00 usr cpu s       0.00 sys cpu s       0.00 wall s
TIDE Iteration 26 took      0.00 usr cpu s       0.01 sys cpu s       0.00 wall s
INDE     ITERATION 27 :
TIDE purify_X took      0.00 usr cpu s       0.00 sys cpu s       0.00 wall s
TIDE truncate_matrix took      0.00 usr cpu s       0.00 sys cpu s       0.00 wall s
INDE Actual introduced error   0.000000e+00 : nnz before  5329 <-> 100.00 % , nnz after  5329 <-> 100.00 %
TIDE square took      0.00 usr cpu s       0.00 sys cpu s       0.00 wall s
INDE NNZ Xsq = 5329 <-> 100.00 %
TIDE Frobenius norm of X-X^2 took      0.00 usr cpu s       0.00 sys cpu s       0.00 wall s
TIDE Mixed norm of X-X^2 took      0.00 usr cpu s       0.00 sys cpu s       0.00 wall s
TIDE Trace of X-X^2 took      0.00 usr cpu s       0.00 sys cpu s       0.00 wall s
INDE ||X-X^2||_F = 1.729163e-02 , ||X-X^2||_mixed = 1.729157e-02
INDE trace(X-X^2) = 1.821531e-02
INDE trace(X) = 4.698198e+01
INDE Checking stopping criterion...   
INDE e_i =1.729157e-02, C*e_{i-1}^q = 5.257641e-02
INDE Order of convergence = 2.456211, stop = 0
TIDE stopping_criterion took      0.00 usr cpu s       0.00 sys cpu s       0.00 wall s
TIDE Iteration 27 took      0.00 usr cpu s       0.01 sys cpu s       0.00 wall s
INDE     ITERATION 28 :
TIDE purify_X took      0.00 usr cpu s       0.00 sys cpu s       0.00 wall s
TIDE truncate_matrix took      0.00 usr cpu s       0.00 sys cpu s       0.00 wall s
INDE Actual introduced error   0.000000e+00 : nnz before  5329 <-> 100.00 % , nnz after  5329 <-> 100.00 %
TIDE square took      0.00 usr cpu s       0.00 sys cpu s       0.00 wall s
INDE NNZ Xsq = 5329 <-> 100.00 %
TIDE Frobenius norm of X-X^2 took      0.00 usr cpu s       0.00 sys cpu s       0.00 wall s
TIDE Mixed norm of X-X^2 took      0.00 usr cpu s       0.00 sys cpu s       0.00 wall s
TIDE Trace of X-X^2 took      0.00 usr cpu s       0.00 sys cpu s       0.00 wall s
INDE ||X-X^2||_F = 5.951704e-04 , ||X-X^2||_mixed = 5.805962e-04
INDE trace(X-X^2) = 8.182235e-04
INDE trace(X) = 4.700020e+01
INDE Checking stopping criterion...   
INDE e_i =5.805962e-04, C*e_{i-1}^q = 2.130850e-03
INDE Order of convergence = 2.321801, stop = 0
TIDE stopping_criterion took      0.00 usr cpu s       0.00 sys cpu s       0.00 wall s
TIDE Iteration 28 took      0.00 usr cpu s       0.01 sys cpu s       0.00 wall s
INDE     ITERATION 29 :
TIDE purify_X took      0.00 usr cpu s       0.00 sys cpu s       0.00 wall s
TIDE truncate_matrix took      0.00 usr cpu s       0.00 sys cpu s       0.00 wall s
INDE Actual introduced error   0.000000e+00 : nnz before  5329 <-> 100.00 % , nnz after  5329 <-> 100.00 %
TIDE square took      0.00 usr cpu s       0.00 sys cpu s       0.00 wall s
INDE NNZ Xsq = 5329 <-> 100.00 %
TIDE Frobenius norm of X-X^2 took      0.00 usr cpu s       0.00 sys cpu s       0.00 wall s
TIDE Mixed norm of X-X^2 took      0.00 usr cpu s       0.00 sys cpu s       0.00 wall s
TIDE Trace of X-X^2 took      0.00 usr cpu s       0.00 sys cpu s       0.00 wall s
INDE ||X-X^2||_F = 6.180182e-04 , ||X-X^2||_mixed = 6.180182e-04
INDE trace(X-X^2) = 6.192153e-04
INDE trace(X) = 4.699938e+01
INDE Checking stopping criterion...   
INDE e_i =6.180182e-04, C*e_{i-1}^q = 2.059262e-03
INDE Order of convergence = 2.296629, stop = 0
TIDE stopping_criterion took      0.00 usr cpu s       0.00 sys cpu s       0.00 wall s
TIDE Iteration 29 took      0.00 usr cpu s       0.01 sys cpu s       0.00 wall s
INDE     ITERATION 30 :
TIDE purify_X took      0.00 usr cpu s       0.00 sys cpu s       0.00 wall s
TIDE truncate_matrix took      0.00 usr cpu s       0.00 sys cpu s       0.00 wall s
INDE Actual introduced error   0.000000e+00 : nnz before  5329 <-> 100.00 % , nnz after  5329 <-> 100.00 %
TIDE square took      0.00 usr cpu s       0.00 sys cpu s       0.00 wall s
INDE NNZ Xsq = 5329 <-> 100.00 %
TIDE Frobenius norm of X-X^2 took      0.00 usr cpu s       0.00 sys cpu s       0.00 wall s
TIDE Mixed norm of X-X^2 took      0.00 usr cpu s       0.00 sys cpu s       0.00 wall s
TIDE Trace of X-X^2 took      0.00 usr cpu s       0.00 sys cpu s       0.00 wall s
INDE ||X-X^2||_F = 6.437339e-07 , ||X-X^2||_mixed = 6.231986e-07
INDE trace(X-X^2) = 9.002508e-07
INDE trace(X) = 4.700000e+01
INDE Checking stopping criterion...   
INDE e_i =6.231986e-07, C*e_{i-1}^q = 2.321619e-06
INDE Order of convergence = 2.176496, stop = 0
TIDE stopping_criterion took      0.00 usr cpu s       0.00 sys cpu s       0.00 wall s
TIDE Iteration 30 took      0.00 usr cpu s       0.01 sys cpu s       0.00 wall s
INDE     ITERATION 31 :
TIDE purify_X took      0.00 usr cpu s       0.00 sys cpu s       0.00 wall s
TIDE truncate_matrix took      0.00 usr cpu s       0.00 sys cpu s       0.00 wall s
INDE Actual introduced error   0.000000e+00 : nnz before  5329 <-> 100.00 % , nnz after  5329 <-> 100.00 %
TIDE square took      0.00 usr cpu s       0.00 sys cpu s       0.00 wall s
INDE NNZ Xsq = 5329 <-> 100.00 %
TIDE Frobenius norm of X-X^2 took      0.00 usr cpu s       0.00 sys cpu s       0.00 wall s
TIDE Mixed norm of X-X^2 took      0.00 usr cpu s       0.00 sys cpu s       0.00 wall s
TIDE Trace of X-X^2 took      0.00 usr cpu s       0.00 sys cpu s       0.00 wall s
INDE ||X-X^2||_F = 7.648360e-07 , ||X-X^2||_mixed = 7.648360e-07
INDE trace(X-X^2) = 7.648380e-07
INDE trace(X) = 4.700000e+01
INDE Checking stopping criterion...   
INDE e_i =7.648360e-07, C*e_{i-1}^q = 2.630542e-06
INDE Order of convergence = 2.167179, stop = 0
TIDE stopping_criterion took      0.00 usr cpu s       0.00 sys cpu s       0.00 wall s
TIDE Iteration 31 took      0.00 usr cpu s       0.01 sys cpu s       0.00 wall s
INDE     ITERATION 32 :
TIDE purify_X took      0.00 usr cpu s       0.00 sys cpu s       0.00 wall s
TIDE truncate_matrix took      0.00 usr cpu s       0.00 sys cpu s       0.00 wall s
INDE Actual introduced error   0.000000e+00 : nnz before  5329 <-> 100.00 % , nnz after  5329 <-> 100.00 %
TIDE square took      0.00 usr cpu s       0.00 sys cpu s       0.00 wall s
INDE NNZ Xsq = 5329 <-> 100.00 %
TIDE Frobenius norm of X-X^2 took      0.00 usr cpu s       0.00 sys cpu s       0.00 wall s
TIDE Mixed norm of X-X^2 took      0.00 usr cpu s       0.00 sys cpu s       0.00 wall s
TIDE Trace of X-X^2 took      0.00 usr cpu s       0.00 sys cpu s       0.00 wall s
INDE ||X-X^2||_F = 7.935115e-13 , ||X-X^2||_mixed = 7.614991e-13
INDE trace(X-X^2) = 1.129763e-12
INDE trace(X) = 4.700000e+01
INDE Checking stopping criterion...   
INDE e_i =7.614991e-13, C*e_{i-1}^q = 2.674827e-12
INDE Order of convergence = 2.087928, stop = 0
TIDE stopping_criterion took      0.00 usr cpu s       0.00 sys cpu s       0.00 wall s
TIDE Iteration 32 took      0.00 usr cpu s       0.01 sys cpu s       0.00 wall s
INDE     ITERATION 33 :
TIDE purify_X took      0.00 usr cpu s       0.00 sys cpu s       0.00 wall s
TIDE truncate_matrix took      0.00 usr cpu s       0.00 sys cpu s       0.00 wall s
INDE Actual introduced error   0.000000e+00 : nnz before  5329 <-> 100.00 % , nnz after  5329 <-> 100.00 %
TIDE square took      0.00 usr cpu s       0.00 sys cpu s       0.00 wall s
INDE NNZ Xsq = 5329 <-> 100.00 %
TIDE Frobenius norm of X-X^2 took      0.00 usr cpu s       0.00 sys cpu s       0.00 wall s
TIDE Mixed norm of X-X^2 took      0.00 usr cpu s       0.00 sys cpu s       0.00 wall s
TIDE Trace of X-X^2 took      0.00 usr cpu s       0.00 sys cpu s       0.00 wall s
INDE ||X-X^2||_F = 1.072420e-12 , ||X-X^2||_mixed = 1.072420e-12
INDE trace(X-X^2) = 1.065814e-12
INDE trace(X) = 4.700000e+01
INDE Checking stopping criterion...   
INDE Order of convergence cannot be computed
TIDE stopping_criterion took      0.00 usr cpu s       0.00 sys cpu s       0.00 wall s
TIDE Iteration 33 took      0.00 usr cpu s       0.01 sys cpu s       0.00 wall s
INDE     ITERATION 34 :
TIDE purify_X took      0.00 usr cpu s       0.00 sys cpu s       0.00 wall s
TIDE truncate_matrix took      0.00 usr cpu s       0.00 sys cpu s       0.00 wall s
INDE Actual introduced error   0.000000e+00 : nnz before  5329 <-> 100.00 % , nnz after  5329 <-> 100.00 %
TIDE square took      0.00 usr cpu s       0.00 sys cpu s       0.00 wall s
INDE NNZ Xsq = 5329 <-> 100.00 %
TIDE Frobenius norm of X-X^2 took      0.00 usr cpu s       0.00 sys cpu s       0.00 wall s
TIDE Mixed norm of X-X^2 took      0.00 usr cpu s       0.00 sys cpu s       0.00 wall s
TIDE Trace of X-X^2 took      0.00 usr cpu s       0.00 sys cpu s       0.00 wall s
INDE ||X-X^2||_F = 1.620508e-15 , ||X-X^2||_mixed = 0.000000e+00
INDE trace(X-X^2) = 0.000000e+00
INDE trace(X) = 4.700000e+01
INDE Checking stopping criterion...   
INDE ************************************************************************************************************
INDE The norm value went much below machine precision, therefore we stop here since n_max can be underestimated.
INDE ************************************************************************************************************
INDE e_i =0.000000e+00, C*e_{i-1}^q = 3.993755e-24
INDE Order of convergence = inf, stop = 1
TIDE stopping_criterion took      0.00 usr cpu s       0.00 sys cpu s       0.00 wall s
INDE PURIFICATION CONVERGED after 34 iterations
TIDE Iteration 34 took      0.00 usr cpu s       0.00 sys cpu s       0.00 wall s
INDE Number of non-zeros in D is  5329 <-> 100.00 %
TIDE FileWritable::writeAndReadAll took      0.00 usr cpu s       0.00 sys cpu s       0.00 wall s
INDE writeAndReadAll sizesStr: '0 MB (1 MatrixGeneral, 0 > 1 MB) + 0 MB (13 MatrixSymmetric, 0 > 1 MB) + 0 MB (2 VectorGeneral, 0 > 1 MB) = 0 MB (16 total, 0 > 1 MB)
INDE TOTAL X square time: 0.014858 wall s
INDE TOTAL X trunction time: 0.001910 wall s
INDE TOTAL X purify (exl. X^2 computation) time: 0.001364 wall s
INDE TOTAL time to get number of non-zero elements: 0.001287 wall s
INDE TOTAL time to get mixed norm: 0.022629 wall s
INDE TOTAL time to get Frobenius norm: 0.001336 wall s
INDE TOTAL time for stopping criterion: 0.001709 wall s
INDE TOTAL time to get matrix trace: 0.000712 wall s
INDE Estimated bounds for the eigenvalues for the Fock matrix:
INDE LUMO: [ -0.125925475768 , -0.116413601145 ]
INDE HOMO: [ -0.196761235230 , -0.188518376194 ]
TIDE eigenvalue_bounds_estimation() took      0.00 usr cpu s       0.00 sys cpu s       0.00 wall s
TIDE Recursive expansion took      0.11 usr cpu s       0.46 sys cpu s       0.09 wall s
TIDE Puri->PurificationStart() took      0.11 usr cpu s       0.46 sys cpu s       0.09 wall s
TIDE Accumulated wall times for writeToFile in PurificationStart()          : 0 s (MatrixGeneral) + 1.9e-06 s (MatrixSymmetric) + 3.9e-05 s (VectorGeneral) = 4.1e-05 s
TIDE Accumulated wall times for readFromFile in PurificationStart()         : 0 s (MatrixGeneral) + 3.8e-06 s (MatrixSymmetric) + 1.8e-05 s (VectorGeneral) = 2.2e-05 s
TIDE Accumulated wall times for copy and assign in PurificationStart()      : 1.9e-06 s (MatrixSymmetric) + 7.1e-05 s (VectorGeneral) = 7.3e-05 s
INDE Number of calls to writeToFile in PurificationStart()                  : 2 (MatrixGeneral) + 27 (MatrixSymmetric) + 393 (VectorGeneral) = 422 
INDE Number of calls to readFromFile in PurificationStart()                 : 2 (MatrixGeneral) + 26 (MatrixSymmetric) + 138 (VectorGeneral) = 166 
INDE Number of calls to FileWritable copy and assign in PurificationStart() : 2 (MatrixSymmetric) + 36 (VectorGeneral) = 38 
TIDE mat::Gblas::time after purification :     0.289580
INDE Created .m files with results of the purification
INDE Purification converged OK
INDE E(LUMO) - E(HOMO) >=          0.06259290043 =          1.70323959788 eV
INDE E(LUMO) - E(HOMO) <=          0.08034763409 =          2.18637051550 eV
INDE HOMO interval : [   -0.196761235230   -0.188518376194 ]
INDE LUMO interval : [   -0.125925475768   -0.116413601145 ]
INDE Trace of resulting density matrix is         47.00000000000, error is   0.00000000000000.
INDE Truncated D_ort ( mixed ), selected threshold = 9.99999e-08, returned error =          0, nnz before = 5329 <-> 100.0000 %, nnz after = 5329 <-> 100.0000 %
TIDE FileWritable::writeAndReadAll took      0.00 usr cpu s       0.00 sys cpu s       0.00 wall s
INDE writeAndReadAll sizesStr: '0 MB (1 MatrixGeneral, 0 > 1 MB) + 0 MB (12 MatrixSymmetric, 0 > 1 MB) + 0 MB (1 MatrixTriangular, 0 > 1 MB) = 0 MB (14 total, 0 > 1 MB)
TIDE D_w to non-orthogonal basis took      0.00 usr cpu s       0.00 sys cpu s       0.00 wall s
INDE Truncated D_S (eucl with Z), selected threshold = 9.99999e-08, returned error =          0, nnz before = 100.0000 %, nnz after = 100.0000 %
INDE get_dens_from_fock_sparse ending OK
TIDE get_dens_from_fock_sparse took      0.22 usr cpu s       0.85 sys cpu s       0.17 wall s
ERDE get_dens_from_fock  (GetDensFromFock class) : purification finished OK.
TIDE get_dens_from_fock took      0.22 usr cpu s       0.85 sys cpu s       0.18 wall s
INSC Matrix 'new density matrix' ( symm ): n =     73, nnz =         5329 <-> 100.00 %, mem usage  0.0000 G
INSC Tr( D * S ) =         94.00000000000
TISC get_new_density_matrix took      0.22 usr cpu s       0.85 sys cpu s       0.18 wall s
INSC SCF_restricted::report_density_difference, diff_eucl =         11.12534591460
TISC SCF_restricted::report_density_difference took      0.01 usr cpu s       0.05 sys cpu s       0.01 wall s
INMA ddf_writeShellListAndDensityMatricesToFile_sparse, n =     73, densityMatrixList[0].nvalues =        2701
INMA opened temporary file 'density.bin.b2ECF4' for writing
INMA Choosing matrixStorageType = MATRIX_STORAGE_TYPE_TRIANGLE.
INMA fileSize =           46848 bytes =      0.047 MegaBytes
INMA renamed file 'density.bin.b2ECF4' to 'density.bin'
INMA ddf_writeShellListAndDensityMatricesToFile_sparse freeing buffer.
INMA ddf_writeShellListAndDensityMatricesToFile_sparse returning OK.
TISC write_density_to_file took      0.00 usr cpu s       0.05 sys cpu s       0.01 wall s
INSC SCF cycle   3 finished.
TISC SCF cycle   3 took      8.31 usr cpu s       1.61 sys cpu s       2.40 wall s
INSC Beginning of SCF cycle 4:  Thu Mar 26 20:00:04 2026
INDE compute_J_by_boxes_sparse() start.
TIDE FileWritable::writeAndReadAll took      0.00 usr cpu s       0.00 sys cpu s       0.00 wall s
INDE writeAndReadAll: '0 MB (1 MatrixGeneral, 0 > 1 MB) + 0 MB (11 MatrixSymmetric, 0 > 1 MB) = 0 MB (12 total, 0 > 1 MB)
IN   compute_J_by_boxes_sparse, maxDensityMatrixElement =          2.11057008264
ININ get_basis_func_pair_list, n =     73
ININ create_box_system end OK, toplevelBoxSize:   7.0, #levels:  3, #boxes at top level:      6
TIIN get_basis_func_pair_list_2el took      0.03 usr cpu s       0.10 sys cpu s       0.02 wall s
IN   compute_J_by_boxes_sparse: noOfBasisFuncIndexPairs = 2598 ==> storing  48.75 % of a full matrix
ININ entering compute_J_by_boxes_linear, no of basis funcs =    73, threshold_J =   1e-12
ININ use_fmm = 1, fmm_box_size =   5.00
TIIN Compute extent for all distrs took      0.07 usr cpu s       0.12 sys cpu s       0.05 wall s
ININ extent_min =    0.000, extent_max =    8.395
ININ Creating list of distributions etc done, distrCount =     36059
TIIN Creating list of distributions etc took      0.15 usr cpu s       0.34 sys cpu s       0.09 wall s
ININ create_box_system end OK, toplevelBoxSize:   5.0, #levels:  3, #boxes at top level:     10
TIIN Creating boxes took      0.00 usr cpu s       0.00 sys cpu s       0.00 wall s
ININ noOfBranches = 4, splitters:   5.00  2.50  0.00
ININ J org done, groupCount =     3008
TIIN J org took      0.14 usr cpu s       0.00 sys cpu s       0.14 wall s
TIIN Generate group multipoles took      0.09 usr cpu s       0.00 sys cpu s       0.09 wall s
ININ totChargeWholeSystem =          0.00000000000
ININ Generating multipole for each branch at top level, MAX_MULTIPOLE_DEGREE = 15
TIIN Translate multipoles (step 1) took      0.09 usr cpu s       0.00 sys cpu s       0.09 wall s
TIIN Translate multipoles (step 2) took      0.08 usr cpu s       0.00 sys cpu s       0.08 wall s
ININ job lists for J created OK, noOfJobs_J_standard =      759, noOfJobs_J_multipole =      122
TIIN Creating job lists for J took      0.00 usr cpu s       0.00 sys cpu s       0.00 wall s
ININ execute_joblist_J_std_threaded, noOfThreads =  8
ININ 8 threads started OK.
ININ all 8 threads have finished.
TIIN execute_joblist_J_std_threaded took      3.42 usr cpu s       0.00 sys cpu s       0.57 wall s
TIIN sort_list_of_multipole_jobs init part took      0.00 usr cpu s       0.00 sys cpu s       0.00 wall s
TIIN sort_list_of_multipole_jobs complete took      0.00 usr cpu s       0.00 sys cpu s       0.00 wall s
TIIN sort_list_of_multipole_jobs took      0.00 usr cpu s       0.00 sys cpu s       0.00 wall s
ININ execute_joblist_J_fmm_shared: Allocating multipoleList_4, maxnoOfMinimalDistrsPerBoxBranch =      7533
ININ execute_joblist_J_fmm_shared: jobIndexLo =            0, jobIndexHi =           15
ININ execute_joblist_J_fmm_shared: Allocating multipoleList_4, maxnoOfMinimalDistrsPerBoxBranch =      7533
ININ execute_joblist_J_fmm_shared: jobIndexLo =           45, jobIndexHi =           61
ININ execute_joblist_J_fmm_shared: Allocating multipoleList_4, maxnoOfMinimalDistrsPerBoxBranch =      7533
ININ execute_joblist_J_fmm_shared: Allocating multipoleList_4, maxnoOfMinimalDistrsPerBoxBranch =      7533
ININ execute_joblist_J_fmm_shared: jobIndexLo =           15, jobIndexHi =           30
ININ execute_joblist_J_fmm_shared: jobIndexLo =           30, jobIndexHi =           45
ININ execute_joblist_J_fmm_shared: Allocating multipoleList_4, maxnoOfMinimalDistrsPerBoxBranch =      7533
ININ execute_joblist_J_fmm_shared: jobIndexLo =           61, jobIndexHi =           76
ININ execute_joblist_J_fmm_shared: Allocating multipoleList_4, maxnoOfMinimalDistrsPerBoxBranch =      7533
ININ execute_joblist_J_fmm_shared: jobIndexLo =           76, jobIndexHi =           91
ININ execute_joblist_J_fmm_shared: Allocating multipoleList_4, maxnoOfMinimalDistrsPerBoxBranch =      7533
ININ execute_joblist_J_fmm_shared: jobIndexLo =           91, jobIndexHi =          106
ININ execute_joblist_J_fmm_shared: Allocating multipoleList_4, maxnoOfMinimalDistrsPerBoxBranch =      7533
ININ execute_joblist_J_fmm_shared: jobIndexLo =          106, jobIndexHi =          122
ININ execute_joblist_J_fmm_shared: done!
ININ execute_joblist_J_fmm_shared: done!
ININ execute_joblist_J_fmm_shared: done!
ININ execute_joblist_J_fmm_shared: done!
ININ execute_joblist_J_fmm_shared: done!
ININ execute_joblist_J_fmm_shared: done!
ININ execute_joblist_J_fmm_shared: done!
ININ execute_joblist_J_fmm_shared: done!
ININ multipole job list for J executed, largest L used: 12
TIIN Executing multipole job list for J took      0.04 usr cpu s       0.00 sys cpu s       0.03 wall s
ININ compute_J_by_boxes_linear ending OK.
TIIN compute_J_by_boxes_linear took      4.00 usr cpu s       0.35 sys cpu s       1.08 wall s
TI   compute_J_by_boxes_sparse total took      4.04 usr cpu s       0.45 sys cpu s       1.10 wall s
ININ entering create_CSR_for_K, no of basis funcs =    73, threshold_K =   1e-12
ININ create_box_system end OK, toplevelBoxSize:   7.0, #levels:  3, #boxes at top level:      6
ININ create_box_system end OK, toplevelBoxSize:   7.0, #levels:  3, #boxes at top level:      6
ININ create_box_system end OK, toplevelBoxSize:   7.0, #levels:  3, #boxes at top level:      6
TIIN create_CSR_for_K getting list of distrs took      0.05 usr cpu s       0.00 sys cpu s       0.05 wall s
ININ list of neighbors complete.
TIIN create_CSR_for_K getting list of neighbors took      0.00 usr cpu s       0.00 sys cpu s       0.00 wall s
TIIN create_CSR_for_K sort each list of neighbors took      0.00 usr cpu s       0.00 sys cpu s       0.00 wall s
ININ 8 threads started OK.
TIIN identify_needed_elements() took      0.74 usr cpu s       0.00 sys cpu s       0.10 wall s
ININ computing nnz..
ININ create_CSR_for_K: predicted nnz =         2701, <->  50.68% of a full matrix
TIIN create_CSR_for_K last part took      0.00 usr cpu s       0.00 sys cpu s       0.00 wall s
TIIN create_CSR_for_K total took      0.79 usr cpu s       0.00 sys cpu s       0.15 wall s
ININ entering compute_K_by_boxes, no of basis funcs =    73, threshold_K =   1e-12, exchange_box_size =   5.00
ININ create_box_system end OK, toplevelBoxSize:   7.0, #levels:  3, #boxes at top level:      6
ININ create_box_system end OK, toplevelBoxSize:   7.0, #levels:  3, #boxes at top level:      6
ININ create_box_system end OK, toplevelBoxSize:   7.0, #levels:  3, #boxes at top level:      6
TIIN Compute extent for all distrs took      0.05 usr cpu s       0.00 sys cpu s       0.05 wall s
ININ Creating list of distributions done, distrCountTot =     36059
TIIN Creating list of distributions took      0.07 usr cpu s       0.00 sys cpu s       0.08 wall s
ININ create_box_system end OK, toplevelBoxSize:   5.0, #levels:  3, #boxes at top level:     10
ININ create_box_system end OK, toplevelBoxSize:   2.5, #levels:  4, #boxes at top level:     16
ININ noOfLevelsBasisFuncs = 4, noOfLevelsDiff = 1
TIIN Creating boxes etc took      0.00 usr cpu s       0.00 sys cpu s       0.00 wall s
TIIN getting multipoleNormVectorList took      0.09 usr cpu s       0.00 sys cpu s       0.09 wall s
TIIN K organize_distributions for all boxes took      0.18 usr cpu s       0.00 sys cpu s       0.18 wall s
ININ starting loop to setup basisFuncGroupInfoList, with added index checks.
TIIN GetLimitsAllLevels took      0.04 usr cpu s       0.00 sys cpu s       0.04 wall s
ININ getDmatLimitMatrixCSRList start.
TIIN getting densityMatrixLimitMatrixList took      0.00 usr cpu s       0.00 sys cpu s       0.00 wall s
ININ job list for K created,       55 jobs
TIIN creating job list for K took      0.00 usr cpu s       0.00 sys cpu s       0.00 wall s
ININ execute_joblist_K_threaded, noOfThreads =  8, basisFuncListCount_max =    67
ININ 8 threads started OK.
ININ all 8 threads have finished, took        0 wall s.
TIIN Executing job list for K took      2.16 usr cpu s       0.00 sys cpu s       0.48 wall s
TIIN compute_K_by_boxes took      2.55 usr cpu s       0.01 sys cpu s       0.88 wall s
TI   compute_K_by_boxes_sparse total took      3.34 usr cpu s       0.01 sys cpu s       1.03 wall s
INSC About to truncate FockMatrix, gap of Fprev >=          0.06259290043
TISC symmMatrix::mixed_diff for F vs Fprev maxEigValMovement_mixed took      0.00 usr cpu s       0.00 sys cpu s       0.00 wall s
TISC symmMatrix::eucl_diff for maxEigValMovement_eucl  took      0.02 usr cpu s       0.03 sys cpu s       0.01 wall s
INSC maxEigValMovement_frob  =          9.85672528774
INSC maxEigValMovement_mixed =          8.62012817315
INSC maxEigValMovement_eucl  =          4.18559229911
TISC FockMatrix.eucl_thresh() (with Z) took      0.00 usr cpu s       0.01 sys cpu s       0.00 wall s
INSC Truncated FockMatrix (eucl with Z), selected threshold =      5e-09, returned error =          0, nnz before = 100.0000 %, nnz after = 100.0000 %
INSC Matrix 'S' ( symm ): n =     73, nnz =         5329 <-> 100.00 %, mem usage  0.0000 G
INSC Matrix 'F' ( symm ): n =     73, nnz =         5329 <-> 100.00 %, mem usage  0.0000 G
INSC Matrix 'D' ( symm ): n =     73, nnz =         5329 <-> 100.00 %, mem usage  0.0000 G
INSC nuclearEnergy, energy_2el, energy = 782.160484, 1015.440708, -631.915422
INSC Energy   4 =       -631.91542163034  ( diff    -18.690560654907813 )
INSC calling compute_FDSminusSDF_sparse, n = 73
INDE compute_FDSminusSDF_sparse() start.
TIDE FileWritable::writeAndReadAll took      0.00 usr cpu s       0.00 sys cpu s       0.00 wall s
INDE writeAndReadAll: '0 MB (1 MatrixGeneral, 0 > 1 MB) + 0 MB (9 MatrixSymmetric, 0 > 1 MB) = 0 MB (10 total, 0 > 1 MB)
TISC compute_FDSminusSDF_sparse, F*D mult took      0.00 usr cpu s       0.00 sys cpu s       0.00 wall s
INSC Matrix 'FD before eucl truncation' (normal): n =     73, nnz =         5329 <-> 100.00 %, mem usage  0.0000 G
INSC Matrix 'FD after  eucl truncation' (normal): n =     73, nnz =         5329 <-> 100.00 %, mem usage  0.0000 G
INSC Matrix 'FDS before eucl truncation' (normal): n =     73, nnz =         5329 <-> 100.00 %, mem usage  0.0000 G
INSC Matrix 'FDS after  eucl truncation' (normal): n =     73, nnz =         5329 <-> 100.00 %, mem usage  0.0000 G
INSC compute_FDSminusSDF_sparse ending OK.
TISC compute_FDSminusSDF_sparse took      0.00 usr cpu s       0.01 sys cpu s       0.00 wall s
INSC Matrix 'FDS-SDF' (normal): n =     73, nnz =         5329 <-> 100.00 %, mem usage  0.0000 G
INSC SCF_restricted::get_FDSminusSDF finished.
TISC get_FDSminusSDF took      0.00 usr cpu s       0.01 sys cpu s       0.00 wall s
INSC maxabs FDS-SDF is    0.702
INSC frob   FDS-SDF is      3.4
TISC get_error_measure took      0.00 usr cpu s       0.00 sys cpu s       0.00 wall s
INSC the energy got better, but we do not dare to try DIIS yet, noOfImprovementsInARow = 1
INSC mixing best Fock matrix so far with next one, stepLength =   0.400000
INSC increased steplength by factor 1.1, stepLength =   0.440000
TISC clear_error_matrices took      0.00 usr cpu s       0.00 sys cpu s       0.00 wall s
TISC save_current_fock_as_fprev took      0.00 usr cpu s       0.00 sys cpu s       0.00 wall s
INDE get_dens_from_fock_general, n = 73, use_diagonalization = 0, use_diag_on_error = 1
INDE Before writeAndReadAll(): AllocatorManager statistics:  noOfRealsPerBuffer: 1024 noOfBuffers: 20000 list.size(): 1. Allocated: 0.164 GB, Used: 0.000295 GB, Peak alloc: 0.164 GB.
TIDE FileWritable::writeAndReadAll took      0.00 usr cpu s       0.00 sys cpu s       0.00 wall s
INDE writeAndReadAll sizesStr: '0 MB (1 MatrixGeneral, 0 > 1 MB) + 0 MB (7 MatrixSymmetric, 0 > 1 MB) = 0 MB (8 total, 0 > 1 MB)
INDE After writeAndReadAll(): AllocatorManager statistics:  noOfRealsPerBuffer: 1024 noOfBuffers: 20000 list.size(): 1. Allocated: 0.164 GB, Used: 0.000295 GB, Peak alloc: 0.164 GB.
INDE calling get_dens_from_fock_sparse, n =     73, subspaceErrorLimit = 1e-06
INDE get_dens_from_fock_sparse() start!
INDE After F.readFromFile(): AllocatorManager statistics:  noOfRealsPerBuffer: 1024 noOfBuffers: 20000 list.size(): 1. Allocated: 0.164 GB, Used: 0.000295 GB, Peak alloc: 0.164 GB.
INDE After creating wrapper MatrixType F_w(F): AllocatorManager statistics:  noOfRealsPerBuffer: 1024 noOfBuffers: 20000 list.size(): 1. Allocated: 0.164 GB, Used: 0.000319 GB, Peak alloc: 0.164 GB.
TIDE  F_w to orthogonal basis took      0.00 usr cpu s       0.00 sys cpu s       0.00 wall s
TIDE MatrixType::mixed_diff for maxEigValMovement_mixed took      0.00 usr cpu s       0.01 sys cpu s       0.00 wall s
TIDE symmMatrixWrap::eucl_diff for maxEigValMovement_eucl  took      0.02 usr cpu s       0.07 sys cpu s       0.01 wall s
INDE maxEigValMovement_frob  =          3.45081422939
INDE maxEigValMovement_mixed =          2.89821680423
INDE maxEigValMovement_eucl  =          1.04276615455
INDE lumo before truncation: [ -1.168691630316 , 0.926352553403 ]
INDE homo before truncation: [ -1.239527389777 , 0.854247778353 ]
INDE Truncate matrix F and update intervals for homo and lumo.
INDE Truncating F_ort ( mixed ), selected threshold =      5e-09
INDE Truncated F_ort ( mixed ), selected threshold =      5e-09, returned error =          0, nnz before = 100.0000 %, nnz after = 100.0000 %
TIDE Truncation of F_ort took      0.00 usr cpu s       0.00 sys cpu s       0.00 wall s
INDE Chosen Ergo Wrapper
INDE Creating purification object: N = 73 , nocc = 47 , NNZ = 5329  <-> 100.00000 %
INDE Chosen norm for the truncation: 
INDE mixed
INDE Chosen norm for the stopping criterion: 
INDE mixed
INDE Chosen the NEW stopping criterion.
INDE Allowed error in subspace 7.000000e-07
INDE Chosen SP2 purification method
INDE calling Puri->PurificationStart(), number of threads = 1, trunc norm 'mixed'
TIDE gershgorin took      0.00 usr cpu s       0.00 sys cpu s       0.00 wall s
INDE Gershgorin bounds: [ -24.718743882877 , 5.996951542088 ]
INDE EXPANDED Gershgorin bounds: [ -24.718743897778 , 5.996951556989 ]
INDE Trying to impove bounds using Lanczos algorithm...
TIDE compute_spectrum_bounds took      0.04 usr cpu s       0.14 sys cpu s       0.02 wall s
INDE Spectrum of F: 	 [ -20.703103590323 , 1.043191067140 ]
INDE Transform homo and lumo bounds...
INDE Bounds for homo and lumo of F are overlapping.
INDE HOMO bounds of X: 	 [ 0.008688527943 , 0.104970455559 ]
INDE LUMO bounds of X: 	 [ 0.005372801003 , 0.101713084104 ]
INDE ESTIMATED NUMBER OF ITERATIONS IS 100
INDE Put eigenvalues of F to the interval [0,1] in reverse order.
TIDE compute_X() took      0.00 usr cpu s       0.00 sys cpu s       0.00 wall s
TIDE prepare_to_purification() took      0.04 usr cpu s       0.14 sys cpu s       0.02 wall s
INDE (EIGV,PARAMS) Requested 0 occipied eigenpair(s).
INDE (EIGV,PARAMS) Requested 0 unoccipied eigenpair(s).
TIDE prepare_to_purification_eigenvectors() took      0.00 usr cpu s       0.00 sys cpu s       0.00 wall s
INDE Starting recursive expansion
INDE     BEFORE ITERATIONS:
TIDE truncate_matrix took      0.00 usr cpu s       0.00 sys cpu s       0.00 wall s
INDE Actual introduced error   0.000000e+00 : nnz before  5329 <-> 100.00 % , nnz after  5329 <-> 100.00 %
TIDE square took      0.00 usr cpu s       0.00 sys cpu s       0.00 wall s
INDE NNZ Xsq = 5329 <-> 100.00 %
TIDE Frobenius norm of X-X^2 took      0.00 usr cpu s       0.00 sys cpu s       0.00 wall s
TIDE Mixed norm of X-X^2 took      0.00 usr cpu s       0.00 sys cpu s       0.00 wall s
TIDE Trace of X-X^2 took      0.00 usr cpu s       0.00 sys cpu s       0.00 wall s
INDE ||X-X^2||_F = 8.637686e-01 , ||X-X^2||_mixed = 6.410005e-01
INDE trace(X-X^2) = 5.274994e+00
INDE trace(X) = 1.233043e+01
TIDE Iteration 0 took      0.00 usr cpu s       0.01 sys cpu s       0.00 wall s
TIDE FileWritable::writeAndReadAll took      0.00 usr cpu s       0.00 sys cpu s       0.00 wall s
INDE writeAndReadAll sizesStr: '0 MB (1 MatrixGeneral, 0 > 1 MB) + 0 MB (13 MatrixSymmetric, 0 > 1 MB) + 0 MB (2 VectorGeneral, 0 > 1 MB) = 0 MB (16 total, 0 > 1 MB)
INDE     ITERATION 1 :
TIDE purify_X took      0.00 usr cpu s       0.00 sys cpu s       0.00 wall s
TIDE truncate_matrix took      0.00 usr cpu s       0.00 sys cpu s       0.00 wall s
INDE Actual introduced error   0.000000e+00 : nnz before  5329 <-> 100.00 % , nnz after  5329 <-> 100.00 %
TIDE square took      0.00 usr cpu s       0.00 sys cpu s       0.00 wall s
INDE NNZ Xsq = 5329 <-> 100.00 %
TIDE Frobenius norm of X-X^2 took      0.00 usr cpu s       0.00 sys cpu s       0.00 wall s
TIDE Mixed norm of X-X^2 took      0.00 usr cpu s       0.00 sys cpu s       0.00 wall s
TIDE Trace of X-X^2 took      0.00 usr cpu s       0.00 sys cpu s       0.00 wall s
INDE ||X-X^2||_F = 9.171686e-01 , ||X-X^2||_mixed = 6.913887e-01
INDE trace(X-X^2) = 6.804937e+00
INDE trace(X) = 1.760543e+01
TIDE Iteration 1 took      0.00 usr cpu s       0.01 sys cpu s       0.00 wall s
INDE     ITERATION 2 :
TIDE purify_X took      0.00 usr cpu s       0.00 sys cpu s       0.00 wall s
TIDE truncate_matrix took      0.00 usr cpu s       0.00 sys cpu s       0.00 wall s
INDE Actual introduced error   0.000000e+00 : nnz before  5329 <-> 100.00 % , nnz after  5329 <-> 100.00 %
TIDE square took      0.00 usr cpu s       0.00 sys cpu s       0.00 wall s
INDE NNZ Xsq = 5329 <-> 100.00 %
TIDE Frobenius norm of X-X^2 took      0.00 usr cpu s       0.00 sys cpu s       0.00 wall s
TIDE Mixed norm of X-X^2 took      0.00 usr cpu s       0.00 sys cpu s       0.00 wall s
TIDE Trace of X-X^2 took      0.00 usr cpu s       0.00 sys cpu s       0.00 wall s
INDE ||X-X^2||_F = 1.250058e+00 , ||X-X^2||_mixed = 9.536037e-01
INDE trace(X-X^2) = 9.040490e+00
INDE trace(X) = 2.441036e+01
INDE Checking stopping criterion...   
INDE Order of convergence cannot be computed
TIDE stopping_criterion took      0.00 usr cpu s       0.00 sys cpu s       0.00 wall s
TIDE Iteration 2 took      0.00 usr cpu s       0.01 sys cpu s       0.00 wall s
INDE     ITERATION 3 :
TIDE purify_X took      0.00 usr cpu s       0.00 sys cpu s       0.00 wall s
TIDE truncate_matrix took      0.00 usr cpu s       0.00 sys cpu s       0.00 wall s
INDE Actual introduced error   0.000000e+00 : nnz before  5329 <-> 100.00 % , nnz after  5329 <-> 100.00 %
TIDE square took      0.00 usr cpu s       0.00 sys cpu s       0.00 wall s
INDE NNZ Xsq = 5329 <-> 100.00 %
TIDE Frobenius norm of X-X^2 took      0.00 usr cpu s       0.00 sys cpu s       0.00 wall s
TIDE Mixed norm of X-X^2 took      0.00 usr cpu s       0.01 sys cpu s       0.00 wall s
TIDE Trace of X-X^2 took      0.00 usr cpu s       0.00 sys cpu s       0.00 wall s
INDE ||X-X^2||_F = 1.593889e+00 , ||X-X^2||_mixed = 1.184721e+00
INDE trace(X-X^2) = 1.162206e+01
INDE trace(X) = 3.345085e+01
INDE Checking stopping criterion...   
INDE Order of convergence cannot be computed
TIDE stopping_criterion took      0.00 usr cpu s       0.00 sys cpu s       0.00 wall s
TIDE Iteration 3 took      0.00 usr cpu s       0.01 sys cpu s       0.00 wall s
INDE     ITERATION 4 :
TIDE purify_X took      0.00 usr cpu s       0.00 sys cpu s       0.00 wall s
TIDE truncate_matrix took      0.00 usr cpu s       0.00 sys cpu s       0.00 wall s
INDE Actual introduced error   0.000000e+00 : nnz before  5329 <-> 100.00 % , nnz after  5329 <-> 100.00 %
TIDE square took      0.00 usr cpu s       0.00 sys cpu s       0.00 wall s
INDE NNZ Xsq = 5329 <-> 100.00 %
TIDE Frobenius norm of X-X^2 took      0.00 usr cpu s       0.00 sys cpu s       0.00 wall s
TIDE Mixed norm of X-X^2 took      0.00 usr cpu s       0.01 sys cpu s       0.00 wall s
TIDE Trace of X-X^2 took      0.00 usr cpu s       0.00 sys cpu s       0.00 wall s
INDE ||X-X^2||_F = 1.520682e+00 , ||X-X^2||_mixed = 1.106637e+00
INDE trace(X-X^2) = 1.138346e+01
INDE trace(X) = 4.507292e+01
INDE Checking stopping criterion...   
INDE Order of convergence cannot be computed
TIDE stopping_criterion took      0.00 usr cpu s       0.00 sys cpu s       0.00 wall s
TIDE Iteration 4 took      0.00 usr cpu s       0.01 sys cpu s       0.00 wall s
INDE     ITERATION 5 :
TIDE purify_X took      0.00 usr cpu s       0.00 sys cpu s       0.00 wall s
TIDE truncate_matrix took      0.00 usr cpu s       0.00 sys cpu s       0.00 wall s
INDE Actual introduced error   0.000000e+00 : nnz before  5329 <-> 100.00 % , nnz after  5329 <-> 100.00 %
TIDE square took      0.00 usr cpu s       0.00 sys cpu s       0.00 wall s
INDE NNZ Xsq = 5329 <-> 100.00 %
TIDE Frobenius norm of X-X^2 took      0.00 usr cpu s       0.00 sys cpu s       0.00 wall s
TIDE Mixed norm of X-X^2 took      0.00 usr cpu s       0.00 sys cpu s       0.00 wall s
TIDE Trace of X-X^2 took      0.00 usr cpu s       0.00 sys cpu s       0.00 wall s
INDE ||X-X^2||_F = 1.194267e+00 , ||X-X^2||_mixed = 9.301367e-01
INDE trace(X-X^2) = 7.841102e+00
INDE trace(X) = 5.645637e+01
INDE Checking stopping criterion...   
INDE Order of convergence cannot be computed
TIDE stopping_criterion took      0.00 usr cpu s       0.00 sys cpu s       0.00 wall s
TIDE Iteration 5 took      0.00 usr cpu s       0.01 sys cpu s       0.00 wall s
INDE     ITERATION 6 :
TIDE purify_X took      0.00 usr cpu s       0.00 sys cpu s       0.00 wall s
TIDE truncate_matrix took      0.00 usr cpu s       0.00 sys cpu s       0.00 wall s
INDE Actual introduced error   0.000000e+00 : nnz before  5329 <-> 100.00 % , nnz after  5329 <-> 100.00 %
TIDE square took      0.00 usr cpu s       0.00 sys cpu s       0.00 wall s
INDE NNZ Xsq = 5329 <-> 100.00 %
TIDE Frobenius norm of X-X^2 took      0.00 usr cpu s       0.00 sys cpu s       0.00 wall s
TIDE Mixed norm of X-X^2 took      0.00 usr cpu s       0.01 sys cpu s       0.00 wall s
TIDE Trace of X-X^2 took      0.00 usr cpu s       0.00 sys cpu s       0.00 wall s
INDE ||X-X^2||_F = 1.194658e+00 , ||X-X^2||_mixed = 9.106913e-01
INDE trace(X-X^2) = 8.417874e+00
INDE trace(X) = 4.861527e+01
INDE Checking stopping criterion...   
INDE Order of convergence cannot be computed
TIDE stopping_criterion took      0.00 usr cpu s       0.00 sys cpu s       0.00 wall s
TIDE Iteration 6 took      0.00 usr cpu s       0.01 sys cpu s       0.00 wall s
INDE     ITERATION 7 :
TIDE purify_X took      0.00 usr cpu s       0.00 sys cpu s       0.00 wall s
TIDE truncate_matrix took      0.00 usr cpu s       0.00 sys cpu s       0.00 wall s
INDE Actual introduced error   0.000000e+00 : nnz before  5329 <-> 100.00 % , nnz after  5329 <-> 100.00 %
TIDE square took      0.00 usr cpu s       0.00 sys cpu s       0.00 wall s
INDE NNZ Xsq = 5329 <-> 100.00 %
TIDE Frobenius norm of X-X^2 took      0.00 usr cpu s       0.00 sys cpu s       0.00 wall s
TIDE Mixed norm of X-X^2 took      0.00 usr cpu s       0.00 sys cpu s       0.00 wall s
TIDE Trace of X-X^2 took      0.00 usr cpu s       0.00 sys cpu s       0.00 wall s
INDE ||X-X^2||_F = 1.258858e+00 , ||X-X^2||_mixed = 9.730752e-01
INDE trace(X-X^2) = 8.362439e+00
INDE trace(X) = 4.019740e+01
INDE Checking stopping criterion...   
INDE Order of convergence cannot be computed
TIDE stopping_criterion took      0.00 usr cpu s       0.00 sys cpu s       0.00 wall s
TIDE Iteration 7 took      0.00 usr cpu s       0.01 sys cpu s       0.00 wall s
INDE     ITERATION 8 :
TIDE purify_X took      0.00 usr cpu s       0.00 sys cpu s       0.00 wall s
TIDE truncate_matrix took      0.00 usr cpu s       0.00 sys cpu s       0.00 wall s
INDE Actual introduced error   0.000000e+00 : nnz before  5329 <-> 100.00 % , nnz after  5329 <-> 100.00 %
TIDE square took      0.00 usr cpu s       0.00 sys cpu s       0.00 wall s
INDE NNZ Xsq = 5329 <-> 100.00 %
TIDE Frobenius norm of X-X^2 took      0.00 usr cpu s       0.00 sys cpu s       0.00 wall s
TIDE Mixed norm of X-X^2 took      0.00 usr cpu s       0.00 sys cpu s       0.00 wall s
TIDE Trace of X-X^2 took      0.00 usr cpu s       0.00 sys cpu s       0.00 wall s
INDE ||X-X^2||_F = 8.860337e-01 , ||X-X^2||_mixed = 7.213466e-01
INDE trace(X-X^2) = 5.479818e+00
INDE trace(X) = 4.855984e+01
INDE Checking stopping criterion...   
INDE e_i =7.213466e-01, C*e_{i-1}^q = 5.711959e+00
INDE Order of convergence = 24.118315, stop = 0
TIDE stopping_criterion took      0.00 usr cpu s       0.00 sys cpu s       0.00 wall s
TIDE Iteration 8 took      0.01 usr cpu s       0.00 sys cpu s       0.00 wall s
INDE     ITERATION 9 :
TIDE purify_X took      0.00 usr cpu s       0.00 sys cpu s       0.00 wall s
TIDE truncate_matrix took      0.00 usr cpu s       0.00 sys cpu s       0.00 wall s
INDE Actual introduced error   0.000000e+00 : nnz before  5329 <-> 100.00 % , nnz after  5329 <-> 100.00 %
TIDE square took      0.00 usr cpu s       0.00 sys cpu s       0.00 wall s
INDE NNZ Xsq = 5329 <-> 100.00 %
TIDE Frobenius norm of X-X^2 took      0.00 usr cpu s       0.00 sys cpu s       0.00 wall s
TIDE Mixed norm of X-X^2 took      0.00 usr cpu s       0.00 sys cpu s       0.00 wall s
TIDE Trace of X-X^2 took      0.00 usr cpu s       0.00 sys cpu s       0.00 wall s
INDE ||X-X^2||_F = 9.526169e-01 , ||X-X^2||_mixed = 7.735323e-01
INDE trace(X-X^2) = 5.555430e+00
INDE trace(X) = 4.308002e+01
INDE Checking stopping criterion...   
INDE e_i =7.735323e-01, C*e_{i-1}^q = 6.521320e+00
INDE Order of convergence = 80.107731, stop = 0
TIDE stopping_criterion took      0.00 usr cpu s       0.00 sys cpu s       0.00 wall s
TIDE Iteration 9 took      0.00 usr cpu s       0.01 sys cpu s       0.00 wall s
INDE     ITERATION 10 :
TIDE purify_X took      0.00 usr cpu s       0.00 sys cpu s       0.00 wall s
TIDE truncate_matrix took      0.00 usr cpu s       0.00 sys cpu s       0.00 wall s
INDE Actual introduced error   0.000000e+00 : nnz before  5329 <-> 100.00 % , nnz after  5329 <-> 100.00 %
TIDE square took      0.00 usr cpu s       0.00 sys cpu s       0.00 wall s
INDE NNZ Xsq = 5329 <-> 100.00 %
TIDE Frobenius norm of X-X^2 took      0.00 usr cpu s       0.00 sys cpu s       0.00 wall s
TIDE Mixed norm of X-X^2 took      0.00 usr cpu s       0.01 sys cpu s       0.00 wall s
TIDE Trace of X-X^2 took      0.00 usr cpu s       0.00 sys cpu s       0.00 wall s
INDE ||X-X^2||_F = 6.327023e-01 , ||X-X^2||_mixed = 5.520587e-01
INDE trace(X-X^2) = 2.961243e+00
INDE trace(X) = 4.863545e+01
INDE Checking stopping criterion...   
INDE e_i =5.520587e-01, C*e_{i-1}^q = 3.583692e+00
INDE Order of convergence = 7.726550, stop = 0
TIDE stopping_criterion took      0.00 usr cpu s       0.00 sys cpu s       0.00 wall s
TIDE Iteration 10 took      0.00 usr cpu s       0.01 sys cpu s       0.00 wall s
INDE     ITERATION 11 :
TIDE purify_X took      0.00 usr cpu s       0.00 sys cpu s       0.00 wall s
TIDE truncate_matrix took      0.00 usr cpu s       0.00 sys cpu s       0.00 wall s
INDE Actual introduced error   0.000000e+00 : nnz before  5329 <-> 100.00 % , nnz after  5329 <-> 100.00 %
TIDE square took      0.00 usr cpu s       0.00 sys cpu s       0.00 wall s
INDE NNZ Xsq = 5329 <-> 100.00 %
TIDE Frobenius norm of X-X^2 took      0.00 usr cpu s       0.00 sys cpu s       0.00 wall s
TIDE Mixed norm of X-X^2 took      0.00 usr cpu s       0.01 sys cpu s       0.00 wall s
TIDE Trace of X-X^2 took      0.00 usr cpu s       0.00 sys cpu s       0.00 wall s
INDE ||X-X^2||_F = 6.407305e-01 , ||X-X^2||_mixed = 5.566380e-01
INDE trace(X-X^2) = 3.016057e+00
INDE trace(X) = 4.567421e+01
INDE Checking stopping criterion...   
INDE e_i =5.566380e-01, C*e_{i-1}^q = 4.120971e+00
INDE Order of convergence = 9.796043, stop = 0
TIDE stopping_criterion took      0.00 usr cpu s       0.00 sys cpu s       0.00 wall s
TIDE Iteration 11 took      0.00 usr cpu s       0.01 sys cpu s       0.00 wall s
INDE     ITERATION 12 :
TIDE purify_X took      0.00 usr cpu s       0.00 sys cpu s       0.00 wall s
TIDE truncate_matrix took      0.00 usr cpu s       0.00 sys cpu s       0.00 wall s
INDE Actual introduced error   0.000000e+00 : nnz before  5329 <-> 100.00 % , nnz after  5329 <-> 100.00 %
TIDE square took      0.00 usr cpu s       0.00 sys cpu s       0.00 wall s
INDE NNZ Xsq = 5329 <-> 100.00 %
TIDE Frobenius norm of X-X^2 took      0.00 usr cpu s       0.00 sys cpu s       0.00 wall s
TIDE Mixed norm of X-X^2 took      0.00 usr cpu s       0.01 sys cpu s       0.00 wall s
TIDE Trace of X-X^2 took      0.00 usr cpu s       0.00 sys cpu s       0.00 wall s
INDE ||X-X^2||_F = 4.893557e-01 , ||X-X^2||_mixed = 4.526074e-01
INDE trace(X-X^2) = 1.509309e+00
INDE trace(X) = 4.869026e+01
INDE Checking stopping criterion...   
INDE e_i =4.526074e-01, C*e_{i-1}^q = 2.099004e+00
INDE Order of convergence = 4.582378, stop = 0
TIDE stopping_criterion took      0.00 usr cpu s       0.00 sys cpu s       0.00 wall s
TIDE Iteration 12 took      0.00 usr cpu s       0.01 sys cpu s       0.00 wall s
INDE     ITERATION 13 :
TIDE purify_X took      0.00 usr cpu s       0.00 sys cpu s       0.00 wall s
TIDE truncate_matrix took      0.00 usr cpu s       0.00 sys cpu s       0.00 wall s
INDE Actual introduced error   0.000000e+00 : nnz before  5329 <-> 100.00 % , nnz after  5329 <-> 100.00 %
TIDE square took      0.00 usr cpu s       0.00 sys cpu s       0.00 wall s
INDE NNZ Xsq = 5329 <-> 100.00 %
TIDE Frobenius norm of X-X^2 took      0.00 usr cpu s       0.00 sys cpu s       0.00 wall s
TIDE Mixed norm of X-X^2 took      0.00 usr cpu s       0.00 sys cpu s       0.00 wall s
TIDE Trace of X-X^2 took      0.00 usr cpu s       0.00 sys cpu s       0.00 wall s
INDE ||X-X^2||_F = 4.192365e-01 , ||X-X^2||_mixed = 3.909184e-01
INDE trace(X-X^2) = 1.371266e+00
INDE trace(X) = 4.718095e+01
INDE Checking stopping criterion...   
INDE e_i =3.909184e-01, C*e_{i-1}^q = 2.133971e+00
INDE Order of convergence = 4.897106, stop = 0
TIDE stopping_criterion took      0.00 usr cpu s       0.00 sys cpu s       0.00 wall s
TIDE Iteration 13 took      0.01 usr cpu s       0.00 sys cpu s       0.00 wall s
INDE     ITERATION 14 :
TIDE purify_X took      0.00 usr cpu s       0.00 sys cpu s       0.00 wall s
TIDE truncate_matrix took      0.00 usr cpu s       0.00 sys cpu s       0.00 wall s
INDE Actual introduced error   0.000000e+00 : nnz before  5329 <-> 100.00 % , nnz after  5329 <-> 100.00 %
TIDE square took      0.00 usr cpu s       0.00 sys cpu s       0.00 wall s
INDE NNZ Xsq = 5329 <-> 100.00 %
TIDE Frobenius norm of X-X^2 took      0.00 usr cpu s       0.00 sys cpu s       0.00 wall s
TIDE Mixed norm of X-X^2 took      0.00 usr cpu s       0.00 sys cpu s       0.00 wall s
TIDE Trace of X-X^2 took      0.00 usr cpu s       0.00 sys cpu s       0.00 wall s
INDE ||X-X^2||_F = 4.186082e-01 , ||X-X^2||_mixed = 3.893691e-01
INDE trace(X-X^2) = 1.494475e+00
INDE trace(X) = 4.580969e+01
INDE Checking stopping criterion...   
INDE Order of convergence cannot be computed
TIDE stopping_criterion took      0.00 usr cpu s       0.00 sys cpu s       0.00 wall s
TIDE Iteration 14 took      0.00 usr cpu s       0.01 sys cpu s       0.00 wall s
INDE     ITERATION 15 :
TIDE purify_X took      0.00 usr cpu s       0.00 sys cpu s       0.00 wall s
TIDE truncate_matrix took      0.00 usr cpu s       0.00 sys cpu s       0.00 wall s
INDE Actual introduced error   0.000000e+00 : nnz before  5329 <-> 100.00 % , nnz after  5329 <-> 100.00 %
TIDE square took      0.00 usr cpu s       0.00 sys cpu s       0.00 wall s
INDE NNZ Xsq = 5329 <-> 100.00 %
TIDE Frobenius norm of X-X^2 took      0.00 usr cpu s       0.00 sys cpu s       0.00 wall s
TIDE Mixed norm of X-X^2 took      0.00 usr cpu s       0.01 sys cpu s       0.00 wall s
TIDE Trace of X-X^2 took      0.00 usr cpu s       0.00 sys cpu s       0.00 wall s
INDE ||X-X^2||_F = 2.794268e-01 , ||X-X^2||_mixed = 2.729008e-01
INDE trace(X-X^2) = 6.335626e-01
INDE trace(X) = 4.730416e+01
INDE Checking stopping criterion...   
INDE e_i =2.729008e-01, C*e_{i-1}^q = 1.052483e+00
INDE Order of convergence = 3.437093, stop = 0
TIDE stopping_criterion took      0.00 usr cpu s       0.00 sys cpu s       0.00 wall s
TIDE Iteration 15 took      0.00 usr cpu s       0.01 sys cpu s       0.00 wall s
INDE     ITERATION 16 :
TIDE purify_X took      0.00 usr cpu s       0.00 sys cpu s       0.00 wall s
TIDE truncate_matrix took      0.00 usr cpu s       0.00 sys cpu s       0.00 wall s
INDE Actual introduced error   0.000000e+00 : nnz before  5329 <-> 100.00 % , nnz after  5329 <-> 100.00 %
TIDE square took      0.00 usr cpu s       0.00 sys cpu s       0.00 wall s
INDE NNZ Xsq = 5329 <-> 100.00 %
TIDE Frobenius norm of X-X^2 took      0.00 usr cpu s       0.00 sys cpu s       0.00 wall s
TIDE Mixed norm of X-X^2 took      0.00 usr cpu s       0.01 sys cpu s       0.00 wall s
TIDE Trace of X-X^2 took      0.00 usr cpu s       0.00 sys cpu s       0.00 wall s
INDE ||X-X^2||_F = 2.035475e-01 , ||X-X^2||_mixed = 1.971634e-01
INDE trace(X-X^2) = 5.336243e-01
INDE trace(X) = 4.667060e+01
INDE Checking stopping criterion...   
INDE e_i =1.971634e-01, C*e_{i-1}^q = 1.044156e+00
INDE Order of convergence = 3.767264, stop = 0
TIDE stopping_criterion took      0.00 usr cpu s       0.00 sys cpu s       0.00 wall s
TIDE Iteration 16 took      0.00 usr cpu s       0.01 sys cpu s       0.00 wall s
INDE     ITERATION 17 :
TIDE purify_X took      0.00 usr cpu s       0.00 sys cpu s       0.00 wall s
TIDE truncate_matrix took      0.00 usr cpu s       0.00 sys cpu s       0.00 wall s
INDE Actual introduced error   0.000000e+00 : nnz before  5329 <-> 100.00 % , nnz after  5329 <-> 100.00 %
TIDE square took      0.00 usr cpu s       0.00 sys cpu s       0.00 wall s
INDE NNZ Xsq = 5329 <-> 100.00 %
TIDE Frobenius norm of X-X^2 took      0.00 usr cpu s       0.00 sys cpu s       0.00 wall s
TIDE Mixed norm of X-X^2 took      0.00 usr cpu s       0.00 sys cpu s       0.00 wall s
TIDE Trace of X-X^2 took      0.00 usr cpu s       0.00 sys cpu s       0.00 wall s
INDE ||X-X^2||_F = 1.611719e-01 , ||X-X^2||_mixed = 1.605291e-01
INDE trace(X-X^2) = 2.506771e-01
INDE trace(X) = 4.720423e+01
INDE Checking stopping criterion...   
INDE e_i =1.605291e-01, C*e_{i-1}^q = 5.129230e-01
INDE Order of convergence = 2.894508, stop = 0
TIDE stopping_criterion took      0.00 usr cpu s       0.00 sys cpu s       0.00 wall s
TIDE Iteration 17 took      0.00 usr cpu s       0.01 sys cpu s       0.00 wall s
INDE     ITERATION 18 :
TIDE purify_X took      0.00 usr cpu s       0.00 sys cpu s       0.00 wall s
TIDE truncate_matrix took      0.00 usr cpu s       0.00 sys cpu s       0.00 wall s
INDE Actual introduced error   0.000000e+00 : nnz before  5329 <-> 100.00 % , nnz after  5329 <-> 100.00 %
TIDE square took      0.00 usr cpu s       0.00 sys cpu s       0.00 wall s
INDE NNZ Xsq = 5329 <-> 100.00 %
TIDE Frobenius norm of X-X^2 took      0.00 usr cpu s       0.00 sys cpu s       0.00 wall s
TIDE Mixed norm of X-X^2 took      0.00 usr cpu s       0.00 sys cpu s       0.00 wall s
TIDE Trace of X-X^2 took      0.00 usr cpu s       0.00 sys cpu s       0.00 wall s
INDE ||X-X^2||_F = 5.630980e-02 , ||X-X^2||_mixed = 5.554266e-02
INDE trace(X-X^2) = 1.169177e-01
INDE trace(X) = 4.695355e+01
INDE Checking stopping criterion...   
INDE e_i =5.554266e-02, C*e_{i-1}^q = 2.677289e-01
INDE Order of convergence = 2.968653, stop = 0
TIDE stopping_criterion took      0.00 usr cpu s       0.00 sys cpu s       0.00 wall s
TIDE Iteration 18 took      0.00 usr cpu s       0.01 sys cpu s       0.00 wall s
INDE     ITERATION 19 :
TIDE purify_X took      0.00 usr cpu s       0.00 sys cpu s       0.00 wall s
TIDE truncate_matrix took      0.00 usr cpu s       0.00 sys cpu s       0.00 wall s
INDE Actual introduced error   0.000000e+00 : nnz before  5329 <-> 100.00 % , nnz after  5329 <-> 100.00 %
TIDE square took      0.00 usr cpu s       0.00 sys cpu s       0.00 wall s
INDE NNZ Xsq = 5329 <-> 100.00 %
TIDE Frobenius norm of X-X^2 took      0.00 usr cpu s       0.00 sys cpu s       0.00 wall s
TIDE Mixed norm of X-X^2 took      0.00 usr cpu s       0.00 sys cpu s       0.00 wall s
TIDE Trace of X-X^2 took      0.00 usr cpu s       0.00 sys cpu s       0.00 wall s
INDE ||X-X^2||_F = 6.180593e-02 , ||X-X^2||_mixed = 6.179932e-02
INDE trace(X-X^2) = 7.059980e-02
INDE trace(X) = 4.707047e+01
INDE Checking stopping criterion...   
INDE e_i =6.179932e-02, C*e_{i-1}^q = 1.774804e-01
INDE Order of convergence = 2.576712, stop = 0
TIDE stopping_criterion took      0.00 usr cpu s       0.00 sys cpu s       0.00 wall s
TIDE Iteration 19 took      0.00 usr cpu s       0.01 sys cpu s       0.00 wall s
INDE     ITERATION 20 :
TIDE purify_X took      0.00 usr cpu s       0.00 sys cpu s       0.00 wall s
TIDE truncate_matrix took      0.00 usr cpu s       0.00 sys cpu s       0.00 wall s
INDE Actual introduced error   0.000000e+00 : nnz before  5329 <-> 100.00 % , nnz after  5329 <-> 100.00 %
TIDE square took      0.00 usr cpu s       0.00 sys cpu s       0.00 wall s
INDE NNZ Xsq = 5329 <-> 100.00 %
TIDE Frobenius norm of X-X^2 took      0.00 usr cpu s       0.00 sys cpu s       0.00 wall s
TIDE Mixed norm of X-X^2 took      0.00 usr cpu s       0.00 sys cpu s       0.00 wall s
TIDE Trace of X-X^2 took      0.00 usr cpu s       0.00 sys cpu s       0.00 wall s
INDE ||X-X^2||_F = 5.220104e-03 , ||X-X^2||_mixed = 5.181888e-03
INDE trace(X-X^2) = 8.840856e-03
INDE trace(X) = 4.699987e+01
INDE Checking stopping criterion...   
INDE e_i =5.181888e-03, C*e_{i-1}^q = 2.124693e-02
INDE Order of convergence = 2.488148, stop = 0
TIDE stopping_criterion took      0.00 usr cpu s       0.00 sys cpu s       0.00 wall s
TIDE Iteration 20 took      0.01 usr cpu s       0.00 sys cpu s       0.00 wall s
INDE     ITERATION 21 :
TIDE purify_X took      0.00 usr cpu s       0.00 sys cpu s       0.00 wall s
TIDE truncate_matrix took      0.00 usr cpu s       0.00 sys cpu s       0.00 wall s
INDE Actual introduced error   0.000000e+00 : nnz before  5329 <-> 100.00 % , nnz after  5329 <-> 100.00 %
TIDE square took      0.00 usr cpu s       0.00 sys cpu s       0.00 wall s
INDE NNZ Xsq = 5329 <-> 100.00 %
TIDE Frobenius norm of X-X^2 took      0.00 usr cpu s       0.00 sys cpu s       0.00 wall s
TIDE Mixed norm of X-X^2 took      0.00 usr cpu s       0.01 sys cpu s       0.00 wall s
TIDE Trace of X-X^2 took      0.00 usr cpu s       0.00 sys cpu s       0.00 wall s
INDE ||X-X^2||_F = 8.545540e-03 , ||X-X^2||_mixed = 8.545539e-03
INDE trace(X-X^2) = 8.650778e-03
INDE trace(X) = 4.700871e+01
INDE Checking stopping criterion...   
INDE e_i =8.545539e-03, C*e_{i-1}^q = 2.630329e-02
INDE Order of convergence = 2.403858, stop = 0
TIDE stopping_criterion took      0.00 usr cpu s       0.00 sys cpu s       0.00 wall s
TIDE Iteration 21 took      0.00 usr cpu s       0.01 sys cpu s       0.00 wall s
INDE     ITERATION 22 :
TIDE purify_X took      0.00 usr cpu s       0.00 sys cpu s       0.00 wall s
TIDE truncate_matrix took      0.00 usr cpu s       0.00 sys cpu s       0.00 wall s
INDE Actual introduced error   0.000000e+00 : nnz before  5329 <-> 100.00 % , nnz after  5329 <-> 100.00 %
TIDE square took      0.00 usr cpu s       0.00 sys cpu s       0.00 wall s
INDE NNZ Xsq = 5329 <-> 100.00 %
TIDE Frobenius norm of X-X^2 took      0.00 usr cpu s       0.00 sys cpu s       0.00 wall s
TIDE Mixed norm of X-X^2 took      0.00 usr cpu s       0.01 sys cpu s       0.00 wall s
TIDE Trace of X-X^2 took      0.00 usr cpu s       0.00 sys cpu s       0.00 wall s
INDE ||X-X^2||_F = 7.533138e-05 , ||X-X^2||_mixed = 7.529204e-05
INDE trace(X-X^2) = 9.187800e-05
INDE trace(X) = 4.700006e+01
INDE Checking stopping criterion...   
INDE e_i =7.529204e-05, C*e_{i-1}^q = 1.849349e-04
INDE Order of convergence = 2.170758, stop = 0
TIDE stopping_criterion took      0.00 usr cpu s       0.00 sys cpu s       0.00 wall s
TIDE Iteration 22 took      0.00 usr cpu s       0.01 sys cpu s       0.00 wall s
INDE     ITERATION 23 :
TIDE purify_X took      0.00 usr cpu s       0.00 sys cpu s       0.00 wall s
TIDE truncate_matrix took      0.00 usr cpu s       0.00 sys cpu s       0.00 wall s
INDE Actual introduced error   0.000000e+00 : nnz before  5329 <-> 100.00 % , nnz after  5329 <-> 100.00 %
TIDE square took      0.00 usr cpu s       0.00 sys cpu s       0.00 wall s
INDE NNZ Xsq = 5329 <-> 100.00 %
TIDE Frobenius norm of X-X^2 took      0.00 usr cpu s       0.00 sys cpu s       0.00 wall s
TIDE Mixed norm of X-X^2 took      0.00 usr cpu s       0.00 sys cpu s       0.00 wall s
TIDE Trace of X-X^2 took      0.00 usr cpu s       0.00 sys cpu s       0.00 wall s
INDE ||X-X^2||_F = 2.500691e-05 , ||X-X^2||_mixed = 2.499147e-05
INDE trace(X-X^2) = 3.516933e-05
INDE trace(X) = 4.699996e+01
INDE Checking stopping criterion...   
INDE Order of convergence cannot be computed
TIDE stopping_criterion took      0.00 usr cpu s       0.00 sys cpu s       0.00 wall s
TIDE Iteration 23 took      0.00 usr cpu s       0.01 sys cpu s       0.00 wall s
INDE     ITERATION 24 :
TIDE purify_X took      0.00 usr cpu s       0.00 sys cpu s       0.00 wall s
TIDE truncate_matrix took      0.00 usr cpu s       0.00 sys cpu s       0.00 wall s
INDE Actual introduced error   0.000000e+00 : nnz before  5329 <-> 100.00 % , nnz after  5329 <-> 100.00 %
TIDE square took      0.00 usr cpu s       0.00 sys cpu s       0.00 wall s
INDE NNZ Xsq = 5329 <-> 100.00 %
TIDE Frobenius norm of X-X^2 took      0.00 usr cpu s       0.00 sys cpu s       0.00 wall s
TIDE Mixed norm of X-X^2 took      0.00 usr cpu s       0.00 sys cpu s       0.00 wall s
TIDE Trace of X-X^2 took      0.00 usr cpu s       0.00 sys cpu s       0.00 wall s
INDE ||X-X^2||_F = 1.104861e-08 , ||X-X^2||_mixed = 1.104854e-08
INDE trace(X-X^2) = 1.166396e-08
INDE trace(X) = 4.700000e+01
INDE Checking stopping criterion...   
INDE e_i =1.104854e-08, C*e_{i-1}^q = 3.904279e-08
INDE Order of convergence = 2.132962, stop = 0
TIDE stopping_criterion took      0.00 usr cpu s       0.00 sys cpu s       0.00 wall s
TIDE Iteration 24 took      0.00 usr cpu s       0.01 sys cpu s       0.00 wall s
INDE     ITERATION 25 :
TIDE purify_X took      0.00 usr cpu s       0.00 sys cpu s       0.00 wall s
TIDE truncate_matrix took      0.00 usr cpu s       0.00 sys cpu s       0.00 wall s
INDE Actual introduced error   0.000000e+00 : nnz before  5329 <-> 100.00 % , nnz after  5329 <-> 100.00 %
TIDE square took      0.00 usr cpu s       0.00 sys cpu s       0.00 wall s
INDE NNZ Xsq = 5329 <-> 100.00 %
TIDE Frobenius norm of X-X^2 took      0.00 usr cpu s       0.00 sys cpu s       0.00 wall s
TIDE Mixed norm of X-X^2 took      0.00 usr cpu s       0.00 sys cpu s       0.00 wall s
TIDE Trace of X-X^2 took      0.00 usr cpu s       0.00 sys cpu s       0.00 wall s
INDE ||X-X^2||_F = 9.407582e-10 , ||X-X^2||_mixed = 9.404634e-10
INDE trace(X-X^2) = 1.250747e-09
INDE trace(X) = 4.700000e+01
INDE Checking stopping criterion...   
INDE e_i =9.404634e-10, C*e_{i-1}^q = 4.301564e-09
INDE Order of convergence = 2.143471, stop = 0
TIDE stopping_criterion took      0.00 usr cpu s       0.00 sys cpu s       0.00 wall s
TIDE Iteration 25 took      0.00 usr cpu s       0.01 sys cpu s       0.00 wall s
INDE     ITERATION 26 :
TIDE purify_X took      0.00 usr cpu s       0.00 sys cpu s       0.00 wall s
TIDE truncate_matrix took      0.00 usr cpu s       0.00 sys cpu s       0.00 wall s
INDE Actual introduced error   0.000000e+00 : nnz before  5329 <-> 100.00 % , nnz after  5329 <-> 100.00 %
TIDE square took      0.00 usr cpu s       0.00 sys cpu s       0.00 wall s
INDE NNZ Xsq = 5329 <-> 100.00 %
TIDE Frobenius norm of X-X^2 took      0.00 usr cpu s       0.00 sys cpu s       0.00 wall s
TIDE Mixed norm of X-X^2 took      0.00 usr cpu s       0.00 sys cpu s       0.00 wall s
TIDE Trace of X-X^2 took      0.00 usr cpu s       0.00 sys cpu s       0.00 wall s
INDE ||X-X^2||_F = 1.836497e-15 , ||X-X^2||_mixed = 0.000000e+00
INDE trace(X-X^2) = 0.000000e+00
INDE trace(X) = 4.700000e+01
INDE Checking stopping criterion...   
INDE ************************************************************************************************************
INDE The norm value went much below machine precision, therefore we stop here since n_max can be underestimated.
INDE ************************************************************************************************************
INDE e_i =0.000000e+00, C*e_{i-1}^q = 8.407223e-16
INDE Order of convergence = inf, stop = 1
TIDE stopping_criterion took      0.00 usr cpu s       0.00 sys cpu s       0.00 wall s
INDE PURIFICATION CONVERGED after 26 iterations
TIDE Iteration 26 took      0.00 usr cpu s       0.01 sys cpu s       0.00 wall s
INDE Number of non-zeros in D is  5329 <-> 100.00 %
TIDE FileWritable::writeAndReadAll took      0.00 usr cpu s       0.00 sys cpu s       0.00 wall s
INDE writeAndReadAll sizesStr: '0 MB (1 MatrixGeneral, 0 > 1 MB) + 0 MB (13 MatrixSymmetric, 0 > 1 MB) + 0 MB (2 VectorGeneral, 0 > 1 MB) = 0 MB (16 total, 0 > 1 MB)
INDE TOTAL X square time: 0.007257 wall s
INDE TOTAL X trunction time: 0.001362 wall s
INDE TOTAL X purify (exl. X^2 computation) time: 0.001048 wall s
INDE TOTAL time to get number of non-zero elements: 0.000982 wall s
INDE TOTAL time to get mixed norm: 0.017591 wall s
INDE TOTAL time to get Frobenius norm: 0.001036 wall s
INDE TOTAL time for stopping criterion: 0.001384 wall s
INDE TOTAL time to get matrix trace: 0.000538 wall s
INDE Estimated bounds for the eigenvalues for the Fock matrix:
INDE LUMO: [ 0.007027590236 , 0.028191864140 ]
INDE HOMO: [ -0.267462118964 , -0.235374259139 ]
TIDE eigenvalue_bounds_estimation() took      0.00 usr cpu s       0.00 sys cpu s       0.00 wall s
TIDE Recursive expansion took      0.11 usr cpu s       0.34 sys cpu s       0.06 wall s
TIDE Puri->PurificationStart() took      0.11 usr cpu s       0.34 sys cpu s       0.06 wall s
TIDE Accumulated wall times for writeToFile in PurificationStart()          : 0 s (MatrixGeneral) + 0 s (MatrixSymmetric) + 3.1e-05 s (VectorGeneral) = 3.1e-05 s
TIDE Accumulated wall times for readFromFile in PurificationStart()         : 0 s (MatrixGeneral) + 2.9e-06 s (MatrixSymmetric) + 1.3e-05 s (VectorGeneral) = 1.6e-05 s
TIDE Accumulated wall times for copy and assign in PurificationStart()      : 1.9e-06 s (MatrixSymmetric) + 4e-05 s (VectorGeneral) = 4.1e-05 s
INDE Number of calls to writeToFile in PurificationStart()                  : 2 (MatrixGeneral) + 27 (MatrixSymmetric) + 323 (VectorGeneral) = 352 
INDE Number of calls to readFromFile in PurificationStart()                 : 2 (MatrixGeneral) + 26 (MatrixSymmetric) + 123 (VectorGeneral) = 151 
INDE Number of calls to FileWritable copy and assign in PurificationStart() : 2 (MatrixSymmetric) + 28 (VectorGeneral) = 30 
TIDE mat::Gblas::time after purification :     0.185630
INDE Created .m files with results of the purification
INDE Purification converged OK
INDE E(LUMO) - E(HOMO) >=          0.24240184938 =          6.59609038163 eV
INDE E(LUMO) - E(HOMO) <=          0.29565398310 =          8.04515476786 eV
INDE HOMO interval : [   -0.267462118964   -0.235374259139 ]
INDE LUMO interval : [    0.007027590236    0.028191864140 ]
INDE Trace of resulting density matrix is         47.00000000000, error is   0.00000000000000.
INDE Truncated D_ort ( mixed ), selected threshold = 9.99999e-08, returned error =          0, nnz before = 5329 <-> 100.0000 %, nnz after = 5329 <-> 100.0000 %
TIDE FileWritable::writeAndReadAll took      0.00 usr cpu s       0.00 sys cpu s       0.00 wall s
INDE writeAndReadAll sizesStr: '0 MB (1 MatrixGeneral, 0 > 1 MB) + 0 MB (12 MatrixSymmetric, 0 > 1 MB) + 0 MB (1 MatrixTriangular, 0 > 1 MB) = 0 MB (14 total, 0 > 1 MB)
TIDE D_w to non-orthogonal basis took      0.00 usr cpu s       0.01 sys cpu s       0.00 wall s
INDE Truncated D_S (eucl with Z), selected threshold = 9.99999e-08, returned error =          0, nnz before = 100.0000 %, nnz after = 100.0000 %
INDE get_dens_from_fock_sparse ending OK
TIDE get_dens_from_fock_sparse took      0.13 usr cpu s       0.44 sys cpu s       0.07 wall s
ERDE get_dens_from_fock  (GetDensFromFock class) : purification finished OK.
TIDE get_dens_from_fock took      0.14 usr cpu s       0.45 sys cpu s       0.07 wall s
INSC Matrix 'new density matrix' ( symm ): n =     73, nnz =         5329 <-> 100.00 %, mem usage  0.0000 G
INSC Tr( D * S ) =         94.00000000000
TISC get_new_density_matrix took      0.14 usr cpu s       0.45 sys cpu s       0.07 wall s
INSC SCF_restricted::report_density_difference, diff_eucl =          2.82949231235
TISC SCF_restricted::report_density_difference took      0.00 usr cpu s       0.04 sys cpu s       0.01 wall s
INMA ddf_writeShellListAndDensityMatricesToFile_sparse, n =     73, densityMatrixList[0].nvalues =        2701
INMA opened temporary file 'density.bin.lZNkw1' for writing
INMA Choosing matrixStorageType = MATRIX_STORAGE_TYPE_TRIANGLE.
INMA fileSize =           46848 bytes =      0.047 MegaBytes
INMA renamed file 'density.bin.lZNkw1' to 'density.bin'
INMA ddf_writeShellListAndDensityMatricesToFile_sparse freeing buffer.
INMA ddf_writeShellListAndDensityMatricesToFile_sparse returning OK.
TISC write_density_to_file took      0.01 usr cpu s       0.04 sys cpu s       0.01 wall s
INSC SCF cycle   4 finished.
TISC SCF cycle   4 took      7.56 usr cpu s       1.03 sys cpu s       2.23 wall s
INSC Beginning of SCF cycle 5:  Thu Mar 26 20:00:07 2026
INDE compute_J_by_boxes_sparse() start.
TIDE FileWritable::writeAndReadAll took      0.00 usr cpu s       0.00 sys cpu s       0.00 wall s
INDE writeAndReadAll: '0 MB (1 MatrixGeneral, 0 > 1 MB) + 0 MB (11 MatrixSymmetric, 0 > 1 MB) = 0 MB (12 total, 0 > 1 MB)
IN   compute_J_by_boxes_sparse, maxDensityMatrixElement =          2.11042594126
ININ get_basis_func_pair_list, n =     73
ININ create_box_system end OK, toplevelBoxSize:   7.0, #levels:  3, #boxes at top level:      6
TIIN get_basis_func_pair_list_2el took      0.06 usr cpu s       0.16 sys cpu s       0.03 wall s
IN   compute_J_by_boxes_sparse: noOfBasisFuncIndexPairs = 2598 ==> storing  48.75 % of a full matrix
ININ entering compute_J_by_boxes_linear, no of basis funcs =    73, threshold_J =   1e-12
ININ use_fmm = 1, fmm_box_size =   5.00
TIIN Compute extent for all distrs took      0.05 usr cpu s       0.04 sys cpu s       0.05 wall s
ININ extent_min =    0.000, extent_max =    8.395
ININ Creating list of distributions etc done, distrCount =     36059
TIIN Creating list of distributions etc took      0.14 usr cpu s       0.31 sys cpu s       0.09 wall s
ININ create_box_system end OK, toplevelBoxSize:   5.0, #levels:  3, #boxes at top level:     10
TIIN Creating boxes took      0.00 usr cpu s       0.00 sys cpu s       0.00 wall s
ININ noOfBranches = 4, splitters:   5.00  2.50  0.00
ININ J org done, groupCount =     3008
TIIN J org took      0.12 usr cpu s       0.00 sys cpu s       0.12 wall s
TIIN Generate group multipoles took      0.08 usr cpu s       0.00 sys cpu s       0.08 wall s
ININ totChargeWholeSystem =          0.00000000000
ININ Generating multipole for each branch at top level, MAX_MULTIPOLE_DEGREE = 15
TIIN Translate multipoles (step 1) took      0.07 usr cpu s       0.00 sys cpu s       0.07 wall s
TIIN Translate multipoles (step 2) took      0.07 usr cpu s       0.00 sys cpu s       0.07 wall s
ININ job lists for J created OK, noOfJobs_J_standard =      759, noOfJobs_J_multipole =      122
TIIN Creating job lists for J took      0.00 usr cpu s       0.00 sys cpu s       0.00 wall s
ININ execute_joblist_J_std_threaded, noOfThreads =  8
ININ 8 threads started OK.
ININ all 8 threads have finished.
TIIN execute_joblist_J_std_threaded took      3.40 usr cpu s       0.00 sys cpu s       0.55 wall s
TIIN sort_list_of_multipole_jobs init part took      0.00 usr cpu s       0.00 sys cpu s       0.00 wall s
TIIN sort_list_of_multipole_jobs complete took      0.00 usr cpu s       0.00 sys cpu s       0.00 wall s
TIIN sort_list_of_multipole_jobs took      0.00 usr cpu s       0.00 sys cpu s       0.00 wall s
ININ execute_joblist_J_fmm_shared: Allocating multipoleList_4, maxnoOfMinimalDistrsPerBoxBranch =      7533
ININ execute_joblist_J_fmm_shared: jobIndexLo =            0, jobIndexHi =           15
ININ execute_joblist_J_fmm_shared: Allocating multipoleList_4, maxnoOfMinimalDistrsPerBoxBranch =      7533
ININ execute_joblist_J_fmm_shared: jobIndexLo =           15, jobIndexHi =           30
ININ execute_joblist_J_fmm_shared: Allocating multipoleList_4, maxnoOfMinimalDistrsPerBoxBranch =      7533
ININ execute_joblist_J_fmm_shared: jobIndexLo =           30, jobIndexHi =           45
ININ execute_joblist_J_fmm_shared: Allocating multipoleList_4, maxnoOfMinimalDistrsPerBoxBranch =      7533
ININ execute_joblist_J_fmm_shared: jobIndexLo =           45, jobIndexHi =           61
ININ execute_joblist_J_fmm_shared: Allocating multipoleList_4, maxnoOfMinimalDistrsPerBoxBranch =      7533
ININ execute_joblist_J_fmm_shared: jobIndexLo =           61, jobIndexHi =           76
ININ execute_joblist_J_fmm_shared: Allocating multipoleList_4, maxnoOfMinimalDistrsPerBoxBranch =      7533
ININ execute_joblist_J_fmm_shared: jobIndexLo =           76, jobIndexHi =           91
ININ execute_joblist_J_fmm_shared: Allocating multipoleList_4, maxnoOfMinimalDistrsPerBoxBranch =      7533
ININ execute_joblist_J_fmm_shared: jobIndexLo =           91, jobIndexHi =          106
ININ execute_joblist_J_fmm_shared: Allocating multipoleList_4, maxnoOfMinimalDistrsPerBoxBranch =      7533
ININ execute_joblist_J_fmm_shared: jobIndexLo =          106, jobIndexHi =          122
ININ execute_joblist_J_fmm_shared: done!
ININ execute_joblist_J_fmm_shared: done!
ININ execute_joblist_J_fmm_shared: done!
ININ execute_joblist_J_fmm_shared: done!
ININ execute_joblist_J_fmm_shared: done!
ININ execute_joblist_J_fmm_shared: done!
ININ execute_joblist_J_fmm_shared: done!
ININ execute_joblist_J_fmm_shared: done!
ININ multipole job list for J executed, largest L used: 13
TIIN Executing multipole job list for J took      0.04 usr cpu s       0.00 sys cpu s       0.03 wall s
ININ compute_J_by_boxes_linear ending OK.
TIIN compute_J_by_boxes_linear took      3.94 usr cpu s       0.31 sys cpu s       1.02 wall s
TI   compute_J_by_boxes_sparse total took      4.00 usr cpu s       0.48 sys cpu s       1.05 wall s
ININ entering create_CSR_for_K, no of basis funcs =    73, threshold_K =   1e-12
ININ create_box_system end OK, toplevelBoxSize:   7.0, #levels:  3, #boxes at top level:      6
ININ create_box_system end OK, toplevelBoxSize:   7.0, #levels:  3, #boxes at top level:      6
ININ create_box_system end OK, toplevelBoxSize:   7.0, #levels:  3, #boxes at top level:      6
TIIN create_CSR_for_K getting list of distrs took      0.04 usr cpu s       0.00 sys cpu s       0.04 wall s
ININ list of neighbors complete.
TIIN create_CSR_for_K getting list of neighbors took      0.00 usr cpu s       0.00 sys cpu s       0.00 wall s
TIIN create_CSR_for_K sort each list of neighbors took      0.00 usr cpu s       0.00 sys cpu s       0.00 wall s
ININ 8 threads started OK.
TIIN identify_needed_elements() took      0.72 usr cpu s       0.00 sys cpu s       0.14 wall s
ININ computing nnz..
ININ create_CSR_for_K: predicted nnz =         2701, <->  50.68% of a full matrix
TIIN create_CSR_for_K last part took      0.00 usr cpu s       0.00 sys cpu s       0.00 wall s
TIIN create_CSR_for_K total took      0.77 usr cpu s       0.00 sys cpu s       0.19 wall s
ININ entering compute_K_by_boxes, no of basis funcs =    73, threshold_K =   1e-12, exchange_box_size =   5.00
ININ create_box_system end OK, toplevelBoxSize:   7.0, #levels:  3, #boxes at top level:      6
ININ create_box_system end OK, toplevelBoxSize:   7.0, #levels:  3, #boxes at top level:      6
ININ create_box_system end OK, toplevelBoxSize:   7.0, #levels:  3, #boxes at top level:      6
TIIN Compute extent for all distrs took      0.05 usr cpu s       0.00 sys cpu s       0.05 wall s
ININ Creating list of distributions done, distrCountTot =     36059
TIIN Creating list of distributions took      0.09 usr cpu s       0.00 sys cpu s       0.09 wall s
ININ create_box_system end OK, toplevelBoxSize:   5.0, #levels:  3, #boxes at top level:     10
ININ create_box_system end OK, toplevelBoxSize:   2.5, #levels:  4, #boxes at top level:     16
ININ noOfLevelsBasisFuncs = 4, noOfLevelsDiff = 1
TIIN Creating boxes etc took      0.00 usr cpu s       0.00 sys cpu s       0.00 wall s
TIIN getting multipoleNormVectorList took      0.08 usr cpu s       0.00 sys cpu s       0.08 wall s
TIIN K organize_distributions for all boxes took      0.13 usr cpu s       0.00 sys cpu s       0.13 wall s
ININ starting loop to setup basisFuncGroupInfoList, with added index checks.
TIIN GetLimitsAllLevels took      0.03 usr cpu s       0.00 sys cpu s       0.03 wall s
ININ getDmatLimitMatrixCSRList start.
TIIN getting densityMatrixLimitMatrixList took      0.00 usr cpu s       0.00 sys cpu s       0.00 wall s
ININ job list for K created,       55 jobs
TIIN creating job list for K took      0.00 usr cpu s       0.00 sys cpu s       0.00 wall s
ININ execute_joblist_K_threaded, noOfThreads =  8, basisFuncListCount_max =    67
ININ 8 threads started OK.
ININ all 8 threads have finished, took        1 wall s.
TIIN Executing job list for K took      2.11 usr cpu s       0.01 sys cpu s       0.50 wall s
TIIN compute_K_by_boxes took      2.44 usr cpu s       0.01 sys cpu s       0.83 wall s
TI   compute_K_by_boxes_sparse total took      3.21 usr cpu s       0.01 sys cpu s       1.01 wall s
INSC About to truncate FockMatrix, gap of Fprev >=          0.24240184938
TISC symmMatrix::mixed_diff for F vs Fprev maxEigValMovement_mixed took      0.00 usr cpu s       0.00 sys cpu s       0.00 wall s
TISC symmMatrix::eucl_diff for maxEigValMovement_eucl  took      0.01 usr cpu s       0.03 sys cpu s       0.01 wall s
INSC maxEigValMovement_frob  =          1.63094460403
INSC maxEigValMovement_mixed =          1.28342603704
INSC maxEigValMovement_eucl  =          0.61662452230
TISC FockMatrix.eucl_thresh() (with Z) took      0.00 usr cpu s       0.00 sys cpu s       0.00 wall s
INSC Truncated FockMatrix (eucl with Z), selected threshold =      5e-09, returned error =          0, nnz before = 100.0000 %, nnz after = 100.0000 %
INSC Matrix 'S' ( symm ): n =     73, nnz =         5329 <-> 100.00 %, mem usage  0.0000 G
INSC Matrix 'F' ( symm ): n =     73, nnz =         5329 <-> 100.00 %, mem usage  0.0000 G
INSC Matrix 'D' ( symm ): n =     73, nnz =         5329 <-> 100.00 %, mem usage  0.0000 G
INSC nuclearEnergy, energy_2el, energy = 782.160484, 1014.045887, -636.447163
INSC Energy   5 =       -636.44716292527  ( diff     -4.531741294930271 )
INSC calling compute_FDSminusSDF_sparse, n = 73
INDE compute_FDSminusSDF_sparse() start.
TIDE FileWritable::writeAndReadAll took      0.00 usr cpu s       0.00 sys cpu s       0.00 wall s
INDE writeAndReadAll: '0 MB (1 MatrixGeneral, 0 > 1 MB) + 0 MB (9 MatrixSymmetric, 0 > 1 MB) = 0 MB (10 total, 0 > 1 MB)
TISC compute_FDSminusSDF_sparse, F*D mult took      0.00 usr cpu s       0.00 sys cpu s       0.00 wall s
INSC Matrix 'FD before eucl truncation' (normal): n =     73, nnz =         5329 <-> 100.00 %, mem usage  0.0000 G
INSC Matrix 'FD after  eucl truncation' (normal): n =     73, nnz =         5329 <-> 100.00 %, mem usage  0.0000 G
INSC Matrix 'FDS before eucl truncation' (normal): n =     73, nnz =         5329 <-> 100.00 %, mem usage  0.0000 G
INSC Matrix 'FDS after  eucl truncation' (normal): n =     73, nnz =         5329 <-> 100.00 %, mem usage  0.0000 G
INSC compute_FDSminusSDF_sparse ending OK.
TISC compute_FDSminusSDF_sparse took      0.00 usr cpu s       0.01 sys cpu s       0.00 wall s
INSC Matrix 'FDS-SDF' (normal): n =     73, nnz =         5329 <-> 100.00 %, mem usage  0.0000 G
INSC SCF_restricted::get_FDSminusSDF finished.
TISC get_FDSminusSDF took      0.00 usr cpu s       0.01 sys cpu s       0.00 wall s
INSC maxabs FDS-SDF is    0.175
INSC frob   FDS-SDF is    0.791
TISC get_error_measure took      0.00 usr cpu s       0.00 sys cpu s       0.00 wall s
INSC the energy got better, but we do not dare to try DIIS yet, noOfImprovementsInARow = 2
INSC mixing best Fock matrix so far with next one, stepLength =   0.440000
INSC increased steplength by factor 1.1, stepLength =   0.484000
TISC clear_error_matrices took      0.00 usr cpu s       0.00 sys cpu s       0.00 wall s
TISC save_current_fock_as_fprev took      0.00 usr cpu s       0.00 sys cpu s       0.00 wall s
INDE get_dens_from_fock_general, n = 73, use_diagonalization = 0, use_diag_on_error = 1
INDE Before writeAndReadAll(): AllocatorManager statistics:  noOfRealsPerBuffer: 1024 noOfBuffers: 20000 list.size(): 1. Allocated: 0.164 GB, Used: 0.000295 GB, Peak alloc: 0.164 GB.
TIDE FileWritable::writeAndReadAll took      0.00 usr cpu s       0.00 sys cpu s       0.00 wall s
INDE writeAndReadAll sizesStr: '0 MB (1 MatrixGeneral, 0 > 1 MB) + 0 MB (7 MatrixSymmetric, 0 > 1 MB) = 0 MB (8 total, 0 > 1 MB)
INDE After writeAndReadAll(): AllocatorManager statistics:  noOfRealsPerBuffer: 1024 noOfBuffers: 20000 list.size(): 1. Allocated: 0.164 GB, Used: 0.000295 GB, Peak alloc: 0.164 GB.
INDE calling get_dens_from_fock_sparse, n =     73, subspaceErrorLimit = 1e-06
INDE get_dens_from_fock_sparse() start!
INDE After F.readFromFile(): AllocatorManager statistics:  noOfRealsPerBuffer: 1024 noOfBuffers: 20000 list.size(): 1. Allocated: 0.164 GB, Used: 0.000295 GB, Peak alloc: 0.164 GB.
INDE After creating wrapper MatrixType F_w(F): AllocatorManager statistics:  noOfRealsPerBuffer: 1024 noOfBuffers: 20000 list.size(): 1. Allocated: 0.164 GB, Used: 0.000319 GB, Peak alloc: 0.164 GB.
TIDE  F_w to orthogonal basis took      0.00 usr cpu s       0.00 sys cpu s       0.00 wall s
TIDE MatrixType::mixed_diff for maxEigValMovement_mixed took      0.00 usr cpu s       0.01 sys cpu s       0.00 wall s
TIDE symmMatrixWrap::eucl_diff for maxEigValMovement_eucl  took      0.01 usr cpu s       0.07 sys cpu s       0.01 wall s
INDE maxEigValMovement_frob  =          0.69294467872
INDE maxEigValMovement_mixed =          0.53571065926
INDE maxEigValMovement_eucl  =          0.24034374623
INDE lumo before truncation: [ -0.233316155998 , 0.268535610375 ]
INDE homo before truncation: [ -0.507805865198 , 0.004969487096 ]
INDE Truncate matrix F and update intervals for homo and lumo.
INDE Truncating F_ort ( mixed ), selected threshold =      5e-09
INDE Truncated F_ort ( mixed ), selected threshold =      5e-09, returned error =          0, nnz before = 100.0000 %, nnz after = 100.0000 %
TIDE Truncation of F_ort took      0.00 usr cpu s       0.00 sys cpu s       0.00 wall s
INDE Chosen Ergo Wrapper
INDE Creating purification object: N = 73 , nocc = 47 , NNZ = 5329  <-> 100.00000 %
INDE Chosen norm for the truncation: 
INDE mixed
INDE Chosen norm for the stopping criterion: 
INDE mixed
INDE Chosen the NEW stopping criterion.
INDE Allowed error in subspace 7.000000e-07
INDE Chosen SP2 purification method
INDE calling Puri->PurificationStart(), number of threads = 1, trunc norm 'mixed'
TIDE gershgorin took      0.00 usr cpu s       0.00 sys cpu s       0.00 wall s
INDE Gershgorin bounds: [ -24.462360043322 , 6.000376070186 ]
INDE EXPANDED Gershgorin bounds: [ -24.462360058223 , 6.000376085087 ]
INDE Trying to impove bounds using Lanczos algorithm...
TIDE compute_spectrum_bounds took      0.06 usr cpu s       0.20 sys cpu s       0.03 wall s
INDE Spectrum of F: 	 [ -20.464711288563 , 1.083857208534 ]
INDE Transform homo and lumo bounds...
INDE Bounds for homo and lumo of F are overlapping.
INDE HOMO bounds of X: 	 [ 0.050067721277 , 0.073863981914 ]
INDE LUMO bounds of X: 	 [ 0.037836462235 , 0.061125794259 ]
INDE ESTIMATED NUMBER OF ITERATIONS IS 100
INDE Put eigenvalues of F to the interval [0,1] in reverse order.
TIDE compute_X() took      0.00 usr cpu s       0.00 sys cpu s       0.00 wall s
TIDE prepare_to_purification() took      0.06 usr cpu s       0.20 sys cpu s       0.03 wall s
INDE (EIGV,PARAMS) Requested 0 occipied eigenpair(s).
INDE (EIGV,PARAMS) Requested 0 unoccipied eigenpair(s).
TIDE prepare_to_purification_eigenvectors() took      0.00 usr cpu s       0.00 sys cpu s       0.00 wall s
INDE Starting recursive expansion
INDE     BEFORE ITERATIONS:
TIDE truncate_matrix took      0.00 usr cpu s       0.00 sys cpu s       0.00 wall s
INDE Actual introduced error   0.000000e+00 : nnz before  5329 <-> 100.00 % , nnz after  5329 <-> 100.00 %
TIDE square took      0.00 usr cpu s       0.00 sys cpu s       0.00 wall s
INDE NNZ Xsq = 5329 <-> 100.00 %
TIDE Frobenius norm of X-X^2 took      0.00 usr cpu s       0.00 sys cpu s       0.00 wall s
TIDE Mixed norm of X-X^2 took      0.00 usr cpu s       0.01 sys cpu s       0.00 wall s
TIDE Trace of X-X^2 took      0.00 usr cpu s       0.00 sys cpu s       0.00 wall s
INDE ||X-X^2||_F = 8.661027e-01 , ||X-X^2||_mixed = 6.434698e-01
INDE trace(X-X^2) = 5.304627e+00
INDE trace(X) = 1.242510e+01
TIDE Iteration 0 took      0.00 usr cpu s       0.01 sys cpu s       0.00 wall s
TIDE FileWritable::writeAndReadAll took      0.00 usr cpu s       0.00 sys cpu s       0.00 wall s
INDE writeAndReadAll sizesStr: '0 MB (1 MatrixGeneral, 0 > 1 MB) + 0 MB (13 MatrixSymmetric, 0 > 1 MB) + 0 MB (2 VectorGeneral, 0 > 1 MB) = 0 MB (16 total, 0 > 1 MB)
INDE     ITERATION 1 :
TIDE purify_X took      0.00 usr cpu s       0.00 sys cpu s       0.00 wall s
TIDE truncate_matrix took      0.00 usr cpu s       0.00 sys cpu s       0.00 wall s
INDE Actual introduced error   0.000000e+00 : nnz before  5329 <-> 100.00 % , nnz after  5329 <-> 100.00 %
TIDE square took      0.00 usr cpu s       0.00 sys cpu s       0.00 wall s
INDE NNZ Xsq = 5329 <-> 100.00 %
TIDE Frobenius norm of X-X^2 took      0.00 usr cpu s       0.00 sys cpu s       0.00 wall s
TIDE Mixed norm of X-X^2 took      0.00 usr cpu s       0.00 sys cpu s       0.00 wall s
TIDE Trace of X-X^2 took      0.00 usr cpu s       0.00 sys cpu s       0.00 wall s
INDE ||X-X^2||_F = 9.231947e-01 , ||X-X^2||_mixed = 6.997815e-01
INDE trace(X-X^2) = 6.845817e+00
INDE trace(X) = 1.772972e+01
TIDE Iteration 1 took      0.01 usr cpu s       0.00 sys cpu s       0.00 wall s
INDE     ITERATION 2 :
TIDE purify_X took      0.00 usr cpu s       0.00 sys cpu s       0.00 wall s
TIDE truncate_matrix took      0.00 usr cpu s       0.00 sys cpu s       0.00 wall s
INDE Actual introduced error   0.000000e+00 : nnz before  5329 <-> 100.00 % , nnz after  5329 <-> 100.00 %
TIDE square took      0.00 usr cpu s       0.00 sys cpu s       0.00 wall s
INDE NNZ Xsq = 5329 <-> 100.00 %
TIDE Frobenius norm of X-X^2 took      0.00 usr cpu s       0.00 sys cpu s       0.00 wall s
TIDE Mixed norm of X-X^2 took      0.00 usr cpu s       0.01 sys cpu s       0.00 wall s
TIDE Trace of X-X^2 took      0.00 usr cpu s       0.00 sys cpu s       0.00 wall s
INDE ||X-X^2||_F = 1.260432e+00 , ||X-X^2||_mixed = 9.676653e-01
INDE trace(X-X^2) = 9.088286e+00
INDE trace(X) = 2.457554e+01
INDE Checking stopping criterion...   
INDE Order of convergence cannot be computed
TIDE stopping_criterion took      0.00 usr cpu s       0.00 sys cpu s       0.00 wall s
TIDE Iteration 2 took      0.00 usr cpu s       0.01 sys cpu s       0.00 wall s
INDE     ITERATION 3 :
TIDE purify_X took      0.00 usr cpu s       0.00 sys cpu s       0.00 wall s
TIDE truncate_matrix took      0.00 usr cpu s       0.00 sys cpu s       0.00 wall s
INDE Actual introduced error   0.000000e+00 : nnz before  5329 <-> 100.00 % , nnz after  5329 <-> 100.00 %
TIDE square took      0.00 usr cpu s       0.00 sys cpu s       0.00 wall s
INDE NNZ Xsq = 5329 <-> 100.00 %
TIDE Frobenius norm of X-X^2 took      0.00 usr cpu s       0.00 sys cpu s       0.00 wall s
TIDE Mixed norm of X-X^2 took      0.00 usr cpu s       0.00 sys cpu s       0.00 wall s
TIDE Trace of X-X^2 took      0.00 usr cpu s       0.00 sys cpu s       0.00 wall s
INDE ||X-X^2||_F = 1.592822e+00 , ||X-X^2||_mixed = 1.190317e+00
INDE trace(X-X^2) = 1.160852e+01
INDE trace(X) = 3.366383e+01
INDE Checking stopping criterion...   
INDE Order of convergence cannot be computed
TIDE stopping_criterion took      0.00 usr cpu s       0.00 sys cpu s       0.00 wall s
TIDE Iteration 3 took      0.00 usr cpu s       0.01 sys cpu s       0.00 wall s
INDE     ITERATION 4 :
TIDE purify_X took      0.00 usr cpu s       0.00 sys cpu s       0.00 wall s
TIDE truncate_matrix took      0.00 usr cpu s       0.00 sys cpu s       0.00 wall s
INDE Actual introduced error   0.000000e+00 : nnz before  5329 <-> 100.00 % , nnz after  5329 <-> 100.00 %
TIDE square took      0.00 usr cpu s       0.00 sys cpu s       0.00 wall s
INDE NNZ Xsq = 5329 <-> 100.00 %
TIDE Frobenius norm of X-X^2 took      0.00 usr cpu s       0.00 sys cpu s       0.00 wall s
TIDE Mixed norm of X-X^2 took      0.00 usr cpu s       0.00 sys cpu s       0.00 wall s
TIDE Trace of X-X^2 took      0.00 usr cpu s       0.00 sys cpu s       0.00 wall s
INDE ||X-X^2||_F = 1.502843e+00 , ||X-X^2||_mixed = 1.095668e+00
INDE trace(X-X^2) = 1.125405e+01
INDE trace(X) = 4.527234e+01
INDE Checking stopping criterion...   
INDE Order of convergence cannot be computed
TIDE stopping_criterion took      0.00 usr cpu s       0.00 sys cpu s       0.00 wall s
TIDE Iteration 4 took      0.00 usr cpu s       0.01 sys cpu s       0.00 wall s
INDE     ITERATION 5 :
TIDE purify_X took      0.00 usr cpu s       0.00 sys cpu s       0.00 wall s
TIDE truncate_matrix took      0.00 usr cpu s       0.00 sys cpu s       0.00 wall s
INDE Actual introduced error   0.000000e+00 : nnz before  5329 <-> 100.00 % , nnz after  5329 <-> 100.00 %
TIDE square took      0.00 usr cpu s       0.00 sys cpu s       0.00 wall s
INDE NNZ Xsq = 5329 <-> 100.00 %
TIDE Frobenius norm of X-X^2 took      0.00 usr cpu s       0.00 sys cpu s       0.00 wall s
TIDE Mixed norm of X-X^2 took      0.00 usr cpu s       0.00 sys cpu s       0.00 wall s
TIDE Trace of X-X^2 took      0.00 usr cpu s       0.00 sys cpu s       0.00 wall s
INDE ||X-X^2||_F = 1.191101e+00 , ||X-X^2||_mixed = 9.308858e-01
INDE trace(X-X^2) = 7.749681e+00
INDE trace(X) = 5.652639e+01
INDE Checking stopping criterion...   
INDE Order of convergence cannot be computed
TIDE stopping_criterion took      0.00 usr cpu s       0.00 sys cpu s       0.00 wall s
TIDE Iteration 5 took      0.00 usr cpu s       0.01 sys cpu s       0.00 wall s
INDE     ITERATION 6 :
TIDE purify_X took      0.00 usr cpu s       0.00 sys cpu s       0.00 wall s
TIDE truncate_matrix took      0.00 usr cpu s       0.00 sys cpu s       0.00 wall s
INDE Actual introduced error   0.000000e+00 : nnz before  5329 <-> 100.00 % , nnz after  5329 <-> 100.00 %
TIDE square took      0.00 usr cpu s       0.00 sys cpu s       0.00 wall s
INDE NNZ Xsq = 5329 <-> 100.00 %
TIDE Frobenius norm of X-X^2 took      0.00 usr cpu s       0.00 sys cpu s       0.00 wall s
TIDE Mixed norm of X-X^2 took      0.00 usr cpu s       0.01 sys cpu s       0.00 wall s
TIDE Trace of X-X^2 took      0.00 usr cpu s       0.00 sys cpu s       0.00 wall s
INDE ||X-X^2||_F = 1.169232e+00 , ||X-X^2||_mixed = 8.960555e-01
INDE trace(X-X^2) = 8.205984e+00
INDE trace(X) = 4.877671e+01
INDE Checking stopping criterion...   
INDE Order of convergence cannot be computed
TIDE stopping_criterion took      0.00 usr cpu s       0.00 sys cpu s       0.00 wall s
TIDE Iteration 6 took      0.00 usr cpu s       0.01 sys cpu s       0.00 wall s
INDE     ITERATION 7 :
TIDE purify_X took      0.00 usr cpu s       0.00 sys cpu s       0.00 wall s
TIDE truncate_matrix took      0.00 usr cpu s       0.00 sys cpu s       0.00 wall s
INDE Actual introduced error   0.000000e+00 : nnz before  5329 <-> 100.00 % , nnz after  5329 <-> 100.00 %
TIDE square took      0.00 usr cpu s       0.00 sys cpu s       0.00 wall s
INDE NNZ Xsq = 5329 <-> 100.00 %
TIDE Frobenius norm of X-X^2 took      0.00 usr cpu s       0.00 sys cpu s       0.00 wall s
TIDE Mixed norm of X-X^2 took      0.00 usr cpu s       0.01 sys cpu s       0.00 wall s
TIDE Trace of X-X^2 took      0.00 usr cpu s       0.00 sys cpu s       0.00 wall s
INDE ||X-X^2||_F = 1.220916e+00 , ||X-X^2||_mixed = 9.482725e-01
INDE trace(X-X^2) = 8.103155e+00
INDE trace(X) = 4.057072e+01
INDE Checking stopping criterion...   
INDE Order of convergence cannot be computed
TIDE stopping_criterion took      0.00 usr cpu s       0.00 sys cpu s       0.00 wall s
TIDE Iteration 7 took      0.00 usr cpu s       0.01 sys cpu s       0.00 wall s
INDE     ITERATION 8 :
TIDE purify_X took      0.00 usr cpu s       0.00 sys cpu s       0.00 wall s
TIDE truncate_matrix took      0.00 usr cpu s       0.00 sys cpu s       0.00 wall s
INDE Actual introduced error   0.000000e+00 : nnz before  5329 <-> 100.00 % , nnz after  5329 <-> 100.00 %
TIDE square took      0.00 usr cpu s       0.00 sys cpu s       0.00 wall s
INDE NNZ Xsq = 5329 <-> 100.00 %
TIDE Frobenius norm of X-X^2 took      0.00 usr cpu s       0.00 sys cpu s       0.00 wall s
TIDE Mixed norm of X-X^2 took      0.00 usr cpu s       0.00 sys cpu s       0.00 wall s
TIDE Trace of X-X^2 took      0.00 usr cpu s       0.00 sys cpu s       0.00 wall s
INDE ||X-X^2||_F = 8.490840e-01 , ||X-X^2||_mixed = 6.969566e-01
INDE trace(X-X^2) = 5.194596e+00
INDE trace(X) = 4.867388e+01
INDE Checking stopping criterion...   
INDE e_i =6.969566e-01, C*e_{i-1}^q = 5.529839e+00
INDE Order of convergence = 20.871392, stop = 0
TIDE stopping_criterion took      0.00 usr cpu s       0.00 sys cpu s       0.00 wall s
TIDE Iteration 8 took      0.01 usr cpu s       0.00 sys cpu s       0.00 wall s
INDE     ITERATION 9 :
TIDE purify_X took      0.00 usr cpu s       0.00 sys cpu s       0.00 wall s
TIDE truncate_matrix took      0.00 usr cpu s       0.00 sys cpu s       0.00 wall s
INDE Actual introduced error   0.000000e+00 : nnz before  5329 <-> 100.00 % , nnz after  5329 <-> 100.00 %
TIDE square took      0.00 usr cpu s       0.00 sys cpu s       0.00 wall s
INDE NNZ Xsq = 5329 <-> 100.00 %
TIDE Frobenius norm of X-X^2 took      0.00 usr cpu s       0.00 sys cpu s       0.00 wall s
TIDE Mixed norm of X-X^2 took      0.00 usr cpu s       0.00 sys cpu s       0.00 wall s
TIDE Trace of X-X^2 took      0.00 usr cpu s       0.00 sys cpu s       0.00 wall s
INDE ||X-X^2||_F = 8.871002e-01 , ||X-X^2||_mixed = 7.222010e-01
INDE trace(X-X^2) = 5.145881e+00
INDE trace(X) = 4.347928e+01
INDE Checking stopping criterion...   
INDE e_i =7.222010e-01, C*e_{i-1}^q = 6.193113e+00
INDE Order of convergence = 42.458568, stop = 0
TIDE stopping_criterion took      0.00 usr cpu s       0.00 sys cpu s       0.00 wall s
TIDE Iteration 9 took      0.00 usr cpu s       0.00 sys cpu s       0.00 wall s
INDE     ITERATION 10 :
TIDE purify_X took      0.00 usr cpu s       0.00 sys cpu s       0.00 wall s
TIDE truncate_matrix took      0.00 usr cpu s       0.00 sys cpu s       0.00 wall s
INDE Actual introduced error   0.000000e+00 : nnz before  5329 <-> 100.00 % , nnz after  5329 <-> 100.00 %
TIDE square took      0.00 usr cpu s       0.00 sys cpu s       0.00 wall s
INDE NNZ Xsq = 5329 <-> 100.00 %
TIDE Frobenius norm of X-X^2 took      0.00 usr cpu s       0.00 sys cpu s       0.00 wall s
TIDE Mixed norm of X-X^2 took      0.00 usr cpu s       0.01 sys cpu s       0.00 wall s
TIDE Trace of X-X^2 took      0.00 usr cpu s       0.00 sys cpu s       0.00 wall s
INDE ||X-X^2||_F = 5.981841e-01 , ||X-X^2||_mixed = 5.279741e-01
INDE trace(X-X^2) = 2.669603e+00
INDE trace(X) = 4.862516e+01
INDE Checking stopping criterion...   
INDE e_i =5.279741e-01, C*e_{i-1}^q = 3.345447e+00
INDE Order of convergence = 7.113973, stop = 0
TIDE stopping_criterion took      0.00 usr cpu s       0.00 sys cpu s       0.00 wall s
TIDE Iteration 10 took      0.00 usr cpu s       0.01 sys cpu s       0.00 wall s
INDE     ITERATION 11 :
TIDE purify_X took      0.00 usr cpu s       0.00 sys cpu s       0.00 wall s
TIDE truncate_matrix took      0.00 usr cpu s       0.00 sys cpu s       0.00 wall s
INDE Actual introduced error   0.000000e+00 : nnz before  5329 <-> 100.00 % , nnz after  5329 <-> 100.00 %
TIDE square took      0.00 usr cpu s       0.00 sys cpu s       0.00 wall s
INDE NNZ Xsq = 5329 <-> 100.00 %
TIDE Frobenius norm of X-X^2 took      0.00 usr cpu s       0.00 sys cpu s       0.00 wall s
TIDE Mixed norm of X-X^2 took      0.00 usr cpu s       0.01 sys cpu s       0.00 wall s
TIDE Trace of X-X^2 took      0.00 usr cpu s       0.00 sys cpu s       0.00 wall s
INDE ||X-X^2||_F = 5.548923e-01 , ||X-X^2||_mixed = 4.831564e-01
INDE trace(X-X^2) = 2.564509e+00
INDE trace(X) = 4.595556e+01
INDE Checking stopping criterion...   
INDE e_i =4.831564e-01, C*e_{i-1}^q = 3.592186e+00
INDE Order of convergence = 8.164280, stop = 0
TIDE stopping_criterion took      0.00 usr cpu s       0.00 sys cpu s       0.00 wall s
TIDE Iteration 11 took      0.00 usr cpu s       0.01 sys cpu s       0.00 wall s
INDE     ITERATION 12 :
TIDE purify_X took      0.00 usr cpu s       0.00 sys cpu s       0.00 wall s
TIDE truncate_matrix took      0.00 usr cpu s       0.00 sys cpu s       0.00 wall s
INDE Actual introduced error   0.000000e+00 : nnz before  5329 <-> 100.00 % , nnz after  5329 <-> 100.00 %
TIDE square took      0.00 usr cpu s       0.00 sys cpu s       0.00 wall s
INDE NNZ Xsq = 5329 <-> 100.00 %
TIDE Frobenius norm of X-X^2 took      0.00 usr cpu s       0.00 sys cpu s       0.00 wall s
TIDE Mixed norm of X-X^2 took      0.00 usr cpu s       0.00 sys cpu s       0.00 wall s
TIDE Trace of X-X^2 took      0.00 usr cpu s       0.00 sys cpu s       0.00 wall s
INDE ||X-X^2||_F = 4.780503e-01 , ||X-X^2||_mixed = 4.470316e-01
INDE trace(X-X^2) = 1.324462e+00
INDE trace(X) = 4.852007e+01
INDE Checking stopping criterion...   
INDE e_i =4.470316e-01, C*e_{i-1}^q = 1.919853e+00
INDE Order of convergence = 4.281754, stop = 0
TIDE stopping_criterion took      0.00 usr cpu s       0.00 sys cpu s       0.00 wall s
TIDE Iteration 12 took      0.00 usr cpu s       0.01 sys cpu s       0.00 wall s
INDE     ITERATION 13 :
TIDE purify_X took      0.00 usr cpu s       0.00 sys cpu s       0.00 wall s
TIDE truncate_matrix took      0.00 usr cpu s       0.00 sys cpu s       0.00 wall s
INDE Actual introduced error   0.000000e+00 : nnz before  5329 <-> 100.00 % , nnz after  5329 <-> 100.00 %
TIDE square took      0.00 usr cpu s       0.00 sys cpu s       0.00 wall s
INDE NNZ Xsq = 5329 <-> 100.00 %
TIDE Frobenius norm of X-X^2 took      0.00 usr cpu s       0.00 sys cpu s       0.00 wall s
TIDE Mixed norm of X-X^2 took      0.00 usr cpu s       0.00 sys cpu s       0.00 wall s
TIDE Trace of X-X^2 took      0.00 usr cpu s       0.00 sys cpu s       0.00 wall s
INDE ||X-X^2||_F = 3.300403e-01 , ||X-X^2||_mixed = 3.080833e-01
INDE trace(X-X^2) = 1.028863e+00
INDE trace(X) = 4.719561e+01
INDE Checking stopping criterion...   
INDE e_i =3.080833e-01, C*e_{i-1}^q = 1.607749e+00
INDE Order of convergence = 4.271359, stop = 0
TIDE stopping_criterion took      0.00 usr cpu s       0.00 sys cpu s       0.00 wall s
TIDE Iteration 13 took      0.00 usr cpu s       0.01 sys cpu s       0.00 wall s
INDE     ITERATION 14 :
TIDE purify_X took      0.00 usr cpu s       0.00 sys cpu s       0.00 wall s
TIDE truncate_matrix took      0.00 usr cpu s       0.00 sys cpu s       0.00 wall s
INDE Actual introduced error   0.000000e+00 : nnz before  5329 <-> 100.00 % , nnz after  5329 <-> 100.00 %
TIDE square took      0.00 usr cpu s       0.00 sys cpu s       0.00 wall s
INDE NNZ Xsq = 5329 <-> 100.00 %
TIDE Frobenius norm of X-X^2 took      0.00 usr cpu s       0.00 sys cpu s       0.00 wall s
TIDE Mixed norm of X-X^2 took      0.00 usr cpu s       0.01 sys cpu s       0.00 wall s
TIDE Trace of X-X^2 took      0.00 usr cpu s       0.00 sys cpu s       0.00 wall s
INDE ||X-X^2||_F = 2.871113e-01 , ||X-X^2||_mixed = 2.673896e-01
INDE trace(X-X^2) = 1.008214e+00
INDE trace(X) = 4.616675e+01
INDE Checking stopping criterion...   
INDE Order of convergence cannot be computed
TIDE stopping_criterion took      0.00 usr cpu s       0.00 sys cpu s       0.00 wall s
TIDE Iteration 14 took      0.00 usr cpu s       0.01 sys cpu s       0.00 wall s
INDE     ITERATION 15 :
TIDE purify_X took      0.00 usr cpu s       0.00 sys cpu s       0.00 wall s
TIDE truncate_matrix took      0.00 usr cpu s       0.00 sys cpu s       0.00 wall s
INDE Actual introduced error   0.000000e+00 : nnz before  5329 <-> 100.00 % , nnz after  5329 <-> 100.00 %
TIDE square took      0.00 usr cpu s       0.00 sys cpu s       0.00 wall s
INDE NNZ Xsq = 5329 <-> 100.00 %
TIDE Frobenius norm of X-X^2 took      0.00 usr cpu s       0.00 sys cpu s       0.00 wall s
TIDE Mixed norm of X-X^2 took      0.00 usr cpu s       0.00 sys cpu s       0.00 wall s
TIDE Trace of X-X^2 took      0.00 usr cpu s       0.00 sys cpu s       0.00 wall s
INDE ||X-X^2||_F = 1.536757e-01 , ||X-X^2||_mixed = 1.491276e-01
INDE trace(X-X^2) = 3.460191e-01
INDE trace(X) = 4.717496e+01
INDE Checking stopping criterion...   
INDE e_i =1.491276e-01, C*e_{i-1}^q = 6.537007e-01
INDE Order of convergence = 3.255195, stop = 0
TIDE stopping_criterion took      0.00 usr cpu s       0.00 sys cpu s       0.00 wall s
TIDE Iteration 15 took      0.00 usr cpu s       0.01 sys cpu s       0.00 wall s
INDE     ITERATION 16 :
TIDE purify_X took      0.00 usr cpu s       0.00 sys cpu s       0.00 wall s
TIDE truncate_matrix took      0.00 usr cpu s       0.00 sys cpu s       0.00 wall s
INDE Actual introduced error   0.000000e+00 : nnz before  5329 <-> 100.00 % , nnz after  5329 <-> 100.00 %
TIDE square took      0.00 usr cpu s       0.00 sys cpu s       0.00 wall s
INDE NNZ Xsq = 5329 <-> 100.00 %
TIDE Frobenius norm of X-X^2 took      0.00 usr cpu s       0.00 sys cpu s       0.00 wall s
TIDE Mixed norm of X-X^2 took      0.00 usr cpu s       0.00 sys cpu s       0.00 wall s
TIDE Trace of X-X^2 took      0.00 usr cpu s       0.00 sys cpu s       0.00 wall s
INDE ||X-X^2||_F = 8.347116e-02 , ||X-X^2||_mixed = 8.015264e-02
INDE trace(X-X^2) = 2.188332e-01
INDE trace(X) = 4.682894e+01
INDE Checking stopping criterion...   
INDE e_i =8.015264e-02, C*e_{i-1}^q = 4.924154e-01
INDE Order of convergence = 3.376287, stop = 0
TIDE stopping_criterion took      0.00 usr cpu s       0.00 sys cpu s       0.00 wall s
TIDE Iteration 16 took      0.00 usr cpu s       0.01 sys cpu s       0.00 wall s
INDE     ITERATION 17 :
TIDE purify_X took      0.00 usr cpu s       0.00 sys cpu s       0.00 wall s
TIDE truncate_matrix took      0.00 usr cpu s       0.00 sys cpu s       0.00 wall s
INDE Actual introduced error   0.000000e+00 : nnz before  5329 <-> 100.00 % , nnz after  5329 <-> 100.00 %
TIDE square took      0.00 usr cpu s       0.00 sys cpu s       0.00 wall s
INDE NNZ Xsq = 5329 <-> 100.00 %
TIDE Frobenius norm of X-X^2 took      0.00 usr cpu s       0.00 sys cpu s       0.00 wall s
TIDE Mixed norm of X-X^2 took      0.00 usr cpu s       0.01 sys cpu s       0.00 wall s
TIDE Trace of X-X^2 took      0.00 usr cpu s       0.00 sys cpu s       0.00 wall s
INDE ||X-X^2||_F = 3.684706e-02 , ||X-X^2||_mixed = 3.653079e-02
INDE trace(X-X^2) = 6.076133e-02
INDE trace(X) = 4.704777e+01
INDE Checking stopping criterion...   
INDE e_i =3.653079e-02, C*e_{i-1}^q = 1.531646e-01
INDE Order of convergence = 2.753228, stop = 0
TIDE stopping_criterion took      0.00 usr cpu s       0.00 sys cpu s       0.00 wall s
TIDE Iteration 17 took      0.00 usr cpu s       0.01 sys cpu s       0.00 wall s
INDE     ITERATION 18 :
TIDE purify_X took      0.00 usr cpu s       0.00 sys cpu s       0.00 wall s
TIDE truncate_matrix took      0.00 usr cpu s       0.00 sys cpu s       0.00 wall s
INDE Actual introduced error   0.000000e+00 : nnz before  5329 <-> 100.00 % , nnz after  5329 <-> 100.00 %
TIDE square took      0.00 usr cpu s       0.00 sys cpu s       0.00 wall s
INDE NNZ Xsq = 5329 <-> 100.00 %
TIDE Frobenius norm of X-X^2 took      0.00 usr cpu s       0.00 sys cpu s       0.00 wall s
TIDE Mixed norm of X-X^2 took      0.00 usr cpu s       0.00 sys cpu s       0.00 wall s
TIDE Trace of X-X^2 took      0.00 usr cpu s       0.00 sys cpu s       0.00 wall s
INDE ||X-X^2||_F = 7.418004e-03 , ||X-X^2||_mixed = 7.236242e-03
INDE trace(X-X^2) = 1.578382e-02
INDE trace(X) = 4.698701e+01
INDE Checking stopping criterion...   
INDE e_i =7.236242e-03, C*e_{i-1}^q = 4.424644e-02
INDE Order of convergence = 2.717433, stop = 0
TIDE stopping_criterion took      0.00 usr cpu s       0.00 sys cpu s       0.00 wall s
TIDE Iteration 18 took      0.00 usr cpu s       0.01 sys cpu s       0.00 wall s
INDE     ITERATION 19 :
TIDE purify_X took      0.00 usr cpu s       0.00 sys cpu s       0.00 wall s
TIDE truncate_matrix took      0.00 usr cpu s       0.00 sys cpu s       0.00 wall s
INDE Actual introduced error   0.000000e+00 : nnz before  5329 <-> 100.00 % , nnz after  5329 <-> 100.00 %
TIDE square took      0.00 usr cpu s       0.00 sys cpu s       0.00 wall s
INDE NNZ Xsq = 5329 <-> 100.00 %
TIDE Frobenius norm of X-X^2 took      0.00 usr cpu s       0.00 sys cpu s       0.00 wall s
TIDE Mixed norm of X-X^2 took      0.00 usr cpu s       0.00 sys cpu s       0.00 wall s
TIDE Trace of X-X^2 took      0.00 usr cpu s       0.00 sys cpu s       0.00 wall s
INDE ||X-X^2||_F = 2.244569e-03 , ||X-X^2||_mixed = 2.241877e-03
INDE trace(X-X^2) = 2.899443e-03
INDE trace(X) = 4.700280e+01
INDE Checking stopping criterion...   
INDE e_i =2.241877e-03, C*e_{i-1}^q = 9.190959e-03
INDE Order of convergence = 2.426307, stop = 0
TIDE stopping_criterion took      0.00 usr cpu s       0.00 sys cpu s       0.00 wall s
TIDE Iteration 19 took      0.00 usr cpu s       0.01 sys cpu s       0.00 wall s
INDE     ITERATION 20 :
TIDE purify_X took      0.00 usr cpu s       0.00 sys cpu s       0.00 wall s
TIDE truncate_matrix took      0.00 usr cpu s       0.00 sys cpu s       0.00 wall s
INDE Actual introduced error   0.000000e+00 : nnz before  5329 <-> 100.00 % , nnz after  5329 <-> 100.00 %
TIDE square took      0.00 usr cpu s       0.00 sys cpu s       0.00 wall s
INDE NNZ Xsq = 5329 <-> 100.00 %
TIDE Frobenius norm of X-X^2 took      0.00 usr cpu s       0.00 sys cpu s       0.00 wall s
TIDE Mixed norm of X-X^2 took      0.00 usr cpu s       0.00 sys cpu s       0.00 wall s
TIDE Trace of X-X^2 took      0.00 usr cpu s       0.00 sys cpu s       0.00 wall s
INDE ||X-X^2||_F = 6.363168e-05 , ||X-X^2||_mixed = 6.264177e-05
INDE trace(X-X^2) = 1.134925e-04
INDE trace(X) = 4.699990e+01
INDE Checking stopping criterion...   
INDE e_i =6.264177e-05, C*e_{i-1}^q = 3.606358e-04
INDE Order of convergence = 2.355155, stop = 0
TIDE stopping_criterion took      0.00 usr cpu s       0.00 sys cpu s       0.00 wall s
TIDE Iteration 20 took      0.00 usr cpu s       0.01 sys cpu s       0.00 wall s
INDE     ITERATION 21 :
TIDE purify_X took      0.00 usr cpu s       0.00 sys cpu s       0.00 wall s
TIDE truncate_matrix took      0.00 usr cpu s       0.00 sys cpu s       0.00 wall s
INDE Actual introduced error   0.000000e+00 : nnz before  5329 <-> 100.00 % , nnz after  5329 <-> 100.00 %
TIDE square took      0.00 usr cpu s       0.00 sys cpu s       0.00 wall s
INDE NNZ Xsq = 5329 <-> 100.00 %
TIDE Frobenius norm of X-X^2 took      0.00 usr cpu s       0.00 sys cpu s       0.00 wall s
TIDE Mixed norm of X-X^2 took      0.00 usr cpu s       0.01 sys cpu s       0.00 wall s
TIDE Trace of X-X^2 took      0.00 usr cpu s       0.00 sys cpu s       0.00 wall s
INDE ||X-X^2||_F = 9.236633e-06 , ||X-X^2||_mixed = 9.236407e-06
INDE trace(X-X^2) = 1.011870e-05
INDE trace(X) = 4.700001e+01
INDE Checking stopping criterion...   
INDE e_i =9.236407e-06, C*e_{i-1}^q = 3.461516e-05
INDE Order of convergence = 2.216564, stop = 0
TIDE stopping_criterion took      0.00 usr cpu s       0.00 sys cpu s       0.00 wall s
TIDE Iteration 21 took      0.00 usr cpu s       0.01 sys cpu s       0.00 wall s
INDE     ITERATION 22 :
TIDE purify_X took      0.00 usr cpu s       0.00 sys cpu s       0.00 wall s
TIDE truncate_matrix took      0.00 usr cpu s       0.00 sys cpu s       0.00 wall s
INDE Actual introduced error   0.000000e+00 : nnz before  5329 <-> 100.00 % , nnz after  5329 <-> 100.00 %
TIDE square took      0.00 usr cpu s       0.00 sys cpu s       0.00 wall s
INDE NNZ Xsq = 5329 <-> 100.00 %
TIDE Frobenius norm of X-X^2 took      0.00 usr cpu s       0.00 sys cpu s       0.00 wall s
TIDE Mixed norm of X-X^2 took      0.00 usr cpu s       0.01 sys cpu s       0.00 wall s
TIDE Trace of X-X^2 took      0.00 usr cpu s       0.00 sys cpu s       0.00 wall s
INDE ||X-X^2||_F = 5.390937e-09 , ||X-X^2||_mixed = 5.349172e-09
INDE trace(X-X^2) = 8.141306e-09
INDE trace(X) = 4.700000e+01
INDE Checking stopping criterion...   
INDE e_i =5.349172e-09, C*e_{i-1}^q = 2.702531e-08
INDE Order of convergence = 2.167371, stop = 0
TIDE stopping_criterion took      0.00 usr cpu s       0.00 sys cpu s       0.00 wall s
TIDE Iteration 22 took      0.00 usr cpu s       0.01 sys cpu s       0.00 wall s
INDE     ITERATION 23 :
TIDE purify_X took      0.00 usr cpu s       0.00 sys cpu s       0.00 wall s
TIDE truncate_matrix took      0.00 usr cpu s       0.00 sys cpu s       0.00 wall s
INDE Actual introduced error   0.000000e+00 : nnz before  5329 <-> 100.00 % , nnz after  5329 <-> 100.00 %
TIDE square took      0.00 usr cpu s       0.00 sys cpu s       0.00 wall s
INDE NNZ Xsq = 5329 <-> 100.00 %
TIDE Frobenius norm of X-X^2 took      0.00 usr cpu s       0.00 sys cpu s       0.00 wall s
TIDE Mixed norm of X-X^2 took      0.00 usr cpu s       0.00 sys cpu s       0.00 wall s
TIDE Trace of X-X^2 took      0.00 usr cpu s       0.00 sys cpu s       0.00 wall s
INDE ||X-X^2||_F = 1.689395e-10 , ||X-X^2||_mixed = 1.689395e-10
INDE trace(X-X^2) = 1.706297e-10
INDE trace(X) = 4.700000e+01
INDE Checking stopping criterion...   
INDE e_i =1.689395e-10, C*e_{i-1}^q = 5.875554e-10
INDE Order of convergence = 2.107522, stop = 0
TIDE stopping_criterion took      0.00 usr cpu s       0.00 sys cpu s       0.00 wall s
TIDE Iteration 23 took      0.01 usr cpu s       0.01 sys cpu s       0.00 wall s
INDE     ITERATION 24 :
TIDE purify_X took      0.00 usr cpu s       0.00 sys cpu s       0.00 wall s
TIDE truncate_matrix took      0.00 usr cpu s       0.00 sys cpu s       0.00 wall s
INDE Actual introduced error   0.000000e+00 : nnz before  5329 <-> 100.00 % , nnz after  5329 <-> 100.00 %
TIDE square took      0.00 usr cpu s       0.00 sys cpu s       0.00 wall s
INDE NNZ Xsq = 5329 <-> 100.00 %
TIDE Frobenius norm of X-X^2 took      0.00 usr cpu s       0.00 sys cpu s       0.00 wall s
TIDE Mixed norm of X-X^2 took      0.00 usr cpu s       0.00 sys cpu s       0.00 wall s
TIDE Trace of X-X^2 took      0.00 usr cpu s       0.00 sys cpu s       0.00 wall s
INDE ||X-X^2||_F = 2.672613e-15 , ||X-X^2||_mixed = 0.000000e+00
INDE trace(X-X^2) = 0.000000e+00
INDE trace(X) = 4.700000e+01
INDE Checking stopping criterion...   
INDE ************************************************************************************************************
INDE The norm value went much below machine precision, therefore we stop here since n_max can be underestimated.
INDE ************************************************************************************************************
INDE e_i =0.000000e+00, C*e_{i-1}^q = 1.970679e-16
INDE Order of convergence = inf, stop = 1
TIDE stopping_criterion took      0.00 usr cpu s       0.00 sys cpu s       0.00 wall s
INDE PURIFICATION CONVERGED after 24 iterations
TIDE Iteration 24 took      0.00 usr cpu s       0.00 sys cpu s       0.00 wall s
INDE Number of non-zeros in D is  5329 <-> 100.00 %
TIDE FileWritable::writeAndReadAll took      0.00 usr cpu s       0.00 sys cpu s       0.00 wall s
INDE writeAndReadAll sizesStr: '0 MB (1 MatrixGeneral, 0 > 1 MB) + 0 MB (13 MatrixSymmetric, 0 > 1 MB) + 0 MB (2 VectorGeneral, 0 > 1 MB) = 0 MB (16 total, 0 > 1 MB)
INDE TOTAL X square time: 0.007109 wall s
INDE TOTAL X trunction time: 0.001254 wall s
INDE TOTAL X purify (exl. X^2 computation) time: 0.000925 wall s
INDE TOTAL time to get number of non-zero elements: 0.000936 wall s
INDE TOTAL time to get mixed norm: 0.016523 wall s
INDE TOTAL time to get Frobenius norm: 0.000949 wall s
INDE TOTAL time for stopping criterion: 0.001300 wall s
INDE TOTAL time to get matrix trace: 0.000505 wall s
INDE Estimated bounds for the eigenvalues for the Fock matrix:
INDE LUMO: [ 0.126145694396 , 0.159407795132 ]
INDE HOMO: [ -0.274858150291 , -0.245622064753 ]
TIDE eigenvalue_bounds_estimation() took      0.00 usr cpu s       0.00 sys cpu s       0.00 wall s
TIDE Recursive expansion took      0.12 usr cpu s       0.39 sys cpu s       0.06 wall s
TIDE Puri->PurificationStart() took      0.12 usr cpu s       0.39 sys cpu s       0.06 wall s
TIDE Accumulated wall times for writeToFile in PurificationStart()          : 0 s (MatrixGeneral) + 4.1e-06 s (MatrixSymmetric) + 3.9e-05 s (VectorGeneral) = 4.3e-05 s
TIDE Accumulated wall times for readFromFile in PurificationStart()         : 0 s (MatrixGeneral) + 2.9e-06 s (MatrixSymmetric) + 1.3e-05 s (VectorGeneral) = 1.5e-05 s
TIDE Accumulated wall times for copy and assign in PurificationStart()      : 9.5e-07 s (MatrixSymmetric) + 3.4e-05 s (VectorGeneral) = 3.5e-05 s
INDE Number of calls to writeToFile in PurificationStart()                  : 2 (MatrixGeneral) + 27 (MatrixSymmetric) + 412 (VectorGeneral) = 441 
INDE Number of calls to readFromFile in PurificationStart()                 : 2 (MatrixGeneral) + 26 (MatrixSymmetric) + 189 (VectorGeneral) = 217 
INDE Number of calls to FileWritable copy and assign in PurificationStart() : 2 (MatrixSymmetric) + 26 (VectorGeneral) = 28 
TIDE mat::Gblas::time after purification :     0.244025
INDE Created .m files with results of the purification
INDE Purification converged OK
INDE E(LUMO) - E(HOMO) >=          0.37176775915 =         10.11631613635 eV
INDE E(LUMO) - E(HOMO) <=          0.43426594542 =         11.81697843087 eV
INDE HOMO interval : [   -0.274858150291   -0.245622064753 ]
INDE LUMO interval : [    0.126145694396    0.159407795132 ]
INDE Trace of resulting density matrix is         47.00000000000, error is   0.00000000000000.
INDE Truncated D_ort ( mixed ), selected threshold = 9.99999e-08, returned error =          0, nnz before = 5329 <-> 100.0000 %, nnz after = 5329 <-> 100.0000 %
TIDE FileWritable::writeAndReadAll took      0.00 usr cpu s       0.00 sys cpu s       0.00 wall s
INDE writeAndReadAll sizesStr: '0 MB (1 MatrixGeneral, 0 > 1 MB) + 0 MB (12 MatrixSymmetric, 0 > 1 MB) + 0 MB (1 MatrixTriangular, 0 > 1 MB) = 0 MB (14 total, 0 > 1 MB)
TIDE D_w to non-orthogonal basis took      0.00 usr cpu s       0.00 sys cpu s       0.00 wall s
INDE Truncated D_S (eucl with Z), selected threshold = 9.99999e-08, returned error =          0, nnz before = 100.0000 %, nnz after = 100.0000 %
INDE get_dens_from_fock_sparse ending OK
TIDE get_dens_from_fock_sparse took      0.14 usr cpu s       0.49 sys cpu s       0.08 wall s
ERDE get_dens_from_fock  (GetDensFromFock class) : purification finished OK.
TIDE get_dens_from_fock took      0.14 usr cpu s       0.49 sys cpu s       0.08 wall s
INSC Matrix 'new density matrix' ( symm ): n =     73, nnz =         5329 <-> 100.00 %, mem usage  0.0000 G
INSC Tr( D * S ) =         94.00000000000
TISC get_new_density_matrix took      0.14 usr cpu s       0.49 sys cpu s       0.08 wall s
INSC SCF_restricted::report_density_difference, diff_eucl =          0.20916989341
TISC SCF_restricted::report_density_difference took      0.01 usr cpu s       0.09 sys cpu s       0.01 wall s
INMA ddf_writeShellListAndDensityMatricesToFile_sparse, n =     73, densityMatrixList[0].nvalues =        2701
INMA opened temporary file 'density.bin.lYqpO9' for writing
INMA Choosing matrixStorageType = MATRIX_STORAGE_TYPE_TRIANGLE.
INMA fileSize =           46848 bytes =      0.047 MegaBytes
INMA renamed file 'density.bin.lYqpO9' to 'density.bin'
INMA ddf_writeShellListAndDensityMatricesToFile_sparse freeing buffer.
INMA ddf_writeShellListAndDensityMatricesToFile_sparse returning OK.
TISC write_density_to_file took      0.01 usr cpu s       0.04 sys cpu s       0.01 wall s
INSC SCF cycle   5 finished.
TISC SCF cycle   5 took      7.38 usr cpu s       1.14 sys cpu s       2.17 wall s
INSC Beginning of SCF cycle 6:  Thu Mar 26 20:00:09 2026
INDE compute_J_by_boxes_sparse() start.
TIDE FileWritable::writeAndReadAll took      0.00 usr cpu s       0.00 sys cpu s       0.00 wall s
INDE writeAndReadAll: '0 MB (1 MatrixGeneral, 0 > 1 MB) + 0 MB (11 MatrixSymmetric, 0 > 1 MB) = 0 MB (12 total, 0 > 1 MB)
IN   compute_J_by_boxes_sparse, maxDensityMatrixElement =          2.11043500383
ININ get_basis_func_pair_list, n =     73
ININ create_box_system end OK, toplevelBoxSize:   7.0, #levels:  3, #boxes at top level:      6
TIIN get_basis_func_pair_list_2el took      0.08 usr cpu s       0.25 sys cpu s       0.05 wall s
IN   compute_J_by_boxes_sparse: noOfBasisFuncIndexPairs = 2598 ==> storing  48.75 % of a full matrix
ININ entering compute_J_by_boxes_linear, no of basis funcs =    73, threshold_J =   1e-12
ININ use_fmm = 1, fmm_box_size =   5.00
TIIN Compute extent for all distrs took      0.05 usr cpu s       0.00 sys cpu s       0.05 wall s
ININ extent_min =    0.000, extent_max =    8.395
ININ Creating list of distributions etc done, distrCount =     36059
TIIN Creating list of distributions etc took      0.12 usr cpu s       0.17 sys cpu s       0.08 wall s
ININ create_box_system end OK, toplevelBoxSize:   5.0, #levels:  3, #boxes at top level:     10
TIIN Creating boxes took      0.00 usr cpu s       0.00 sys cpu s       0.00 wall s
ININ noOfBranches = 4, splitters:   5.00  2.50  0.00
ININ J org done, groupCount =     3008
TIIN J org took      0.13 usr cpu s       0.00 sys cpu s       0.13 wall s
TIIN Generate group multipoles took      0.07 usr cpu s       0.00 sys cpu s       0.07 wall s
ININ totChargeWholeSystem =          0.00000000000
ININ Generating multipole for each branch at top level, MAX_MULTIPOLE_DEGREE = 15
TIIN Translate multipoles (step 1) took      0.07 usr cpu s       0.00 sys cpu s       0.07 wall s
TIIN Translate multipoles (step 2) took      0.08 usr cpu s       0.00 sys cpu s       0.08 wall s
ININ job lists for J created OK, noOfJobs_J_standard =      759, noOfJobs_J_multipole =      122
TIIN Creating job lists for J took      0.00 usr cpu s       0.00 sys cpu s       0.00 wall s
ININ execute_joblist_J_std_threaded, noOfThreads =  8
ININ 8 threads started OK.
ININ all 8 threads have finished.
TIIN execute_joblist_J_std_threaded took      3.45 usr cpu s       0.01 sys cpu s       0.64 wall s
TIIN sort_list_of_multipole_jobs init part took      0.00 usr cpu s       0.00 sys cpu s       0.00 wall s
TIIN sort_list_of_multipole_jobs complete took      0.00 usr cpu s       0.00 sys cpu s       0.00 wall s
TIIN sort_list_of_multipole_jobs took      0.00 usr cpu s       0.00 sys cpu s       0.00 wall s
ININ execute_joblist_J_fmm_shared: Allocating multipoleList_4, maxnoOfMinimalDistrsPerBoxBranch =      7533
ININ execute_joblist_J_fmm_shared: jobIndexLo =            0, jobIndexHi =           15
ININ execute_joblist_J_fmm_shared: Allocating multipoleList_4, maxnoOfMinimalDistrsPerBoxBranch =      7533
ININ execute_joblist_J_fmm_shared: jobIndexLo =           15, jobIndexHi =           30
ININ execute_joblist_J_fmm_shared: Allocating multipoleList_4, maxnoOfMinimalDistrsPerBoxBranch =      7533
ININ execute_joblist_J_fmm_shared: jobIndexLo =           30, jobIndexHi =           45
ININ execute_joblist_J_fmm_shared: Allocating multipoleList_4, maxnoOfMinimalDistrsPerBoxBranch =      7533
ININ execute_joblist_J_fmm_shared: jobIndexLo =           45, jobIndexHi =           61
ININ execute_joblist_J_fmm_shared: Allocating multipoleList_4, maxnoOfMinimalDistrsPerBoxBranch =      7533
ININ execute_joblist_J_fmm_shared: jobIndexLo =           61, jobIndexHi =           76
ININ execute_joblist_J_fmm_shared: Allocating multipoleList_4, maxnoOfMinimalDistrsPerBoxBranch =      7533
ININ execute_joblist_J_fmm_shared: jobIndexLo =           76, jobIndexHi =           91
ININ execute_joblist_J_fmm_shared: Allocating multipoleList_4, maxnoOfMinimalDistrsPerBoxBranch =      7533
ININ execute_joblist_J_fmm_shared: jobIndexLo =           91, jobIndexHi =          106
ININ execute_joblist_J_fmm_shared: done!
ININ execute_joblist_J_fmm_shared: done!
ININ execute_joblist_J_fmm_shared: Allocating multipoleList_4, maxnoOfMinimalDistrsPerBoxBranch =      7533
ININ execute_joblist_J_fmm_shared: jobIndexLo =          106, jobIndexHi =          122
ININ execute_joblist_J_fmm_shared: done!
ININ execute_joblist_J_fmm_shared: done!
ININ execute_joblist_J_fmm_shared: done!
ININ execute_joblist_J_fmm_shared: done!
ININ execute_joblist_J_fmm_shared: done!
ININ execute_joblist_J_fmm_shared: done!
ININ multipole job list for J executed, largest L used: 13
TIIN Executing multipole job list for J took      0.06 usr cpu s       0.00 sys cpu s       0.04 wall s
ININ compute_J_by_boxes_linear ending OK.
TIIN compute_J_by_boxes_linear took      3.98 usr cpu s       0.18 sys cpu s       1.12 wall s
TI   compute_J_by_boxes_sparse total took      4.06 usr cpu s       0.44 sys cpu s       1.17 wall s
ININ entering create_CSR_for_K, no of basis funcs =    73, threshold_K =   1e-12
ININ create_box_system end OK, toplevelBoxSize:   7.0, #levels:  3, #boxes at top level:      6
ININ create_box_system end OK, toplevelBoxSize:   7.0, #levels:  3, #boxes at top level:      6
ININ create_box_system end OK, toplevelBoxSize:   7.0, #levels:  3, #boxes at top level:      6
TIIN create_CSR_for_K getting list of distrs took      0.05 usr cpu s       0.00 sys cpu s       0.05 wall s
ININ list of neighbors complete.
TIIN create_CSR_for_K getting list of neighbors took      0.00 usr cpu s       0.00 sys cpu s       0.00 wall s
TIIN create_CSR_for_K sort each list of neighbors took      0.00 usr cpu s       0.00 sys cpu s       0.00 wall s
ININ 8 threads started OK.
TIIN identify_needed_elements() took      0.78 usr cpu s       0.00 sys cpu s       0.12 wall s
ININ computing nnz..
ININ create_CSR_for_K: predicted nnz =         2701, <->  50.68% of a full matrix
TIIN create_CSR_for_K last part took      0.00 usr cpu s       0.00 sys cpu s       0.00 wall s
TIIN create_CSR_for_K total took      0.83 usr cpu s       0.00 sys cpu s       0.17 wall s
ININ entering compute_K_by_boxes, no of basis funcs =    73, threshold_K =   1e-12, exchange_box_size =   5.00
ININ create_box_system end OK, toplevelBoxSize:   7.0, #levels:  3, #boxes at top level:      6
ININ create_box_system end OK, toplevelBoxSize:   7.0, #levels:  3, #boxes at top level:      6
ININ create_box_system end OK, toplevelBoxSize:   7.0, #levels:  3, #boxes at top level:      6
TIIN Compute extent for all distrs took      0.05 usr cpu s       0.00 sys cpu s       0.05 wall s
ININ Creating list of distributions done, distrCountTot =     36059
TIIN Creating list of distributions took      0.08 usr cpu s       0.00 sys cpu s       0.08 wall s
ININ create_box_system end OK, toplevelBoxSize:   5.0, #levels:  3, #boxes at top level:     10
ININ create_box_system end OK, toplevelBoxSize:   2.5, #levels:  4, #boxes at top level:     16
ININ noOfLevelsBasisFuncs = 4, noOfLevelsDiff = 1
TIIN Creating boxes etc took      0.00 usr cpu s       0.00 sys cpu s       0.00 wall s
TIIN getting multipoleNormVectorList took      0.08 usr cpu s       0.00 sys cpu s       0.08 wall s
TIIN K organize_distributions for all boxes took      0.15 usr cpu s       0.00 sys cpu s       0.15 wall s
ININ starting loop to setup basisFuncGroupInfoList, with added index checks.
TIIN GetLimitsAllLevels took      0.03 usr cpu s       0.00 sys cpu s       0.03 wall s
ININ getDmatLimitMatrixCSRList start.
TIIN getting densityMatrixLimitMatrixList took      0.00 usr cpu s       0.00 sys cpu s       0.00 wall s
ININ job list for K created,       55 jobs
TIIN creating job list for K took      0.00 usr cpu s       0.00 sys cpu s       0.00 wall s
ININ execute_joblist_K_threaded, noOfThreads =  8, basisFuncListCount_max =    67
ININ 8 threads started OK.
ININ all 8 threads have finished, took        1 wall s.
TIIN Executing job list for K took      2.54 usr cpu s       0.00 sys cpu s       0.56 wall s
TIIN compute_K_by_boxes took      2.88 usr cpu s       0.00 sys cpu s       0.91 wall s
TI   compute_K_by_boxes_sparse total took      3.71 usr cpu s       0.00 sys cpu s       1.08 wall s
INSC About to truncate FockMatrix, gap of Fprev >=          0.37176775915
TISC symmMatrix::mixed_diff for F vs Fprev maxEigValMovement_mixed took      0.00 usr cpu s       0.00 sys cpu s       0.00 wall s
TISC symmMatrix::eucl_diff for maxEigValMovement_eucl  took      0.02 usr cpu s       0.03 sys cpu s       0.01 wall s
INSC maxEigValMovement_frob  =          0.76425721796
INSC maxEigValMovement_mixed =          0.62066667782
INSC maxEigValMovement_eucl  =          0.28935244167
TISC FockMatrix.eucl_thresh() (with Z) took      0.00 usr cpu s       0.02 sys cpu s       0.00 wall s
INSC Truncated FockMatrix (eucl with Z), selected threshold =      5e-09, returned error =          0, nnz before = 100.0000 %, nnz after = 100.0000 %
INSC Matrix 'S' ( symm ): n =     73, nnz =         5329 <-> 100.00 %, mem usage  0.0000 G
INSC Matrix 'F' ( symm ): n =     73, nnz =         5329 <-> 100.00 %, mem usage  0.0000 G
INSC Matrix 'D' ( symm ): n =     73, nnz =         5329 <-> 100.00 %, mem usage  0.0000 G
INSC nuclearEnergy, energy_2el, energy = 782.160484, 1012.925798, -636.597213
INSC Energy   6 =       -636.59721262652  ( diff     -0.150049701248008 )
INSC calling compute_FDSminusSDF_sparse, n = 73
INDE compute_FDSminusSDF_sparse() start.
TIDE FileWritable::writeAndReadAll took      0.00 usr cpu s       0.00 sys cpu s       0.00 wall s
INDE writeAndReadAll: '0 MB (1 MatrixGeneral, 0 > 1 MB) + 0 MB (9 MatrixSymmetric, 0 > 1 MB) = 0 MB (10 total, 0 > 1 MB)
TISC compute_FDSminusSDF_sparse, F*D mult took      0.00 usr cpu s       0.01 sys cpu s       0.00 wall s
INSC Matrix 'FD before eucl truncation' (normal): n =     73, nnz =         5329 <-> 100.00 %, mem usage  0.0000 G
INSC Matrix 'FD after  eucl truncation' (normal): n =     73, nnz =         5329 <-> 100.00 %, mem usage  0.0000 G
INSC Matrix 'FDS before eucl truncation' (normal): n =     73, nnz =         5329 <-> 100.00 %, mem usage  0.0000 G
INSC Matrix 'FDS after  eucl truncation' (normal): n =     73, nnz =         5329 <-> 100.00 %, mem usage  0.0000 G
INSC compute_FDSminusSDF_sparse ending OK.
TISC compute_FDSminusSDF_sparse took      0.01 usr cpu s       0.01 sys cpu s       0.00 wall s
INSC Matrix 'FDS-SDF' (normal): n =     73, nnz =         5329 <-> 100.00 %, mem usage  0.0000 G
INSC SCF_restricted::get_FDSminusSDF finished.
TISC get_FDSminusSDF took      0.01 usr cpu s       0.01 sys cpu s       0.00 wall s
INSC maxabs FDS-SDF is   0.0756
INSC frob   FDS-SDF is     0.33
TISC get_error_measure took      0.00 usr cpu s       0.00 sys cpu s       0.00 wall s
INSC the energy got better, but we do not dare to try DIIS yet, noOfImprovementsInARow = 3
INSC mixing best Fock matrix so far with next one, stepLength =   0.484000
INSC increased steplength by factor 1.1, stepLength =   0.532400
TISC clear_error_matrices took      0.00 usr cpu s       0.00 sys cpu s       0.00 wall s
TISC save_current_fock_as_fprev took      0.00 usr cpu s       0.00 sys cpu s       0.00 wall s
INDE get_dens_from_fock_general, n = 73, use_diagonalization = 0, use_diag_on_error = 1
INDE Before writeAndReadAll(): AllocatorManager statistics:  noOfRealsPerBuffer: 1024 noOfBuffers: 20000 list.size(): 1. Allocated: 0.164 GB, Used: 0.000295 GB, Peak alloc: 0.164 GB.
TIDE FileWritable::writeAndReadAll took      0.00 usr cpu s       0.00 sys cpu s       0.00 wall s
INDE writeAndReadAll sizesStr: '0 MB (1 MatrixGeneral, 0 > 1 MB) + 0 MB (7 MatrixSymmetric, 0 > 1 MB) = 0 MB (8 total, 0 > 1 MB)
INDE After writeAndReadAll(): AllocatorManager statistics:  noOfRealsPerBuffer: 1024 noOfBuffers: 20000 list.size(): 1. Allocated: 0.164 GB, Used: 0.000295 GB, Peak alloc: 0.164 GB.
INDE calling get_dens_from_fock_sparse, n =     73, subspaceErrorLimit = 1e-06
INDE get_dens_from_fock_sparse() start!
INDE After F.readFromFile(): AllocatorManager statistics:  noOfRealsPerBuffer: 1024 noOfBuffers: 20000 list.size(): 1. Allocated: 0.164 GB, Used: 0.000295 GB, Peak alloc: 0.164 GB.
INDE After creating wrapper MatrixType F_w(F): AllocatorManager statistics:  noOfRealsPerBuffer: 1024 noOfBuffers: 20000 list.size(): 1. Allocated: 0.164 GB, Used: 0.000319 GB, Peak alloc: 0.164 GB.
TIDE  F_w to orthogonal basis took      0.00 usr cpu s       0.00 sys cpu s       0.00 wall s
TIDE MatrixType::mixed_diff for maxEigValMovement_mixed took      0.00 usr cpu s       0.01 sys cpu s       0.00 wall s
TIDE symmMatrixWrap::eucl_diff for maxEigValMovement_eucl  took      0.04 usr cpu s       0.11 sys cpu s       0.02 wall s
INDE maxEigValMovement_frob  =          0.35955100684
INDE maxEigValMovement_mixed =          0.28281430033
INDE maxEigValMovement_eucl  =          0.11358044177
INDE lumo before truncation: [ 0.012565252624 , 0.272988236904 ]
INDE homo before truncation: [ -0.388438592063 , -0.132041622981 ]
INDE Truncate matrix F and update intervals for homo and lumo.
INDE Truncating F_ort ( mixed ), selected threshold = 1.44607e-08
INDE Truncated F_ort ( mixed ), selected threshold = 1.44607e-08, returned error =          0, nnz before = 100.0000 %, nnz after = 100.0000 %
TIDE Truncation of F_ort took      0.00 usr cpu s       0.00 sys cpu s       0.00 wall s
INDE Chosen Ergo Wrapper
INDE Creating purification object: N = 73 , nocc = 47 , NNZ = 5329  <-> 100.00000 %
INDE Chosen norm for the truncation: 
INDE mixed
INDE Chosen norm for the stopping criterion: 
INDE mixed
INDE Chosen the NEW stopping criterion.
INDE Allowed error in subspace 7.000000e-07
INDE Chosen SP2 purification method
INDE calling Puri->PurificationStart(), number of threads = 1, trunc norm 'mixed'
TIDE gershgorin took      0.00 usr cpu s       0.00 sys cpu s       0.00 wall s
INDE Gershgorin bounds: [ -24.374744112925 , 5.997230176887 ]
INDE EXPANDED Gershgorin bounds: [ -24.374744127826 , 5.997230191788 ]
INDE Trying to impove bounds using Lanczos algorithm...
TIDE compute_spectrum_bounds took      0.03 usr cpu s       0.16 sys cpu s       0.03 wall s
INDE Spectrum of F: 	 [ -20.352186927569 , 1.112040315592 ]
INDE Transform homo and lumo bounds...
INDE HOMO bounds of X: 	 [ 0.057960714098 , 0.069906029724 ]
INDE LUMO bounds of X: 	 [ 0.039090719138 , 0.051223603371 ]
INDE INIT LUMO: [ 0.039090719138 , 0.051223603371 ]
INDE INIT HOMO: [ 0.930093970276 , 0.942039285902 ]
INDE ESTIMATED NUMBER OF ITERATIONS IS 30
INDE Put eigenvalues of F to the interval [0,1] in reverse order.
TIDE compute_X() took      0.00 usr cpu s       0.00 sys cpu s       0.00 wall s
TIDE prepare_to_purification() took      0.03 usr cpu s       0.16 sys cpu s       0.03 wall s
INDE (EIGV,PARAMS) Requested 0 occipied eigenpair(s).
INDE (EIGV,PARAMS) Requested 0 unoccipied eigenpair(s).
TIDE prepare_to_purification_eigenvectors() took      0.00 usr cpu s       0.00 sys cpu s       0.00 wall s
INDE Starting recursive expansion
INDE     BEFORE ITERATIONS:
TIDE truncate_matrix took      0.00 usr cpu s       0.00 sys cpu s       0.00 wall s
INDE Actual introduced error   0.000000e+00 : nnz before  5329 <-> 100.00 % , nnz after  5329 <-> 100.00 %
TIDE square took      0.00 usr cpu s       0.00 sys cpu s       0.00 wall s
INDE NNZ Xsq = 5329 <-> 100.00 %
TIDE Frobenius norm of X-X^2 took      0.00 usr cpu s       0.00 sys cpu s       0.00 wall s
TIDE Mixed norm of X-X^2 took      0.00 usr cpu s       0.00 sys cpu s       0.00 wall s
TIDE Trace of X-X^2 took      0.00 usr cpu s       0.00 sys cpu s       0.00 wall s
INDE ||X-X^2||_F = 8.686110e-01 , ||X-X^2||_mixed = 6.460053e-01
INDE trace(X-X^2) = 5.326623e+00
INDE trace(X) = 1.248213e+01
TIDE Iteration 0 took      0.00 usr cpu s       0.01 sys cpu s       0.00 wall s
TIDE FileWritable::writeAndReadAll took      0.00 usr cpu s       0.00 sys cpu s       0.00 wall s
INDE writeAndReadAll sizesStr: '0 MB (1 MatrixGeneral, 0 > 1 MB) + 0 MB (13 MatrixSymmetric, 0 > 1 MB) + 0 MB (2 VectorGeneral, 0 > 1 MB) = 0 MB (16 total, 0 > 1 MB)
INDE     ITERATION 1 :
TIDE purify_X took      0.00 usr cpu s       0.00 sys cpu s       0.00 wall s
TIDE truncate_matrix took      0.00 usr cpu s       0.00 sys cpu s       0.00 wall s
INDE Actual introduced error   0.000000e+00 : nnz before  5329 <-> 100.00 % , nnz after  5329 <-> 100.00 %
TIDE square took      0.00 usr cpu s       0.00 sys cpu s       0.00 wall s
INDE NNZ Xsq = 5329 <-> 100.00 %
TIDE Frobenius norm of X-X^2 took      0.00 usr cpu s       0.00 sys cpu s       0.00 wall s
TIDE Mixed norm of X-X^2 took      0.00 usr cpu s       0.00 sys cpu s       0.00 wall s
TIDE Trace of X-X^2 took      0.00 usr cpu s       0.00 sys cpu s       0.00 wall s
INDE ||X-X^2||_F = 9.295319e-01 , ||X-X^2||_mixed = 7.069916e-01
INDE trace(X-X^2) = 6.885560e+00
INDE trace(X) = 1.780875e+01
TIDE Iteration 1 took      0.01 usr cpu s       0.00 sys cpu s       0.00 wall s
INDE     ITERATION 2 :
TIDE purify_X took      0.00 usr cpu s       0.00 sys cpu s       0.00 wall s
TIDE truncate_matrix took      0.00 usr cpu s       0.00 sys cpu s       0.00 wall s
INDE Actual introduced error   0.000000e+00 : nnz before  5329 <-> 100.00 % , nnz after  5329 <-> 100.00 %
TIDE square took      0.00 usr cpu s       0.00 sys cpu s       0.00 wall s
INDE NNZ Xsq = 5329 <-> 100.00 %
TIDE Frobenius norm of X-X^2 took      0.00 usr cpu s       0.00 sys cpu s       0.00 wall s
TIDE Mixed norm of X-X^2 took      0.00 usr cpu s       0.00 sys cpu s       0.00 wall s
TIDE Trace of X-X^2 took      0.00 usr cpu s       0.00 sys cpu s       0.00 wall s
INDE ||X-X^2||_F = 1.268544e+00 , ||X-X^2||_mixed = 9.774899e-01
INDE trace(X-X^2) = 9.126772e+00
INDE trace(X) = 2.469431e+01
INDE Checking stopping criterion...   
INDE Order of convergence cannot be computed
TIDE stopping_criterion took      0.00 usr cpu s       0.00 sys cpu s       0.00 wall s
TIDE Iteration 2 took      0.00 usr cpu s       0.01 sys cpu s       0.00 wall s
INDE     ITERATION 3 :
TIDE purify_X took      0.00 usr cpu s       0.00 sys cpu s       0.00 wall s
TIDE truncate_matrix took      0.00 usr cpu s       0.00 sys cpu s       0.00 wall s
INDE Actual introduced error   0.000000e+00 : nnz before  5329 <-> 100.00 % , nnz after  5329 <-> 100.00 %
TIDE square took      0.00 usr cpu s       0.00 sys cpu s       0.00 wall s
INDE NNZ Xsq = 5329 <-> 100.00 %
TIDE Frobenius norm of X-X^2 took      0.00 usr cpu s       0.00 sys cpu s       0.00 wall s
TIDE Mixed norm of X-X^2 took      0.00 usr cpu s       0.00 sys cpu s       0.00 wall s
TIDE Trace of X-X^2 took      0.00 usr cpu s       0.00 sys cpu s       0.00 wall s
INDE ||X-X^2||_F = 1.591712e+00 , ||X-X^2||_mixed = 1.194045e+00
INDE trace(X-X^2) = 1.158975e+01
INDE trace(X) = 3.382108e+01
INDE Checking stopping criterion...   
INDE Order of convergence cannot be computed
TIDE stopping_criterion took      0.00 usr cpu s       0.00 sys cpu s       0.00 wall s
TIDE Iteration 3 took      0.00 usr cpu s       0.01 sys cpu s       0.00 wall s
INDE     ITERATION 4 :
TIDE purify_X took      0.00 usr cpu s       0.00 sys cpu s       0.00 wall s
TIDE truncate_matrix took      0.00 usr cpu s       0.00 sys cpu s       0.00 wall s
INDE Actual introduced error   0.000000e+00 : nnz before  5329 <-> 100.00 % , nnz after  5329 <-> 100.00 %
TIDE square took      0.00 usr cpu s       0.01 sys cpu s       0.00 wall s
INDE NNZ Xsq = 5329 <-> 100.00 %
TIDE Frobenius norm of X-X^2 took      0.00 usr cpu s       0.00 sys cpu s       0.00 wall s
TIDE Mixed norm of X-X^2 took      0.00 usr cpu s       0.00 sys cpu s       0.00 wall s
TIDE Trace of X-X^2 took      0.00 usr cpu s       0.00 sys cpu s       0.00 wall s
INDE ||X-X^2||_F = 1.487958e+00 , ||X-X^2||_mixed = 1.087813e+00
INDE trace(X-X^2) = 1.113850e+01
INDE trace(X) = 4.541083e+01
INDE Checking stopping criterion...   
INDE Order of convergence cannot be computed
TIDE stopping_criterion took      0.00 usr cpu s       0.00 sys cpu s       0.00 wall s
TIDE Iteration 4 took      0.00 usr cpu s       0.01 sys cpu s       0.00 wall s
INDE     ITERATION 5 :
TIDE purify_X took      0.00 usr cpu s       0.00 sys cpu s       0.00 wall s
TIDE truncate_matrix took      0.00 usr cpu s       0.00 sys cpu s       0.00 wall s
INDE Actual introduced error   0.000000e+00 : nnz before  5329 <-> 100.00 % , nnz after  5329 <-> 100.00 %
TIDE square took      0.00 usr cpu s       0.01 sys cpu s       0.00 wall s
INDE NNZ Xsq = 5329 <-> 100.00 %
TIDE Frobenius norm of X-X^2 took      0.00 usr cpu s       0.00 sys cpu s       0.00 wall s
TIDE Mixed norm of X-X^2 took      0.00 usr cpu s       0.00 sys cpu s       0.00 wall s
TIDE Trace of X-X^2 took      0.00 usr cpu s       0.00 sys cpu s       0.00 wall s
INDE ||X-X^2||_F = 1.480775e+00 , ||X-X^2||_mixed = 1.143708e+00
INDE trace(X-X^2) = 1.019123e+01
INDE trace(X) = 3.427233e+01
INDE Checking stopping criterion...   
INDE Order of convergence cannot be computed
TIDE stopping_criterion took      0.00 usr cpu s       0.00 sys cpu s       0.00 wall s
TIDE Iteration 5 took      0.00 usr cpu s       0.01 sys cpu s       0.00 wall s
INDE     ITERATION 6 :
TIDE purify_X took      0.00 usr cpu s       0.00 sys cpu s       0.00 wall s
TIDE truncate_matrix took      0.00 usr cpu s       0.00 sys cpu s       0.00 wall s
INDE Actual introduced error   0.000000e+00 : nnz before  5329 <-> 100.00 % , nnz after  5329 <-> 100.00 %
TIDE square took      0.00 usr cpu s       0.01 sys cpu s       0.00 wall s
INDE NNZ Xsq = 5329 <-> 100.00 %
TIDE Frobenius norm of X-X^2 took      0.00 usr cpu s       0.00 sys cpu s       0.00 wall s
TIDE Mixed norm of X-X^2 took      0.00 usr cpu s       0.00 sys cpu s       0.00 wall s
TIDE Trace of X-X^2 took      0.00 usr cpu s       0.00 sys cpu s       0.00 wall s
INDE ||X-X^2||_F = 1.222946e+00 , ||X-X^2||_mixed = 9.273112e-01
INDE trace(X-X^2) = 8.694997e+00
INDE trace(X) = 4.446356e+01
INDE Checking stopping criterion...   
INDE Order of convergence cannot be computed
TIDE stopping_criterion took      0.00 usr cpu s       0.00 sys cpu s       0.00 wall s
TIDE Iteration 6 took      0.00 usr cpu s       0.01 sys cpu s       0.00 wall s
INDE     ITERATION 7 :
TIDE purify_X took      0.00 usr cpu s       0.00 sys cpu s       0.00 wall s
TIDE truncate_matrix took      0.00 usr cpu s       0.00 sys cpu s       0.00 wall s
INDE Actual introduced error   0.000000e+00 : nnz before  5329 <-> 100.00 % , nnz after  5329 <-> 100.00 %
TIDE square took      0.00 usr cpu s       0.00 sys cpu s       0.00 wall s
INDE NNZ Xsq = 5329 <-> 100.00 %
TIDE Frobenius norm of X-X^2 took      0.00 usr cpu s       0.00 sys cpu s       0.00 wall s
TIDE Mixed norm of X-X^2 took      0.00 usr cpu s       0.00 sys cpu s       0.00 wall s
TIDE Trace of X-X^2 took      0.00 usr cpu s       0.00 sys cpu s       0.00 wall s
INDE ||X-X^2||_F = 1.327498e+00 , ||X-X^2||_mixed = 1.053524e+00
INDE trace(X-X^2) = 8.436042e+00
INDE trace(X) = 3.576857e+01
INDE Checking stopping criterion...   
INDE Order of convergence cannot be computed
TIDE stopping_criterion took      0.00 usr cpu s       0.00 sys cpu s       0.00 wall s
TIDE Iteration 7 took      0.00 usr cpu s       0.01 sys cpu s       0.00 wall s
INDE     ITERATION 8 :
TIDE purify_X took      0.00 usr cpu s       0.00 sys cpu s       0.00 wall s
TIDE truncate_matrix took      0.00 usr cpu s       0.00 sys cpu s       0.00 wall s
INDE Actual introduced error   0.000000e+00 : nnz before  5329 <-> 100.00 % , nnz after  5329 <-> 100.00 %
TIDE square took      0.00 usr cpu s       0.00 sys cpu s       0.00 wall s
INDE NNZ Xsq = 5329 <-> 100.00 %
TIDE Frobenius norm of X-X^2 took      0.00 usr cpu s       0.00 sys cpu s       0.00 wall s
TIDE Mixed norm of X-X^2 took      0.00 usr cpu s       0.00 sys cpu s       0.00 wall s
TIDE Trace of X-X^2 took      0.00 usr cpu s       0.00 sys cpu s       0.00 wall s
INDE ||X-X^2||_F = 9.335448e-01 , ||X-X^2||_mixed = 7.448798e-01
INDE trace(X-X^2) = 5.865308e+00
INDE trace(X) = 4.420461e+01
INDE Checking stopping criterion...   
INDE e_i =7.448798e-01, C*e_{i-1}^q = 5.922344e+00
INDE Order of convergence = 29.472792, stop = 0
TIDE stopping_criterion took      0.00 usr cpu s       0.00 sys cpu s       0.00 wall s
TIDE Iteration 8 took      0.01 usr cpu s       0.00 sys cpu s       0.00 wall s
INDE     ITERATION 9 :
TIDE purify_X took      0.00 usr cpu s       0.00 sys cpu s       0.00 wall s
TIDE truncate_matrix took      0.00 usr cpu s       0.00 sys cpu s       0.00 wall s
INDE Actual introduced error   0.000000e+00 : nnz before  5329 <-> 100.00 % , nnz after  5329 <-> 100.00 %
TIDE square took      0.00 usr cpu s       0.01 sys cpu s       0.00 wall s
INDE NNZ Xsq = 5329 <-> 100.00 %
TIDE Frobenius norm of X-X^2 took      0.00 usr cpu s       0.00 sys cpu s       0.00 wall s
TIDE Mixed norm of X-X^2 took      0.00 usr cpu s       0.00 sys cpu s       0.00 wall s
TIDE Trace of X-X^2 took      0.00 usr cpu s       0.00 sys cpu s       0.00 wall s
INDE ||X-X^2||_F = 1.122037e+00 , ||X-X^2||_mixed = 9.193162e-01
INDE trace(X-X^2) = 6.431210e+00
INDE trace(X) = 3.833930e+01
INDE Checking stopping criterion...   
INDE Order of convergence cannot be computed
TIDE stopping_criterion took      0.00 usr cpu s       0.00 sys cpu s       0.00 wall s
TIDE Iteration 9 took      0.01 usr cpu s       0.02 sys cpu s       0.00 wall s
INDE     ITERATION 10 :
TIDE purify_X took      0.00 usr cpu s       0.00 sys cpu s       0.00 wall s
TIDE truncate_matrix took      0.00 usr cpu s       0.00 sys cpu s       0.00 wall s
INDE Actual introduced error   0.000000e+00 : nnz before  5329 <-> 100.00 % , nnz after  5329 <-> 100.00 %
TIDE square took      0.00 usr cpu s       0.00 sys cpu s       0.00 wall s
INDE NNZ Xsq = 5329 <-> 100.00 %
TIDE Frobenius norm of X-X^2 took      0.00 usr cpu s       0.00 sys cpu s       0.00 wall s
TIDE Mixed norm of X-X^2 took      0.00 usr cpu s       0.00 sys cpu s       0.00 wall s
TIDE Trace of X-X^2 took      0.00 usr cpu s       0.00 sys cpu s       0.00 wall s
INDE ||X-X^2||_F = 6.680592e-01 , ||X-X^2||_mixed = 5.663819e-01
INDE trace(X-X^2) = 3.481103e+00
INDE trace(X) = 4.477051e+01
INDE Checking stopping criterion...   
INDE e_i =5.663819e-01, C*e_{i-1}^q = 3.821335e+00
INDE Order of convergence = 8.481753, stop = 0
TIDE stopping_criterion took      0.00 usr cpu s       0.00 sys cpu s       0.00 wall s
TIDE Iteration 10 took      0.00 usr cpu s       0.01 sys cpu s       0.00 wall s
INDE     ITERATION 11 :
TIDE purify_X took      0.00 usr cpu s       0.00 sys cpu s       0.00 wall s
TIDE truncate_matrix took      0.00 usr cpu s       0.00 sys cpu s       0.00 wall s
INDE Actual introduced error   0.000000e+00 : nnz before  5329 <-> 100.00 % , nnz after  5329 <-> 100.00 %
TIDE square took      0.01 usr cpu s       0.00 sys cpu s       0.00 wall s
INDE NNZ Xsq = 5329 <-> 100.00 %
TIDE Frobenius norm of X-X^2 took      0.00 usr cpu s       0.00 sys cpu s       0.00 wall s
TIDE Mixed norm of X-X^2 took      0.00 usr cpu s       0.00 sys cpu s       0.00 wall s
TIDE Trace of X-X^2 took      0.00 usr cpu s       0.00 sys cpu s       0.00 wall s
INDE ||X-X^2||_F = 8.698366e-01 , ||X-X^2||_mixed = 7.505010e-01
INDE trace(X-X^2) = 4.341487e+00
INDE trace(X) = 4.128941e+01
INDE Checking stopping criterion...   
INDE e_i =7.505010e-01, C*e_{i-1}^q = 5.820664e+00
INDE Order of convergence = 26.349786, stop = 0
TIDE stopping_criterion took      0.00 usr cpu s       0.00 sys cpu s       0.00 wall s
TIDE Iteration 11 took      0.01 usr cpu s       0.01 sys cpu s       0.00 wall s
INDE     ITERATION 12 :
TIDE purify_X took      0.00 usr cpu s       0.00 sys cpu s       0.00 wall s
TIDE truncate_matrix took      0.00 usr cpu s       0.00 sys cpu s       0.00 wall s
INDE Actual introduced error   0.000000e+00 : nnz before  5329 <-> 100.00 % , nnz after  5329 <-> 100.00 %
TIDE square took      0.00 usr cpu s       0.00 sys cpu s       0.00 wall s
INDE NNZ Xsq = 5329 <-> 100.00 %
TIDE Frobenius norm of X-X^2 took      0.00 usr cpu s       0.00 sys cpu s       0.00 wall s
TIDE Mixed norm of X-X^2 took      0.00 usr cpu s       0.00 sys cpu s       0.00 wall s
TIDE Trace of X-X^2 took      0.00 usr cpu s       0.00 sys cpu s       0.00 wall s
INDE ||X-X^2||_F = 4.258918e-01 , ||X-X^2||_mixed = 3.855963e-01
INDE trace(X-X^2) = 1.785409e+00
INDE trace(X) = 4.563089e+01
INDE Checking stopping criterion...   
INDE e_i =3.855963e-01, C*e_{i-1}^q = 2.209334e+00
INDE Order of convergence = 5.070706, stop = 0
TIDE stopping_criterion took      0.00 usr cpu s       0.00 sys cpu s       0.00 wall s
TIDE Iteration 12 took      0.00 usr cpu s       0.01 sys cpu s       0.00 wall s
INDE     ITERATION 13 :
TIDE purify_X took      0.00 usr cpu s       0.00 sys cpu s       0.00 wall s
TIDE truncate_matrix took      0.00 usr cpu s       0.00 sys cpu s       0.00 wall s
INDE Actual introduced error   0.000000e+00 : nnz before  5329 <-> 100.00 % , nnz after  5329 <-> 100.00 %
TIDE square took      0.00 usr cpu s       0.00 sys cpu s       0.00 wall s
INDE NNZ Xsq = 5329 <-> 100.00 %
TIDE Frobenius norm of X-X^2 took      0.00 usr cpu s       0.00 sys cpu s       0.00 wall s
TIDE Mixed norm of X-X^2 took      0.00 usr cpu s       0.00 sys cpu s       0.00 wall s
TIDE Trace of X-X^2 took      0.00 usr cpu s       0.00 sys cpu s       0.00 wall s
INDE ||X-X^2||_F = 2.802717e-01 , ||X-X^2||_mixed = 2.655595e-01
INDE trace(X-X^2) = 7.482264e-01
INDE trace(X) = 4.741630e+01
INDE Checking stopping criterion...   
INDE Order of convergence cannot be computed
TIDE stopping_criterion took      0.00 usr cpu s       0.00 sys cpu s       0.00 wall s
TIDE Iteration 13 took      0.00 usr cpu s       0.01 sys cpu s       0.00 wall s
INDE     ITERATION 14 :
TIDE purify_X took      0.00 usr cpu s       0.00 sys cpu s       0.00 wall s
TIDE truncate_matrix took      0.00 usr cpu s       0.00 sys cpu s       0.00 wall s
INDE Actual introduced error   0.000000e+00 : nnz before  5329 <-> 100.00 % , nnz after  5329 <-> 100.00 %
TIDE square took      0.00 usr cpu s       0.01 sys cpu s       0.00 wall s
INDE NNZ Xsq = 5329 <-> 100.00 %
TIDE Frobenius norm of X-X^2 took      0.00 usr cpu s       0.00 sys cpu s       0.00 wall s
TIDE Mixed norm of X-X^2 took      0.00 usr cpu s       0.00 sys cpu s       0.00 wall s
TIDE Trace of X-X^2 took      0.00 usr cpu s       0.00 sys cpu s       0.00 wall s
INDE ||X-X^2||_F = 1.642278e-01 , ||X-X^2||_mixed = 1.552323e-01
INDE trace(X-X^2) = 5.233141e-01
INDE trace(X) = 4.666808e+01
INDE Checking stopping criterion...   
INDE e_i =1.552323e-01, C*e_{i-1}^q = 1.024020e+00
INDE Order of convergence = 3.979685, stop = 0
TIDE stopping_criterion took      0.00 usr cpu s       0.00 sys cpu s       0.00 wall s
TIDE Iteration 14 took      0.00 usr cpu s       0.01 sys cpu s       0.00 wall s
INDE     ITERATION 15 :
TIDE purify_X took      0.00 usr cpu s       0.00 sys cpu s       0.00 wall s
TIDE truncate_matrix took      0.00 usr cpu s       0.00 sys cpu s       0.00 wall s
INDE Actual introduced error   0.000000e+00 : nnz before  5329 <-> 100.00 % , nnz after  5329 <-> 100.00 %
TIDE square took      0.00 usr cpu s       0.00 sys cpu s       0.00 wall s
INDE NNZ Xsq = 5329 <-> 100.00 %
TIDE Frobenius norm of X-X^2 took      0.00 usr cpu s       0.00 sys cpu s       0.00 wall s
TIDE Mixed norm of X-X^2 took      0.00 usr cpu s       0.00 sys cpu s       0.00 wall s
TIDE Trace of X-X^2 took      0.00 usr cpu s       0.00 sys cpu s       0.00 wall s
INDE ||X-X^2||_F = 2.708679e-01 , ||X-X^2||_mixed = 2.607625e-01
INDE trace(X-X^2) = 7.657749e-01
INDE trace(X) = 4.614476e+01
INDE Checking stopping criterion...   
INDE Order of convergence cannot be computed
TIDE stopping_criterion took      0.00 usr cpu s       0.00 sys cpu s       0.00 wall s
TIDE Iteration 15 took      0.00 usr cpu s       0.01 sys cpu s       0.00 wall s
INDE     ITERATION 16 :
TIDE purify_X took      0.00 usr cpu s       0.00 sys cpu s       0.00 wall s
TIDE truncate_matrix took      0.00 usr cpu s       0.00 sys cpu s       0.00 wall s
INDE Actual introduced error   0.000000e+00 : nnz before  5329 <-> 100.00 % , nnz after  5329 <-> 100.00 %
TIDE square took      0.00 usr cpu s       0.00 sys cpu s       0.00 wall s
INDE NNZ Xsq = 5329 <-> 100.00 %
TIDE Frobenius norm of X-X^2 took      0.00 usr cpu s       0.00 sys cpu s       0.00 wall s
TIDE Mixed norm of X-X^2 took      0.00 usr cpu s       0.00 sys cpu s       0.00 wall s
TIDE Trace of X-X^2 took      0.00 usr cpu s       0.00 sys cpu s       0.00 wall s
INDE ||X-X^2||_F = 4.419061e-02 , ||X-X^2||_mixed = 4.312360e-02
INDE trace(X-X^2) = 1.056590e-01
INDE trace(X) = 4.691054e+01
INDE Checking stopping criterion...   
INDE e_i =4.312360e-02, C*e_{i-1}^q = 1.659612e-01
INDE Order of convergence = 2.723459, stop = 0
TIDE stopping_criterion took      0.00 usr cpu s       0.00 sys cpu s       0.00 wall s
TIDE Iteration 16 took      0.00 usr cpu s       0.01 sys cpu s       0.00 wall s
INDE     ITERATION 17 :
TIDE purify_X took      0.00 usr cpu s       0.00 sys cpu s       0.00 wall s
TIDE truncate_matrix took      0.00 usr cpu s       0.00 sys cpu s       0.00 wall s
INDE Actual introduced error   0.000000e+00 : nnz before  5329 <-> 100.00 % , nnz after  5329 <-> 100.00 %
TIDE square took      0.00 usr cpu s       0.00 sys cpu s       0.00 wall s
INDE NNZ Xsq = 5329 <-> 100.00 %
TIDE Frobenius norm of X-X^2 took      0.00 usr cpu s       0.00 sys cpu s       0.00 wall s
TIDE Mixed norm of X-X^2 took      0.00 usr cpu s       0.00 sys cpu s       0.00 wall s
TIDE Trace of X-X^2 took      0.00 usr cpu s       0.00 sys cpu s       0.00 wall s
INDE ||X-X^2||_F = 1.377519e-02 , ||X-X^2||_mixed = 1.373471e-02
INDE trace(X-X^2) = 1.999842e-02
INDE trace(X) = 4.701620e+01
INDE Checking stopping criterion...   
INDE Order of convergence cannot be computed
TIDE stopping_criterion took      0.00 usr cpu s       0.00 sys cpu s       0.00 wall s
TIDE Iteration 17 took      0.00 usr cpu s       0.01 sys cpu s       0.00 wall s
INDE     ITERATION 18 :
TIDE purify_X took      0.00 usr cpu s       0.00 sys cpu s       0.00 wall s
TIDE truncate_matrix took      0.00 usr cpu s       0.00 sys cpu s       0.00 wall s
INDE Actual introduced error   0.000000e+00 : nnz before  5329 <-> 100.00 % , nnz after  5329 <-> 100.00 %
TIDE square took      0.00 usr cpu s       0.01 sys cpu s       0.00 wall s
INDE NNZ Xsq = 5329 <-> 100.00 %
TIDE Frobenius norm of X-X^2 took      0.00 usr cpu s       0.00 sys cpu s       0.00 wall s
TIDE Mixed norm of X-X^2 took      0.00 usr cpu s       0.00 sys cpu s       0.00 wall s
TIDE Trace of X-X^2 took      0.00 usr cpu s       0.00 sys cpu s       0.00 wall s
INDE ||X-X^2||_F = 2.189996e-03 , ||X-X^2||_mixed = 2.170745e-03
INDE trace(X-X^2) = 4.183340e-03
INDE trace(X) = 4.699620e+01
INDE Checking stopping criterion...   
INDE e_i =2.170745e-03, C*e_{i-1}^q = 1.280774e-02
INDE Order of convergence = 2.564617, stop = 0
TIDE stopping_criterion took      0.00 usr cpu s       0.00 sys cpu s       0.00 wall s
TIDE Iteration 18 took      0.00 usr cpu s       0.01 sys cpu s       0.00 wall s
INDE     ITERATION 19 :
TIDE purify_X took      0.00 usr cpu s       0.00 sys cpu s       0.00 wall s
TIDE truncate_matrix took      0.00 usr cpu s       0.00 sys cpu s       0.00 wall s
INDE Actual introduced error   0.000000e+00 : nnz before  5329 <-> 100.00 % , nnz after  5329 <-> 100.00 %
TIDE square took      0.00 usr cpu s       0.00 sys cpu s       0.00 wall s
INDE NNZ Xsq = 5329 <-> 100.00 %
TIDE Frobenius norm of X-X^2 took      0.00 usr cpu s       0.00 sys cpu s       0.00 wall s
TIDE Mixed norm of X-X^2 took      0.00 usr cpu s       0.00 sys cpu s       0.00 wall s
TIDE Trace of X-X^2 took      0.00 usr cpu s       0.00 sys cpu s       0.00 wall s
INDE ||X-X^2||_F = 4.355316e-03 , ||X-X^2||_mixed = 4.326320e-03
INDE trace(X-X^2) = 7.965425e-03
INDE trace(X) = 4.699202e+01
INDE Checking stopping criterion...   
INDE Order of convergence cannot be computed
TIDE stopping_criterion took      0.00 usr cpu s       0.00 sys cpu s       0.00 wall s
TIDE Iteration 19 took      0.00 usr cpu s       0.01 sys cpu s       0.00 wall s
INDE     ITERATION 20 :
TIDE purify_X took      0.00 usr cpu s       0.00 sys cpu s       0.00 wall s
TIDE truncate_matrix took      0.00 usr cpu s       0.00 sys cpu s       0.00 wall s
INDE Actual introduced error   0.000000e+00 : nnz before  5329 <-> 100.00 % , nnz after  5329 <-> 100.00 %
TIDE square took      0.00 usr cpu s       0.00 sys cpu s       0.00 wall s
INDE NNZ Xsq = 5329 <-> 100.00 %
TIDE Frobenius norm of X-X^2 took      0.00 usr cpu s       0.00 sys cpu s       0.00 wall s
TIDE Mixed norm of X-X^2 took      0.00 usr cpu s       0.00 sys cpu s       0.00 wall s
TIDE Trace of X-X^2 took      0.00 usr cpu s       0.00 sys cpu s       0.00 wall s
INDE ||X-X^2||_F = 1.296478e-05 , ||X-X^2||_mixed = 1.294717e-05
INDE trace(X-X^2) = 1.914445e-05
INDE trace(X) = 4.699998e+01
INDE Checking stopping criterion...   
INDE e_i =1.294717e-05, C*e_{i-1}^q = 3.245342e-05
INDE Order of convergence = 2.149841, stop = 0
TIDE stopping_criterion took      0.00 usr cpu s       0.00 sys cpu s       0.00 wall s
TIDE Iteration 20 took      0.01 usr cpu s       0.00 sys cpu s       0.00 wall s
INDE     ITERATION 21 :
TIDE purify_X took      0.00 usr cpu s       0.00 sys cpu s       0.00 wall s
TIDE truncate_matrix took      0.00 usr cpu s       0.00 sys cpu s       0.00 wall s
INDE Actual introduced error   0.000000e+00 : nnz before  5329 <-> 100.00 % , nnz after  5329 <-> 100.00 %
TIDE square took      0.00 usr cpu s       0.00 sys cpu s       0.00 wall s
INDE NNZ Xsq = 5329 <-> 100.00 %
TIDE Frobenius norm of X-X^2 took      0.00 usr cpu s       0.00 sys cpu s       0.00 wall s
TIDE Mixed norm of X-X^2 took      0.00 usr cpu s       0.00 sys cpu s       0.00 wall s
TIDE Trace of X-X^2 took      0.00 usr cpu s       0.00 sys cpu s       0.00 wall s
INDE ||X-X^2||_F = 1.338293e-07 , ||X-X^2||_mixed = 1.338293e-07
INDE trace(X-X^2) = 1.342366e-07
INDE trace(X) = 4.700000e+01
INDE Checking stopping criterion...   
INDE Order of convergence cannot be computed
TIDE stopping_criterion took      0.00 usr cpu s       0.00 sys cpu s       0.00 wall s
TIDE Iteration 21 took      0.00 usr cpu s       0.01 sys cpu s       0.00 wall s
INDE     ITERATION 22 :
TIDE purify_X took      0.00 usr cpu s       0.00 sys cpu s       0.00 wall s
TIDE truncate_matrix took      0.00 usr cpu s       0.00 sys cpu s       0.00 wall s
INDE Actual introduced error   0.000000e+00 : nnz before  5329 <-> 100.00 % , nnz after  5329 <-> 100.00 %
TIDE square took      0.00 usr cpu s       0.01 sys cpu s       0.00 wall s
INDE NNZ Xsq = 5329 <-> 100.00 %
TIDE Frobenius norm of X-X^2 took      0.00 usr cpu s       0.00 sys cpu s       0.00 wall s
TIDE Mixed norm of X-X^2 took      0.00 usr cpu s       0.00 sys cpu s       0.00 wall s
TIDE Trace of X-X^2 took      0.00 usr cpu s       0.00 sys cpu s       0.00 wall s
INDE ||X-X^2||_F = 2.830856e-10 , ||X-X^2||_mixed = 2.830589e-10
INDE trace(X-X^2) = 3.362004e-10
INDE trace(X) = 4.700000e+01
INDE Checking stopping criterion...   
INDE e_i =2.830589e-10, C*e_{i-1}^q = 1.154495e-09
INDE Order of convergence = 2.124905, stop = 0
TIDE stopping_criterion took      0.00 usr cpu s       0.00 sys cpu s       0.00 wall s
TIDE Iteration 22 took      0.00 usr cpu s       0.01 sys cpu s       0.00 wall s
INDE     ITERATION 23 :
TIDE purify_X took      0.00 usr cpu s       0.00 sys cpu s       0.00 wall s
TIDE truncate_matrix took      0.00 usr cpu s       0.00 sys cpu s       0.00 wall s
INDE Actual introduced error   0.000000e+00 : nnz before  5329 <-> 100.00 % , nnz after  5329 <-> 100.00 %
TIDE square took      0.00 usr cpu s       0.01 sys cpu s       0.00 wall s
INDE NNZ Xsq = 5329 <-> 100.00 %
TIDE Frobenius norm of X-X^2 took      0.00 usr cpu s       0.00 sys cpu s       0.00 wall s
TIDE Mixed norm of X-X^2 took      0.00 usr cpu s       0.00 sys cpu s       0.00 wall s
TIDE Trace of X-X^2 took      0.00 usr cpu s       0.00 sys cpu s       0.00 wall s
INDE ||X-X^2||_F = 5.661711e-10 , ||X-X^2||_mixed = 5.661179e-10
INDE trace(X-X^2) = 6.723226e-10
INDE trace(X) = 4.700000e+01
INDE Checking stopping criterion...   
INDE Order of convergence cannot be computed
TIDE stopping_criterion took      0.00 usr cpu s       0.00 sys cpu s       0.00 wall s
TIDE Iteration 23 took      0.00 usr cpu s       0.01 sys cpu s       0.00 wall s
INDE     ITERATION 24 :
TIDE purify_X took      0.00 usr cpu s       0.00 sys cpu s       0.00 wall s
TIDE truncate_matrix took      0.00 usr cpu s       0.00 sys cpu s       0.00 wall s
INDE Actual introduced error   0.000000e+00 : nnz before  5329 <-> 100.00 % , nnz after  5329 <-> 100.00 %
TIDE square took      0.00 usr cpu s       0.00 sys cpu s       0.00 wall s
INDE NNZ Xsq = 5329 <-> 100.00 %
TIDE Frobenius norm of X-X^2 took      0.00 usr cpu s       0.00 sys cpu s       0.00 wall s
TIDE Mixed norm of X-X^2 took      0.00 usr cpu s       0.00 sys cpu s       0.00 wall s
TIDE Trace of X-X^2 took      0.00 usr cpu s       0.00 sys cpu s       0.00 wall s
INDE ||X-X^2||_F = 1.542956e-15 , ||X-X^2||_mixed = 0.000000e+00
INDE trace(X-X^2) = 0.000000e+00
INDE trace(X) = 4.700000e+01
INDE Checking stopping criterion...   
INDE ************************************************************************************************************
INDE The norm value went much below machine precision, therefore we stop here since n_max can be underestimated.
INDE ************************************************************************************************************
INDE e_i =0.000000e+00, C*e_{i-1}^q = 5.518185e-19
INDE Order of convergence = inf, stop = 1
TIDE stopping_criterion took      0.00 usr cpu s       0.00 sys cpu s       0.00 wall s
INDE PURIFICATION CONVERGED after 24 iterations
TIDE Iteration 24 took      0.00 usr cpu s       0.00 sys cpu s       0.00 wall s
INDE Number of non-zeros in D is  5329 <-> 100.00 %
TIDE FileWritable::writeAndReadAll took      0.00 usr cpu s       0.00 sys cpu s       0.00 wall s
INDE writeAndReadAll sizesStr: '0 MB (1 MatrixGeneral, 0 > 1 MB) + 0 MB (13 MatrixSymmetric, 0 > 1 MB) + 0 MB (2 VectorGeneral, 0 > 1 MB) = 0 MB (16 total, 0 > 1 MB)
INDE TOTAL accumulated subspace error is 0.000000e+00
INDE TOTAL X square time: 0.020854 wall s
INDE TOTAL X trunction time: 0.001312 wall s
INDE TOTAL X purify (exl. X^2 computation) time: 0.000939 wall s
INDE TOTAL time to get number of non-zero elements: 0.000951 wall s
INDE TOTAL time to get mixed norm: 0.017086 wall s
INDE TOTAL time to get Frobenius norm: 0.000986 wall s
INDE TOTAL time for stopping criterion: 0.001225 wall s
INDE TOTAL time to get matrix trace: 0.000519 wall s
INDE Estimated bounds for the eigenvalues for the Fock matrix:
INDE LUMO: [ 0.170155392581 , 0.181602840005 ]
INDE HOMO: [ -0.278332089668 , -0.256535646342 ]
TIDE eigenvalue_bounds_estimation() took      0.00 usr cpu s       0.00 sys cpu s       0.00 wall s
TIDE Recursive expansion took      0.12 usr cpu s       0.38 sys cpu s       0.08 wall s
TIDE Puri->PurificationStart() took      0.12 usr cpu s       0.38 sys cpu s       0.08 wall s
TIDE Accumulated wall times for writeToFile in PurificationStart()          : 9.5e-07 s (MatrixGeneral) + 4.8e-06 s (MatrixSymmetric) + 3.6e-05 s (VectorGeneral) = 4.1e-05 s
TIDE Accumulated wall times for readFromFile in PurificationStart()         : 0 s (MatrixGeneral) + 2.9e-06 s (MatrixSymmetric) + 1.1e-05 s (VectorGeneral) = 1.4e-05 s
TIDE Accumulated wall times for copy and assign in PurificationStart()      : 1.9e-06 s (MatrixSymmetric) + 4.9e-05 s (VectorGeneral) = 5.1e-05 s
INDE Number of calls to writeToFile in PurificationStart()                  : 2 (MatrixGeneral) + 27 (MatrixSymmetric) + 314 (VectorGeneral) = 343 
INDE Number of calls to readFromFile in PurificationStart()                 : 2 (MatrixGeneral) + 26 (MatrixSymmetric) + 117 (VectorGeneral) = 145 
INDE Number of calls to FileWritable copy and assign in PurificationStart() : 2 (MatrixSymmetric) + 26 (VectorGeneral) = 28 
TIDE mat::Gblas::time after purification :     0.277907
INDE Created .m files with results of the purification
INDE Purification converged OK, subspaceError <=          0.00000000000
INDE E(LUMO) - E(HOMO) >=          0.42669103892 =         11.61085472335 eV
INDE E(LUMO) - E(HOMO) <=          0.45993492967 =         12.51546707918 eV
INDE HOMO interval : [   -0.278332089668   -0.256535646342 ]
INDE LUMO interval : [    0.170155392581    0.181602840005 ]
INDE Trace of resulting density matrix is         47.00000000000, error is  -0.00000000000001.
INDE Truncated D_ort ( mixed ), selected threshold = 9.99999e-08, returned error =          0, nnz before = 5329 <-> 100.0000 %, nnz after = 5329 <-> 100.0000 %
TIDE FileWritable::writeAndReadAll took      0.00 usr cpu s       0.00 sys cpu s       0.00 wall s
INDE writeAndReadAll sizesStr: '0 MB (1 MatrixGeneral, 0 > 1 MB) + 0 MB (12 MatrixSymmetric, 0 > 1 MB) + 0 MB (1 MatrixTriangular, 0 > 1 MB) = 0 MB (14 total, 0 > 1 MB)
TIDE D_w to non-orthogonal basis took      0.00 usr cpu s       0.00 sys cpu s       0.00 wall s
INDE Truncated D_S (eucl with Z), selected threshold = 9.99999e-08, returned error =          0, nnz before = 100.0000 %, nnz after = 100.0000 %
INDE get_dens_from_fock_sparse ending OK
TIDE get_dens_from_fock_sparse took      0.16 usr cpu s       0.51 sys cpu s       0.11 wall s
ERDE get_dens_from_fock  (GetDensFromFock class) : purification finished OK.
TIDE get_dens_from_fock took      0.16 usr cpu s       0.52 sys cpu s       0.11 wall s
INSC Matrix 'new density matrix' ( symm ): n =     73, nnz =         5329 <-> 100.00 %, mem usage  0.0000 G
INSC Tr( D * S ) =         94.00000000000
TISC get_new_density_matrix took      0.16 usr cpu s       0.52 sys cpu s       0.11 wall s
INSC SCF_restricted::report_density_difference, diff_eucl =          0.07308285509
TISC SCF_restricted::report_density_difference took      0.01 usr cpu s       0.07 sys cpu s       0.01 wall s
INMA ddf_writeShellListAndDensityMatricesToFile_sparse, n =     73, densityMatrixList[0].nvalues =        2701
INMA opened temporary file 'density.bin.a3Ggyy' for writing
INMA Choosing matrixStorageType = MATRIX_STORAGE_TYPE_TRIANGLE.
INMA fileSize =           46848 bytes =      0.047 MegaBytes
INMA renamed file 'density.bin.a3Ggyy' to 'density.bin'
INMA ddf_writeShellListAndDensityMatricesToFile_sparse freeing buffer.
INMA ddf_writeShellListAndDensityMatricesToFile_sparse returning OK.
TISC write_density_to_file took      0.01 usr cpu s       0.03 sys cpu s       0.01 wall s
INSC SCF cycle   6 finished.
TISC SCF cycle   6 took      7.99 usr cpu s       1.12 sys cpu s       2.39 wall s
INSC Beginning of SCF cycle 7:  Thu Mar 26 20:00:11 2026
INDE compute_J_by_boxes_sparse() start.
TIDE FileWritable::writeAndReadAll took      0.00 usr cpu s       0.00 sys cpu s       0.00 wall s
INDE writeAndReadAll: '0 MB (1 MatrixGeneral, 0 > 1 MB) + 0 MB (11 MatrixSymmetric, 0 > 1 MB) = 0 MB (12 total, 0 > 1 MB)
IN   compute_J_by_boxes_sparse, maxDensityMatrixElement =          2.11052960274
ININ get_basis_func_pair_list, n =     73
ININ create_box_system end OK, toplevelBoxSize:   7.0, #levels:  3, #boxes at top level:      6
TIIN get_basis_func_pair_list_2el took      0.05 usr cpu s       0.16 sys cpu s       0.03 wall s
IN   compute_J_by_boxes_sparse: noOfBasisFuncIndexPairs = 2598 ==> storing  48.75 % of a full matrix
ININ entering compute_J_by_boxes_linear, no of basis funcs =    73, threshold_J =   1e-12
ININ use_fmm = 1, fmm_box_size =   5.00
TIIN Compute extent for all distrs took      0.05 usr cpu s       0.01 sys cpu s       0.06 wall s
ININ extent_min =    0.000, extent_max =    8.395
ININ Creating list of distributions etc done, distrCount =     36059
TIIN Creating list of distributions etc took      0.15 usr cpu s       0.23 sys cpu s       0.10 wall s
ININ create_box_system end OK, toplevelBoxSize:   5.0, #levels:  3, #boxes at top level:     10
TIIN Creating boxes took      0.00 usr cpu s       0.00 sys cpu s       0.00 wall s
ININ noOfBranches = 4, splitters:   5.00  2.50  0.00
ININ J org done, groupCount =     3008
TIIN J org took      0.14 usr cpu s       0.00 sys cpu s       0.14 wall s
TIIN Generate group multipoles took      0.09 usr cpu s       0.00 sys cpu s       0.09 wall s
ININ totChargeWholeSystem =          0.00000000000
ININ Generating multipole for each branch at top level, MAX_MULTIPOLE_DEGREE = 15
TIIN Translate multipoles (step 1) took      0.08 usr cpu s       0.00 sys cpu s       0.08 wall s
TIIN Translate multipoles (step 2) took      0.08 usr cpu s       0.00 sys cpu s       0.08 wall s
ININ job lists for J created OK, noOfJobs_J_standard =      759, noOfJobs_J_multipole =      122
TIIN Creating job lists for J took      0.00 usr cpu s       0.00 sys cpu s       0.00 wall s
ININ execute_joblist_J_std_threaded, noOfThreads =  8
ININ 8 threads started OK.
ININ all 8 threads have finished.
TIIN execute_joblist_J_std_threaded took      3.44 usr cpu s       0.00 sys cpu s       0.57 wall s
TIIN sort_list_of_multipole_jobs init part took      0.00 usr cpu s       0.00 sys cpu s       0.00 wall s
TIIN sort_list_of_multipole_jobs complete took      0.00 usr cpu s       0.00 sys cpu s       0.00 wall s
TIIN sort_list_of_multipole_jobs took      0.00 usr cpu s       0.00 sys cpu s       0.00 wall s
ININ execute_joblist_J_fmm_shared: Allocating multipoleList_4, maxnoOfMinimalDistrsPerBoxBranch =      7533
ININ execute_joblist_J_fmm_shared: Allocating multipoleList_4, maxnoOfMinimalDistrsPerBoxBranch =      7533
ININ execute_joblist_J_fmm_shared: jobIndexLo =            0, jobIndexHi =           15
ININ execute_joblist_J_fmm_shared: jobIndexLo =           15, jobIndexHi =           30
ININ execute_joblist_J_fmm_shared: Allocating multipoleList_4, maxnoOfMinimalDistrsPerBoxBranch =      7533
ININ execute_joblist_J_fmm_shared: jobIndexLo =           45, jobIndexHi =           61
ININ execute_joblist_J_fmm_shared: Allocating multipoleList_4, maxnoOfMinimalDistrsPerBoxBranch =      7533
ININ execute_joblist_J_fmm_shared: jobIndexLo =           30, jobIndexHi =           45
ININ execute_joblist_J_fmm_shared: Allocating multipoleList_4, maxnoOfMinimalDistrsPerBoxBranch =      7533
ININ execute_joblist_J_fmm_shared: jobIndexLo =           61, jobIndexHi =           76
ININ execute_joblist_J_fmm_shared: Allocating multipoleList_4, maxnoOfMinimalDistrsPerBoxBranch =      7533
ININ execute_joblist_J_fmm_shared: jobIndexLo =           76, jobIndexHi =           91
ININ execute_joblist_J_fmm_shared: Allocating multipoleList_4, maxnoOfMinimalDistrsPerBoxBranch =      7533
ININ execute_joblist_J_fmm_shared: jobIndexLo =           91, jobIndexHi =          106
ININ execute_joblist_J_fmm_shared: Allocating multipoleList_4, maxnoOfMinimalDistrsPerBoxBranch =      7533
ININ execute_joblist_J_fmm_shared: jobIndexLo =          106, jobIndexHi =          122
ININ execute_joblist_J_fmm_shared: done!
ININ execute_joblist_J_fmm_shared: done!
ININ execute_joblist_J_fmm_shared: done!
ININ execute_joblist_J_fmm_shared: done!
ININ execute_joblist_J_fmm_shared: done!
ININ execute_joblist_J_fmm_shared: done!
ININ execute_joblist_J_fmm_shared: done!
ININ execute_joblist_J_fmm_shared: done!
ININ multipole job list for J executed, largest L used: 13
TIIN Executing multipole job list for J took      0.05 usr cpu s       0.00 sys cpu s       0.03 wall s
ININ compute_J_by_boxes_linear ending OK.
TIIN compute_J_by_boxes_linear took      4.03 usr cpu s       0.23 sys cpu s       1.11 wall s
TI   compute_J_by_boxes_sparse total took      4.08 usr cpu s       0.39 sys cpu s       1.14 wall s
ININ entering create_CSR_for_K, no of basis funcs =    73, threshold_K =   1e-12
ININ create_box_system end OK, toplevelBoxSize:   7.0, #levels:  3, #boxes at top level:      6
ININ create_box_system end OK, toplevelBoxSize:   7.0, #levels:  3, #boxes at top level:      6
ININ create_box_system end OK, toplevelBoxSize:   7.0, #levels:  3, #boxes at top level:      6
TIIN create_CSR_for_K getting list of distrs took      0.04 usr cpu s       0.00 sys cpu s       0.04 wall s
ININ list of neighbors complete.
TIIN create_CSR_for_K getting list of neighbors took      0.00 usr cpu s       0.00 sys cpu s       0.00 wall s
TIIN create_CSR_for_K sort each list of neighbors took      0.00 usr cpu s       0.00 sys cpu s       0.00 wall s
ININ 8 threads started OK.
TIIN identify_needed_elements() took      0.72 usr cpu s       0.00 sys cpu s       0.10 wall s
ININ computing nnz..
ININ create_CSR_for_K: predicted nnz =         2701, <->  50.68% of a full matrix
TIIN create_CSR_for_K last part took      0.00 usr cpu s       0.00 sys cpu s       0.00 wall s
TIIN create_CSR_for_K total took      0.77 usr cpu s       0.00 sys cpu s       0.14 wall s
ININ entering compute_K_by_boxes, no of basis funcs =    73, threshold_K =   1e-12, exchange_box_size =   5.00
ININ create_box_system end OK, toplevelBoxSize:   7.0, #levels:  3, #boxes at top level:      6
ININ create_box_system end OK, toplevelBoxSize:   7.0, #levels:  3, #boxes at top level:      6
ININ create_box_system end OK, toplevelBoxSize:   7.0, #levels:  3, #boxes at top level:      6
TIIN Compute extent for all distrs took      0.05 usr cpu s       0.00 sys cpu s       0.05 wall s
ININ Creating list of distributions done, distrCountTot =     36059
TIIN Creating list of distributions took      0.08 usr cpu s       0.00 sys cpu s       0.08 wall s
ININ create_box_system end OK, toplevelBoxSize:   5.0, #levels:  3, #boxes at top level:     10
ININ create_box_system end OK, toplevelBoxSize:   2.5, #levels:  4, #boxes at top level:     16
ININ noOfLevelsBasisFuncs = 4, noOfLevelsDiff = 1
TIIN Creating boxes etc took      0.00 usr cpu s       0.00 sys cpu s       0.00 wall s
TIIN getting multipoleNormVectorList took      0.08 usr cpu s       0.00 sys cpu s       0.08 wall s
TIIN K organize_distributions for all boxes took      0.13 usr cpu s       0.00 sys cpu s       0.13 wall s
ININ starting loop to setup basisFuncGroupInfoList, with added index checks.
TIIN GetLimitsAllLevels took      0.03 usr cpu s       0.00 sys cpu s       0.03 wall s
ININ getDmatLimitMatrixCSRList start.
TIIN getting densityMatrixLimitMatrixList took      0.00 usr cpu s       0.00 sys cpu s       0.00 wall s
ININ job list for K created,       55 jobs
TIIN creating job list for K took      0.00 usr cpu s       0.00 sys cpu s       0.00 wall s
ININ execute_joblist_K_threaded, noOfThreads =  8, basisFuncListCount_max =    67
ININ 8 threads started OK.
ININ all 8 threads have finished, took        0 wall s.
TIIN Executing job list for K took      2.41 usr cpu s       0.00 sys cpu s       0.59 wall s
TIIN compute_K_by_boxes took      2.73 usr cpu s       0.00 sys cpu s       0.91 wall s
TI   compute_K_by_boxes_sparse total took      3.51 usr cpu s       0.00 sys cpu s       1.06 wall s
INSC About to truncate FockMatrix, gap of Fprev >=          0.42669103892
TISC symmMatrix::mixed_diff for F vs Fprev maxEigValMovement_mixed took      0.00 usr cpu s       0.00 sys cpu s       0.00 wall s
TISC symmMatrix::eucl_diff for maxEigValMovement_eucl  took      0.01 usr cpu s       0.04 sys cpu s       0.01 wall s
INSC maxEigValMovement_frob  =          0.35464181487
INSC maxEigValMovement_mixed =          0.29409834290
INSC maxEigValMovement_eucl  =          0.13530890482
TISC FockMatrix.eucl_thresh() (with Z) took      0.00 usr cpu s       0.01 sys cpu s       0.00 wall s
INSC Truncated FockMatrix (eucl with Z), selected threshold = 1.56073e-08, returned error =          0, nnz before = 100.0000 %, nnz after = 100.0000 %
INSC Matrix 'S' ( symm ): n =     73, nnz =         5329 <-> 100.00 %, mem usage  0.0000 G
INSC Matrix 'F' ( symm ): n =     73, nnz =         5329 <-> 100.00 %, mem usage  0.0000 G
INSC Matrix 'D' ( symm ): n =     73, nnz =         5329 <-> 100.00 %, mem usage  0.0000 G
INSC nuclearEnergy, energy_2el, energy = 782.160484, 1012.039539, -636.627258
INSC Energy   7 =       -636.62725791854  ( diff     -0.030045292015529 )
INSC calling compute_FDSminusSDF_sparse, n = 73
INDE compute_FDSminusSDF_sparse() start.
TIDE FileWritable::writeAndReadAll took      0.00 usr cpu s       0.00 sys cpu s       0.00 wall s
INDE writeAndReadAll: '0 MB (1 MatrixGeneral, 0 > 1 MB) + 0 MB (9 MatrixSymmetric, 0 > 1 MB) = 0 MB (10 total, 0 > 1 MB)
TISC compute_FDSminusSDF_sparse, F*D mult took      0.00 usr cpu s       0.00 sys cpu s       0.00 wall s
INSC Matrix 'FD before eucl truncation' (normal): n =     73, nnz =         5329 <-> 100.00 %, mem usage  0.0000 G
INSC Matrix 'FD after  eucl truncation' (normal): n =     73, nnz =         5329 <-> 100.00 %, mem usage  0.0000 G
INSC Matrix 'FDS before eucl truncation' (normal): n =     73, nnz =         5329 <-> 100.00 %, mem usage  0.0000 G
INSC Matrix 'FDS after  eucl truncation' (normal): n =     73, nnz =         5329 <-> 100.00 %, mem usage  0.0000 G
INSC compute_FDSminusSDF_sparse ending OK.
TISC compute_FDSminusSDF_sparse took      0.00 usr cpu s       0.01 sys cpu s       0.00 wall s
INSC Matrix 'FDS-SDF' (normal): n =     73, nnz =         5329 <-> 100.00 %, mem usage  0.0000 G
INSC SCF_restricted::get_FDSminusSDF finished.
TISC get_FDSminusSDF took      0.00 usr cpu s       0.01 sys cpu s       0.00 wall s
INSC maxabs FDS-SDF is   0.0427
INSC frob   FDS-SDF is    0.167
TISC get_error_measure took      0.00 usr cpu s       0.00 sys cpu s       0.00 wall s
INSC the energy got better, but we do not dare to try DIIS yet, noOfImprovementsInARow = 4
INSC mixing best Fock matrix so far with next one, stepLength =   0.532400
INSC increased steplength by factor 1.1, stepLength =   0.585640
TISC clear_error_matrices took      0.00 usr cpu s       0.00 sys cpu s       0.00 wall s
TISC save_current_fock_as_fprev took      0.00 usr cpu s       0.00 sys cpu s       0.00 wall s
INDE get_dens_from_fock_general, n = 73, use_diagonalization = 0, use_diag_on_error = 1
INDE Before writeAndReadAll(): AllocatorManager statistics:  noOfRealsPerBuffer: 1024 noOfBuffers: 20000 list.size(): 1. Allocated: 0.164 GB, Used: 0.000295 GB, Peak alloc: 0.164 GB.
TIDE FileWritable::writeAndReadAll took      0.00 usr cpu s       0.00 sys cpu s       0.00 wall s
INDE writeAndReadAll sizesStr: '0 MB (1 MatrixGeneral, 0 > 1 MB) + 0 MB (7 MatrixSymmetric, 0 > 1 MB) = 0 MB (8 total, 0 > 1 MB)
INDE After writeAndReadAll(): AllocatorManager statistics:  noOfRealsPerBuffer: 1024 noOfBuffers: 20000 list.size(): 1. Allocated: 0.164 GB, Used: 0.000295 GB, Peak alloc: 0.164 GB.
INDE calling get_dens_from_fock_sparse, n =     73, subspaceErrorLimit = 1e-06
INDE get_dens_from_fock_sparse() start!
INDE After F.readFromFile(): AllocatorManager statistics:  noOfRealsPerBuffer: 1024 noOfBuffers: 20000 list.size(): 1. Allocated: 0.164 GB, Used: 0.000295 GB, Peak alloc: 0.164 GB.
INDE After creating wrapper MatrixType F_w(F): AllocatorManager statistics:  noOfRealsPerBuffer: 1024 noOfBuffers: 20000 list.size(): 1. Allocated: 0.164 GB, Used: 0.000319 GB, Peak alloc: 0.164 GB.
TIDE  F_w to orthogonal basis took      0.00 usr cpu s       0.00 sys cpu s       0.00 wall s
TIDE MatrixType::mixed_diff for maxEigValMovement_mixed took      0.00 usr cpu s       0.00 sys cpu s       0.00 wall s
TIDE symmMatrixWrap::eucl_diff for maxEigValMovement_eucl  took      0.02 usr cpu s       0.09 sys cpu s       0.01 wall s
INDE maxEigValMovement_frob  =          0.18674897930
INDE maxEigValMovement_mixed =          0.15198120109
INDE maxEigValMovement_eucl  =          0.05801928613
INDE lumo before truncation: [ 0.112136106450 , 0.239622126137 ]
INDE homo before truncation: [ -0.336351375799 , -0.198516360211 ]
INDE Truncate matrix F and update intervals for homo and lumo.
INDE Truncating F_ort ( mixed ), selected threshold = 3.10652e-08
INDE Truncated F_ort ( mixed ), selected threshold = 3.10652e-08, returned error =          0, nnz before = 100.0000 %, nnz after = 100.0000 %
TIDE Truncation of F_ort took      0.00 usr cpu s       0.00 sys cpu s       0.00 wall s
INDE Chosen Ergo Wrapper
INDE Creating purification object: N = 73 , nocc = 47 , NNZ = 5329  <-> 100.00000 %
INDE Chosen norm for the truncation: 
INDE mixed
INDE Chosen norm for the stopping criterion: 
INDE mixed
INDE Chosen the NEW stopping criterion.
INDE Allowed error in subspace 7.000000e-07
INDE Chosen SP2 purification method
INDE calling Puri->PurificationStart(), number of threads = 1, trunc norm 'mixed'
TIDE gershgorin took      0.00 usr cpu s       0.00 sys cpu s       0.00 wall s
INDE Gershgorin bounds: [ -24.352779747407 , 5.996172696428 ]
INDE EXPANDED Gershgorin bounds: [ -24.352779762308 , 5.996172711329 ]
INDE Trying to impove bounds using Lanczos algorithm...
TIDE compute_spectrum_bounds took      0.06 usr cpu s       0.19 sys cpu s       0.03 wall s
INDE Spectrum of F: 	 [ -20.311805309397 , 1.127320941507 ]
INDE Transform homo and lumo bounds...
INDE HOMO bounds of X: 	 [ 0.061841946645 , 0.068271080648 ]
INDE LUMO bounds of X: 	 [ 0.041405550067 , 0.047351968694 ]
INDE INIT LUMO: [ 0.041405550067 , 0.047351968694 ]
INDE INIT HOMO: [ 0.931728919352 , 0.938158053355 ]
INDE ESTIMATED NUMBER OF ITERATIONS IS 26
INDE Put eigenvalues of F to the interval [0,1] in reverse order.
TIDE compute_X() took      0.00 usr cpu s       0.00 sys cpu s       0.00 wall s
TIDE prepare_to_purification() took      0.06 usr cpu s       0.19 sys cpu s       0.03 wall s
INDE (EIGV,PARAMS) Requested 0 occipied eigenpair(s).
INDE (EIGV,PARAMS) Requested 0 unoccipied eigenpair(s).
TIDE prepare_to_purification_eigenvectors() took      0.00 usr cpu s       0.00 sys cpu s       0.00 wall s
INDE Starting recursive expansion
INDE     BEFORE ITERATIONS:
TIDE truncate_matrix took      0.00 usr cpu s       0.00 sys cpu s       0.00 wall s
INDE Actual introduced error   0.000000e+00 : nnz before  5329 <-> 100.00 % , nnz after  5329 <-> 100.00 %
TIDE square took      0.00 usr cpu s       0.00 sys cpu s       0.00 wall s
INDE NNZ Xsq = 5329 <-> 100.00 %
TIDE Frobenius norm of X-X^2 took      0.00 usr cpu s       0.00 sys cpu s       0.00 wall s
TIDE Mixed norm of X-X^2 took      0.00 usr cpu s       0.00 sys cpu s       0.00 wall s
TIDE Trace of X-X^2 took      0.00 usr cpu s       0.00 sys cpu s       0.00 wall s
INDE ||X-X^2||_F = 8.705104e-01 , ||X-X^2||_mixed = 6.477821e-01
INDE trace(X-X^2) = 5.342135e+00
INDE trace(X) = 1.251168e+01
TIDE Iteration 0 took      0.00 usr cpu s       0.01 sys cpu s       0.00 wall s
TIDE FileWritable::writeAndReadAll took      0.00 usr cpu s       0.00 sys cpu s       0.00 wall s
INDE writeAndReadAll sizesStr: '0 MB (1 MatrixGeneral, 0 > 1 MB) + 0 MB (13 MatrixSymmetric, 0 > 1 MB) + 0 MB (2 VectorGeneral, 0 > 1 MB) = 0 MB (16 total, 0 > 1 MB)
INDE     ITERATION 1 :
TIDE purify_X took      0.00 usr cpu s       0.00 sys cpu s       0.00 wall s
TIDE truncate_matrix took      0.00 usr cpu s       0.00 sys cpu s       0.00 wall s
INDE Actual introduced error   0.000000e+00 : nnz before  5329 <-> 100.00 % , nnz after  5329 <-> 100.00 %
TIDE square took      0.00 usr cpu s       0.00 sys cpu s       0.00 wall s
INDE NNZ Xsq = 5329 <-> 100.00 %
TIDE Frobenius norm of X-X^2 took      0.00 usr cpu s       0.00 sys cpu s       0.00 wall s
TIDE Mixed norm of X-X^2 took      0.00 usr cpu s       0.00 sys cpu s       0.00 wall s
TIDE Trace of X-X^2 took      0.00 usr cpu s       0.00 sys cpu s       0.00 wall s
INDE ||X-X^2||_F = 9.341763e-01 , ||X-X^2||_mixed = 7.117657e-01
INDE trace(X-X^2) = 6.914846e+00
INDE trace(X) = 1.785381e+01
TIDE Iteration 1 took      0.00 usr cpu s       0.01 sys cpu s       0.00 wall s
INDE     ITERATION 2 :
TIDE purify_X took      0.00 usr cpu s       0.00 sys cpu s       0.00 wall s
TIDE truncate_matrix took      0.00 usr cpu s       0.00 sys cpu s       0.00 wall s
INDE Actual introduced error   0.000000e+00 : nnz before  5329 <-> 100.00 % , nnz after  5329 <-> 100.00 %
TIDE square took      0.00 usr cpu s       0.00 sys cpu s       0.00 wall s
INDE NNZ Xsq = 5329 <-> 100.00 %
TIDE Frobenius norm of X-X^2 took      0.00 usr cpu s       0.00 sys cpu s       0.00 wall s
TIDE Mixed norm of X-X^2 took      0.00 usr cpu s       0.01 sys cpu s       0.00 wall s
TIDE Trace of X-X^2 took      0.00 usr cpu s       0.00 sys cpu s       0.00 wall s
INDE ||X-X^2||_F = 1.273766e+00 , ||X-X^2||_mixed = 9.832943e-01
INDE trace(X-X^2) = 9.153532e+00
INDE trace(X) = 2.476866e+01
INDE Checking stopping criterion...   
INDE Order of convergence cannot be computed
TIDE stopping_criterion took      0.00 usr cpu s       0.00 sys cpu s       0.00 wall s
TIDE Iteration 2 took      0.00 usr cpu s       0.01 sys cpu s       0.00 wall s
INDE     ITERATION 3 :
TIDE purify_X took      0.00 usr cpu s       0.00 sys cpu s       0.00 wall s
TIDE truncate_matrix took      0.00 usr cpu s       0.00 sys cpu s       0.00 wall s
INDE Actual introduced error   0.000000e+00 : nnz before  5329 <-> 100.00 % , nnz after  5329 <-> 100.00 %
TIDE square took      0.00 usr cpu s       0.00 sys cpu s       0.00 wall s
INDE NNZ Xsq = 5329 <-> 100.00 %
TIDE Frobenius norm of X-X^2 took      0.00 usr cpu s       0.00 sys cpu s       0.00 wall s
TIDE Mixed norm of X-X^2 took      0.00 usr cpu s       0.01 sys cpu s       0.00 wall s
TIDE Trace of X-X^2 took      0.00 usr cpu s       0.00 sys cpu s       0.00 wall s
INDE ||X-X^2||_F = 1.591025e+00 , ||X-X^2||_mixed = 1.195827e+00
INDE trace(X-X^2) = 1.157796e+01
INDE trace(X) = 3.392219e+01
INDE Checking stopping criterion...   
INDE Order of convergence cannot be computed
TIDE stopping_criterion took      0.00 usr cpu s       0.00 sys cpu s       0.00 wall s
TIDE Iteration 3 took      0.00 usr cpu s       0.01 sys cpu s       0.00 wall s
INDE     ITERATION 4 :
TIDE purify_X took      0.00 usr cpu s       0.00 sys cpu s       0.00 wall s
TIDE truncate_matrix took      0.00 usr cpu s       0.00 sys cpu s       0.00 wall s
INDE Actual introduced error   0.000000e+00 : nnz before  5329 <-> 100.00 % , nnz after  5329 <-> 100.00 %
TIDE square took      0.00 usr cpu s       0.00 sys cpu s       0.00 wall s
INDE NNZ Xsq = 5329 <-> 100.00 %
TIDE Frobenius norm of X-X^2 took      0.00 usr cpu s       0.00 sys cpu s       0.00 wall s
TIDE Mixed norm of X-X^2 took      0.00 usr cpu s       0.00 sys cpu s       0.00 wall s
TIDE Trace of X-X^2 took      0.00 usr cpu s       0.00 sys cpu s       0.00 wall s
INDE ||X-X^2||_F = 1.478513e+00 , ||X-X^2||_mixed = 1.082630e+00
INDE trace(X-X^2) = 1.106461e+01
INDE trace(X) = 4.550015e+01
INDE Checking stopping criterion...   
INDE Order of convergence cannot be computed
TIDE stopping_criterion took      0.00 usr cpu s       0.00 sys cpu s       0.00 wall s
TIDE Iteration 4 took      0.00 usr cpu s       0.01 sys cpu s       0.00 wall s
INDE     ITERATION 5 :
TIDE purify_X took      0.00 usr cpu s       0.00 sys cpu s       0.00 wall s
TIDE truncate_matrix took      0.00 usr cpu s       0.00 sys cpu s       0.00 wall s
INDE Actual introduced error   0.000000e+00 : nnz before  5329 <-> 100.00 % , nnz after  5329 <-> 100.00 %
TIDE square took      0.00 usr cpu s       0.00 sys cpu s       0.00 wall s
INDE NNZ Xsq = 5329 <-> 100.00 %
TIDE Frobenius norm of X-X^2 took      0.00 usr cpu s       0.00 sys cpu s       0.00 wall s
TIDE Mixed norm of X-X^2 took      0.00 usr cpu s       0.01 sys cpu s       0.00 wall s
TIDE Trace of X-X^2 took      0.00 usr cpu s       0.00 sys cpu s       0.00 wall s
INDE ||X-X^2||_F = 1.477668e+00 , ||X-X^2||_mixed = 1.143792e+00
INDE trace(X-X^2) = 1.015973e+01
INDE trace(X) = 3.443554e+01
INDE Checking stopping criterion...   
INDE Order of convergence cannot be computed
TIDE stopping_criterion took      0.00 usr cpu s       0.00 sys cpu s       0.00 wall s
TIDE Iteration 5 took      0.00 usr cpu s       0.01 sys cpu s       0.00 wall s
INDE     ITERATION 6 :
TIDE purify_X took      0.00 usr cpu s       0.00 sys cpu s       0.00 wall s
TIDE truncate_matrix took      0.00 usr cpu s       0.00 sys cpu s       0.00 wall s
INDE Actual introduced error   0.000000e+00 : nnz before  5329 <-> 100.00 % , nnz after  5329 <-> 100.00 %
TIDE square took      0.00 usr cpu s       0.00 sys cpu s       0.00 wall s
INDE NNZ Xsq = 5329 <-> 100.00 %
TIDE Frobenius norm of X-X^2 took      0.00 usr cpu s       0.00 sys cpu s       0.00 wall s
TIDE Mixed norm of X-X^2 took      0.00 usr cpu s       0.01 sys cpu s       0.00 wall s
TIDE Trace of X-X^2 took      0.00 usr cpu s       0.00 sys cpu s       0.00 wall s
INDE ||X-X^2||_F = 1.206165e+00 , ||X-X^2||_mixed = 9.157928e-01
INDE trace(X-X^2) = 8.575816e+00
INDE trace(X) = 4.459527e+01
INDE Checking stopping criterion...   
INDE Order of convergence cannot be computed
TIDE stopping_criterion took      0.00 usr cpu s       0.00 sys cpu s       0.00 wall s
TIDE Iteration 6 took      0.00 usr cpu s       0.01 sys cpu s       0.00 wall s
INDE     ITERATION 7 :
TIDE purify_X took      0.00 usr cpu s       0.00 sys cpu s       0.00 wall s
TIDE truncate_matrix took      0.00 usr cpu s       0.00 sys cpu s       0.00 wall s
INDE Actual introduced error   0.000000e+00 : nnz before  5329 <-> 100.00 % , nnz after  5329 <-> 100.00 %
TIDE square took      0.00 usr cpu s       0.00 sys cpu s       0.00 wall s
INDE NNZ Xsq = 5329 <-> 100.00 %
TIDE Frobenius norm of X-X^2 took      0.00 usr cpu s       0.00 sys cpu s       0.00 wall s
TIDE Mixed norm of X-X^2 took      0.00 usr cpu s       0.00 sys cpu s       0.00 wall s
TIDE Trace of X-X^2 took      0.00 usr cpu s       0.00 sys cpu s       0.00 wall s
INDE ||X-X^2||_F = 1.318890e+00 , ||X-X^2||_mixed = 1.049087e+00
INDE trace(X-X^2) = 8.365754e+00
INDE trace(X) = 3.601945e+01
INDE Checking stopping criterion...   
INDE Order of convergence cannot be computed
TIDE stopping_criterion took      0.00 usr cpu s       0.00 sys cpu s       0.00 wall s
TIDE Iteration 7 took      0.01 usr cpu s       0.00 sys cpu s       0.00 wall s
INDE     ITERATION 8 :
TIDE purify_X took      0.00 usr cpu s       0.00 sys cpu s       0.00 wall s
TIDE truncate_matrix took      0.00 usr cpu s       0.00 sys cpu s       0.00 wall s
INDE Actual introduced error   0.000000e+00 : nnz before  5329 <-> 100.00 % , nnz after  5329 <-> 100.00 %
TIDE square took      0.00 usr cpu s       0.00 sys cpu s       0.00 wall s
INDE NNZ Xsq = 5329 <-> 100.00 %
TIDE Frobenius norm of X-X^2 took      0.00 usr cpu s       0.00 sys cpu s       0.00 wall s
TIDE Mixed norm of X-X^2 took      0.00 usr cpu s       0.00 sys cpu s       0.00 wall s
TIDE Trace of X-X^2 took      0.00 usr cpu s       0.00 sys cpu s       0.00 wall s
INDE ||X-X^2||_F = 9.058151e-01 , ||X-X^2||_mixed = 7.240978e-01
INDE trace(X-X^2) = 5.692233e+00
INDE trace(X) = 4.438521e+01
INDE Checking stopping criterion...   
INDE e_i =7.240978e-01, C*e_{i-1}^q = 5.776133e+00
INDE Order of convergence = 25.606669, stop = 0
TIDE stopping_criterion took      0.00 usr cpu s       0.00 sys cpu s       0.00 wall s
TIDE Iteration 8 took      0.00 usr cpu s       0.01 sys cpu s       0.00 wall s
INDE     ITERATION 9 :
TIDE purify_X took      0.00 usr cpu s       0.00 sys cpu s       0.00 wall s
TIDE truncate_matrix took      0.00 usr cpu s       0.00 sys cpu s       0.00 wall s
INDE Actual introduced error   0.000000e+00 : nnz before  5329 <-> 100.00 % , nnz after  5329 <-> 100.00 %
TIDE square took      0.00 usr cpu s       0.00 sys cpu s       0.00 wall s
INDE NNZ Xsq = 5329 <-> 100.00 %
TIDE Frobenius norm of X-X^2 took      0.00 usr cpu s       0.00 sys cpu s       0.00 wall s
TIDE Mixed norm of X-X^2 took      0.00 usr cpu s       0.01 sys cpu s       0.00 wall s
TIDE Trace of X-X^2 took      0.00 usr cpu s       0.00 sys cpu s       0.00 wall s
INDE ||X-X^2||_F = 1.102293e+00 , ||X-X^2||_mixed = 9.051948e-01
INDE trace(X-X^2) = 6.298972e+00
INDE trace(X) = 3.869297e+01
INDE Checking stopping criterion...   
INDE Order of convergence cannot be computed
TIDE stopping_criterion took      0.00 usr cpu s       0.00 sys cpu s       0.00 wall s
TIDE Iteration 9 took      0.00 usr cpu s       0.01 sys cpu s       0.00 wall s
INDE     ITERATION 10 :
TIDE purify_X took      0.00 usr cpu s       0.00 sys cpu s       0.00 wall s
TIDE truncate_matrix took      0.00 usr cpu s       0.00 sys cpu s       0.00 wall s
INDE Actual introduced error   0.000000e+00 : nnz before  5329 <-> 100.00 % , nnz after  5329 <-> 100.00 %
TIDE square took      0.00 usr cpu s       0.00 sys cpu s       0.00 wall s
INDE NNZ Xsq = 5329 <-> 100.00 %
TIDE Frobenius norm of X-X^2 took      0.00 usr cpu s       0.00 sys cpu s       0.00 wall s
TIDE Mixed norm of X-X^2 took      0.00 usr cpu s       0.01 sys cpu s       0.00 wall s
TIDE Trace of X-X^2 took      0.00 usr cpu s       0.00 sys cpu s       0.00 wall s
INDE ||X-X^2||_F = 6.273217e-01 , ||X-X^2||_mixed = 5.334472e-01
INDE trace(X-X^2) = 3.263919e+00
INDE trace(X) = 4.499194e+01
INDE Checking stopping criterion...   
INDE e_i =5.334472e-01, C*e_{i-1}^q = 3.611080e+00
INDE Order of convergence = 7.923890, stop = 0
TIDE stopping_criterion took      0.00 usr cpu s       0.00 sys cpu s       0.00 wall s
TIDE Iteration 10 took      0.00 usr cpu s       0.01 sys cpu s       0.00 wall s
INDE     ITERATION 11 :
TIDE purify_X took      0.00 usr cpu s       0.00 sys cpu s       0.00 wall s
TIDE truncate_matrix took      0.00 usr cpu s       0.00 sys cpu s       0.00 wall s
INDE Actual introduced error   0.000000e+00 : nnz before  5329 <-> 100.00 % , nnz after  5329 <-> 100.00 %
TIDE square took      0.00 usr cpu s       0.00 sys cpu s       0.00 wall s
INDE NNZ Xsq = 5329 <-> 100.00 %
TIDE Frobenius norm of X-X^2 took      0.00 usr cpu s       0.00 sys cpu s       0.00 wall s
TIDE Mixed norm of X-X^2 took      0.00 usr cpu s       0.00 sys cpu s       0.00 wall s
TIDE Trace of X-X^2 took      0.00 usr cpu s       0.00 sys cpu s       0.00 wall s
INDE ||X-X^2||_F = 8.322167e-01 , ||X-X^2||_mixed = 7.205694e-01
INDE trace(X-X^2) = 4.130279e+00
INDE trace(X) = 4.172802e+01
INDE Checking stopping criterion...   
INDE e_i =7.205694e-01, C*e_{i-1}^q = 5.643218e+00
INDE Order of convergence = 22.663282, stop = 0
TIDE stopping_criterion took      0.00 usr cpu s       0.00 sys cpu s       0.00 wall s
TIDE Iteration 11 took      0.00 usr cpu s       0.01 sys cpu s       0.00 wall s
INDE     ITERATION 12 :
TIDE purify_X took      0.00 usr cpu s       0.00 sys cpu s       0.00 wall s
TIDE truncate_matrix took      0.00 usr cpu s       0.00 sys cpu s       0.00 wall s
INDE Actual introduced error   0.000000e+00 : nnz before  5329 <-> 100.00 % , nnz after  5329 <-> 100.00 %
TIDE square took      0.00 usr cpu s       0.00 sys cpu s       0.00 wall s
INDE NNZ Xsq = 5329 <-> 100.00 %
TIDE Frobenius norm of X-X^2 took      0.00 usr cpu s       0.00 sys cpu s       0.00 wall s
TIDE Mixed norm of X-X^2 took      0.00 usr cpu s       0.00 sys cpu s       0.00 wall s
TIDE Trace of X-X^2 took      0.00 usr cpu s       0.00 sys cpu s       0.00 wall s
INDE ||X-X^2||_F = 3.748604e-01 , ||X-X^2||_mixed = 3.411754e-01
INDE trace(X-X^2) = 1.562956e+00
INDE trace(X) = 4.585830e+01
INDE Checking stopping criterion...   
INDE e_i =3.411754e-01, C*e_{i-1}^q = 1.959862e+00
INDE Order of convergence = 4.782060, stop = 0
TIDE stopping_criterion took      0.00 usr cpu s       0.00 sys cpu s       0.00 wall s
TIDE Iteration 12 took      0.00 usr cpu s       0.01 sys cpu s       0.00 wall s
INDE     ITERATION 13 :
TIDE purify_X took      0.00 usr cpu s       0.00 sys cpu s       0.00 wall s
TIDE truncate_matrix took      0.00 usr cpu s       0.00 sys cpu s       0.00 wall s
INDE Actual introduced error   0.000000e+00 : nnz before  5329 <-> 100.00 % , nnz after  5329 <-> 100.00 %
TIDE square took      0.00 usr cpu s       0.00 sys cpu s       0.00 wall s
INDE NNZ Xsq = 5329 <-> 100.00 %
TIDE Frobenius norm of X-X^2 took      0.00 usr cpu s       0.00 sys cpu s       0.00 wall s
TIDE Mixed norm of X-X^2 took      0.00 usr cpu s       0.00 sys cpu s       0.00 wall s
TIDE Trace of X-X^2 took      0.00 usr cpu s       0.00 sys cpu s       0.00 wall s
INDE ||X-X^2||_F = 2.572504e-01 , ||X-X^2||_mixed = 2.457323e-01
INDE trace(X-X^2) = 6.468450e-01
INDE trace(X) = 4.742126e+01
INDE Checking stopping criterion...   
INDE Order of convergence cannot be computed
TIDE stopping_criterion took      0.00 usr cpu s       0.00 sys cpu s       0.00 wall s
TIDE Iteration 13 took      0.00 usr cpu s       0.01 sys cpu s       0.00 wall s
INDE     ITERATION 14 :
TIDE purify_X took      0.00 usr cpu s       0.00 sys cpu s       0.00 wall s
TIDE truncate_matrix took      0.00 usr cpu s       0.00 sys cpu s       0.00 wall s
INDE Actual introduced error   0.000000e+00 : nnz before  5329 <-> 100.00 % , nnz after  5329 <-> 100.00 %
TIDE square took      0.00 usr cpu s       0.00 sys cpu s       0.00 wall s
INDE NNZ Xsq = 5329 <-> 100.00 %
TIDE Frobenius norm of X-X^2 took      0.00 usr cpu s       0.00 sys cpu s       0.00 wall s
TIDE Mixed norm of X-X^2 took      0.00 usr cpu s       0.00 sys cpu s       0.00 wall s
TIDE Trace of X-X^2 took      0.00 usr cpu s       0.00 sys cpu s       0.00 wall s
INDE ||X-X^2||_F = 1.255423e-01 , ||X-X^2||_mixed = 1.194417e-01
INDE trace(X-X^2) = 3.969845e-01
INDE trace(X) = 4.677441e+01
INDE Checking stopping criterion...   
INDE e_i =1.194417e-01, C*e_{i-1}^q = 8.016748e-01
INDE Order of convergence = 3.770456, stop = 0
TIDE stopping_criterion took      0.00 usr cpu s       0.00 sys cpu s       0.00 wall s
TIDE Iteration 14 took      0.00 usr cpu s       0.01 sys cpu s       0.00 wall s
INDE     ITERATION 15 :
TIDE purify_X took      0.00 usr cpu s       0.00 sys cpu s       0.00 wall s
TIDE truncate_matrix took      0.00 usr cpu s       0.00 sys cpu s       0.00 wall s
INDE Actual introduced error   0.000000e+00 : nnz before  5329 <-> 100.00 % , nnz after  5329 <-> 100.00 %
TIDE square took      0.00 usr cpu s       0.00 sys cpu s       0.00 wall s
INDE NNZ Xsq = 5329 <-> 100.00 %
TIDE Frobenius norm of X-X^2 took      0.00 usr cpu s       0.00 sys cpu s       0.00 wall s
TIDE Mixed norm of X-X^2 took      0.00 usr cpu s       0.00 sys cpu s       0.00 wall s
TIDE Trace of X-X^2 took      0.00 usr cpu s       0.00 sys cpu s       0.00 wall s
INDE ||X-X^2||_F = 2.066150e-01 , ||X-X^2||_mixed = 2.007815e-01
INDE trace(X-X^2) = 5.765937e-01
INDE trace(X) = 4.637743e+01
INDE Checking stopping criterion...   
INDE Order of convergence cannot be computed
TIDE stopping_criterion took      0.00 usr cpu s       0.00 sys cpu s       0.00 wall s
TIDE Iteration 15 took      0.00 usr cpu s       0.01 sys cpu s       0.00 wall s
INDE     ITERATION 16 :
TIDE purify_X took      0.00 usr cpu s       0.00 sys cpu s       0.00 wall s
TIDE truncate_matrix took      0.00 usr cpu s       0.00 sys cpu s       0.00 wall s
INDE Actual introduced error   0.000000e+00 : nnz before  5329 <-> 100.00 % , nnz after  5329 <-> 100.00 %
TIDE square took      0.00 usr cpu s       0.00 sys cpu s       0.00 wall s
INDE NNZ Xsq = 5329 <-> 100.00 %
TIDE Frobenius norm of X-X^2 took      0.00 usr cpu s       0.00 sys cpu s       0.00 wall s
TIDE Mixed norm of X-X^2 took      0.00 usr cpu s       0.00 sys cpu s       0.00 wall s
TIDE Trace of X-X^2 took      0.00 usr cpu s       0.00 sys cpu s       0.00 wall s
INDE ||X-X^2||_F = 2.500804e-02 , ||X-X^2||_mixed = 2.458586e-02
INDE trace(X-X^2) = 5.944321e-02
INDE trace(X) = 4.695402e+01
INDE Checking stopping criterion...   
INDE e_i =2.458586e-02, C*e_{i-1}^q = 9.825504e-02
INDE Order of convergence = 2.651973, stop = 0
TIDE stopping_criterion took      0.00 usr cpu s       0.00 sys cpu s       0.00 wall s
TIDE Iteration 16 took      0.00 usr cpu s       0.01 sys cpu s       0.00 wall s
INDE     ITERATION 17 :
TIDE purify_X took      0.00 usr cpu s       0.00 sys cpu s       0.00 wall s
TIDE truncate_matrix took      0.00 usr cpu s       0.00 sys cpu s       0.00 wall s
INDE Actual introduced error   0.000000e+00 : nnz before  5329 <-> 100.00 % , nnz after  5329 <-> 100.00 %
TIDE square took      0.00 usr cpu s       0.00 sys cpu s       0.00 wall s
INDE NNZ Xsq = 5329 <-> 100.00 %
TIDE Frobenius norm of X-X^2 took      0.00 usr cpu s       0.00 sys cpu s       0.00 wall s
TIDE Mixed norm of X-X^2 took      0.00 usr cpu s       0.01 sys cpu s       0.00 wall s
TIDE Trace of X-X^2 took      0.00 usr cpu s       0.00 sys cpu s       0.00 wall s
INDE ||X-X^2||_F = 1.108274e-02 , ||X-X^2||_mixed = 1.106388e-02
INDE trace(X-X^2) = 1.456451e-02
INDE trace(X) = 4.701347e+01
INDE Checking stopping criterion...   
INDE Order of convergence cannot be computed
TIDE stopping_criterion took      0.00 usr cpu s       0.00 sys cpu s       0.00 wall s
TIDE Iteration 17 took      0.00 usr cpu s       0.01 sys cpu s       0.00 wall s
INDE     ITERATION 18 :
TIDE purify_X took      0.00 usr cpu s       0.00 sys cpu s       0.00 wall s
TIDE truncate_matrix took      0.00 usr cpu s       0.00 sys cpu s       0.00 wall s
INDE Actual introduced error   0.000000e+00 : nnz before  5329 <-> 100.00 % , nnz after  5329 <-> 100.00 %
TIDE square took      0.00 usr cpu s       0.00 sys cpu s       0.00 wall s
INDE NNZ Xsq = 5329 <-> 100.00 %
TIDE Frobenius norm of X-X^2 took      0.00 usr cpu s       0.00 sys cpu s       0.00 wall s
TIDE Mixed norm of X-X^2 took      0.00 usr cpu s       0.01 sys cpu s       0.00 wall s
TIDE Trace of X-X^2 took      0.00 usr cpu s       0.00 sys cpu s       0.00 wall s
INDE ||X-X^2||_F = 7.415521e-04 , ||X-X^2||_mixed = 7.380192e-04
INDE trace(X-X^2) = 1.347405e-03
INDE trace(X) = 4.699890e+01
INDE Checking stopping criterion...   
INDE e_i =7.380192e-04, C*e_{i-1}^q = 4.163067e-03
INDE Order of convergence = 2.466873, stop = 0
TIDE stopping_criterion took      0.00 usr cpu s       0.00 sys cpu s       0.00 wall s
TIDE Iteration 18 took      0.00 usr cpu s       0.01 sys cpu s       0.00 wall s
INDE     ITERATION 19 :
TIDE purify_X took      0.00 usr cpu s       0.00 sys cpu s       0.00 wall s
TIDE truncate_matrix took      0.00 usr cpu s       0.00 sys cpu s       0.00 wall s
INDE Actual introduced error   0.000000e+00 : nnz before  5329 <-> 100.00 % , nnz after  5329 <-> 100.00 %
TIDE square took      0.00 usr cpu s       0.00 sys cpu s       0.00 wall s
INDE NNZ Xsq = 5329 <-> 100.00 %
TIDE Frobenius norm of X-X^2 took      0.00 usr cpu s       0.00 sys cpu s       0.00 wall s
TIDE Mixed norm of X-X^2 took      0.00 usr cpu s       0.00 sys cpu s       0.00 wall s
TIDE Trace of X-X^2 took      0.00 usr cpu s       0.00 sys cpu s       0.00 wall s
INDE ||X-X^2||_F = 2.385998e-04 , ||X-X^2||_mixed = 2.385907e-04
INDE trace(X-X^2) = 2.510826e-04
INDE trace(X) = 4.700025e+01
INDE Checking stopping criterion...   
INDE e_i =2.385907e-04, C*e_{i-1}^q = 8.430581e-04
INDE Order of convergence = 2.280255, stop = 0
TIDE stopping_criterion took      0.00 usr cpu s       0.00 sys cpu s       0.00 wall s
TIDE Iteration 19 took      0.01 usr cpu s       0.00 sys cpu s       0.00 wall s
INDE     ITERATION 20 :
TIDE purify_X took      0.00 usr cpu s       0.00 sys cpu s       0.00 wall s
TIDE truncate_matrix took      0.00 usr cpu s       0.00 sys cpu s       0.00 wall s
INDE Actual introduced error   0.000000e+00 : nnz before  5329 <-> 100.00 % , nnz after  5329 <-> 100.00 %
TIDE square took      0.00 usr cpu s       0.00 sys cpu s       0.00 wall s
INDE NNZ Xsq = 5329 <-> 100.00 %
TIDE Frobenius norm of X-X^2 took      0.00 usr cpu s       0.00 sys cpu s       0.00 wall s
TIDE Mixed norm of X-X^2 took      0.00 usr cpu s       0.00 sys cpu s       0.00 wall s
TIDE Trace of X-X^2 took      0.00 usr cpu s       0.00 sys cpu s       0.00 wall s
INDE ||X-X^2||_F = 8.252274e-07 , ||X-X^2||_mixed = 8.245850e-07
INDE trace(X-X^2) = 1.129444e-06
INDE trace(X) = 4.700000e+01
INDE Checking stopping criterion...   
INDE e_i =8.245850e-07, C*e_{i-1}^q = 3.751267e-06
INDE Order of convergence = 2.210076, stop = 0
TIDE stopping_criterion took      0.00 usr cpu s       0.00 sys cpu s       0.00 wall s
TIDE Iteration 20 took      0.00 usr cpu s       0.01 sys cpu s       0.00 wall s
INDE     ITERATION 21 :
TIDE purify_X took      0.00 usr cpu s       0.00 sys cpu s       0.00 wall s
TIDE truncate_matrix took      0.00 usr cpu s       0.00 sys cpu s       0.00 wall s
INDE Actual introduced error   0.000000e+00 : nnz before  5329 <-> 100.00 % , nnz after  5329 <-> 100.00 %
TIDE square took      0.00 usr cpu s       0.00 sys cpu s       0.00 wall s
INDE NNZ Xsq = 5329 <-> 100.00 %
TIDE Frobenius norm of X-X^2 took      0.00 usr cpu s       0.00 sys cpu s       0.00 wall s
TIDE Mixed norm of X-X^2 took      0.00 usr cpu s       0.01 sys cpu s       0.00 wall s
TIDE Trace of X-X^2 took      0.00 usr cpu s       0.00 sys cpu s       0.00 wall s
INDE ||X-X^2||_F = 1.646535e-06 , ||X-X^2||_mixed = 1.646238e-06
INDE trace(X-X^2) = 2.144973e-06
INDE trace(X) = 4.700000e+01
INDE Checking stopping criterion...   
INDE Order of convergence cannot be computed
TIDE stopping_criterion took      0.00 usr cpu s       0.00 sys cpu s       0.00 wall s
TIDE Iteration 21 took      0.00 usr cpu s       0.01 sys cpu s       0.00 wall s
INDE     ITERATION 22 :
TIDE purify_X took      0.00 usr cpu s       0.00 sys cpu s       0.00 wall s
TIDE truncate_matrix took      0.00 usr cpu s       0.00 sys cpu s       0.00 wall s
INDE Actual introduced error   0.000000e+00 : nnz before  5329 <-> 100.00 % , nnz after  5329 <-> 100.00 %
TIDE square took      0.00 usr cpu s       0.00 sys cpu s       0.00 wall s
INDE NNZ Xsq = 5329 <-> 100.00 %
TIDE Frobenius norm of X-X^2 took      0.00 usr cpu s       0.00 sys cpu s       0.00 wall s
TIDE Mixed norm of X-X^2 took      0.00 usr cpu s       0.01 sys cpu s       0.00 wall s
TIDE Trace of X-X^2 took      0.00 usr cpu s       0.00 sys cpu s       0.00 wall s
INDE ||X-X^2||_F = 2.477692e-12 , ||X-X^2||_mixed = 2.477663e-12
INDE trace(X-X^2) = 2.714273e-12
INDE trace(X) = 4.700000e+01
INDE Checking stopping criterion...   
INDE e_i =2.477663e-12, C*e_{i-1}^q = 4.682886e-12
INDE Order of convergence = 2.045444, stop = 0
TIDE stopping_criterion took      0.00 usr cpu s       0.00 sys cpu s       0.00 wall s
TIDE Iteration 22 took      0.00 usr cpu s       0.01 sys cpu s       0.00 wall s
INDE     ITERATION 23 :
TIDE purify_X took      0.00 usr cpu s       0.00 sys cpu s       0.00 wall s
TIDE truncate_matrix took      0.00 usr cpu s       0.00 sys cpu s       0.00 wall s
INDE Actual introduced error   0.000000e+00 : nnz before  5329 <-> 100.00 % , nnz after  5329 <-> 100.00 %
TIDE square took      0.00 usr cpu s       0.00 sys cpu s       0.00 wall s
INDE NNZ Xsq = 5329 <-> 100.00 %
TIDE Frobenius norm of X-X^2 took      0.00 usr cpu s       0.00 sys cpu s       0.00 wall s
TIDE Mixed norm of X-X^2 took      0.00 usr cpu s       0.00 sys cpu s       0.00 wall s
TIDE Trace of X-X^2 took      0.00 usr cpu s       0.00 sys cpu s       0.00 wall s
INDE ||X-X^2||_F = 4.955533e-12 , ||X-X^2||_mixed = 4.955491e-12
INDE trace(X-X^2) = 5.421441e-12
INDE trace(X) = 4.700000e+01
INDE Checking stopping criterion...   
INDE e_i =4.955491e-12, C*e_{i-1}^q = 1.866499e-11
INDE Order of convergence = 2.099583, stop = 0
TIDE stopping_criterion took      0.00 usr cpu s       0.00 sys cpu s       0.00 wall s
TIDE Iteration 23 took      0.00 usr cpu s       0.01 sys cpu s       0.00 wall s
INDE     ITERATION 24 :
TIDE purify_X took      0.00 usr cpu s       0.00 sys cpu s       0.00 wall s
TIDE truncate_matrix took      0.00 usr cpu s       0.00 sys cpu s       0.00 wall s
INDE Actual introduced error   0.000000e+00 : nnz before  5329 <-> 100.00 % , nnz after  5329 <-> 100.00 %
TIDE square took      0.00 usr cpu s       0.00 sys cpu s       0.00 wall s
INDE NNZ Xsq = 5329 <-> 100.00 %
TIDE Frobenius norm of X-X^2 took      0.00 usr cpu s       0.00 sys cpu s       0.00 wall s
TIDE Mixed norm of X-X^2 took      0.00 usr cpu s       0.00 sys cpu s       0.00 wall s
TIDE Trace of X-X^2 took      0.00 usr cpu s       0.00 sys cpu s       0.00 wall s
INDE ||X-X^2||_F = 1.371767e-15 , ||X-X^2||_mixed = 0.000000e+00
INDE trace(X-X^2) = -7.105427e-15
INDE trace(X) = 4.700000e+01
INDE Checking stopping criterion...   
INDE ************************************************************************************************************
INDE The norm value went much below machine precision, therefore we stop here since n_max can be underestimated.
INDE ************************************************************************************************************
INDE e_i =0.000000e+00, C*e_{i-1}^q = 4.227922e-23
INDE Order of convergence = inf, stop = 1
TIDE stopping_criterion took      0.00 usr cpu s       0.00 sys cpu s       0.00 wall s
INDE PURIFICATION CONVERGED after 24 iterations
TIDE Iteration 24 took      0.00 usr cpu s       0.00 sys cpu s       0.00 wall s
INDE Number of non-zeros in D is  5329 <-> 100.00 %
TIDE FileWritable::writeAndReadAll took      0.00 usr cpu s       0.00 sys cpu s       0.00 wall s
INDE writeAndReadAll sizesStr: '0 MB (1 MatrixGeneral, 0 > 1 MB) + 0 MB (13 MatrixSymmetric, 0 > 1 MB) + 0 MB (2 VectorGeneral, 0 > 1 MB) = 0 MB (16 total, 0 > 1 MB)
INDE TOTAL accumulated subspace error is 0.000000e+00
INDE TOTAL X square time: 0.006382 wall s
INDE TOTAL X trunction time: 0.001256 wall s
INDE TOTAL X purify (exl. X^2 computation) time: 0.000966 wall s
INDE TOTAL time to get number of non-zero elements: 0.000913 wall s
INDE TOTAL time to get mixed norm: 0.016507 wall s
INDE TOTAL time to get Frobenius norm: 0.000972 wall s
INDE TOTAL time for stopping criterion: 0.001218 wall s
INDE TOTAL time to get matrix trace: 0.000490 wall s
INDE Estimated bounds for the eigenvalues for the Fock matrix:
INDE LUMO: [ 0.193674054009 , 0.208701497590 ]
INDE HOMO: [ -0.307387749495 , -0.263709711106 ]
TIDE eigenvalue_bounds_estimation() took      0.00 usr cpu s       0.00 sys cpu s       0.00 wall s
TIDE Recursive expansion took      0.12 usr cpu s       0.38 sys cpu s       0.06 wall s
TIDE Puri->PurificationStart() took      0.12 usr cpu s       0.38 sys cpu s       0.06 wall s
TIDE Accumulated wall times for writeToFile in PurificationStart()          : 0 s (MatrixGeneral) + 9.5e-07 s (MatrixSymmetric) + 2.5e-05 s (VectorGeneral) = 2.6e-05 s
TIDE Accumulated wall times for readFromFile in PurificationStart()         : 0 s (MatrixGeneral) + 3.1e-06 s (MatrixSymmetric) + 1.7e-05 s (VectorGeneral) = 2e-05 s
TIDE Accumulated wall times for copy and assign in PurificationStart()      : 9.5e-07 s (MatrixSymmetric) + 3.4e-05 s (VectorGeneral) = 3.5e-05 s
INDE Number of calls to writeToFile in PurificationStart()                  : 2 (MatrixGeneral) + 27 (MatrixSymmetric) + 401 (VectorGeneral) = 430 
INDE Number of calls to readFromFile in PurificationStart()                 : 2 (MatrixGeneral) + 26 (MatrixSymmetric) + 183 (VectorGeneral) = 211 
INDE Number of calls to FileWritable copy and assign in PurificationStart() : 2 (MatrixSymmetric) + 26 (VectorGeneral) = 28 
TIDE mat::Gblas::time after purification :     0.230951
INDE Created .m files with results of the purification
INDE Purification converged OK, subspaceError <=          0.00000000000
INDE E(LUMO) - E(HOMO) >=          0.45738376511 =         12.44604635466 eV
INDE E(LUMO) - E(HOMO) <=          0.51608924709 =         14.04350390696 eV
INDE HOMO interval : [   -0.307387749495   -0.263709711106 ]
INDE LUMO interval : [    0.193674054009    0.208701497590 ]
INDE Trace of resulting density matrix is         47.00000000000, error is  -0.00000000000001.
INDE Truncated D_ort ( mixed ), selected threshold = 9.99999e-08, returned error =          0, nnz before = 5329 <-> 100.0000 %, nnz after = 5329 <-> 100.0000 %
TIDE FileWritable::writeAndReadAll took      0.00 usr cpu s       0.00 sys cpu s       0.00 wall s
INDE writeAndReadAll sizesStr: '0 MB (1 MatrixGeneral, 0 > 1 MB) + 0 MB (12 MatrixSymmetric, 0 > 1 MB) + 0 MB (1 MatrixTriangular, 0 > 1 MB) = 0 MB (14 total, 0 > 1 MB)
TIDE D_w to non-orthogonal basis took      0.00 usr cpu s       0.00 sys cpu s       0.00 wall s
INDE Truncated D_S (eucl with Z), selected threshold = 9.99999e-08, returned error =          0, nnz before = 100.0000 %, nnz after = 100.0000 %
INDE get_dens_from_fock_sparse ending OK
TIDE get_dens_from_fock_sparse took      0.16 usr cpu s       0.49 sys cpu s       0.08 wall s
ERDE get_dens_from_fock  (GetDensFromFock class) : purification finished OK.
TIDE get_dens_from_fock took      0.16 usr cpu s       0.49 sys cpu s       0.08 wall s
INSC Matrix 'new density matrix' ( symm ): n =     73, nnz =         5329 <-> 100.00 %, mem usage  0.0000 G
INSC Tr( D * S ) =         94.00000000000
TISC get_new_density_matrix took      0.16 usr cpu s       0.49 sys cpu s       0.08 wall s
INSC SCF_restricted::report_density_difference, diff_eucl =          0.04269719951
TISC SCF_restricted::report_density_difference took      0.02 usr cpu s       0.06 sys cpu s       0.01 wall s
INMA ddf_writeShellListAndDensityMatricesToFile_sparse, n =     73, densityMatrixList[0].nvalues =        2701
INMA opened temporary file 'density.bin.1EU7oU' for writing
INMA Choosing matrixStorageType = MATRIX_STORAGE_TYPE_TRIANGLE.
INMA fileSize =           46848 bytes =      0.047 MegaBytes
INMA renamed file 'density.bin.1EU7oU' to 'density.bin'
INMA ddf_writeShellListAndDensityMatricesToFile_sparse freeing buffer.
INMA ddf_writeShellListAndDensityMatricesToFile_sparse returning OK.
TISC write_density_to_file took      0.01 usr cpu s       0.04 sys cpu s       0.01 wall s
INSC SCF cycle   7 finished.
TISC SCF cycle   7 took      7.79 usr cpu s       1.04 sys cpu s       2.31 wall s
INSC Beginning of SCF cycle 8:  Thu Mar 26 20:00:13 2026
INDE compute_J_by_boxes_sparse() start.
TIDE FileWritable::writeAndReadAll took      0.00 usr cpu s       0.00 sys cpu s       0.00 wall s
INDE writeAndReadAll: '0 MB (1 MatrixGeneral, 0 > 1 MB) + 0 MB (11 MatrixSymmetric, 0 > 1 MB) = 0 MB (12 total, 0 > 1 MB)
IN   compute_J_by_boxes_sparse, maxDensityMatrixElement =          2.11063355621
ININ get_basis_func_pair_list, n =     73
ININ create_box_system end OK, toplevelBoxSize:   7.0, #levels:  3, #boxes at top level:      6
TIIN get_basis_func_pair_list_2el took      0.06 usr cpu s       0.18 sys cpu s       0.03 wall s
IN   compute_J_by_boxes_sparse: noOfBasisFuncIndexPairs = 2598 ==> storing  48.75 % of a full matrix
ININ entering compute_J_by_boxes_linear, no of basis funcs =    73, threshold_J =   1e-12
ININ use_fmm = 1, fmm_box_size =   5.00
TIIN Compute extent for all distrs took      0.05 usr cpu s       0.03 sys cpu s       0.05 wall s
ININ extent_min =    0.000, extent_max =    8.395
ININ Creating list of distributions etc done, distrCount =     36059
TIIN Creating list of distributions etc took      0.13 usr cpu s       0.30 sys cpu s       0.09 wall s
ININ create_box_system end OK, toplevelBoxSize:   5.0, #levels:  3, #boxes at top level:     10
TIIN Creating boxes took      0.00 usr cpu s       0.00 sys cpu s       0.00 wall s
ININ noOfBranches = 4, splitters:   5.00  2.50  0.00
ININ J org done, groupCount =     3008
TIIN J org took      0.12 usr cpu s       0.00 sys cpu s       0.12 wall s
TIIN Generate group multipoles took      0.07 usr cpu s       0.00 sys cpu s       0.07 wall s
ININ totChargeWholeSystem =          0.00000000000
ININ Generating multipole for each branch at top level, MAX_MULTIPOLE_DEGREE = 15
TIIN Translate multipoles (step 1) took      0.07 usr cpu s       0.00 sys cpu s       0.07 wall s
TIIN Translate multipoles (step 2) took      0.07 usr cpu s       0.00 sys cpu s       0.07 wall s
ININ job lists for J created OK, noOfJobs_J_standard =      759, noOfJobs_J_multipole =      122
TIIN Creating job lists for J took      0.00 usr cpu s       0.00 sys cpu s       0.00 wall s
ININ execute_joblist_J_std_threaded, noOfThreads =  8
ININ 8 threads started OK.
ININ all 8 threads have finished.
TIIN execute_joblist_J_std_threaded took      3.41 usr cpu s       0.00 sys cpu s       0.53 wall s
TIIN sort_list_of_multipole_jobs init part took      0.00 usr cpu s       0.00 sys cpu s       0.00 wall s
TIIN sort_list_of_multipole_jobs complete took      0.00 usr cpu s       0.00 sys cpu s       0.00 wall s
TIIN sort_list_of_multipole_jobs took      0.00 usr cpu s       0.00 sys cpu s       0.00 wall s
ININ execute_joblist_J_fmm_shared: Allocating multipoleList_4, maxnoOfMinimalDistrsPerBoxBranch =      7533
ININ execute_joblist_J_fmm_shared: Allocating multipoleList_4, maxnoOfMinimalDistrsPerBoxBranch =      7533
ININ execute_joblist_J_fmm_shared: jobIndexLo =            0, jobIndexHi =           15
ININ execute_joblist_J_fmm_shared: Allocating multipoleList_4, maxnoOfMinimalDistrsPerBoxBranch =      7533
ININ execute_joblist_J_fmm_shared: jobIndexLo =           30, jobIndexHi =           45
ININ execute_joblist_J_fmm_shared: Allocating multipoleList_4, maxnoOfMinimalDistrsPerBoxBranch =      7533
ININ execute_joblist_J_fmm_shared: jobIndexLo =           45, jobIndexHi =           61
ININ execute_joblist_J_fmm_shared: jobIndexLo =           15, jobIndexHi =           30
ININ execute_joblist_J_fmm_shared: Allocating multipoleList_4, maxnoOfMinimalDistrsPerBoxBranch =      7533
ININ execute_joblist_J_fmm_shared: jobIndexLo =           61, jobIndexHi =           76
ININ execute_joblist_J_fmm_shared: Allocating multipoleList_4, maxnoOfMinimalDistrsPerBoxBranch =      7533
ININ execute_joblist_J_fmm_shared: jobIndexLo =           76, jobIndexHi =           91
ININ execute_joblist_J_fmm_shared: Allocating multipoleList_4, maxnoOfMinimalDistrsPerBoxBranch =      7533
ININ execute_joblist_J_fmm_shared: jobIndexLo =           91, jobIndexHi =          106
ININ execute_joblist_J_fmm_shared: Allocating multipoleList_4, maxnoOfMinimalDistrsPerBoxBranch =      7533
ININ execute_joblist_J_fmm_shared: jobIndexLo =          106, jobIndexHi =          122
ININ execute_joblist_J_fmm_shared: done!
ININ execute_joblist_J_fmm_shared: done!
ININ execute_joblist_J_fmm_shared: done!
ININ execute_joblist_J_fmm_shared: done!
ININ execute_joblist_J_fmm_shared: done!
ININ execute_joblist_J_fmm_shared: done!
ININ execute_joblist_J_fmm_shared: done!
ININ execute_joblist_J_fmm_shared: done!
ININ multipole job list for J executed, largest L used: 13
TIIN Executing multipole job list for J took      0.04 usr cpu s       0.00 sys cpu s       0.03 wall s
ININ compute_J_by_boxes_linear ending OK.
TIIN compute_J_by_boxes_linear took      3.92 usr cpu s       0.30 sys cpu s       0.99 wall s
TI   compute_J_by_boxes_sparse total took      3.99 usr cpu s       0.48 sys cpu s       1.02 wall s
ININ entering create_CSR_for_K, no of basis funcs =    73, threshold_K =   1e-12
ININ create_box_system end OK, toplevelBoxSize:   7.0, #levels:  3, #boxes at top level:      6
ININ create_box_system end OK, toplevelBoxSize:   7.0, #levels:  3, #boxes at top level:      6
ININ create_box_system end OK, toplevelBoxSize:   7.0, #levels:  3, #boxes at top level:      6
TIIN create_CSR_for_K getting list of distrs took      0.04 usr cpu s       0.00 sys cpu s       0.04 wall s
ININ list of neighbors complete.
TIIN create_CSR_for_K getting list of neighbors took      0.00 usr cpu s       0.00 sys cpu s       0.00 wall s
TIIN create_CSR_for_K sort each list of neighbors took      0.00 usr cpu s       0.00 sys cpu s       0.00 wall s
ININ 8 threads started OK.
TIIN identify_needed_elements() took      0.72 usr cpu s       0.00 sys cpu s       0.10 wall s
ININ computing nnz..
ININ create_CSR_for_K: predicted nnz =         2701, <->  50.68% of a full matrix
TIIN create_CSR_for_K last part took      0.00 usr cpu s       0.00 sys cpu s       0.00 wall s
TIIN create_CSR_for_K total took      0.77 usr cpu s       0.00 sys cpu s       0.14 wall s
ININ entering compute_K_by_boxes, no of basis funcs =    73, threshold_K =   1e-12, exchange_box_size =   5.00
ININ create_box_system end OK, toplevelBoxSize:   7.0, #levels:  3, #boxes at top level:      6
ININ create_box_system end OK, toplevelBoxSize:   7.0, #levels:  3, #boxes at top level:      6
ININ create_box_system end OK, toplevelBoxSize:   7.0, #levels:  3, #boxes at top level:      6
TIIN Compute extent for all distrs took      0.05 usr cpu s       0.00 sys cpu s       0.05 wall s
ININ Creating list of distributions done, distrCountTot =     36059
TIIN Creating list of distributions took      0.08 usr cpu s       0.00 sys cpu s       0.08 wall s
ININ create_box_system end OK, toplevelBoxSize:   5.0, #levels:  3, #boxes at top level:     10
ININ create_box_system end OK, toplevelBoxSize:   2.5, #levels:  4, #boxes at top level:     16
ININ noOfLevelsBasisFuncs = 4, noOfLevelsDiff = 1
TIIN Creating boxes etc took      0.00 usr cpu s       0.00 sys cpu s       0.00 wall s
TIIN getting multipoleNormVectorList took      0.07 usr cpu s       0.00 sys cpu s       0.07 wall s
TIIN K organize_distributions for all boxes took      0.12 usr cpu s       0.00 sys cpu s       0.12 wall s
ININ starting loop to setup basisFuncGroupInfoList, with added index checks.
TIIN GetLimitsAllLevels took      0.03 usr cpu s       0.00 sys cpu s       0.03 wall s
ININ getDmatLimitMatrixCSRList start.
TIIN getting densityMatrixLimitMatrixList took      0.00 usr cpu s       0.00 sys cpu s       0.00 wall s
ININ job list for K created,       55 jobs
TIIN creating job list for K took      0.00 usr cpu s       0.00 sys cpu s       0.00 wall s
ININ execute_joblist_K_threaded, noOfThreads =  8, basisFuncListCount_max =    67
ININ 8 threads started OK.
ININ all 8 threads have finished, took        0 wall s.
TIIN Executing job list for K took      2.19 usr cpu s       0.00 sys cpu s       0.51 wall s
TIIN compute_K_by_boxes took      2.50 usr cpu s       0.00 sys cpu s       0.82 wall s
TI   compute_K_by_boxes_sparse total took      3.27 usr cpu s       0.01 sys cpu s       0.96 wall s
INSC About to truncate FockMatrix, gap of Fprev >=          0.45738376511
TISC symmMatrix::mixed_diff for F vs Fprev maxEigValMovement_mixed took      0.00 usr cpu s       0.00 sys cpu s       0.00 wall s
TISC symmMatrix::eucl_diff for maxEigValMovement_eucl  took      0.01 usr cpu s       0.04 sys cpu s       0.01 wall s
INSC maxEigValMovement_frob  =          0.15840321926
INSC maxEigValMovement_mixed =          0.13327538621
INSC maxEigValMovement_eucl  =          0.05777970553
TISC FockMatrix.eucl_thresh() (with Z) took      0.00 usr cpu s       0.01 sys cpu s       0.00 wall s
INSC Truncated FockMatrix (eucl with Z), selected threshold = 3.41824e-08, returned error =          0, nnz before = 100.0000 %, nnz after = 100.0000 %
INSC Matrix 'S' ( symm ): n =     73, nnz =         5329 <-> 100.00 %, mem usage  0.0000 G
INSC Matrix 'F' ( symm ): n =     73, nnz =         5329 <-> 100.00 %, mem usage  0.0000 G
INSC Matrix 'D' ( symm ): n =     73, nnz =         5329 <-> 100.00 %, mem usage  0.0000 G
INSC nuclearEnergy, energy_2el, energy = 782.160484, 1011.477519, -636.636349
INSC Energy   8 =       -636.63634866421  ( diff     -0.009090745667891 )
INSC calling compute_FDSminusSDF_sparse, n = 73
INDE compute_FDSminusSDF_sparse() start.
TIDE FileWritable::writeAndReadAll took      0.00 usr cpu s       0.00 sys cpu s       0.00 wall s
INDE writeAndReadAll: '0 MB (1 MatrixGeneral, 0 > 1 MB) + 0 MB (9 MatrixSymmetric, 0 > 1 MB) = 0 MB (10 total, 0 > 1 MB)
TISC compute_FDSminusSDF_sparse, F*D mult took      0.00 usr cpu s       0.00 sys cpu s       0.00 wall s
INSC Matrix 'FD before eucl truncation' (normal): n =     73, nnz =         5329 <-> 100.00 %, mem usage  0.0000 G
INSC Matrix 'FD after  eucl truncation' (normal): n =     73, nnz =         5329 <-> 100.00 %, mem usage  0.0000 G
INSC Matrix 'FDS before eucl truncation' (normal): n =     73, nnz =         5329 <-> 100.00 %, mem usage  0.0000 G
INSC Matrix 'FDS after  eucl truncation' (normal): n =     73, nnz =         5329 <-> 100.00 %, mem usage  0.0000 G
INSC compute_FDSminusSDF_sparse ending OK.
TISC compute_FDSminusSDF_sparse took      0.01 usr cpu s       0.00 sys cpu s       0.00 wall s
INSC Matrix 'FDS-SDF' (normal): n =     73, nnz =         5329 <-> 100.00 %, mem usage  0.0000 G
INSC SCF_restricted::get_FDSminusSDF finished.
TISC get_FDSminusSDF took      0.01 usr cpu s       0.00 sys cpu s       0.00 wall s
INSC maxabs FDS-SDF is   0.0224
INSC frob   FDS-SDF is   0.0936
TISC get_error_measure took      0.00 usr cpu s       0.00 sys cpu s       0.00 wall s
INSC entering DIISManagerRestricted::AddIterationToList, IterCount =  0
INSC DIISManagerRestricted::AddIterationToList ending OK.
TISC DIISManagerRestricted::AddIterationToList took      0.00 usr cpu s       0.00 sys cpu s       0.00 wall s
INSC using DIIS to get combined Fock matrix, number of iters used for DIIS:  1
TISC clear_error_matrices took      0.00 usr cpu s       0.00 sys cpu s       0.00 wall s
TISC save_current_fock_as_fprev took      0.00 usr cpu s       0.00 sys cpu s       0.00 wall s
INDE get_dens_from_fock_general, n = 73, use_diagonalization = 0, use_diag_on_error = 1
INDE Before writeAndReadAll(): AllocatorManager statistics:  noOfRealsPerBuffer: 1024 noOfBuffers: 20000 list.size(): 1. Allocated: 0.164 GB, Used: 0.000352 GB, Peak alloc: 0.164 GB.
TIDE FileWritable::writeAndReadAll took      0.00 usr cpu s       0.00 sys cpu s       0.00 wall s
INDE writeAndReadAll sizesStr: '0 MB (1 MatrixGeneral, 0 > 1 MB) + 0 MB (7 MatrixSymmetric, 0 > 1 MB) = 0 MB (8 total, 0 > 1 MB)
INDE After writeAndReadAll(): AllocatorManager statistics:  noOfRealsPerBuffer: 1024 noOfBuffers: 20000 list.size(): 1. Allocated: 0.164 GB, Used: 0.000352 GB, Peak alloc: 0.164 GB.
INDE calling get_dens_from_fock_sparse, n =     73, subspaceErrorLimit = 1e-06
INDE get_dens_from_fock_sparse() start!
INDE After F.readFromFile(): AllocatorManager statistics:  noOfRealsPerBuffer: 1024 noOfBuffers: 20000 list.size(): 1. Allocated: 0.164 GB, Used: 0.000352 GB, Peak alloc: 0.164 GB.
INDE After creating wrapper MatrixType F_w(F): AllocatorManager statistics:  noOfRealsPerBuffer: 1024 noOfBuffers: 20000 list.size(): 1. Allocated: 0.164 GB, Used: 0.000377 GB, Peak alloc: 0.164 GB.
TIDE  F_w to orthogonal basis took      0.00 usr cpu s       0.00 sys cpu s       0.00 wall s
TIDE MatrixType::mixed_diff for maxEigValMovement_mixed took      0.00 usr cpu s       0.01 sys cpu s       0.00 wall s
TIDE symmMatrixWrap::eucl_diff for maxEigValMovement_eucl  took      0.02 usr cpu s       0.08 sys cpu s       0.01 wall s
INDE maxEigValMovement_frob  =          0.16065212693
INDE maxEigValMovement_mixed =          0.13564944681
INDE maxEigValMovement_eucl  =          0.05054028950
INDE lumo before truncation: [ 0.143133764508 , 0.259241787091 ]
INDE homo before truncation: [ -0.357928038996 , -0.213169421605 ]
INDE Truncate matrix F and update intervals for homo and lumo.
INDE Truncating F_ort ( mixed ), selected threshold = 3.56303e-08
INDE Truncated F_ort ( mixed ), selected threshold = 3.56303e-08, returned error =          0, nnz before = 100.0000 %, nnz after = 100.0000 %
TIDE Truncation of F_ort took      0.00 usr cpu s       0.00 sys cpu s       0.00 wall s
INDE Chosen Ergo Wrapper
INDE Creating purification object: N = 73 , nocc = 47 , NNZ = 5329  <-> 100.00000 %
INDE Chosen norm for the truncation: 
INDE mixed
INDE Chosen norm for the stopping criterion: 
INDE mixed
INDE Chosen the NEW stopping criterion.
INDE Allowed error in subspace 7.000000e-07
INDE Chosen SP2 purification method
INDE calling Puri->PurificationStart(), number of threads = 1, trunc norm 'mixed'
TIDE gershgorin took      0.00 usr cpu s       0.00 sys cpu s       0.00 wall s
INDE Gershgorin bounds: [ -24.356887959720 , 5.992299308390 ]
INDE EXPANDED Gershgorin bounds: [ -24.356887974621 , 5.992299323291 ]
INDE Trying to impove bounds using Lanczos algorithm...
TIDE compute_spectrum_bounds took      0.06 usr cpu s       0.12 sys cpu s       0.02 wall s
INDE Spectrum of F: 	 [ -20.299337924923 , 1.138072893185 ]
INDE Transform homo and lumo bounds...
INDE HOMO bounds of X: 	 [ 0.063031973696 , 0.069784590353 ]
INDE LUMO bounds of X: 	 [ 0.040995207563 , 0.046411347766 ]
INDE INIT LUMO: [ 0.040995207563 , 0.046411347766 ]
INDE INIT HOMO: [ 0.930215409647 , 0.936968026304 ]
INDE ESTIMATED NUMBER OF ITERATIONS IS 24
INDE Put eigenvalues of F to the interval [0,1] in reverse order.
TIDE compute_X() took      0.00 usr cpu s       0.00 sys cpu s       0.00 wall s
TIDE prepare_to_purification() took      0.06 usr cpu s       0.12 sys cpu s       0.02 wall s
INDE (EIGV,PARAMS) Requested 0 occipied eigenpair(s).
INDE (EIGV,PARAMS) Requested 0 unoccipied eigenpair(s).
TIDE prepare_to_purification_eigenvectors() took      0.00 usr cpu s       0.00 sys cpu s       0.00 wall s
INDE Starting recursive expansion
INDE     BEFORE ITERATIONS:
TIDE truncate_matrix took      0.00 usr cpu s       0.00 sys cpu s       0.00 wall s
INDE Actual introduced error   0.000000e+00 : nnz before  5329 <-> 100.00 % , nnz after  5329 <-> 100.00 %
TIDE square took      0.00 usr cpu s       0.00 sys cpu s       0.00 wall s
INDE NNZ Xsq = 5329 <-> 100.00 %
TIDE Frobenius norm of X-X^2 took      0.00 usr cpu s       0.00 sys cpu s       0.00 wall s
TIDE Mixed norm of X-X^2 took      0.00 usr cpu s       0.02 sys cpu s       0.00 wall s
TIDE Trace of X-X^2 took      0.00 usr cpu s       0.00 sys cpu s       0.00 wall s
INDE ||X-X^2||_F = 8.724706e-01 , ||X-X^2||_mixed = 6.495401e-01
INDE trace(X-X^2) = 5.357828e+00
INDE trace(X) = 1.253355e+01
TIDE Iteration 0 took      0.00 usr cpu s       0.02 sys cpu s       0.00 wall s
TIDE FileWritable::writeAndReadAll took      0.00 usr cpu s       0.00 sys cpu s       0.00 wall s
INDE writeAndReadAll sizesStr: '0 MB (1 MatrixGeneral, 0 > 1 MB) + 0 MB (13 MatrixSymmetric, 0 > 1 MB) + 0 MB (2 VectorGeneral, 0 > 1 MB) = 0 MB (16 total, 0 > 1 MB)
INDE     ITERATION 1 :
TIDE purify_X took      0.00 usr cpu s       0.00 sys cpu s       0.00 wall s
TIDE truncate_matrix took      0.00 usr cpu s       0.00 sys cpu s       0.00 wall s
INDE Actual introduced error   0.000000e+00 : nnz before  5329 <-> 100.00 % , nnz after  5329 <-> 100.00 %
TIDE square took      0.00 usr cpu s       0.00 sys cpu s       0.00 wall s
INDE NNZ Xsq = 5329 <-> 100.00 %
TIDE Frobenius norm of X-X^2 took      0.00 usr cpu s       0.00 sys cpu s       0.00 wall s
TIDE Mixed norm of X-X^2 took      0.00 usr cpu s       0.00 sys cpu s       0.00 wall s
TIDE Trace of X-X^2 took      0.00 usr cpu s       0.00 sys cpu s       0.00 wall s
INDE ||X-X^2||_F = 9.388628e-01 , ||X-X^2||_mixed = 7.163173e-01
INDE trace(X-X^2) = 6.944231e+00
INDE trace(X) = 1.789138e+01
TIDE Iteration 1 took      0.00 usr cpu s       0.01 sys cpu s       0.00 wall s
INDE     ITERATION 2 :
TIDE purify_X took      0.00 usr cpu s       0.00 sys cpu s       0.00 wall s
TIDE truncate_matrix took      0.00 usr cpu s       0.00 sys cpu s       0.00 wall s
INDE Actual introduced error   0.000000e+00 : nnz before  5329 <-> 100.00 % , nnz after  5329 <-> 100.00 %
TIDE square took      0.00 usr cpu s       0.00 sys cpu s       0.00 wall s
INDE NNZ Xsq = 5329 <-> 100.00 %
TIDE Frobenius norm of X-X^2 took      0.00 usr cpu s       0.00 sys cpu s       0.00 wall s
TIDE Mixed norm of X-X^2 took      0.00 usr cpu s       0.00 sys cpu s       0.00 wall s
TIDE Trace of X-X^2 took      0.00 usr cpu s       0.00 sys cpu s       0.00 wall s
INDE ||X-X^2||_F = 1.278555e+00 , ||X-X^2||_mixed = 9.883242e-01
INDE trace(X-X^2) = 9.179046e+00
INDE trace(X) = 2.483561e+01
INDE Checking stopping criterion...   
INDE Order of convergence cannot be computed
TIDE stopping_criterion took      0.00 usr cpu s       0.00 sys cpu s       0.00 wall s
TIDE Iteration 2 took      0.00 usr cpu s       0.01 sys cpu s       0.00 wall s
INDE     ITERATION 3 :
TIDE purify_X took      0.00 usr cpu s       0.00 sys cpu s       0.00 wall s
TIDE truncate_matrix took      0.00 usr cpu s       0.00 sys cpu s       0.00 wall s
INDE Actual introduced error   0.000000e+00 : nnz before  5329 <-> 100.00 % , nnz after  5329 <-> 100.00 %
TIDE square took      0.00 usr cpu s       0.00 sys cpu s       0.00 wall s
INDE NNZ Xsq = 5329 <-> 100.00 %
TIDE Frobenius norm of X-X^2 took      0.00 usr cpu s       0.00 sys cpu s       0.00 wall s
TIDE Mixed norm of X-X^2 took      0.00 usr cpu s       0.01 sys cpu s       0.00 wall s
TIDE Trace of X-X^2 took      0.00 usr cpu s       0.00 sys cpu s       0.00 wall s
INDE ||X-X^2||_F = 1.590241e+00 , ||X-X^2||_mixed = 1.196834e+00
INDE trace(X-X^2) = 1.156616e+01
INDE trace(X) = 3.401466e+01
INDE Checking stopping criterion...   
INDE Order of convergence cannot be computed
TIDE stopping_criterion took      0.00 usr cpu s       0.00 sys cpu s       0.00 wall s
TIDE Iteration 3 took      0.00 usr cpu s       0.01 sys cpu s       0.00 wall s
INDE     ITERATION 4 :
TIDE purify_X took      0.00 usr cpu s       0.00 sys cpu s       0.00 wall s
TIDE truncate_matrix took      0.00 usr cpu s       0.00 sys cpu s       0.00 wall s
INDE Actual introduced error   0.000000e+00 : nnz before  5329 <-> 100.00 % , nnz after  5329 <-> 100.00 %
TIDE square took      0.00 usr cpu s       0.00 sys cpu s       0.00 wall s
INDE NNZ Xsq = 5329 <-> 100.00 %
TIDE Frobenius norm of X-X^2 took      0.00 usr cpu s       0.00 sys cpu s       0.00 wall s
TIDE Mixed norm of X-X^2 took      0.00 usr cpu s       0.01 sys cpu s       0.00 wall s
TIDE Trace of X-X^2 took      0.00 usr cpu s       0.00 sys cpu s       0.00 wall s
INDE ||X-X^2||_F = 1.469643e+00 , ||X-X^2||_mixed = 1.077355e+00
INDE trace(X-X^2) = 1.099597e+01
INDE trace(X) = 4.558082e+01
INDE Checking stopping criterion...   
INDE Order of convergence cannot be computed
TIDE stopping_criterion took      0.00 usr cpu s       0.00 sys cpu s       0.00 wall s
TIDE Iteration 4 took      0.00 usr cpu s       0.01 sys cpu s       0.00 wall s
INDE     ITERATION 5 :
TIDE purify_X took      0.00 usr cpu s       0.00 sys cpu s       0.00 wall s
TIDE truncate_matrix took      0.00 usr cpu s       0.00 sys cpu s       0.00 wall s
INDE Actual introduced error   0.000000e+00 : nnz before  5329 <-> 100.00 % , nnz after  5329 <-> 100.00 %
TIDE square took      0.00 usr cpu s       0.00 sys cpu s       0.00 wall s
INDE NNZ Xsq = 5329 <-> 100.00 %
TIDE Frobenius norm of X-X^2 took      0.00 usr cpu s       0.00 sys cpu s       0.00 wall s
TIDE Mixed norm of X-X^2 took      0.00 usr cpu s       0.01 sys cpu s       0.00 wall s
TIDE Trace of X-X^2 took      0.00 usr cpu s       0.00 sys cpu s       0.00 wall s
INDE ||X-X^2||_F = 1.474575e+00 , ||X-X^2||_mixed = 1.143149e+00
INDE trace(X-X^2) = 1.012856e+01
INDE trace(X) = 3.458485e+01
INDE Checking stopping criterion...   
INDE Order of convergence cannot be computed
TIDE stopping_criterion took      0.00 usr cpu s       0.00 sys cpu s       0.00 wall s
TIDE Iteration 5 took      0.00 usr cpu s       0.01 sys cpu s       0.00 wall s
INDE     ITERATION 6 :
TIDE purify_X took      0.00 usr cpu s       0.00 sys cpu s       0.00 wall s
TIDE truncate_matrix took      0.00 usr cpu s       0.00 sys cpu s       0.00 wall s
INDE Actual introduced error   0.000000e+00 : nnz before  5329 <-> 100.00 % , nnz after  5329 <-> 100.00 %
TIDE square took      0.00 usr cpu s       0.00 sys cpu s       0.00 wall s
INDE NNZ Xsq = 5329 <-> 100.00 %
TIDE Frobenius norm of X-X^2 took      0.00 usr cpu s       0.00 sys cpu s       0.00 wall s
TIDE Mixed norm of X-X^2 took      0.00 usr cpu s       0.00 sys cpu s       0.00 wall s
TIDE Trace of X-X^2 took      0.00 usr cpu s       0.00 sys cpu s       0.00 wall s
INDE ||X-X^2||_F = 1.190422e+00 , ||X-X^2||_mixed = 9.045592e-01
INDE trace(X-X^2) = 8.464279e+00
INDE trace(X) = 4.471341e+01
INDE Checking stopping criterion...   
INDE Order of convergence cannot be computed
TIDE stopping_criterion took      0.00 usr cpu s       0.00 sys cpu s       0.00 wall s
TIDE Iteration 6 took      0.00 usr cpu s       0.01 sys cpu s       0.00 wall s
INDE     ITERATION 7 :
TIDE purify_X took      0.00 usr cpu s       0.00 sys cpu s       0.00 wall s
TIDE truncate_matrix took      0.00 usr cpu s       0.00 sys cpu s       0.00 wall s
INDE Actual introduced error   0.000000e+00 : nnz before  5329 <-> 100.00 % , nnz after  5329 <-> 100.00 %
TIDE square took      0.00 usr cpu s       0.00 sys cpu s       0.00 wall s
INDE NNZ Xsq = 5329 <-> 100.00 %
TIDE Frobenius norm of X-X^2 took      0.00 usr cpu s       0.00 sys cpu s       0.00 wall s
TIDE Mixed norm of X-X^2 took      0.00 usr cpu s       0.00 sys cpu s       0.00 wall s
TIDE Trace of X-X^2 took      0.00 usr cpu s       0.00 sys cpu s       0.00 wall s
INDE ||X-X^2||_F = 1.310517e+00 , ||X-X^2||_mixed = 1.044098e+00
INDE trace(X-X^2) = 8.298331e+00
INDE trace(X) = 3.624913e+01
INDE Checking stopping criterion...   
INDE Order of convergence cannot be computed
TIDE stopping_criterion took      0.00 usr cpu s       0.00 sys cpu s       0.00 wall s
TIDE Iteration 7 took      0.00 usr cpu s       0.01 sys cpu s       0.00 wall s
INDE     ITERATION 8 :
TIDE purify_X took      0.00 usr cpu s       0.00 sys cpu s       0.00 wall s
TIDE truncate_matrix took      0.00 usr cpu s       0.00 sys cpu s       0.00 wall s
INDE Actual introduced error   0.000000e+00 : nnz before  5329 <-> 100.00 % , nnz after  5329 <-> 100.00 %
TIDE square took      0.00 usr cpu s       0.00 sys cpu s       0.00 wall s
INDE NNZ Xsq = 5329 <-> 100.00 %
TIDE Frobenius norm of X-X^2 took      0.00 usr cpu s       0.00 sys cpu s       0.00 wall s
TIDE Mixed norm of X-X^2 took      0.00 usr cpu s       0.00 sys cpu s       0.00 wall s
TIDE Trace of X-X^2 took      0.00 usr cpu s       0.00 sys cpu s       0.00 wall s
INDE ||X-X^2||_F = 8.799808e-01 , ||X-X^2||_mixed = 7.042451e-01
INDE trace(X-X^2) = 5.532295e+00
INDE trace(X) = 4.454746e+01
INDE Checking stopping criterion...   
INDE e_i =7.042451e-01, C*e_{i-1}^q = 5.635296e+00
INDE Order of convergence = 22.733034, stop = 0
TIDE stopping_criterion took      0.00 usr cpu s       0.00 sys cpu s       0.00 wall s
TIDE Iteration 8 took      0.00 usr cpu s       0.01 sys cpu s       0.00 wall s
INDE     ITERATION 9 :
TIDE purify_X took      0.00 usr cpu s       0.00 sys cpu s       0.00 wall s
TIDE truncate_matrix took      0.00 usr cpu s       0.00 sys cpu s       0.00 wall s
INDE Actual introduced error   0.000000e+00 : nnz before  5329 <-> 100.00 % , nnz after  5329 <-> 100.00 %
TIDE square took      0.00 usr cpu s       0.00 sys cpu s       0.00 wall s
INDE NNZ Xsq = 5329 <-> 100.00 %
TIDE Frobenius norm of X-X^2 took      0.00 usr cpu s       0.00 sys cpu s       0.00 wall s
TIDE Mixed norm of X-X^2 took      0.00 usr cpu s       0.00 sys cpu s       0.00 wall s
TIDE Trace of X-X^2 took      0.00 usr cpu s       0.00 sys cpu s       0.00 wall s
INDE ||X-X^2||_F = 1.082772e+00 , ||X-X^2||_mixed = 8.905160e-01
INDE trace(X-X^2) = 6.173178e+00
INDE trace(X) = 3.901516e+01
INDE Checking stopping criterion...   
INDE Order of convergence cannot be computed
TIDE stopping_criterion took      0.00 usr cpu s       0.00 sys cpu s       0.00 wall s
TIDE Iteration 9 took      0.00 usr cpu s       0.01 sys cpu s       0.00 wall s
INDE     ITERATION 10 :
TIDE purify_X took      0.00 usr cpu s       0.00 sys cpu s       0.00 wall s
TIDE truncate_matrix took      0.00 usr cpu s       0.00 sys cpu s       0.00 wall s
INDE Actual introduced error   0.000000e+00 : nnz before  5329 <-> 100.00 % , nnz after  5329 <-> 100.00 %
TIDE square took      0.00 usr cpu s       0.00 sys cpu s       0.00 wall s
INDE NNZ Xsq = 5329 <-> 100.00 %
TIDE Frobenius norm of X-X^2 took      0.00 usr cpu s       0.00 sys cpu s       0.00 wall s
TIDE Mixed norm of X-X^2 took      0.00 usr cpu s       0.01 sys cpu s       0.00 wall s
TIDE Trace of X-X^2 took      0.00 usr cpu s       0.00 sys cpu s       0.00 wall s
INDE ||X-X^2||_F = 5.897102e-01 , ||X-X^2||_mixed = 5.025055e-01
INDE trace(X-X^2) = 3.066965e+00
INDE trace(X) = 4.518834e+01
INDE Checking stopping criterion...   
INDE e_i =5.025055e-01, C*e_{i-1}^q = 3.415783e+00
INDE Order of convergence = 7.466052, stop = 0
TIDE stopping_criterion took      0.00 usr cpu s       0.00 sys cpu s       0.00 wall s
TIDE Iteration 10 took      0.00 usr cpu s       0.01 sys cpu s       0.00 wall s
INDE     ITERATION 11 :
TIDE purify_X took      0.00 usr cpu s       0.00 sys cpu s       0.00 wall s
TIDE truncate_matrix took      0.00 usr cpu s       0.00 sys cpu s       0.00 wall s
INDE Actual introduced error   0.000000e+00 : nnz before  5329 <-> 100.00 % , nnz after  5329 <-> 100.00 %
TIDE square took      0.00 usr cpu s       0.00 sys cpu s       0.00 wall s
INDE NNZ Xsq = 5329 <-> 100.00 %
TIDE Frobenius norm of X-X^2 took      0.00 usr cpu s       0.00 sys cpu s       0.00 wall s
TIDE Mixed norm of X-X^2 took      0.00 usr cpu s       0.00 sys cpu s       0.00 wall s
TIDE Trace of X-X^2 took      0.00 usr cpu s       0.00 sys cpu s       0.00 wall s
INDE ||X-X^2||_F = 7.942428e-01 , ||X-X^2||_mixed = 6.895519e-01
INDE trace(X-X^2) = 3.928784e+00
INDE trace(X) = 4.212138e+01
INDE Checking stopping criterion...   
INDE e_i =6.895519e-01, C*e_{i-1}^q = 5.461678e+00
INDE Order of convergence = 19.847292, stop = 0
TIDE stopping_criterion took      0.00 usr cpu s       0.00 sys cpu s       0.00 wall s
TIDE Iteration 11 took      0.00 usr cpu s       0.01 sys cpu s       0.00 wall s
INDE     ITERATION 12 :
TIDE purify_X took      0.00 usr cpu s       0.00 sys cpu s       0.00 wall s
TIDE truncate_matrix took      0.00 usr cpu s       0.00 sys cpu s       0.00 wall s
INDE Actual introduced error   0.000000e+00 : nnz before  5329 <-> 100.00 % , nnz after  5329 <-> 100.00 %
TIDE square took      0.00 usr cpu s       0.00 sys cpu s       0.00 wall s
INDE NNZ Xsq = 5329 <-> 100.00 %
TIDE Frobenius norm of X-X^2 took      0.00 usr cpu s       0.00 sys cpu s       0.00 wall s
TIDE Mixed norm of X-X^2 took      0.00 usr cpu s       0.00 sys cpu s       0.00 wall s
TIDE Trace of X-X^2 took      0.00 usr cpu s       0.00 sys cpu s       0.00 wall s
INDE ||X-X^2||_F = 3.295685e-01 , ||X-X^2||_mixed = 3.011223e-01
INDE trace(X-X^2) = 1.369348e+00
INDE trace(X) = 4.605016e+01
INDE Checking stopping criterion...   
INDE e_i =3.011223e-01, C*e_{i-1}^q = 1.739099e+00
INDE Order of convergence = 4.548295, stop = 0
TIDE stopping_criterion took      0.00 usr cpu s       0.00 sys cpu s       0.00 wall s
TIDE Iteration 12 took      0.00 usr cpu s       0.01 sys cpu s       0.00 wall s
INDE     ITERATION 13 :
TIDE purify_X took      0.00 usr cpu s       0.00 sys cpu s       0.00 wall s
TIDE truncate_matrix took      0.00 usr cpu s       0.00 sys cpu s       0.00 wall s
INDE Actual introduced error   0.000000e+00 : nnz before  5329 <-> 100.00 % , nnz after  5329 <-> 100.00 %
TIDE square took      0.00 usr cpu s       0.00 sys cpu s       0.00 wall s
INDE NNZ Xsq = 5329 <-> 100.00 %
TIDE Frobenius norm of X-X^2 took      0.00 usr cpu s       0.00 sys cpu s       0.00 wall s
TIDE Mixed norm of X-X^2 took      0.00 usr cpu s       0.01 sys cpu s       0.00 wall s
TIDE Trace of X-X^2 took      0.00 usr cpu s       0.00 sys cpu s       0.00 wall s
INDE ||X-X^2||_F = 2.399212e-01 , ||X-X^2||_mixed = 2.308240e-01
INDE trace(X-X^2) = 5.687821e-01
INDE trace(X) = 4.741951e+01
INDE Checking stopping criterion...   
INDE Order of convergence cannot be computed
TIDE stopping_criterion took      0.00 usr cpu s       0.00 sys cpu s       0.00 wall s
TIDE Iteration 13 took      0.00 usr cpu s       0.01 sys cpu s       0.00 wall s
INDE     ITERATION 14 :
TIDE purify_X took      0.00 usr cpu s       0.00 sys cpu s       0.00 wall s
TIDE truncate_matrix took      0.00 usr cpu s       0.00 sys cpu s       0.00 wall s
INDE Actual introduced error   0.000000e+00 : nnz before  5329 <-> 100.00 % , nnz after  5329 <-> 100.00 %
TIDE square took      0.00 usr cpu s       0.00 sys cpu s       0.00 wall s
INDE NNZ Xsq = 5329 <-> 100.00 %
TIDE Frobenius norm of X-X^2 took      0.00 usr cpu s       0.00 sys cpu s       0.00 wall s
TIDE Mixed norm of X-X^2 took      0.00 usr cpu s       0.01 sys cpu s       0.00 wall s
TIDE Trace of X-X^2 took      0.00 usr cpu s       0.00 sys cpu s       0.00 wall s
INDE ||X-X^2||_F = 9.778664e-02 , ||X-X^2||_mixed = 9.341471e-02
INDE trace(X-X^2) = 3.032746e-01
INDE trace(X) = 4.685073e+01
INDE Checking stopping criterion...   
INDE e_i =9.341471e-02, C*e_{i-1}^q = 6.244943e-01
INDE Order of convergence = 3.582929, stop = 0
TIDE stopping_criterion took      0.00 usr cpu s       0.00 sys cpu s       0.00 wall s
TIDE Iteration 14 took      0.00 usr cpu s       0.01 sys cpu s       0.00 wall s
INDE     ITERATION 15 :
TIDE purify_X took      0.00 usr cpu s       0.00 sys cpu s       0.00 wall s
TIDE truncate_matrix took      0.00 usr cpu s       0.00 sys cpu s       0.00 wall s
INDE Actual introduced error   0.000000e+00 : nnz before  5329 <-> 100.00 % , nnz after  5329 <-> 100.00 %
TIDE square took      0.00 usr cpu s       0.00 sys cpu s       0.00 wall s
INDE NNZ Xsq = 5329 <-> 100.00 %
TIDE Frobenius norm of X-X^2 took      0.00 usr cpu s       0.00 sys cpu s       0.00 wall s
TIDE Mixed norm of X-X^2 took      0.00 usr cpu s       0.01 sys cpu s       0.00 wall s
TIDE Trace of X-X^2 took      0.00 usr cpu s       0.00 sys cpu s       0.00 wall s
INDE ||X-X^2||_F = 1.569496e-01 , ||X-X^2||_mixed = 1.538012e-01
INDE trace(X-X^2) = 4.290256e-01
INDE trace(X) = 4.654745e+01
INDE Checking stopping criterion...   
INDE Order of convergence cannot be computed
TIDE stopping_criterion took      0.00 usr cpu s       0.00 sys cpu s       0.00 wall s
TIDE Iteration 15 took      0.00 usr cpu s       0.01 sys cpu s       0.00 wall s
INDE     ITERATION 16 :
TIDE purify_X took      0.00 usr cpu s       0.00 sys cpu s       0.00 wall s
TIDE truncate_matrix took      0.00 usr cpu s       0.00 sys cpu s       0.00 wall s
INDE Actual introduced error   0.000000e+00 : nnz before  5329 <-> 100.00 % , nnz after  5329 <-> 100.00 %
TIDE square took      0.00 usr cpu s       0.00 sys cpu s       0.00 wall s
INDE NNZ Xsq = 5329 <-> 100.00 %
TIDE Frobenius norm of X-X^2 took      0.00 usr cpu s       0.00 sys cpu s       0.00 wall s
TIDE Mixed norm of X-X^2 took      0.00 usr cpu s       0.00 sys cpu s       0.00 wall s
TIDE Trace of X-X^2 took      0.00 usr cpu s       0.00 sys cpu s       0.00 wall s
INDE ||X-X^2||_F = 1.505035e-02 , ||X-X^2||_mixed = 1.483337e-02
INDE trace(X-X^2) = 3.451684e-02
INDE trace(X) = 4.697648e+01
INDE Checking stopping criterion...   
INDE e_i =1.483337e-02, C*e_{i-1}^q = 6.009983e-02
INDE Order of convergence = 2.590173, stop = 0
TIDE stopping_criterion took      0.00 usr cpu s       0.00 sys cpu s       0.00 wall s
TIDE Iteration 16 took      0.00 usr cpu s       0.01 sys cpu s       0.00 wall s
INDE     ITERATION 17 :
TIDE purify_X took      0.00 usr cpu s       0.00 sys cpu s       0.00 wall s
TIDE truncate_matrix took      0.00 usr cpu s       0.00 sys cpu s       0.00 wall s
INDE Actual introduced error   0.000000e+00 : nnz before  5329 <-> 100.00 % , nnz after  5329 <-> 100.00 %
TIDE square took      0.00 usr cpu s       0.00 sys cpu s       0.00 wall s
INDE NNZ Xsq = 5329 <-> 100.00 %
TIDE Frobenius norm of X-X^2 took      0.00 usr cpu s       0.00 sys cpu s       0.00 wall s
TIDE Mixed norm of X-X^2 took      0.00 usr cpu s       0.00 sys cpu s       0.00 wall s
TIDE Trace of X-X^2 took      0.00 usr cpu s       0.00 sys cpu s       0.00 wall s
INDE ||X-X^2||_F = 8.896421e-03 , ||X-X^2||_mixed = 8.884438e-03
INDE trace(X-X^2) = 1.133539e-02
INDE trace(X) = 4.701100e+01
INDE Checking stopping criterion...   
INDE Order of convergence cannot be computed
TIDE stopping_criterion took      0.00 usr cpu s       0.00 sys cpu s       0.00 wall s
TIDE Iteration 17 took      0.00 usr cpu s       0.01 sys cpu s       0.00 wall s
INDE     ITERATION 18 :
TIDE purify_X took      0.00 usr cpu s       0.00 sys cpu s       0.00 wall s
TIDE truncate_matrix took      0.00 usr cpu s       0.00 sys cpu s       0.00 wall s
INDE Actual introduced error   0.000000e+00 : nnz before  5329 <-> 100.00 % , nnz after  5329 <-> 100.00 %
TIDE square took      0.00 usr cpu s       0.00 sys cpu s       0.00 wall s
INDE NNZ Xsq = 5329 <-> 100.00 %
TIDE Frobenius norm of X-X^2 took      0.00 usr cpu s       0.00 sys cpu s       0.00 wall s
TIDE Mixed norm of X-X^2 took      0.00 usr cpu s       0.00 sys cpu s       0.00 wall s
TIDE Trace of X-X^2 took      0.00 usr cpu s       0.00 sys cpu s       0.00 wall s
INDE ||X-X^2||_F = 2.881267e-04 , ||X-X^2||_mixed = 2.861452e-04
INDE trace(X-X^2) = 5.010078e-04
INDE trace(X) = 4.699966e+01
INDE Checking stopping criterion...   
INDE e_i =2.861452e-04, C*e_{i-1}^q = 1.515384e-03
INDE Order of convergence = 2.395862, stop = 0
TIDE stopping_criterion took      0.00 usr cpu s       0.00 sys cpu s       0.00 wall s
TIDE Iteration 18 took      0.00 usr cpu s       0.01 sys cpu s       0.00 wall s
INDE     ITERATION 19 :
TIDE purify_X took      0.00 usr cpu s       0.00 sys cpu s       0.00 wall s
TIDE truncate_matrix took      0.00 usr cpu s       0.00 sys cpu s       0.00 wall s
INDE Actual introduced error   0.000000e+00 : nnz before  5329 <-> 100.00 % , nnz after  5329 <-> 100.00 %
TIDE square took      0.00 usr cpu s       0.00 sys cpu s       0.00 wall s
INDE NNZ Xsq = 5329 <-> 100.00 %
TIDE Frobenius norm of X-X^2 took      0.00 usr cpu s       0.00 sys cpu s       0.00 wall s
TIDE Mixed norm of X-X^2 took      0.00 usr cpu s       0.01 sys cpu s       0.00 wall s
TIDE Trace of X-X^2 took      0.00 usr cpu s       0.00 sys cpu s       0.00 wall s
INDE ||X-X^2||_F = 1.518529e-04 , ||X-X^2||_mixed = 1.518471e-04
INDE trace(X-X^2) = 1.609698e-04
INDE trace(X) = 4.700016e+01
INDE Checking stopping criterion...   
INDE e_i =1.518471e-04, C*e_{i-1}^q = 5.436290e-04
INDE Order of convergence = 2.270013, stop = 0
TIDE stopping_criterion took      0.00 usr cpu s       0.00 sys cpu s       0.00 wall s
TIDE Iteration 19 took      0.00 usr cpu s       0.01 sys cpu s       0.00 wall s
INDE     ITERATION 20 :
TIDE purify_X took      0.00 usr cpu s       0.00 sys cpu s       0.00 wall s
TIDE truncate_matrix took      0.00 usr cpu s       0.00 sys cpu s       0.00 wall s
INDE Actual introduced error   0.000000e+00 : nnz before  5329 <-> 100.00 % , nnz after  5329 <-> 100.00 %
TIDE square took      0.00 usr cpu s       0.00 sys cpu s       0.00 wall s
INDE NNZ Xsq = 5329 <-> 100.00 %
TIDE Frobenius norm of X-X^2 took      0.00 usr cpu s       0.00 sys cpu s       0.00 wall s
TIDE Mixed norm of X-X^2 took      0.00 usr cpu s       0.00 sys cpu s       0.00 wall s
TIDE Trace of X-X^2 took      0.00 usr cpu s       0.00 sys cpu s       0.00 wall s
INDE ||X-X^2||_F = 1.277158e-07 , ||X-X^2||_mixed = 1.273346e-07
INDE trace(X-X^2) = 1.776359e-07
INDE trace(X) = 4.700000e+01
INDE Checking stopping criterion...   
INDE e_i =1.273346e-07, C*e_{i-1}^q = 5.639175e-07
INDE Order of convergence = 2.182386, stop = 0
TIDE stopping_criterion took      0.00 usr cpu s       0.00 sys cpu s       0.00 wall s
TIDE Iteration 20 took      0.00 usr cpu s       0.01 sys cpu s       0.00 wall s
INDE     ITERATION 21 :
TIDE purify_X took      0.00 usr cpu s       0.00 sys cpu s       0.00 wall s
TIDE truncate_matrix took      0.00 usr cpu s       0.00 sys cpu s       0.00 wall s
INDE Actual introduced error   0.000000e+00 : nnz before  5329 <-> 100.00 % , nnz after  5329 <-> 100.00 %
TIDE square took      0.00 usr cpu s       0.00 sys cpu s       0.00 wall s
INDE NNZ Xsq = 5329 <-> 100.00 %
TIDE Frobenius norm of X-X^2 took      0.00 usr cpu s       0.00 sys cpu s       0.00 wall s
TIDE Mixed norm of X-X^2 took      0.00 usr cpu s       0.00 sys cpu s       0.00 wall s
TIDE Trace of X-X^2 took      0.00 usr cpu s       0.00 sys cpu s       0.00 wall s
INDE ||X-X^2||_F = 2.512614e-07 , ||X-X^2||_mixed = 2.512374e-07
INDE trace(X-X^2) = 3.091391e-07
INDE trace(X) = 4.700000e+01
INDE Checking stopping criterion...   
INDE Order of convergence cannot be computed
TIDE stopping_criterion took      0.00 usr cpu s       0.00 sys cpu s       0.00 wall s
TIDE Iteration 21 took      0.00 usr cpu s       0.01 sys cpu s       0.00 wall s
INDE     ITERATION 22 :
TIDE purify_X took      0.00 usr cpu s       0.00 sys cpu s       0.00 wall s
TIDE truncate_matrix took      0.00 usr cpu s       0.00 sys cpu s       0.00 wall s
INDE Actual introduced error   0.000000e+00 : nnz before  5329 <-> 100.00 % , nnz after  5329 <-> 100.00 %
TIDE square took      0.00 usr cpu s       0.00 sys cpu s       0.00 wall s
INDE NNZ Xsq = 5329 <-> 100.00 %
TIDE Frobenius norm of X-X^2 took      0.00 usr cpu s       0.00 sys cpu s       0.00 wall s
TIDE Mixed norm of X-X^2 took      0.00 usr cpu s       0.00 sys cpu s       0.00 wall s
TIDE Trace of X-X^2 took      0.00 usr cpu s       0.00 sys cpu s       0.00 wall s
INDE ||X-X^2||_F = 5.948724e-14 , ||X-X^2||_mixed = 0.000000e+00
INDE trace(X-X^2) = 6.394885e-14
INDE trace(X) = 4.700000e+01
INDE Checking stopping criterion...   
INDE ************************************************************************************************************
INDE The norm value went much below machine precision, therefore we stop here since n_max can be underestimated.
INDE ************************************************************************************************************
INDE e_i =0.000000e+00, C*e_{i-1}^q = 1.116698e-13
INDE Order of convergence = inf, stop = 1
TIDE stopping_criterion took      0.00 usr cpu s       0.00 sys cpu s       0.00 wall s
INDE PURIFICATION CONVERGED after 22 iterations
TIDE Iteration 22 took      0.00 usr cpu s       0.00 sys cpu s       0.00 wall s
INDE Number of non-zeros in D is  5329 <-> 100.00 %
TIDE FileWritable::writeAndReadAll took      0.00 usr cpu s       0.00 sys cpu s       0.00 wall s
INDE writeAndReadAll sizesStr: '0 MB (1 MatrixGeneral, 0 > 1 MB) + 0 MB (13 MatrixSymmetric, 0 > 1 MB) + 0 MB (2 VectorGeneral, 0 > 1 MB) = 0 MB (16 total, 0 > 1 MB)
INDE TOTAL accumulated subspace error is 0.000000e+00
INDE TOTAL X square time: 0.005918 wall s
INDE TOTAL X trunction time: 0.001153 wall s
INDE TOTAL X purify (exl. X^2 computation) time: 0.000819 wall s
INDE TOTAL time to get number of non-zero elements: 0.000833 wall s
INDE TOTAL time to get mixed norm: 0.016846 wall s
INDE TOTAL time to get Frobenius norm: 0.000886 wall s
INDE TOTAL time for stopping criterion: 0.001093 wall s
INDE TOTAL time to get matrix trace: 0.000442 wall s
INDE Estimated bounds for the eigenvalues for the Fock matrix:
INDE LUMO: [ 0.211860650065 , 0.234139930660 ]
INDE HOMO: [ -0.318617126198 , -0.273573863958 ]
TIDE eigenvalue_bounds_estimation() took      0.00 usr cpu s       0.00 sys cpu s       0.00 wall s
TIDE Recursive expansion took      0.11 usr cpu s       0.31 sys cpu s       0.05 wall s
TIDE Puri->PurificationStart() took      0.11 usr cpu s       0.31 sys cpu s       0.05 wall s
TIDE Accumulated wall times for writeToFile in PurificationStart()          : 0 s (MatrixGeneral) + 2.9e-06 s (MatrixSymmetric) + 2.2e-05 s (VectorGeneral) = 2.5e-05 s
TIDE Accumulated wall times for readFromFile in PurificationStart()         : 0 s (MatrixGeneral) + 2.9e-06 s (MatrixSymmetric) + 7.4e-06 s (VectorGeneral) = 1e-05 s
TIDE Accumulated wall times for copy and assign in PurificationStart()      : 1.9e-06 s (MatrixSymmetric) + 2.8e-05 s (VectorGeneral) = 3e-05 s
INDE Number of calls to writeToFile in PurificationStart()                  : 2 (MatrixGeneral) + 27 (MatrixSymmetric) + 301 (VectorGeneral) = 330 
INDE Number of calls to readFromFile in PurificationStart()                 : 2 (MatrixGeneral) + 26 (MatrixSymmetric) + 113 (VectorGeneral) = 141 
INDE Number of calls to FileWritable copy and assign in PurificationStart() : 2 (MatrixSymmetric) + 24 (VectorGeneral) = 26 
TIDE mat::Gblas::time after purification :     0.174444
INDE Created .m files with results of the purification
INDE Purification converged OK, subspaceError <=          0.00000000000
INDE E(LUMO) - E(HOMO) >=          0.48543451402 =         13.20934612135 eV
INDE E(LUMO) - E(HOMO) <=          0.55275705686 =         15.04128584625 eV
INDE HOMO interval : [   -0.318617126198   -0.273573863958 ]
INDE LUMO interval : [    0.211860650065    0.234139930660 ]
INDE Trace of resulting density matrix is         47.00000000000, error is  -0.00000000000005.
INDE Truncated D_ort ( mixed ), selected threshold = 9.99999e-08, returned error =          0, nnz before = 5329 <-> 100.0000 %, nnz after = 5329 <-> 100.0000 %
TIDE FileWritable::writeAndReadAll took      0.00 usr cpu s       0.00 sys cpu s       0.00 wall s
INDE writeAndReadAll sizesStr: '0 MB (1 MatrixGeneral, 0 > 1 MB) + 0 MB (12 MatrixSymmetric, 0 > 1 MB) + 0 MB (1 MatrixTriangular, 0 > 1 MB) = 0 MB (14 total, 0 > 1 MB)
TIDE D_w to non-orthogonal basis took      0.00 usr cpu s       0.00 sys cpu s       0.00 wall s
INDE Truncated D_S (eucl with Z), selected threshold = 9.99999e-08, returned error =          0, nnz before = 100.0000 %, nnz after = 100.0000 %
INDE get_dens_from_fock_sparse ending OK
TIDE get_dens_from_fock_sparse took      0.14 usr cpu s       0.42 sys cpu s       0.07 wall s
ERDE get_dens_from_fock  (GetDensFromFock class) : purification finished OK.
TIDE get_dens_from_fock took      0.14 usr cpu s       0.42 sys cpu s       0.07 wall s
INSC Matrix 'new density matrix' ( symm ): n =     73, nnz =         5329 <-> 100.00 %, mem usage  0.0000 G
INSC Tr( D * S ) =         94.00000000000
TISC get_new_density_matrix took      0.14 usr cpu s       0.42 sys cpu s       0.07 wall s
INSC SCF_restricted::report_density_difference, diff_eucl =          0.04759089971
TISC SCF_restricted::report_density_difference took      0.02 usr cpu s       0.07 sys cpu s       0.01 wall s
INMA ddf_writeShellListAndDensityMatricesToFile_sparse, n =     73, densityMatrixList[0].nvalues =        2701
INMA opened temporary file 'density.bin.2Y9a6r' for writing
INMA Choosing matrixStorageType = MATRIX_STORAGE_TYPE_TRIANGLE.
INMA fileSize =           46848 bytes =      0.047 MegaBytes
INMA renamed file 'density.bin.2Y9a6r' to 'density.bin'
INMA ddf_writeShellListAndDensityMatricesToFile_sparse freeing buffer.
INMA ddf_writeShellListAndDensityMatricesToFile_sparse returning OK.
TISC write_density_to_file took      0.00 usr cpu s       0.05 sys cpu s       0.01 wall s
INSC SCF cycle   8 finished.
TISC SCF cycle   8 took      7.44 usr cpu s       1.08 sys cpu s       2.09 wall s
INSC Beginning of SCF cycle 9:  Thu Mar 26 20:00:15 2026
INDE compute_J_by_boxes_sparse() start.
TIDE FileWritable::writeAndReadAll took      0.00 usr cpu s       0.00 sys cpu s       0.00 wall s
INDE writeAndReadAll: '0 MB (1 MatrixGeneral, 0 > 1 MB) + 0 MB (11 MatrixSymmetric, 0 > 1 MB) = 0 MB (12 total, 0 > 1 MB)
IN   compute_J_by_boxes_sparse, maxDensityMatrixElement =          2.11082582993
ININ get_basis_func_pair_list, n =     73
ININ create_box_system end OK, toplevelBoxSize:   7.0, #levels:  3, #boxes at top level:      6
TIIN get_basis_func_pair_list_2el took      0.06 usr cpu s       0.16 sys cpu s       0.03 wall s
IN   compute_J_by_boxes_sparse: noOfBasisFuncIndexPairs = 2598 ==> storing  48.75 % of a full matrix
ININ entering compute_J_by_boxes_linear, no of basis funcs =    73, threshold_J =   1e-12
ININ use_fmm = 1, fmm_box_size =   5.00
TIIN Compute extent for all distrs took      0.05 usr cpu s       0.04 sys cpu s       0.05 wall s
ININ extent_min =    0.000, extent_max =    8.395
ININ Creating list of distributions etc done, distrCount =     36059
TIIN Creating list of distributions etc took      0.14 usr cpu s       0.29 sys cpu s       0.09 wall s
ININ create_box_system end OK, toplevelBoxSize:   5.0, #levels:  3, #boxes at top level:     10
TIIN Creating boxes took      0.00 usr cpu s       0.00 sys cpu s       0.00 wall s
ININ noOfBranches = 4, splitters:   5.00  2.50  0.00
ININ J org done, groupCount =     3008
TIIN J org took      0.12 usr cpu s       0.00 sys cpu s       0.12 wall s
TIIN Generate group multipoles took      0.07 usr cpu s       0.00 sys cpu s       0.07 wall s
ININ totChargeWholeSystem =          0.00000000000
ININ Generating multipole for each branch at top level, MAX_MULTIPOLE_DEGREE = 15
TIIN Translate multipoles (step 1) took      0.08 usr cpu s       0.00 sys cpu s       0.08 wall s
TIIN Translate multipoles (step 2) took      0.08 usr cpu s       0.00 sys cpu s       0.08 wall s
ININ job lists for J created OK, noOfJobs_J_standard =      759, noOfJobs_J_multipole =      122
TIIN Creating job lists for J took      0.00 usr cpu s       0.00 sys cpu s       0.00 wall s
ININ execute_joblist_J_std_threaded, noOfThreads =  8
ININ 8 threads started OK.
ININ all 8 threads have finished.
TIIN execute_joblist_J_std_threaded took      3.49 usr cpu s       0.00 sys cpu s       0.63 wall s
TIIN sort_list_of_multipole_jobs init part took      0.00 usr cpu s       0.00 sys cpu s       0.00 wall s
TIIN sort_list_of_multipole_jobs complete took      0.00 usr cpu s       0.00 sys cpu s       0.00 wall s
TIIN sort_list_of_multipole_jobs took      0.00 usr cpu s       0.00 sys cpu s       0.00 wall s
ININ execute_joblist_J_fmm_shared: Allocating multipoleList_4, maxnoOfMinimalDistrsPerBoxBranch =      7533
ININ execute_joblist_J_fmm_shared: Allocating multipoleList_4, maxnoOfMinimalDistrsPerBoxBranch =      7533
ININ execute_joblist_J_fmm_shared: jobIndexLo =           15, jobIndexHi =           30
ININ execute_joblist_J_fmm_shared: Allocating multipoleList_4, maxnoOfMinimalDistrsPerBoxBranch =      7533
ININ execute_joblist_J_fmm_shared: jobIndexLo =            0, jobIndexHi =           15
ININ execute_joblist_J_fmm_shared: jobIndexLo =           30, jobIndexHi =           45
ININ execute_joblist_J_fmm_shared: Allocating multipoleList_4, maxnoOfMinimalDistrsPerBoxBranch =      7533
ININ execute_joblist_J_fmm_shared: jobIndexLo =           45, jobIndexHi =           61
ININ execute_joblist_J_fmm_shared: Allocating multipoleList_4, maxnoOfMinimalDistrsPerBoxBranch =      7533
ININ execute_joblist_J_fmm_shared: jobIndexLo =           61, jobIndexHi =           76
ININ execute_joblist_J_fmm_shared: Allocating multipoleList_4, maxnoOfMinimalDistrsPerBoxBranch =      7533
ININ execute_joblist_J_fmm_shared: jobIndexLo =           76, jobIndexHi =           91
ININ execute_joblist_J_fmm_shared: Allocating multipoleList_4, maxnoOfMinimalDistrsPerBoxBranch =      7533
ININ execute_joblist_J_fmm_shared: jobIndexLo =           91, jobIndexHi =          106
ININ execute_joblist_J_fmm_shared: done!
ININ execute_joblist_J_fmm_shared: done!
ININ execute_joblist_J_fmm_shared: Allocating multipoleList_4, maxnoOfMinimalDistrsPerBoxBranch =      7533
ININ execute_joblist_J_fmm_shared: jobIndexLo =          106, jobIndexHi =          122
ININ execute_joblist_J_fmm_shared: done!
ININ execute_joblist_J_fmm_shared: done!
ININ execute_joblist_J_fmm_shared: done!
ININ execute_joblist_J_fmm_shared: done!
ININ execute_joblist_J_fmm_shared: done!
ININ execute_joblist_J_fmm_shared: done!
ININ multipole job list for J executed, largest L used: 13
TIIN Executing multipole job list for J took      0.05 usr cpu s       0.00 sys cpu s       0.04 wall s
ININ compute_J_by_boxes_linear ending OK.
TIIN compute_J_by_boxes_linear took      4.03 usr cpu s       0.30 sys cpu s       1.11 wall s
TI   compute_J_by_boxes_sparse total took      4.10 usr cpu s       0.46 sys cpu s       1.14 wall s
ININ entering create_CSR_for_K, no of basis funcs =    73, threshold_K =   1e-12
ININ create_box_system end OK, toplevelBoxSize:   7.0, #levels:  3, #boxes at top level:      6
ININ create_box_system end OK, toplevelBoxSize:   7.0, #levels:  3, #boxes at top level:      6
ININ create_box_system end OK, toplevelBoxSize:   7.0, #levels:  3, #boxes at top level:      6
TIIN create_CSR_for_K getting list of distrs took      0.05 usr cpu s       0.00 sys cpu s       0.05 wall s
ININ list of neighbors complete.
TIIN create_CSR_for_K getting list of neighbors took      0.00 usr cpu s       0.00 sys cpu s       0.00 wall s
TIIN create_CSR_for_K sort each list of neighbors took      0.00 usr cpu s       0.00 sys cpu s       0.00 wall s
ININ 8 threads started OK.
TIIN identify_needed_elements() took      0.76 usr cpu s       0.00 sys cpu s       0.11 wall s
ININ computing nnz..
ININ create_CSR_for_K: predicted nnz =         2701, <->  50.68% of a full matrix
TIIN create_CSR_for_K last part took      0.00 usr cpu s       0.00 sys cpu s       0.00 wall s
TIIN create_CSR_for_K total took      0.81 usr cpu s       0.00 sys cpu s       0.16 wall s
ININ entering compute_K_by_boxes, no of basis funcs =    73, threshold_K =   1e-12, exchange_box_size =   5.00
ININ create_box_system end OK, toplevelBoxSize:   7.0, #levels:  3, #boxes at top level:      6
ININ create_box_system end OK, toplevelBoxSize:   7.0, #levels:  3, #boxes at top level:      6
ININ create_box_system end OK, toplevelBoxSize:   7.0, #levels:  3, #boxes at top level:      6
TIIN Compute extent for all distrs took      0.05 usr cpu s       0.00 sys cpu s       0.05 wall s
ININ Creating list of distributions done, distrCountTot =     36059
TIIN Creating list of distributions took      0.09 usr cpu s       0.00 sys cpu s       0.09 wall s
ININ create_box_system end OK, toplevelBoxSize:   5.0, #levels:  3, #boxes at top level:     10
ININ create_box_system end OK, toplevelBoxSize:   2.5, #levels:  4, #boxes at top level:     16
ININ noOfLevelsBasisFuncs = 4, noOfLevelsDiff = 1
TIIN Creating boxes etc took      0.00 usr cpu s       0.00 sys cpu s       0.00 wall s
TIIN getting multipoleNormVectorList took      0.09 usr cpu s       0.00 sys cpu s       0.09 wall s
TIIN K organize_distributions for all boxes took      0.16 usr cpu s       0.00 sys cpu s       0.16 wall s
ININ starting loop to setup basisFuncGroupInfoList, with added index checks.
TIIN GetLimitsAllLevels took      0.03 usr cpu s       0.00 sys cpu s       0.03 wall s
ININ getDmatLimitMatrixCSRList start.
TIIN getting densityMatrixLimitMatrixList took      0.00 usr cpu s       0.00 sys cpu s       0.00 wall s
ININ job list for K created,       55 jobs
TIIN creating job list for K took      0.00 usr cpu s       0.00 sys cpu s       0.00 wall s
ININ execute_joblist_K_threaded, noOfThreads =  8, basisFuncListCount_max =    67
ININ 8 threads started OK.
ININ all 8 threads have finished, took        1 wall s.
TIIN Executing job list for K took      2.38 usr cpu s       0.01 sys cpu s       0.55 wall s
TIIN compute_K_by_boxes took      2.75 usr cpu s       0.01 sys cpu s       0.92 wall s
TI   compute_K_by_boxes_sparse total took      3.56 usr cpu s       0.01 sys cpu s       1.08 wall s
INSC About to truncate FockMatrix, gap of Fprev >=          0.48543451402
TISC symmMatrix::mixed_diff for F vs Fprev maxEigValMovement_mixed took      0.00 usr cpu s       0.00 sys cpu s       0.00 wall s
TISC symmMatrix::eucl_diff for maxEigValMovement_eucl  took      0.01 usr cpu s       0.02 sys cpu s       0.00 wall s
INSC maxEigValMovement_frob  =          0.06499776052
INSC maxEigValMovement_mixed =          0.05288760016
INSC maxEigValMovement_eucl  =          0.02498385525
TISC FockMatrix.eucl_thresh() (with Z) took      0.00 usr cpu s       0.01 sys cpu s       0.00 wall s
INSC Truncated FockMatrix (eucl with Z), selected threshold = 4.35467e-08, returned error =          0, nnz before = 100.0000 %, nnz after = 100.0000 %
INSC Matrix 'S' ( symm ): n =     73, nnz =         5329 <-> 100.00 %, mem usage  0.0000 G
INSC Matrix 'F' ( symm ): n =     73, nnz =         5329 <-> 100.00 %, mem usage  0.0000 G
INSC Matrix 'D' ( symm ): n =     73, nnz =         5329 <-> 100.00 %, mem usage  0.0000 G
INSC nuclearEnergy, energy_2el, energy = 782.160484, 1010.942614, -636.641013
INSC Energy   9 =       -636.64101314062  ( diff     -0.004664476411335 )
INSC calling compute_FDSminusSDF_sparse, n = 73
INDE compute_FDSminusSDF_sparse() start.
TIDE FileWritable::writeAndReadAll took      0.00 usr cpu s       0.00 sys cpu s       0.00 wall s
INDE writeAndReadAll: '0 MB (1 MatrixGeneral, 0 > 1 MB) + 0 MB (9 MatrixSymmetric, 0 > 1 MB) = 0 MB (10 total, 0 > 1 MB)
TISC compute_FDSminusSDF_sparse, F*D mult took      0.00 usr cpu s       0.00 sys cpu s       0.00 wall s
INSC Matrix 'FD before eucl truncation' (normal): n =     73, nnz =         5329 <-> 100.00 %, mem usage  0.0000 G
INSC Matrix 'FD after  eucl truncation' (normal): n =     73, nnz =         5329 <-> 100.00 %, mem usage  0.0000 G
INSC Matrix 'FDS before eucl truncation' (normal): n =     73, nnz =         5329 <-> 100.00 %, mem usage  0.0000 G
INSC Matrix 'FDS after  eucl truncation' (normal): n =     73, nnz =         5329 <-> 100.00 %, mem usage  0.0000 G
INSC compute_FDSminusSDF_sparse ending OK.
TISC compute_FDSminusSDF_sparse took      0.00 usr cpu s       0.01 sys cpu s       0.00 wall s
INSC Matrix 'FDS-SDF' (normal): n =     73, nnz =         5329 <-> 100.00 %, mem usage  0.0000 G
INSC SCF_restricted::get_FDSminusSDF finished.
TISC get_FDSminusSDF took      0.01 usr cpu s       0.01 sys cpu s       0.00 wall s
INSC maxabs FDS-SDF is  0.00619
INSC frob   FDS-SDF is   0.0339
TISC get_error_measure took      0.00 usr cpu s       0.00 sys cpu s       0.00 wall s
INSC entering DIISManagerRestricted::AddIterationToList, IterCount =  1
INSC DIISManagerRestricted::AddIterationToList ending OK.
TISC DIISManagerRestricted::AddIterationToList took      0.00 usr cpu s       0.00 sys cpu s       0.00 wall s
INSC using DIIS to get combined Fock matrix, number of iters used for DIIS:  2
TISC clear_error_matrices took      0.00 usr cpu s       0.00 sys cpu s       0.00 wall s
TISC save_current_fock_as_fprev took      0.00 usr cpu s       0.00 sys cpu s       0.00 wall s
INDE get_dens_from_fock_general, n = 73, use_diagonalization = 0, use_diag_on_error = 1
INDE Before writeAndReadAll(): AllocatorManager statistics:  noOfRealsPerBuffer: 1024 noOfBuffers: 20000 list.size(): 1. Allocated: 0.164 GB, Used: 0.00041 GB, Peak alloc: 0.164 GB.
TIDE FileWritable::writeAndReadAll took      0.00 usr cpu s       0.00 sys cpu s       0.00 wall s
INDE writeAndReadAll sizesStr: '0 MB (1 MatrixGeneral, 0 > 1 MB) + 0 MB (7 MatrixSymmetric, 0 > 1 MB) = 0 MB (8 total, 0 > 1 MB)
INDE After writeAndReadAll(): AllocatorManager statistics:  noOfRealsPerBuffer: 1024 noOfBuffers: 20000 list.size(): 1. Allocated: 0.164 GB, Used: 0.00041 GB, Peak alloc: 0.164 GB.
INDE calling get_dens_from_fock_sparse, n =     73, subspaceErrorLimit = 1e-06
INDE get_dens_from_fock_sparse() start!
INDE After F.readFromFile(): AllocatorManager statistics:  noOfRealsPerBuffer: 1024 noOfBuffers: 20000 list.size(): 1. Allocated: 0.164 GB, Used: 0.00041 GB, Peak alloc: 0.164 GB.
INDE After creating wrapper MatrixType F_w(F): AllocatorManager statistics:  noOfRealsPerBuffer: 1024 noOfBuffers: 20000 list.size(): 1. Allocated: 0.164 GB, Used: 0.000434 GB, Peak alloc: 0.164 GB.
TIDE  F_w to orthogonal basis took      0.00 usr cpu s       0.00 sys cpu s       0.00 wall s
TIDE MatrixType::mixed_diff for maxEigValMovement_mixed took      0.00 usr cpu s       0.01 sys cpu s       0.00 wall s
TIDE symmMatrixWrap::eucl_diff for maxEigValMovement_eucl  took      0.01 usr cpu s       0.08 sys cpu s       0.01 wall s
INDE maxEigValMovement_frob  =          0.07867215007
INDE maxEigValMovement_mixed =          0.05990869629
INDE maxEigValMovement_eucl  =          0.02759686156
INDE lumo before truncation: [ 0.184263788501 , 0.261736792224 ]
INDE homo before truncation: [ -0.346213987762 , -0.245977002394 ]
INDE Truncate matrix F and update intervals for homo and lumo.
INDE Truncating F_ort ( mixed ), selected threshold = 4.30241e-08
INDE Truncated F_ort ( mixed ), selected threshold = 4.30241e-08, returned error =          0, nnz before = 100.0000 %, nnz after = 100.0000 %
TIDE Truncation of F_ort took      0.00 usr cpu s       0.00 sys cpu s       0.00 wall s
INDE Chosen Ergo Wrapper
INDE Creating purification object: N = 73 , nocc = 47 , NNZ = 5329  <-> 100.00000 %
INDE Chosen norm for the truncation: 
INDE mixed
INDE Chosen norm for the stopping criterion: 
INDE mixed
INDE Chosen the NEW stopping criterion.
INDE Allowed error in subspace 7.000000e-07
INDE Chosen SP2 purification method
INDE calling Puri->PurificationStart(), number of threads = 1, trunc norm 'mixed'
TIDE gershgorin took      0.00 usr cpu s       0.00 sys cpu s       0.00 wall s
INDE Gershgorin bounds: [ -24.384325706091 , 5.987927131984 ]
INDE EXPANDED Gershgorin bounds: [ -24.384325720993 , 5.987927146886 ]
INDE Trying to impove bounds using Lanczos algorithm...
TIDE compute_spectrum_bounds took      0.05 usr cpu s       0.14 sys cpu s       0.02 wall s
INDE Spectrum of F: 	 [ -20.323137096752 , 1.133814234574 ]
INDE Transform homo and lumo bounds...
INDE HOMO bounds of X: 	 [ 0.064305092353 , 0.068976631371 ]
INDE LUMO bounds of X: 	 [ 0.040643119746 , 0.044253744691 ]
INDE INIT LUMO: [ 0.040643119746 , 0.044253744691 ]
INDE INIT HOMO: [ 0.931023368629 , 0.935694907647 ]
INDE ESTIMATED NUMBER OF ITERATIONS IS 24
INDE Put eigenvalues of F to the interval [0,1] in reverse order.
TIDE compute_X() took      0.00 usr cpu s       0.00 sys cpu s       0.00 wall s
TIDE prepare_to_purification() took      0.05 usr cpu s       0.14 sys cpu s       0.02 wall s
INDE (EIGV,PARAMS) Requested 0 occipied eigenpair(s).
INDE (EIGV,PARAMS) Requested 0 unoccipied eigenpair(s).
TIDE prepare_to_purification_eigenvectors() took      0.00 usr cpu s       0.00 sys cpu s       0.00 wall s
INDE Starting recursive expansion
INDE     BEFORE ITERATIONS:
TIDE truncate_matrix took      0.00 usr cpu s       0.00 sys cpu s       0.00 wall s
INDE Actual introduced error   0.000000e+00 : nnz before  5329 <-> 100.00 % , nnz after  5329 <-> 100.00 %
TIDE square took      0.00 usr cpu s       0.00 sys cpu s       0.00 wall s
INDE NNZ Xsq = 5329 <-> 100.00 %
TIDE Frobenius norm of X-X^2 took      0.00 usr cpu s       0.00 sys cpu s       0.00 wall s
TIDE Mixed norm of X-X^2 took      0.00 usr cpu s       0.01 sys cpu s       0.00 wall s
TIDE Trace of X-X^2 took      0.00 usr cpu s       0.00 sys cpu s       0.00 wall s
INDE ||X-X^2||_F = 8.726375e-01 , ||X-X^2||_mixed = 6.496868e-01
INDE trace(X-X^2) = 5.358746e+00
INDE trace(X) = 1.252830e+01
TIDE Iteration 0 took      0.00 usr cpu s       0.01 sys cpu s       0.00 wall s
TIDE FileWritable::writeAndReadAll took      0.00 usr cpu s       0.00 sys cpu s       0.00 wall s
INDE writeAndReadAll sizesStr: '0 MB (1 MatrixGeneral, 0 > 1 MB) + 0 MB (13 MatrixSymmetric, 0 > 1 MB) + 0 MB (2 VectorGeneral, 0 > 1 MB) = 0 MB (16 total, 0 > 1 MB)
INDE     ITERATION 1 :
TIDE purify_X took      0.00 usr cpu s       0.00 sys cpu s       0.00 wall s
TIDE truncate_matrix took      0.00 usr cpu s       0.00 sys cpu s       0.00 wall s
INDE Actual introduced error   0.000000e+00 : nnz before  5329 <-> 100.00 % , nnz after  5329 <-> 100.00 %
TIDE square took      0.00 usr cpu s       0.00 sys cpu s       0.00 wall s
INDE NNZ Xsq = 5329 <-> 100.00 %
TIDE Frobenius norm of X-X^2 took      0.00 usr cpu s       0.00 sys cpu s       0.00 wall s
TIDE Mixed norm of X-X^2 took      0.01 usr cpu s       0.00 sys cpu s       0.00 wall s
TIDE Trace of X-X^2 took      0.00 usr cpu s       0.00 sys cpu s       0.00 wall s
INDE ||X-X^2||_F = 9.392116e-01 , ||X-X^2||_mixed = 7.165276e-01
INDE trace(X-X^2) = 6.945823e+00
INDE trace(X) = 1.788705e+01
TIDE Iteration 1 took      0.01 usr cpu s       0.00 sys cpu s       0.00 wall s
INDE     ITERATION 2 :
TIDE purify_X took      0.00 usr cpu s       0.00 sys cpu s       0.00 wall s
TIDE truncate_matrix took      0.00 usr cpu s       0.00 sys cpu s       0.00 wall s
INDE Actual introduced error   0.000000e+00 : nnz before  5329 <-> 100.00 % , nnz after  5329 <-> 100.00 %
TIDE square took      0.00 usr cpu s       0.00 sys cpu s       0.00 wall s
INDE NNZ Xsq = 5329 <-> 100.00 %
TIDE Frobenius norm of X-X^2 took      0.00 usr cpu s       0.00 sys cpu s       0.00 wall s
TIDE Mixed norm of X-X^2 took      0.00 usr cpu s       0.01 sys cpu s       0.00 wall s
TIDE Trace of X-X^2 took      0.00 usr cpu s       0.00 sys cpu s       0.00 wall s
INDE ||X-X^2||_F = 1.278516e+00 , ||X-X^2||_mixed = 9.881259e-01
INDE trace(X-X^2) = 9.178973e+00
INDE trace(X) = 2.483287e+01
INDE Checking stopping criterion...   
INDE Order of convergence cannot be computed
TIDE stopping_criterion took      0.00 usr cpu s       0.00 sys cpu s       0.00 wall s
TIDE Iteration 2 took      0.00 usr cpu s       0.01 sys cpu s       0.00 wall s
INDE     ITERATION 3 :
TIDE purify_X took      0.00 usr cpu s       0.00 sys cpu s       0.00 wall s
TIDE truncate_matrix took      0.00 usr cpu s       0.00 sys cpu s       0.00 wall s
INDE Actual introduced error   0.000000e+00 : nnz before  5329 <-> 100.00 % , nnz after  5329 <-> 100.00 %
TIDE square took      0.00 usr cpu s       0.00 sys cpu s       0.00 wall s
INDE NNZ Xsq = 5329 <-> 100.00 %
TIDE Frobenius norm of X-X^2 took      0.00 usr cpu s       0.00 sys cpu s       0.00 wall s
TIDE Mixed norm of X-X^2 took      0.00 usr cpu s       0.00 sys cpu s       0.00 wall s
TIDE Trace of X-X^2 took      0.00 usr cpu s       0.00 sys cpu s       0.00 wall s
INDE ||X-X^2||_F = 1.590019e+00 , ||X-X^2||_mixed = 1.196289e+00
INDE trace(X-X^2) = 1.156411e+01
INDE trace(X) = 3.401185e+01
INDE Checking stopping criterion...   
INDE Order of convergence cannot be computed
TIDE stopping_criterion took      0.00 usr cpu s       0.00 sys cpu s       0.00 wall s
TIDE Iteration 3 took      0.00 usr cpu s       0.00 sys cpu s       0.00 wall s
INDE     ITERATION 4 :
TIDE purify_X took      0.00 usr cpu s       0.00 sys cpu s       0.00 wall s
TIDE truncate_matrix took      0.00 usr cpu s       0.00 sys cpu s       0.00 wall s
INDE Actual introduced error   0.000000e+00 : nnz before  5329 <-> 100.00 % , nnz after  5329 <-> 100.00 %
TIDE square took      0.00 usr cpu s       0.00 sys cpu s       0.00 wall s
INDE NNZ Xsq = 5329 <-> 100.00 %
TIDE Frobenius norm of X-X^2 took      0.00 usr cpu s       0.00 sys cpu s       0.00 wall s
TIDE Mixed norm of X-X^2 took      0.00 usr cpu s       0.01 sys cpu s       0.00 wall s
TIDE Trace of X-X^2 took      0.00 usr cpu s       0.00 sys cpu s       0.00 wall s
INDE ||X-X^2||_F = 1.469123e+00 , ||X-X^2||_mixed = 1.076656e+00
INDE trace(X-X^2) = 1.099388e+01
INDE trace(X) = 4.557596e+01
INDE Checking stopping criterion...   
INDE Order of convergence cannot be computed
TIDE stopping_criterion took      0.00 usr cpu s       0.00 sys cpu s       0.00 wall s
TIDE Iteration 4 took      0.00 usr cpu s       0.01 sys cpu s       0.00 wall s
INDE     ITERATION 5 :
TIDE purify_X took      0.00 usr cpu s       0.00 sys cpu s       0.00 wall s
TIDE truncate_matrix took      0.00 usr cpu s       0.00 sys cpu s       0.00 wall s
INDE Actual introduced error   0.000000e+00 : nnz before  5329 <-> 100.00 % , nnz after  5329 <-> 100.00 %
TIDE square took      0.00 usr cpu s       0.00 sys cpu s       0.00 wall s
INDE NNZ Xsq = 5329 <-> 100.00 %
TIDE Frobenius norm of X-X^2 took      0.00 usr cpu s       0.00 sys cpu s       0.00 wall s
TIDE Mixed norm of X-X^2 took      0.00 usr cpu s       0.00 sys cpu s       0.00 wall s
TIDE Trace of X-X^2 took      0.00 usr cpu s       0.00 sys cpu s       0.00 wall s
INDE ||X-X^2||_F = 1.474492e+00 , ||X-X^2||_mixed = 1.142749e+00
INDE trace(X-X^2) = 1.012520e+01
INDE trace(X) = 3.458208e+01
INDE Checking stopping criterion...   
INDE Order of convergence cannot be computed
TIDE stopping_criterion took      0.00 usr cpu s       0.00 sys cpu s       0.00 wall s
TIDE Iteration 5 took      0.00 usr cpu s       0.01 sys cpu s       0.00 wall s
INDE     ITERATION 6 :
TIDE purify_X took      0.00 usr cpu s       0.00 sys cpu s       0.00 wall s
TIDE truncate_matrix took      0.00 usr cpu s       0.00 sys cpu s       0.00 wall s
INDE Actual introduced error   0.000000e+00 : nnz before  5329 <-> 100.00 % , nnz after  5329 <-> 100.00 %
TIDE square took      0.00 usr cpu s       0.00 sys cpu s       0.00 wall s
INDE NNZ Xsq = 5329 <-> 100.00 %
TIDE Frobenius norm of X-X^2 took      0.00 usr cpu s       0.00 sys cpu s       0.00 wall s
TIDE Mixed norm of X-X^2 took      0.00 usr cpu s       0.01 sys cpu s       0.00 wall s
TIDE Trace of X-X^2 took      0.00 usr cpu s       0.00 sys cpu s       0.00 wall s
INDE ||X-X^2||_F = 1.189387e+00 , ||X-X^2||_mixed = 9.033212e-01
INDE trace(X-X^2) = 8.457520e+00
INDE trace(X) = 4.470728e+01
INDE Checking stopping criterion...   
INDE Order of convergence cannot be computed
TIDE stopping_criterion took      0.00 usr cpu s       0.00 sys cpu s       0.00 wall s
TIDE Iteration 6 took      0.00 usr cpu s       0.01 sys cpu s       0.00 wall s
INDE     ITERATION 7 :
TIDE purify_X took      0.00 usr cpu s       0.00 sys cpu s       0.00 wall s
TIDE truncate_matrix took      0.00 usr cpu s       0.00 sys cpu s       0.00 wall s
INDE Actual introduced error   0.000000e+00 : nnz before  5329 <-> 100.00 % , nnz after  5329 <-> 100.00 %
TIDE square took      0.00 usr cpu s       0.00 sys cpu s       0.00 wall s
INDE NNZ Xsq = 5329 <-> 100.00 %
TIDE Frobenius norm of X-X^2 took      0.00 usr cpu s       0.00 sys cpu s       0.00 wall s
TIDE Mixed norm of X-X^2 took      0.00 usr cpu s       0.00 sys cpu s       0.00 wall s
TIDE Trace of X-X^2 took      0.00 usr cpu s       0.00 sys cpu s       0.00 wall s
INDE ||X-X^2||_F = 1.310795e+00 , ||X-X^2||_mixed = 1.044043e+00
INDE trace(X-X^2) = 8.296840e+00
INDE trace(X) = 3.624976e+01
INDE Checking stopping criterion...   
INDE Order of convergence cannot be computed
TIDE stopping_criterion took      0.00 usr cpu s       0.00 sys cpu s       0.00 wall s
TIDE Iteration 7 took      0.00 usr cpu s       0.01 sys cpu s       0.00 wall s
INDE     ITERATION 8 :
TIDE purify_X took      0.00 usr cpu s       0.00 sys cpu s       0.00 wall s
TIDE truncate_matrix took      0.00 usr cpu s       0.00 sys cpu s       0.00 wall s
INDE Actual introduced error   0.000000e+00 : nnz before  5329 <-> 100.00 % , nnz after  5329 <-> 100.00 %
TIDE square took      0.00 usr cpu s       0.00 sys cpu s       0.00 wall s
INDE NNZ Xsq = 5329 <-> 100.00 %
TIDE Frobenius norm of X-X^2 took      0.00 usr cpu s       0.00 sys cpu s       0.00 wall s
TIDE Mixed norm of X-X^2 took      0.00 usr cpu s       0.00 sys cpu s       0.00 wall s
TIDE Trace of X-X^2 took      0.00 usr cpu s       0.00 sys cpu s       0.00 wall s
INDE ||X-X^2||_F = 8.786402e-01 , ||X-X^2||_mixed = 7.024998e-01
INDE trace(X-X^2) = 5.523975e+00
INDE trace(X) = 4.454660e+01
INDE Checking stopping criterion...   
INDE e_i =7.024998e-01, C*e_{i-1}^q = 5.619881e+00
INDE Order of convergence = 22.451229, stop = 0
TIDE stopping_criterion took      0.00 usr cpu s       0.00 sys cpu s       0.00 wall s
TIDE Iteration 8 took      0.00 usr cpu s       0.01 sys cpu s       0.00 wall s
INDE     ITERATION 9 :
TIDE purify_X took      0.00 usr cpu s       0.00 sys cpu s       0.00 wall s
TIDE truncate_matrix took      0.00 usr cpu s       0.00 sys cpu s       0.00 wall s
INDE Actual introduced error   0.000000e+00 : nnz before  5329 <-> 100.00 % , nnz after  5329 <-> 100.00 %
TIDE square took      0.00 usr cpu s       0.00 sys cpu s       0.00 wall s
INDE NNZ Xsq = 5329 <-> 100.00 %
TIDE Frobenius norm of X-X^2 took      0.00 usr cpu s       0.00 sys cpu s       0.00 wall s
TIDE Mixed norm of X-X^2 took      0.00 usr cpu s       0.00 sys cpu s       0.00 wall s
TIDE Trace of X-X^2 took      0.00 usr cpu s       0.00 sys cpu s       0.00 wall s
INDE ||X-X^2||_F = 1.082881e+00 , ||X-X^2||_mixed = 8.903087e-01
INDE trace(X-X^2) = 6.174383e+00
INDE trace(X) = 3.902262e+01
INDE Checking stopping criterion...   
INDE Order of convergence cannot be computed
TIDE stopping_criterion took      0.00 usr cpu s       0.00 sys cpu s       0.00 wall s
TIDE Iteration 9 took      0.01 usr cpu s       0.00 sys cpu s       0.00 wall s
INDE     ITERATION 10 :
TIDE purify_X took      0.00 usr cpu s       0.00 sys cpu s       0.00 wall s
TIDE truncate_matrix took      0.00 usr cpu s       0.00 sys cpu s       0.00 wall s
INDE Actual introduced error   0.000000e+00 : nnz before  5329 <-> 100.00 % , nnz after  5329 <-> 100.00 %
TIDE square took      0.00 usr cpu s       0.00 sys cpu s       0.00 wall s
INDE NNZ Xsq = 5329 <-> 100.00 %
TIDE Frobenius norm of X-X^2 took      0.00 usr cpu s       0.00 sys cpu s       0.00 wall s
TIDE Mixed norm of X-X^2 took      0.00 usr cpu s       0.01 sys cpu s       0.00 wall s
TIDE Trace of X-X^2 took      0.00 usr cpu s       0.00 sys cpu s       0.00 wall s
INDE ||X-X^2||_F = 5.872000e-01 , ||X-X^2||_mixed = 4.997674e-01
INDE trace(X-X^2) = 3.057976e+00
INDE trace(X) = 4.519700e+01
INDE Checking stopping criterion...   
INDE e_i =4.997674e-01, C*e_{i-1}^q = 3.398875e+00
INDE Order of convergence = 7.429062, stop = 0
TIDE stopping_criterion took      0.00 usr cpu s       0.00 sys cpu s       0.00 wall s
TIDE Iteration 10 took      0.00 usr cpu s       0.01 sys cpu s       0.00 wall s
INDE     ITERATION 11 :
TIDE purify_X took      0.00 usr cpu s       0.00 sys cpu s       0.00 wall s
TIDE truncate_matrix took      0.00 usr cpu s       0.00 sys cpu s       0.00 wall s
INDE Actual introduced error   0.000000e+00 : nnz before  5329 <-> 100.00 % , nnz after  5329 <-> 100.00 %
TIDE square took      0.00 usr cpu s       0.00 sys cpu s       0.00 wall s
INDE NNZ Xsq = 5329 <-> 100.00 %
TIDE Frobenius norm of X-X^2 took      0.00 usr cpu s       0.00 sys cpu s       0.00 wall s
TIDE Mixed norm of X-X^2 took      0.00 usr cpu s       0.00 sys cpu s       0.00 wall s
TIDE Trace of X-X^2 took      0.00 usr cpu s       0.00 sys cpu s       0.00 wall s
INDE ||X-X^2||_F = 7.922843e-01 , ||X-X^2||_mixed = 6.876122e-01
INDE trace(X-X^2) = 3.925164e+00
INDE trace(X) = 4.213903e+01
INDE Checking stopping criterion...   
INDE e_i =6.876122e-01, C*e_{i-1}^q = 5.459136e+00
INDE Order of convergence = 19.831774, stop = 0
TIDE stopping_criterion took      0.00 usr cpu s       0.00 sys cpu s       0.00 wall s
TIDE Iteration 11 took      0.00 usr cpu s       0.01 sys cpu s       0.00 wall s
INDE     ITERATION 12 :
TIDE purify_X took      0.00 usr cpu s       0.00 sys cpu s       0.00 wall s
TIDE truncate_matrix took      0.00 usr cpu s       0.00 sys cpu s       0.00 wall s
INDE Actual introduced error   0.000000e+00 : nnz before  5329 <-> 100.00 % , nnz after  5329 <-> 100.00 %
TIDE square took      0.00 usr cpu s       0.00 sys cpu s       0.00 wall s
INDE NNZ Xsq = 5329 <-> 100.00 %
TIDE Frobenius norm of X-X^2 took      0.00 usr cpu s       0.00 sys cpu s       0.00 wall s
TIDE Mixed norm of X-X^2 took      0.00 usr cpu s       0.01 sys cpu s       0.00 wall s
TIDE Trace of X-X^2 took      0.00 usr cpu s       0.00 sys cpu s       0.00 wall s
INDE ||X-X^2||_F = 3.253685e-01 , ||X-X^2||_mixed = 2.970428e-01
INDE trace(X-X^2) = 1.356267e+00
INDE trace(X) = 4.606419e+01
INDE Checking stopping criterion...   
INDE e_i =2.970428e-01, C*e_{i-1}^q = 1.720198e+00
INDE Order of convergence = 4.532132, stop = 0
TIDE stopping_criterion took      0.00 usr cpu s       0.00 sys cpu s       0.00 wall s
TIDE Iteration 12 took      0.00 usr cpu s       0.01 sys cpu s       0.00 wall s
INDE     ITERATION 13 :
TIDE purify_X took      0.00 usr cpu s       0.00 sys cpu s       0.00 wall s
TIDE truncate_matrix took      0.00 usr cpu s       0.00 sys cpu s       0.00 wall s
INDE Actual introduced error   0.000000e+00 : nnz before  5329 <-> 100.00 % , nnz after  5329 <-> 100.00 %
TIDE square took      0.00 usr cpu s       0.00 sys cpu s       0.00 wall s
INDE NNZ Xsq = 5329 <-> 100.00 %
TIDE Frobenius norm of X-X^2 took      0.00 usr cpu s       0.00 sys cpu s       0.00 wall s
TIDE Mixed norm of X-X^2 took      0.00 usr cpu s       0.00 sys cpu s       0.00 wall s
TIDE Trace of X-X^2 took      0.00 usr cpu s       0.00 sys cpu s       0.00 wall s
INDE ||X-X^2||_F = 2.387296e-01 , ||X-X^2||_mixed = 2.297927e-01
INDE trace(X-X^2) = 5.640920e-01
INDE trace(X) = 4.742046e+01
INDE Checking stopping criterion...   
INDE Order of convergence cannot be computed
TIDE stopping_criterion took      0.00 usr cpu s       0.00 sys cpu s       0.00 wall s
TIDE Iteration 13 took      0.00 usr cpu s       0.01 sys cpu s       0.00 wall s
INDE     ITERATION 14 :
TIDE purify_X took      0.00 usr cpu s       0.00 sys cpu s       0.00 wall s
TIDE truncate_matrix took      0.00 usr cpu s       0.00 sys cpu s       0.00 wall s
INDE Actual introduced error   0.000000e+00 : nnz before  5329 <-> 100.00 % , nnz after  5329 <-> 100.00 %
TIDE square took      0.00 usr cpu s       0.00 sys cpu s       0.00 wall s
INDE NNZ Xsq = 5329 <-> 100.00 %
TIDE Frobenius norm of X-X^2 took      0.00 usr cpu s       0.00 sys cpu s       0.00 wall s
TIDE Mixed norm of X-X^2 took      0.00 usr cpu s       0.01 sys cpu s       0.00 wall s
TIDE Trace of X-X^2 took      0.00 usr cpu s       0.00 sys cpu s       0.00 wall s
INDE ||X-X^2||_F = 9.567339e-02 , ||X-X^2||_mixed = 9.137480e-02
INDE trace(X-X^2) = 2.954312e-01
INDE trace(X) = 4.685637e+01
INDE Checking stopping criterion...   
INDE e_i =9.137480e-02, C*e_{i-1}^q = 6.076880e-01
INDE Order of convergence = 3.560857, stop = 0
TIDE stopping_criterion took      0.00 usr cpu s       0.00 sys cpu s       0.00 wall s
TIDE Iteration 14 took      0.00 usr cpu s       0.01 sys cpu s       0.00 wall s
INDE     ITERATION 15 :
TIDE purify_X took      0.00 usr cpu s       0.00 sys cpu s       0.00 wall s
TIDE truncate_matrix took      0.00 usr cpu s       0.00 sys cpu s       0.00 wall s
INDE Actual introduced error   0.000000e+00 : nnz before  5329 <-> 100.00 % , nnz after  5329 <-> 100.00 %
TIDE square took      0.00 usr cpu s       0.00 sys cpu s       0.00 wall s
INDE NNZ Xsq = 5329 <-> 100.00 %
TIDE Frobenius norm of X-X^2 took      0.00 usr cpu s       0.00 sys cpu s       0.00 wall s
TIDE Mixed norm of X-X^2 took      0.00 usr cpu s       0.00 sys cpu s       0.00 wall s
TIDE Trace of X-X^2 took      0.00 usr cpu s       0.00 sys cpu s       0.00 wall s
INDE ||X-X^2||_F = 9.348328e-02 , ||X-X^2||_mixed = 9.252272e-02
INDE trace(X-X^2) = 1.561405e-01
INDE trace(X) = 4.715180e+01
INDE Checking stopping criterion...   
INDE e_i =9.252272e-02, C*e_{i-1}^q = 3.636763e-01
INDE Order of convergence = 2.930797, stop = 0
TIDE stopping_criterion took      0.00 usr cpu s       0.00 sys cpu s       0.00 wall s
TIDE Iteration 15 took      0.00 usr cpu s       0.01 sys cpu s       0.00 wall s
INDE     ITERATION 16 :
TIDE purify_X took      0.00 usr cpu s       0.00 sys cpu s       0.00 wall s
TIDE truncate_matrix took      0.00 usr cpu s       0.00 sys cpu s       0.00 wall s
INDE Actual introduced error   0.000000e+00 : nnz before  5329 <-> 100.00 % , nnz after  5329 <-> 100.00 %
TIDE square took      0.00 usr cpu s       0.00 sys cpu s       0.00 wall s
INDE NNZ Xsq = 5329 <-> 100.00 %
TIDE Frobenius norm of X-X^2 took      0.00 usr cpu s       0.00 sys cpu s       0.00 wall s
TIDE Mixed norm of X-X^2 took      0.00 usr cpu s       0.01 sys cpu s       0.00 wall s
TIDE Trace of X-X^2 took      0.00 usr cpu s       0.00 sys cpu s       0.00 wall s
INDE ||X-X^2||_F = 1.099543e-02 , ||X-X^2||_mixed = 1.071233e-02
INDE trace(X-X^2) = 2.469159e-02
INDE trace(X) = 4.699566e+01
INDE Checking stopping criterion...   
INDE e_i =1.071233e-02, C*e_{i-1}^q = 5.750367e-02
INDE Order of convergence = 2.702300, stop = 0
TIDE stopping_criterion took      0.00 usr cpu s       0.00 sys cpu s       0.00 wall s
TIDE Iteration 16 took      0.00 usr cpu s       0.01 sys cpu s       0.00 wall s
INDE     ITERATION 17 :
TIDE purify_X took      0.00 usr cpu s       0.00 sys cpu s       0.00 wall s
TIDE truncate_matrix took      0.00 usr cpu s       0.00 sys cpu s       0.00 wall s
INDE Actual introduced error   0.000000e+00 : nnz before  5329 <-> 100.00 % , nnz after  5329 <-> 100.00 %
TIDE square took      0.00 usr cpu s       0.00 sys cpu s       0.00 wall s
INDE NNZ Xsq = 5329 <-> 100.00 %
TIDE Frobenius norm of X-X^2 took      0.00 usr cpu s       0.00 sys cpu s       0.00 wall s
TIDE Mixed norm of X-X^2 took      0.00 usr cpu s       0.00 sys cpu s       0.00 wall s
TIDE Trace of X-X^2 took      0.00 usr cpu s       0.00 sys cpu s       0.00 wall s
INDE ||X-X^2||_F = 1.493550e-02 , ||X-X^2||_mixed = 1.488942e-02
INDE trace(X-X^2) = 2.893658e-02
INDE trace(X) = 4.697097e+01
INDE Checking stopping criterion...   
INDE Order of convergence cannot be computed
TIDE stopping_criterion took      0.00 usr cpu s       0.00 sys cpu s       0.00 wall s
TIDE Iteration 17 took      0.00 usr cpu s       0.01 sys cpu s       0.00 wall s
INDE     ITERATION 18 :
TIDE purify_X took      0.00 usr cpu s       0.00 sys cpu s       0.00 wall s
TIDE truncate_matrix took      0.00 usr cpu s       0.00 sys cpu s       0.00 wall s
INDE Actual introduced error   0.000000e+00 : nnz before  5329 <-> 100.00 % , nnz after  5329 <-> 100.00 %
TIDE square took      0.00 usr cpu s       0.00 sys cpu s       0.00 wall s
INDE NNZ Xsq = 5329 <-> 100.00 %
TIDE Frobenius norm of X-X^2 took      0.00 usr cpu s       0.00 sys cpu s       0.00 wall s
TIDE Mixed norm of X-X^2 took      0.00 usr cpu s       0.01 sys cpu s       0.00 wall s
TIDE Trace of X-X^2 took      0.00 usr cpu s       0.00 sys cpu s       0.00 wall s
INDE ||X-X^2||_F = 1.973203e-04 , ||X-X^2||_mixed = 1.934743e-04
INDE trace(X-X^2) = 3.580316e-04
INDE trace(X) = 4.699990e+01
INDE Checking stopping criterion...   
INDE e_i =1.934743e-04, C*e_{i-1}^q = 7.903334e-04
INDE Order of convergence = 2.310229, stop = 0
TIDE stopping_criterion took      0.00 usr cpu s       0.00 sys cpu s       0.00 wall s
TIDE Iteration 18 took      0.00 usr cpu s       0.01 sys cpu s       0.00 wall s
INDE     ITERATION 19 :
TIDE purify_X took      0.00 usr cpu s       0.00 sys cpu s       0.00 wall s
TIDE truncate_matrix took      0.00 usr cpu s       0.00 sys cpu s       0.00 wall s
INDE Actual introduced error   0.000000e+00 : nnz before  5329 <-> 100.00 % , nnz after  5329 <-> 100.00 %
TIDE square took      0.00 usr cpu s       0.00 sys cpu s       0.00 wall s
INDE NNZ Xsq = 5329 <-> 100.00 %
TIDE Frobenius norm of X-X^2 took      0.00 usr cpu s       0.00 sys cpu s       0.00 wall s
TIDE Mixed norm of X-X^2 took      0.00 usr cpu s       0.00 sys cpu s       0.00 wall s
TIDE Trace of X-X^2 took      0.00 usr cpu s       0.00 sys cpu s       0.00 wall s
INDE ||X-X^2||_F = 2.450074e-04 , ||X-X^2||_mixed = 2.449967e-04
INDE trace(X-X^2) = 2.609974e-04
INDE trace(X) = 4.700026e+01
INDE Checking stopping criterion...   
INDE Order of convergence cannot be computed
TIDE stopping_criterion took      0.00 usr cpu s       0.00 sys cpu s       0.00 wall s
TIDE Iteration 19 took      0.00 usr cpu s       0.01 sys cpu s       0.00 wall s
INDE     ITERATION 20 :
TIDE purify_X took      0.00 usr cpu s       0.00 sys cpu s       0.00 wall s
TIDE truncate_matrix took      0.00 usr cpu s       0.00 sys cpu s       0.00 wall s
INDE Actual introduced error   0.000000e+00 : nnz before  5329 <-> 100.00 % , nnz after  5329 <-> 100.00 %
TIDE square took      0.00 usr cpu s       0.00 sys cpu s       0.00 wall s
INDE NNZ Xsq = 5329 <-> 100.00 %
TIDE Frobenius norm of X-X^2 took      0.00 usr cpu s       0.00 sys cpu s       0.00 wall s
TIDE Mixed norm of X-X^2 took      0.00 usr cpu s       0.00 sys cpu s       0.00 wall s
TIDE Trace of X-X^2 took      0.00 usr cpu s       0.00 sys cpu s       0.00 wall s
INDE ||X-X^2||_F = 7.117024e-08 , ||X-X^2||_mixed = 7.005332e-08
INDE trace(X-X^2) = 1.079148e-07
INDE trace(X) = 4.700000e+01
INDE Checking stopping criterion...   
INDE e_i =7.005332e-08, C*e_{i-1}^q = 2.578037e-07
INDE Order of convergence = 2.152384, stop = 0
TIDE stopping_criterion took      0.00 usr cpu s       0.00 sys cpu s       0.00 wall s
TIDE Iteration 20 took      0.00 usr cpu s       0.01 sys cpu s       0.00 wall s
INDE     ITERATION 21 :
TIDE purify_X took      0.00 usr cpu s       0.00 sys cpu s       0.00 wall s
TIDE truncate_matrix took      0.00 usr cpu s       0.00 sys cpu s       0.00 wall s
INDE Actual introduced error   0.000000e+00 : nnz before  5329 <-> 100.00 % , nnz after  5329 <-> 100.00 %
TIDE square took      0.00 usr cpu s       0.00 sys cpu s       0.00 wall s
INDE NNZ Xsq = 5329 <-> 100.00 %
TIDE Frobenius norm of X-X^2 took      0.00 usr cpu s       0.00 sys cpu s       0.00 wall s
TIDE Mixed norm of X-X^2 took      0.00 usr cpu s       0.01 sys cpu s       0.00 wall s
TIDE Trace of X-X^2 took      0.00 usr cpu s       0.00 sys cpu s       0.00 wall s
INDE ||X-X^2||_F = 7.716145e-08 , ||X-X^2||_mixed = 7.715304e-08
INDE trace(X-X^2) = 9.571389e-08
INDE trace(X) = 4.700000e+01
INDE Checking stopping criterion...   
INDE Order of convergence cannot be computed
TIDE stopping_criterion took      0.00 usr cpu s       0.00 sys cpu s       0.00 wall s
TIDE Iteration 21 took      0.00 usr cpu s       0.01 sys cpu s       0.00 wall s
INDE     ITERATION 22 :
TIDE purify_X took      0.00 usr cpu s       0.00 sys cpu s       0.00 wall s
TIDE truncate_matrix took      0.00 usr cpu s       0.00 sys cpu s       0.00 wall s
INDE Actual introduced error   0.000000e+00 : nnz before  5329 <-> 100.00 % , nnz after  5329 <-> 100.00 %
TIDE square took      0.00 usr cpu s       0.00 sys cpu s       0.00 wall s
INDE NNZ Xsq = 5329 <-> 100.00 %
TIDE Frobenius norm of X-X^2 took      0.00 usr cpu s       0.00 sys cpu s       0.00 wall s
TIDE Mixed norm of X-X^2 took      0.00 usr cpu s       0.00 sys cpu s       0.00 wall s
TIDE Trace of X-X^2 took      0.00 usr cpu s       0.00 sys cpu s       0.00 wall s
INDE ||X-X^2||_F = 9.218172e-15 , ||X-X^2||_mixed = 0.000000e+00
INDE trace(X-X^2) = 1.421085e-14
INDE trace(X) = 4.700000e+01
INDE Checking stopping criterion...   
INDE ************************************************************************************************************
INDE The norm value went much below machine precision, therefore we stop here since n_max can be underestimated.
INDE ************************************************************************************************************
INDE e_i =0.000000e+00, C*e_{i-1}^q = 3.379871e-14
INDE Order of convergence = inf, stop = 1
TIDE stopping_criterion took      0.00 usr cpu s       0.00 sys cpu s       0.00 wall s
INDE PURIFICATION CONVERGED after 22 iterations
TIDE Iteration 22 took      0.00 usr cpu s       0.00 sys cpu s       0.00 wall s
INDE Number of non-zeros in D is  5329 <-> 100.00 %
TIDE FileWritable::writeAndReadAll took      0.00 usr cpu s       0.00 sys cpu s       0.00 wall s
INDE writeAndReadAll sizesStr: '0 MB (1 MatrixGeneral, 0 > 1 MB) + 0 MB (13 MatrixSymmetric, 0 > 1 MB) + 0 MB (2 VectorGeneral, 0 > 1 MB) = 0 MB (16 total, 0 > 1 MB)
INDE TOTAL accumulated subspace error is 0.000000e+00
INDE TOTAL X square time: 0.005943 wall s
INDE TOTAL X trunction time: 0.001171 wall s
INDE TOTAL X purify (exl. X^2 computation) time: 0.000864 wall s
INDE TOTAL time to get number of non-zero elements: 0.000835 wall s
INDE TOTAL time to get mixed norm: 0.015432 wall s
INDE TOTAL time to get Frobenius norm: 0.000911 wall s
INDE TOTAL time for stopping criterion: 0.001082 wall s
INDE TOTAL time to get matrix trace: 0.000456 wall s
INDE Estimated bounds for the eigenvalues for the Fock matrix:
INDE LUMO: [ 0.208829423726 , 0.233545566894 ]
INDE HOMO: [ -0.321871541297 , -0.279090063157 ]
TIDE eigenvalue_bounds_estimation() took      0.00 usr cpu s       0.00 sys cpu s       0.00 wall s
TIDE Recursive expansion took      0.12 usr cpu s       0.31 sys cpu s       0.05 wall s
TIDE Puri->PurificationStart() took      0.12 usr cpu s       0.31 sys cpu s       0.05 wall s
TIDE Accumulated wall times for writeToFile in PurificationStart()          : 0 s (MatrixGeneral) + 6e-06 s (MatrixSymmetric) + 4e-05 s (VectorGeneral) = 4.6e-05 s
TIDE Accumulated wall times for readFromFile in PurificationStart()         : 0 s (MatrixGeneral) + 1.9e-06 s (MatrixSymmetric) + 7.6e-06 s (VectorGeneral) = 9.5e-06 s
TIDE Accumulated wall times for copy and assign in PurificationStart()      : 2.1e-06 s (MatrixSymmetric) + 3.2e-05 s (VectorGeneral) = 3.4e-05 s
INDE Number of calls to writeToFile in PurificationStart()                  : 2 (MatrixGeneral) + 27 (MatrixSymmetric) + 309 (VectorGeneral) = 338 
INDE Number of calls to readFromFile in PurificationStart()                 : 2 (MatrixGeneral) + 26 (MatrixSymmetric) + 115 (VectorGeneral) = 143 
INDE Number of calls to FileWritable copy and assign in PurificationStart() : 2 (MatrixSymmetric) + 24 (VectorGeneral) = 26 
TIDE mat::Gblas::time after purification :     0.184541
INDE Created .m files with results of the purification
INDE Purification converged OK, subspaceError <=          0.00000000000
INDE E(LUMO) - E(HOMO) >=          0.48791948688 =         13.27696567799 eV
INDE E(LUMO) - E(HOMO) <=          0.55541710819 =         15.11366953085 eV
INDE HOMO interval : [   -0.321871541297   -0.279090063157 ]
INDE LUMO interval : [    0.208829423726    0.233545566894 ]
INDE Trace of resulting density matrix is         47.00000000000, error is   0.00000000000000.
INDE Truncated D_ort ( mixed ), selected threshold = 9.99999e-08, returned error =          0, nnz before = 5329 <-> 100.0000 %, nnz after = 5329 <-> 100.0000 %
TIDE FileWritable::writeAndReadAll took      0.00 usr cpu s       0.00 sys cpu s       0.00 wall s
INDE writeAndReadAll sizesStr: '0 MB (1 MatrixGeneral, 0 > 1 MB) + 0 MB (12 MatrixSymmetric, 0 > 1 MB) + 0 MB (1 MatrixTriangular, 0 > 1 MB) = 0 MB (14 total, 0 > 1 MB)
TIDE D_w to non-orthogonal basis took      0.00 usr cpu s       0.00 sys cpu s       0.00 wall s
INDE Truncated D_S (eucl with Z), selected threshold = 9.99999e-08, returned error =          0, nnz before = 100.0000 %, nnz after = 100.0000 %
INDE get_dens_from_fock_sparse ending OK
TIDE get_dens_from_fock_sparse took      0.14 usr cpu s       0.41 sys cpu s       0.07 wall s
ERDE get_dens_from_fock  (GetDensFromFock class) : purification finished OK.
TIDE get_dens_from_fock took      0.14 usr cpu s       0.41 sys cpu s       0.07 wall s
INSC Matrix 'new density matrix' ( symm ): n =     73, nnz =         5329 <-> 100.00 %, mem usage  0.0000 G
INSC Tr( D * S ) =         94.00000000000
TISC get_new_density_matrix took      0.14 usr cpu s       0.41 sys cpu s       0.07 wall s
INSC SCF_restricted::report_density_difference, diff_eucl =          0.02792820264
TISC SCF_restricted::report_density_difference took      0.01 usr cpu s       0.04 sys cpu s       0.01 wall s
INMA ddf_writeShellListAndDensityMatricesToFile_sparse, n =     73, densityMatrixList[0].nvalues =        2701
INMA opened temporary file 'density.bin.z1m2df' for writing
INMA Choosing matrixStorageType = MATRIX_STORAGE_TYPE_TRIANGLE.
INMA fileSize =           46848 bytes =      0.047 MegaBytes
INMA renamed file 'density.bin.z1m2df' to 'density.bin'
INMA ddf_writeShellListAndDensityMatricesToFile_sparse freeing buffer.
INMA ddf_writeShellListAndDensityMatricesToFile_sparse returning OK.
TISC write_density_to_file took      0.01 usr cpu s       0.01 sys cpu s       0.00 wall s
INSC SCF cycle   9 finished.
TISC SCF cycle   9 took      7.84 usr cpu s       0.97 sys cpu s       2.31 wall s
INSC Beginning of SCF cycle 10:  Thu Mar 26 20:00:18 2026
INDE compute_J_by_boxes_sparse() start.
TIDE FileWritable::writeAndReadAll took      0.00 usr cpu s       0.00 sys cpu s       0.00 wall s
INDE writeAndReadAll: '0 MB (1 MatrixGeneral, 0 > 1 MB) + 0 MB (11 MatrixSymmetric, 0 > 1 MB) = 0 MB (12 total, 0 > 1 MB)
IN   compute_J_by_boxes_sparse, maxDensityMatrixElement =          2.11091812365
ININ get_basis_func_pair_list, n =     73
ININ create_box_system end OK, toplevelBoxSize:   7.0, #levels:  3, #boxes at top level:      6
TIIN get_basis_func_pair_list_2el took      0.06 usr cpu s       0.17 sys cpu s       0.03 wall s
IN   compute_J_by_boxes_sparse: noOfBasisFuncIndexPairs = 2598 ==> storing  48.75 % of a full matrix
ININ entering compute_J_by_boxes_linear, no of basis funcs =    73, threshold_J =   1e-12
ININ use_fmm = 1, fmm_box_size =   5.00
TIIN Compute extent for all distrs took      0.06 usr cpu s       0.03 sys cpu s       0.05 wall s
ININ extent_min =    0.000, extent_max =    8.395
ININ Creating list of distributions etc done, distrCount =     36059
TIIN Creating list of distributions etc took      0.15 usr cpu s       0.31 sys cpu s       0.10 wall s
ININ create_box_system end OK, toplevelBoxSize:   5.0, #levels:  3, #boxes at top level:     10
TIIN Creating boxes took      0.00 usr cpu s       0.00 sys cpu s       0.00 wall s
ININ noOfBranches = 4, splitters:   5.00  2.50  0.00
ININ J org done, groupCount =     3008
TIIN J org took      0.14 usr cpu s       0.00 sys cpu s       0.14 wall s
TIIN Generate group multipoles took      0.08 usr cpu s       0.00 sys cpu s       0.08 wall s
ININ totChargeWholeSystem =          0.00000000000
ININ Generating multipole for each branch at top level, MAX_MULTIPOLE_DEGREE = 15
TIIN Translate multipoles (step 1) took      0.08 usr cpu s       0.00 sys cpu s       0.08 wall s
TIIN Translate multipoles (step 2) took      0.08 usr cpu s       0.00 sys cpu s       0.08 wall s
ININ job lists for J created OK, noOfJobs_J_standard =      759, noOfJobs_J_multipole =      122
TIIN Creating job lists for J took      0.00 usr cpu s       0.00 sys cpu s       0.00 wall s
ININ execute_joblist_J_std_threaded, noOfThreads =  8
ININ 8 threads started OK.
ININ all 8 threads have finished.
TIIN execute_joblist_J_std_threaded took      3.56 usr cpu s       0.00 sys cpu s       0.59 wall s
TIIN sort_list_of_multipole_jobs init part took      0.00 usr cpu s       0.00 sys cpu s       0.00 wall s
TIIN sort_list_of_multipole_jobs complete took      0.00 usr cpu s       0.00 sys cpu s       0.00 wall s
TIIN sort_list_of_multipole_jobs took      0.00 usr cpu s       0.00 sys cpu s       0.00 wall s
ININ execute_joblist_J_fmm_shared: Allocating multipoleList_4, maxnoOfMinimalDistrsPerBoxBranch =      7533
ININ execute_joblist_J_fmm_shared: jobIndexLo =            0, jobIndexHi =           15
ININ execute_joblist_J_fmm_shared: Allocating multipoleList_4, maxnoOfMinimalDistrsPerBoxBranch =      7533
ININ execute_joblist_J_fmm_shared: jobIndexLo =           15, jobIndexHi =           30
ININ execute_joblist_J_fmm_shared: Allocating multipoleList_4, maxnoOfMinimalDistrsPerBoxBranch =      7533
ININ execute_joblist_J_fmm_shared: Allocating multipoleList_4, maxnoOfMinimalDistrsPerBoxBranch =      7533
ININ execute_joblist_J_fmm_shared: jobIndexLo =           45, jobIndexHi =           61
ININ execute_joblist_J_fmm_shared: jobIndexLo =           30, jobIndexHi =           45
ININ execute_joblist_J_fmm_shared: Allocating multipoleList_4, maxnoOfMinimalDistrsPerBoxBranch =      7533
ININ execute_joblist_J_fmm_shared: jobIndexLo =           61, jobIndexHi =           76
ININ execute_joblist_J_fmm_shared: Allocating multipoleList_4, maxnoOfMinimalDistrsPerBoxBranch =      7533
ININ execute_joblist_J_fmm_shared: jobIndexLo =           76, jobIndexHi =           91
ININ execute_joblist_J_fmm_shared: Allocating multipoleList_4, maxnoOfMinimalDistrsPerBoxBranch =      7533
ININ execute_joblist_J_fmm_shared: jobIndexLo =           91, jobIndexHi =          106
ININ execute_joblist_J_fmm_shared: Allocating multipoleList_4, maxnoOfMinimalDistrsPerBoxBranch =      7533
ININ execute_joblist_J_fmm_shared: jobIndexLo =          106, jobIndexHi =          122
ININ execute_joblist_J_fmm_shared: done!
ININ execute_joblist_J_fmm_shared: done!
ININ execute_joblist_J_fmm_shared: done!
ININ execute_joblist_J_fmm_shared: done!
ININ execute_joblist_J_fmm_shared: done!
ININ execute_joblist_J_fmm_shared: done!
ININ execute_joblist_J_fmm_shared: done!
ININ execute_joblist_J_fmm_shared: done!
ININ multipole job list for J executed, largest L used: 13
TIIN Executing multipole job list for J took      0.05 usr cpu s       0.00 sys cpu s       0.03 wall s
ININ compute_J_by_boxes_linear ending OK.
TIIN compute_J_by_boxes_linear took      4.14 usr cpu s       0.32 sys cpu s       1.10 wall s
TI   compute_J_by_boxes_sparse total took      4.20 usr cpu s       0.49 sys cpu s       1.13 wall s
ININ entering create_CSR_for_K, no of basis funcs =    73, threshold_K =   1e-12
ININ create_box_system end OK, toplevelBoxSize:   7.0, #levels:  3, #boxes at top level:      6
ININ create_box_system end OK, toplevelBoxSize:   7.0, #levels:  3, #boxes at top level:      6
ININ create_box_system end OK, toplevelBoxSize:   7.0, #levels:  3, #boxes at top level:      6
TIIN create_CSR_for_K getting list of distrs took      0.05 usr cpu s       0.00 sys cpu s       0.05 wall s
ININ list of neighbors complete.
TIIN create_CSR_for_K getting list of neighbors took      0.00 usr cpu s       0.00 sys cpu s       0.00 wall s
TIIN create_CSR_for_K sort each list of neighbors took      0.00 usr cpu s       0.00 sys cpu s       0.00 wall s
ININ 8 threads started OK.
TIIN identify_needed_elements() took      0.75 usr cpu s       0.00 sys cpu s       0.11 wall s
ININ computing nnz..
ININ create_CSR_for_K: predicted nnz =         2701, <->  50.68% of a full matrix
TIIN create_CSR_for_K last part took      0.00 usr cpu s       0.00 sys cpu s       0.00 wall s
TIIN create_CSR_for_K total took      0.80 usr cpu s       0.00 sys cpu s       0.16 wall s
ININ entering compute_K_by_boxes, no of basis funcs =    73, threshold_K =   1e-12, exchange_box_size =   5.00
ININ create_box_system end OK, toplevelBoxSize:   7.0, #levels:  3, #boxes at top level:      6
ININ create_box_system end OK, toplevelBoxSize:   7.0, #levels:  3, #boxes at top level:      6
ININ create_box_system end OK, toplevelBoxSize:   7.0, #levels:  3, #boxes at top level:      6
TIIN Compute extent for all distrs took      0.05 usr cpu s       0.00 sys cpu s       0.05 wall s
ININ Creating list of distributions done, distrCountTot =     36059
TIIN Creating list of distributions took      0.09 usr cpu s       0.00 sys cpu s       0.09 wall s
ININ create_box_system end OK, toplevelBoxSize:   5.0, #levels:  3, #boxes at top level:     10
ININ create_box_system end OK, toplevelBoxSize:   2.5, #levels:  4, #boxes at top level:     16
ININ noOfLevelsBasisFuncs = 4, noOfLevelsDiff = 1
TIIN Creating boxes etc took      0.00 usr cpu s       0.00 sys cpu s       0.00 wall s
TIIN getting multipoleNormVectorList took      0.09 usr cpu s       0.00 sys cpu s       0.09 wall s
TIIN K organize_distributions for all boxes took      0.15 usr cpu s       0.00 sys cpu s       0.15 wall s
ININ starting loop to setup basisFuncGroupInfoList, with added index checks.
TIIN GetLimitsAllLevels took      0.03 usr cpu s       0.00 sys cpu s       0.03 wall s
ININ getDmatLimitMatrixCSRList start.
TIIN getting densityMatrixLimitMatrixList took      0.00 usr cpu s       0.00 sys cpu s       0.00 wall s
ININ job list for K created,       55 jobs
TIIN creating job list for K took      0.00 usr cpu s       0.00 sys cpu s       0.00 wall s
ININ execute_joblist_K_threaded, noOfThreads =  8, basisFuncListCount_max =    67
ININ 8 threads started OK.
ININ all 8 threads have finished, took        1 wall s.
TIIN Executing job list for K took      2.60 usr cpu s       0.01 sys cpu s       0.58 wall s
TIIN compute_K_by_boxes took      2.96 usr cpu s       0.01 sys cpu s       0.93 wall s
TI   compute_K_by_boxes_sparse total took      3.76 usr cpu s       0.01 sys cpu s       1.10 wall s
INSC About to truncate FockMatrix, gap of Fprev >=          0.48791948688
TISC symmMatrix::mixed_diff for F vs Fprev maxEigValMovement_mixed took      0.00 usr cpu s       0.00 sys cpu s       0.00 wall s
TISC symmMatrix::eucl_diff for maxEigValMovement_eucl  took      0.01 usr cpu s       0.03 sys cpu s       0.01 wall s
INSC maxEigValMovement_frob  =          0.01695739201
INSC maxEigValMovement_mixed =          0.01412404006
INSC maxEigValMovement_eucl  =          0.00736189549
TISC FockMatrix.eucl_thresh() (with Z) took      0.00 usr cpu s       0.01 sys cpu s       0.00 wall s
INSC Truncated FockMatrix (eucl with Z), selected threshold = 4.73196e-08, returned error =          0, nnz before = 100.0000 %, nnz after = 100.0000 %
INSC Matrix 'S' ( symm ): n =     73, nnz =         5329 <-> 100.00 %, mem usage  0.0000 G
INSC Matrix 'F' ( symm ): n =     73, nnz =         5329 <-> 100.00 %, mem usage  0.0000 G
INSC Matrix 'D' ( symm ): n =     73, nnz =         5329 <-> 100.00 %, mem usage  0.0000 G
INSC nuclearEnergy, energy_2el, energy = 782.160484, 1010.871278, -636.641883
INSC Energy  10 =       -636.64188290974  ( diff     -0.000869769123483 )
INSC calling compute_FDSminusSDF_sparse, n = 73
INDE compute_FDSminusSDF_sparse() start.
TIDE FileWritable::writeAndReadAll took      0.00 usr cpu s       0.00 sys cpu s       0.00 wall s
INDE writeAndReadAll: '0 MB (1 MatrixGeneral, 0 > 1 MB) + 0 MB (9 MatrixSymmetric, 0 > 1 MB) = 0 MB (10 total, 0 > 1 MB)
TISC compute_FDSminusSDF_sparse, F*D mult took      0.00 usr cpu s       0.00 sys cpu s       0.00 wall s
INSC Matrix 'FD before eucl truncation' (normal): n =     73, nnz =         5329 <-> 100.00 %, mem usage  0.0000 G
INSC Matrix 'FD after  eucl truncation' (normal): n =     73, nnz =         5329 <-> 100.00 %, mem usage  0.0000 G
INSC Matrix 'FDS before eucl truncation' (normal): n =     73, nnz =         5329 <-> 100.00 %, mem usage  0.0000 G
INSC Matrix 'FDS after  eucl truncation' (normal): n =     73, nnz =         5329 <-> 100.00 %, mem usage  0.0000 G
INSC compute_FDSminusSDF_sparse ending OK.
TISC compute_FDSminusSDF_sparse took      0.00 usr cpu s       0.01 sys cpu s       0.00 wall s
INSC Matrix 'FDS-SDF' (normal): n =     73, nnz =         5329 <-> 100.00 %, mem usage  0.0000 G
INSC SCF_restricted::get_FDSminusSDF finished.
TISC get_FDSminusSDF took      0.00 usr cpu s       0.01 sys cpu s       0.00 wall s
INSC maxabs FDS-SDF is  0.00334
INSC frob   FDS-SDF is   0.0129
TISC get_error_measure took      0.00 usr cpu s       0.00 sys cpu s       0.00 wall s
INSC entering DIISManagerRestricted::AddIterationToList, IterCount =  2
INSC DIISManagerRestricted::AddIterationToList ending OK.
TISC DIISManagerRestricted::AddIterationToList took      0.00 usr cpu s       0.00 sys cpu s       0.00 wall s
INSC using DIIS to get combined Fock matrix, number of iters used for DIIS:  3
TISC clear_error_matrices took      0.00 usr cpu s       0.00 sys cpu s       0.00 wall s
TISC save_current_fock_as_fprev took      0.00 usr cpu s       0.00 sys cpu s       0.00 wall s
INDE get_dens_from_fock_general, n = 73, use_diagonalization = 0, use_diag_on_error = 1
INDE Before writeAndReadAll(): AllocatorManager statistics:  noOfRealsPerBuffer: 1024 noOfBuffers: 20000 list.size(): 1. Allocated: 0.164 GB, Used: 0.000467 GB, Peak alloc: 0.164 GB.
TIDE FileWritable::writeAndReadAll took      0.00 usr cpu s       0.00 sys cpu s       0.00 wall s
INDE writeAndReadAll sizesStr: '0 MB (1 MatrixGeneral, 0 > 1 MB) + 0 MB (7 MatrixSymmetric, 0 > 1 MB) = 0 MB (8 total, 0 > 1 MB)
INDE After writeAndReadAll(): AllocatorManager statistics:  noOfRealsPerBuffer: 1024 noOfBuffers: 20000 list.size(): 1. Allocated: 0.164 GB, Used: 0.000467 GB, Peak alloc: 0.164 GB.
INDE calling get_dens_from_fock_sparse, n =     73, subspaceErrorLimit = 1e-06
INDE get_dens_from_fock_sparse() start!
INDE After F.readFromFile(): AllocatorManager statistics:  noOfRealsPerBuffer: 1024 noOfBuffers: 20000 list.size(): 1. Allocated: 0.164 GB, Used: 0.000467 GB, Peak alloc: 0.164 GB.
INDE After creating wrapper MatrixType F_w(F): AllocatorManager statistics:  noOfRealsPerBuffer: 1024 noOfBuffers: 20000 list.size(): 1. Allocated: 0.164 GB, Used: 0.000492 GB, Peak alloc: 0.164 GB.
TIDE  F_w to orthogonal basis took      0.00 usr cpu s       0.00 sys cpu s       0.00 wall s
TIDE MatrixType::mixed_diff for maxEigValMovement_mixed took      0.00 usr cpu s       0.01 sys cpu s       0.00 wall s
TIDE symmMatrixWrap::eucl_diff for maxEigValMovement_eucl  took      0.01 usr cpu s       0.07 sys cpu s       0.01 wall s
INDE maxEigValMovement_frob  =          0.01948855102
INDE maxEigValMovement_mixed =          0.01622332034
INDE maxEigValMovement_eucl  =          0.00679066153
INDE lumo before truncation: [ 0.202038762197 , 0.240336228422 ]
INDE homo before truncation: [ -0.328662202826 , -0.272299401629 ]
INDE Truncate matrix F and update intervals for homo and lumo.
INDE Truncating F_ort ( mixed ), selected threshold = 4.74338e-08
INDE Truncated F_ort ( mixed ), selected threshold = 4.74338e-08, returned error =          0, nnz before = 100.0000 %, nnz after = 100.0000 %
TIDE Truncation of F_ort took      0.00 usr cpu s       0.00 sys cpu s       0.00 wall s
INDE Chosen Ergo Wrapper
INDE Creating purification object: N = 73 , nocc = 47 , NNZ = 5329  <-> 100.00000 %
INDE Chosen norm for the truncation: 
INDE mixed
INDE Chosen norm for the stopping criterion: 
INDE mixed
INDE Chosen the NEW stopping criterion.
INDE Allowed error in subspace 7.000000e-07
INDE Chosen SP2 purification method
INDE calling Puri->PurificationStart(), number of threads = 1, trunc norm 'mixed'
TIDE gershgorin took      0.00 usr cpu s       0.00 sys cpu s       0.00 wall s
INDE Gershgorin bounds: [ -24.387679982979 , 5.987576307852 ]
INDE EXPANDED Gershgorin bounds: [ -24.387679997880 , 5.987576322753 ]
INDE Trying to impove bounds using Lanczos algorithm...
TIDE compute_spectrum_bounds took      0.05 usr cpu s       0.20 sys cpu s       0.03 wall s
INDE Spectrum of F: 	 [ -20.320086220555 , 1.134120954813 ]
INDE Transform homo and lumo bounds...
INDE HOMO bounds of X: 	 [ 0.065554524805 , 0.068181645944 ]
INDE LUMO bounds of X: 	 [ 0.041660114451 , 0.043445193989 ]
INDE INIT LUMO: [ 0.041660114451 , 0.043445193989 ]
INDE INIT HOMO: [ 0.931818354056 , 0.934445475195 ]
INDE ESTIMATED NUMBER OF ITERATIONS IS 24
INDE Put eigenvalues of F to the interval [0,1] in reverse order.
TIDE compute_X() took      0.00 usr cpu s       0.00 sys cpu s       0.00 wall s
TIDE prepare_to_purification() took      0.05 usr cpu s       0.21 sys cpu s       0.04 wall s
INDE (EIGV,PARAMS) Requested 0 occipied eigenpair(s).
INDE (EIGV,PARAMS) Requested 0 unoccipied eigenpair(s).
TIDE prepare_to_purification_eigenvectors() took      0.00 usr cpu s       0.00 sys cpu s       0.00 wall s
INDE Starting recursive expansion
INDE     BEFORE ITERATIONS:
TIDE truncate_matrix took      0.00 usr cpu s       0.00 sys cpu s       0.00 wall s
INDE Actual introduced error   0.000000e+00 : nnz before  5329 <-> 100.00 % , nnz after  5329 <-> 100.00 %
TIDE square took      0.00 usr cpu s       0.01 sys cpu s       0.00 wall s
INDE NNZ Xsq = 5329 <-> 100.00 %
TIDE Frobenius norm of X-X^2 took      0.00 usr cpu s       0.00 sys cpu s       0.00 wall s
TIDE Mixed norm of X-X^2 took      0.00 usr cpu s       0.00 sys cpu s       0.00 wall s
TIDE Trace of X-X^2 took      0.00 usr cpu s       0.00 sys cpu s       0.00 wall s
INDE ||X-X^2||_F = 8.726509e-01 , ||X-X^2||_mixed = 6.497538e-01
INDE trace(X-X^2) = 5.358877e+00
INDE trace(X) = 1.252997e+01
TIDE Iteration 0 took      0.00 usr cpu s       0.01 sys cpu s       0.00 wall s
TIDE FileWritable::writeAndReadAll took      0.00 usr cpu s       0.00 sys cpu s       0.00 wall s
INDE writeAndReadAll sizesStr: '0 MB (1 MatrixGeneral, 0 > 1 MB) + 0 MB (13 MatrixSymmetric, 0 > 1 MB) + 0 MB (2 VectorGeneral, 0 > 1 MB) = 0 MB (16 total, 0 > 1 MB)
INDE     ITERATION 1 :
TIDE purify_X took      0.00 usr cpu s       0.00 sys cpu s       0.00 wall s
TIDE truncate_matrix took      0.00 usr cpu s       0.00 sys cpu s       0.00 wall s
INDE Actual introduced error   0.000000e+00 : nnz before  5329 <-> 100.00 % , nnz after  5329 <-> 100.00 %
TIDE square took      0.00 usr cpu s       0.01 sys cpu s       0.00 wall s
INDE NNZ Xsq = 5329 <-> 100.00 %
TIDE Frobenius norm of X-X^2 took      0.00 usr cpu s       0.00 sys cpu s       0.00 wall s
TIDE Mixed norm of X-X^2 took      0.00 usr cpu s       0.00 sys cpu s       0.00 wall s
TIDE Trace of X-X^2 took      0.00 usr cpu s       0.00 sys cpu s       0.00 wall s
INDE ||X-X^2||_F = 9.392545e-01 , ||X-X^2||_mixed = 7.166315e-01
INDE trace(X-X^2) = 6.946309e+00
INDE trace(X) = 1.788885e+01
TIDE Iteration 1 took      0.01 usr cpu s       0.01 sys cpu s       0.00 wall s
INDE     ITERATION 2 :
TIDE purify_X took      0.00 usr cpu s       0.00 sys cpu s       0.00 wall s
TIDE truncate_matrix took      0.00 usr cpu s       0.00 sys cpu s       0.00 wall s
INDE Actual introduced error   0.000000e+00 : nnz before  5329 <-> 100.00 % , nnz after  5329 <-> 100.00 %
TIDE square took      0.00 usr cpu s       0.00 sys cpu s       0.00 wall s
INDE NNZ Xsq = 5329 <-> 100.00 %
TIDE Frobenius norm of X-X^2 took      0.00 usr cpu s       0.00 sys cpu s       0.00 wall s
TIDE Mixed norm of X-X^2 took      0.00 usr cpu s       0.01 sys cpu s       0.00 wall s
TIDE Trace of X-X^2 took      0.00 usr cpu s       0.00 sys cpu s       0.00 wall s
INDE ||X-X^2||_F = 1.278627e+00 , ||X-X^2||_mixed = 9.882967e-01
INDE trace(X-X^2) = 9.179786e+00
INDE trace(X) = 2.483516e+01
INDE Checking stopping criterion...   
INDE Order of convergence cannot be computed
TIDE stopping_criterion took      0.00 usr cpu s       0.00 sys cpu s       0.00 wall s
TIDE Iteration 2 took      0.00 usr cpu s       0.01 sys cpu s       0.00 wall s
INDE     ITERATION 3 :
TIDE purify_X took      0.00 usr cpu s       0.00 sys cpu s       0.00 wall s
TIDE truncate_matrix took      0.00 usr cpu s       0.00 sys cpu s       0.00 wall s
INDE Actual introduced error   0.000000e+00 : nnz before  5329 <-> 100.00 % , nnz after  5329 <-> 100.00 %
TIDE square took      0.00 usr cpu s       0.02 sys cpu s       0.00 wall s
INDE NNZ Xsq = 5329 <-> 100.00 %
TIDE Frobenius norm of X-X^2 took      0.00 usr cpu s       0.00 sys cpu s       0.00 wall s
TIDE Mixed norm of X-X^2 took      0.00 usr cpu s       0.01 sys cpu s       0.00 wall s
TIDE Trace of X-X^2 took      0.00 usr cpu s       0.00 sys cpu s       0.00 wall s
INDE ||X-X^2||_F = 1.590025e+00 , ||X-X^2||_mixed = 1.196424e+00
INDE trace(X-X^2) = 1.156467e+01
INDE trace(X) = 3.401494e+01
INDE Checking stopping criterion...   
INDE Order of convergence cannot be computed
TIDE stopping_criterion took      0.00 usr cpu s       0.00 sys cpu s       0.00 wall s
TIDE Iteration 3 took      0.01 usr cpu s       0.03 sys cpu s       0.01 wall s
INDE     ITERATION 4 :
TIDE purify_X took      0.00 usr cpu s       0.00 sys cpu s       0.00 wall s
TIDE truncate_matrix took      0.00 usr cpu s       0.00 sys cpu s       0.00 wall s
INDE Actual introduced error   0.000000e+00 : nnz before  5329 <-> 100.00 % , nnz after  5329 <-> 100.00 %
TIDE square took      0.00 usr cpu s       0.00 sys cpu s       0.00 wall s
INDE NNZ Xsq = 5329 <-> 100.00 %
TIDE Frobenius norm of X-X^2 took      0.00 usr cpu s       0.00 sys cpu s       0.00 wall s
TIDE Mixed norm of X-X^2 took      0.00 usr cpu s       0.01 sys cpu s       0.00 wall s
TIDE Trace of X-X^2 took      0.00 usr cpu s       0.00 sys cpu s       0.00 wall s
INDE ||X-X^2||_F = 1.468986e+00 , ||X-X^2||_mixed = 1.076649e+00
INDE trace(X-X^2) = 1.099378e+01
INDE trace(X) = 4.557962e+01
INDE Checking stopping criterion...   
INDE Order of convergence cannot be computed
TIDE stopping_criterion took      0.00 usr cpu s       0.00 sys cpu s       0.00 wall s
TIDE Iteration 4 took      0.00 usr cpu s       0.01 sys cpu s       0.00 wall s
INDE     ITERATION 5 :
TIDE purify_X took      0.00 usr cpu s       0.00 sys cpu s       0.00 wall s
TIDE truncate_matrix took      0.00 usr cpu s       0.00 sys cpu s       0.00 wall s
INDE Actual introduced error   0.000000e+00 : nnz before  5329 <-> 100.00 % , nnz after  5329 <-> 100.00 %
TIDE square took      0.00 usr cpu s       0.00 sys cpu s       0.00 wall s
INDE NNZ Xsq = 5329 <-> 100.00 %
TIDE Frobenius norm of X-X^2 took      0.00 usr cpu s       0.00 sys cpu s       0.00 wall s
TIDE Mixed norm of X-X^2 took      0.00 usr cpu s       0.01 sys cpu s       0.00 wall s
TIDE Trace of X-X^2 took      0.00 usr cpu s       0.00 sys cpu s       0.00 wall s
INDE ||X-X^2||_F = 1.474459e+00 , ||X-X^2||_mixed = 1.142880e+00
INDE trace(X-X^2) = 1.012485e+01
INDE trace(X) = 3.458584e+01
INDE Checking stopping criterion...   
INDE Order of convergence cannot be computed
TIDE stopping_criterion took      0.00 usr cpu s       0.00 sys cpu s       0.00 wall s
TIDE Iteration 5 took      0.00 usr cpu s       0.01 sys cpu s       0.00 wall s
INDE     ITERATION 6 :
TIDE purify_X took      0.00 usr cpu s       0.00 sys cpu s       0.00 wall s
TIDE truncate_matrix took      0.00 usr cpu s       0.00 sys cpu s       0.00 wall s
INDE Actual introduced error   0.000000e+00 : nnz before  5329 <-> 100.00 % , nnz after  5329 <-> 100.00 %
TIDE square took      0.00 usr cpu s       0.00 sys cpu s       0.00 wall s
INDE NNZ Xsq = 5329 <-> 100.00 %
TIDE Frobenius norm of X-X^2 took      0.00 usr cpu s       0.00 sys cpu s       0.00 wall s
TIDE Mixed norm of X-X^2 took      0.00 usr cpu s       0.00 sys cpu s       0.00 wall s
TIDE Trace of X-X^2 took      0.00 usr cpu s       0.00 sys cpu s       0.00 wall s
INDE ||X-X^2||_F = 1.189044e+00 , ||X-X^2||_mixed = 9.031388e-01
INDE trace(X-X^2) = 8.455515e+00
INDE trace(X) = 4.471069e+01
INDE Checking stopping criterion...   
INDE Order of convergence cannot be computed
TIDE stopping_criterion took      0.00 usr cpu s       0.00 sys cpu s       0.00 wall s
TIDE Iteration 6 took      0.00 usr cpu s       0.01 sys cpu s       0.00 wall s
INDE     ITERATION 7 :
TIDE purify_X took      0.00 usr cpu s       0.00 sys cpu s       0.00 wall s
TIDE truncate_matrix took      0.00 usr cpu s       0.00 sys cpu s       0.00 wall s
INDE Actual introduced error   0.000000e+00 : nnz before  5329 <-> 100.00 % , nnz after  5329 <-> 100.00 %
TIDE square took      0.00 usr cpu s       0.00 sys cpu s       0.00 wall s
INDE NNZ Xsq = 5329 <-> 100.00 %
TIDE Frobenius norm of X-X^2 took      0.00 usr cpu s       0.00 sys cpu s       0.00 wall s
TIDE Mixed norm of X-X^2 took      0.00 usr cpu s       0.00 sys cpu s       0.00 wall s
TIDE Trace of X-X^2 took      0.00 usr cpu s       0.00 sys cpu s       0.00 wall s
INDE ||X-X^2||_F = 1.310731e+00 , ||X-X^2||_mixed = 1.044168e+00
INDE trace(X-X^2) = 8.295941e+00
INDE trace(X) = 3.625518e+01
INDE Checking stopping criterion...   
INDE Order of convergence cannot be computed
TIDE stopping_criterion took      0.00 usr cpu s       0.00 sys cpu s       0.00 wall s
TIDE Iteration 7 took      0.00 usr cpu s       0.01 sys cpu s       0.00 wall s
INDE     ITERATION 8 :
TIDE purify_X took      0.00 usr cpu s       0.00 sys cpu s       0.00 wall s
TIDE truncate_matrix took      0.00 usr cpu s       0.00 sys cpu s       0.00 wall s
INDE Actual introduced error   0.000000e+00 : nnz before  5329 <-> 100.00 % , nnz after  5329 <-> 100.00 %
TIDE square took      0.00 usr cpu s       0.00 sys cpu s       0.00 wall s
INDE NNZ Xsq = 5329 <-> 100.00 %
TIDE Frobenius norm of X-X^2 took      0.00 usr cpu s       0.00 sys cpu s       0.00 wall s
TIDE Mixed norm of X-X^2 took      0.00 usr cpu s       0.01 sys cpu s       0.00 wall s
TIDE Trace of X-X^2 took      0.00 usr cpu s       0.00 sys cpu s       0.00 wall s
INDE ||X-X^2||_F = 8.782804e-01 , ||X-X^2||_mixed = 7.021924e-01
INDE trace(X-X^2) = 5.521019e+00
INDE trace(X) = 4.455112e+01
INDE Checking stopping criterion...   
INDE e_i =7.021924e-01, C*e_{i-1}^q = 5.617611e+00
INDE Order of convergence = 22.411013, stop = 0
TIDE stopping_criterion took      0.00 usr cpu s       0.00 sys cpu s       0.00 wall s
TIDE Iteration 8 took      0.00 usr cpu s       0.01 sys cpu s       0.00 wall s
INDE     ITERATION 9 :
TIDE purify_X took      0.00 usr cpu s       0.00 sys cpu s       0.00 wall s
TIDE truncate_matrix took      0.00 usr cpu s       0.00 sys cpu s       0.00 wall s
INDE Actual introduced error   0.000000e+00 : nnz before  5329 <-> 100.00 % , nnz after  5329 <-> 100.00 %
TIDE square took      0.00 usr cpu s       0.00 sys cpu s       0.00 wall s
INDE NNZ Xsq = 5329 <-> 100.00 %
TIDE Frobenius norm of X-X^2 took      0.00 usr cpu s       0.00 sys cpu s       0.00 wall s
TIDE Mixed norm of X-X^2 took      0.00 usr cpu s       0.00 sys cpu s       0.00 wall s
TIDE Trace of X-X^2 took      0.00 usr cpu s       0.00 sys cpu s       0.00 wall s
INDE ||X-X^2||_F = 1.082640e+00 , ||X-X^2||_mixed = 8.902895e-01
INDE trace(X-X^2) = 6.173156e+00
INDE trace(X) = 3.903010e+01
INDE Checking stopping criterion...   
INDE Order of convergence cannot be computed
TIDE stopping_criterion took      0.00 usr cpu s       0.00 sys cpu s       0.00 wall s
TIDE Iteration 9 took      0.01 usr cpu s       0.01 sys cpu s       0.00 wall s
INDE     ITERATION 10 :
TIDE purify_X took      0.00 usr cpu s       0.00 sys cpu s       0.00 wall s
TIDE truncate_matrix took      0.00 usr cpu s       0.00 sys cpu s       0.00 wall s
INDE Actual introduced error   0.000000e+00 : nnz before  5329 <-> 100.00 % , nnz after  5329 <-> 100.00 %
TIDE square took      0.00 usr cpu s       0.00 sys cpu s       0.00 wall s
INDE NNZ Xsq = 5329 <-> 100.00 %
TIDE Frobenius norm of X-X^2 took      0.00 usr cpu s       0.00 sys cpu s       0.00 wall s
TIDE Mixed norm of X-X^2 took      0.00 usr cpu s       0.01 sys cpu s       0.00 wall s
TIDE Trace of X-X^2 took      0.00 usr cpu s       0.00 sys cpu s       0.00 wall s
INDE ||X-X^2||_F = 5.866969e-01 , ||X-X^2||_mixed = 4.992765e-01
INDE trace(X-X^2) = 3.055428e+00
INDE trace(X) = 4.520325e+01
INDE Checking stopping criterion...   
INDE e_i =4.992765e-01, C*e_{i-1}^q = 3.395901e+00
INDE Order of convergence = 7.422645, stop = 0
TIDE stopping_criterion took      0.00 usr cpu s       0.00 sys cpu s       0.00 wall s
TIDE Iteration 10 took      0.00 usr cpu s       0.01 sys cpu s       0.00 wall s
INDE     ITERATION 11 :
TIDE purify_X took      0.00 usr cpu s       0.00 sys cpu s       0.00 wall s
TIDE truncate_matrix took      0.00 usr cpu s       0.00 sys cpu s       0.00 wall s
INDE Actual introduced error   0.000000e+00 : nnz before  5329 <-> 100.00 % , nnz after  5329 <-> 100.00 %
TIDE square took      0.00 usr cpu s       0.00 sys cpu s       0.00 wall s
INDE NNZ Xsq = 5329 <-> 100.00 %
TIDE Frobenius norm of X-X^2 took      0.00 usr cpu s       0.00 sys cpu s       0.00 wall s
TIDE Mixed norm of X-X^2 took      0.00 usr cpu s       0.01 sys cpu s       0.00 wall s
TIDE Trace of X-X^2 took      0.00 usr cpu s       0.00 sys cpu s       0.00 wall s
INDE ||X-X^2||_F = 7.915187e-01 , ||X-X^2||_mixed = 6.871003e-01
INDE trace(X-X^2) = 3.922302e+00
INDE trace(X) = 4.214783e+01
INDE Checking stopping criterion...   
INDE e_i =6.871003e-01, C*e_{i-1}^q = 5.458900e+00
INDE Order of convergence = 19.834495, stop = 0
TIDE stopping_criterion took      0.00 usr cpu s       0.00 sys cpu s       0.00 wall s
TIDE Iteration 11 took      0.00 usr cpu s       0.01 sys cpu s       0.00 wall s
INDE     ITERATION 12 :
TIDE purify_X took      0.00 usr cpu s       0.00 sys cpu s       0.00 wall s
TIDE truncate_matrix took      0.00 usr cpu s       0.00 sys cpu s       0.00 wall s
INDE Actual introduced error   0.000000e+00 : nnz before  5329 <-> 100.00 % , nnz after  5329 <-> 100.00 %
TIDE square took      0.00 usr cpu s       0.00 sys cpu s       0.00 wall s
INDE NNZ Xsq = 5329 <-> 100.00 %
TIDE Frobenius norm of X-X^2 took      0.00 usr cpu s       0.00 sys cpu s       0.00 wall s
TIDE Mixed norm of X-X^2 took      0.00 usr cpu s       0.02 sys cpu s       0.00 wall s
TIDE Trace of X-X^2 took      0.00 usr cpu s       0.00 sys cpu s       0.00 wall s
INDE ||X-X^2||_F = 3.244017e-01 , ||X-X^2||_mixed = 2.961549e-01
INDE trace(X-X^2) = 1.353250e+00
INDE trace(X) = 4.607013e+01
INDE Checking stopping criterion...   
INDE e_i =2.961549e-01, C*e_{i-1}^q = 1.716820e+00
INDE Order of convergence = 4.530030, stop = 0
TIDE stopping_criterion took      0.00 usr cpu s       0.00 sys cpu s       0.00 wall s
TIDE Iteration 12 took      0.00 usr cpu s       0.02 sys cpu s       0.00 wall s
INDE     ITERATION 13 :
TIDE purify_X took      0.00 usr cpu s       0.00 sys cpu s       0.00 wall s
TIDE truncate_matrix took      0.00 usr cpu s       0.00 sys cpu s       0.00 wall s
INDE Actual introduced error   0.000000e+00 : nnz before  5329 <-> 100.00 % , nnz after  5329 <-> 100.00 %
TIDE square took      0.00 usr cpu s       0.01 sys cpu s       0.00 wall s
INDE NNZ Xsq = 5329 <-> 100.00 %
TIDE Frobenius norm of X-X^2 took      0.00 usr cpu s       0.00 sys cpu s       0.00 wall s
TIDE Mixed norm of X-X^2 took      0.00 usr cpu s       0.01 sys cpu s       0.00 wall s
TIDE Trace of X-X^2 took      0.00 usr cpu s       0.00 sys cpu s       0.00 wall s
INDE ||X-X^2||_F = 2.392262e-01 , ||X-X^2||_mixed = 2.303150e-01
INDE trace(X-X^2) = 5.645549e-01
INDE trace(X) = 4.742338e+01
INDE Checking stopping criterion...   
INDE Order of convergence cannot be computed
TIDE stopping_criterion took      0.00 usr cpu s       0.00 sys cpu s       0.00 wall s
TIDE Iteration 13 took      0.00 usr cpu s       0.01 sys cpu s       0.00 wall s
INDE     ITERATION 14 :
TIDE purify_X took      0.00 usr cpu s       0.00 sys cpu s       0.00 wall s
TIDE truncate_matrix took      0.00 usr cpu s       0.00 sys cpu s       0.00 wall s
INDE Actual introduced error   0.000000e+00 : nnz before  5329 <-> 100.00 % , nnz after  5329 <-> 100.00 %
TIDE square took      0.00 usr cpu s       0.00 sys cpu s       0.00 wall s
INDE NNZ Xsq = 5329 <-> 100.00 %
TIDE Frobenius norm of X-X^2 took      0.00 usr cpu s       0.00 sys cpu s       0.00 wall s
TIDE Mixed norm of X-X^2 took      0.00 usr cpu s       0.00 sys cpu s       0.00 wall s
TIDE Trace of X-X^2 took      0.00 usr cpu s       0.00 sys cpu s       0.00 wall s
INDE ||X-X^2||_F = 9.519356e-02 , ||X-X^2||_mixed = 9.092224e-02
INDE trace(X-X^2) = 2.938524e-01
INDE trace(X) = 4.685882e+01
INDE Checking stopping criterion...   
INDE e_i =9.092224e-02, C*e_{i-1}^q = 6.040607e-01
INDE Order of convergence = 3.556178, stop = 0
TIDE stopping_criterion took      0.00 usr cpu s       0.00 sys cpu s       0.00 wall s
TIDE Iteration 14 took      0.00 usr cpu s       0.01 sys cpu s       0.00 wall s
INDE     ITERATION 15 :
TIDE purify_X took      0.00 usr cpu s       0.00 sys cpu s       0.00 wall s
TIDE truncate_matrix took      0.00 usr cpu s       0.00 sys cpu s       0.00 wall s
INDE Actual introduced error   0.000000e+00 : nnz before  5329 <-> 100.00 % , nnz after  5329 <-> 100.00 %
TIDE square took      0.00 usr cpu s       0.00 sys cpu s       0.00 wall s
INDE NNZ Xsq = 5329 <-> 100.00 %
TIDE Frobenius norm of X-X^2 took      0.00 usr cpu s       0.00 sys cpu s       0.00 wall s
TIDE Mixed norm of X-X^2 took      0.00 usr cpu s       0.00 sys cpu s       0.00 wall s
TIDE Trace of X-X^2 took      0.00 usr cpu s       0.00 sys cpu s       0.00 wall s
INDE ||X-X^2||_F = 9.369051e-02 , ||X-X^2||_mixed = 9.273762e-02
INDE trace(X-X^2) = 1.567449e-01
INDE trace(X) = 4.715267e+01
INDE Checking stopping criterion...   
INDE e_i =9.273762e-02, C*e_{i-1}^q = 3.653314e-01
INDE Order of convergence = 2.933749, stop = 0
TIDE stopping_criterion took      0.00 usr cpu s       0.00 sys cpu s       0.00 wall s
TIDE Iteration 15 took      0.00 usr cpu s       0.01 sys cpu s       0.00 wall s
INDE     ITERATION 16 :
TIDE purify_X took      0.00 usr cpu s       0.00 sys cpu s       0.00 wall s
TIDE truncate_matrix took      0.00 usr cpu s       0.00 sys cpu s       0.00 wall s
INDE Actual introduced error   0.000000e+00 : nnz before  5329 <-> 100.00 % , nnz after  5329 <-> 100.00 %
TIDE square took      0.00 usr cpu s       0.00 sys cpu s       0.00 wall s
INDE NNZ Xsq = 5329 <-> 100.00 %
TIDE Frobenius norm of X-X^2 took      0.00 usr cpu s       0.00 sys cpu s       0.00 wall s
TIDE Mixed norm of X-X^2 took      0.00 usr cpu s       0.00 sys cpu s       0.00 wall s
TIDE Trace of X-X^2 took      0.00 usr cpu s       0.00 sys cpu s       0.00 wall s
INDE ||X-X^2||_F = 1.095805e-02 , ||X-X^2||_mixed = 1.067711e-02
INDE trace(X-X^2) = 2.451147e-02
INDE trace(X) = 4.699593e+01
INDE Checking stopping criterion...   
INDE e_i =1.067711e-02, C*e_{i-1}^q = 5.693547e-02
INDE Order of convergence = 2.698078, stop = 0
TIDE stopping_criterion took      0.00 usr cpu s       0.00 sys cpu s       0.00 wall s
TIDE Iteration 16 took      0.00 usr cpu s       0.01 sys cpu s       0.00 wall s
INDE     ITERATION 17 :
TIDE purify_X took      0.00 usr cpu s       0.00 sys cpu s       0.00 wall s
TIDE truncate_matrix took      0.00 usr cpu s       0.00 sys cpu s       0.00 wall s
INDE Actual introduced error   0.000000e+00 : nnz before  5329 <-> 100.00 % , nnz after  5329 <-> 100.00 %
TIDE square took      0.00 usr cpu s       0.00 sys cpu s       0.00 wall s
INDE NNZ Xsq = 5329 <-> 100.00 %
TIDE Frobenius norm of X-X^2 took      0.00 usr cpu s       0.00 sys cpu s       0.00 wall s
TIDE Mixed norm of X-X^2 took      0.00 usr cpu s       0.01 sys cpu s       0.00 wall s
TIDE Trace of X-X^2 took      0.00 usr cpu s       0.00 sys cpu s       0.00 wall s
INDE ||X-X^2||_F = 1.478860e-02 , ||X-X^2||_mixed = 1.474528e-02
INDE trace(X-X^2) = 2.848986e-02
INDE trace(X) = 4.697142e+01
INDE Checking stopping criterion...   
INDE Order of convergence cannot be computed
TIDE stopping_criterion took      0.00 usr cpu s       0.00 sys cpu s       0.00 wall s
TIDE Iteration 17 took      0.00 usr cpu s       0.01 sys cpu s       0.00 wall s
INDE     ITERATION 18 :
TIDE purify_X took      0.00 usr cpu s       0.00 sys cpu s       0.00 wall s
TIDE truncate_matrix took      0.00 usr cpu s       0.00 sys cpu s       0.00 wall s
INDE Actual introduced error   0.000000e+00 : nnz before  5329 <-> 100.00 % , nnz after  5329 <-> 100.00 %
TIDE square took      0.00 usr cpu s       0.00 sys cpu s       0.00 wall s
INDE NNZ Xsq = 5329 <-> 100.00 %
TIDE Frobenius norm of X-X^2 took      0.00 usr cpu s       0.00 sys cpu s       0.00 wall s
TIDE Mixed norm of X-X^2 took      0.00 usr cpu s       0.00 sys cpu s       0.00 wall s
TIDE Trace of X-X^2 took      0.00 usr cpu s       0.00 sys cpu s       0.00 wall s
INDE ||X-X^2||_F = 1.957930e-04 , ||X-X^2||_mixed = 1.919538e-04
INDE trace(X-X^2) = 3.541518e-04
INDE trace(X) = 4.699991e+01
INDE Checking stopping criterion...   
INDE e_i =1.919538e-04, C*e_{i-1}^q = 7.851450e-04
INDE Order of convergence = 2.310291, stop = 0
TIDE stopping_criterion took      0.00 usr cpu s       0.00 sys cpu s       0.00 wall s
TIDE Iteration 18 took      0.00 usr cpu s       0.01 sys cpu s       0.00 wall s
INDE     ITERATION 19 :
TIDE purify_X took      0.00 usr cpu s       0.00 sys cpu s       0.00 wall s
TIDE truncate_matrix took      0.00 usr cpu s       0.00 sys cpu s       0.00 wall s
INDE Actual introduced error   0.000000e+00 : nnz before  5329 <-> 100.00 % , nnz after  5329 <-> 100.00 %
TIDE square took      0.00 usr cpu s       0.00 sys cpu s       0.00 wall s
INDE NNZ Xsq = 5329 <-> 100.00 %
TIDE Frobenius norm of X-X^2 took      0.00 usr cpu s       0.00 sys cpu s       0.00 wall s
TIDE Mixed norm of X-X^2 took      0.00 usr cpu s       0.00 sys cpu s       0.00 wall s
TIDE Trace of X-X^2 took      0.00 usr cpu s       0.00 sys cpu s       0.00 wall s
INDE ||X-X^2||_F = 3.045932e-04 , ||X-X^2||_mixed = 3.044436e-04
INDE trace(X-X^2) = 4.460424e-04
INDE trace(X) = 4.699955e+01
INDE Checking stopping criterion...   
INDE e_i =3.044436e-04, C*e_{i-1}^q = 1.497438e-03
INDE Order of convergence = 2.377778, stop = 0
TIDE stopping_criterion took      0.00 usr cpu s       0.00 sys cpu s       0.00 wall s
TIDE Iteration 19 took      0.00 usr cpu s       0.01 sys cpu s       0.00 wall s
INDE     ITERATION 20 :
TIDE purify_X took      0.00 usr cpu s       0.00 sys cpu s       0.00 wall s
TIDE truncate_matrix took      0.00 usr cpu s       0.00 sys cpu s       0.00 wall s
INDE Actual introduced error   0.000000e+00 : nnz before  5329 <-> 100.00 % , nnz after  5329 <-> 100.00 %
TIDE square took      0.00 usr cpu s       0.00 sys cpu s       0.00 wall s
INDE NNZ Xsq = 5329 <-> 100.00 %
TIDE Frobenius norm of X-X^2 took      0.00 usr cpu s       0.00 sys cpu s       0.00 wall s
TIDE Mixed norm of X-X^2 took      0.00 usr cpu s       0.01 sys cpu s       0.00 wall s
TIDE Trace of X-X^2 took      0.00 usr cpu s       0.00 sys cpu s       0.00 wall s
INDE ||X-X^2||_F = 8.077520e-08 , ||X-X^2||_mixed = 7.992781e-08
INDE trace(X-X^2) = 1.230935e-07
INDE trace(X) = 4.700000e+01
INDE Checking stopping criterion...   
INDE e_i =7.992781e-08, C*e_{i-1}^q = 2.537676e-07
INDE Order of convergence = 2.134992, stop = 0
TIDE stopping_criterion took      0.00 usr cpu s       0.00 sys cpu s       0.00 wall s
TIDE Iteration 20 took      0.00 usr cpu s       0.01 sys cpu s       0.00 wall s
INDE     ITERATION 21 :
TIDE purify_X took      0.00 usr cpu s       0.00 sys cpu s       0.00 wall s
TIDE truncate_matrix took      0.00 usr cpu s       0.00 sys cpu s       0.00 wall s
INDE Actual introduced error   0.000000e+00 : nnz before  5329 <-> 100.00 % , nnz after  5329 <-> 100.00 %
TIDE square took      0.00 usr cpu s       0.00 sys cpu s       0.00 wall s
INDE NNZ Xsq = 5329 <-> 100.00 %
TIDE Frobenius norm of X-X^2 took      0.00 usr cpu s       0.00 sys cpu s       0.00 wall s
TIDE Mixed norm of X-X^2 took      0.00 usr cpu s       0.00 sys cpu s       0.00 wall s
TIDE Trace of X-X^2 took      0.00 usr cpu s       0.00 sys cpu s       0.00 wall s
INDE ||X-X^2||_F = 6.028659e-08 , ||X-X^2||_mixed = 6.028658e-08
INDE trace(X-X^2) = 6.054400e-08
INDE trace(X) = 4.700000e+01
INDE Checking stopping criterion...   
INDE Order of convergence cannot be computed
TIDE stopping_criterion took      0.00 usr cpu s       0.00 sys cpu s       0.00 wall s
TIDE Iteration 21 took      0.00 usr cpu s       0.00 sys cpu s       0.00 wall s
INDE     ITERATION 22 :
TIDE purify_X took      0.00 usr cpu s       0.00 sys cpu s       0.00 wall s
TIDE truncate_matrix took      0.00 usr cpu s       0.00 sys cpu s       0.00 wall s
INDE Actual introduced error   0.000000e+00 : nnz before  5329 <-> 100.00 % , nnz after  5329 <-> 100.00 %
TIDE square took      0.00 usr cpu s       0.00 sys cpu s       0.00 wall s
INDE NNZ Xsq = 5329 <-> 100.00 %
TIDE Frobenius norm of X-X^2 took      0.00 usr cpu s       0.00 sys cpu s       0.00 wall s
TIDE Mixed norm of X-X^2 took      0.00 usr cpu s       0.00 sys cpu s       0.00 wall s
TIDE Trace of X-X^2 took      0.00 usr cpu s       0.00 sys cpu s       0.00 wall s
INDE ||X-X^2||_F = 1.132087e-14 , ||X-X^2||_mixed = 0.000000e+00
INDE trace(X-X^2) = 1.421085e-14
INDE trace(X) = 4.700000e+01
INDE Checking stopping criterion...   
INDE ************************************************************************************************************
INDE The norm value went much below machine precision, therefore we stop here since n_max can be underestimated.
INDE ************************************************************************************************************
INDE e_i =0.000000e+00, C*e_{i-1}^q = 4.399857e-14
INDE Order of convergence = inf, stop = 1
TIDE stopping_criterion took      0.00 usr cpu s       0.00 sys cpu s       0.00 wall s
INDE PURIFICATION CONVERGED after 22 iterations
TIDE Iteration 22 took      0.00 usr cpu s       0.01 sys cpu s       0.00 wall s
INDE Number of non-zeros in D is  5329 <-> 100.00 %
TIDE FileWritable::writeAndReadAll took      0.00 usr cpu s       0.00 sys cpu s       0.00 wall s
INDE writeAndReadAll sizesStr: '0 MB (1 MatrixGeneral, 0 > 1 MB) + 0 MB (13 MatrixSymmetric, 0 > 1 MB) + 0 MB (2 VectorGeneral, 0 > 1 MB) = 0 MB (16 total, 0 > 1 MB)
INDE TOTAL accumulated subspace error is 0.000000e+00
INDE TOTAL X square time: 0.013660 wall s
INDE TOTAL X trunction time: 0.001214 wall s
INDE TOTAL X purify (exl. X^2 computation) time: 0.000967 wall s
INDE TOTAL time to get number of non-zero elements: 0.000856 wall s
INDE TOTAL time to get mixed norm: 0.017850 wall s
INDE TOTAL time to get Frobenius norm: 0.001145 wall s
INDE TOTAL time for stopping criterion: 0.001116 wall s
INDE TOTAL time to get matrix trace: 0.000484 wall s
INDE Estimated bounds for the eigenvalues for the Fock matrix:
INDE LUMO: [ 0.209223771075 , 0.233931424382 ]
INDE HOMO: [ -0.321756422824 , -0.278229258832 ]
TIDE eigenvalue_bounds_estimation() took      0.00 usr cpu s       0.00 sys cpu s       0.00 wall s
TIDE Recursive expansion took      0.11 usr cpu s       0.45 sys cpu s       0.07 wall s
TIDE Puri->PurificationStart() took      0.11 usr cpu s       0.45 sys cpu s       0.07 wall s
TIDE Accumulated wall times for writeToFile in PurificationStart()          : 0 s (MatrixGeneral) + 6e-06 s (MatrixSymmetric) + 2.5e-05 s (VectorGeneral) = 3.1e-05 s
TIDE Accumulated wall times for readFromFile in PurificationStart()         : 9.5e-07 s (MatrixGeneral) + 1.2e-06 s (MatrixSymmetric) + 8.8e-06 s (VectorGeneral) = 1.1e-05 s
TIDE Accumulated wall times for copy and assign in PurificationStart()      : 1.9e-06 s (MatrixSymmetric) + 4.1e-05 s (VectorGeneral) = 4.2e-05 s
INDE Number of calls to writeToFile in PurificationStart()                  : 2 (MatrixGeneral) + 27 (MatrixSymmetric) + 306 (VectorGeneral) = 335 
INDE Number of calls to readFromFile in PurificationStart()                 : 2 (MatrixGeneral) + 26 (MatrixSymmetric) + 116 (VectorGeneral) = 144 
INDE Number of calls to FileWritable copy and assign in PurificationStart() : 2 (MatrixSymmetric) + 24 (VectorGeneral) = 26 
TIDE mat::Gblas::time after purification :     0.296096
INDE Created .m files with results of the purification
INDE Purification converged OK, subspaceError <=          0.00000000000
INDE E(LUMO) - E(HOMO) >=          0.48745302991 =         13.26427273699 eV
INDE E(LUMO) - E(HOMO) <=          0.55568784721 =         15.12103671479 eV
INDE HOMO interval : [   -0.321756422824   -0.278229258832 ]
INDE LUMO interval : [    0.209223771075    0.233931424382 ]
INDE Trace of resulting density matrix is         47.00000000000, error is   0.00000000000000.
INDE Truncated D_ort ( mixed ), selected threshold = 9.99999e-08, returned error =          0, nnz before = 5329 <-> 100.0000 %, nnz after = 5329 <-> 100.0000 %
TIDE FileWritable::writeAndReadAll took      0.00 usr cpu s       0.00 sys cpu s       0.00 wall s
INDE writeAndReadAll sizesStr: '0 MB (1 MatrixGeneral, 0 > 1 MB) + 0 MB (12 MatrixSymmetric, 0 > 1 MB) + 0 MB (1 MatrixTriangular, 0 > 1 MB) = 0 MB (14 total, 0 > 1 MB)
TIDE D_w to non-orthogonal basis took      0.00 usr cpu s       0.00 sys cpu s       0.00 wall s
INDE Truncated D_S (eucl with Z), selected threshold = 9.99999e-08, returned error =          0, nnz before = 100.0000 %, nnz after = 100.0000 %
INDE get_dens_from_fock_sparse ending OK
TIDE get_dens_from_fock_sparse took      0.13 usr cpu s       0.56 sys cpu s       0.09 wall s
ERDE get_dens_from_fock  (GetDensFromFock class) : purification finished OK.
TIDE get_dens_from_fock took      0.14 usr cpu s       0.56 sys cpu s       0.09 wall s
INSC Matrix 'new density matrix' ( symm ): n =     73, nnz =         5329 <-> 100.00 %, mem usage  0.0000 G
INSC Tr( D * S ) =         94.00000000000
TISC get_new_density_matrix took      0.14 usr cpu s       0.56 sys cpu s       0.09 wall s
INSC SCF_restricted::report_density_difference, diff_eucl =          0.01251477964
TISC SCF_restricted::report_density_difference took      0.01 usr cpu s       0.05 sys cpu s       0.01 wall s
INMA ddf_writeShellListAndDensityMatricesToFile_sparse, n =     73, densityMatrixList[0].nvalues =        2701
INMA opened temporary file 'density.bin.hMt58k' for writing
INMA Choosing matrixStorageType = MATRIX_STORAGE_TYPE_TRIANGLE.
INMA fileSize =           46848 bytes =      0.047 MegaBytes
INMA renamed file 'density.bin.hMt58k' to 'density.bin'
INMA ddf_writeShellListAndDensityMatricesToFile_sparse freeing buffer.
INMA ddf_writeShellListAndDensityMatricesToFile_sparse returning OK.
TISC write_density_to_file took      0.01 usr cpu s       0.04 sys cpu s       0.01 wall s
INSC SCF cycle  10 finished.
TISC SCF cycle  10 took      8.14 usr cpu s       1.21 sys cpu s       2.35 wall s
INSC Beginning of SCF cycle 11:  Thu Mar 26 20:00:20 2026
INDE compute_J_by_boxes_sparse() start.
TIDE FileWritable::writeAndReadAll took      0.00 usr cpu s       0.00 sys cpu s       0.00 wall s
INDE writeAndReadAll: '0 MB (1 MatrixGeneral, 0 > 1 MB) + 0 MB (11 MatrixSymmetric, 0 > 1 MB) = 0 MB (12 total, 0 > 1 MB)
IN   compute_J_by_boxes_sparse, maxDensityMatrixElement =          2.11093273775
ININ get_basis_func_pair_list, n =     73
ININ create_box_system end OK, toplevelBoxSize:   7.0, #levels:  3, #boxes at top level:      6
TIIN get_basis_func_pair_list_2el took      0.05 usr cpu s       0.17 sys cpu s       0.03 wall s
IN   compute_J_by_boxes_sparse: noOfBasisFuncIndexPairs = 2598 ==> storing  48.75 % of a full matrix
ININ entering compute_J_by_boxes_linear, no of basis funcs =    73, threshold_J =   1e-12
ININ use_fmm = 1, fmm_box_size =   5.00
TIIN Compute extent for all distrs took      0.06 usr cpu s       0.04 sys cpu s       0.05 wall s
ININ extent_min =    0.000, extent_max =    8.395
ININ Creating list of distributions etc done, distrCount =     36059
TIIN Creating list of distributions etc took      0.14 usr cpu s       0.28 sys cpu s       0.09 wall s
ININ create_box_system end OK, toplevelBoxSize:   5.0, #levels:  3, #boxes at top level:     10
TIIN Creating boxes took      0.00 usr cpu s       0.00 sys cpu s       0.00 wall s
ININ noOfBranches = 4, splitters:   5.00  2.50  0.00
ININ J org done, groupCount =     3008
TIIN J org took      0.14 usr cpu s       0.00 sys cpu s       0.14 wall s
TIIN Generate group multipoles took      0.08 usr cpu s       0.00 sys cpu s       0.08 wall s
ININ totChargeWholeSystem =          0.00000000000
ININ Generating multipole for each branch at top level, MAX_MULTIPOLE_DEGREE = 15
TIIN Translate multipoles (step 1) took      0.08 usr cpu s       0.00 sys cpu s       0.08 wall s
TIIN Translate multipoles (step 2) took      0.07 usr cpu s       0.00 sys cpu s       0.07 wall s
ININ job lists for J created OK, noOfJobs_J_standard =      759, noOfJobs_J_multipole =      122
TIIN Creating job lists for J took      0.00 usr cpu s       0.00 sys cpu s       0.00 wall s
ININ execute_joblist_J_std_threaded, noOfThreads =  8
ININ 8 threads started OK.
ININ all 8 threads have finished.
TIIN execute_joblist_J_std_threaded took      3.58 usr cpu s       0.02 sys cpu s       0.70 wall s
TIIN sort_list_of_multipole_jobs init part took      0.00 usr cpu s       0.00 sys cpu s       0.00 wall s
TIIN sort_list_of_multipole_jobs complete took      0.00 usr cpu s       0.00 sys cpu s       0.00 wall s
TIIN sort_list_of_multipole_jobs took      0.00 usr cpu s       0.00 sys cpu s       0.00 wall s
ININ execute_joblist_J_fmm_shared: Allocating multipoleList_4, maxnoOfMinimalDistrsPerBoxBranch =      7533
ININ execute_joblist_J_fmm_shared: Allocating multipoleList_4, maxnoOfMinimalDistrsPerBoxBranch =      7533
ININ execute_joblist_J_fmm_shared: jobIndexLo =            0, jobIndexHi =           15
ININ execute_joblist_J_fmm_shared: jobIndexLo =           15, jobIndexHi =           30
ININ execute_joblist_J_fmm_shared: Allocating multipoleList_4, maxnoOfMinimalDistrsPerBoxBranch =      7533
ININ execute_joblist_J_fmm_shared: jobIndexLo =           30, jobIndexHi =           45
ININ execute_joblist_J_fmm_shared: Allocating multipoleList_4, maxnoOfMinimalDistrsPerBoxBranch =      7533
ININ execute_joblist_J_fmm_shared: jobIndexLo =           45, jobIndexHi =           61
ININ execute_joblist_J_fmm_shared: Allocating multipoleList_4, maxnoOfMinimalDistrsPerBoxBranch =      7533
ININ execute_joblist_J_fmm_shared: jobIndexLo =           61, jobIndexHi =           76
ININ execute_joblist_J_fmm_shared: Allocating multipoleList_4, maxnoOfMinimalDistrsPerBoxBranch =      7533
ININ execute_joblist_J_fmm_shared: jobIndexLo =           76, jobIndexHi =           91
ININ execute_joblist_J_fmm_shared: done!
ININ execute_joblist_J_fmm_shared: done!
ININ execute_joblist_J_fmm_shared: Allocating multipoleList_4, maxnoOfMinimalDistrsPerBoxBranch =      7533
ININ execute_joblist_J_fmm_shared: jobIndexLo =           91, jobIndexHi =          106
ININ execute_joblist_J_fmm_shared: done!
ININ execute_joblist_J_fmm_shared: Allocating multipoleList_4, maxnoOfMinimalDistrsPerBoxBranch =      7533
ININ execute_joblist_J_fmm_shared: jobIndexLo =          106, jobIndexHi =          122
ININ execute_joblist_J_fmm_shared: done!
ININ execute_joblist_J_fmm_shared: done!
ININ execute_joblist_J_fmm_shared: done!
ININ execute_joblist_J_fmm_shared: done!
ININ execute_joblist_J_fmm_shared: done!
ININ multipole job list for J executed, largest L used: 13
TIIN Executing multipole job list for J took      0.06 usr cpu s       0.00 sys cpu s       0.05 wall s
ININ compute_J_by_boxes_linear ending OK.
TIIN compute_J_by_boxes_linear took      4.16 usr cpu s       0.30 sys cpu s       1.21 wall s
TI   compute_J_by_boxes_sparse total took      4.22 usr cpu s       0.46 sys cpu s       1.24 wall s
ININ entering create_CSR_for_K, no of basis funcs =    73, threshold_K =   1e-12
ININ create_box_system end OK, toplevelBoxSize:   7.0, #levels:  3, #boxes at top level:      6
ININ create_box_system end OK, toplevelBoxSize:   7.0, #levels:  3, #boxes at top level:      6
ININ create_box_system end OK, toplevelBoxSize:   7.0, #levels:  3, #boxes at top level:      6
TIIN create_CSR_for_K getting list of distrs took      0.05 usr cpu s       0.00 sys cpu s       0.05 wall s
ININ list of neighbors complete.
TIIN create_CSR_for_K getting list of neighbors took      0.00 usr cpu s       0.00 sys cpu s       0.00 wall s
TIIN create_CSR_for_K sort each list of neighbors took      0.00 usr cpu s       0.00 sys cpu s       0.00 wall s
ININ 8 threads started OK.
TIIN identify_needed_elements() took      0.76 usr cpu s       0.00 sys cpu s       0.12 wall s
ININ computing nnz..
ININ create_CSR_for_K: predicted nnz =         2701, <->  50.68% of a full matrix
TIIN create_CSR_for_K last part took      0.00 usr cpu s       0.00 sys cpu s       0.00 wall s
TIIN create_CSR_for_K total took      0.82 usr cpu s       0.01 sys cpu s       0.17 wall s
ININ entering compute_K_by_boxes, no of basis funcs =    73, threshold_K =   1e-12, exchange_box_size =   5.00
ININ create_box_system end OK, toplevelBoxSize:   7.0, #levels:  3, #boxes at top level:      6
ININ create_box_system end OK, toplevelBoxSize:   7.0, #levels:  3, #boxes at top level:      6
ININ create_box_system end OK, toplevelBoxSize:   7.0, #levels:  3, #boxes at top level:      6
TIIN Compute extent for all distrs took      0.05 usr cpu s       0.00 sys cpu s       0.05 wall s
ININ Creating list of distributions done, distrCountTot =     36059
TIIN Creating list of distributions took      0.09 usr cpu s       0.00 sys cpu s       0.09 wall s
ININ create_box_system end OK, toplevelBoxSize:   5.0, #levels:  3, #boxes at top level:     10
ININ create_box_system end OK, toplevelBoxSize:   2.5, #levels:  4, #boxes at top level:     16
ININ noOfLevelsBasisFuncs = 4, noOfLevelsDiff = 1
TIIN Creating boxes etc took      0.00 usr cpu s       0.00 sys cpu s       0.00 wall s
TIIN getting multipoleNormVectorList took      0.09 usr cpu s       0.00 sys cpu s       0.09 wall s
TIIN K organize_distributions for all boxes took      0.13 usr cpu s       0.00 sys cpu s       0.13 wall s
ININ starting loop to setup basisFuncGroupInfoList, with added index checks.
TIIN GetLimitsAllLevels took      0.03 usr cpu s       0.00 sys cpu s       0.03 wall s
ININ getDmatLimitMatrixCSRList start.
TIIN getting densityMatrixLimitMatrixList took      0.00 usr cpu s       0.00 sys cpu s       0.00 wall s
ININ job list for K created,       55 jobs
TIIN creating job list for K took      0.00 usr cpu s       0.00 sys cpu s       0.00 wall s
ININ execute_joblist_K_threaded, noOfThreads =  8, basisFuncListCount_max =    67
ININ 8 threads started OK.
ININ all 8 threads have finished, took        0 wall s.
TIIN Executing job list for K took      2.17 usr cpu s       0.00 sys cpu s       0.50 wall s
TIIN compute_K_by_boxes took      2.51 usr cpu s       0.00 sys cpu s       0.85 wall s
TI   compute_K_by_boxes_sparse total took      3.33 usr cpu s       0.01 sys cpu s       1.02 wall s
INSC About to truncate FockMatrix, gap of Fprev >=          0.48745302991
TISC symmMatrix::mixed_diff for F vs Fprev maxEigValMovement_mixed took      0.00 usr cpu s       0.00 sys cpu s       0.00 wall s
TISC symmMatrix::eucl_diff for maxEigValMovement_eucl  took      0.01 usr cpu s       0.02 sys cpu s       0.00 wall s
INSC maxEigValMovement_frob  =          0.00662464733
INSC maxEigValMovement_mixed =          0.00530926786
INSC maxEigValMovement_eucl  =          0.00271216970
TISC FockMatrix.eucl_thresh() (with Z) took      0.00 usr cpu s       0.01 sys cpu s       0.00 wall s
INSC Truncated FockMatrix (eucl with Z), selected threshold = 4.82029e-08, returned error =          0, nnz before = 100.0000 %, nnz after = 100.0000 %
INSC Matrix 'S' ( symm ): n =     73, nnz =         5329 <-> 100.00 %, mem usage  0.0000 G
INSC Matrix 'F' ( symm ): n =     73, nnz =         5329 <-> 100.00 %, mem usage  0.0000 G
INSC Matrix 'D' ( symm ): n =     73, nnz =         5329 <-> 100.00 %, mem usage  0.0000 G
INSC nuclearEnergy, energy_2el, energy = 782.160484, 1010.856037, -636.642033
INSC Energy  11 =       -636.64203321349  ( diff     -0.000150303748796 )
INSC calling compute_FDSminusSDF_sparse, n = 73
INDE compute_FDSminusSDF_sparse() start.
TIDE FileWritable::writeAndReadAll took      0.00 usr cpu s       0.00 sys cpu s       0.00 wall s
INDE writeAndReadAll: '0 MB (1 MatrixGeneral, 0 > 1 MB) + 0 MB (9 MatrixSymmetric, 0 > 1 MB) = 0 MB (10 total, 0 > 1 MB)
TISC compute_FDSminusSDF_sparse, F*D mult took      0.00 usr cpu s       0.00 sys cpu s       0.00 wall s
INSC Matrix 'FD before eucl truncation' (normal): n =     73, nnz =         5329 <-> 100.00 %, mem usage  0.0000 G
INSC Matrix 'FD after  eucl truncation' (normal): n =     73, nnz =         5329 <-> 100.00 %, mem usage  0.0000 G
INSC Matrix 'FDS before eucl truncation' (normal): n =     73, nnz =         5329 <-> 100.00 %, mem usage  0.0000 G
INSC Matrix 'FDS after  eucl truncation' (normal): n =     73, nnz =         5329 <-> 100.00 %, mem usage  0.0000 G
INSC compute_FDSminusSDF_sparse ending OK.
TISC compute_FDSminusSDF_sparse took      0.00 usr cpu s       0.02 sys cpu s       0.00 wall s
INSC Matrix 'FDS-SDF' (normal): n =     73, nnz =         5329 <-> 100.00 %, mem usage  0.0000 G
INSC SCF_restricted::get_FDSminusSDF finished.
TISC get_FDSminusSDF took      0.00 usr cpu s       0.02 sys cpu s       0.00 wall s
INSC maxabs FDS-SDF is  0.00104
INSC frob   FDS-SDF is  0.00505
TISC get_error_measure took      0.00 usr cpu s       0.00 sys cpu s       0.00 wall s
INSC entering DIISManagerRestricted::AddIterationToList, IterCount =  3
INSC DIISManagerRestricted::AddIterationToList ending OK.
TISC DIISManagerRestricted::AddIterationToList took      0.00 usr cpu s       0.00 sys cpu s       0.00 wall s
INSC using DIIS to get combined Fock matrix, number of iters used for DIIS:  4
TISC clear_error_matrices took      0.00 usr cpu s       0.00 sys cpu s       0.00 wall s
TISC save_current_fock_as_fprev took      0.00 usr cpu s       0.00 sys cpu s       0.00 wall s
INDE get_dens_from_fock_general, n = 73, use_diagonalization = 0, use_diag_on_error = 1
INDE Before writeAndReadAll(): AllocatorManager statistics:  noOfRealsPerBuffer: 1024 noOfBuffers: 20000 list.size(): 1. Allocated: 0.164 GB, Used: 0.000524 GB, Peak alloc: 0.164 GB.
TIDE FileWritable::writeAndReadAll took      0.00 usr cpu s       0.00 sys cpu s       0.00 wall s
INDE writeAndReadAll sizesStr: '0 MB (1 MatrixGeneral, 0 > 1 MB) + 0 MB (7 MatrixSymmetric, 0 > 1 MB) = 0 MB (8 total, 0 > 1 MB)
INDE After writeAndReadAll(): AllocatorManager statistics:  noOfRealsPerBuffer: 1024 noOfBuffers: 20000 list.size(): 1. Allocated: 0.164 GB, Used: 0.000524 GB, Peak alloc: 0.164 GB.
INDE calling get_dens_from_fock_sparse, n =     73, subspaceErrorLimit = 1e-06
INDE get_dens_from_fock_sparse() start!
INDE After F.readFromFile(): AllocatorManager statistics:  noOfRealsPerBuffer: 1024 noOfBuffers: 20000 list.size(): 1. Allocated: 0.164 GB, Used: 0.000524 GB, Peak alloc: 0.164 GB.
INDE After creating wrapper MatrixType F_w(F): AllocatorManager statistics:  noOfRealsPerBuffer: 1024 noOfBuffers: 20000 list.size(): 1. Allocated: 0.164 GB, Used: 0.000549 GB, Peak alloc: 0.164 GB.
TIDE  F_w to orthogonal basis took      0.00 usr cpu s       0.01 sys cpu s       0.00 wall s
TIDE MatrixType::mixed_diff for maxEigValMovement_mixed took      0.00 usr cpu s       0.00 sys cpu s       0.00 wall s
TIDE symmMatrixWrap::eucl_diff for maxEigValMovement_eucl  took      0.02 usr cpu s       0.10 sys cpu s       0.02 wall s
INDE maxEigValMovement_frob  =          0.00906597890
INDE maxEigValMovement_mixed =          0.00764631393
INDE maxEigValMovement_eucl  =          0.00286118755
INDE lumo before truncation: [ 0.206362583526 , 0.236792611931 ]
INDE homo before truncation: [ -0.324617610373 , -0.275368071283 ]
INDE Truncate matrix F and update intervals for homo and lumo.
INDE Truncating F_ort ( mixed ), selected threshold = 4.81731e-08
INDE Truncated F_ort ( mixed ), selected threshold = 4.81731e-08, returned error =          0, nnz before = 100.0000 %, nnz after = 100.0000 %
TIDE Truncation of F_ort took      0.00 usr cpu s       0.00 sys cpu s       0.00 wall s
INDE Chosen Ergo Wrapper
INDE Creating purification object: N = 73 , nocc = 47 , NNZ = 5329  <-> 100.00000 %
INDE Chosen norm for the truncation: 
INDE mixed
INDE Chosen norm for the stopping criterion: 
INDE mixed
INDE Chosen the NEW stopping criterion.
INDE Allowed error in subspace 7.000000e-07
INDE Chosen SP2 purification method
INDE calling Puri->PurificationStart(), number of threads = 1, trunc norm 'mixed'
TIDE gershgorin took      0.00 usr cpu s       0.00 sys cpu s       0.00 wall s
INDE Gershgorin bounds: [ -24.387781557183 , 5.987601032485 ]
INDE EXPANDED Gershgorin bounds: [ -24.387781572084 , 5.987601047387 ]
INDE Trying to impove bounds using Lanczos algorithm...
TIDE compute_spectrum_bounds took      0.07 usr cpu s       0.39 sys cpu s       0.06 wall s
INDE Spectrum of F: 	 [ -20.320257541703 , 1.134754282576 ]
INDE Transform homo and lumo bounds...
INDE HOMO bounds of X: 	 [ 0.065724613224 , 0.068020092690 ]
INDE LUMO bounds of X: 	 [ 0.041853235878 , 0.043271553829 ]
INDE INIT LUMO: [ 0.041853235878 , 0.043271553829 ]
INDE INIT HOMO: [ 0.931979907310 , 0.934275386776 ]
INDE ESTIMATED NUMBER OF ITERATIONS IS 24
INDE Put eigenvalues of F to the interval [0,1] in reverse order.
TIDE compute_X() took      0.00 usr cpu s       0.00 sys cpu s       0.00 wall s
TIDE prepare_to_purification() took      0.07 usr cpu s       0.39 sys cpu s       0.06 wall s
INDE (EIGV,PARAMS) Requested 0 occipied eigenpair(s).
INDE (EIGV,PARAMS) Requested 0 unoccipied eigenpair(s).
TIDE prepare_to_purification_eigenvectors() took      0.00 usr cpu s       0.00 sys cpu s       0.00 wall s
INDE Starting recursive expansion
INDE     BEFORE ITERATIONS:
TIDE truncate_matrix took      0.00 usr cpu s       0.00 sys cpu s       0.00 wall s
INDE Actual introduced error   0.000000e+00 : nnz before  5329 <-> 100.00 % , nnz after  5329 <-> 100.00 %
TIDE square took      0.00 usr cpu s       0.00 sys cpu s       0.00 wall s
INDE NNZ Xsq = 5329 <-> 100.00 %
TIDE Frobenius norm of X-X^2 took      0.00 usr cpu s       0.00 sys cpu s       0.00 wall s
TIDE Mixed norm of X-X^2 took      0.00 usr cpu s       0.00 sys cpu s       0.00 wall s
TIDE Trace of X-X^2 took      0.00 usr cpu s       0.00 sys cpu s       0.00 wall s
INDE ||X-X^2||_F = 8.726956e-01 , ||X-X^2||_mixed = 6.497849e-01
INDE trace(X-X^2) = 5.359305e+00
INDE trace(X) = 1.253019e+01
TIDE Iteration 0 took      0.01 usr cpu s       0.00 sys cpu s       0.00 wall s
TIDE FileWritable::writeAndReadAll took      0.00 usr cpu s       0.00 sys cpu s       0.00 wall s
INDE writeAndReadAll sizesStr: '0 MB (1 MatrixGeneral, 0 > 1 MB) + 0 MB (13 MatrixSymmetric, 0 > 1 MB) + 0 MB (2 VectorGeneral, 0 > 1 MB) = 0 MB (16 total, 0 > 1 MB)
INDE     ITERATION 1 :
TIDE purify_X took      0.00 usr cpu s       0.00 sys cpu s       0.00 wall s
TIDE truncate_matrix took      0.00 usr cpu s       0.00 sys cpu s       0.00 wall s
INDE Actual introduced error   0.000000e+00 : nnz before  5329 <-> 100.00 % , nnz after  5329 <-> 100.00 %
TIDE square took      0.00 usr cpu s       0.00 sys cpu s       0.00 wall s
INDE NNZ Xsq = 5329 <-> 100.00 %
TIDE Frobenius norm of X-X^2 took      0.00 usr cpu s       0.00 sys cpu s       0.00 wall s
TIDE Mixed norm of X-X^2 took      0.00 usr cpu s       0.00 sys cpu s       0.00 wall s
TIDE Trace of X-X^2 took      0.00 usr cpu s       0.00 sys cpu s       0.00 wall s
INDE ||X-X^2||_F = 9.393635e-01 , ||X-X^2||_mixed = 7.167201e-01
INDE trace(X-X^2) = 6.947245e+00
INDE trace(X) = 1.788949e+01
TIDE Iteration 1 took      0.00 usr cpu s       0.01 sys cpu s       0.00 wall s
INDE     ITERATION 2 :
TIDE purify_X took      0.00 usr cpu s       0.00 sys cpu s       0.00 wall s
TIDE truncate_matrix took      0.00 usr cpu s       0.00 sys cpu s       0.00 wall s
INDE Actual introduced error   0.000000e+00 : nnz before  5329 <-> 100.00 % , nnz after  5329 <-> 100.00 %
TIDE square took      0.00 usr cpu s       0.00 sys cpu s       0.00 wall s
INDE NNZ Xsq = 5329 <-> 100.00 %
TIDE Frobenius norm of X-X^2 took      0.00 usr cpu s       0.00 sys cpu s       0.00 wall s
TIDE Mixed norm of X-X^2 took      0.00 usr cpu s       0.00 sys cpu s       0.00 wall s
TIDE Trace of X-X^2 took      0.00 usr cpu s       0.00 sys cpu s       0.00 wall s
INDE ||X-X^2||_F = 1.278735e+00 , ||X-X^2||_mixed = 9.883913e-01
INDE trace(X-X^2) = 9.180846e+00
INDE trace(X) = 2.483674e+01
INDE Checking stopping criterion...   
INDE Order of convergence cannot be computed
TIDE stopping_criterion took      0.00 usr cpu s       0.00 sys cpu s       0.00 wall s
TIDE Iteration 2 took      0.00 usr cpu s       0.01 sys cpu s       0.00 wall s
INDE     ITERATION 3 :
TIDE purify_X took      0.00 usr cpu s       0.00 sys cpu s       0.00 wall s
TIDE truncate_matrix took      0.00 usr cpu s       0.00 sys cpu s       0.00 wall s
INDE Actual introduced error   0.000000e+00 : nnz before  5329 <-> 100.00 % , nnz after  5329 <-> 100.00 %
TIDE square took      0.00 usr cpu s       0.01 sys cpu s       0.00 wall s
INDE NNZ Xsq = 5329 <-> 100.00 %
TIDE Frobenius norm of X-X^2 took      0.00 usr cpu s       0.00 sys cpu s       0.00 wall s
TIDE Mixed norm of X-X^2 took      0.00 usr cpu s       0.00 sys cpu s       0.00 wall s
TIDE Trace of X-X^2 took      0.00 usr cpu s       0.00 sys cpu s       0.00 wall s
INDE ||X-X^2||_F = 1.590090e+00 , ||X-X^2||_mixed = 1.196476e+00
INDE trace(X-X^2) = 1.156541e+01
INDE trace(X) = 3.401758e+01
INDE Checking stopping criterion...   
INDE Order of convergence cannot be computed
TIDE stopping_criterion took      0.00 usr cpu s       0.00 sys cpu s       0.00 wall s
TIDE Iteration 3 took      0.00 usr cpu s       0.02 sys cpu s       0.00 wall s
INDE     ITERATION 4 :
TIDE purify_X took      0.00 usr cpu s       0.00 sys cpu s       0.00 wall s
TIDE truncate_matrix took      0.00 usr cpu s       0.00 sys cpu s       0.00 wall s
INDE Actual introduced error   0.000000e+00 : nnz before  5329 <-> 100.00 % , nnz after  5329 <-> 100.00 %
TIDE square took      0.00 usr cpu s       0.00 sys cpu s       0.00 wall s
INDE NNZ Xsq = 5329 <-> 100.00 %
TIDE Frobenius norm of X-X^2 took      0.00 usr cpu s       0.00 sys cpu s       0.00 wall s
TIDE Mixed norm of X-X^2 took      0.00 usr cpu s       0.00 sys cpu s       0.00 wall s
TIDE Trace of X-X^2 took      0.00 usr cpu s       0.00 sys cpu s       0.00 wall s
INDE ||X-X^2||_F = 1.468982e+00 , ||X-X^2||_mixed = 1.076605e+00
INDE trace(X-X^2) = 1.099369e+01
INDE trace(X) = 4.558299e+01
INDE Checking stopping criterion...   
INDE Order of convergence cannot be computed
TIDE stopping_criterion took      0.00 usr cpu s       0.00 sys cpu s       0.00 wall s
TIDE Iteration 4 took      0.00 usr cpu s       0.01 sys cpu s       0.00 wall s
INDE     ITERATION 5 :
TIDE purify_X took      0.00 usr cpu s       0.00 sys cpu s       0.00 wall s
TIDE truncate_matrix took      0.00 usr cpu s       0.00 sys cpu s       0.00 wall s
INDE Actual introduced error   0.000000e+00 : nnz before  5329 <-> 100.00 % , nnz after  5329 <-> 100.00 %
TIDE square took      0.00 usr cpu s       0.00 sys cpu s       0.00 wall s
INDE NNZ Xsq = 5329 <-> 100.00 %
TIDE Frobenius norm of X-X^2 took      0.00 usr cpu s       0.00 sys cpu s       0.00 wall s
TIDE Mixed norm of X-X^2 took      0.00 usr cpu s       0.01 sys cpu s       0.00 wall s
TIDE Trace of X-X^2 took      0.00 usr cpu s       0.00 sys cpu s       0.00 wall s
INDE ||X-X^2||_F = 1.474473e+00 , ||X-X^2||_mixed = 1.142930e+00
INDE trace(X-X^2) = 1.012547e+01
INDE trace(X) = 3.458930e+01
INDE Checking stopping criterion...   
INDE Order of convergence cannot be computed
TIDE stopping_criterion took      0.00 usr cpu s       0.00 sys cpu s       0.00 wall s
TIDE Iteration 5 took      0.00 usr cpu s       0.01 sys cpu s       0.00 wall s
INDE     ITERATION 6 :
TIDE purify_X took      0.00 usr cpu s       0.00 sys cpu s       0.00 wall s
TIDE truncate_matrix took      0.00 usr cpu s       0.00 sys cpu s       0.00 wall s
INDE Actual introduced error   0.000000e+00 : nnz before  5329 <-> 100.00 % , nnz after  5329 <-> 100.00 %
TIDE square took      0.00 usr cpu s       0.00 sys cpu s       0.00 wall s
INDE NNZ Xsq = 5329 <-> 100.00 %
TIDE Frobenius norm of X-X^2 took      0.00 usr cpu s       0.00 sys cpu s       0.00 wall s
TIDE Mixed norm of X-X^2 took      0.00 usr cpu s       0.01 sys cpu s       0.00 wall s
TIDE Trace of X-X^2 took      0.00 usr cpu s       0.00 sys cpu s       0.00 wall s
INDE ||X-X^2||_F = 1.188984e+00 , ||X-X^2||_mixed = 9.030581e-01
INDE trace(X-X^2) = 8.455425e+00
INDE trace(X) = 4.471477e+01
INDE Checking stopping criterion...   
INDE Order of convergence cannot be computed
TIDE stopping_criterion took      0.00 usr cpu s       0.00 sys cpu s       0.00 wall s
TIDE Iteration 6 took      0.00 usr cpu s       0.01 sys cpu s       0.00 wall s
INDE     ITERATION 7 :
TIDE purify_X took      0.00 usr cpu s       0.00 sys cpu s       0.00 wall s
TIDE truncate_matrix took      0.00 usr cpu s       0.00 sys cpu s       0.00 wall s
INDE Actual introduced error   0.000000e+00 : nnz before  5329 <-> 100.00 % , nnz after  5329 <-> 100.00 %
TIDE square took      0.00 usr cpu s       0.01 sys cpu s       0.00 wall s
INDE NNZ Xsq = 5329 <-> 100.00 %
TIDE Frobenius norm of X-X^2 took      0.00 usr cpu s       0.00 sys cpu s       0.00 wall s
TIDE Mixed norm of X-X^2 took      0.00 usr cpu s       0.00 sys cpu s       0.00 wall s
TIDE Trace of X-X^2 took      0.00 usr cpu s       0.00 sys cpu s       0.00 wall s
INDE ||X-X^2||_F = 1.310621e+00 , ||X-X^2||_mixed = 1.044175e+00
INDE trace(X-X^2) = 8.295695e+00
INDE trace(X) = 3.625935e+01
INDE Checking stopping criterion...   
INDE Order of convergence cannot be computed
TIDE stopping_criterion took      0.00 usr cpu s       0.00 sys cpu s       0.00 wall s
TIDE Iteration 7 took      0.00 usr cpu s       0.02 sys cpu s       0.00 wall s
INDE     ITERATION 8 :
TIDE purify_X took      0.00 usr cpu s       0.00 sys cpu s       0.00 wall s
TIDE truncate_matrix took      0.00 usr cpu s       0.00 sys cpu s       0.00 wall s
INDE Actual introduced error   0.000000e+00 : nnz before  5329 <-> 100.00 % , nnz after  5329 <-> 100.00 %
TIDE square took      0.00 usr cpu s       0.01 sys cpu s       0.00 wall s
INDE NNZ Xsq = 5329 <-> 100.00 %
TIDE Frobenius norm of X-X^2 took      0.00 usr cpu s       0.00 sys cpu s       0.00 wall s
TIDE Mixed norm of X-X^2 took      0.00 usr cpu s       0.01 sys cpu s       0.00 wall s
TIDE Trace of X-X^2 took      0.00 usr cpu s       0.00 sys cpu s       0.00 wall s
INDE ||X-X^2||_F = 8.779800e-01 , ||X-X^2||_mixed = 7.019800e-01
INDE trace(X-X^2) = 5.519951e+00
INDE trace(X) = 4.455504e+01
INDE Checking stopping criterion...   
INDE e_i =7.019800e-01, C*e_{i-1}^q = 5.616607e+00
INDE Order of convergence = 22.394341, stop = 0
TIDE stopping_criterion took      0.00 usr cpu s       0.00 sys cpu s       0.00 wall s
TIDE Iteration 8 took      0.01 usr cpu s       0.01 sys cpu s       0.00 wall s
INDE     ITERATION 9 :
TIDE purify_X took      0.00 usr cpu s       0.00 sys cpu s       0.00 wall s
TIDE truncate_matrix took      0.00 usr cpu s       0.00 sys cpu s       0.00 wall s
INDE Actual introduced error   0.000000e+00 : nnz before  5329 <-> 100.00 % , nnz after  5329 <-> 100.00 %
TIDE square took      0.00 usr cpu s       0.00 sys cpu s       0.00 wall s
INDE NNZ Xsq = 5329 <-> 100.00 %
TIDE Frobenius norm of X-X^2 took      0.00 usr cpu s       0.00 sys cpu s       0.00 wall s
TIDE Mixed norm of X-X^2 took      0.00 usr cpu s       0.01 sys cpu s       0.00 wall s
TIDE Trace of X-X^2 took      0.00 usr cpu s       0.00 sys cpu s       0.00 wall s
INDE ||X-X^2||_F = 1.082324e+00 , ||X-X^2||_mixed = 8.901730e-01
INDE trace(X-X^2) = 6.171421e+00
INDE trace(X) = 3.903509e+01
INDE Checking stopping criterion...   
INDE Order of convergence cannot be computed
TIDE stopping_criterion took      0.00 usr cpu s       0.00 sys cpu s       0.00 wall s
TIDE Iteration 9 took      0.00 usr cpu s       0.01 sys cpu s       0.00 wall s
INDE     ITERATION 10 :
TIDE purify_X took      0.00 usr cpu s       0.00 sys cpu s       0.00 wall s
TIDE truncate_matrix took      0.00 usr cpu s       0.00 sys cpu s       0.00 wall s
INDE Actual introduced error   0.000000e+00 : nnz before  5329 <-> 100.00 % , nnz after  5329 <-> 100.00 %
TIDE square took      0.00 usr cpu s       0.01 sys cpu s       0.00 wall s
INDE NNZ Xsq = 5329 <-> 100.00 %
TIDE Frobenius norm of X-X^2 took      0.00 usr cpu s       0.00 sys cpu s       0.00 wall s
TIDE Mixed norm of X-X^2 took      0.00 usr cpu s       0.00 sys cpu s       0.00 wall s
TIDE Trace of X-X^2 took      0.00 usr cpu s       0.00 sys cpu s       0.00 wall s
INDE ||X-X^2||_F = 5.861690e-01 , ||X-X^2||_mixed = 4.988851e-01
INDE trace(X-X^2) = 3.052899e+00
INDE trace(X) = 4.520651e+01
INDE Checking stopping criterion...   
INDE e_i =4.988851e-01, C*e_{i-1}^q = 3.393846e+00
INDE Order of convergence = 7.418514, stop = 0
TIDE stopping_criterion took      0.00 usr cpu s       0.00 sys cpu s       0.00 wall s
TIDE Iteration 10 took      0.00 usr cpu s       0.01 sys cpu s       0.00 wall s
INDE     ITERATION 11 :
TIDE purify_X took      0.00 usr cpu s       0.00 sys cpu s       0.00 wall s
TIDE truncate_matrix took      0.00 usr cpu s       0.00 sys cpu s       0.00 wall s
INDE Actual introduced error   0.000000e+00 : nnz before  5329 <-> 100.00 % , nnz after  5329 <-> 100.00 %
TIDE square took      0.00 usr cpu s       0.00 sys cpu s       0.00 wall s
INDE NNZ Xsq = 5329 <-> 100.00 %
TIDE Frobenius norm of X-X^2 took      0.00 usr cpu s       0.00 sys cpu s       0.00 wall s
TIDE Mixed norm of X-X^2 took      0.00 usr cpu s       0.00 sys cpu s       0.00 wall s
TIDE Trace of X-X^2 took      0.00 usr cpu s       0.00 sys cpu s       0.00 wall s
INDE ||X-X^2||_F = 7.909033e-01 , ||X-X^2||_mixed = 6.867283e-01
INDE trace(X-X^2) = 3.919140e+00
INDE trace(X) = 4.215362e+01
INDE Checking stopping criterion...   
INDE e_i =6.867283e-01, C*e_{i-1}^q = 5.457472e+00
INDE Order of convergence = 19.816841, stop = 0
TIDE stopping_criterion took      0.00 usr cpu s       0.00 sys cpu s       0.00 wall s
TIDE Iteration 11 took      0.00 usr cpu s       0.01 sys cpu s       0.00 wall s
INDE     ITERATION 12 :
TIDE purify_X took      0.00 usr cpu s       0.00 sys cpu s       0.00 wall s
TIDE truncate_matrix took      0.00 usr cpu s       0.00 sys cpu s       0.00 wall s
INDE Actual introduced error   0.000000e+00 : nnz before  5329 <-> 100.00 % , nnz after  5329 <-> 100.00 %
TIDE square took      0.00 usr cpu s       0.00 sys cpu s       0.00 wall s
INDE NNZ Xsq = 5329 <-> 100.00 %
TIDE Frobenius norm of X-X^2 took      0.00 usr cpu s       0.00 sys cpu s       0.00 wall s
TIDE Mixed norm of X-X^2 took      0.00 usr cpu s       0.00 sys cpu s       0.00 wall s
TIDE Trace of X-X^2 took      0.00 usr cpu s       0.00 sys cpu s       0.00 wall s
INDE ||X-X^2||_F = 3.238301e-01 , ||X-X^2||_mixed = 2.956872e-01
INDE trace(X-X^2) = 1.350602e+00
INDE trace(X) = 4.607275e+01
INDE Checking stopping criterion...   
INDE e_i =2.956872e-01, C*e_{i-1}^q = 1.714130e+00
INDE Order of convergence = 4.527193, stop = 0
TIDE stopping_criterion took      0.00 usr cpu s       0.00 sys cpu s       0.00 wall s
TIDE Iteration 12 took      0.00 usr cpu s       0.01 sys cpu s       0.00 wall s
INDE     ITERATION 13 :
TIDE purify_X took      0.00 usr cpu s       0.00 sys cpu s       0.00 wall s
TIDE truncate_matrix took      0.00 usr cpu s       0.00 sys cpu s       0.00 wall s
INDE Actual introduced error   0.000000e+00 : nnz before  5329 <-> 100.00 % , nnz after  5329 <-> 100.00 %
TIDE square took      0.00 usr cpu s       0.00 sys cpu s       0.00 wall s
INDE NNZ Xsq = 5329 <-> 100.00 %
TIDE Frobenius norm of X-X^2 took      0.00 usr cpu s       0.00 sys cpu s       0.00 wall s
TIDE Mixed norm of X-X^2 took      0.00 usr cpu s       0.00 sys cpu s       0.00 wall s
TIDE Trace of X-X^2 took      0.00 usr cpu s       0.00 sys cpu s       0.00 wall s
INDE ||X-X^2||_F = 2.390477e-01 , ||X-X^2||_mixed = 2.302022e-01
INDE trace(X-X^2) = 5.636935e-01
INDE trace(X) = 4.742336e+01
INDE Checking stopping criterion...   
INDE Order of convergence cannot be computed
TIDE stopping_criterion took      0.00 usr cpu s       0.00 sys cpu s       0.00 wall s
TIDE Iteration 13 took      0.01 usr cpu s       0.00 sys cpu s       0.00 wall s
INDE     ITERATION 14 :
TIDE purify_X took      0.00 usr cpu s       0.00 sys cpu s       0.00 wall s
TIDE truncate_matrix took      0.00 usr cpu s       0.00 sys cpu s       0.00 wall s
INDE Actual introduced error   0.000000e+00 : nnz before  5329 <-> 100.00 % , nnz after  5329 <-> 100.00 %
TIDE square took      0.00 usr cpu s       0.00 sys cpu s       0.00 wall s
INDE NNZ Xsq = 5329 <-> 100.00 %
TIDE Frobenius norm of X-X^2 took      0.00 usr cpu s       0.00 sys cpu s       0.00 wall s
TIDE Mixed norm of X-X^2 took      0.00 usr cpu s       0.00 sys cpu s       0.00 wall s
TIDE Trace of X-X^2 took      0.00 usr cpu s       0.00 sys cpu s       0.00 wall s
INDE ||X-X^2||_F = 9.497601e-02 , ||X-X^2||_mixed = 9.073329e-02
INDE trace(X-X^2) = 2.928365e-01
INDE trace(X) = 4.685966e+01
INDE Checking stopping criterion...   
INDE e_i =9.073329e-02, C*e_{i-1}^q = 6.021544e-01
INDE Order of convergence = 3.553272, stop = 0
TIDE stopping_criterion took      0.00 usr cpu s       0.00 sys cpu s       0.00 wall s
TIDE Iteration 14 took      0.01 usr cpu s       0.02 sys cpu s       0.00 wall s
INDE     ITERATION 15 :
TIDE purify_X took      0.00 usr cpu s       0.00 sys cpu s       0.00 wall s
TIDE truncate_matrix took      0.00 usr cpu s       0.00 sys cpu s       0.00 wall s
INDE Actual introduced error   0.000000e+00 : nnz before  5329 <-> 100.00 % , nnz after  5329 <-> 100.00 %
TIDE square took      0.00 usr cpu s       0.00 sys cpu s       0.00 wall s
INDE NNZ Xsq = 5329 <-> 100.00 %
TIDE Frobenius norm of X-X^2 took      0.00 usr cpu s       0.00 sys cpu s       0.00 wall s
TIDE Mixed norm of X-X^2 took      0.00 usr cpu s       0.00 sys cpu s       0.00 wall s
TIDE Trace of X-X^2 took      0.00 usr cpu s       0.00 sys cpu s       0.00 wall s
INDE ||X-X^2||_F = 9.363162e-02 , ||X-X^2||_mixed = 9.269423e-02
INDE trace(X-X^2) = 1.564995e-01
INDE trace(X) = 4.715250e+01
INDE Checking stopping criterion...   
INDE e_i =9.269423e-02, C*e_{i-1}^q = 3.649737e-01
INDE Order of convergence = 2.933089, stop = 0
TIDE stopping_criterion took      0.00 usr cpu s       0.00 sys cpu s       0.00 wall s
TIDE Iteration 15 took      0.00 usr cpu s       0.01 sys cpu s       0.00 wall s
INDE     ITERATION 16 :
TIDE purify_X took      0.00 usr cpu s       0.00 sys cpu s       0.00 wall s
TIDE truncate_matrix took      0.00 usr cpu s       0.00 sys cpu s       0.00 wall s
INDE Actual introduced error   0.000000e+00 : nnz before  5329 <-> 100.00 % , nnz after  5329 <-> 100.00 %
TIDE square took      0.00 usr cpu s       0.00 sys cpu s       0.00 wall s
INDE NNZ Xsq = 5329 <-> 100.00 %
TIDE Frobenius norm of X-X^2 took      0.00 usr cpu s       0.00 sys cpu s       0.00 wall s
TIDE Mixed norm of X-X^2 took      0.00 usr cpu s       0.00 sys cpu s       0.00 wall s
TIDE Trace of X-X^2 took      0.00 usr cpu s       0.00 sys cpu s       0.00 wall s
INDE ||X-X^2||_F = 1.094191e-02 , ||X-X^2||_mixed = 1.066190e-02
INDE trace(X-X^2) = 2.441605e-02
INDE trace(X) = 4.699600e+01
INDE Checking stopping criterion...   
INDE e_i =1.066190e-02, C*e_{i-1}^q = 5.669908e-02
INDE Order of convergence = 2.696333, stop = 0
TIDE stopping_criterion took      0.00 usr cpu s       0.00 sys cpu s       0.00 wall s
TIDE Iteration 16 took      0.00 usr cpu s       0.01 sys cpu s       0.00 wall s
INDE     ITERATION 17 :
TIDE purify_X took      0.00 usr cpu s       0.00 sys cpu s       0.00 wall s
TIDE truncate_matrix took      0.00 usr cpu s       0.00 sys cpu s       0.00 wall s
INDE Actual introduced error   0.000000e+00 : nnz before  5329 <-> 100.00 % , nnz after  5329 <-> 100.00 %
TIDE square took      0.00 usr cpu s       0.01 sys cpu s       0.00 wall s
INDE NNZ Xsq = 5329 <-> 100.00 %
TIDE Frobenius norm of X-X^2 took      0.00 usr cpu s       0.00 sys cpu s       0.00 wall s
TIDE Mixed norm of X-X^2 took      0.00 usr cpu s       0.01 sys cpu s       0.00 wall s
TIDE Trace of X-X^2 took      0.00 usr cpu s       0.00 sys cpu s       0.00 wall s
INDE ||X-X^2||_F = 1.475299e-02 , ||X-X^2||_mixed = 1.471170e-02
INDE trace(X-X^2) = 2.832505e-02
INDE trace(X) = 4.697158e+01
INDE Checking stopping criterion...   
INDE Order of convergence cannot be computed
TIDE stopping_criterion took      0.00 usr cpu s       0.00 sys cpu s       0.00 wall s
TIDE Iteration 17 took      0.01 usr cpu s       0.02 sys cpu s       0.00 wall s
INDE     ITERATION 18 :
TIDE purify_X took      0.00 usr cpu s       0.00 sys cpu s       0.00 wall s
TIDE truncate_matrix took      0.00 usr cpu s       0.00 sys cpu s       0.00 wall s
INDE Actual introduced error   0.000000e+00 : nnz before  5329 <-> 100.00 % , nnz after  5329 <-> 100.00 %
TIDE square took      0.00 usr cpu s       0.00 sys cpu s       0.00 wall s
INDE NNZ Xsq = 5329 <-> 100.00 %
TIDE Frobenius norm of X-X^2 took      0.00 usr cpu s       0.00 sys cpu s       0.00 wall s
TIDE Mixed norm of X-X^2 took      0.00 usr cpu s       0.00 sys cpu s       0.00 wall s
TIDE Trace of X-X^2 took      0.00 usr cpu s       0.00 sys cpu s       0.00 wall s
INDE ||X-X^2||_F = 1.954240e-04 , ||X-X^2||_mixed = 1.915881e-04
INDE trace(X-X^2) = 3.529038e-04
INDE trace(X) = 4.699991e+01
INDE Checking stopping criterion...   
INDE e_i =1.915881e-04, C*e_{i-1}^q = 7.829103e-04
INDE Order of convergence = 2.309986, stop = 0
TIDE stopping_criterion took      0.00 usr cpu s       0.00 sys cpu s       0.00 wall s
TIDE Iteration 18 took      0.00 usr cpu s       0.01 sys cpu s       0.00 wall s
INDE     ITERATION 19 :
TIDE purify_X took      0.00 usr cpu s       0.00 sys cpu s       0.00 wall s
TIDE truncate_matrix took      0.00 usr cpu s       0.00 sys cpu s       0.00 wall s
INDE Actual introduced error   0.000000e+00 : nnz before  5329 <-> 100.00 % , nnz after  5329 <-> 100.00 %
TIDE square took      0.00 usr cpu s       0.00 sys cpu s       0.00 wall s
INDE NNZ Xsq = 5329 <-> 100.00 %
TIDE Frobenius norm of X-X^2 took      0.00 usr cpu s       0.00 sys cpu s       0.00 wall s
TIDE Mixed norm of X-X^2 took      0.00 usr cpu s       0.01 sys cpu s       0.00 wall s
TIDE Trace of X-X^2 took      0.00 usr cpu s       0.00 sys cpu s       0.00 wall s
INDE ||X-X^2||_F = 2.456580e-04 , ||X-X^2||_mixed = 2.456477e-04
INDE trace(X-X^2) = 2.618281e-04
INDE trace(X) = 4.700026e+01
INDE Checking stopping criterion...   
INDE Order of convergence cannot be computed
TIDE stopping_criterion took      0.00 usr cpu s       0.00 sys cpu s       0.00 wall s
TIDE Iteration 19 took      0.00 usr cpu s       0.01 sys cpu s       0.00 wall s
INDE     ITERATION 20 :
TIDE purify_X took      0.00 usr cpu s       0.00 sys cpu s       0.00 wall s
TIDE truncate_matrix took      0.00 usr cpu s       0.00 sys cpu s       0.00 wall s
INDE Actual introduced error   0.000000e+00 : nnz before  5329 <-> 100.00 % , nnz after  5329 <-> 100.00 %
TIDE square took      0.00 usr cpu s       0.00 sys cpu s       0.00 wall s
INDE NNZ Xsq = 5329 <-> 100.00 %
TIDE Frobenius norm of X-X^2 took      0.00 usr cpu s       0.00 sys cpu s       0.00 wall s
TIDE Mixed norm of X-X^2 took      0.00 usr cpu s       0.00 sys cpu s       0.00 wall s
TIDE Trace of X-X^2 took      0.00 usr cpu s       0.00 sys cpu s       0.00 wall s
INDE ||X-X^2||_F = 7.076415e-08 , ||X-X^2||_mixed = 6.969063e-08
INDE trace(X-X^2) = 1.065845e-07
INDE trace(X) = 4.700000e+01
INDE Checking stopping criterion...   
INDE e_i =6.969063e-08, C*e_{i-1}^q = 2.528017e-07
INDE Order of convergence = 2.150527, stop = 0
TIDE stopping_criterion took      0.00 usr cpu s       0.00 sys cpu s       0.00 wall s
TIDE Iteration 20 took      0.00 usr cpu s       0.01 sys cpu s       0.00 wall s
INDE     ITERATION 21 :
TIDE purify_X took      0.00 usr cpu s       0.00 sys cpu s       0.00 wall s
TIDE truncate_matrix took      0.00 usr cpu s       0.00 sys cpu s       0.00 wall s
INDE Actual introduced error   0.000000e+00 : nnz before  5329 <-> 100.00 % , nnz after  5329 <-> 100.00 %
TIDE square took      0.00 usr cpu s       0.00 sys cpu s       0.00 wall s
INDE NNZ Xsq = 5329 <-> 100.00 %
TIDE Frobenius norm of X-X^2 took      0.00 usr cpu s       0.00 sys cpu s       0.00 wall s
TIDE Mixed norm of X-X^2 took      0.00 usr cpu s       0.00 sys cpu s       0.00 wall s
TIDE Trace of X-X^2 took      0.00 usr cpu s       0.00 sys cpu s       0.00 wall s
INDE ||X-X^2||_F = 7.464889e-08 , ||X-X^2||_mixed = 7.464116e-08
INDE trace(X-X^2) = 9.241433e-08
INDE trace(X) = 4.700000e+01
INDE Checking stopping criterion...   
INDE Order of convergence cannot be computed
TIDE stopping_criterion took      0.00 usr cpu s       0.00 sys cpu s       0.00 wall s
TIDE Iteration 21 took      0.00 usr cpu s       0.01 sys cpu s       0.00 wall s
INDE     ITERATION 22 :
TIDE purify_X took      0.00 usr cpu s       0.01 sys cpu s       0.00 wall s
TIDE truncate_matrix took      0.00 usr cpu s       0.00 sys cpu s       0.00 wall s
INDE Actual introduced error   0.000000e+00 : nnz before  5329 <-> 100.00 % , nnz after  5329 <-> 100.00 %
TIDE square took      0.00 usr cpu s       0.00 sys cpu s       0.00 wall s
INDE NNZ Xsq = 5329 <-> 100.00 %
TIDE Frobenius norm of X-X^2 took      0.00 usr cpu s       0.00 sys cpu s       0.00 wall s
TIDE Mixed norm of X-X^2 took      0.00 usr cpu s       0.00 sys cpu s       0.00 wall s
TIDE Trace of X-X^2 took      0.00 usr cpu s       0.00 sys cpu s       0.00 wall s
INDE ||X-X^2||_F = 9.139970e-15 , ||X-X^2||_mixed = 0.000000e+00
INDE trace(X-X^2) = 1.421085e-14
INDE trace(X) = 4.700000e+01
INDE Checking stopping criterion...   
INDE ************************************************************************************************************
INDE The norm value went much below machine precision, therefore we stop here since n_max can be underestimated.
INDE ************************************************************************************************************
INDE e_i =0.000000e+00, C*e_{i-1}^q = 3.344965e-14
INDE Order of convergence = inf, stop = 1
TIDE stopping_criterion took      0.00 usr cpu s       0.00 sys cpu s       0.00 wall s
INDE PURIFICATION CONVERGED after 22 iterations
TIDE Iteration 22 took      0.00 usr cpu s       0.01 sys cpu s       0.00 wall s
INDE Number of non-zeros in D is  5329 <-> 100.00 %
TIDE FileWritable::writeAndReadAll took      0.00 usr cpu s       0.00 sys cpu s       0.00 wall s
INDE writeAndReadAll sizesStr: '0 MB (1 MatrixGeneral, 0 > 1 MB) + 0 MB (13 MatrixSymmetric, 0 > 1 MB) + 0 MB (2 VectorGeneral, 0 > 1 MB) = 0 MB (16 total, 0 > 1 MB)
INDE TOTAL accumulated subspace error is 0.000000e+00
INDE TOTAL X square time: 0.012419 wall s
INDE TOTAL X trunction time: 0.001219 wall s
INDE TOTAL X purify (exl. X^2 computation) time: 0.001807 wall s
INDE TOTAL time to get number of non-zero elements: 0.000877 wall s
INDE TOTAL time to get mixed norm: 0.016227 wall s
INDE TOTAL time to get Frobenius norm: 0.001034 wall s
INDE TOTAL time for stopping criterion: 0.002160 wall s
INDE TOTAL time to get matrix trace: 0.000485 wall s
INDE Estimated bounds for the eigenvalues for the Fock matrix:
INDE LUMO: [ 0.209809807381 , 0.234511291429 ]
INDE HOMO: [ -0.321267147815 , -0.278370450692 ]
TIDE eigenvalue_bounds_estimation() took      0.00 usr cpu s       0.00 sys cpu s       0.00 wall s
TIDE Recursive expansion took      0.15 usr cpu s       0.62 sys cpu s       0.10 wall s
TIDE Puri->PurificationStart() took      0.15 usr cpu s       0.62 sys cpu s       0.10 wall s
TIDE Accumulated wall times for writeToFile in PurificationStart()          : 0 s (MatrixGeneral) + 4.1e-06 s (MatrixSymmetric) + 4.1e-05 s (VectorGeneral) = 4.5e-05 s
TIDE Accumulated wall times for readFromFile in PurificationStart()         : 9.5e-07 s (MatrixGeneral) + 9.5e-07 s (MatrixSymmetric) + 1.6e-05 s (VectorGeneral) = 1.8e-05 s
TIDE Accumulated wall times for copy and assign in PurificationStart()      : 1.2e-06 s (MatrixSymmetric) + 4e-05 s (VectorGeneral) = 4.1e-05 s
INDE Number of calls to writeToFile in PurificationStart()                  : 2 (MatrixGeneral) + 27 (MatrixSymmetric) + 397 (VectorGeneral) = 426 
INDE Number of calls to readFromFile in PurificationStart()                 : 2 (MatrixGeneral) + 26 (MatrixSymmetric) + 182 (VectorGeneral) = 210 
INDE Number of calls to FileWritable copy and assign in PurificationStart() : 2 (MatrixSymmetric) + 24 (VectorGeneral) = 26 
TIDE mat::Gblas::time after purification :     0.482267
INDE Created .m files with results of the purification
INDE Purification converged OK, subspaceError <=          0.00000000000
INDE E(LUMO) - E(HOMO) >=          0.48818025807 =         13.28406162359 eV
INDE E(LUMO) - E(HOMO) <=          0.55577843924 =         15.12350184975 eV
INDE HOMO interval : [   -0.321267147815   -0.278370450692 ]
INDE LUMO interval : [    0.209809807381    0.234511291429 ]
INDE Trace of resulting density matrix is         47.00000000000, error is   0.00000000000001.
INDE Truncated D_ort ( mixed ), selected threshold = 9.99999e-08, returned error =          0, nnz before = 5329 <-> 100.0000 %, nnz after = 5329 <-> 100.0000 %
TIDE FileWritable::writeAndReadAll took      0.00 usr cpu s       0.00 sys cpu s       0.00 wall s
INDE writeAndReadAll sizesStr: '0 MB (1 MatrixGeneral, 0 > 1 MB) + 0 MB (12 MatrixSymmetric, 0 > 1 MB) + 0 MB (1 MatrixTriangular, 0 > 1 MB) = 0 MB (14 total, 0 > 1 MB)
TIDE D_w to non-orthogonal basis took      0.00 usr cpu s       0.00 sys cpu s       0.00 wall s
INDE Truncated D_S (eucl with Z), selected threshold = 9.99999e-08, returned error =          0, nnz before = 100.0000 %, nnz after = 100.0000 %
INDE get_dens_from_fock_sparse ending OK
TIDE get_dens_from_fock_sparse took      0.18 usr cpu s       0.76 sys cpu s       0.13 wall s
ERDE get_dens_from_fock  (GetDensFromFock class) : purification finished OK.
TIDE get_dens_from_fock took      0.18 usr cpu s       0.76 sys cpu s       0.13 wall s
INSC Matrix 'new density matrix' ( symm ): n =     73, nnz =         5329 <-> 100.00 %, mem usage  0.0000 G
INSC Tr( D * S ) =         94.00000000000
TISC get_new_density_matrix took      0.18 usr cpu s       0.76 sys cpu s       0.13 wall s
INSC SCF_restricted::report_density_difference, diff_eucl =          0.00597815187
TISC SCF_restricted::report_density_difference took      0.02 usr cpu s       0.07 sys cpu s       0.01 wall s
INMA ddf_writeShellListAndDensityMatricesToFile_sparse, n =     73, densityMatrixList[0].nvalues =        2701
INMA opened temporary file 'density.bin.l5mXqP' for writing
INMA Choosing matrixStorageType = MATRIX_STORAGE_TYPE_TRIANGLE.
INMA fileSize =           46848 bytes =      0.047 MegaBytes
INMA renamed file 'density.bin.l5mXqP' to 'density.bin'
INMA ddf_writeShellListAndDensityMatricesToFile_sparse freeing buffer.
INMA ddf_writeShellListAndDensityMatricesToFile_sparse returning OK.
TISC write_density_to_file took      0.01 usr cpu s       0.05 sys cpu s       0.01 wall s
INSC SCF cycle  11 finished.
TISC SCF cycle  11 took      7.77 usr cpu s       1.40 sys cpu s       2.42 wall s
INSC Beginning of SCF cycle 12:  Thu Mar 26 20:00:23 2026
INDE compute_J_by_boxes_sparse() start.
TIDE FileWritable::writeAndReadAll took      0.00 usr cpu s       0.00 sys cpu s       0.00 wall s
INDE writeAndReadAll: '0 MB (1 MatrixGeneral, 0 > 1 MB) + 0 MB (11 MatrixSymmetric, 0 > 1 MB) = 0 MB (12 total, 0 > 1 MB)
IN   compute_J_by_boxes_sparse, maxDensityMatrixElement =          2.11092259646
ININ get_basis_func_pair_list, n =     73
ININ create_box_system end OK, toplevelBoxSize:   7.0, #levels:  3, #boxes at top level:      6
TIIN get_basis_func_pair_list_2el took      0.08 usr cpu s       0.27 sys cpu s       0.05 wall s
IN   compute_J_by_boxes_sparse: noOfBasisFuncIndexPairs = 2598 ==> storing  48.75 % of a full matrix
ININ entering compute_J_by_boxes_linear, no of basis funcs =    73, threshold_J =   1e-12
ININ use_fmm = 1, fmm_box_size =   5.00
TIIN Compute extent for all distrs took      0.05 usr cpu s       0.00 sys cpu s       0.05 wall s
ININ extent_min =    0.000, extent_max =    8.395
ININ Creating list of distributions etc done, distrCount =     36059
TIIN Creating list of distributions etc took      0.11 usr cpu s       0.18 sys cpu s       0.08 wall s
ININ create_box_system end OK, toplevelBoxSize:   5.0, #levels:  3, #boxes at top level:     10
TIIN Creating boxes took      0.00 usr cpu s       0.00 sys cpu s       0.00 wall s
ININ noOfBranches = 4, splitters:   5.00  2.50  0.00
ININ J org done, groupCount =     3008
TIIN J org took      0.13 usr cpu s       0.00 sys cpu s       0.13 wall s
TIIN Generate group multipoles took      0.08 usr cpu s       0.00 sys cpu s       0.08 wall s
ININ totChargeWholeSystem =          0.00000000000
ININ Generating multipole for each branch at top level, MAX_MULTIPOLE_DEGREE = 15
TIIN Translate multipoles (step 1) took      0.08 usr cpu s       0.00 sys cpu s       0.08 wall s
TIIN Translate multipoles (step 2) took      0.07 usr cpu s       0.00 sys cpu s       0.07 wall s
ININ job lists for J created OK, noOfJobs_J_standard =      759, noOfJobs_J_multipole =      122
TIIN Creating job lists for J took      0.00 usr cpu s       0.00 sys cpu s       0.00 wall s
ININ execute_joblist_J_std_threaded, noOfThreads =  8
ININ 8 threads started OK.
ININ all 8 threads have finished.
TIIN execute_joblist_J_std_threaded took      3.58 usr cpu s       0.00 sys cpu s       0.61 wall s
TIIN sort_list_of_multipole_jobs init part took      0.00 usr cpu s       0.00 sys cpu s       0.00 wall s
TIIN sort_list_of_multipole_jobs complete took      0.00 usr cpu s       0.00 sys cpu s       0.00 wall s
TIIN sort_list_of_multipole_jobs took      0.00 usr cpu s       0.00 sys cpu s       0.00 wall s
ININ execute_joblist_J_fmm_shared: Allocating multipoleList_4, maxnoOfMinimalDistrsPerBoxBranch =      7533
ININ execute_joblist_J_fmm_shared: Allocating multipoleList_4, maxnoOfMinimalDistrsPerBoxBranch =      7533
ININ execute_joblist_J_fmm_shared: jobIndexLo =           30, jobIndexHi =           45
ININ execute_joblist_J_fmm_shared: Allocating multipoleList_4, maxnoOfMinimalDistrsPerBoxBranch =      7533
ININ execute_joblist_J_fmm_shared: jobIndexLo =            0, jobIndexHi =           15
ININ execute_joblist_J_fmm_shared: Allocating multipoleList_4, maxnoOfMinimalDistrsPerBoxBranch =      7533
ININ execute_joblist_J_fmm_shared: jobIndexLo =           45, jobIndexHi =           61
ININ execute_joblist_J_fmm_shared: jobIndexLo =           15, jobIndexHi =           30
ININ execute_joblist_J_fmm_shared: Allocating multipoleList_4, maxnoOfMinimalDistrsPerBoxBranch =      7533
ININ execute_joblist_J_fmm_shared: jobIndexLo =           61, jobIndexHi =           76
ININ execute_joblist_J_fmm_shared: Allocating multipoleList_4, maxnoOfMinimalDistrsPerBoxBranch =      7533
ININ execute_joblist_J_fmm_shared: jobIndexLo =           76, jobIndexHi =           91
ININ execute_joblist_J_fmm_shared: Allocating multipoleList_4, maxnoOfMinimalDistrsPerBoxBranch =      7533
ININ execute_joblist_J_fmm_shared: jobIndexLo =           91, jobIndexHi =          106
ININ execute_joblist_J_fmm_shared: Allocating multipoleList_4, maxnoOfMinimalDistrsPerBoxBranch =      7533
ININ execute_joblist_J_fmm_shared: jobIndexLo =          106, jobIndexHi =          122
ININ execute_joblist_J_fmm_shared: done!
ININ execute_joblist_J_fmm_shared: done!
ININ execute_joblist_J_fmm_shared: done!
ININ execute_joblist_J_fmm_shared: done!
ININ execute_joblist_J_fmm_shared: done!
ININ execute_joblist_J_fmm_shared: done!
ININ execute_joblist_J_fmm_shared: done!
ININ execute_joblist_J_fmm_shared: done!
ININ multipole job list for J executed, largest L used: 13
TIIN Executing multipole job list for J took      0.05 usr cpu s       0.00 sys cpu s       0.03 wall s
ININ compute_J_by_boxes_linear ending OK.
TIIN compute_J_by_boxes_linear took      4.10 usr cpu s       0.19 sys cpu s       1.08 wall s
TI   compute_J_by_boxes_sparse total took      4.18 usr cpu s       0.46 sys cpu s       1.13 wall s
ININ entering create_CSR_for_K, no of basis funcs =    73, threshold_K =   1e-12
ININ create_box_system end OK, toplevelBoxSize:   7.0, #levels:  3, #boxes at top level:      6
ININ create_box_system end OK, toplevelBoxSize:   7.0, #levels:  3, #boxes at top level:      6
ININ create_box_system end OK, toplevelBoxSize:   7.0, #levels:  3, #boxes at top level:      6
TIIN create_CSR_for_K getting list of distrs took      0.05 usr cpu s       0.00 sys cpu s       0.05 wall s
ININ list of neighbors complete.
TIIN create_CSR_for_K getting list of neighbors took      0.00 usr cpu s       0.00 sys cpu s       0.00 wall s
TIIN create_CSR_for_K sort each list of neighbors took      0.00 usr cpu s       0.00 sys cpu s       0.00 wall s
ININ 8 threads started OK.
TIIN identify_needed_elements() took      0.78 usr cpu s       0.00 sys cpu s       0.15 wall s
ININ computing nnz..
ININ create_CSR_for_K: predicted nnz =         2701, <->  50.68% of a full matrix
TIIN create_CSR_for_K last part took      0.00 usr cpu s       0.00 sys cpu s       0.00 wall s
TIIN create_CSR_for_K total took      0.83 usr cpu s       0.00 sys cpu s       0.20 wall s
ININ entering compute_K_by_boxes, no of basis funcs =    73, threshold_K =   1e-12, exchange_box_size =   5.00
ININ create_box_system end OK, toplevelBoxSize:   7.0, #levels:  3, #boxes at top level:      6
ININ create_box_system end OK, toplevelBoxSize:   7.0, #levels:  3, #boxes at top level:      6
ININ create_box_system end OK, toplevelBoxSize:   7.0, #levels:  3, #boxes at top level:      6
TIIN Compute extent for all distrs took      0.05 usr cpu s       0.00 sys cpu s       0.05 wall s
ININ Creating list of distributions done, distrCountTot =     36059
TIIN Creating list of distributions took      0.08 usr cpu s       0.00 sys cpu s       0.08 wall s
ININ create_box_system end OK, toplevelBoxSize:   5.0, #levels:  3, #boxes at top level:     10
ININ create_box_system end OK, toplevelBoxSize:   2.5, #levels:  4, #boxes at top level:     16
ININ noOfLevelsBasisFuncs = 4, noOfLevelsDiff = 1
TIIN Creating boxes etc took      0.00 usr cpu s       0.00 sys cpu s       0.00 wall s
TIIN getting multipoleNormVectorList took      0.08 usr cpu s       0.00 sys cpu s       0.08 wall s
TIIN K organize_distributions for all boxes took      0.13 usr cpu s       0.00 sys cpu s       0.13 wall s
ININ starting loop to setup basisFuncGroupInfoList, with added index checks.
TIIN GetLimitsAllLevels took      0.03 usr cpu s       0.00 sys cpu s       0.03 wall s
ININ getDmatLimitMatrixCSRList start.
TIIN getting densityMatrixLimitMatrixList took      0.00 usr cpu s       0.00 sys cpu s       0.00 wall s
ININ job list for K created,       55 jobs
TIIN creating job list for K took      0.00 usr cpu s       0.00 sys cpu s       0.00 wall s
ININ execute_joblist_K_threaded, noOfThreads =  8, basisFuncListCount_max =    67
ININ 8 threads started OK.
ININ all 8 threads have finished, took        1 wall s.
TIIN Executing job list for K took      2.25 usr cpu s       0.00 sys cpu s       0.57 wall s
TIIN compute_K_by_boxes took      2.57 usr cpu s       0.01 sys cpu s       0.90 wall s
TI   compute_K_by_boxes_sparse total took      3.40 usr cpu s       0.01 sys cpu s       1.11 wall s
INSC About to truncate FockMatrix, gap of Fprev >=          0.48818025807
TISC symmMatrix::mixed_diff for F vs Fprev maxEigValMovement_mixed took      0.00 usr cpu s       0.00 sys cpu s       0.00 wall s
TISC symmMatrix::eucl_diff for maxEigValMovement_eucl  took      0.01 usr cpu s       0.04 sys cpu s       0.01 wall s
INSC maxEigValMovement_frob  =          0.00254551296
INSC maxEigValMovement_mixed =          0.00208633017
INSC maxEigValMovement_eucl  =          0.00079872917
TISC FockMatrix.eucl_thresh() (with Z) took      0.00 usr cpu s       0.01 sys cpu s       0.00 wall s
INSC Truncated FockMatrix (eucl with Z), selected threshold = 4.86583e-08, returned error =          0, nnz before = 100.0000 %, nnz after = 100.0000 %
INSC Matrix 'S' ( symm ): n =     73, nnz =         5329 <-> 100.00 %, mem usage  0.0000 G
INSC Matrix 'F' ( symm ): n =     73, nnz =         5329 <-> 100.00 %, mem usage  0.0000 G
INSC Matrix 'D' ( symm ): n =     73, nnz =         5329 <-> 100.00 %, mem usage  0.0000 G
INSC nuclearEnergy, energy_2el, energy = 782.160484, 1010.855490, -636.642058
INSC Energy  12 =       -636.64205810849  ( diff     -0.000024894999569 )
INSC calling compute_FDSminusSDF_sparse, n = 73
INDE compute_FDSminusSDF_sparse() start.
TIDE FileWritable::writeAndReadAll took      0.00 usr cpu s       0.00 sys cpu s       0.00 wall s
INDE writeAndReadAll: '0 MB (1 MatrixGeneral, 0 > 1 MB) + 0 MB (9 MatrixSymmetric, 0 > 1 MB) = 0 MB (10 total, 0 > 1 MB)
TISC compute_FDSminusSDF_sparse, F*D mult took      0.00 usr cpu s       0.00 sys cpu s       0.00 wall s
INSC Matrix 'FD before eucl truncation' (normal): n =     73, nnz =         5329 <-> 100.00 %, mem usage  0.0000 G
INSC Matrix 'FD after  eucl truncation' (normal): n =     73, nnz =         5329 <-> 100.00 %, mem usage  0.0000 G
INSC Matrix 'FDS before eucl truncation' (normal): n =     73, nnz =         5329 <-> 100.00 %, mem usage  0.0000 G
INSC Matrix 'FDS after  eucl truncation' (normal): n =     73, nnz =         5329 <-> 100.00 %, mem usage  0.0000 G
INSC compute_FDSminusSDF_sparse ending OK.
TISC compute_FDSminusSDF_sparse took      0.00 usr cpu s       0.02 sys cpu s       0.00 wall s
INSC Matrix 'FDS-SDF' (normal): n =     73, nnz =         5329 <-> 100.00 %, mem usage  0.0000 G
INSC SCF_restricted::get_FDSminusSDF finished.
TISC get_FDSminusSDF took      0.00 usr cpu s       0.02 sys cpu s       0.00 wall s
INSC maxabs FDS-SDF is 0.000396
INSC frob   FDS-SDF is  0.00147
TISC get_error_measure took      0.00 usr cpu s       0.00 sys cpu s       0.00 wall s
INSC entering DIISManagerRestricted::AddIterationToList, IterCount =  4
INSC DIISManagerRestricted::AddIterationToList ending OK.
TISC DIISManagerRestricted::AddIterationToList took      0.00 usr cpu s       0.00 sys cpu s       0.00 wall s
INSC using DIIS to get combined Fock matrix, number of iters used for DIIS:  5
TISC clear_error_matrices took      0.00 usr cpu s       0.00 sys cpu s       0.00 wall s
TISC save_current_fock_as_fprev took      0.00 usr cpu s       0.00 sys cpu s       0.00 wall s
INDE get_dens_from_fock_general, n = 73, use_diagonalization = 0, use_diag_on_error = 1
INDE Before writeAndReadAll(): AllocatorManager statistics:  noOfRealsPerBuffer: 1024 noOfBuffers: 20000 list.size(): 1. Allocated: 0.164 GB, Used: 0.000582 GB, Peak alloc: 0.164 GB.
TIDE FileWritable::writeAndReadAll took      0.00 usr cpu s       0.00 sys cpu s       0.00 wall s
INDE writeAndReadAll sizesStr: '0 MB (1 MatrixGeneral, 0 > 1 MB) + 0 MB (7 MatrixSymmetric, 0 > 1 MB) = 0 MB (8 total, 0 > 1 MB)
INDE After writeAndReadAll(): AllocatorManager statistics:  noOfRealsPerBuffer: 1024 noOfBuffers: 20000 list.size(): 1. Allocated: 0.164 GB, Used: 0.000582 GB, Peak alloc: 0.164 GB.
INDE calling get_dens_from_fock_sparse, n =     73, subspaceErrorLimit = 1e-06
INDE get_dens_from_fock_sparse() start!
INDE After F.readFromFile(): AllocatorManager statistics:  noOfRealsPerBuffer: 1024 noOfBuffers: 20000 list.size(): 1. Allocated: 0.164 GB, Used: 0.000582 GB, Peak alloc: 0.164 GB.
INDE After creating wrapper MatrixType F_w(F): AllocatorManager statistics:  noOfRealsPerBuffer: 1024 noOfBuffers: 20000 list.size(): 1. Allocated: 0.164 GB, Used: 0.000606 GB, Peak alloc: 0.164 GB.
TIDE  F_w to orthogonal basis took      0.00 usr cpu s       0.01 sys cpu s       0.00 wall s
TIDE MatrixType::mixed_diff for maxEigValMovement_mixed took      0.00 usr cpu s       0.00 sys cpu s       0.00 wall s
TIDE symmMatrixWrap::eucl_diff for maxEigValMovement_eucl  took      0.02 usr cpu s       0.06 sys cpu s       0.01 wall s
INDE maxEigValMovement_frob  =          0.00236351342
INDE maxEigValMovement_mixed =          0.00188054896
INDE maxEigValMovement_eucl  =          0.00073455749
INDE lumo before truncation: [ 0.209075249893 , 0.235245848916 ]
INDE homo before truncation: [ -0.322001705303 , -0.277635893205 ]
INDE Truncate matrix F and update intervals for homo and lumo.
INDE Truncating F_ort ( mixed ), selected threshold = 4.86711e-08
INDE Truncated F_ort ( mixed ), selected threshold = 4.86711e-08, returned error =          0, nnz before = 100.0000 %, nnz after = 100.0000 %
TIDE Truncation of F_ort took      0.00 usr cpu s       0.00 sys cpu s       0.00 wall s
INDE Chosen Ergo Wrapper
INDE Creating purification object: N = 73 , nocc = 47 , NNZ = 5329  <-> 100.00000 %
INDE Chosen norm for the truncation: 
INDE mixed
INDE Chosen norm for the stopping criterion: 
INDE mixed
INDE Chosen the NEW stopping criterion.
INDE Allowed error in subspace 7.000000e-07
INDE Chosen SP2 purification method
INDE calling Puri->PurificationStart(), number of threads = 1, trunc norm 'mixed'
TIDE gershgorin took      0.00 usr cpu s       0.00 sys cpu s       0.00 wall s
INDE Gershgorin bounds: [ -24.387930782047 , 5.987713119589 ]
INDE EXPANDED Gershgorin bounds: [ -24.387930796949 , 5.987713134490 ]
INDE Trying to impove bounds using Lanczos algorithm...
TIDE compute_spectrum_bounds took      0.08 usr cpu s       0.37 sys cpu s       0.08 wall s
INDE Spectrum of F: 	 [ -20.320331361003 , 1.134607781473 ]
INDE Transform homo and lumo bounds...
INDE HOMO bounds of X: 	 [ 0.065823709184 , 0.067891569261 ]
INDE LUMO bounds of X: 	 [ 0.041918642909 , 0.043138436583 ]
INDE INIT LUMO: [ 0.041918642909 , 0.043138436583 ]
INDE INIT HOMO: [ 0.932108430739 , 0.934176290816 ]
INDE ESTIMATED NUMBER OF ITERATIONS IS 24
INDE Put eigenvalues of F to the interval [0,1] in reverse order.
TIDE compute_X() took      0.00 usr cpu s       0.00 sys cpu s       0.00 wall s
TIDE prepare_to_purification() took      0.08 usr cpu s       0.37 sys cpu s       0.08 wall s
INDE (EIGV,PARAMS) Requested 0 occipied eigenpair(s).
INDE (EIGV,PARAMS) Requested 0 unoccipied eigenpair(s).
TIDE prepare_to_purification_eigenvectors() took      0.00 usr cpu s       0.00 sys cpu s       0.00 wall s
INDE Starting recursive expansion
INDE     BEFORE ITERATIONS:
TIDE truncate_matrix took      0.00 usr cpu s       0.00 sys cpu s       0.00 wall s
INDE Actual introduced error   0.000000e+00 : nnz before  5329 <-> 100.00 % , nnz after  5329 <-> 100.00 %
TIDE square took      0.00 usr cpu s       0.00 sys cpu s       0.00 wall s
INDE NNZ Xsq = 5329 <-> 100.00 %
TIDE Frobenius norm of X-X^2 took      0.00 usr cpu s       0.00 sys cpu s       0.00 wall s
TIDE Mixed norm of X-X^2 took      0.00 usr cpu s       0.00 sys cpu s       0.00 wall s
TIDE Trace of X-X^2 took      0.00 usr cpu s       0.00 sys cpu s       0.00 wall s
INDE ||X-X^2||_F = 8.726879e-01 , ||X-X^2||_mixed = 6.497825e-01
INDE trace(X-X^2) = 5.359247e+00
INDE trace(X) = 1.253015e+01
TIDE Iteration 0 took      0.00 usr cpu s       0.01 sys cpu s       0.00 wall s
TIDE FileWritable::writeAndReadAll took      0.00 usr cpu s       0.00 sys cpu s       0.00 wall s
INDE writeAndReadAll sizesStr: '0 MB (1 MatrixGeneral, 0 > 1 MB) + 0 MB (13 MatrixSymmetric, 0 > 1 MB) + 0 MB (2 VectorGeneral, 0 > 1 MB) = 0 MB (16 total, 0 > 1 MB)
INDE     ITERATION 1 :
TIDE purify_X took      0.00 usr cpu s       0.00 sys cpu s       0.00 wall s
TIDE truncate_matrix took      0.00 usr cpu s       0.00 sys cpu s       0.00 wall s
INDE Actual introduced error   0.000000e+00 : nnz before  5329 <-> 100.00 % , nnz after  5329 <-> 100.00 %
TIDE square took      0.00 usr cpu s       0.02 sys cpu s       0.00 wall s
INDE NNZ Xsq = 5329 <-> 100.00 %
TIDE Frobenius norm of X-X^2 took      0.00 usr cpu s       0.00 sys cpu s       0.00 wall s
TIDE Mixed norm of X-X^2 took      0.00 usr cpu s       0.01 sys cpu s       0.00 wall s
TIDE Trace of X-X^2 took      0.00 usr cpu s       0.00 sys cpu s       0.00 wall s
INDE ||X-X^2||_F = 9.393444e-01 , ||X-X^2||_mixed = 7.167095e-01
INDE trace(X-X^2) = 6.947086e+00
INDE trace(X) = 1.788939e+01
TIDE Iteration 1 took      0.00 usr cpu s       0.03 sys cpu s       0.00 wall s
INDE     ITERATION 2 :
TIDE purify_X took      0.00 usr cpu s       0.00 sys cpu s       0.00 wall s
TIDE truncate_matrix took      0.00 usr cpu s       0.00 sys cpu s       0.00 wall s
INDE Actual introduced error   0.000000e+00 : nnz before  5329 <-> 100.00 % , nnz after  5329 <-> 100.00 %
TIDE square took      0.00 usr cpu s       0.01 sys cpu s       0.00 wall s
INDE NNZ Xsq = 5329 <-> 100.00 %
TIDE Frobenius norm of X-X^2 took      0.00 usr cpu s       0.00 sys cpu s       0.00 wall s
TIDE Mixed norm of X-X^2 took      0.00 usr cpu s       0.00 sys cpu s       0.00 wall s
TIDE Trace of X-X^2 took      0.00 usr cpu s       0.00 sys cpu s       0.00 wall s
INDE ||X-X^2||_F = 1.278717e+00 , ||X-X^2||_mixed = 9.883787e-01
INDE trace(X-X^2) = 9.180672e+00
INDE trace(X) = 2.483648e+01
INDE Checking stopping criterion...   
INDE Order of convergence cannot be computed
TIDE stopping_criterion took      0.00 usr cpu s       0.00 sys cpu s       0.00 wall s
TIDE Iteration 2 took      0.01 usr cpu s       0.01 sys cpu s       0.00 wall s
INDE     ITERATION 3 :
TIDE purify_X took      0.00 usr cpu s       0.00 sys cpu s       0.00 wall s
TIDE truncate_matrix took      0.00 usr cpu s       0.00 sys cpu s       0.00 wall s
INDE Actual introduced error   0.000000e+00 : nnz before  5329 <-> 100.00 % , nnz after  5329 <-> 100.00 %
TIDE square took      0.00 usr cpu s       0.02 sys cpu s       0.00 wall s
INDE NNZ Xsq = 5329 <-> 100.00 %
TIDE Frobenius norm of X-X^2 took      0.00 usr cpu s       0.00 sys cpu s       0.00 wall s
TIDE Mixed norm of X-X^2 took      0.00 usr cpu s       0.00 sys cpu s       0.00 wall s
TIDE Trace of X-X^2 took      0.00 usr cpu s       0.00 sys cpu s       0.00 wall s
INDE ||X-X^2||_F = 1.590080e+00 , ||X-X^2||_mixed = 1.196469e+00
INDE trace(X-X^2) = 1.156530e+01
INDE trace(X) = 3.401715e+01
INDE Checking stopping criterion...   
INDE Order of convergence cannot be computed
TIDE stopping_criterion took      0.00 usr cpu s       0.00 sys cpu s       0.00 wall s
TIDE Iteration 3 took      0.00 usr cpu s       0.02 sys cpu s       0.00 wall s
INDE     ITERATION 4 :
TIDE purify_X took      0.00 usr cpu s       0.00 sys cpu s       0.00 wall s
TIDE truncate_matrix took      0.00 usr cpu s       0.00 sys cpu s       0.00 wall s
INDE Actual introduced error   0.000000e+00 : nnz before  5329 <-> 100.00 % , nnz after  5329 <-> 100.00 %
TIDE square took      0.00 usr cpu s       0.01 sys cpu s       0.00 wall s
INDE NNZ Xsq = 5329 <-> 100.00 %
TIDE Frobenius norm of X-X^2 took      0.00 usr cpu s       0.00 sys cpu s       0.00 wall s
TIDE Mixed norm of X-X^2 took      0.00 usr cpu s       0.00 sys cpu s       0.00 wall s
TIDE Trace of X-X^2 took      0.00 usr cpu s       0.00 sys cpu s       0.00 wall s
INDE ||X-X^2||_F = 1.468991e+00 , ||X-X^2||_mixed = 1.076610e+00
INDE trace(X-X^2) = 1.099372e+01
INDE trace(X) = 4.558245e+01
INDE Checking stopping criterion...   
INDE Order of convergence cannot be computed
TIDE stopping_criterion took      0.00 usr cpu s       0.00 sys cpu s       0.00 wall s
TIDE Iteration 4 took      0.00 usr cpu s       0.02 sys cpu s       0.00 wall s
INDE     ITERATION 5 :
TIDE purify_X took      0.00 usr cpu s       0.00 sys cpu s       0.00 wall s
TIDE truncate_matrix took      0.00 usr cpu s       0.00 sys cpu s       0.00 wall s
INDE Actual introduced error   0.000000e+00 : nnz before  5329 <-> 100.00 % , nnz after  5329 <-> 100.00 %
TIDE square took      0.00 usr cpu s       0.01 sys cpu s       0.00 wall s
INDE NNZ Xsq = 5329 <-> 100.00 %
TIDE Frobenius norm of X-X^2 took      0.00 usr cpu s       0.00 sys cpu s       0.00 wall s
TIDE Mixed norm of X-X^2 took      0.00 usr cpu s       0.00 sys cpu s       0.00 wall s
TIDE Trace of X-X^2 took      0.00 usr cpu s       0.00 sys cpu s       0.00 wall s
INDE ||X-X^2||_F = 1.474467e+00 , ||X-X^2||_mixed = 1.142929e+00
INDE trace(X-X^2) = 1.012539e+01
INDE trace(X) = 3.458873e+01
INDE Checking stopping criterion...   
INDE Order of convergence cannot be computed
TIDE stopping_criterion took      0.00 usr cpu s       0.00 sys cpu s       0.00 wall s
TIDE Iteration 5 took      0.00 usr cpu s       0.02 sys cpu s       0.00 wall s
INDE     ITERATION 6 :
TIDE purify_X took      0.00 usr cpu s       0.00 sys cpu s       0.00 wall s
TIDE truncate_matrix took      0.00 usr cpu s       0.00 sys cpu s       0.00 wall s
INDE Actual introduced error   0.000000e+00 : nnz before  5329 <-> 100.00 % , nnz after  5329 <-> 100.00 %
TIDE square took      0.00 usr cpu s       0.01 sys cpu s       0.00 wall s
INDE NNZ Xsq = 5329 <-> 100.00 %
TIDE Frobenius norm of X-X^2 took      0.00 usr cpu s       0.00 sys cpu s       0.00 wall s
TIDE Mixed norm of X-X^2 took      0.00 usr cpu s       0.00 sys cpu s       0.00 wall s
TIDE Trace of X-X^2 took      0.00 usr cpu s       0.00 sys cpu s       0.00 wall s
INDE ||X-X^2||_F = 1.189004e+00 , ||X-X^2||_mixed = 9.030692e-01
INDE trace(X-X^2) = 8.455523e+00
INDE trace(X) = 4.471411e+01
INDE Checking stopping criterion...   
INDE Order of convergence cannot be computed
TIDE stopping_criterion took      0.00 usr cpu s       0.00 sys cpu s       0.00 wall s
TIDE Iteration 6 took      0.00 usr cpu s       0.02 sys cpu s       0.00 wall s
INDE     ITERATION 7 :
TIDE purify_X took      0.00 usr cpu s       0.00 sys cpu s       0.00 wall s
TIDE truncate_matrix took      0.00 usr cpu s       0.00 sys cpu s       0.00 wall s
INDE Actual introduced error   0.000000e+00 : nnz before  5329 <-> 100.00 % , nnz after  5329 <-> 100.00 %
TIDE square took      0.00 usr cpu s       0.01 sys cpu s       0.00 wall s
INDE NNZ Xsq = 5329 <-> 100.00 %
TIDE Frobenius norm of X-X^2 took      0.00 usr cpu s       0.00 sys cpu s       0.00 wall s
TIDE Mixed norm of X-X^2 took      0.00 usr cpu s       0.00 sys cpu s       0.00 wall s
TIDE Trace of X-X^2 took      0.00 usr cpu s       0.00 sys cpu s       0.00 wall s
INDE ||X-X^2||_F = 1.310628e+00 , ||X-X^2||_mixed = 1.044192e+00
INDE trace(X-X^2) = 8.295694e+00
INDE trace(X) = 3.625859e+01
INDE Checking stopping criterion...   
INDE Order of convergence cannot be computed
TIDE stopping_criterion took      0.00 usr cpu s       0.00 sys cpu s       0.00 wall s
TIDE Iteration 7 took      0.00 usr cpu s       0.01 sys cpu s       0.00 wall s
INDE     ITERATION 8 :
TIDE purify_X took      0.00 usr cpu s       0.00 sys cpu s       0.00 wall s
TIDE truncate_matrix took      0.00 usr cpu s       0.00 sys cpu s       0.00 wall s
INDE Actual introduced error   0.000000e+00 : nnz before  5329 <-> 100.00 % , nnz after  5329 <-> 100.00 %
TIDE square took      0.00 usr cpu s       0.01 sys cpu s       0.00 wall s
INDE NNZ Xsq = 5329 <-> 100.00 %
TIDE Frobenius norm of X-X^2 took      0.00 usr cpu s       0.00 sys cpu s       0.00 wall s
TIDE Mixed norm of X-X^2 took      0.00 usr cpu s       0.00 sys cpu s       0.00 wall s
TIDE Trace of X-X^2 took      0.00 usr cpu s       0.00 sys cpu s       0.00 wall s
INDE ||X-X^2||_F = 8.780198e-01 , ||X-X^2||_mixed = 7.020081e-01
INDE trace(X-X^2) = 5.520158e+00
INDE trace(X) = 4.455429e+01
INDE Checking stopping criterion...   
INDE e_i =7.020081e-01, C*e_{i-1}^q = 5.616746e+00
INDE Order of convergence = 22.396657, stop = 0
TIDE stopping_criterion took      0.00 usr cpu s       0.00 sys cpu s       0.00 wall s
TIDE Iteration 8 took      0.00 usr cpu s       0.02 sys cpu s       0.00 wall s
INDE     ITERATION 9 :
TIDE purify_X took      0.00 usr cpu s       0.00 sys cpu s       0.00 wall s
TIDE truncate_matrix took      0.00 usr cpu s       0.00 sys cpu s       0.00 wall s
INDE Actual introduced error   0.000000e+00 : nnz before  5329 <-> 100.00 % , nnz after  5329 <-> 100.00 %
TIDE square took      0.00 usr cpu s       0.01 sys cpu s       0.00 wall s
INDE NNZ Xsq = 5329 <-> 100.00 %
TIDE Frobenius norm of X-X^2 took      0.00 usr cpu s       0.00 sys cpu s       0.00 wall s
TIDE Mixed norm of X-X^2 took      0.00 usr cpu s       0.00 sys cpu s       0.00 wall s
TIDE Trace of X-X^2 took      0.00 usr cpu s       0.00 sys cpu s       0.00 wall s
INDE ||X-X^2||_F = 1.082362e+00 , ||X-X^2||_mixed = 8.902269e-01
INDE trace(X-X^2) = 6.171584e+00
INDE trace(X) = 3.903413e+01
INDE Checking stopping criterion...   
INDE Order of convergence cannot be computed
TIDE stopping_criterion took      0.00 usr cpu s       0.00 sys cpu s       0.00 wall s
TIDE Iteration 9 took      0.00 usr cpu s       0.01 sys cpu s       0.00 wall s
INDE     ITERATION 10 :
TIDE purify_X took      0.00 usr cpu s       0.00 sys cpu s       0.00 wall s
TIDE truncate_matrix took      0.00 usr cpu s       0.00 sys cpu s       0.00 wall s
INDE Actual introduced error   0.000000e+00 : nnz before  5329 <-> 100.00 % , nnz after  5329 <-> 100.00 %
TIDE square took      0.00 usr cpu s       0.01 sys cpu s       0.00 wall s
INDE NNZ Xsq = 5329 <-> 100.00 %
TIDE Frobenius norm of X-X^2 took      0.00 usr cpu s       0.00 sys cpu s       0.00 wall s
TIDE Mixed norm of X-X^2 took      0.00 usr cpu s       0.00 sys cpu s       0.00 wall s
TIDE Trace of X-X^2 took      0.00 usr cpu s       0.00 sys cpu s       0.00 wall s
INDE ||X-X^2||_F = 5.862381e-01 , ||X-X^2||_mixed = 4.989447e-01
INDE trace(X-X^2) = 3.053222e+00
INDE trace(X) = 4.520571e+01
INDE Checking stopping criterion...   
INDE e_i =4.989447e-01, C*e_{i-1}^q = 3.394118e+00
INDE Order of convergence = 7.419017, stop = 0
TIDE stopping_criterion took      0.00 usr cpu s       0.00 sys cpu s       0.00 wall s
TIDE Iteration 10 took      0.00 usr cpu s       0.02 sys cpu s       0.00 wall s
INDE     ITERATION 11 :
TIDE purify_X took      0.00 usr cpu s       0.00 sys cpu s       0.00 wall s
TIDE truncate_matrix took      0.00 usr cpu s       0.00 sys cpu s       0.00 wall s
INDE Actual introduced error   0.000000e+00 : nnz before  5329 <-> 100.00 % , nnz after  5329 <-> 100.00 %
TIDE square took      0.00 usr cpu s       0.02 sys cpu s       0.00 wall s
INDE NNZ Xsq = 5329 <-> 100.00 %
TIDE Frobenius norm of X-X^2 took      0.00 usr cpu s       0.00 sys cpu s       0.00 wall s
TIDE Mixed norm of X-X^2 took      0.00 usr cpu s       0.00 sys cpu s       0.00 wall s
TIDE Trace of X-X^2 took      0.00 usr cpu s       0.00 sys cpu s       0.00 wall s
INDE ||X-X^2||_F = 7.910046e-01 , ||X-X^2||_mixed = 6.868418e-01
INDE trace(X-X^2) = 3.919562e+00
INDE trace(X) = 4.215249e+01
INDE Checking stopping criterion...   
INDE e_i =6.868418e-01, C*e_{i-1}^q = 5.458133e+00
INDE Order of convergence = 19.825737, stop = 0
TIDE stopping_criterion took      0.00 usr cpu s       0.00 sys cpu s       0.00 wall s
TIDE Iteration 11 took      0.00 usr cpu s       0.03 sys cpu s       0.01 wall s
INDE     ITERATION 12 :
TIDE purify_X took      0.00 usr cpu s       0.00 sys cpu s       0.00 wall s
TIDE truncate_matrix took      0.00 usr cpu s       0.00 sys cpu s       0.00 wall s
INDE Actual introduced error   0.000000e+00 : nnz before  5329 <-> 100.00 % , nnz after  5329 <-> 100.00 %
TIDE square took      0.00 usr cpu s       0.01 sys cpu s       0.00 wall s
INDE NNZ Xsq = 5329 <-> 100.00 %
TIDE Frobenius norm of X-X^2 took      0.00 usr cpu s       0.00 sys cpu s       0.00 wall s
TIDE Mixed norm of X-X^2 took      0.00 usr cpu s       0.00 sys cpu s       0.00 wall s
TIDE Trace of X-X^2 took      0.00 usr cpu s       0.00 sys cpu s       0.00 wall s
INDE ||X-X^2||_F = 3.239388e-01 , ||X-X^2||_mixed = 2.957838e-01
INDE trace(X-X^2) = 1.350992e+00
INDE trace(X) = 4.607205e+01
INDE Checking stopping criterion...   
INDE e_i =2.957838e-01, C*e_{i-1}^q = 1.714539e+00
INDE Order of convergence = 4.527502, stop = 0
TIDE stopping_criterion took      0.00 usr cpu s       0.00 sys cpu s       0.00 wall s
TIDE Iteration 12 took      0.00 usr cpu s       0.02 sys cpu s       0.00 wall s
INDE     ITERATION 13 :
TIDE purify_X took      0.00 usr cpu s       0.00 sys cpu s       0.00 wall s
TIDE truncate_matrix took      0.00 usr cpu s       0.00 sys cpu s       0.00 wall s
INDE Actual introduced error   0.000000e+00 : nnz before  5329 <-> 100.00 % , nnz after  5329 <-> 100.00 %
TIDE square took      0.00 usr cpu s       0.00 sys cpu s       0.00 wall s
INDE NNZ Xsq = 5329 <-> 100.00 %
TIDE Frobenius norm of X-X^2 took      0.00 usr cpu s       0.00 sys cpu s       0.00 wall s
TIDE Mixed norm of X-X^2 took      0.00 usr cpu s       0.00 sys cpu s       0.00 wall s
TIDE Trace of X-X^2 took      0.00 usr cpu s       0.00 sys cpu s       0.00 wall s
INDE ||X-X^2||_F = 2.389922e-01 , ||X-X^2||_mixed = 2.301644e-01
INDE trace(X-X^2) = 5.636783e-01
INDE trace(X) = 4.742304e+01
INDE Checking stopping criterion...   
INDE Order of convergence cannot be computed
TIDE stopping_criterion took      0.00 usr cpu s       0.00 sys cpu s       0.00 wall s
TIDE Iteration 13 took      0.00 usr cpu s       0.01 sys cpu s       0.00 wall s
INDE     ITERATION 14 :
TIDE purify_X took      0.00 usr cpu s       0.00 sys cpu s       0.00 wall s
TIDE truncate_matrix took      0.00 usr cpu s       0.00 sys cpu s       0.00 wall s
INDE Actual introduced error   0.000000e+00 : nnz before  5329 <-> 100.00 % , nnz after  5329 <-> 100.00 %
TIDE square took      0.00 usr cpu s       0.02 sys cpu s       0.00 wall s
INDE NNZ Xsq = 5329 <-> 100.00 %
TIDE Frobenius norm of X-X^2 took      0.00 usr cpu s       0.00 sys cpu s       0.00 wall s
TIDE Mixed norm of X-X^2 took      0.01 usr cpu s       0.00 sys cpu s       0.00 wall s
TIDE Trace of X-X^2 took      0.00 usr cpu s       0.00 sys cpu s       0.00 wall s
INDE ||X-X^2||_F = 9.502423e-02 , ||X-X^2||_mixed = 9.077622e-02
INDE trace(X-X^2) = 2.930097e-01
INDE trace(X) = 4.685937e+01
INDE Checking stopping criterion...   
INDE e_i =9.077622e-02, C*e_{i-1}^q = 6.025478e-01
INDE Order of convergence = 3.553837, stop = 0
TIDE stopping_criterion took      0.00 usr cpu s       0.00 sys cpu s       0.00 wall s
TIDE Iteration 14 took      0.01 usr cpu s       0.03 sys cpu s       0.01 wall s
INDE     ITERATION 15 :
TIDE purify_X took      0.00 usr cpu s       0.00 sys cpu s       0.00 wall s
TIDE truncate_matrix took      0.00 usr cpu s       0.00 sys cpu s       0.00 wall s
INDE Actual introduced error   0.000000e+00 : nnz before  5329 <-> 100.00 % , nnz after  5329 <-> 100.00 %
TIDE square took      0.00 usr cpu s       0.01 sys cpu s       0.00 wall s
INDE NNZ Xsq = 5329 <-> 100.00 %
TIDE Frobenius norm of X-X^2 took      0.00 usr cpu s       0.00 sys cpu s       0.00 wall s
TIDE Mixed norm of X-X^2 took      0.00 usr cpu s       0.00 sys cpu s       0.00 wall s
TIDE Trace of X-X^2 took      0.00 usr cpu s       0.00 sys cpu s       0.00 wall s
INDE ||X-X^2||_F = 9.356874e-02 , ||X-X^2||_mixed = 9.263535e-02
INDE trace(X-X^2) = 1.564189e-01
INDE trace(X) = 4.715237e+01
INDE Checking stopping criterion...   
INDE e_i =9.263535e-02, C*e_{i-1}^q = 3.648538e-01
INDE Order of convergence = 2.933194, stop = 0
TIDE stopping_criterion took      0.00 usr cpu s       0.00 sys cpu s       0.00 wall s
TIDE Iteration 15 took      0.00 usr cpu s       0.01 sys cpu s       0.00 wall s
INDE     ITERATION 16 :
TIDE purify_X took      0.00 usr cpu s       0.00 sys cpu s       0.00 wall s
TIDE truncate_matrix took      0.00 usr cpu s       0.00 sys cpu s       0.00 wall s
INDE Actual introduced error   0.000000e+00 : nnz before  5329 <-> 100.00 % , nnz after  5329 <-> 100.00 %
TIDE square took      0.00 usr cpu s       0.02 sys cpu s       0.00 wall s
INDE NNZ Xsq = 5329 <-> 100.00 %
TIDE Frobenius norm of X-X^2 took      0.00 usr cpu s       0.00 sys cpu s       0.00 wall s
TIDE Mixed norm of X-X^2 took      0.00 usr cpu s       0.00 sys cpu s       0.00 wall s
TIDE Trace of X-X^2 took      0.00 usr cpu s       0.00 sys cpu s       0.00 wall s
INDE ||X-X^2||_F = 1.094012e-02 , ||X-X^2||_mixed = 1.065987e-02
INDE trace(X-X^2) = 2.442923e-02
INDE trace(X) = 4.699596e+01
INDE Checking stopping criterion...   
INDE e_i =1.065987e-02, C*e_{i-1}^q = 5.675275e-02
INDE Order of convergence = 2.696944, stop = 0
TIDE stopping_criterion took      0.00 usr cpu s       0.00 sys cpu s       0.00 wall s
TIDE Iteration 16 took      0.01 usr cpu s       0.02 sys cpu s       0.00 wall s
INDE     ITERATION 17 :
TIDE purify_X took      0.00 usr cpu s       0.00 sys cpu s       0.00 wall s
TIDE truncate_matrix took      0.00 usr cpu s       0.00 sys cpu s       0.00 wall s
INDE Actual introduced error   0.000000e+00 : nnz before  5329 <-> 100.00 % , nnz after  5329 <-> 100.00 %
TIDE square took      0.00 usr cpu s       0.02 sys cpu s       0.00 wall s
INDE NNZ Xsq = 5329 <-> 100.00 %
TIDE Frobenius norm of X-X^2 took      0.00 usr cpu s       0.00 sys cpu s       0.00 wall s
TIDE Mixed norm of X-X^2 took      0.01 usr cpu s       0.00 sys cpu s       0.00 wall s
TIDE Trace of X-X^2 took      0.00 usr cpu s       0.00 sys cpu s       0.00 wall s
INDE ||X-X^2||_F = 1.477563e-02 , ||X-X^2||_mixed = 1.473393e-02
INDE trace(X-X^2) = 2.838100e-02
INDE trace(X) = 4.697153e+01
INDE Checking stopping criterion...   
INDE Order of convergence cannot be computed
TIDE stopping_criterion took      0.00 usr cpu s       0.00 sys cpu s       0.00 wall s
TIDE Iteration 17 took      0.01 usr cpu s       0.02 sys cpu s       0.00 wall s
INDE     ITERATION 18 :
TIDE purify_X took      0.00 usr cpu s       0.00 sys cpu s       0.00 wall s
TIDE truncate_matrix took      0.00 usr cpu s       0.00 sys cpu s       0.00 wall s
INDE Actual introduced error   0.000000e+00 : nnz before  5329 <-> 100.00 % , nnz after  5329 <-> 100.00 %
TIDE square took      0.00 usr cpu s       0.04 sys cpu s       0.01 wall s
INDE NNZ Xsq = 5329 <-> 100.00 %
TIDE Frobenius norm of X-X^2 took      0.00 usr cpu s       0.00 sys cpu s       0.00 wall s
TIDE Mixed norm of X-X^2 took      0.00 usr cpu s       0.00 sys cpu s       0.00 wall s
TIDE Trace of X-X^2 took      0.00 usr cpu s       0.00 sys cpu s       0.00 wall s
INDE ||X-X^2||_F = 1.954742e-04 , ||X-X^2||_mixed = 1.916466e-04
INDE trace(X-X^2) = 3.531609e-04
INDE trace(X) = 4.699991e+01
INDE Checking stopping criterion...   
INDE e_i =1.916466e-04, C*e_{i-1}^q = 7.826119e-04
INDE Order of convergence = 2.309822, stop = 0
TIDE stopping_criterion took      0.00 usr cpu s       0.00 sys cpu s       0.00 wall s
TIDE Iteration 18 took      0.01 usr cpu s       0.04 sys cpu s       0.01 wall s
INDE     ITERATION 19 :
TIDE purify_X took      0.00 usr cpu s       0.00 sys cpu s       0.00 wall s
TIDE truncate_matrix took      0.00 usr cpu s       0.00 sys cpu s       0.00 wall s
INDE Actual introduced error   0.000000e+00 : nnz before  5329 <-> 100.00 % , nnz after  5329 <-> 100.00 %
TIDE square took      0.00 usr cpu s       0.04 sys cpu s       0.01 wall s
INDE NNZ Xsq = 5329 <-> 100.00 %
TIDE Frobenius norm of X-X^2 took      0.00 usr cpu s       0.00 sys cpu s       0.00 wall s
TIDE Mixed norm of X-X^2 took      0.00 usr cpu s       0.00 sys cpu s       0.00 wall s
TIDE Trace of X-X^2 took      0.00 usr cpu s       0.00 sys cpu s       0.00 wall s
INDE ||X-X^2||_F = 2.448319e-04 , ||X-X^2||_mixed = 2.448216e-04
INDE trace(X-X^2) = 2.609708e-04
INDE trace(X) = 4.700026e+01
INDE Checking stopping criterion...   
INDE Order of convergence cannot be computed
TIDE stopping_criterion took      0.00 usr cpu s       0.00 sys cpu s       0.00 wall s
TIDE Iteration 19 took      0.00 usr cpu s       0.04 sys cpu s       0.01 wall s
INDE     ITERATION 20 :
TIDE purify_X took      0.00 usr cpu s       0.00 sys cpu s       0.00 wall s
TIDE truncate_matrix took      0.00 usr cpu s       0.00 sys cpu s       0.00 wall s
INDE Actual introduced error   0.000000e+00 : nnz before  5329 <-> 100.00 % , nnz after  5329 <-> 100.00 %
TIDE square took      0.00 usr cpu s       0.02 sys cpu s       0.00 wall s
INDE NNZ Xsq = 5329 <-> 100.00 %
TIDE Frobenius norm of X-X^2 took      0.00 usr cpu s       0.00 sys cpu s       0.00 wall s
TIDE Mixed norm of X-X^2 took      0.00 usr cpu s       0.00 sys cpu s       0.00 wall s
TIDE Trace of X-X^2 took      0.00 usr cpu s       0.00 sys cpu s       0.00 wall s
INDE ||X-X^2||_F = 7.052066e-08 , ||X-X^2||_mixed = 6.943900e-08
INDE trace(X-X^2) = 1.064210e-07
INDE trace(X) = 4.700000e+01
INDE Checking stopping criterion...   
INDE e_i =6.943900e-08, C*e_{i-1}^q = 2.529559e-07
INDE Order of convergence = 2.151027, stop = 0
TIDE stopping_criterion took      0.00 usr cpu s       0.00 sys cpu s       0.00 wall s
TIDE Iteration 20 took      0.01 usr cpu s       0.02 sys cpu s       0.01 wall s
INDE     ITERATION 21 :
TIDE purify_X took      0.00 usr cpu s       0.00 sys cpu s       0.00 wall s
TIDE truncate_matrix took      0.00 usr cpu s       0.00 sys cpu s       0.00 wall s
INDE Actual introduced error   0.000000e+00 : nnz before  5329 <-> 100.00 % , nnz after  5329 <-> 100.00 %
TIDE square took      0.00 usr cpu s       0.02 sys cpu s       0.00 wall s
INDE NNZ Xsq = 5329 <-> 100.00 %
TIDE Frobenius norm of X-X^2 took      0.00 usr cpu s       0.00 sys cpu s       0.00 wall s
TIDE Mixed norm of X-X^2 took      0.00 usr cpu s       0.00 sys cpu s       0.00 wall s
TIDE Trace of X-X^2 took      0.00 usr cpu s       0.00 sys cpu s       0.00 wall s
INDE ||X-X^2||_F = 7.502495e-08 , ||X-X^2||_mixed = 7.501709e-08
INDE trace(X-X^2) = 9.289838e-08
INDE trace(X) = 4.700000e+01
INDE Checking stopping criterion...   
INDE Order of convergence cannot be computed
TIDE stopping_criterion took      0.00 usr cpu s       0.00 sys cpu s       0.00 wall s
TIDE Iteration 21 took      0.00 usr cpu s       0.02 sys cpu s       0.01 wall s
INDE     ITERATION 22 :
TIDE purify_X took      0.00 usr cpu s       0.00 sys cpu s       0.00 wall s
TIDE truncate_matrix took      0.00 usr cpu s       0.00 sys cpu s       0.00 wall s
INDE Actual introduced error   0.000000e+00 : nnz before  5329 <-> 100.00 % , nnz after  5329 <-> 100.00 %
TIDE square took      0.00 usr cpu s       0.01 sys cpu s       0.00 wall s
INDE NNZ Xsq = 5329 <-> 100.00 %
TIDE Frobenius norm of X-X^2 took      0.00 usr cpu s       0.00 sys cpu s       0.00 wall s
TIDE Mixed norm of X-X^2 took      0.00 usr cpu s       0.00 sys cpu s       0.00 wall s
TIDE Trace of X-X^2 took      0.00 usr cpu s       0.00 sys cpu s       0.00 wall s
INDE ||X-X^2||_F = 9.010174e-15 , ||X-X^2||_mixed = 0.000000e+00
INDE trace(X-X^2) = 2.842171e-14
INDE trace(X) = 4.700000e+01
INDE Checking stopping criterion...   
INDE ************************************************************************************************************
INDE The norm value went much below machine precision, therefore we stop here since n_max can be underestimated.
INDE ************************************************************************************************************
INDE e_i =0.000000e+00, C*e_{i-1}^q = 3.320853e-14
INDE Order of convergence = inf, stop = 1
TIDE stopping_criterion took      0.00 usr cpu s       0.00 sys cpu s       0.00 wall s
INDE PURIFICATION CONVERGED after 22 iterations
TIDE Iteration 22 took      0.01 usr cpu s       0.01 sys cpu s       0.00 wall s
INDE Number of non-zeros in D is  5329 <-> 100.00 %
TIDE FileWritable::writeAndReadAll took      0.00 usr cpu s       0.00 sys cpu s       0.00 wall s
INDE writeAndReadAll sizesStr: '0 MB (1 MatrixGeneral, 0 > 1 MB) + 0 MB (13 MatrixSymmetric, 0 > 1 MB) + 0 MB (2 VectorGeneral, 0 > 1 MB) = 0 MB (16 total, 0 > 1 MB)
INDE TOTAL accumulated subspace error is 0.000000e+00
INDE TOTAL X square time: 0.068883 wall s
INDE TOTAL X trunction time: 0.001304 wall s
INDE TOTAL X purify (exl. X^2 computation) time: 0.000898 wall s
INDE TOTAL time to get number of non-zero elements: 0.000910 wall s
INDE TOTAL time to get mixed norm: 0.018828 wall s
INDE TOTAL time to get Frobenius norm: 0.000907 wall s
INDE TOTAL time for stopping criterion: 0.001157 wall s
INDE TOTAL time to get matrix trace: 0.000512 wall s
INDE Estimated bounds for the eigenvalues for the Fock matrix:
INDE LUMO: [ 0.209721376331 , 0.234420598605 ]
INDE HOMO: [ -0.321374652113 , -0.278459337622 ]
TIDE eigenvalue_bounds_estimation() took      0.00 usr cpu s       0.00 sys cpu s       0.00 wall s
TIDE Recursive expansion took      0.17 usr cpu s       0.84 sys cpu s       0.18 wall s
TIDE Puri->PurificationStart() took      0.17 usr cpu s       0.84 sys cpu s       0.18 wall s
TIDE Accumulated wall times for writeToFile in PurificationStart()          : 0 s (MatrixGeneral) + 2.9e-06 s (MatrixSymmetric) + 4e-05 s (VectorGeneral) = 4.2e-05 s
TIDE Accumulated wall times for readFromFile in PurificationStart()         : 0 s (MatrixGeneral) + 9.5e-07 s (MatrixSymmetric) + 1.2e-05 s (VectorGeneral) = 1.3e-05 s
TIDE Accumulated wall times for copy and assign in PurificationStart()      : 1.2e-06 s (MatrixSymmetric) + 6.2e-05 s (VectorGeneral) = 6.4e-05 s
INDE Number of calls to writeToFile in PurificationStart()                  : 2 (MatrixGeneral) + 27 (MatrixSymmetric) + 309 (VectorGeneral) = 338 
INDE Number of calls to readFromFile in PurificationStart()                 : 2 (MatrixGeneral) + 26 (MatrixSymmetric) + 117 (VectorGeneral) = 145 
INDE Number of calls to FileWritable copy and assign in PurificationStart() : 2 (MatrixSymmetric) + 24 (VectorGeneral) = 26 
TIDE mat::Gblas::time after purification :     0.778645
INDE Created .m files with results of the purification
INDE Purification converged OK, subspaceError <=          0.00000000000
INDE E(LUMO) - E(HOMO) >=          0.48818071395 =         13.28407402871 eV
INDE E(LUMO) - E(HOMO) <=          0.55579525072 =         15.12395931325 eV
INDE HOMO interval : [   -0.321374652113   -0.278459337622 ]
INDE LUMO interval : [    0.209721376331    0.234420598605 ]
INDE Trace of resulting density matrix is         47.00000000000, error is   0.00000000000001.
INDE Truncated D_ort ( mixed ), selected threshold = 9.99999e-08, returned error =          0, nnz before = 5329 <-> 100.0000 %, nnz after = 5329 <-> 100.0000 %
TIDE FileWritable::writeAndReadAll took      0.00 usr cpu s       0.00 sys cpu s       0.00 wall s
INDE writeAndReadAll sizesStr: '0 MB (1 MatrixGeneral, 0 > 1 MB) + 0 MB (12 MatrixSymmetric, 0 > 1 MB) + 0 MB (1 MatrixTriangular, 0 > 1 MB) = 0 MB (14 total, 0 > 1 MB)
TIDE D_w to non-orthogonal basis took      0.00 usr cpu s       0.01 sys cpu s       0.00 wall s
INDE Truncated D_S (eucl with Z), selected threshold = 9.99999e-08, returned error =          0, nnz before = 100.0000 %, nnz after = 100.0000 %
INDE get_dens_from_fock_sparse ending OK
TIDE get_dens_from_fock_sparse took      0.20 usr cpu s       0.94 sys cpu s       0.20 wall s
ERDE get_dens_from_fock  (GetDensFromFock class) : purification finished OK.
TIDE get_dens_from_fock took      0.20 usr cpu s       0.94 sys cpu s       0.20 wall s
INSC Matrix 'new density matrix' ( symm ): n =     73, nnz =         5329 <-> 100.00 %, mem usage  0.0000 G
INSC Tr( D * S ) =         94.00000000000
TISC get_new_density_matrix took      0.20 usr cpu s       0.94 sys cpu s       0.20 wall s
INSC SCF_restricted::report_density_difference, diff_eucl =          0.00140110167
TISC SCF_restricted::report_density_difference took      0.02 usr cpu s       0.07 sys cpu s       0.01 wall s
INMA ddf_writeShellListAndDensityMatricesToFile_sparse, n =     73, densityMatrixList[0].nvalues =        2701
INMA opened temporary file 'density.bin.OkHEWI' for writing
INMA Choosing matrixStorageType = MATRIX_STORAGE_TYPE_TRIANGLE.
INMA fileSize =           46848 bytes =      0.047 MegaBytes
INMA renamed file 'density.bin.OkHEWI' to 'density.bin'
INMA ddf_writeShellListAndDensityMatricesToFile_sparse freeing buffer.
INMA ddf_writeShellListAndDensityMatricesToFile_sparse returning OK.
TISC write_density_to_file took      0.01 usr cpu s       0.03 sys cpu s       0.01 wall s
INSC SCF cycle  12 finished.
TISC SCF cycle  12 took      7.83 usr cpu s       1.57 sys cpu s       2.47 wall s
INSC Beginning of SCF cycle 13:  Thu Mar 26 20:00:25 2026
INDE compute_J_by_boxes_sparse() start.
TIDE FileWritable::writeAndReadAll took      0.00 usr cpu s       0.00 sys cpu s       0.00 wall s
INDE writeAndReadAll: '0 MB (1 MatrixGeneral, 0 > 1 MB) + 0 MB (11 MatrixSymmetric, 0 > 1 MB) = 0 MB (12 total, 0 > 1 MB)
IN   compute_J_by_boxes_sparse, maxDensityMatrixElement =          2.11091525446
ININ get_basis_func_pair_list, n =     73
ININ create_box_system end OK, toplevelBoxSize:   7.0, #levels:  3, #boxes at top level:      6
TIIN get_basis_func_pair_list_2el took      0.09 usr cpu s       0.29 sys cpu s       0.06 wall s
IN   compute_J_by_boxes_sparse: noOfBasisFuncIndexPairs = 2598 ==> storing  48.75 % of a full matrix
ININ entering compute_J_by_boxes_linear, no of basis funcs =    73, threshold_J =   1e-12
ININ use_fmm = 1, fmm_box_size =   5.00
TIIN Compute extent for all distrs took      0.05 usr cpu s       0.00 sys cpu s       0.05 wall s
ININ extent_min =    0.000, extent_max =    8.395
ININ Creating list of distributions etc done, distrCount =     36059
TIIN Creating list of distributions etc took      0.11 usr cpu s       0.07 sys cpu s       0.09 wall s
ININ create_box_system end OK, toplevelBoxSize:   5.0, #levels:  3, #boxes at top level:     10
TIIN Creating boxes took      0.00 usr cpu s       0.00 sys cpu s       0.00 wall s
ININ noOfBranches = 4, splitters:   5.00  2.50  0.00
ININ J org done, groupCount =     3008
TIIN J org took      0.13 usr cpu s       0.00 sys cpu s       0.13 wall s
TIIN Generate group multipoles took      0.08 usr cpu s       0.00 sys cpu s       0.08 wall s
ININ totChargeWholeSystem =          0.00000000000
ININ Generating multipole for each branch at top level, MAX_MULTIPOLE_DEGREE = 15
TIIN Translate multipoles (step 1) took      0.08 usr cpu s       0.00 sys cpu s       0.08 wall s
TIIN Translate multipoles (step 2) took      0.08 usr cpu s       0.00 sys cpu s       0.08 wall s
ININ job lists for J created OK, noOfJobs_J_standard =      759, noOfJobs_J_multipole =      122
TIIN Creating job lists for J took      0.00 usr cpu s       0.00 sys cpu s       0.00 wall s
ININ execute_joblist_J_std_threaded, noOfThreads =  8
ININ 8 threads started OK.
ININ all 8 threads have finished.
TIIN execute_joblist_J_std_threaded took      3.73 usr cpu s       0.00 sys cpu s       0.71 wall s
TIIN sort_list_of_multipole_jobs init part took      0.00 usr cpu s       0.00 sys cpu s       0.00 wall s
TIIN sort_list_of_multipole_jobs complete took      0.00 usr cpu s       0.00 sys cpu s       0.00 wall s
TIIN sort_list_of_multipole_jobs took      0.00 usr cpu s       0.00 sys cpu s       0.00 wall s
ININ execute_joblist_J_fmm_shared: Allocating multipoleList_4, maxnoOfMinimalDistrsPerBoxBranch =      7533
ININ execute_joblist_J_fmm_shared: jobIndexLo =           15, jobIndexHi =           30
ININ execute_joblist_J_fmm_shared: Allocating multipoleList_4, maxnoOfMinimalDistrsPerBoxBranch =      7533
ININ execute_joblist_J_fmm_shared: jobIndexLo =            0, jobIndexHi =           15
ININ execute_joblist_J_fmm_shared: Allocating multipoleList_4, maxnoOfMinimalDistrsPerBoxBranch =      7533
ININ execute_joblist_J_fmm_shared: jobIndexLo =           61, jobIndexHi =           76
ININ execute_joblist_J_fmm_shared: Allocating multipoleList_4, maxnoOfMinimalDistrsPerBoxBranch =      7533
ININ execute_joblist_J_fmm_shared: jobIndexLo =           30, jobIndexHi =           45
ININ execute_joblist_J_fmm_shared: Allocating multipoleList_4, maxnoOfMinimalDistrsPerBoxBranch =      7533
ININ execute_joblist_J_fmm_shared: jobIndexLo =           91, jobIndexHi =          106
ININ execute_joblist_J_fmm_shared: Allocating multipoleList_4, maxnoOfMinimalDistrsPerBoxBranch =      7533
ININ execute_joblist_J_fmm_shared: jobIndexLo =          106, jobIndexHi =          122
ININ execute_joblist_J_fmm_shared: done!
ININ execute_joblist_J_fmm_shared: done!
ININ execute_joblist_J_fmm_shared: done!
ININ execute_joblist_J_fmm_shared: done!
ININ execute_joblist_J_fmm_shared: Allocating multipoleList_4, maxnoOfMinimalDistrsPerBoxBranch =      7533
ININ execute_joblist_J_fmm_shared: jobIndexLo =           45, jobIndexHi =           61
ININ execute_joblist_J_fmm_shared: Allocating multipoleList_4, maxnoOfMinimalDistrsPerBoxBranch =      7533
ININ execute_joblist_J_fmm_shared: jobIndexLo =           76, jobIndexHi =           91
ININ execute_joblist_J_fmm_shared: done!
ININ execute_joblist_J_fmm_shared: done!
ININ execute_joblist_J_fmm_shared: done!
ININ execute_joblist_J_fmm_shared: done!
ININ multipole job list for J executed, largest L used: 13
TIIN Executing multipole job list for J took      0.06 usr cpu s       0.00 sys cpu s       0.05 wall s
ININ compute_J_by_boxes_linear ending OK.
TIIN compute_J_by_boxes_linear took      4.27 usr cpu s       0.08 sys cpu s       1.22 wall s
TI   compute_J_by_boxes_sparse total took      4.36 usr cpu s       0.37 sys cpu s       1.28 wall s
ININ entering create_CSR_for_K, no of basis funcs =    73, threshold_K =   1e-12
ININ create_box_system end OK, toplevelBoxSize:   7.0, #levels:  3, #boxes at top level:      6
ININ create_box_system end OK, toplevelBoxSize:   7.0, #levels:  3, #boxes at top level:      6
ININ create_box_system end OK, toplevelBoxSize:   7.0, #levels:  3, #boxes at top level:      6
TIIN create_CSR_for_K getting list of distrs took      0.05 usr cpu s       0.00 sys cpu s       0.05 wall s
ININ list of neighbors complete.
TIIN create_CSR_for_K getting list of neighbors took      0.00 usr cpu s       0.00 sys cpu s       0.00 wall s
TIIN create_CSR_for_K sort each list of neighbors took      0.00 usr cpu s       0.00 sys cpu s       0.00 wall s
ININ 8 threads started OK.
TIIN identify_needed_elements() took      0.73 usr cpu s       0.00 sys cpu s       0.13 wall s
ININ computing nnz..
ININ create_CSR_for_K: predicted nnz =         2701, <->  50.68% of a full matrix
TIIN create_CSR_for_K last part took      0.00 usr cpu s       0.00 sys cpu s       0.00 wall s
TIIN create_CSR_for_K total took      0.78 usr cpu s       0.00 sys cpu s       0.18 wall s
ININ entering compute_K_by_boxes, no of basis funcs =    73, threshold_K =   1e-12, exchange_box_size =   5.00
ININ create_box_system end OK, toplevelBoxSize:   7.0, #levels:  3, #boxes at top level:      6
ININ create_box_system end OK, toplevelBoxSize:   7.0, #levels:  3, #boxes at top level:      6
ININ create_box_system end OK, toplevelBoxSize:   7.0, #levels:  3, #boxes at top level:      6
TIIN Compute extent for all distrs took      0.05 usr cpu s       0.00 sys cpu s       0.05 wall s
ININ Creating list of distributions done, distrCountTot =     36059
TIIN Creating list of distributions took      0.08 usr cpu s       0.00 sys cpu s       0.08 wall s
ININ create_box_system end OK, toplevelBoxSize:   5.0, #levels:  3, #boxes at top level:     10
ININ create_box_system end OK, toplevelBoxSize:   2.5, #levels:  4, #boxes at top level:     16
ININ noOfLevelsBasisFuncs = 4, noOfLevelsDiff = 1
TIIN Creating boxes etc took      0.00 usr cpu s       0.00 sys cpu s       0.00 wall s
TIIN getting multipoleNormVectorList took      0.09 usr cpu s       0.00 sys cpu s       0.09 wall s
TIIN K organize_distributions for all boxes took      0.17 usr cpu s       0.00 sys cpu s       0.17 wall s
ININ starting loop to setup basisFuncGroupInfoList, with added index checks.
TIIN GetLimitsAllLevels took      0.04 usr cpu s       0.00 sys cpu s       0.04 wall s
ININ getDmatLimitMatrixCSRList start.
TIIN getting densityMatrixLimitMatrixList took      0.00 usr cpu s       0.00 sys cpu s       0.00 wall s
ININ job list for K created,       55 jobs
TIIN creating job list for K took      0.00 usr cpu s       0.00 sys cpu s       0.00 wall s
ININ execute_joblist_K_threaded, noOfThreads =  8, basisFuncListCount_max =    67
ININ 8 threads started OK.
ININ all 8 threads have finished, took        0 wall s.
TIIN Executing job list for K took      2.39 usr cpu s       0.00 sys cpu s       0.53 wall s
TIIN compute_K_by_boxes took      2.77 usr cpu s       0.00 sys cpu s       0.91 wall s
TI   compute_K_by_boxes_sparse total took      3.56 usr cpu s       0.01 sys cpu s       1.10 wall s
INSC About to truncate FockMatrix, gap of Fprev >=          0.48818071395
TISC symmMatrix::mixed_diff for F vs Fprev maxEigValMovement_mixed took      0.00 usr cpu s       0.00 sys cpu s       0.00 wall s
TISC symmMatrix::eucl_diff for maxEigValMovement_eucl  took      0.02 usr cpu s       0.02 sys cpu s       0.01 wall s
INSC maxEigValMovement_frob  =          0.00140663676
INSC maxEigValMovement_mixed =          0.00122568233
INSC maxEigValMovement_eucl  =          0.00065807863
TISC FockMatrix.eucl_thresh() (with Z) took      0.00 usr cpu s       0.01 sys cpu s       0.00 wall s
INSC Truncated FockMatrix (eucl with Z), selected threshold = 4.86865e-08, returned error =          0, nnz before = 100.0000 %, nnz after = 100.0000 %
INSC Matrix 'S' ( symm ): n =     73, nnz =         5329 <-> 100.00 %, mem usage  0.0000 G
INSC Matrix 'F' ( symm ): n =     73, nnz =         5329 <-> 100.00 %, mem usage  0.0000 G
INSC Matrix 'D' ( symm ): n =     73, nnz =         5329 <-> 100.00 %, mem usage  0.0000 G
INSC nuclearEnergy, energy_2el, energy = 782.160484, 1010.857554, -636.642060
INSC Energy  13 =       -636.64205959521  ( diff     -0.000001486721430 )
INSC calling compute_FDSminusSDF_sparse, n = 73
INDE compute_FDSminusSDF_sparse() start.
TIDE FileWritable::writeAndReadAll took      0.00 usr cpu s       0.00 sys cpu s       0.00 wall s
INDE writeAndReadAll: '0 MB (1 MatrixGeneral, 0 > 1 MB) + 0 MB (9 MatrixSymmetric, 0 > 1 MB) = 0 MB (10 total, 0 > 1 MB)
TISC compute_FDSminusSDF_sparse, F*D mult took      0.00 usr cpu s       0.00 sys cpu s       0.00 wall s
INSC Matrix 'FD before eucl truncation' (normal): n =     73, nnz =         5329 <-> 100.00 %, mem usage  0.0000 G
INSC Matrix 'FD after  eucl truncation' (normal): n =     73, nnz =         5329 <-> 100.00 %, mem usage  0.0000 G
INSC Matrix 'FDS before eucl truncation' (normal): n =     73, nnz =         5329 <-> 100.00 %, mem usage  0.0000 G
INSC Matrix 'FDS after  eucl truncation' (normal): n =     73, nnz =         5329 <-> 100.00 %, mem usage  0.0000 G
INSC compute_FDSminusSDF_sparse ending OK.
TISC compute_FDSminusSDF_sparse took      0.00 usr cpu s       0.01 sys cpu s       0.00 wall s
INSC Matrix 'FDS-SDF' (normal): n =     73, nnz =         5329 <-> 100.00 %, mem usage  0.0000 G
INSC SCF_restricted::get_FDSminusSDF finished.
TISC get_FDSminusSDF took      0.00 usr cpu s       0.01 sys cpu s       0.00 wall s
INSC maxabs FDS-SDF is 0.000145
INSC frob   FDS-SDF is 0.000606
TISC get_error_measure took      0.00 usr cpu s       0.00 sys cpu s       0.00 wall s
INSC entering DIISManagerRestricted::AddIterationToList, IterCount =  5
INSC DIISManagerRestricted::AddIterationToList ending OK.
TISC DIISManagerRestricted::AddIterationToList took      0.00 usr cpu s       0.00 sys cpu s       0.00 wall s
INSC using DIIS to get combined Fock matrix, number of iters used for DIIS:  6
TISC clear_error_matrices took      0.00 usr cpu s       0.00 sys cpu s       0.00 wall s
TISC save_current_fock_as_fprev took      0.00 usr cpu s       0.00 sys cpu s       0.00 wall s
INDE get_dens_from_fock_general, n = 73, use_diagonalization = 0, use_diag_on_error = 1
INDE Before writeAndReadAll(): AllocatorManager statistics:  noOfRealsPerBuffer: 1024 noOfBuffers: 20000 list.size(): 1. Allocated: 0.164 GB, Used: 0.000639 GB, Peak alloc: 0.164 GB.
TIDE FileWritable::writeAndReadAll took      0.00 usr cpu s       0.00 sys cpu s       0.00 wall s
INDE writeAndReadAll sizesStr: '0 MB (1 MatrixGeneral, 0 > 1 MB) + 0 MB (7 MatrixSymmetric, 0 > 1 MB) = 0 MB (8 total, 0 > 1 MB)
INDE After writeAndReadAll(): AllocatorManager statistics:  noOfRealsPerBuffer: 1024 noOfBuffers: 20000 list.size(): 1. Allocated: 0.164 GB, Used: 0.000639 GB, Peak alloc: 0.164 GB.
INDE calling get_dens_from_fock_sparse, n =     73, subspaceErrorLimit = 1e-06
INDE get_dens_from_fock_sparse() start!
INDE After F.readFromFile(): AllocatorManager statistics:  noOfRealsPerBuffer: 1024 noOfBuffers: 20000 list.size(): 1. Allocated: 0.164 GB, Used: 0.000639 GB, Peak alloc: 0.164 GB.
INDE After creating wrapper MatrixType F_w(F): AllocatorManager statistics:  noOfRealsPerBuffer: 1024 noOfBuffers: 20000 list.size(): 1. Allocated: 0.164 GB, Used: 0.000664 GB, Peak alloc: 0.164 GB.
TIDE  F_w to orthogonal basis took      0.00 usr cpu s       0.00 sys cpu s       0.00 wall s
TIDE MatrixType::mixed_diff for maxEigValMovement_mixed took      0.00 usr cpu s       0.00 sys cpu s       0.00 wall s
TIDE symmMatrixWrap::eucl_diff for maxEigValMovement_eucl  took      0.02 usr cpu s       0.04 sys cpu s       0.01 wall s
INDE maxEigValMovement_frob  =          0.00112829340
INDE maxEigValMovement_mixed =          0.00093853070
INDE maxEigValMovement_eucl  =          0.00046044441
INDE lumo before truncation: [ 0.209260931923 , 0.234881043012 ]
INDE homo before truncation: [ -0.321835096521 , -0.277998893215 ]
INDE Truncate matrix F and update intervals for homo and lumo.
INDE Truncating F_ort ( mixed ), selected threshold = 4.8726e-08
INDE Truncated F_ort ( mixed ), selected threshold = 4.8726e-08, returned error =          0, nnz before = 100.0000 %, nnz after = 100.0000 %
TIDE Truncation of F_ort took      0.00 usr cpu s       0.00 sys cpu s       0.00 wall s
INDE Chosen Ergo Wrapper
INDE Creating purification object: N = 73 , nocc = 47 , NNZ = 5329  <-> 100.00000 %
INDE Chosen norm for the truncation: 
INDE mixed
INDE Chosen norm for the stopping criterion: 
INDE mixed
INDE Chosen the NEW stopping criterion.
INDE Allowed error in subspace 7.000000e-07
INDE Chosen SP2 purification method
INDE calling Puri->PurificationStart(), number of threads = 1, trunc norm 'mixed'
TIDE gershgorin took      0.00 usr cpu s       0.00 sys cpu s       0.00 wall s
INDE Gershgorin bounds: [ -24.388288249221 , 5.987646742269 ]
INDE EXPANDED Gershgorin bounds: [ -24.388288264122 , 5.987646757171 ]
INDE Trying to impove bounds using Lanczos algorithm...
TIDE compute_spectrum_bounds took      0.03 usr cpu s       0.14 sys cpu s       0.02 wall s
INDE Spectrum of F: 	 [ -20.320285548313 , 1.134623870035 ]
INDE Transform homo and lumo bounds...
INDE HOMO bounds of X: 	 [ 0.065841469461 , 0.067884647665 ]
INDE LUMO bounds of X: 	 [ 0.041936454239 , 0.043130591701 ]
INDE INIT LUMO: [ 0.041936454239 , 0.043130591701 ]
INDE INIT HOMO: [ 0.932115352335 , 0.934158530539 ]
INDE ESTIMATED NUMBER OF ITERATIONS IS 24
INDE Put eigenvalues of F to the interval [0,1] in reverse order.
TIDE compute_X() took      0.00 usr cpu s       0.00 sys cpu s       0.00 wall s
TIDE prepare_to_purification() took      0.03 usr cpu s       0.14 sys cpu s       0.02 wall s
INDE (EIGV,PARAMS) Requested 0 occipied eigenpair(s).
INDE (EIGV,PARAMS) Requested 0 unoccipied eigenpair(s).
TIDE prepare_to_purification_eigenvectors() took      0.00 usr cpu s       0.00 sys cpu s       0.00 wall s
INDE Starting recursive expansion
INDE     BEFORE ITERATIONS:
TIDE truncate_matrix took      0.00 usr cpu s       0.00 sys cpu s       0.00 wall s
INDE Actual introduced error   0.000000e+00 : nnz before  5329 <-> 100.00 % , nnz after  5329 <-> 100.00 %
TIDE square took      0.00 usr cpu s       0.00 sys cpu s       0.00 wall s
INDE NNZ Xsq = 5329 <-> 100.00 %
TIDE Frobenius norm of X-X^2 took      0.00 usr cpu s       0.00 sys cpu s       0.00 wall s
TIDE Mixed norm of X-X^2 took      0.00 usr cpu s       0.00 sys cpu s       0.00 wall s
TIDE Trace of X-X^2 took      0.00 usr cpu s       0.00 sys cpu s       0.00 wall s
INDE ||X-X^2||_F = 8.726913e-01 , ||X-X^2||_mixed = 6.497863e-01
INDE trace(X-X^2) = 5.359267e+00
INDE trace(X) = 1.253024e+01
TIDE Iteration 0 took      0.00 usr cpu s       0.01 sys cpu s       0.00 wall s
TIDE FileWritable::writeAndReadAll took      0.00 usr cpu s       0.00 sys cpu s       0.00 wall s
INDE writeAndReadAll sizesStr: '0 MB (1 MatrixGeneral, 0 > 1 MB) + 0 MB (13 MatrixSymmetric, 0 > 1 MB) + 0 MB (2 VectorGeneral, 0 > 1 MB) = 0 MB (16 total, 0 > 1 MB)
INDE     ITERATION 1 :
TIDE purify_X took      0.00 usr cpu s       0.00 sys cpu s       0.00 wall s
TIDE truncate_matrix took      0.00 usr cpu s       0.00 sys cpu s       0.00 wall s
INDE Actual introduced error   0.000000e+00 : nnz before  5329 <-> 100.00 % , nnz after  5329 <-> 100.00 %
TIDE square took      0.00 usr cpu s       0.00 sys cpu s       0.00 wall s
INDE NNZ Xsq = 5329 <-> 100.00 %
TIDE Frobenius norm of X-X^2 took      0.00 usr cpu s       0.00 sys cpu s       0.00 wall s
TIDE Mixed norm of X-X^2 took      0.00 usr cpu s       0.00 sys cpu s       0.00 wall s
TIDE Trace of X-X^2 took      0.00 usr cpu s       0.00 sys cpu s       0.00 wall s
INDE ||X-X^2||_F = 9.393530e-01 , ||X-X^2||_mixed = 7.167166e-01
INDE trace(X-X^2) = 6.947163e+00
INDE trace(X) = 1.788951e+01
TIDE Iteration 1 took      0.00 usr cpu s       0.01 sys cpu s       0.00 wall s
INDE     ITERATION 2 :
TIDE purify_X took      0.00 usr cpu s       0.00 sys cpu s       0.00 wall s
TIDE truncate_matrix took      0.00 usr cpu s       0.00 sys cpu s       0.00 wall s
INDE Actual introduced error   0.000000e+00 : nnz before  5329 <-> 100.00 % , nnz after  5329 <-> 100.00 %
TIDE square took      0.00 usr cpu s       0.00 sys cpu s       0.00 wall s
INDE NNZ Xsq = 5329 <-> 100.00 %
TIDE Frobenius norm of X-X^2 took      0.00 usr cpu s       0.00 sys cpu s       0.00 wall s
TIDE Mixed norm of X-X^2 took      0.00 usr cpu s       0.00 sys cpu s       0.00 wall s
TIDE Trace of X-X^2 took      0.00 usr cpu s       0.00 sys cpu s       0.00 wall s
INDE ||X-X^2||_F = 1.278728e+00 , ||X-X^2||_mixed = 9.883863e-01
INDE trace(X-X^2) = 9.180766e+00
INDE trace(X) = 2.483667e+01
INDE Checking stopping criterion...   
INDE Order of convergence cannot be computed
TIDE stopping_criterion took      0.00 usr cpu s       0.00 sys cpu s       0.00 wall s
TIDE Iteration 2 took      0.00 usr cpu s       0.01 sys cpu s       0.00 wall s
INDE     ITERATION 3 :
TIDE purify_X took      0.00 usr cpu s       0.00 sys cpu s       0.00 wall s
TIDE truncate_matrix took      0.00 usr cpu s       0.00 sys cpu s       0.00 wall s
INDE Actual introduced error   0.000000e+00 : nnz before  5329 <-> 100.00 % , nnz after  5329 <-> 100.00 %
TIDE square took      0.00 usr cpu s       0.00 sys cpu s       0.00 wall s
INDE NNZ Xsq = 5329 <-> 100.00 %
TIDE Frobenius norm of X-X^2 took      0.00 usr cpu s       0.00 sys cpu s       0.00 wall s
TIDE Mixed norm of X-X^2 took      0.00 usr cpu s       0.00 sys cpu s       0.00 wall s
TIDE Trace of X-X^2 took      0.00 usr cpu s       0.00 sys cpu s       0.00 wall s
INDE ||X-X^2||_F = 1.590084e+00 , ||X-X^2||_mixed = 1.196471e+00
INDE trace(X-X^2) = 1.156536e+01
INDE trace(X) = 3.401744e+01
INDE Checking stopping criterion...   
INDE Order of convergence cannot be computed
TIDE stopping_criterion took      0.00 usr cpu s       0.00 sys cpu s       0.00 wall s
TIDE Iteration 3 took      0.01 usr cpu s       0.00 sys cpu s       0.00 wall s
INDE     ITERATION 4 :
TIDE purify_X took      0.00 usr cpu s       0.00 sys cpu s       0.00 wall s
TIDE truncate_matrix took      0.00 usr cpu s       0.00 sys cpu s       0.00 wall s
INDE Actual introduced error   0.000000e+00 : nnz before  5329 <-> 100.00 % , nnz after  5329 <-> 100.00 %
TIDE square took      0.00 usr cpu s       0.00 sys cpu s       0.00 wall s
INDE NNZ Xsq = 5329 <-> 100.00 %
TIDE Frobenius norm of X-X^2 took      0.00 usr cpu s       0.00 sys cpu s       0.00 wall s
TIDE Mixed norm of X-X^2 took      0.00 usr cpu s       0.00 sys cpu s       0.00 wall s
TIDE Trace of X-X^2 took      0.00 usr cpu s       0.00 sys cpu s       0.00 wall s
INDE ||X-X^2||_F = 1.468982e+00 , ||X-X^2||_mixed = 1.076606e+00
INDE trace(X-X^2) = 1.099370e+01
INDE trace(X) = 4.558279e+01
INDE Checking stopping criterion...   
INDE Order of convergence cannot be computed
TIDE stopping_criterion took      0.00 usr cpu s       0.00 sys cpu s       0.00 wall s
TIDE Iteration 4 took      0.01 usr cpu s       0.00 sys cpu s       0.00 wall s
INDE     ITERATION 5 :
TIDE purify_X took      0.00 usr cpu s       0.00 sys cpu s       0.00 wall s
TIDE truncate_matrix took      0.00 usr cpu s       0.00 sys cpu s       0.00 wall s
INDE Actual introduced error   0.000000e+00 : nnz before  5329 <-> 100.00 % , nnz after  5329 <-> 100.00 %
TIDE square took      0.00 usr cpu s       0.00 sys cpu s       0.00 wall s
INDE NNZ Xsq = 5329 <-> 100.00 %
TIDE Frobenius norm of X-X^2 took      0.00 usr cpu s       0.00 sys cpu s       0.00 wall s
TIDE Mixed norm of X-X^2 took      0.00 usr cpu s       0.01 sys cpu s       0.00 wall s
TIDE Trace of X-X^2 took      0.00 usr cpu s       0.00 sys cpu s       0.00 wall s
INDE ||X-X^2||_F = 1.474468e+00 , ||X-X^2||_mixed = 1.142928e+00
INDE trace(X-X^2) = 1.012540e+01
INDE trace(X) = 3.458909e+01
INDE Checking stopping criterion...   
INDE Order of convergence cannot be computed
TIDE stopping_criterion took      0.00 usr cpu s       0.00 sys cpu s       0.00 wall s
TIDE Iteration 5 took      0.00 usr cpu s       0.01 sys cpu s       0.00 wall s
INDE     ITERATION 6 :
TIDE purify_X took      0.00 usr cpu s       0.00 sys cpu s       0.00 wall s
TIDE truncate_matrix took      0.00 usr cpu s       0.00 sys cpu s       0.00 wall s
INDE Actual introduced error   0.000000e+00 : nnz before  5329 <-> 100.00 % , nnz after  5329 <-> 100.00 %
TIDE square took      0.00 usr cpu s       0.00 sys cpu s       0.00 wall s
INDE NNZ Xsq = 5329 <-> 100.00 %
TIDE Frobenius norm of X-X^2 took      0.00 usr cpu s       0.00 sys cpu s       0.00 wall s
TIDE Mixed norm of X-X^2 took      0.00 usr cpu s       0.01 sys cpu s       0.00 wall s
TIDE Trace of X-X^2 took      0.00 usr cpu s       0.00 sys cpu s       0.00 wall s
INDE ||X-X^2||_F = 1.188983e+00 , ||X-X^2||_mixed = 9.030534e-01
INDE trace(X-X^2) = 8.455402e+00
INDE trace(X) = 4.471449e+01
INDE Checking stopping criterion...   
INDE Order of convergence cannot be computed
TIDE stopping_criterion took      0.00 usr cpu s       0.00 sys cpu s       0.00 wall s
TIDE Iteration 6 took      0.00 usr cpu s       0.01 sys cpu s       0.00 wall s
INDE     ITERATION 7 :
TIDE purify_X took      0.00 usr cpu s       0.00 sys cpu s       0.00 wall s
TIDE truncate_matrix took      0.00 usr cpu s       0.00 sys cpu s       0.00 wall s
INDE Actual introduced error   0.000000e+00 : nnz before  5329 <-> 100.00 % , nnz after  5329 <-> 100.00 %
TIDE square took      0.00 usr cpu s       0.00 sys cpu s       0.00 wall s
INDE NNZ Xsq = 5329 <-> 100.00 %
TIDE Frobenius norm of X-X^2 took      0.00 usr cpu s       0.00 sys cpu s       0.00 wall s
TIDE Mixed norm of X-X^2 took      0.00 usr cpu s       0.00 sys cpu s       0.00 wall s
TIDE Trace of X-X^2 took      0.00 usr cpu s       0.00 sys cpu s       0.00 wall s
INDE ||X-X^2||_F = 1.310623e+00 , ||X-X^2||_mixed = 1.044189e+00
INDE trace(X-X^2) = 8.295653e+00
INDE trace(X) = 3.625909e+01
INDE Checking stopping criterion...   
INDE Order of convergence cannot be computed
TIDE stopping_criterion took      0.00 usr cpu s       0.00 sys cpu s       0.00 wall s
TIDE Iteration 7 took      0.00 usr cpu s       0.01 sys cpu s       0.00 wall s
INDE     ITERATION 8 :
TIDE purify_X took      0.00 usr cpu s       0.00 sys cpu s       0.00 wall s
TIDE truncate_matrix took      0.00 usr cpu s       0.00 sys cpu s       0.00 wall s
INDE Actual introduced error   0.000000e+00 : nnz before  5329 <-> 100.00 % , nnz after  5329 <-> 100.00 %
TIDE square took      0.00 usr cpu s       0.00 sys cpu s       0.00 wall s
INDE NNZ Xsq = 5329 <-> 100.00 %
TIDE Frobenius norm of X-X^2 took      0.00 usr cpu s       0.00 sys cpu s       0.00 wall s
TIDE Mixed norm of X-X^2 took      0.00 usr cpu s       0.00 sys cpu s       0.00 wall s
TIDE Trace of X-X^2 took      0.00 usr cpu s       0.00 sys cpu s       0.00 wall s
INDE ||X-X^2||_F = 8.779930e-01 , ||X-X^2||_mixed = 7.019858e-01
INDE trace(X-X^2) = 5.519965e+00
INDE trace(X) = 4.455474e+01
INDE Checking stopping criterion...   
INDE e_i =7.019858e-01, C*e_{i-1}^q = 5.616549e+00
INDE Order of convergence = 22.393110, stop = 0
TIDE stopping_criterion took      0.00 usr cpu s       0.00 sys cpu s       0.00 wall s
TIDE Iteration 8 took      0.01 usr cpu s       0.00 sys cpu s       0.00 wall s
INDE     ITERATION 9 :
TIDE purify_X took      0.00 usr cpu s       0.00 sys cpu s       0.00 wall s
TIDE truncate_matrix took      0.00 usr cpu s       0.00 sys cpu s       0.00 wall s
INDE Actual introduced error   0.000000e+00 : nnz before  5329 <-> 100.00 % , nnz after  5329 <-> 100.00 %
TIDE square took      0.00 usr cpu s       0.00 sys cpu s       0.00 wall s
INDE NNZ Xsq = 5329 <-> 100.00 %
TIDE Frobenius norm of X-X^2 took      0.00 usr cpu s       0.00 sys cpu s       0.00 wall s
TIDE Mixed norm of X-X^2 took      0.00 usr cpu s       0.01 sys cpu s       0.00 wall s
TIDE Trace of X-X^2 took      0.00 usr cpu s       0.00 sys cpu s       0.00 wall s
INDE ||X-X^2||_F = 1.082336e+00 , ||X-X^2||_mixed = 8.902129e-01
INDE trace(X-X^2) = 6.171470e+00
INDE trace(X) = 3.903478e+01
INDE Checking stopping criterion...   
INDE Order of convergence cannot be computed
TIDE stopping_criterion took      0.00 usr cpu s       0.00 sys cpu s       0.00 wall s
TIDE Iteration 9 took      0.00 usr cpu s       0.01 sys cpu s       0.00 wall s
INDE     ITERATION 10 :
TIDE purify_X took      0.00 usr cpu s       0.00 sys cpu s       0.00 wall s
TIDE truncate_matrix took      0.00 usr cpu s       0.00 sys cpu s       0.00 wall s
INDE Actual introduced error   0.000000e+00 : nnz before  5329 <-> 100.00 % , nnz after  5329 <-> 100.00 %
TIDE square took      0.00 usr cpu s       0.00 sys cpu s       0.00 wall s
INDE NNZ Xsq = 5329 <-> 100.00 %
TIDE Frobenius norm of X-X^2 took      0.00 usr cpu s       0.00 sys cpu s       0.00 wall s
TIDE Mixed norm of X-X^2 took      0.00 usr cpu s       0.00 sys cpu s       0.00 wall s
TIDE Trace of X-X^2 took      0.00 usr cpu s       0.00 sys cpu s       0.00 wall s
INDE ||X-X^2||_F = 5.862032e-01 , ||X-X^2||_mixed = 4.989157e-01
INDE trace(X-X^2) = 3.053021e+00
INDE trace(X) = 4.520625e+01
INDE Checking stopping criterion...   
INDE e_i =4.989157e-01, C*e_{i-1}^q = 3.393902e+00
INDE Order of convergence = 7.418513, stop = 0
TIDE stopping_criterion took      0.00 usr cpu s       0.00 sys cpu s       0.00 wall s
TIDE Iteration 10 took      0.00 usr cpu s       0.01 sys cpu s       0.00 wall s
INDE     ITERATION 11 :
TIDE purify_X took      0.00 usr cpu s       0.00 sys cpu s       0.00 wall s
TIDE truncate_matrix took      0.00 usr cpu s       0.00 sys cpu s       0.00 wall s
INDE Actual introduced error   0.000000e+00 : nnz before  5329 <-> 100.00 % , nnz after  5329 <-> 100.00 %
TIDE square took      0.00 usr cpu s       0.00 sys cpu s       0.00 wall s
INDE NNZ Xsq = 5329 <-> 100.00 %
TIDE Frobenius norm of X-X^2 took      0.00 usr cpu s       0.00 sys cpu s       0.00 wall s
TIDE Mixed norm of X-X^2 took      0.00 usr cpu s       0.00 sys cpu s       0.00 wall s
TIDE Trace of X-X^2 took      0.00 usr cpu s       0.00 sys cpu s       0.00 wall s
INDE ||X-X^2||_F = 7.909370e-01 , ||X-X^2||_mixed = 6.867955e-01
INDE trace(X-X^2) = 3.919287e+00
INDE trace(X) = 4.215323e+01
INDE Checking stopping criterion...   
INDE e_i =6.867955e-01, C*e_{i-1}^q = 5.457962e+00
INDE Order of convergence = 19.823645, stop = 0
TIDE stopping_criterion took      0.00 usr cpu s       0.00 sys cpu s       0.00 wall s
TIDE Iteration 11 took      0.00 usr cpu s       0.01 sys cpu s       0.00 wall s
INDE     ITERATION 12 :
TIDE purify_X took      0.00 usr cpu s       0.00 sys cpu s       0.00 wall s
TIDE truncate_matrix took      0.00 usr cpu s       0.00 sys cpu s       0.00 wall s
INDE Actual introduced error   0.000000e+00 : nnz before  5329 <-> 100.00 % , nnz after  5329 <-> 100.00 %
TIDE square took      0.00 usr cpu s       0.00 sys cpu s       0.00 wall s
INDE NNZ Xsq = 5329 <-> 100.00 %
TIDE Frobenius norm of X-X^2 took      0.00 usr cpu s       0.00 sys cpu s       0.00 wall s
TIDE Mixed norm of X-X^2 took      0.00 usr cpu s       0.01 sys cpu s       0.00 wall s
TIDE Trace of X-X^2 took      0.00 usr cpu s       0.00 sys cpu s       0.00 wall s
INDE ||X-X^2||_F = 3.238806e-01 , ||X-X^2||_mixed = 2.957340e-01
INDE trace(X-X^2) = 1.350778e+00
INDE trace(X) = 4.607252e+01
INDE Checking stopping criterion...   
INDE e_i =2.957340e-01, C*e_{i-1}^q = 1.714341e+00
INDE Order of convergence = 4.527366, stop = 0
TIDE stopping_criterion took      0.00 usr cpu s       0.00 sys cpu s       0.00 wall s
TIDE Iteration 12 took      0.00 usr cpu s       0.01 sys cpu s       0.00 wall s
INDE     ITERATION 13 :
TIDE purify_X took      0.00 usr cpu s       0.00 sys cpu s       0.00 wall s
TIDE truncate_matrix took      0.00 usr cpu s       0.00 sys cpu s       0.00 wall s
INDE Actual introduced error   0.000000e+00 : nnz before  5329 <-> 100.00 % , nnz after  5329 <-> 100.00 %
TIDE square took      0.00 usr cpu s       0.00 sys cpu s       0.00 wall s
INDE NNZ Xsq = 5329 <-> 100.00 %
TIDE Frobenius norm of X-X^2 took      0.00 usr cpu s       0.00 sys cpu s       0.00 wall s
TIDE Mixed norm of X-X^2 took      0.00 usr cpu s       0.00 sys cpu s       0.00 wall s
TIDE Trace of X-X^2 took      0.00 usr cpu s       0.00 sys cpu s       0.00 wall s
INDE ||X-X^2||_F = 2.390471e-01 , ||X-X^2||_mixed = 2.302193e-01
INDE trace(X-X^2) = 5.637488e-01
INDE trace(X) = 4.742329e+01
INDE Checking stopping criterion...   
INDE Order of convergence cannot be computed
TIDE stopping_criterion took      0.00 usr cpu s       0.00 sys cpu s       0.00 wall s
TIDE Iteration 13 took      0.01 usr cpu s       0.00 sys cpu s       0.00 wall s
INDE     ITERATION 14 :
TIDE purify_X took      0.00 usr cpu s       0.00 sys cpu s       0.00 wall s
TIDE truncate_matrix took      0.00 usr cpu s       0.00 sys cpu s       0.00 wall s
INDE Actual introduced error   0.000000e+00 : nnz before  5329 <-> 100.00 % , nnz after  5329 <-> 100.00 %
TIDE square took      0.00 usr cpu s       0.00 sys cpu s       0.00 wall s
INDE NNZ Xsq = 5329 <-> 100.00 %
TIDE Frobenius norm of X-X^2 took      0.00 usr cpu s       0.00 sys cpu s       0.00 wall s
TIDE Mixed norm of X-X^2 took      0.00 usr cpu s       0.01 sys cpu s       0.00 wall s
TIDE Trace of X-X^2 took      0.00 usr cpu s       0.00 sys cpu s       0.00 wall s
INDE ||X-X^2||_F = 9.500124e-02 , ||X-X^2||_mixed = 9.075563e-02
INDE trace(X-X^2) = 2.929249e-01
INDE trace(X) = 4.685954e+01
INDE Checking stopping criterion...   
INDE e_i =9.075563e-02, C*e_{i-1}^q = 6.023448e-01
INDE Order of convergence = 3.553532, stop = 0
TIDE stopping_criterion took      0.00 usr cpu s       0.00 sys cpu s       0.00 wall s
TIDE Iteration 14 took      0.00 usr cpu s       0.01 sys cpu s       0.00 wall s
INDE     ITERATION 15 :
TIDE purify_X took      0.00 usr cpu s       0.00 sys cpu s       0.00 wall s
TIDE truncate_matrix took      0.00 usr cpu s       0.00 sys cpu s       0.00 wall s
INDE Actual introduced error   0.000000e+00 : nnz before  5329 <-> 100.00 % , nnz after  5329 <-> 100.00 %
TIDE square took      0.00 usr cpu s       0.00 sys cpu s       0.00 wall s
INDE NNZ Xsq = 5329 <-> 100.00 %
TIDE Frobenius norm of X-X^2 took      0.00 usr cpu s       0.00 sys cpu s       0.00 wall s
TIDE Mixed norm of X-X^2 took      0.00 usr cpu s       0.00 sys cpu s       0.00 wall s
TIDE Trace of X-X^2 took      0.00 usr cpu s       0.00 sys cpu s       0.00 wall s
INDE ||X-X^2||_F = 9.360243e-02 , ||X-X^2||_mixed = 9.266873e-02
INDE trace(X-X^2) = 1.564921e-01
INDE trace(X) = 4.715247e+01
INDE Checking stopping criterion...   
INDE e_i =9.266873e-02, C*e_{i-1}^q = 3.650279e-01
INDE Order of convergence = 2.933425, stop = 0
TIDE stopping_criterion took      0.00 usr cpu s       0.00 sys cpu s       0.00 wall s
TIDE Iteration 15 took      0.00 usr cpu s       0.01 sys cpu s       0.00 wall s
INDE     ITERATION 16 :
TIDE purify_X took      0.00 usr cpu s       0.00 sys cpu s       0.00 wall s
TIDE truncate_matrix took      0.00 usr cpu s       0.00 sys cpu s       0.00 wall s
INDE Actual introduced error   0.000000e+00 : nnz before  5329 <-> 100.00 % , nnz after  5329 <-> 100.00 %
TIDE square took      0.00 usr cpu s       0.00 sys cpu s       0.00 wall s
INDE NNZ Xsq = 5329 <-> 100.00 %
TIDE Frobenius norm of X-X^2 took      0.00 usr cpu s       0.00 sys cpu s       0.00 wall s
TIDE Mixed norm of X-X^2 took      0.00 usr cpu s       0.01 sys cpu s       0.00 wall s
TIDE Trace of X-X^2 took      0.00 usr cpu s       0.00 sys cpu s       0.00 wall s
INDE ||X-X^2||_F = 1.094060e-02 , ||X-X^2||_mixed = 1.066050e-02
INDE trace(X-X^2) = 2.442328e-02
INDE trace(X) = 4.699598e+01
INDE Checking stopping criterion...   
INDE e_i =1.066050e-02, C*e_{i-1}^q = 5.672700e-02
INDE Order of convergence = 2.696664, stop = 0
TIDE stopping_criterion took      0.00 usr cpu s       0.00 sys cpu s       0.00 wall s
TIDE Iteration 16 took      0.00 usr cpu s       0.01 sys cpu s       0.00 wall s
INDE     ITERATION 17 :
TIDE purify_X took      0.00 usr cpu s       0.00 sys cpu s       0.00 wall s
TIDE truncate_matrix took      0.00 usr cpu s       0.00 sys cpu s       0.00 wall s
INDE Actual introduced error   0.000000e+00 : nnz before  5329 <-> 100.00 % , nnz after  5329 <-> 100.00 %
TIDE square took      0.00 usr cpu s       0.00 sys cpu s       0.00 wall s
INDE NNZ Xsq = 5329 <-> 100.00 %
TIDE Frobenius norm of X-X^2 took      0.00 usr cpu s       0.00 sys cpu s       0.00 wall s
TIDE Mixed norm of X-X^2 took      0.00 usr cpu s       0.00 sys cpu s       0.00 wall s
TIDE Trace of X-X^2 took      0.00 usr cpu s       0.00 sys cpu s       0.00 wall s
INDE ||X-X^2||_F = 1.476692e-02 , ||X-X^2||_mixed = 1.472544e-02
INDE trace(X-X^2) = 2.835404e-02
INDE trace(X) = 4.697155e+01
INDE Checking stopping criterion...   
INDE Order of convergence cannot be computed
TIDE stopping_criterion took      0.00 usr cpu s       0.00 sys cpu s       0.00 wall s
TIDE Iteration 17 took      0.00 usr cpu s       0.01 sys cpu s       0.00 wall s
INDE     ITERATION 18 :
TIDE purify_X took      0.00 usr cpu s       0.00 sys cpu s       0.00 wall s
TIDE truncate_matrix took      0.00 usr cpu s       0.00 sys cpu s       0.00 wall s
INDE Actual introduced error   0.000000e+00 : nnz before  5329 <-> 100.00 % , nnz after  5329 <-> 100.00 %
TIDE square took      0.00 usr cpu s       0.00 sys cpu s       0.00 wall s
INDE NNZ Xsq = 5329 <-> 100.00 %
TIDE Frobenius norm of X-X^2 took      0.00 usr cpu s       0.00 sys cpu s       0.00 wall s
TIDE Mixed norm of X-X^2 took      0.00 usr cpu s       0.00 sys cpu s       0.00 wall s
TIDE Trace of X-X^2 took      0.00 usr cpu s       0.00 sys cpu s       0.00 wall s
INDE ||X-X^2||_F = 1.954536e-04 , ||X-X^2||_mixed = 1.916247e-04
INDE trace(X-X^2) = 3.530528e-04
INDE trace(X) = 4.699991e+01
INDE Checking stopping criterion...   
INDE e_i =1.916247e-04, C*e_{i-1}^q = 7.827039e-04
INDE Order of convergence = 2.309877, stop = 0
TIDE stopping_criterion took      0.00 usr cpu s       0.00 sys cpu s       0.00 wall s
TIDE Iteration 18 took      0.00 usr cpu s       0.01 sys cpu s       0.00 wall s
INDE     ITERATION 19 :
TIDE purify_X took      0.00 usr cpu s       0.00 sys cpu s       0.00 wall s
TIDE truncate_matrix took      0.00 usr cpu s       0.00 sys cpu s       0.00 wall s
INDE Actual introduced error   0.000000e+00 : nnz before  5329 <-> 100.00 % , nnz after  5329 <-> 100.00 %
TIDE square took      0.00 usr cpu s       0.00 sys cpu s       0.00 wall s
INDE NNZ Xsq = 5329 <-> 100.00 %
TIDE Frobenius norm of X-X^2 took      0.00 usr cpu s       0.00 sys cpu s       0.00 wall s
TIDE Mixed norm of X-X^2 took      0.00 usr cpu s       0.01 sys cpu s       0.00 wall s
TIDE Trace of X-X^2 took      0.00 usr cpu s       0.00 sys cpu s       0.00 wall s
INDE ||X-X^2||_F = 2.451122e-04 , ||X-X^2||_mixed = 2.451019e-04
INDE trace(X-X^2) = 2.612816e-04
INDE trace(X) = 4.700026e+01
INDE Checking stopping criterion...   
INDE Order of convergence cannot be computed
TIDE stopping_criterion took      0.00 usr cpu s       0.00 sys cpu s       0.00 wall s
TIDE Iteration 19 took      0.00 usr cpu s       0.01 sys cpu s       0.00 wall s
INDE     ITERATION 20 :
TIDE purify_X took      0.00 usr cpu s       0.00 sys cpu s       0.00 wall s
TIDE truncate_matrix took      0.00 usr cpu s       0.00 sys cpu s       0.00 wall s
INDE Actual introduced error   0.000000e+00 : nnz before  5329 <-> 100.00 % , nnz after  5329 <-> 100.00 %
TIDE square took      0.00 usr cpu s       0.00 sys cpu s       0.00 wall s
INDE NNZ Xsq = 5329 <-> 100.00 %
TIDE Frobenius norm of X-X^2 took      0.00 usr cpu s       0.00 sys cpu s       0.00 wall s
TIDE Mixed norm of X-X^2 took      0.00 usr cpu s       0.01 sys cpu s       0.00 wall s
TIDE Trace of X-X^2 took      0.00 usr cpu s       0.00 sys cpu s       0.00 wall s
INDE ||X-X^2||_F = 7.060067e-08 , ||X-X^2||_mixed = 6.952226e-08
INDE trace(X-X^2) = 1.064736e-07
INDE trace(X) = 4.700000e+01
INDE Checking stopping criterion...   
INDE e_i =6.952226e-08, C*e_{i-1}^q = 2.528982e-07
INDE Order of convergence = 2.150858, stop = 0
TIDE stopping_criterion took      0.00 usr cpu s       0.00 sys cpu s       0.00 wall s
TIDE Iteration 20 took      0.00 usr cpu s       0.01 sys cpu s       0.00 wall s
INDE     ITERATION 21 :
TIDE purify_X took      0.00 usr cpu s       0.00 sys cpu s       0.00 wall s
TIDE truncate_matrix took      0.00 usr cpu s       0.00 sys cpu s       0.00 wall s
INDE Actual introduced error   0.000000e+00 : nnz before  5329 <-> 100.00 % , nnz after  5329 <-> 100.00 %
TIDE square took      0.00 usr cpu s       0.00 sys cpu s       0.00 wall s
INDE NNZ Xsq = 5329 <-> 100.00 %
TIDE Frobenius norm of X-X^2 took      0.00 usr cpu s       0.00 sys cpu s       0.00 wall s
TIDE Mixed norm of X-X^2 took      0.00 usr cpu s       0.01 sys cpu s       0.00 wall s
TIDE Trace of X-X^2 took      0.00 usr cpu s       0.00 sys cpu s       0.00 wall s
INDE ||X-X^2||_F = 7.489049e-08 , ||X-X^2||_mixed = 7.488265e-08
INDE trace(X-X^2) = 9.272878e-08
INDE trace(X) = 4.700000e+01
INDE Checking stopping criterion...   
INDE Order of convergence cannot be computed
TIDE stopping_criterion took      0.00 usr cpu s       0.00 sys cpu s       0.00 wall s
TIDE Iteration 21 took      0.00 usr cpu s       0.01 sys cpu s       0.00 wall s
INDE     ITERATION 22 :
TIDE purify_X took      0.00 usr cpu s       0.00 sys cpu s       0.00 wall s
TIDE truncate_matrix took      0.00 usr cpu s       0.00 sys cpu s       0.00 wall s
INDE Actual introduced error   0.000000e+00 : nnz before  5329 <-> 100.00 % , nnz after  5329 <-> 100.00 %
TIDE square took      0.00 usr cpu s       0.00 sys cpu s       0.00 wall s
INDE NNZ Xsq = 5329 <-> 100.00 %
TIDE Frobenius norm of X-X^2 took      0.00 usr cpu s       0.00 sys cpu s       0.00 wall s
TIDE Mixed norm of X-X^2 took      0.00 usr cpu s       0.00 sys cpu s       0.00 wall s
TIDE Trace of X-X^2 took      0.00 usr cpu s       0.00 sys cpu s       0.00 wall s
INDE ||X-X^2||_F = 9.045550e-15 , ||X-X^2||_mixed = 0.000000e+00
INDE trace(X-X^2) = 1.421085e-14
INDE trace(X) = 4.700000e+01
INDE Checking stopping criterion...   
INDE ************************************************************************************************************
INDE The norm value went much below machine precision, therefore we stop here since n_max can be underestimated.
INDE ************************************************************************************************************
INDE e_i =0.000000e+00, C*e_{i-1}^q = 3.328821e-14
INDE Order of convergence = inf, stop = 1
TIDE stopping_criterion took      0.00 usr cpu s       0.00 sys cpu s       0.00 wall s
INDE PURIFICATION CONVERGED after 22 iterations
TIDE Iteration 22 took      0.00 usr cpu s       0.00 sys cpu s       0.00 wall s
INDE Number of non-zeros in D is  5329 <-> 100.00 %
TIDE FileWritable::writeAndReadAll took      0.00 usr cpu s       0.00 sys cpu s       0.00 wall s
INDE writeAndReadAll sizesStr: '0 MB (1 MatrixGeneral, 0 > 1 MB) + 0 MB (13 MatrixSymmetric, 0 > 1 MB) + 0 MB (2 VectorGeneral, 0 > 1 MB) = 0 MB (16 total, 0 > 1 MB)
INDE TOTAL accumulated subspace error is 0.000000e+00
INDE TOTAL X square time: 0.006004 wall s
INDE TOTAL X trunction time: 0.001131 wall s
INDE TOTAL X purify (exl. X^2 computation) time: 0.000841 wall s
INDE TOTAL time to get number of non-zero elements: 0.000861 wall s
INDE TOTAL time to get mixed norm: 0.015159 wall s
INDE TOTAL time to get Frobenius norm: 0.000895 wall s
INDE TOTAL time for stopping criterion: 0.001101 wall s
INDE TOTAL time to get matrix trace: 0.000454 wall s
INDE Estimated bounds for the eigenvalues for the Fock matrix:
INDE LUMO: [ 0.209720085996 , 0.234421912880 ]
INDE HOMO: [ -0.321372188923 , -0.278460153901 ]
TIDE eigenvalue_bounds_estimation() took      0.00 usr cpu s       0.00 sys cpu s       0.00 wall s
TIDE Recursive expansion took      0.10 usr cpu s       0.30 sys cpu s       0.05 wall s
TIDE Puri->PurificationStart() took      0.10 usr cpu s       0.30 sys cpu s       0.05 wall s
TIDE Accumulated wall times for writeToFile in PurificationStart()          : 0 s (MatrixGeneral) + 2.9e-06 s (MatrixSymmetric) + 2e-05 s (VectorGeneral) = 2.3e-05 s
TIDE Accumulated wall times for readFromFile in PurificationStart()         : 0 s (MatrixGeneral) + 3.1e-06 s (MatrixSymmetric) + 1.1e-05 s (VectorGeneral) = 1.4e-05 s
TIDE Accumulated wall times for copy and assign in PurificationStart()      : 1.9e-06 s (MatrixSymmetric) + 2.6e-05 s (VectorGeneral) = 2.8e-05 s
INDE Number of calls to writeToFile in PurificationStart()                  : 2 (MatrixGeneral) + 27 (MatrixSymmetric) + 292 (VectorGeneral) = 321 
INDE Number of calls to readFromFile in PurificationStart()                 : 2 (MatrixGeneral) + 26 (MatrixSymmetric) + 109 (VectorGeneral) = 137 
INDE Number of calls to FileWritable copy and assign in PurificationStart() : 2 (MatrixSymmetric) + 24 (VectorGeneral) = 26 
TIDE mat::Gblas::time after purification :     0.165848
INDE Created .m files with results of the purification
INDE Purification converged OK, subspaceError <=          0.00000000000
INDE E(LUMO) - E(HOMO) >=          0.48818023990 =         13.28406112900 eV
INDE E(LUMO) - E(HOMO) <=          0.55579410180 =         15.12392804970 eV
INDE HOMO interval : [   -0.321372188923   -0.278460153901 ]
INDE LUMO interval : [    0.209720085996    0.234421912880 ]
INDE Trace of resulting density matrix is         47.00000000000, error is  -0.00000000000001.
INDE Truncated D_ort ( mixed ), selected threshold = 9.99999e-08, returned error =          0, nnz before = 5329 <-> 100.0000 %, nnz after = 5329 <-> 100.0000 %
TIDE FileWritable::writeAndReadAll took      0.00 usr cpu s       0.00 sys cpu s       0.00 wall s
INDE writeAndReadAll sizesStr: '0 MB (1 MatrixGeneral, 0 > 1 MB) + 0 MB (12 MatrixSymmetric, 0 > 1 MB) + 0 MB (1 MatrixTriangular, 0 > 1 MB) = 0 MB (14 total, 0 > 1 MB)
TIDE D_w to non-orthogonal basis took      0.00 usr cpu s       0.00 sys cpu s       0.00 wall s
INDE Truncated D_S (eucl with Z), selected threshold = 9.99999e-08, returned error =          0, nnz before = 100.0000 %, nnz after = 100.0000 %
INDE get_dens_from_fock_sparse ending OK
TIDE get_dens_from_fock_sparse took      0.13 usr cpu s       0.37 sys cpu s       0.06 wall s
ERDE get_dens_from_fock  (GetDensFromFock class) : purification finished OK.
TIDE get_dens_from_fock took      0.13 usr cpu s       0.37 sys cpu s       0.06 wall s
INSC Matrix 'new density matrix' ( symm ): n =     73, nnz =         5329 <-> 100.00 %, mem usage  0.0000 G
INSC Tr( D * S ) =         94.00000000000
TISC get_new_density_matrix took      0.13 usr cpu s       0.37 sys cpu s       0.06 wall s
INSC SCF_restricted::report_density_difference, diff_eucl =          0.00060339017
TISC SCF_restricted::report_density_difference took      0.01 usr cpu s       0.02 sys cpu s       0.00 wall s
INMA ddf_writeShellListAndDensityMatricesToFile_sparse, n =     73, densityMatrixList[0].nvalues =        2701
INMA opened temporary file 'density.bin.NEBGrC' for writing
INMA Choosing matrixStorageType = MATRIX_STORAGE_TYPE_TRIANGLE.
INMA fileSize =           46848 bytes =      0.047 MegaBytes
INMA renamed file 'density.bin.NEBGrC' to 'density.bin'
INMA ddf_writeShellListAndDensityMatricesToFile_sparse freeing buffer.
INMA ddf_writeShellListAndDensityMatricesToFile_sparse returning OK.
TISC write_density_to_file took      0.01 usr cpu s       0.04 sys cpu s       0.01 wall s
INSC SCF cycle  13 finished.
TISC SCF cycle  13 took      8.10 usr cpu s       0.86 sys cpu s       2.47 wall s
INSC Beginning of SCF cycle 14:  Thu Mar 26 20:00:28 2026
INDE compute_J_by_boxes_sparse() start.
TIDE FileWritable::writeAndReadAll took      0.00 usr cpu s       0.00 sys cpu s       0.00 wall s
INDE writeAndReadAll: '0 MB (1 MatrixGeneral, 0 > 1 MB) + 0 MB (11 MatrixSymmetric, 0 > 1 MB) = 0 MB (12 total, 0 > 1 MB)
IN   compute_J_by_boxes_sparse, maxDensityMatrixElement =          2.11091360262
ININ get_basis_func_pair_list, n =     73
ININ create_box_system end OK, toplevelBoxSize:   7.0, #levels:  3, #boxes at top level:      6
TIIN get_basis_func_pair_list_2el took      0.06 usr cpu s       0.16 sys cpu s       0.03 wall s
IN   compute_J_by_boxes_sparse: noOfBasisFuncIndexPairs = 2598 ==> storing  48.75 % of a full matrix
ININ entering compute_J_by_boxes_linear, no of basis funcs =    73, threshold_J =   1e-12
ININ use_fmm = 1, fmm_box_size =   5.00
TIIN Compute extent for all distrs took      0.05 usr cpu s       0.05 sys cpu s       0.05 wall s
ININ extent_min =    0.000, extent_max =    8.395
ININ Creating list of distributions etc done, distrCount =     36059
TIIN Creating list of distributions etc took      0.14 usr cpu s       0.31 sys cpu s       0.09 wall s
ININ create_box_system end OK, toplevelBoxSize:   5.0, #levels:  3, #boxes at top level:     10
TIIN Creating boxes took      0.00 usr cpu s       0.00 sys cpu s       0.00 wall s
ININ noOfBranches = 4, splitters:   5.00  2.50  0.00
ININ J org done, groupCount =     3008
TIIN J org took      0.12 usr cpu s       0.00 sys cpu s       0.12 wall s
TIIN Generate group multipoles took      0.07 usr cpu s       0.00 sys cpu s       0.07 wall s
ININ totChargeWholeSystem =          0.00000000000
ININ Generating multipole for each branch at top level, MAX_MULTIPOLE_DEGREE = 15
TIIN Translate multipoles (step 1) took      0.08 usr cpu s       0.00 sys cpu s       0.08 wall s
TIIN Translate multipoles (step 2) took      0.07 usr cpu s       0.00 sys cpu s       0.07 wall s
ININ job lists for J created OK, noOfJobs_J_standard =      759, noOfJobs_J_multipole =      122
TIIN Creating job lists for J took      0.00 usr cpu s       0.00 sys cpu s       0.00 wall s
ININ execute_joblist_J_std_threaded, noOfThreads =  8
ININ 8 threads started OK.
ININ all 8 threads have finished.
TIIN execute_joblist_J_std_threaded took      3.39 usr cpu s       0.00 sys cpu s       0.61 wall s
TIIN sort_list_of_multipole_jobs init part took      0.00 usr cpu s       0.00 sys cpu s       0.00 wall s
TIIN sort_list_of_multipole_jobs complete took      0.00 usr cpu s       0.00 sys cpu s       0.00 wall s
TIIN sort_list_of_multipole_jobs took      0.00 usr cpu s       0.00 sys cpu s       0.00 wall s
ININ execute_joblist_J_fmm_shared: Allocating multipoleList_4, maxnoOfMinimalDistrsPerBoxBranch =      7533
ININ execute_joblist_J_fmm_shared: jobIndexLo =            0, jobIndexHi =           15
ININ execute_joblist_J_fmm_shared: Allocating multipoleList_4, maxnoOfMinimalDistrsPerBoxBranch =      7533
ININ execute_joblist_J_fmm_shared: Allocating multipoleList_4, maxnoOfMinimalDistrsPerBoxBranch =      7533
ININ execute_joblist_J_fmm_shared: jobIndexLo =           30, jobIndexHi =           45
ININ execute_joblist_J_fmm_shared: Allocating multipoleList_4, maxnoOfMinimalDistrsPerBoxBranch =      7533
ININ execute_joblist_J_fmm_shared: jobIndexLo =           45, jobIndexHi =           61
ININ execute_joblist_J_fmm_shared: jobIndexLo =           15, jobIndexHi =           30
ININ execute_joblist_J_fmm_shared: Allocating multipoleList_4, maxnoOfMinimalDistrsPerBoxBranch =      7533
ININ execute_joblist_J_fmm_shared: jobIndexLo =           61, jobIndexHi =           76
ININ execute_joblist_J_fmm_shared: Allocating multipoleList_4, maxnoOfMinimalDistrsPerBoxBranch =      7533
ININ execute_joblist_J_fmm_shared: jobIndexLo =           76, jobIndexHi =           91
ININ execute_joblist_J_fmm_shared: Allocating multipoleList_4, maxnoOfMinimalDistrsPerBoxBranch =      7533
ININ execute_joblist_J_fmm_shared: jobIndexLo =           91, jobIndexHi =          106
ININ execute_joblist_J_fmm_shared: Allocating multipoleList_4, maxnoOfMinimalDistrsPerBoxBranch =      7533
ININ execute_joblist_J_fmm_shared: jobIndexLo =          106, jobIndexHi =          122
ININ execute_joblist_J_fmm_shared: done!
ININ execute_joblist_J_fmm_shared: done!
ININ execute_joblist_J_fmm_shared: done!
ININ execute_joblist_J_fmm_shared: done!
ININ execute_joblist_J_fmm_shared: done!
ININ execute_joblist_J_fmm_shared: done!
ININ execute_joblist_J_fmm_shared: done!
ININ execute_joblist_J_fmm_shared: done!
ININ multipole job list for J executed, largest L used: 13
TIIN Executing multipole job list for J took      0.04 usr cpu s       0.00 sys cpu s       0.03 wall s
ININ compute_J_by_boxes_linear ending OK.
TIIN compute_J_by_boxes_linear took      3.91 usr cpu s       0.32 sys cpu s       1.06 wall s
TI   compute_J_by_boxes_sparse total took      3.98 usr cpu s       0.48 sys cpu s       1.09 wall s
ININ entering create_CSR_for_K, no of basis funcs =    73, threshold_K =   1e-12
ININ create_box_system end OK, toplevelBoxSize:   7.0, #levels:  3, #boxes at top level:      6
ININ create_box_system end OK, toplevelBoxSize:   7.0, #levels:  3, #boxes at top level:      6
ININ create_box_system end OK, toplevelBoxSize:   7.0, #levels:  3, #boxes at top level:      6
TIIN create_CSR_for_K getting list of distrs took      0.04 usr cpu s       0.00 sys cpu s       0.04 wall s
ININ list of neighbors complete.
TIIN create_CSR_for_K getting list of neighbors took      0.00 usr cpu s       0.00 sys cpu s       0.00 wall s
TIIN create_CSR_for_K sort each list of neighbors took      0.00 usr cpu s       0.00 sys cpu s       0.00 wall s
ININ 8 threads started OK.
TIIN identify_needed_elements() took      0.72 usr cpu s       0.00 sys cpu s       0.11 wall s
ININ computing nnz..
ININ create_CSR_for_K: predicted nnz =         2701, <->  50.68% of a full matrix
TIIN create_CSR_for_K last part took      0.00 usr cpu s       0.00 sys cpu s       0.00 wall s
TIIN create_CSR_for_K total took      0.76 usr cpu s       0.00 sys cpu s       0.15 wall s
ININ entering compute_K_by_boxes, no of basis funcs =    73, threshold_K =   1e-12, exchange_box_size =   5.00
ININ create_box_system end OK, toplevelBoxSize:   7.0, #levels:  3, #boxes at top level:      6
ININ create_box_system end OK, toplevelBoxSize:   7.0, #levels:  3, #boxes at top level:      6
ININ create_box_system end OK, toplevelBoxSize:   7.0, #levels:  3, #boxes at top level:      6
TIIN Compute extent for all distrs took      0.05 usr cpu s       0.00 sys cpu s       0.05 wall s
ININ Creating list of distributions done, distrCountTot =     36059
TIIN Creating list of distributions took      0.07 usr cpu s       0.00 sys cpu s       0.07 wall s
ININ create_box_system end OK, toplevelBoxSize:   5.0, #levels:  3, #boxes at top level:     10
ININ create_box_system end OK, toplevelBoxSize:   2.5, #levels:  4, #boxes at top level:     16
ININ noOfLevelsBasisFuncs = 4, noOfLevelsDiff = 1
TIIN Creating boxes etc took      0.00 usr cpu s       0.00 sys cpu s       0.00 wall s
TIIN getting multipoleNormVectorList took      0.07 usr cpu s       0.00 sys cpu s       0.07 wall s
TIIN K organize_distributions for all boxes took      0.12 usr cpu s       0.00 sys cpu s       0.12 wall s
ININ starting loop to setup basisFuncGroupInfoList, with added index checks.
TIIN GetLimitsAllLevels took      0.03 usr cpu s       0.00 sys cpu s       0.03 wall s
ININ getDmatLimitMatrixCSRList start.
TIIN getting densityMatrixLimitMatrixList took      0.00 usr cpu s       0.00 sys cpu s       0.00 wall s
ININ job list for K created,       55 jobs
TIIN creating job list for K took      0.00 usr cpu s       0.00 sys cpu s       0.00 wall s
ININ execute_joblist_K_threaded, noOfThreads =  8, basisFuncListCount_max =    67
ININ 8 threads started OK.
ININ all 8 threads have finished, took        1 wall s.
TIIN Executing job list for K took      2.16 usr cpu s       0.00 sys cpu s       0.50 wall s
TIIN compute_K_by_boxes took      2.45 usr cpu s       0.00 sys cpu s       0.80 wall s
TI   compute_K_by_boxes_sparse total took      3.22 usr cpu s       0.01 sys cpu s       0.95 wall s
INSC About to truncate FockMatrix, gap of Fprev >=          0.48818023990
TISC symmMatrix::mixed_diff for F vs Fprev maxEigValMovement_mixed took      0.00 usr cpu s       0.00 sys cpu s       0.00 wall s
TISC symmMatrix::eucl_diff for maxEigValMovement_eucl  took      0.01 usr cpu s       0.02 sys cpu s       0.01 wall s
INSC maxEigValMovement_frob  =          0.00029925936
INSC maxEigValMovement_mixed =          0.00024297261
INSC maxEigValMovement_eucl  =          0.00009797530
TISC FockMatrix.eucl_thresh() (with Z) took      0.00 usr cpu s       0.01 sys cpu s       0.00 wall s
INSC Truncated FockMatrix (eucl with Z), selected threshold = 4.87984e-08, returned error =          0, nnz before = 100.0000 %, nnz after = 100.0000 %
INSC Matrix 'S' ( symm ): n =     73, nnz =         5329 <-> 100.00 %, mem usage  0.0000 G
INSC Matrix 'F' ( symm ): n =     73, nnz =         5329 <-> 100.00 %, mem usage  0.0000 G
INSC Matrix 'D' ( symm ): n =     73, nnz =         5329 <-> 100.00 %, mem usage  0.0000 G
INSC nuclearEnergy, energy_2el, energy = 782.160484, 1010.855859, -636.642060
INSC Energy  14 =       -636.64205979050  ( diff     -0.000000195287384 )
INSC calling compute_FDSminusSDF_sparse, n = 73
INDE compute_FDSminusSDF_sparse() start.
TIDE FileWritable::writeAndReadAll took      0.00 usr cpu s       0.00 sys cpu s       0.00 wall s
INDE writeAndReadAll: '0 MB (1 MatrixGeneral, 0 > 1 MB) + 0 MB (9 MatrixSymmetric, 0 > 1 MB) = 0 MB (10 total, 0 > 1 MB)
TISC compute_FDSminusSDF_sparse, F*D mult took      0.00 usr cpu s       0.00 sys cpu s       0.00 wall s
INSC Matrix 'FD before eucl truncation' (normal): n =     73, nnz =         5329 <-> 100.00 %, mem usage  0.0000 G
INSC Matrix 'FD after  eucl truncation' (normal): n =     73, nnz =         5329 <-> 100.00 %, mem usage  0.0000 G
INSC Matrix 'FDS before eucl truncation' (normal): n =     73, nnz =         5329 <-> 100.00 %, mem usage  0.0000 G
INSC Matrix 'FDS after  eucl truncation' (normal): n =     73, nnz =         5329 <-> 100.00 %, mem usage  0.0000 G
INSC compute_FDSminusSDF_sparse ending OK.
TISC compute_FDSminusSDF_sparse took      0.00 usr cpu s       0.01 sys cpu s       0.00 wall s
INSC Matrix 'FDS-SDF' (normal): n =     73, nnz =         5329 <-> 100.00 %, mem usage  0.0000 G
INSC SCF_restricted::get_FDSminusSDF finished.
TISC get_FDSminusSDF took      0.00 usr cpu s       0.01 sys cpu s       0.00 wall s
INSC maxabs FDS-SDF is 2.33e-05
INSC frob   FDS-SDF is 0.000168
TISC get_error_measure took      0.00 usr cpu s       0.00 sys cpu s       0.00 wall s
INSC entering DIISManagerRestricted::AddIterationToList, IterCount =  6
INSC DIISManagerRestricted::AddIterationToList ending OK.
TISC DIISManagerRestricted::AddIterationToList took      0.00 usr cpu s       0.00 sys cpu s       0.00 wall s
INSC using DIIS to get combined Fock matrix, number of iters used for DIIS:  7
TISC clear_error_matrices took      0.00 usr cpu s       0.00 sys cpu s       0.00 wall s
TISC save_current_fock_as_fprev took      0.00 usr cpu s       0.00 sys cpu s       0.00 wall s
INDE get_dens_from_fock_general, n = 73, use_diagonalization = 0, use_diag_on_error = 1
INDE Before writeAndReadAll(): AllocatorManager statistics:  noOfRealsPerBuffer: 1024 noOfBuffers: 20000 list.size(): 1. Allocated: 0.164 GB, Used: 0.000696 GB, Peak alloc: 0.164 GB.
TIDE FileWritable::writeAndReadAll took      0.00 usr cpu s       0.00 sys cpu s       0.00 wall s
INDE writeAndReadAll sizesStr: '0 MB (1 MatrixGeneral, 0 > 1 MB) + 0 MB (7 MatrixSymmetric, 0 > 1 MB) = 0 MB (8 total, 0 > 1 MB)
INDE After writeAndReadAll(): AllocatorManager statistics:  noOfRealsPerBuffer: 1024 noOfBuffers: 20000 list.size(): 1. Allocated: 0.164 GB, Used: 0.000696 GB, Peak alloc: 0.164 GB.
INDE calling get_dens_from_fock_sparse, n =     73, subspaceErrorLimit = 1e-06
INDE get_dens_from_fock_sparse() start!
INDE After F.readFromFile(): AllocatorManager statistics:  noOfRealsPerBuffer: 1024 noOfBuffers: 20000 list.size(): 1. Allocated: 0.164 GB, Used: 0.000696 GB, Peak alloc: 0.164 GB.
INDE After creating wrapper MatrixType F_w(F): AllocatorManager statistics:  noOfRealsPerBuffer: 1024 noOfBuffers: 20000 list.size(): 1. Allocated: 0.164 GB, Used: 0.000721 GB, Peak alloc: 0.164 GB.
TIDE  F_w to orthogonal basis took      0.00 usr cpu s       0.00 sys cpu s       0.00 wall s
TIDE MatrixType::mixed_diff for maxEigValMovement_mixed took      0.01 usr cpu s       0.00 sys cpu s       0.00 wall s
TIDE symmMatrixWrap::eucl_diff for maxEigValMovement_eucl  took      0.01 usr cpu s       0.06 sys cpu s       0.01 wall s
INDE maxEigValMovement_frob  =          0.00028241442
INDE maxEigValMovement_mixed =          0.00023132395
INDE maxEigValMovement_eucl  =          0.00008021487
INDE lumo before truncation: [ 0.209639871129 , 0.234502127747 ]
INDE homo before truncation: [ -0.321452403790 , -0.278379939034 ]
INDE Truncate matrix F and update intervals for homo and lumo.
INDE Truncating F_ort ( mixed ), selected threshold = 4.8802e-08
INDE Truncated F_ort ( mixed ), selected threshold = 4.8802e-08, returned error =          0, nnz before = 100.0000 %, nnz after = 100.0000 %
TIDE Truncation of F_ort took      0.00 usr cpu s       0.00 sys cpu s       0.00 wall s
INDE Chosen Ergo Wrapper
INDE Creating purification object: N = 73 , nocc = 47 , NNZ = 5329  <-> 100.00000 %
INDE Chosen norm for the truncation: 
INDE mixed
INDE Chosen norm for the stopping criterion: 
INDE mixed
INDE Chosen the NEW stopping criterion.
INDE Allowed error in subspace 7.000000e-07
INDE Chosen SP2 purification method
INDE calling Puri->PurificationStart(), number of threads = 1, trunc norm 'mixed'
TIDE gershgorin took      0.00 usr cpu s       0.00 sys cpu s       0.00 wall s
INDE Gershgorin bounds: [ -24.388287751091 , 5.987653468286 ]
INDE EXPANDED Gershgorin bounds: [ -24.388287765992 , 5.987653483188 ]
INDE Trying to impove bounds using Lanczos algorithm...
TIDE compute_spectrum_bounds took      0.05 usr cpu s       0.14 sys cpu s       0.02 wall s
INDE Spectrum of F: 	 [ -20.320322650136 , 1.134631348083 ]
INDE Transform homo and lumo bounds...
INDE HOMO bounds of X: 	 [ 0.065859441471 , 0.067867018125 ]
INDE LUMO bounds of X: 	 [ 0.041954376617 , 0.043113188545 ]
INDE INIT LUMO: [ 0.041954376617 , 0.043113188545 ]
INDE INIT HOMO: [ 0.932132981875 , 0.934140558529 ]
INDE ESTIMATED NUMBER OF ITERATIONS IS 24
INDE Put eigenvalues of F to the interval [0,1] in reverse order.
TIDE compute_X() took      0.00 usr cpu s       0.00 sys cpu s       0.00 wall s
TIDE prepare_to_purification() took      0.05 usr cpu s       0.14 sys cpu s       0.02 wall s
INDE (EIGV,PARAMS) Requested 0 occipied eigenpair(s).
INDE (EIGV,PARAMS) Requested 0 unoccipied eigenpair(s).
TIDE prepare_to_purification_eigenvectors() took      0.00 usr cpu s       0.00 sys cpu s       0.00 wall s
INDE Starting recursive expansion
INDE     BEFORE ITERATIONS:
TIDE truncate_matrix took      0.00 usr cpu s       0.00 sys cpu s       0.00 wall s
INDE Actual introduced error   0.000000e+00 : nnz before  5329 <-> 100.00 % , nnz after  5329 <-> 100.00 %
TIDE square took      0.00 usr cpu s       0.00 sys cpu s       0.00 wall s
INDE NNZ Xsq = 5329 <-> 100.00 %
TIDE Frobenius norm of X-X^2 took      0.00 usr cpu s       0.00 sys cpu s       0.00 wall s
TIDE Mixed norm of X-X^2 took      0.00 usr cpu s       0.00 sys cpu s       0.00 wall s
TIDE Trace of X-X^2 took      0.00 usr cpu s       0.00 sys cpu s       0.00 wall s
INDE ||X-X^2||_F = 8.726924e-01 , ||X-X^2||_mixed = 6.497860e-01
INDE trace(X-X^2) = 5.359282e+00
INDE trace(X) = 1.253024e+01
TIDE Iteration 0 took      0.00 usr cpu s       0.01 sys cpu s       0.00 wall s
TIDE FileWritable::writeAndReadAll took      0.00 usr cpu s       0.00 sys cpu s       0.00 wall s
INDE writeAndReadAll sizesStr: '0 MB (1 MatrixGeneral, 0 > 1 MB) + 0 MB (13 MatrixSymmetric, 0 > 1 MB) + 0 MB (2 VectorGeneral, 0 > 1 MB) = 0 MB (16 total, 0 > 1 MB)
INDE     ITERATION 1 :
TIDE purify_X took      0.00 usr cpu s       0.00 sys cpu s       0.00 wall s
TIDE truncate_matrix took      0.00 usr cpu s       0.00 sys cpu s       0.00 wall s
INDE Actual introduced error   0.000000e+00 : nnz before  5329 <-> 100.00 % , nnz after  5329 <-> 100.00 %
TIDE square took      0.00 usr cpu s       0.00 sys cpu s       0.00 wall s
INDE NNZ Xsq = 5329 <-> 100.00 %
TIDE Frobenius norm of X-X^2 took      0.00 usr cpu s       0.00 sys cpu s       0.00 wall s
TIDE Mixed norm of X-X^2 took      0.00 usr cpu s       0.01 sys cpu s       0.00 wall s
TIDE Trace of X-X^2 took      0.00 usr cpu s       0.00 sys cpu s       0.00 wall s
INDE ||X-X^2||_F = 9.393557e-01 , ||X-X^2||_mixed = 7.167178e-01
INDE trace(X-X^2) = 6.947186e+00
INDE trace(X) = 1.788952e+01
TIDE Iteration 1 took      0.00 usr cpu s       0.01 sys cpu s       0.00 wall s
INDE     ITERATION 2 :
TIDE purify_X took      0.00 usr cpu s       0.00 sys cpu s       0.00 wall s
TIDE truncate_matrix took      0.00 usr cpu s       0.00 sys cpu s       0.00 wall s
INDE Actual introduced error   0.000000e+00 : nnz before  5329 <-> 100.00 % , nnz after  5329 <-> 100.00 %
TIDE square took      0.00 usr cpu s       0.00 sys cpu s       0.00 wall s
INDE NNZ Xsq = 5329 <-> 100.00 %
TIDE Frobenius norm of X-X^2 took      0.00 usr cpu s       0.00 sys cpu s       0.00 wall s
TIDE Mixed norm of X-X^2 took      0.00 usr cpu s       0.01 sys cpu s       0.00 wall s
TIDE Trace of X-X^2 took      0.00 usr cpu s       0.00 sys cpu s       0.00 wall s
INDE ||X-X^2||_F = 1.278730e+00 , ||X-X^2||_mixed = 9.883879e-01
INDE trace(X-X^2) = 9.180793e+00
INDE trace(X) = 2.483670e+01
INDE Checking stopping criterion...   
INDE Order of convergence cannot be computed
TIDE stopping_criterion took      0.00 usr cpu s       0.00 sys cpu s       0.00 wall s
TIDE Iteration 2 took      0.00 usr cpu s       0.01 sys cpu s       0.00 wall s
INDE     ITERATION 3 :
TIDE purify_X took      0.00 usr cpu s       0.00 sys cpu s       0.00 wall s
TIDE truncate_matrix took      0.00 usr cpu s       0.00 sys cpu s       0.00 wall s
INDE Actual introduced error   0.000000e+00 : nnz before  5329 <-> 100.00 % , nnz after  5329 <-> 100.00 %
TIDE square took      0.00 usr cpu s       0.00 sys cpu s       0.00 wall s
INDE NNZ Xsq = 5329 <-> 100.00 %
TIDE Frobenius norm of X-X^2 took      0.00 usr cpu s       0.00 sys cpu s       0.00 wall s
TIDE Mixed norm of X-X^2 took      0.00 usr cpu s       0.00 sys cpu s       0.00 wall s
TIDE Trace of X-X^2 took      0.00 usr cpu s       0.00 sys cpu s       0.00 wall s
INDE ||X-X^2||_F = 1.590085e+00 , ||X-X^2||_mixed = 1.196469e+00
INDE trace(X-X^2) = 1.156538e+01
INDE trace(X) = 3.401750e+01
INDE Checking stopping criterion...   
INDE Order of convergence cannot be computed
TIDE stopping_criterion took      0.00 usr cpu s       0.00 sys cpu s       0.00 wall s
TIDE Iteration 3 took      0.00 usr cpu s       0.01 sys cpu s       0.00 wall s
INDE     ITERATION 4 :
TIDE purify_X took      0.00 usr cpu s       0.00 sys cpu s       0.00 wall s
TIDE truncate_matrix took      0.00 usr cpu s       0.00 sys cpu s       0.00 wall s
INDE Actual introduced error   0.000000e+00 : nnz before  5329 <-> 100.00 % , nnz after  5329 <-> 100.00 %
TIDE square took      0.00 usr cpu s       0.00 sys cpu s       0.00 wall s
INDE NNZ Xsq = 5329 <-> 100.00 %
TIDE Frobenius norm of X-X^2 took      0.00 usr cpu s       0.00 sys cpu s       0.00 wall s
TIDE Mixed norm of X-X^2 took      0.00 usr cpu s       0.00 sys cpu s       0.00 wall s
TIDE Trace of X-X^2 took      0.00 usr cpu s       0.00 sys cpu s       0.00 wall s
INDE ||X-X^2||_F = 1.468982e+00 , ||X-X^2||_mixed = 1.076602e+00
INDE trace(X-X^2) = 1.099371e+01
INDE trace(X) = 4.558288e+01
INDE Checking stopping criterion...   
INDE Order of convergence cannot be computed
TIDE stopping_criterion took      0.00 usr cpu s       0.00 sys cpu s       0.00 wall s
TIDE Iteration 4 took      0.00 usr cpu s       0.01 sys cpu s       0.00 wall s
INDE     ITERATION 5 :
TIDE purify_X took      0.00 usr cpu s       0.00 sys cpu s       0.00 wall s
TIDE truncate_matrix took      0.00 usr cpu s       0.00 sys cpu s       0.00 wall s
INDE Actual introduced error   0.000000e+00 : nnz before  5329 <-> 100.00 % , nnz after  5329 <-> 100.00 %
TIDE square took      0.00 usr cpu s       0.00 sys cpu s       0.00 wall s
INDE NNZ Xsq = 5329 <-> 100.00 %
TIDE Frobenius norm of X-X^2 took      0.00 usr cpu s       0.00 sys cpu s       0.00 wall s
TIDE Mixed norm of X-X^2 took      0.00 usr cpu s       0.00 sys cpu s       0.00 wall s
TIDE Trace of X-X^2 took      0.00 usr cpu s       0.00 sys cpu s       0.00 wall s
INDE ||X-X^2||_F = 1.474468e+00 , ||X-X^2||_mixed = 1.142926e+00
INDE trace(X-X^2) = 1.012542e+01
INDE trace(X) = 3.458916e+01
INDE Checking stopping criterion...   
INDE Order of convergence cannot be computed
TIDE stopping_criterion took      0.00 usr cpu s       0.00 sys cpu s       0.00 wall s
TIDE Iteration 5 took      0.00 usr cpu s       0.01 sys cpu s       0.00 wall s
INDE     ITERATION 6 :
TIDE purify_X took      0.00 usr cpu s       0.00 sys cpu s       0.00 wall s
TIDE truncate_matrix took      0.00 usr cpu s       0.00 sys cpu s       0.00 wall s
INDE Actual introduced error   0.000000e+00 : nnz before  5329 <-> 100.00 % , nnz after  5329 <-> 100.00 %
TIDE square took      0.00 usr cpu s       0.00 sys cpu s       0.00 wall s
INDE NNZ Xsq = 5329 <-> 100.00 %
TIDE Frobenius norm of X-X^2 took      0.00 usr cpu s       0.00 sys cpu s       0.00 wall s
TIDE Mixed norm of X-X^2 took      0.00 usr cpu s       0.01 sys cpu s       0.00 wall s
TIDE Trace of X-X^2 took      0.00 usr cpu s       0.00 sys cpu s       0.00 wall s
INDE ||X-X^2||_F = 1.188984e+00 , ||X-X^2||_mixed = 9.030532e-01
INDE trace(X-X^2) = 8.455411e+00
INDE trace(X) = 4.471458e+01
INDE Checking stopping criterion...   
INDE Order of convergence cannot be computed
TIDE stopping_criterion took      0.00 usr cpu s       0.00 sys cpu s       0.00 wall s
TIDE Iteration 6 took      0.00 usr cpu s       0.01 sys cpu s       0.00 wall s
INDE     ITERATION 7 :
TIDE purify_X took      0.00 usr cpu s       0.00 sys cpu s       0.00 wall s
TIDE truncate_matrix took      0.00 usr cpu s       0.00 sys cpu s       0.00 wall s
INDE Actual introduced error   0.000000e+00 : nnz before  5329 <-> 100.00 % , nnz after  5329 <-> 100.00 %
TIDE square took      0.00 usr cpu s       0.00 sys cpu s       0.00 wall s
INDE NNZ Xsq = 5329 <-> 100.00 %
TIDE Frobenius norm of X-X^2 took      0.00 usr cpu s       0.00 sys cpu s       0.00 wall s
TIDE Mixed norm of X-X^2 took      0.00 usr cpu s       0.00 sys cpu s       0.00 wall s
TIDE Trace of X-X^2 took      0.00 usr cpu s       0.00 sys cpu s       0.00 wall s
INDE ||X-X^2||_F = 1.310622e+00 , ||X-X^2||_mixed = 1.044185e+00
INDE trace(X-X^2) = 8.295659e+00
INDE trace(X) = 3.625917e+01
INDE Checking stopping criterion...   
INDE Order of convergence cannot be computed
TIDE stopping_criterion took      0.00 usr cpu s       0.00 sys cpu s       0.00 wall s
TIDE Iteration 7 took      0.00 usr cpu s       0.01 sys cpu s       0.00 wall s
INDE     ITERATION 8 :
TIDE purify_X took      0.00 usr cpu s       0.00 sys cpu s       0.00 wall s
TIDE truncate_matrix took      0.00 usr cpu s       0.00 sys cpu s       0.00 wall s
INDE Actual introduced error   0.000000e+00 : nnz before  5329 <-> 100.00 % , nnz after  5329 <-> 100.00 %
TIDE square took      0.00 usr cpu s       0.00 sys cpu s       0.00 wall s
INDE NNZ Xsq = 5329 <-> 100.00 %
TIDE Frobenius norm of X-X^2 took      0.00 usr cpu s       0.00 sys cpu s       0.00 wall s
TIDE Mixed norm of X-X^2 took      0.00 usr cpu s       0.00 sys cpu s       0.00 wall s
TIDE Trace of X-X^2 took      0.00 usr cpu s       0.00 sys cpu s       0.00 wall s
INDE ||X-X^2||_F = 8.779932e-01 , ||X-X^2||_mixed = 7.019843e-01
INDE trace(X-X^2) = 5.519970e+00
INDE trace(X) = 4.455483e+01
INDE Checking stopping criterion...   
INDE e_i =7.019843e-01, C*e_{i-1}^q = 5.616546e+00
INDE Order of convergence = 22.393084, stop = 0
TIDE stopping_criterion took      0.00 usr cpu s       0.00 sys cpu s       0.00 wall s
TIDE Iteration 8 took      0.00 usr cpu s       0.01 sys cpu s       0.00 wall s
INDE     ITERATION 9 :
TIDE purify_X took      0.00 usr cpu s       0.00 sys cpu s       0.00 wall s
TIDE truncate_matrix took      0.00 usr cpu s       0.00 sys cpu s       0.00 wall s
INDE Actual introduced error   0.000000e+00 : nnz before  5329 <-> 100.00 % , nnz after  5329 <-> 100.00 %
TIDE square took      0.00 usr cpu s       0.00 sys cpu s       0.00 wall s
INDE NNZ Xsq = 5329 <-> 100.00 %
TIDE Frobenius norm of X-X^2 took      0.00 usr cpu s       0.00 sys cpu s       0.00 wall s
TIDE Mixed norm of X-X^2 took      0.00 usr cpu s       0.00 sys cpu s       0.00 wall s
TIDE Trace of X-X^2 took      0.00 usr cpu s       0.00 sys cpu s       0.00 wall s
INDE ||X-X^2||_F = 1.082333e+00 , ||X-X^2||_mixed = 8.902059e-01
INDE trace(X-X^2) = 6.171457e+00
INDE trace(X) = 3.903486e+01
INDE Checking stopping criterion...   
INDE Order of convergence cannot be computed
TIDE stopping_criterion took      0.00 usr cpu s       0.00 sys cpu s       0.00 wall s
TIDE Iteration 9 took      0.01 usr cpu s       0.00 sys cpu s       0.00 wall s
INDE     ITERATION 10 :
TIDE purify_X took      0.00 usr cpu s       0.00 sys cpu s       0.00 wall s
TIDE truncate_matrix took      0.00 usr cpu s       0.00 sys cpu s       0.00 wall s
INDE Actual introduced error   0.000000e+00 : nnz before  5329 <-> 100.00 % , nnz after  5329 <-> 100.00 %
TIDE square took      0.00 usr cpu s       0.00 sys cpu s       0.00 wall s
INDE NNZ Xsq = 5329 <-> 100.00 %
TIDE Frobenius norm of X-X^2 took      0.00 usr cpu s       0.00 sys cpu s       0.00 wall s
TIDE Mixed norm of X-X^2 took      0.00 usr cpu s       0.00 sys cpu s       0.00 wall s
TIDE Trace of X-X^2 took      0.00 usr cpu s       0.00 sys cpu s       0.00 wall s
INDE ||X-X^2||_F = 5.862017e-01 , ||X-X^2||_mixed = 4.989121e-01
INDE trace(X-X^2) = 3.053015e+00
INDE trace(X) = 4.520631e+01
INDE Checking stopping criterion...   
INDE e_i =4.989121e-01, C*e_{i-1}^q = 3.393888e+00
INDE Order of convergence = 7.418491, stop = 0
TIDE stopping_criterion took      0.00 usr cpu s       0.00 sys cpu s       0.00 wall s
TIDE Iteration 10 took      0.00 usr cpu s       0.01 sys cpu s       0.00 wall s
INDE     ITERATION 11 :
TIDE purify_X took      0.00 usr cpu s       0.00 sys cpu s       0.00 wall s
TIDE truncate_matrix took      0.00 usr cpu s       0.00 sys cpu s       0.00 wall s
INDE Actual introduced error   0.000000e+00 : nnz before  5329 <-> 100.00 % , nnz after  5329 <-> 100.00 %
TIDE square took      0.00 usr cpu s       0.00 sys cpu s       0.00 wall s
INDE NNZ Xsq = 5329 <-> 100.00 %
TIDE Frobenius norm of X-X^2 took      0.00 usr cpu s       0.00 sys cpu s       0.00 wall s
TIDE Mixed norm of X-X^2 took      0.00 usr cpu s       0.01 sys cpu s       0.00 wall s
TIDE Trace of X-X^2 took      0.00 usr cpu s       0.00 sys cpu s       0.00 wall s
INDE ||X-X^2||_F = 7.909300e-01 , ||X-X^2||_mixed = 6.867870e-01
INDE trace(X-X^2) = 3.919253e+00
INDE trace(X) = 4.215330e+01
INDE Checking stopping criterion...   
INDE e_i =6.867870e-01, C*e_{i-1}^q = 5.457875e+00
INDE Order of convergence = 19.822405, stop = 0
TIDE stopping_criterion took      0.00 usr cpu s       0.00 sys cpu s       0.00 wall s
TIDE Iteration 11 took      0.00 usr cpu s       0.01 sys cpu s       0.00 wall s
INDE     ITERATION 12 :
TIDE purify_X took      0.00 usr cpu s       0.00 sys cpu s       0.00 wall s
TIDE truncate_matrix took      0.00 usr cpu s       0.00 sys cpu s       0.00 wall s
INDE Actual introduced error   0.000000e+00 : nnz before  5329 <-> 100.00 % , nnz after  5329 <-> 100.00 %
TIDE square took      0.00 usr cpu s       0.00 sys cpu s       0.00 wall s
INDE NNZ Xsq = 5329 <-> 100.00 %
TIDE Frobenius norm of X-X^2 took      0.00 usr cpu s       0.00 sys cpu s       0.00 wall s
TIDE Mixed norm of X-X^2 took      0.00 usr cpu s       0.00 sys cpu s       0.00 wall s
TIDE Trace of X-X^2 took      0.00 usr cpu s       0.00 sys cpu s       0.00 wall s
INDE ||X-X^2||_F = 3.238788e-01 , ||X-X^2||_mixed = 2.957317e-01
INDE trace(X-X^2) = 1.350765e+00
INDE trace(X) = 4.607255e+01
INDE Checking stopping criterion...   
INDE e_i =2.957317e-01, C*e_{i-1}^q = 1.714316e+00
INDE Order of convergence = 4.527330, stop = 0
TIDE stopping_criterion took      0.00 usr cpu s       0.00 sys cpu s       0.00 wall s
TIDE Iteration 12 took      0.00 usr cpu s       0.01 sys cpu s       0.00 wall s
INDE     ITERATION 13 :
TIDE purify_X took      0.00 usr cpu s       0.00 sys cpu s       0.00 wall s
TIDE truncate_matrix took      0.00 usr cpu s       0.00 sys cpu s       0.00 wall s
INDE Actual introduced error   0.000000e+00 : nnz before  5329 <-> 100.00 % , nnz after  5329 <-> 100.00 %
TIDE square took      0.00 usr cpu s       0.00 sys cpu s       0.00 wall s
INDE NNZ Xsq = 5329 <-> 100.00 %
TIDE Frobenius norm of X-X^2 took      0.00 usr cpu s       0.00 sys cpu s       0.00 wall s
TIDE Mixed norm of X-X^2 took      0.00 usr cpu s       0.01 sys cpu s       0.00 wall s
TIDE Trace of X-X^2 took      0.00 usr cpu s       0.00 sys cpu s       0.00 wall s
INDE ||X-X^2||_F = 2.390528e-01 , ||X-X^2||_mixed = 2.302243e-01
INDE trace(X-X^2) = 5.637631e-01
INDE trace(X) = 4.742332e+01
INDE Checking stopping criterion...   
INDE Order of convergence cannot be computed
TIDE stopping_criterion took      0.00 usr cpu s       0.00 sys cpu s       0.00 wall s
TIDE Iteration 13 took      0.00 usr cpu s       0.01 sys cpu s       0.00 wall s
INDE     ITERATION 14 :
TIDE purify_X took      0.00 usr cpu s       0.00 sys cpu s       0.00 wall s
TIDE truncate_matrix took      0.00 usr cpu s       0.00 sys cpu s       0.00 wall s
INDE Actual introduced error   0.000000e+00 : nnz before  5329 <-> 100.00 % , nnz after  5329 <-> 100.00 %
TIDE square took      0.00 usr cpu s       0.00 sys cpu s       0.00 wall s
INDE NNZ Xsq = 5329 <-> 100.00 %
TIDE Frobenius norm of X-X^2 took      0.00 usr cpu s       0.00 sys cpu s       0.00 wall s
TIDE Mixed norm of X-X^2 took      0.00 usr cpu s       0.00 sys cpu s       0.00 wall s
TIDE Trace of X-X^2 took      0.00 usr cpu s       0.00 sys cpu s       0.00 wall s
INDE ||X-X^2||_F = 9.500286e-02 , ||X-X^2||_mixed = 9.075723e-02
INDE trace(X-X^2) = 2.929244e-01
INDE trace(X) = 4.685955e+01
INDE Checking stopping criterion...   
INDE e_i =9.075723e-02, C*e_{i-1}^q = 6.023355e-01
INDE Order of convergence = 3.553495, stop = 0
TIDE stopping_criterion took      0.00 usr cpu s       0.00 sys cpu s       0.00 wall s
TIDE Iteration 14 took      0.00 usr cpu s       0.01 sys cpu s       0.00 wall s
INDE     ITERATION 15 :
TIDE purify_X took      0.00 usr cpu s       0.00 sys cpu s       0.00 wall s
TIDE truncate_matrix took      0.00 usr cpu s       0.00 sys cpu s       0.00 wall s
INDE Actual introduced error   0.000000e+00 : nnz before  5329 <-> 100.00 % , nnz after  5329 <-> 100.00 %
TIDE square took      0.00 usr cpu s       0.00 sys cpu s       0.00 wall s
INDE NNZ Xsq = 5329 <-> 100.00 %
TIDE Frobenius norm of X-X^2 took      0.00 usr cpu s       0.00 sys cpu s       0.00 wall s
TIDE Mixed norm of X-X^2 took      0.00 usr cpu s       0.00 sys cpu s       0.00 wall s
TIDE Trace of X-X^2 took      0.00 usr cpu s       0.00 sys cpu s       0.00 wall s
INDE ||X-X^2||_F = 9.360745e-02 , ||X-X^2||_mixed = 9.267371e-02
INDE trace(X-X^2) = 1.565004e-01
INDE trace(X) = 4.715248e+01
INDE Checking stopping criterion...   
INDE e_i =9.267371e-02, C*e_{i-1}^q = 3.650437e-01
INDE Order of convergence = 2.933432, stop = 0
TIDE stopping_criterion took      0.00 usr cpu s       0.00 sys cpu s       0.00 wall s
TIDE Iteration 15 took      0.00 usr cpu s       0.01 sys cpu s       0.00 wall s
INDE     ITERATION 16 :
TIDE purify_X took      0.00 usr cpu s       0.00 sys cpu s       0.00 wall s
TIDE truncate_matrix took      0.00 usr cpu s       0.00 sys cpu s       0.00 wall s
INDE Actual introduced error   0.000000e+00 : nnz before  5329 <-> 100.00 % , nnz after  5329 <-> 100.00 %
TIDE square took      0.00 usr cpu s       0.00 sys cpu s       0.00 wall s
INDE NNZ Xsq = 5329 <-> 100.00 %
TIDE Frobenius norm of X-X^2 took      0.00 usr cpu s       0.00 sys cpu s       0.00 wall s
TIDE Mixed norm of X-X^2 took      0.00 usr cpu s       0.00 sys cpu s       0.00 wall s
TIDE Trace of X-X^2 took      0.00 usr cpu s       0.00 sys cpu s       0.00 wall s
INDE ||X-X^2||_F = 1.094175e-02 , ||X-X^2||_mixed = 1.066162e-02
INDE trace(X-X^2) = 2.442460e-02
INDE trace(X) = 4.699598e+01
INDE Checking stopping criterion...   
INDE e_i =1.066162e-02, C*e_{i-1}^q = 5.672900e-02
INDE Order of convergence = 2.696640, stop = 0
TIDE stopping_criterion took      0.00 usr cpu s       0.00 sys cpu s       0.00 wall s
TIDE Iteration 16 took      0.00 usr cpu s       0.01 sys cpu s       0.00 wall s
INDE     ITERATION 17 :
TIDE purify_X took      0.00 usr cpu s       0.00 sys cpu s       0.00 wall s
TIDE truncate_matrix took      0.00 usr cpu s       0.00 sys cpu s       0.00 wall s
INDE Actual introduced error   0.000000e+00 : nnz before  5329 <-> 100.00 % , nnz after  5329 <-> 100.00 %
TIDE square took      0.00 usr cpu s       0.00 sys cpu s       0.00 wall s
INDE NNZ Xsq = 5329 <-> 100.00 %
TIDE Frobenius norm of X-X^2 took      0.00 usr cpu s       0.00 sys cpu s       0.00 wall s
TIDE Mixed norm of X-X^2 took      0.00 usr cpu s       0.00 sys cpu s       0.00 wall s
TIDE Trace of X-X^2 took      0.00 usr cpu s       0.00 sys cpu s       0.00 wall s
INDE ||X-X^2||_F = 1.476764e-02 , ||X-X^2||_mixed = 1.472620e-02
INDE trace(X-X^2) = 2.835421e-02
INDE trace(X) = 4.697155e+01
INDE Checking stopping criterion...   
INDE Order of convergence cannot be computed
TIDE stopping_criterion took      0.00 usr cpu s       0.00 sys cpu s       0.00 wall s
TIDE Iteration 17 took      0.00 usr cpu s       0.01 sys cpu s       0.00 wall s
INDE     ITERATION 18 :
TIDE purify_X took      0.00 usr cpu s       0.00 sys cpu s       0.00 wall s
TIDE truncate_matrix took      0.00 usr cpu s       0.00 sys cpu s       0.00 wall s
INDE Actual introduced error   0.000000e+00 : nnz before  5329 <-> 100.00 % , nnz after  5329 <-> 100.00 %
TIDE square took      0.00 usr cpu s       0.00 sys cpu s       0.00 wall s
INDE NNZ Xsq = 5329 <-> 100.00 %
TIDE Frobenius norm of X-X^2 took      0.00 usr cpu s       0.00 sys cpu s       0.00 wall s
TIDE Mixed norm of X-X^2 took      0.00 usr cpu s       0.00 sys cpu s       0.00 wall s
TIDE Trace of X-X^2 took      0.00 usr cpu s       0.00 sys cpu s       0.00 wall s
INDE ||X-X^2||_F = 1.954971e-04 , ||X-X^2||_mixed = 1.916668e-04
INDE trace(X-X^2) = 3.531154e-04
INDE trace(X) = 4.699991e+01
INDE Checking stopping criterion...   
INDE e_i =1.916668e-04, C*e_{i-1}^q = 7.828684e-04
INDE Order of convergence = 2.309882, stop = 0
TIDE stopping_criterion took      0.00 usr cpu s       0.00 sys cpu s       0.00 wall s
TIDE Iteration 18 took      0.00 usr cpu s       0.01 sys cpu s       0.00 wall s
INDE     ITERATION 19 :
TIDE purify_X took      0.00 usr cpu s       0.00 sys cpu s       0.00 wall s
TIDE truncate_matrix took      0.00 usr cpu s       0.00 sys cpu s       0.00 wall s
INDE Actual introduced error   0.000000e+00 : nnz before  5329 <-> 100.00 % , nnz after  5329 <-> 100.00 %
TIDE square took      0.00 usr cpu s       0.00 sys cpu s       0.00 wall s
INDE NNZ Xsq = 5329 <-> 100.00 %
TIDE Frobenius norm of X-X^2 took      0.00 usr cpu s       0.00 sys cpu s       0.00 wall s
TIDE Mixed norm of X-X^2 took      0.00 usr cpu s       0.00 sys cpu s       0.00 wall s
TIDE Trace of X-X^2 took      0.00 usr cpu s       0.00 sys cpu s       0.00 wall s
INDE ||X-X^2||_F = 2.451953e-04 , ||X-X^2||_mixed = 2.451850e-04
INDE trace(X-X^2) = 2.613623e-04
INDE trace(X) = 4.700026e+01
INDE Checking stopping criterion...   
INDE Order of convergence cannot be computed
TIDE stopping_criterion took      0.00 usr cpu s       0.00 sys cpu s       0.00 wall s
TIDE Iteration 19 took      0.00 usr cpu s       0.01 sys cpu s       0.00 wall s
INDE     ITERATION 20 :
TIDE purify_X took      0.00 usr cpu s       0.00 sys cpu s       0.00 wall s
TIDE truncate_matrix took      0.00 usr cpu s       0.00 sys cpu s       0.00 wall s
INDE Actual introduced error   0.000000e+00 : nnz before  5329 <-> 100.00 % , nnz after  5329 <-> 100.00 %
TIDE square took      0.00 usr cpu s       0.00 sys cpu s       0.00 wall s
INDE NNZ Xsq = 5329 <-> 100.00 %
TIDE Frobenius norm of X-X^2 took      0.00 usr cpu s       0.00 sys cpu s       0.00 wall s
TIDE Mixed norm of X-X^2 took      0.00 usr cpu s       0.01 sys cpu s       0.00 wall s
TIDE Trace of X-X^2 took      0.00 usr cpu s       0.00 sys cpu s       0.00 wall s
INDE ||X-X^2||_F = 7.064229e-08 , ||X-X^2||_mixed = 6.956337e-08
INDE trace(X-X^2) = 1.065281e-07
INDE trace(X) = 4.700000e+01
INDE Checking stopping criterion...   
INDE e_i =6.956337e-08, C*e_{i-1}^q = 2.530093e-07
INDE Order of convergence = 2.150844, stop = 0
TIDE stopping_criterion took      0.00 usr cpu s       0.00 sys cpu s       0.00 wall s
TIDE Iteration 20 took      0.00 usr cpu s       0.01 sys cpu s       0.00 wall s
INDE     ITERATION 21 :
TIDE purify_X took      0.00 usr cpu s       0.00 sys cpu s       0.00 wall s
TIDE truncate_matrix took      0.00 usr cpu s       0.00 sys cpu s       0.00 wall s
INDE Actual introduced error   0.000000e+00 : nnz before  5329 <-> 100.00 % , nnz after  5329 <-> 100.00 %
TIDE square took      0.00 usr cpu s       0.00 sys cpu s       0.00 wall s
INDE NNZ Xsq = 5329 <-> 100.00 %
TIDE Frobenius norm of X-X^2 took      0.00 usr cpu s       0.00 sys cpu s       0.00 wall s
TIDE Mixed norm of X-X^2 took      0.00 usr cpu s       0.00 sys cpu s       0.00 wall s
TIDE Trace of X-X^2 took      0.00 usr cpu s       0.00 sys cpu s       0.00 wall s
INDE ||X-X^2||_F = 7.491675e-08 , ||X-X^2||_mixed = 7.490893e-08
INDE trace(X-X^2) = 9.275603e-08
INDE trace(X) = 4.700000e+01
INDE Checking stopping criterion...   
INDE Order of convergence cannot be computed
TIDE stopping_criterion took      0.00 usr cpu s       0.00 sys cpu s       0.00 wall s
TIDE Iteration 21 took      0.00 usr cpu s       0.01 sys cpu s       0.00 wall s
INDE     ITERATION 22 :
TIDE purify_X took      0.00 usr cpu s       0.00 sys cpu s       0.00 wall s
TIDE truncate_matrix took      0.00 usr cpu s       0.00 sys cpu s       0.00 wall s
INDE Actual introduced error   0.000000e+00 : nnz before  5329 <-> 100.00 % , nnz after  5329 <-> 100.00 %
TIDE square took      0.00 usr cpu s       0.00 sys cpu s       0.00 wall s
INDE NNZ Xsq = 5329 <-> 100.00 %
TIDE Frobenius norm of X-X^2 took      0.00 usr cpu s       0.00 sys cpu s       0.00 wall s
TIDE Mixed norm of X-X^2 took      0.00 usr cpu s       0.00 sys cpu s       0.00 wall s
TIDE Trace of X-X^2 took      0.00 usr cpu s       0.00 sys cpu s       0.00 wall s
INDE ||X-X^2||_F = 8.973649e-15 , ||X-X^2||_mixed = 0.000000e+00
INDE trace(X-X^2) = 1.421085e-14
INDE trace(X) = 4.700000e+01
INDE Checking stopping criterion...   
INDE ************************************************************************************************************
INDE The norm value went much below machine precision, therefore we stop here since n_max can be underestimated.
INDE ************************************************************************************************************
INDE e_i =0.000000e+00, C*e_{i-1}^q = 3.332759e-14
INDE Order of convergence = inf, stop = 1
TIDE stopping_criterion took      0.00 usr cpu s       0.00 sys cpu s       0.00 wall s
INDE PURIFICATION CONVERGED after 22 iterations
TIDE Iteration 22 took      0.00 usr cpu s       0.00 sys cpu s       0.00 wall s
INDE Number of non-zeros in D is  5329 <-> 100.00 %
TIDE FileWritable::writeAndReadAll took      0.00 usr cpu s       0.00 sys cpu s       0.00 wall s
INDE writeAndReadAll sizesStr: '0 MB (1 MatrixGeneral, 0 > 1 MB) + 0 MB (13 MatrixSymmetric, 0 > 1 MB) + 0 MB (2 VectorGeneral, 0 > 1 MB) = 0 MB (16 total, 0 > 1 MB)
INDE TOTAL accumulated subspace error is 0.000000e+00
INDE TOTAL X square time: 0.005703 wall s
INDE TOTAL X trunction time: 0.001110 wall s
INDE TOTAL X purify (exl. X^2 computation) time: 0.000793 wall s
INDE TOTAL time to get number of non-zero elements: 0.000855 wall s
INDE TOTAL time to get mixed norm: 0.014814 wall s
INDE TOTAL time to get Frobenius norm: 0.000909 wall s
INDE TOTAL time for stopping criterion: 0.001088 wall s
INDE TOTAL time to get matrix trace: 0.000450 wall s
INDE Estimated bounds for the eigenvalues for the Fock matrix:
INDE LUMO: [ 0.209720112172 , 0.234424049269 ]
INDE HOMO: [ -0.321364850040 , -0.278451921621 ]
TIDE eigenvalue_bounds_estimation() took      0.00 usr cpu s       0.00 sys cpu s       0.00 wall s
TIDE Recursive expansion took      0.10 usr cpu s       0.32 sys cpu s       0.05 wall s
TIDE Puri->PurificationStart() took      0.10 usr cpu s       0.32 sys cpu s       0.05 wall s
TIDE Accumulated wall times for writeToFile in PurificationStart()          : 9.5e-07 s (MatrixGeneral) + 9.5e-07 s (MatrixSymmetric) + 2.7e-05 s (VectorGeneral) = 2.9e-05 s
TIDE Accumulated wall times for readFromFile in PurificationStart()         : 0 s (MatrixGeneral) + 2.1e-06 s (MatrixSymmetric) + 6.7e-06 s (VectorGeneral) = 8.8e-06 s
TIDE Accumulated wall times for copy and assign in PurificationStart()      : 9.5e-07 s (MatrixSymmetric) + 2.9e-05 s (VectorGeneral) = 3e-05 s
INDE Number of calls to writeToFile in PurificationStart()                  : 2 (MatrixGeneral) + 27 (MatrixSymmetric) + 302 (VectorGeneral) = 331 
INDE Number of calls to readFromFile in PurificationStart()                 : 2 (MatrixGeneral) + 26 (MatrixSymmetric) + 113 (VectorGeneral) = 141 
INDE Number of calls to FileWritable copy and assign in PurificationStart() : 2 (MatrixSymmetric) + 24 (VectorGeneral) = 26 
TIDE mat::Gblas::time after purification :     0.178970
INDE Created .m files with results of the purification
INDE Purification converged OK, subspaceError <=          0.00000000000
INDE E(LUMO) - E(HOMO) >=          0.48817203379 =         13.28383782953 eV
INDE E(LUMO) - E(HOMO) <=          0.55578889931 =         15.12378648260 eV
INDE HOMO interval : [   -0.321364850040   -0.278451921621 ]
INDE LUMO interval : [    0.209720112172    0.234424049269 ]
INDE Trace of resulting density matrix is         47.00000000000, error is   0.00000000000000.
INDE Truncated D_ort ( mixed ), selected threshold = 9.99999e-08, returned error =          0, nnz before = 5329 <-> 100.0000 %, nnz after = 5329 <-> 100.0000 %
TIDE FileWritable::writeAndReadAll took      0.00 usr cpu s       0.00 sys cpu s       0.00 wall s
INDE writeAndReadAll sizesStr: '0 MB (1 MatrixGeneral, 0 > 1 MB) + 0 MB (12 MatrixSymmetric, 0 > 1 MB) + 0 MB (1 MatrixTriangular, 0 > 1 MB) = 0 MB (14 total, 0 > 1 MB)
TIDE D_w to non-orthogonal basis took      0.00 usr cpu s       0.00 sys cpu s       0.00 wall s
INDE Truncated D_S (eucl with Z), selected threshold = 9.99999e-08, returned error =          0, nnz before = 100.0000 %, nnz after = 100.0000 %
INDE get_dens_from_fock_sparse ending OK
TIDE get_dens_from_fock_sparse took      0.13 usr cpu s       0.40 sys cpu s       0.07 wall s
ERDE get_dens_from_fock  (GetDensFromFock class) : purification finished OK.
TIDE get_dens_from_fock took      0.13 usr cpu s       0.40 sys cpu s       0.07 wall s
INSC Matrix 'new density matrix' ( symm ): n =     73, nnz =         5329 <-> 100.00 %, mem usage  0.0000 G
INSC Tr( D * S ) =         94.00000000000
TISC get_new_density_matrix took      0.13 usr cpu s       0.40 sys cpu s       0.07 wall s
INSC SCF_restricted::report_density_difference, diff_eucl =          0.00018100298
TISC SCF_restricted::report_density_difference took      0.00 usr cpu s       0.03 sys cpu s       0.00 wall s
INMA ddf_writeShellListAndDensityMatricesToFile_sparse, n =     73, densityMatrixList[0].nvalues =        2701
INMA opened temporary file 'density.bin.OhpXc1' for writing
INMA Choosing matrixStorageType = MATRIX_STORAGE_TYPE_TRIANGLE.
INMA fileSize =           46848 bytes =      0.047 MegaBytes
INMA renamed file 'density.bin.OhpXc1' to 'density.bin'
INMA ddf_writeShellListAndDensityMatricesToFile_sparse freeing buffer.
INMA ddf_writeShellListAndDensityMatricesToFile_sparse returning OK.
TISC write_density_to_file took      0.01 usr cpu s       0.05 sys cpu s       0.01 wall s
INSC SCF cycle  14 finished.
TISC SCF cycle  14 took      7.34 usr cpu s       1.01 sys cpu s       2.13 wall s
INSC Beginning of SCF cycle 15:  Thu Mar 26 20:00:30 2026
INDE compute_J_by_boxes_sparse() start.
TIDE FileWritable::writeAndReadAll took      0.00 usr cpu s       0.00 sys cpu s       0.00 wall s
INDE writeAndReadAll: '0 MB (1 MatrixGeneral, 0 > 1 MB) + 0 MB (11 MatrixSymmetric, 0 > 1 MB) = 0 MB (12 total, 0 > 1 MB)
IN   compute_J_by_boxes_sparse, maxDensityMatrixElement =          2.11091338683
ININ get_basis_func_pair_list, n =     73
ININ create_box_system end OK, toplevelBoxSize:   7.0, #levels:  3, #boxes at top level:      6
TIIN get_basis_func_pair_list_2el took      0.06 usr cpu s       0.16 sys cpu s       0.03 wall s
IN   compute_J_by_boxes_sparse: noOfBasisFuncIndexPairs = 2598 ==> storing  48.75 % of a full matrix
ININ entering compute_J_by_boxes_linear, no of basis funcs =    73, threshold_J =   1e-12
ININ use_fmm = 1, fmm_box_size =   5.00
TIIN Compute extent for all distrs took      0.06 usr cpu s       0.04 sys cpu s       0.05 wall s
ININ extent_min =    0.000, extent_max =    8.395
ININ Creating list of distributions etc done, distrCount =     36059
TIIN Creating list of distributions etc took      0.15 usr cpu s       0.30 sys cpu s       0.09 wall s
ININ create_box_system end OK, toplevelBoxSize:   5.0, #levels:  3, #boxes at top level:     10
TIIN Creating boxes took      0.00 usr cpu s       0.00 sys cpu s       0.00 wall s
ININ noOfBranches = 4, splitters:   5.00  2.50  0.00
ININ J org done, groupCount =     3008
TIIN J org took      0.12 usr cpu s       0.00 sys cpu s       0.12 wall s
TIIN Generate group multipoles took      0.07 usr cpu s       0.00 sys cpu s       0.07 wall s
ININ totChargeWholeSystem =          0.00000000000
ININ Generating multipole for each branch at top level, MAX_MULTIPOLE_DEGREE = 15
TIIN Translate multipoles (step 1) took      0.07 usr cpu s       0.00 sys cpu s       0.07 wall s
TIIN Translate multipoles (step 2) took      0.07 usr cpu s       0.00 sys cpu s       0.07 wall s
ININ job lists for J created OK, noOfJobs_J_standard =      759, noOfJobs_J_multipole =      122
TIIN Creating job lists for J took      0.00 usr cpu s       0.00 sys cpu s       0.00 wall s
ININ execute_joblist_J_std_threaded, noOfThreads =  8
ININ 8 threads started OK.
ININ all 8 threads have finished.
TIIN execute_joblist_J_std_threaded took      3.39 usr cpu s       0.00 sys cpu s       0.54 wall s
TIIN sort_list_of_multipole_jobs init part took      0.00 usr cpu s       0.00 sys cpu s       0.00 wall s
TIIN sort_list_of_multipole_jobs complete took      0.00 usr cpu s       0.00 sys cpu s       0.00 wall s
TIIN sort_list_of_multipole_jobs took      0.00 usr cpu s       0.00 sys cpu s       0.00 wall s
ININ execute_joblist_J_fmm_shared: Allocating multipoleList_4, maxnoOfMinimalDistrsPerBoxBranch =      7533
ININ execute_joblist_J_fmm_shared: jobIndexLo =           15, jobIndexHi =           30
ININ execute_joblist_J_fmm_shared: Allocating multipoleList_4, maxnoOfMinimalDistrsPerBoxBranch =      7533
ININ execute_joblist_J_fmm_shared: Allocating multipoleList_4, maxnoOfMinimalDistrsPerBoxBranch =      7533
ININ execute_joblist_J_fmm_shared: jobIndexLo =            0, jobIndexHi =           15
ININ execute_joblist_J_fmm_shared: Allocating multipoleList_4, maxnoOfMinimalDistrsPerBoxBranch =      7533
ININ execute_joblist_J_fmm_shared: jobIndexLo =           30, jobIndexHi =           45
ININ execute_joblist_J_fmm_shared: jobIndexLo =           45, jobIndexHi =           61
ININ execute_joblist_J_fmm_shared: Allocating multipoleList_4, maxnoOfMinimalDistrsPerBoxBranch =      7533
ININ execute_joblist_J_fmm_shared: jobIndexLo =           61, jobIndexHi =           76
ININ execute_joblist_J_fmm_shared: Allocating multipoleList_4, maxnoOfMinimalDistrsPerBoxBranch =      7533
ININ execute_joblist_J_fmm_shared: jobIndexLo =           76, jobIndexHi =           91
ININ execute_joblist_J_fmm_shared: Allocating multipoleList_4, maxnoOfMinimalDistrsPerBoxBranch =      7533
ININ execute_joblist_J_fmm_shared: jobIndexLo =           91, jobIndexHi =          106
ININ execute_joblist_J_fmm_shared: Allocating multipoleList_4, maxnoOfMinimalDistrsPerBoxBranch =      7533
ININ execute_joblist_J_fmm_shared: jobIndexLo =          106, jobIndexHi =          122
ININ execute_joblist_J_fmm_shared: done!
ININ execute_joblist_J_fmm_shared: done!
ININ execute_joblist_J_fmm_shared: done!
ININ execute_joblist_J_fmm_shared: done!
ININ execute_joblist_J_fmm_shared: done!
ININ execute_joblist_J_fmm_shared: done!
ININ execute_joblist_J_fmm_shared: done!
ININ execute_joblist_J_fmm_shared: done!
ININ multipole job list for J executed, largest L used: 13
TIIN Executing multipole job list for J took      0.04 usr cpu s       0.00 sys cpu s       0.03 wall s
ININ compute_J_by_boxes_linear ending OK.
TIIN compute_J_by_boxes_linear took      3.92 usr cpu s       0.31 sys cpu s       1.00 wall s
TI   compute_J_by_boxes_sparse total took      3.98 usr cpu s       0.46 sys cpu s       1.02 wall s
ININ entering create_CSR_for_K, no of basis funcs =    73, threshold_K =   1e-12
ININ create_box_system end OK, toplevelBoxSize:   7.0, #levels:  3, #boxes at top level:      6
ININ create_box_system end OK, toplevelBoxSize:   7.0, #levels:  3, #boxes at top level:      6
ININ create_box_system end OK, toplevelBoxSize:   7.0, #levels:  3, #boxes at top level:      6
TIIN create_CSR_for_K getting list of distrs took      0.04 usr cpu s       0.00 sys cpu s       0.04 wall s
ININ list of neighbors complete.
TIIN create_CSR_for_K getting list of neighbors took      0.00 usr cpu s       0.00 sys cpu s       0.00 wall s
TIIN create_CSR_for_K sort each list of neighbors took      0.00 usr cpu s       0.00 sys cpu s       0.00 wall s
ININ 8 threads started OK.
TIIN identify_needed_elements() took      0.72 usr cpu s       0.00 sys cpu s       0.10 wall s
ININ computing nnz..
ININ create_CSR_for_K: predicted nnz =         2701, <->  50.68% of a full matrix
TIIN create_CSR_for_K last part took      0.00 usr cpu s       0.00 sys cpu s       0.00 wall s
TIIN create_CSR_for_K total took      0.76 usr cpu s       0.00 sys cpu s       0.14 wall s
ININ entering compute_K_by_boxes, no of basis funcs =    73, threshold_K =   1e-12, exchange_box_size =   5.00
ININ create_box_system end OK, toplevelBoxSize:   7.0, #levels:  3, #boxes at top level:      6
ININ create_box_system end OK, toplevelBoxSize:   7.0, #levels:  3, #boxes at top level:      6
ININ create_box_system end OK, toplevelBoxSize:   7.0, #levels:  3, #boxes at top level:      6
TIIN Compute extent for all distrs took      0.05 usr cpu s       0.00 sys cpu s       0.05 wall s
ININ Creating list of distributions done, distrCountTot =     36059
TIIN Creating list of distributions took      0.08 usr cpu s       0.00 sys cpu s       0.08 wall s
ININ create_box_system end OK, toplevelBoxSize:   5.0, #levels:  3, #boxes at top level:     10
ININ create_box_system end OK, toplevelBoxSize:   2.5, #levels:  4, #boxes at top level:     16
ININ noOfLevelsBasisFuncs = 4, noOfLevelsDiff = 1
TIIN Creating boxes etc took      0.00 usr cpu s       0.00 sys cpu s       0.00 wall s
TIIN getting multipoleNormVectorList took      0.08 usr cpu s       0.00 sys cpu s       0.08 wall s
TIIN K organize_distributions for all boxes took      0.12 usr cpu s       0.00 sys cpu s       0.12 wall s
ININ starting loop to setup basisFuncGroupInfoList, with added index checks.
TIIN GetLimitsAllLevels took      0.03 usr cpu s       0.00 sys cpu s       0.03 wall s
ININ getDmatLimitMatrixCSRList start.
TIIN getting densityMatrixLimitMatrixList took      0.00 usr cpu s       0.00 sys cpu s       0.00 wall s
ININ job list for K created,       55 jobs
TIIN creating job list for K took      0.00 usr cpu s       0.00 sys cpu s       0.00 wall s
ININ execute_joblist_K_threaded, noOfThreads =  8, basisFuncListCount_max =    67
ININ 8 threads started OK.
ININ all 8 threads have finished, took        1 wall s.
TIIN Executing job list for K took      2.13 usr cpu s       0.00 sys cpu s       0.50 wall s
TIIN compute_K_by_boxes took      2.44 usr cpu s       0.00 sys cpu s       0.81 wall s
TI   compute_K_by_boxes_sparse total took      3.21 usr cpu s       0.00 sys cpu s       0.96 wall s
INSC About to truncate FockMatrix, gap of Fprev >=          0.48817203379
TISC symmMatrix::mixed_diff for F vs Fprev maxEigValMovement_mixed took      0.00 usr cpu s       0.00 sys cpu s       0.00 wall s
TISC symmMatrix::eucl_diff for maxEigValMovement_eucl  took      0.01 usr cpu s       0.03 sys cpu s       0.01 wall s
INSC maxEigValMovement_frob  =          0.00015630918
INSC maxEigValMovement_mixed =          0.00011966786
INSC maxEigValMovement_eucl  =          0.00005374459
TISC FockMatrix.eucl_thresh() (with Z) took      0.00 usr cpu s       0.01 sys cpu s       0.00 wall s
INSC Truncated FockMatrix (eucl with Z), selected threshold = 4.88064e-08, returned error =          0, nnz before = 100.0000 %, nnz after = 100.0000 %
INSC Matrix 'S' ( symm ): n =     73, nnz =         5329 <-> 100.00 %, mem usage  0.0000 G
INSC Matrix 'F' ( symm ): n =     73, nnz =         5329 <-> 100.00 %, mem usage  0.0000 G
INSC Matrix 'D' ( symm ): n =     73, nnz =         5329 <-> 100.00 %, mem usage  0.0000 G
INSC nuclearEnergy, energy_2el, energy = 782.160484, 1010.855915, -636.642060
INSC Energy  15 =       -636.64205980955  ( diff     -0.000000019052322 )
INSC calling compute_FDSminusSDF_sparse, n = 73
INDE compute_FDSminusSDF_sparse() start.
TIDE FileWritable::writeAndReadAll took      0.00 usr cpu s       0.00 sys cpu s       0.00 wall s
INDE writeAndReadAll: '0 MB (1 MatrixGeneral, 0 > 1 MB) + 0 MB (9 MatrixSymmetric, 0 > 1 MB) = 0 MB (10 total, 0 > 1 MB)
TISC compute_FDSminusSDF_sparse, F*D mult took      0.00 usr cpu s       0.00 sys cpu s       0.00 wall s
INSC Matrix 'FD before eucl truncation' (normal): n =     73, nnz =         5329 <-> 100.00 %, mem usage  0.0000 G
INSC Matrix 'FD after  eucl truncation' (normal): n =     73, nnz =         5329 <-> 100.00 %, mem usage  0.0000 G
INSC Matrix 'FDS before eucl truncation' (normal): n =     73, nnz =         5329 <-> 100.00 %, mem usage  0.0000 G
INSC Matrix 'FDS after  eucl truncation' (normal): n =     73, nnz =         5329 <-> 100.00 %, mem usage  0.0000 G
INSC compute_FDSminusSDF_sparse ending OK.
TISC compute_FDSminusSDF_sparse took      0.00 usr cpu s       0.01 sys cpu s       0.00 wall s
INSC Matrix 'FDS-SDF' (normal): n =     73, nnz =         5329 <-> 100.00 %, mem usage  0.0000 G
INSC SCF_restricted::get_FDSminusSDF finished.
TISC get_FDSminusSDF took      0.00 usr cpu s       0.01 sys cpu s       0.00 wall s
INSC maxabs FDS-SDF is 1.18e-05
INSC frob   FDS-SDF is 6.92e-05
TISC get_error_measure took      0.00 usr cpu s       0.00 sys cpu s       0.00 wall s
INSC entering DIISManagerRestricted::AddIterationToList, IterCount =  7
INSC DIISManagerRestricted::AddIterationToList ending OK.
TISC DIISManagerRestricted::AddIterationToList took      0.00 usr cpu s       0.00 sys cpu s       0.00 wall s
INSC using DIIS to get combined Fock matrix, number of iters used for DIIS:  8
TISC clear_error_matrices took      0.00 usr cpu s       0.00 sys cpu s       0.00 wall s
TISC save_current_fock_as_fprev took      0.00 usr cpu s       0.00 sys cpu s       0.00 wall s
INDE get_dens_from_fock_general, n = 73, use_diagonalization = 0, use_diag_on_error = 1
INDE Before writeAndReadAll(): AllocatorManager statistics:  noOfRealsPerBuffer: 1024 noOfBuffers: 20000 list.size(): 1. Allocated: 0.164 GB, Used: 0.000754 GB, Peak alloc: 0.164 GB.
TIDE FileWritable::writeAndReadAll took      0.00 usr cpu s       0.00 sys cpu s       0.00 wall s
INDE writeAndReadAll sizesStr: '0 MB (1 MatrixGeneral, 0 > 1 MB) + 0 MB (7 MatrixSymmetric, 0 > 1 MB) = 0 MB (8 total, 0 > 1 MB)
INDE After writeAndReadAll(): AllocatorManager statistics:  noOfRealsPerBuffer: 1024 noOfBuffers: 20000 list.size(): 1. Allocated: 0.164 GB, Used: 0.000754 GB, Peak alloc: 0.164 GB.
INDE calling get_dens_from_fock_sparse, n =     73, subspaceErrorLimit = 1e-06
INDE get_dens_from_fock_sparse() start!
INDE After F.readFromFile(): AllocatorManager statistics:  noOfRealsPerBuffer: 1024 noOfBuffers: 20000 list.size(): 1. Allocated: 0.164 GB, Used: 0.000754 GB, Peak alloc: 0.164 GB.
INDE After creating wrapper MatrixType F_w(F): AllocatorManager statistics:  noOfRealsPerBuffer: 1024 noOfBuffers: 20000 list.size(): 1. Allocated: 0.164 GB, Used: 0.000778 GB, Peak alloc: 0.164 GB.
TIDE  F_w to orthogonal basis took      0.00 usr cpu s       0.01 sys cpu s       0.00 wall s
TIDE MatrixType::mixed_diff for maxEigValMovement_mixed took      0.00 usr cpu s       0.01 sys cpu s       0.00 wall s
TIDE symmMatrixWrap::eucl_diff for maxEigValMovement_eucl  took      0.01 usr cpu s       0.09 sys cpu s       0.02 wall s
INDE maxEigValMovement_frob  =          0.00011818534
INDE maxEigValMovement_mixed =          0.00009600161
INDE maxEigValMovement_eucl  =          0.00003484270
INDE lumo before truncation: [ 0.209685269476 , 0.234458891965 ]
INDE homo before truncation: [ -0.321399692736 , -0.278417078924 ]
INDE Truncate matrix F and update intervals for homo and lumo.
INDE Truncating F_ort ( mixed ), selected threshold = 4.88102e-08
INDE Truncated F_ort ( mixed ), selected threshold = 4.88102e-08, returned error =          0, nnz before = 100.0000 %, nnz after = 100.0000 %
TIDE Truncation of F_ort took      0.00 usr cpu s       0.00 sys cpu s       0.00 wall s
INDE Chosen Ergo Wrapper
INDE Creating purification object: N = 73 , nocc = 47 , NNZ = 5329  <-> 100.00000 %
INDE Chosen norm for the truncation: 
INDE mixed
INDE Chosen norm for the stopping criterion: 
INDE mixed
INDE Chosen the NEW stopping criterion.
INDE Allowed error in subspace 7.000000e-07
INDE Chosen SP2 purification method
INDE calling Puri->PurificationStart(), number of threads = 1, trunc norm 'mixed'
TIDE gershgorin took      0.00 usr cpu s       0.00 sys cpu s       0.00 wall s
INDE Gershgorin bounds: [ -24.388267763786 , 5.987656000190 ]
INDE EXPANDED Gershgorin bounds: [ -24.388267778687 , 5.987656015091 ]
INDE Trying to impove bounds using Lanczos algorithm...
TIDE compute_spectrum_bounds took      0.11 usr cpu s       0.44 sys cpu s       0.08 wall s
INDE Spectrum of F: 	 [ -20.320314134139 , 1.134631119845 ]
INDE Transform homo and lumo bounds...
INDE HOMO bounds of X: 	 [ 0.065861188740 , 0.067864578322 ]
INDE LUMO bounds of X: 	 [ 0.041956398267 , 0.043111079493 ]
INDE INIT LUMO: [ 0.041956398267 , 0.043111079493 ]
INDE INIT HOMO: [ 0.932135421678 , 0.934138811260 ]
INDE ESTIMATED NUMBER OF ITERATIONS IS 24
INDE Put eigenvalues of F to the interval [0,1] in reverse order.
TIDE compute_X() took      0.00 usr cpu s       0.00 sys cpu s       0.00 wall s
TIDE prepare_to_purification() took      0.11 usr cpu s       0.44 sys cpu s       0.08 wall s
INDE (EIGV,PARAMS) Requested 0 occipied eigenpair(s).
INDE (EIGV,PARAMS) Requested 0 unoccipied eigenpair(s).
TIDE prepare_to_purification_eigenvectors() took      0.00 usr cpu s       0.00 sys cpu s       0.00 wall s
INDE Starting recursive expansion
INDE     BEFORE ITERATIONS:
TIDE truncate_matrix took      0.00 usr cpu s       0.00 sys cpu s       0.00 wall s
INDE Actual introduced error   0.000000e+00 : nnz before  5329 <-> 100.00 % , nnz after  5329 <-> 100.00 %
TIDE square took      0.00 usr cpu s       0.00 sys cpu s       0.00 wall s
INDE NNZ Xsq = 5329 <-> 100.00 %
TIDE Frobenius norm of X-X^2 took      0.00 usr cpu s       0.00 sys cpu s       0.00 wall s
TIDE Mixed norm of X-X^2 took      0.00 usr cpu s       0.00 sys cpu s       0.00 wall s
TIDE Trace of X-X^2 took      0.00 usr cpu s       0.00 sys cpu s       0.00 wall s
INDE ||X-X^2||_F = 8.726922e-01 , ||X-X^2||_mixed = 6.497862e-01
INDE trace(X-X^2) = 5.359280e+00
INDE trace(X) = 1.253024e+01
TIDE Iteration 0 took      0.00 usr cpu s       0.01 sys cpu s       0.00 wall s
TIDE FileWritable::writeAndReadAll took      0.00 usr cpu s       0.00 sys cpu s       0.00 wall s
INDE writeAndReadAll sizesStr: '0 MB (1 MatrixGeneral, 0 > 1 MB) + 0 MB (13 MatrixSymmetric, 0 > 1 MB) + 0 MB (2 VectorGeneral, 0 > 1 MB) = 0 MB (16 total, 0 > 1 MB)
INDE     ITERATION 1 :
TIDE purify_X took      0.00 usr cpu s       0.00 sys cpu s       0.00 wall s
TIDE truncate_matrix took      0.00 usr cpu s       0.00 sys cpu s       0.00 wall s
INDE Actual introduced error   0.000000e+00 : nnz before  5329 <-> 100.00 % , nnz after  5329 <-> 100.00 %
TIDE square took      0.00 usr cpu s       0.00 sys cpu s       0.00 wall s
INDE NNZ Xsq = 5329 <-> 100.00 %
TIDE Frobenius norm of X-X^2 took      0.00 usr cpu s       0.00 sys cpu s       0.00 wall s
TIDE Mixed norm of X-X^2 took      0.00 usr cpu s       0.00 sys cpu s       0.00 wall s
TIDE Trace of X-X^2 took      0.00 usr cpu s       0.00 sys cpu s       0.00 wall s
INDE ||X-X^2||_F = 9.393552e-01 , ||X-X^2||_mixed = 7.167177e-01
INDE trace(X-X^2) = 6.947182e+00
INDE trace(X) = 1.788952e+01
TIDE Iteration 1 took      0.00 usr cpu s       0.01 sys cpu s       0.00 wall s
INDE     ITERATION 2 :
TIDE purify_X took      0.00 usr cpu s       0.00 sys cpu s       0.00 wall s
TIDE truncate_matrix took      0.00 usr cpu s       0.00 sys cpu s       0.00 wall s
INDE Actual introduced error   0.000000e+00 : nnz before  5329 <-> 100.00 % , nnz after  5329 <-> 100.00 %
TIDE square took      0.00 usr cpu s       0.00 sys cpu s       0.00 wall s
INDE NNZ Xsq = 5329 <-> 100.00 %
TIDE Frobenius norm of X-X^2 took      0.00 usr cpu s       0.00 sys cpu s       0.00 wall s
TIDE Mixed norm of X-X^2 took      0.00 usr cpu s       0.00 sys cpu s       0.00 wall s
TIDE Trace of X-X^2 took      0.00 usr cpu s       0.00 sys cpu s       0.00 wall s
INDE ||X-X^2||_F = 1.278730e+00 , ||X-X^2||_mixed = 9.883875e-01
INDE trace(X-X^2) = 9.180790e+00
INDE trace(X) = 2.483670e+01
INDE Checking stopping criterion...   
INDE Order of convergence cannot be computed
TIDE stopping_criterion took      0.00 usr cpu s       0.00 sys cpu s       0.00 wall s
TIDE Iteration 2 took      0.01 usr cpu s       0.01 sys cpu s       0.00 wall s
INDE     ITERATION 3 :
TIDE purify_X took      0.00 usr cpu s       0.00 sys cpu s       0.00 wall s
TIDE truncate_matrix took      0.00 usr cpu s       0.00 sys cpu s       0.00 wall s
INDE Actual introduced error   0.000000e+00 : nnz before  5329 <-> 100.00 % , nnz after  5329 <-> 100.00 %
TIDE square took      0.00 usr cpu s       0.00 sys cpu s       0.00 wall s
INDE NNZ Xsq = 5329 <-> 100.00 %
TIDE Frobenius norm of X-X^2 took      0.00 usr cpu s       0.00 sys cpu s       0.00 wall s
TIDE Mixed norm of X-X^2 took      0.00 usr cpu s       0.00 sys cpu s       0.00 wall s
TIDE Trace of X-X^2 took      0.00 usr cpu s       0.00 sys cpu s       0.00 wall s
INDE ||X-X^2||_F = 1.590086e+00 , ||X-X^2||_mixed = 1.196470e+00
INDE trace(X-X^2) = 1.156538e+01
INDE trace(X) = 3.401749e+01
INDE Checking stopping criterion...   
INDE Order of convergence cannot be computed
TIDE stopping_criterion took      0.00 usr cpu s       0.00 sys cpu s       0.00 wall s
TIDE Iteration 3 took      0.00 usr cpu s       0.01 sys cpu s       0.00 wall s
INDE     ITERATION 4 :
TIDE purify_X took      0.00 usr cpu s       0.00 sys cpu s       0.00 wall s
TIDE truncate_matrix took      0.00 usr cpu s       0.00 sys cpu s       0.00 wall s
INDE Actual introduced error   0.000000e+00 : nnz before  5329 <-> 100.00 % , nnz after  5329 <-> 100.00 %
TIDE square took      0.00 usr cpu s       0.00 sys cpu s       0.00 wall s
INDE NNZ Xsq = 5329 <-> 100.00 %
TIDE Frobenius norm of X-X^2 took      0.00 usr cpu s       0.00 sys cpu s       0.00 wall s
TIDE Mixed norm of X-X^2 took      0.00 usr cpu s       0.00 sys cpu s       0.00 wall s
TIDE Trace of X-X^2 took      0.00 usr cpu s       0.00 sys cpu s       0.00 wall s
INDE ||X-X^2||_F = 1.468983e+00 , ||X-X^2||_mixed = 1.076605e+00
INDE trace(X-X^2) = 1.099371e+01
INDE trace(X) = 4.558287e+01
INDE Checking stopping criterion...   
INDE Order of convergence cannot be computed
TIDE stopping_criterion took      0.00 usr cpu s       0.00 sys cpu s       0.00 wall s
TIDE Iteration 4 took      0.00 usr cpu s       0.01 sys cpu s       0.00 wall s
INDE     ITERATION 5 :
TIDE purify_X took      0.00 usr cpu s       0.00 sys cpu s       0.00 wall s
TIDE truncate_matrix took      0.00 usr cpu s       0.00 sys cpu s       0.00 wall s
INDE Actual introduced error   0.000000e+00 : nnz before  5329 <-> 100.00 % , nnz after  5329 <-> 100.00 %
TIDE square took      0.00 usr cpu s       0.00 sys cpu s       0.00 wall s
INDE NNZ Xsq = 5329 <-> 100.00 %
TIDE Frobenius norm of X-X^2 took      0.00 usr cpu s       0.00 sys cpu s       0.00 wall s
TIDE Mixed norm of X-X^2 took      0.00 usr cpu s       0.00 sys cpu s       0.00 wall s
TIDE Trace of X-X^2 took      0.00 usr cpu s       0.00 sys cpu s       0.00 wall s
INDE ||X-X^2||_F = 1.474468e+00 , ||X-X^2||_mixed = 1.142927e+00
INDE trace(X-X^2) = 1.012542e+01
INDE trace(X) = 3.458915e+01
INDE Checking stopping criterion...   
INDE Order of convergence cannot be computed
TIDE stopping_criterion took      0.00 usr cpu s       0.00 sys cpu s       0.00 wall s
TIDE Iteration 5 took      0.00 usr cpu s       0.01 sys cpu s       0.00 wall s
INDE     ITERATION 6 :
TIDE purify_X took      0.00 usr cpu s       0.00 sys cpu s       0.00 wall s
TIDE truncate_matrix took      0.00 usr cpu s       0.00 sys cpu s       0.00 wall s
INDE Actual introduced error   0.000000e+00 : nnz before  5329 <-> 100.00 % , nnz after  5329 <-> 100.00 %
TIDE square took      0.00 usr cpu s       0.00 sys cpu s       0.00 wall s
INDE NNZ Xsq = 5329 <-> 100.00 %
TIDE Frobenius norm of X-X^2 took      0.00 usr cpu s       0.00 sys cpu s       0.00 wall s
TIDE Mixed norm of X-X^2 took      0.00 usr cpu s       0.00 sys cpu s       0.00 wall s
TIDE Trace of X-X^2 took      0.00 usr cpu s       0.00 sys cpu s       0.00 wall s
INDE ||X-X^2||_F = 1.188985e+00 , ||X-X^2||_mixed = 9.030546e-01
INDE trace(X-X^2) = 8.455420e+00
INDE trace(X) = 4.471457e+01
INDE Checking stopping criterion...   
INDE Order of convergence cannot be computed
TIDE stopping_criterion took      0.00 usr cpu s       0.00 sys cpu s       0.00 wall s
TIDE Iteration 6 took      0.00 usr cpu s       0.01 sys cpu s       0.00 wall s
INDE     ITERATION 7 :
TIDE purify_X took      0.00 usr cpu s       0.00 sys cpu s       0.00 wall s
TIDE truncate_matrix took      0.00 usr cpu s       0.00 sys cpu s       0.00 wall s
INDE Actual introduced error   0.000000e+00 : nnz before  5329 <-> 100.00 % , nnz after  5329 <-> 100.00 %
TIDE square took      0.00 usr cpu s       0.00 sys cpu s       0.00 wall s
INDE NNZ Xsq = 5329 <-> 100.00 %
TIDE Frobenius norm of X-X^2 took      0.00 usr cpu s       0.00 sys cpu s       0.00 wall s
TIDE Mixed norm of X-X^2 took      0.00 usr cpu s       0.00 sys cpu s       0.00 wall s
TIDE Trace of X-X^2 took      0.00 usr cpu s       0.00 sys cpu s       0.00 wall s
INDE ||X-X^2||_F = 1.310622e+00 , ||X-X^2||_mixed = 1.044186e+00
INDE trace(X-X^2) = 8.295661e+00
INDE trace(X) = 3.625915e+01
INDE Checking stopping criterion...   
INDE Order of convergence cannot be computed
TIDE stopping_criterion took      0.00 usr cpu s       0.00 sys cpu s       0.00 wall s
TIDE Iteration 7 took      0.01 usr cpu s       0.00 sys cpu s       0.00 wall s
INDE     ITERATION 8 :
TIDE purify_X took      0.00 usr cpu s       0.00 sys cpu s       0.00 wall s
TIDE truncate_matrix took      0.00 usr cpu s       0.00 sys cpu s       0.00 wall s
INDE Actual introduced error   0.000000e+00 : nnz before  5329 <-> 100.00 % , nnz after  5329 <-> 100.00 %
TIDE square took      0.00 usr cpu s       0.00 sys cpu s       0.00 wall s
INDE NNZ Xsq = 5329 <-> 100.00 %
TIDE Frobenius norm of X-X^2 took      0.00 usr cpu s       0.00 sys cpu s       0.00 wall s
TIDE Mixed norm of X-X^2 took      0.00 usr cpu s       0.00 sys cpu s       0.00 wall s
TIDE Trace of X-X^2 took      0.00 usr cpu s       0.00 sys cpu s       0.00 wall s
INDE ||X-X^2||_F = 8.779945e-01 , ||X-X^2||_mixed = 7.019862e-01
INDE trace(X-X^2) = 5.519980e+00
INDE trace(X) = 4.455482e+01
INDE Checking stopping criterion...   
INDE e_i =7.019862e-01, C*e_{i-1}^q = 5.616564e+00
INDE Order of convergence = 22.393401, stop = 0
TIDE stopping_criterion took      0.00 usr cpu s       0.00 sys cpu s       0.00 wall s
TIDE Iteration 8 took      0.00 usr cpu s       0.01 sys cpu s       0.00 wall s
INDE     ITERATION 9 :
TIDE purify_X took      0.00 usr cpu s       0.00 sys cpu s       0.00 wall s
TIDE truncate_matrix took      0.00 usr cpu s       0.00 sys cpu s       0.00 wall s
INDE Actual introduced error   0.000000e+00 : nnz before  5329 <-> 100.00 % , nnz after  5329 <-> 100.00 %
TIDE square took      0.00 usr cpu s       0.00 sys cpu s       0.00 wall s
INDE NNZ Xsq = 5329 <-> 100.00 %
TIDE Frobenius norm of X-X^2 took      0.00 usr cpu s       0.00 sys cpu s       0.00 wall s
TIDE Mixed norm of X-X^2 took      0.00 usr cpu s       0.00 sys cpu s       0.00 wall s
TIDE Trace of X-X^2 took      0.00 usr cpu s       0.00 sys cpu s       0.00 wall s
INDE ||X-X^2||_F = 1.082333e+00 , ||X-X^2||_mixed = 8.902091e-01
INDE trace(X-X^2) = 6.171460e+00
INDE trace(X) = 3.903484e+01
INDE Checking stopping criterion...   
INDE Order of convergence cannot be computed
TIDE stopping_criterion took      0.00 usr cpu s       0.00 sys cpu s       0.00 wall s
TIDE Iteration 9 took      0.00 usr cpu s       0.01 sys cpu s       0.00 wall s
INDE     ITERATION 10 :
TIDE purify_X took      0.00 usr cpu s       0.00 sys cpu s       0.00 wall s
TIDE truncate_matrix took      0.00 usr cpu s       0.00 sys cpu s       0.00 wall s
INDE Actual introduced error   0.000000e+00 : nnz before  5329 <-> 100.00 % , nnz after  5329 <-> 100.00 %
TIDE square took      0.00 usr cpu s       0.00 sys cpu s       0.00 wall s
INDE NNZ Xsq = 5329 <-> 100.00 %
TIDE Frobenius norm of X-X^2 took      0.00 usr cpu s       0.00 sys cpu s       0.00 wall s
TIDE Mixed norm of X-X^2 took      0.00 usr cpu s       0.00 sys cpu s       0.00 wall s
TIDE Trace of X-X^2 took      0.00 usr cpu s       0.00 sys cpu s       0.00 wall s
INDE ||X-X^2||_F = 5.862037e-01 , ||X-X^2||_mixed = 4.989152e-01
INDE trace(X-X^2) = 3.053024e+00
INDE trace(X) = 4.520629e+01
INDE Checking stopping criterion...   
INDE e_i =4.989152e-01, C*e_{i-1}^q = 3.393906e+00
INDE Order of convergence = 7.418528, stop = 0
TIDE stopping_criterion took      0.00 usr cpu s       0.00 sys cpu s       0.00 wall s
TIDE Iteration 10 took      0.00 usr cpu s       0.01 sys cpu s       0.00 wall s
INDE     ITERATION 11 :
TIDE purify_X took      0.00 usr cpu s       0.00 sys cpu s       0.00 wall s
TIDE truncate_matrix took      0.00 usr cpu s       0.00 sys cpu s       0.00 wall s
INDE Actual introduced error   0.000000e+00 : nnz before  5329 <-> 100.00 % , nnz after  5329 <-> 100.00 %
TIDE square took      0.00 usr cpu s       0.00 sys cpu s       0.00 wall s
INDE NNZ Xsq = 5329 <-> 100.00 %
TIDE Frobenius norm of X-X^2 took      0.00 usr cpu s       0.00 sys cpu s       0.00 wall s
TIDE Mixed norm of X-X^2 took      0.00 usr cpu s       0.00 sys cpu s       0.00 wall s
TIDE Trace of X-X^2 took      0.00 usr cpu s       0.00 sys cpu s       0.00 wall s
INDE ||X-X^2||_F = 7.909327e-01 , ||X-X^2||_mixed = 6.867922e-01
INDE trace(X-X^2) = 3.919262e+00
INDE trace(X) = 4.215327e+01
INDE Checking stopping criterion...   
INDE e_i =6.867922e-01, C*e_{i-1}^q = 5.457915e+00
INDE Order of convergence = 19.822965, stop = 0
TIDE stopping_criterion took      0.00 usr cpu s       0.00 sys cpu s       0.00 wall s
TIDE Iteration 11 took      0.00 usr cpu s       0.01 sys cpu s       0.00 wall s
INDE     ITERATION 12 :
TIDE purify_X took      0.00 usr cpu s       0.00 sys cpu s       0.00 wall s
TIDE truncate_matrix took      0.00 usr cpu s       0.00 sys cpu s       0.00 wall s
INDE Actual introduced error   0.000000e+00 : nnz before  5329 <-> 100.00 % , nnz after  5329 <-> 100.00 %
TIDE square took      0.00 usr cpu s       0.00 sys cpu s       0.00 wall s
INDE NNZ Xsq = 5329 <-> 100.00 %
TIDE Frobenius norm of X-X^2 took      0.00 usr cpu s       0.00 sys cpu s       0.00 wall s
TIDE Mixed norm of X-X^2 took      0.00 usr cpu s       0.00 sys cpu s       0.00 wall s
TIDE Trace of X-X^2 took      0.00 usr cpu s       0.00 sys cpu s       0.00 wall s
INDE ||X-X^2||_F = 3.238820e-01 , ||X-X^2||_mixed = 2.957352e-01
INDE trace(X-X^2) = 1.350776e+00
INDE trace(X) = 4.607253e+01
INDE Checking stopping criterion...   
INDE e_i =2.957352e-01, C*e_{i-1}^q = 1.714337e+00
INDE Order of convergence = 4.527353, stop = 0
TIDE stopping_criterion took      0.00 usr cpu s       0.00 sys cpu s       0.00 wall s
TIDE Iteration 12 took      0.00 usr cpu s       0.01 sys cpu s       0.00 wall s
INDE     ITERATION 13 :
TIDE purify_X took      0.00 usr cpu s       0.00 sys cpu s       0.00 wall s
TIDE truncate_matrix took      0.00 usr cpu s       0.00 sys cpu s       0.00 wall s
INDE Actual introduced error   0.000000e+00 : nnz before  5329 <-> 100.00 % , nnz after  5329 <-> 100.00 %
TIDE square took      0.00 usr cpu s       0.00 sys cpu s       0.00 wall s
INDE NNZ Xsq = 5329 <-> 100.00 %
TIDE Frobenius norm of X-X^2 took      0.00 usr cpu s       0.00 sys cpu s       0.00 wall s
TIDE Mixed norm of X-X^2 took      0.00 usr cpu s       0.00 sys cpu s       0.00 wall s
TIDE Trace of X-X^2 took      0.00 usr cpu s       0.00 sys cpu s       0.00 wall s
INDE ||X-X^2||_F = 2.390515e-01 , ||X-X^2||_mixed = 2.302241e-01
INDE trace(X-X^2) = 5.637633e-01
INDE trace(X) = 4.742331e+01
INDE Checking stopping criterion...   
INDE Order of convergence cannot be computed
TIDE stopping_criterion took      0.00 usr cpu s       0.00 sys cpu s       0.00 wall s
TIDE Iteration 13 took      0.00 usr cpu s       0.01 sys cpu s       0.00 wall s
INDE     ITERATION 14 :
TIDE purify_X took      0.00 usr cpu s       0.00 sys cpu s       0.00 wall s
TIDE truncate_matrix took      0.00 usr cpu s       0.00 sys cpu s       0.00 wall s
INDE Actual introduced error   0.000000e+00 : nnz before  5329 <-> 100.00 % , nnz after  5329 <-> 100.00 %
TIDE square took      0.00 usr cpu s       0.00 sys cpu s       0.00 wall s
INDE NNZ Xsq = 5329 <-> 100.00 %
TIDE Frobenius norm of X-X^2 took      0.00 usr cpu s       0.00 sys cpu s       0.00 wall s
TIDE Mixed norm of X-X^2 took      0.00 usr cpu s       0.00 sys cpu s       0.00 wall s
TIDE Trace of X-X^2 took      0.00 usr cpu s       0.00 sys cpu s       0.00 wall s
INDE ||X-X^2||_F = 9.500349e-02 , ||X-X^2||_mixed = 9.075784e-02
INDE trace(X-X^2) = 2.929293e-01
INDE trace(X) = 4.685955e+01
INDE Checking stopping criterion...   
INDE e_i =9.075784e-02, C*e_{i-1}^q = 6.023498e-01
INDE Order of convergence = 3.553523, stop = 0
TIDE stopping_criterion took      0.00 usr cpu s       0.00 sys cpu s       0.00 wall s
TIDE Iteration 14 took      0.00 usr cpu s       0.01 sys cpu s       0.00 wall s
INDE     ITERATION 15 :
TIDE purify_X took      0.00 usr cpu s       0.00 sys cpu s       0.00 wall s
TIDE truncate_matrix took      0.00 usr cpu s       0.00 sys cpu s       0.00 wall s
INDE Actual introduced error   0.000000e+00 : nnz before  5329 <-> 100.00 % , nnz after  5329 <-> 100.00 %
TIDE square took      0.00 usr cpu s       0.01 sys cpu s       0.00 wall s
INDE NNZ Xsq = 5329 <-> 100.00 %
TIDE Frobenius norm of X-X^2 took      0.00 usr cpu s       0.00 sys cpu s       0.00 wall s
TIDE Mixed norm of X-X^2 took      0.00 usr cpu s       0.00 sys cpu s       0.00 wall s
TIDE Trace of X-X^2 took      0.00 usr cpu s       0.00 sys cpu s       0.00 wall s
INDE ||X-X^2||_F = 9.360555e-02 , ||X-X^2||_mixed = 9.267201e-02
INDE trace(X-X^2) = 1.564984e-01
INDE trace(X) = 4.715248e+01
INDE Checking stopping criterion...   
INDE e_i =9.267201e-02, C*e_{i-1}^q = 3.650433e-01
INDE Order of convergence = 2.933443, stop = 0
TIDE stopping_criterion took      0.00 usr cpu s       0.00 sys cpu s       0.00 wall s
TIDE Iteration 15 took      0.00 usr cpu s       0.01 sys cpu s       0.00 wall s
INDE     ITERATION 16 :
TIDE purify_X took      0.00 usr cpu s       0.00 sys cpu s       0.00 wall s
TIDE truncate_matrix took      0.00 usr cpu s       0.00 sys cpu s       0.00 wall s
INDE Actual introduced error   0.000000e+00 : nnz before  5329 <-> 100.00 % , nnz after  5329 <-> 100.00 %
TIDE square took      0.00 usr cpu s       0.00 sys cpu s       0.00 wall s
INDE NNZ Xsq = 5329 <-> 100.00 %
TIDE Frobenius norm of X-X^2 took      0.00 usr cpu s       0.00 sys cpu s       0.00 wall s
TIDE Mixed norm of X-X^2 took      0.00 usr cpu s       0.00 sys cpu s       0.00 wall s
TIDE Trace of X-X^2 took      0.00 usr cpu s       0.00 sys cpu s       0.00 wall s
INDE ||X-X^2||_F = 1.094137e-02 , ||X-X^2||_mixed = 1.066126e-02
INDE trace(X-X^2) = 2.442461e-02
INDE trace(X) = 4.699598e+01
INDE Checking stopping criterion...   
INDE e_i =1.066126e-02, C*e_{i-1}^q = 5.672977e-02
INDE Order of convergence = 2.696662, stop = 0
TIDE stopping_criterion took      0.00 usr cpu s       0.00 sys cpu s       0.00 wall s
TIDE Iteration 16 took      0.00 usr cpu s       0.01 sys cpu s       0.00 wall s
INDE     ITERATION 17 :
TIDE purify_X took      0.00 usr cpu s       0.00 sys cpu s       0.00 wall s
TIDE truncate_matrix took      0.00 usr cpu s       0.00 sys cpu s       0.00 wall s
INDE Actual introduced error   0.000000e+00 : nnz before  5329 <-> 100.00 % , nnz after  5329 <-> 100.00 %
TIDE square took      0.00 usr cpu s       0.00 sys cpu s       0.00 wall s
INDE NNZ Xsq = 5329 <-> 100.00 %
TIDE Frobenius norm of X-X^2 took      0.00 usr cpu s       0.00 sys cpu s       0.00 wall s
TIDE Mixed norm of X-X^2 took      0.00 usr cpu s       0.00 sys cpu s       0.00 wall s
TIDE Trace of X-X^2 took      0.00 usr cpu s       0.00 sys cpu s       0.00 wall s
INDE ||X-X^2||_F = 1.476763e-02 , ||X-X^2||_mixed = 1.472617e-02
INDE trace(X-X^2) = 2.835517e-02
INDE trace(X) = 4.697155e+01
INDE Checking stopping criterion...   
INDE Order of convergence cannot be computed
TIDE stopping_criterion took      0.00 usr cpu s       0.00 sys cpu s       0.00 wall s
TIDE Iteration 17 took      0.00 usr cpu s       0.01 sys cpu s       0.00 wall s
INDE     ITERATION 18 :
TIDE purify_X took      0.00 usr cpu s       0.00 sys cpu s       0.00 wall s
TIDE truncate_matrix took      0.00 usr cpu s       0.00 sys cpu s       0.00 wall s
INDE Actual introduced error   0.000000e+00 : nnz before  5329 <-> 100.00 % , nnz after  5329 <-> 100.00 %
TIDE square took      0.00 usr cpu s       0.00 sys cpu s       0.00 wall s
INDE NNZ Xsq = 5329 <-> 100.00 %
TIDE Frobenius norm of X-X^2 took      0.00 usr cpu s       0.00 sys cpu s       0.00 wall s
TIDE Mixed norm of X-X^2 took      0.00 usr cpu s       0.00 sys cpu s       0.00 wall s
TIDE Trace of X-X^2 took      0.00 usr cpu s       0.00 sys cpu s       0.00 wall s
INDE ||X-X^2||_F = 1.954832e-04 , ||X-X^2||_mixed = 1.916536e-04
INDE trace(X-X^2) = 3.530981e-04
INDE trace(X) = 4.699991e+01
INDE Checking stopping criterion...   
INDE e_i =1.916536e-04, C*e_{i-1}^q = 7.828154e-04
INDE Order of convergence = 2.309880, stop = 0
TIDE stopping_criterion took      0.00 usr cpu s       0.00 sys cpu s       0.00 wall s
TIDE Iteration 18 took      0.00 usr cpu s       0.01 sys cpu s       0.00 wall s
INDE     ITERATION 19 :
TIDE purify_X took      0.00 usr cpu s       0.00 sys cpu s       0.00 wall s
TIDE truncate_matrix took      0.00 usr cpu s       0.00 sys cpu s       0.00 wall s
INDE Actual introduced error   0.000000e+00 : nnz before  5329 <-> 100.00 % , nnz after  5329 <-> 100.00 %
TIDE square took      0.00 usr cpu s       0.00 sys cpu s       0.00 wall s
INDE NNZ Xsq = 5329 <-> 100.00 %
TIDE Frobenius norm of X-X^2 took      0.00 usr cpu s       0.00 sys cpu s       0.00 wall s
TIDE Mixed norm of X-X^2 took      0.00 usr cpu s       0.00 sys cpu s       0.00 wall s
TIDE Trace of X-X^2 took      0.00 usr cpu s       0.00 sys cpu s       0.00 wall s
INDE ||X-X^2||_F = 2.451605e-04 , ||X-X^2||_mixed = 2.451503e-04
INDE trace(X-X^2) = 2.613288e-04
INDE trace(X) = 4.700026e+01
INDE Checking stopping criterion...   
INDE Order of convergence cannot be computed
TIDE stopping_criterion took      0.00 usr cpu s       0.00 sys cpu s       0.00 wall s
TIDE Iteration 19 took      0.00 usr cpu s       0.01 sys cpu s       0.00 wall s
INDE     ITERATION 20 :
TIDE purify_X took      0.00 usr cpu s       0.00 sys cpu s       0.00 wall s
TIDE truncate_matrix took      0.00 usr cpu s       0.00 sys cpu s       0.00 wall s
INDE Actual introduced error   0.000000e+00 : nnz before  5329 <-> 100.00 % , nnz after  5329 <-> 100.00 %
TIDE square took      0.00 usr cpu s       0.00 sys cpu s       0.00 wall s
INDE NNZ Xsq = 5329 <-> 100.00 %
TIDE Frobenius norm of X-X^2 took      0.00 usr cpu s       0.00 sys cpu s       0.00 wall s
TIDE Mixed norm of X-X^2 took      0.00 usr cpu s       0.00 sys cpu s       0.00 wall s
TIDE Trace of X-X^2 took      0.00 usr cpu s       0.00 sys cpu s       0.00 wall s
INDE ||X-X^2||_F = 7.062673e-08 , ||X-X^2||_mixed = 6.954800e-08
INDE trace(X-X^2) = 1.065086e-07
INDE trace(X) = 4.700000e+01
INDE Checking stopping criterion...   
INDE e_i =6.954800e-08, C*e_{i-1}^q = 2.529746e-07
INDE Order of convergence = 2.150853, stop = 0
TIDE stopping_criterion took      0.00 usr cpu s       0.00 sys cpu s       0.00 wall s
TIDE Iteration 20 took      0.00 usr cpu s       0.01 sys cpu s       0.00 wall s
INDE     ITERATION 21 :
TIDE purify_X took      0.00 usr cpu s       0.00 sys cpu s       0.00 wall s
TIDE truncate_matrix took      0.00 usr cpu s       0.00 sys cpu s       0.00 wall s
INDE Actual introduced error   0.000000e+00 : nnz before  5329 <-> 100.00 % , nnz after  5329 <-> 100.00 %
TIDE square took      0.00 usr cpu s       0.00 sys cpu s       0.00 wall s
INDE NNZ Xsq = 5329 <-> 100.00 %
TIDE Frobenius norm of X-X^2 took      0.00 usr cpu s       0.00 sys cpu s       0.00 wall s
TIDE Mixed norm of X-X^2 took      0.00 usr cpu s       0.00 sys cpu s       0.00 wall s
TIDE Trace of X-X^2 took      0.00 usr cpu s       0.00 sys cpu s       0.00 wall s
INDE ||X-X^2||_F = 7.491274e-08 , ||X-X^2||_mixed = 7.490491e-08
INDE trace(X-X^2) = 9.275123e-08
INDE trace(X) = 4.700000e+01
INDE Checking stopping criterion...   
INDE Order of convergence cannot be computed
TIDE stopping_criterion took      0.00 usr cpu s       0.00 sys cpu s       0.00 wall s
TIDE Iteration 21 took      0.00 usr cpu s       0.01 sys cpu s       0.00 wall s
INDE     ITERATION 22 :
TIDE purify_X took      0.00 usr cpu s       0.00 sys cpu s       0.00 wall s
TIDE truncate_matrix took      0.00 usr cpu s       0.00 sys cpu s       0.00 wall s
INDE Actual introduced error   0.000000e+00 : nnz before  5329 <-> 100.00 % , nnz after  5329 <-> 100.00 %
TIDE square took      0.00 usr cpu s       0.00 sys cpu s       0.00 wall s
INDE NNZ Xsq = 5329 <-> 100.00 %
TIDE Frobenius norm of X-X^2 took      0.00 usr cpu s       0.00 sys cpu s       0.00 wall s
TIDE Mixed norm of X-X^2 took      0.00 usr cpu s       0.00 sys cpu s       0.00 wall s
TIDE Trace of X-X^2 took      0.00 usr cpu s       0.00 sys cpu s       0.00 wall s
INDE ||X-X^2||_F = 9.072085e-15 , ||X-X^2||_mixed = 0.000000e+00
INDE trace(X-X^2) = 1.421085e-14
INDE trace(X) = 4.700000e+01
INDE Checking stopping criterion...   
INDE ************************************************************************************************************
INDE The norm value went much below machine precision, therefore we stop here since n_max can be underestimated.
INDE ************************************************************************************************************
INDE e_i =0.000000e+00, C*e_{i-1}^q = 3.331286e-14
INDE Order of convergence = inf, stop = 1
TIDE stopping_criterion took      0.00 usr cpu s       0.00 sys cpu s       0.00 wall s
INDE PURIFICATION CONVERGED after 22 iterations
TIDE Iteration 22 took      0.00 usr cpu s       0.00 sys cpu s       0.00 wall s
INDE Number of non-zeros in D is  5329 <-> 100.00 %
TIDE FileWritable::writeAndReadAll took      0.00 usr cpu s       0.00 sys cpu s       0.00 wall s
INDE writeAndReadAll sizesStr: '0 MB (1 MatrixGeneral, 0 > 1 MB) + 0 MB (13 MatrixSymmetric, 0 > 1 MB) + 0 MB (2 VectorGeneral, 0 > 1 MB) = 0 MB (16 total, 0 > 1 MB)
INDE TOTAL accumulated subspace error is 0.000000e+00
INDE TOTAL X square time: 0.008316 wall s
INDE TOTAL X trunction time: 0.001148 wall s
INDE TOTAL X purify (exl. X^2 computation) time: 0.000833 wall s
INDE TOTAL time to get number of non-zero elements: 0.000870 wall s
INDE TOTAL time to get mixed norm: 0.015071 wall s
INDE TOTAL time to get Frobenius norm: 0.000898 wall s
INDE TOTAL time for stopping criterion: 0.001186 wall s
INDE TOTAL time to get matrix trace: 0.000517 wall s
INDE Estimated bounds for the eigenvalues for the Fock matrix:
INDE LUMO: [ 0.209722572154 , 0.234425939497 ]
INDE HOMO: [ -0.321364758961 , -0.278452138853 ]
TIDE eigenvalue_bounds_estimation() took      0.00 usr cpu s       0.00 sys cpu s       0.00 wall s
TIDE Recursive expansion took      0.16 usr cpu s       0.61 sys cpu s       0.11 wall s
TIDE Puri->PurificationStart() took      0.16 usr cpu s       0.61 sys cpu s       0.11 wall s
TIDE Accumulated wall times for writeToFile in PurificationStart()          : 0 s (MatrixGeneral) + 4.1e-06 s (MatrixSymmetric) + 3.5e-05 s (VectorGeneral) = 3.9e-05 s
TIDE Accumulated wall times for readFromFile in PurificationStart()         : 0 s (MatrixGeneral) + 4.3e-06 s (MatrixSymmetric) + 1.8e-05 s (VectorGeneral) = 2.3e-05 s
TIDE Accumulated wall times for copy and assign in PurificationStart()      : 9.5e-07 s (MatrixSymmetric) + 3.3e-05 s (VectorGeneral) = 3.4e-05 s
INDE Number of calls to writeToFile in PurificationStart()                  : 2 (MatrixGeneral) + 27 (MatrixSymmetric) + 383 (VectorGeneral) = 412 
INDE Number of calls to readFromFile in PurificationStart()                 : 2 (MatrixGeneral) + 26 (MatrixSymmetric) + 175 (VectorGeneral) = 203 
INDE Number of calls to FileWritable copy and assign in PurificationStart() : 2 (MatrixSymmetric) + 24 (VectorGeneral) = 26 
TIDE mat::Gblas::time after purification :     0.554634
INDE Created .m files with results of the purification
INDE Purification converged OK, subspaceError <=          0.00000000000
INDE E(LUMO) - E(HOMO) >=          0.48817471101 =         13.28391068024 eV
INDE E(LUMO) - E(HOMO) <=          0.55579069846 =         15.12383543995 eV
INDE HOMO interval : [   -0.321364758961   -0.278452138853 ]
INDE LUMO interval : [    0.209722572154    0.234425939497 ]
INDE Trace of resulting density matrix is         47.00000000000, error is   0.00000000000000.
INDE Truncated D_ort ( mixed ), selected threshold = 9.99999e-08, returned error =          0, nnz before = 5329 <-> 100.0000 %, nnz after = 5329 <-> 100.0000 %
TIDE FileWritable::writeAndReadAll took      0.00 usr cpu s       0.00 sys cpu s       0.00 wall s
INDE writeAndReadAll sizesStr: '0 MB (1 MatrixGeneral, 0 > 1 MB) + 0 MB (12 MatrixSymmetric, 0 > 1 MB) + 0 MB (1 MatrixTriangular, 0 > 1 MB) = 0 MB (14 total, 0 > 1 MB)
TIDE D_w to non-orthogonal basis took      0.00 usr cpu s       0.00 sys cpu s       0.00 wall s
INDE Truncated D_S (eucl with Z), selected threshold = 9.99999e-08, returned error =          0, nnz before = 100.0000 %, nnz after = 100.0000 %
INDE get_dens_from_fock_sparse ending OK
TIDE get_dens_from_fock_sparse took      0.18 usr cpu s       0.73 sys cpu s       0.13 wall s
ERDE get_dens_from_fock  (GetDensFromFock class) : purification finished OK.
TIDE get_dens_from_fock took      0.18 usr cpu s       0.74 sys cpu s       0.13 wall s
INSC Matrix 'new density matrix' ( symm ): n =     73, nnz =         5329 <-> 100.00 %, mem usage  0.0000 G
INSC Tr( D * S ) =         94.00000000000
TISC get_new_density_matrix took      0.18 usr cpu s       0.74 sys cpu s       0.13 wall s
INSC SCF_restricted::report_density_difference, diff_eucl =          0.00007077287
TISC SCF_restricted::report_density_difference took      0.01 usr cpu s       0.02 sys cpu s       0.00 wall s
INMA ddf_writeShellListAndDensityMatricesToFile_sparse, n =     73, densityMatrixList[0].nvalues =        2701
INMA opened temporary file 'density.bin.ZXFZlY' for writing
INMA Choosing matrixStorageType = MATRIX_STORAGE_TYPE_TRIANGLE.
INMA fileSize =           46848 bytes =      0.047 MegaBytes
INMA renamed file 'density.bin.ZXFZlY' to 'density.bin'
INMA ddf_writeShellListAndDensityMatricesToFile_sparse freeing buffer.
INMA ddf_writeShellListAndDensityMatricesToFile_sparse returning OK.
TISC write_density_to_file took      0.01 usr cpu s       0.03 sys cpu s       0.01 wall s
INSC SCF cycle  15 finished.
TISC SCF cycle  15 took      7.41 usr cpu s       1.31 sys cpu s       2.14 wall s
INSC Beginning of SCF cycle 16:  Thu Mar 26 20:00:32 2026
INDE compute_J_by_boxes_sparse() start.
TIDE FileWritable::writeAndReadAll took      0.00 usr cpu s       0.00 sys cpu s       0.00 wall s
INDE writeAndReadAll: '0 MB (1 MatrixGeneral, 0 > 1 MB) + 0 MB (11 MatrixSymmetric, 0 > 1 MB) = 0 MB (12 total, 0 > 1 MB)
IN   compute_J_by_boxes_sparse, maxDensityMatrixElement =          2.11091343542
ININ get_basis_func_pair_list, n =     73
ININ create_box_system end OK, toplevelBoxSize:   7.0, #levels:  3, #boxes at top level:      6
TIIN get_basis_func_pair_list_2el took      0.07 usr cpu s       0.14 sys cpu s       0.03 wall s
IN   compute_J_by_boxes_sparse: noOfBasisFuncIndexPairs = 2598 ==> storing  48.75 % of a full matrix
ININ entering compute_J_by_boxes_linear, no of basis funcs =    73, threshold_J =   1e-12
ININ use_fmm = 1, fmm_box_size =   5.00
TIIN Compute extent for all distrs took      0.05 usr cpu s       0.02 sys cpu s       0.05 wall s
ININ extent_min =    0.000, extent_max =    8.395
ININ Creating list of distributions etc done, distrCount =     36059
TIIN Creating list of distributions etc took      0.14 usr cpu s       0.26 sys cpu s       0.09 wall s
ININ create_box_system end OK, toplevelBoxSize:   5.0, #levels:  3, #boxes at top level:     10
TIIN Creating boxes took      0.00 usr cpu s       0.00 sys cpu s       0.00 wall s
ININ noOfBranches = 4, splitters:   5.00  2.50  0.00
ININ J org done, groupCount =     3008
TIIN J org took      0.12 usr cpu s       0.00 sys cpu s       0.12 wall s
TIIN Generate group multipoles took      0.09 usr cpu s       0.00 sys cpu s       0.09 wall s
ININ totChargeWholeSystem =          0.00000000000
ININ Generating multipole for each branch at top level, MAX_MULTIPOLE_DEGREE = 15
TIIN Translate multipoles (step 1) took      0.10 usr cpu s       0.00 sys cpu s       0.10 wall s
TIIN Translate multipoles (step 2) took      0.07 usr cpu s       0.00 sys cpu s       0.07 wall s
ININ job lists for J created OK, noOfJobs_J_standard =      759, noOfJobs_J_multipole =      122
TIIN Creating job lists for J took      0.00 usr cpu s       0.00 sys cpu s       0.00 wall s
ININ execute_joblist_J_std_threaded, noOfThreads =  8
ININ 8 threads started OK.
ININ all 8 threads have finished.
TIIN execute_joblist_J_std_threaded took      3.59 usr cpu s       0.00 sys cpu s       0.64 wall s
TIIN sort_list_of_multipole_jobs init part took      0.00 usr cpu s       0.00 sys cpu s       0.00 wall s
TIIN sort_list_of_multipole_jobs complete took      0.00 usr cpu s       0.00 sys cpu s       0.00 wall s
TIIN sort_list_of_multipole_jobs took      0.00 usr cpu s       0.00 sys cpu s       0.00 wall s
ININ execute_joblist_J_fmm_shared: Allocating multipoleList_4, maxnoOfMinimalDistrsPerBoxBranch =      7533
ININ execute_joblist_J_fmm_shared: Allocating multipoleList_4, maxnoOfMinimalDistrsPerBoxBranch =      7533
ININ execute_joblist_J_fmm_shared: jobIndexLo =            0, jobIndexHi =           15
ININ execute_joblist_J_fmm_shared: Allocating multipoleList_4, maxnoOfMinimalDistrsPerBoxBranch =      7533
ININ execute_joblist_J_fmm_shared: jobIndexLo =           15, jobIndexHi =           30
ININ execute_joblist_J_fmm_shared: jobIndexLo =           30, jobIndexHi =           45
ININ execute_joblist_J_fmm_shared: Allocating multipoleList_4, maxnoOfMinimalDistrsPerBoxBranch =      7533
ININ execute_joblist_J_fmm_shared: jobIndexLo =           45, jobIndexHi =           61
ININ execute_joblist_J_fmm_shared: Allocating multipoleList_4, maxnoOfMinimalDistrsPerBoxBranch =      7533
ININ execute_joblist_J_fmm_shared: jobIndexLo =           61, jobIndexHi =           76
ININ execute_joblist_J_fmm_shared: Allocating multipoleList_4, maxnoOfMinimalDistrsPerBoxBranch =      7533
ININ execute_joblist_J_fmm_shared: jobIndexLo =           76, jobIndexHi =           91
ININ execute_joblist_J_fmm_shared: Allocating multipoleList_4, maxnoOfMinimalDistrsPerBoxBranch =      7533
ININ execute_joblist_J_fmm_shared: jobIndexLo =           91, jobIndexHi =          106
ININ execute_joblist_J_fmm_shared: Allocating multipoleList_4, maxnoOfMinimalDistrsPerBoxBranch =      7533
ININ execute_joblist_J_fmm_shared: jobIndexLo =          106, jobIndexHi =          122
ININ execute_joblist_J_fmm_shared: done!
ININ execute_joblist_J_fmm_shared: done!
ININ execute_joblist_J_fmm_shared: done!
ININ execute_joblist_J_fmm_shared: done!
ININ execute_joblist_J_fmm_shared: done!
ININ execute_joblist_J_fmm_shared: done!
ININ execute_joblist_J_fmm_shared: done!
ININ execute_joblist_J_fmm_shared: done!
ININ multipole job list for J executed, largest L used: 13
TIIN Executing multipole job list for J took      0.06 usr cpu s       0.00 sys cpu s       0.04 wall s
ININ compute_J_by_boxes_linear ending OK.
TIIN compute_J_by_boxes_linear took      4.17 usr cpu s       0.27 sys cpu s       1.15 wall s
TI   compute_J_by_boxes_sparse total took      4.24 usr cpu s       0.41 sys cpu s       1.18 wall s
ININ entering create_CSR_for_K, no of basis funcs =    73, threshold_K =   1e-12
ININ create_box_system end OK, toplevelBoxSize:   7.0, #levels:  3, #boxes at top level:      6
ININ create_box_system end OK, toplevelBoxSize:   7.0, #levels:  3, #boxes at top level:      6
ININ create_box_system end OK, toplevelBoxSize:   7.0, #levels:  3, #boxes at top level:      6
TIIN create_CSR_for_K getting list of distrs took      0.05 usr cpu s       0.00 sys cpu s       0.05 wall s
ININ list of neighbors complete.
TIIN create_CSR_for_K getting list of neighbors took      0.00 usr cpu s       0.00 sys cpu s       0.00 wall s
TIIN create_CSR_for_K sort each list of neighbors took      0.00 usr cpu s       0.00 sys cpu s       0.00 wall s
ININ 8 threads started OK.
TIIN identify_needed_elements() took      0.74 usr cpu s       0.00 sys cpu s       0.10 wall s
ININ computing nnz..
ININ create_CSR_for_K: predicted nnz =         2701, <->  50.68% of a full matrix
TIIN create_CSR_for_K last part took      0.00 usr cpu s       0.00 sys cpu s       0.00 wall s
TIIN create_CSR_for_K total took      0.79 usr cpu s       0.00 sys cpu s       0.15 wall s
ININ entering compute_K_by_boxes, no of basis funcs =    73, threshold_K =   1e-12, exchange_box_size =   5.00
ININ create_box_system end OK, toplevelBoxSize:   7.0, #levels:  3, #boxes at top level:      6
ININ create_box_system end OK, toplevelBoxSize:   7.0, #levels:  3, #boxes at top level:      6
ININ create_box_system end OK, toplevelBoxSize:   7.0, #levels:  3, #boxes at top level:      6
TIIN Compute extent for all distrs took      0.05 usr cpu s       0.00 sys cpu s       0.05 wall s
ININ Creating list of distributions done, distrCountTot =     36059
TIIN Creating list of distributions took      0.09 usr cpu s       0.00 sys cpu s       0.09 wall s
ININ create_box_system end OK, toplevelBoxSize:   5.0, #levels:  3, #boxes at top level:     10
ININ create_box_system end OK, toplevelBoxSize:   2.5, #levels:  4, #boxes at top level:     16
ININ noOfLevelsBasisFuncs = 4, noOfLevelsDiff = 1
TIIN Creating boxes etc took      0.00 usr cpu s       0.00 sys cpu s       0.00 wall s
TIIN getting multipoleNormVectorList took      0.08 usr cpu s       0.00 sys cpu s       0.08 wall s
TIIN K organize_distributions for all boxes took      0.12 usr cpu s       0.00 sys cpu s       0.12 wall s
ININ starting loop to setup basisFuncGroupInfoList, with added index checks.
TIIN GetLimitsAllLevels took      0.03 usr cpu s       0.00 sys cpu s       0.03 wall s
ININ getDmatLimitMatrixCSRList start.
TIIN getting densityMatrixLimitMatrixList took      0.00 usr cpu s       0.00 sys cpu s       0.00 wall s
ININ job list for K created,       55 jobs
TIIN creating job list for K took      0.00 usr cpu s       0.00 sys cpu s       0.00 wall s
ININ execute_joblist_K_threaded, noOfThreads =  8, basisFuncListCount_max =    67
ININ 8 threads started OK.
ININ all 8 threads have finished, took        1 wall s.
TIIN Executing job list for K took      2.07 usr cpu s       0.00 sys cpu s       0.48 wall s
TIIN compute_K_by_boxes took      2.39 usr cpu s       0.00 sys cpu s       0.80 wall s
TI   compute_K_by_boxes_sparse total took      3.18 usr cpu s       0.00 sys cpu s       0.95 wall s
INSC About to truncate FockMatrix, gap of Fprev >=          0.48817471101
TISC symmMatrix::mixed_diff for F vs Fprev maxEigValMovement_mixed took      0.00 usr cpu s       0.00 sys cpu s       0.00 wall s
TISC symmMatrix::eucl_diff for maxEigValMovement_eucl  took      0.01 usr cpu s       0.03 sys cpu s       0.01 wall s
INSC maxEigValMovement_frob  =          0.00004370699
INSC maxEigValMovement_mixed =          0.00003927116
INSC maxEigValMovement_eucl  =          0.00001984832
TISC FockMatrix.eucl_thresh() (with Z) took      0.00 usr cpu s       0.01 sys cpu s       0.00 wall s
INSC Truncated FockMatrix (eucl with Z), selected threshold = 4.88135e-08, returned error =          0, nnz before = 100.0000 %, nnz after = 100.0000 %
INSC Matrix 'S' ( symm ): n =     73, nnz =         5329 <-> 100.00 %, mem usage  0.0000 G
INSC Matrix 'F' ( symm ): n =     73, nnz =         5329 <-> 100.00 %, mem usage  0.0000 G
INSC Matrix 'D' ( symm ): n =     73, nnz =         5329 <-> 100.00 %, mem usage  0.0000 G
INSC nuclearEnergy, energy_2el, energy = 782.160484, 1010.855895, -636.642060
INSC Energy  16 =       -636.64205981284  ( diff     -0.000000003287369 )
INSC calling compute_FDSminusSDF_sparse, n = 73
INDE compute_FDSminusSDF_sparse() start.
TIDE FileWritable::writeAndReadAll took      0.00 usr cpu s       0.00 sys cpu s       0.00 wall s
INDE writeAndReadAll: '0 MB (1 MatrixGeneral, 0 > 1 MB) + 0 MB (9 MatrixSymmetric, 0 > 1 MB) = 0 MB (10 total, 0 > 1 MB)
TISC compute_FDSminusSDF_sparse, F*D mult took      0.00 usr cpu s       0.00 sys cpu s       0.00 wall s
INSC Matrix 'FD before eucl truncation' (normal): n =     73, nnz =         5329 <-> 100.00 %, mem usage  0.0000 G
INSC Matrix 'FD after  eucl truncation' (normal): n =     73, nnz =         5329 <-> 100.00 %, mem usage  0.0000 G
INSC Matrix 'FDS before eucl truncation' (normal): n =     73, nnz =         5329 <-> 100.00 %, mem usage  0.0000 G
INSC Matrix 'FDS after  eucl truncation' (normal): n =     73, nnz =         5329 <-> 100.00 %, mem usage  0.0000 G
INSC compute_FDSminusSDF_sparse ending OK.
TISC compute_FDSminusSDF_sparse took      0.01 usr cpu s       0.01 sys cpu s       0.00 wall s
INSC Matrix 'FDS-SDF' (normal): n =     73, nnz =         5329 <-> 100.00 %, mem usage  0.0000 G
INSC SCF_restricted::get_FDSminusSDF finished.
TISC get_FDSminusSDF took      0.01 usr cpu s       0.01 sys cpu s       0.00 wall s
INSC maxabs FDS-SDF is 6.04e-06
INSC frob   FDS-SDF is    3e-05
TISC get_error_measure took      0.00 usr cpu s       0.00 sys cpu s       0.00 wall s
INSC entering DIISManagerRestricted::AddIterationToList, IterCount =  8
INSC DIISManagerRestricted::AddIterationToList ending OK.
TISC DIISManagerRestricted::AddIterationToList took      0.00 usr cpu s       0.00 sys cpu s       0.00 wall s
INSC using DIIS to get combined Fock matrix, number of iters used for DIIS:  9
TISC clear_error_matrices took      0.00 usr cpu s       0.00 sys cpu s       0.00 wall s
TISC save_current_fock_as_fprev took      0.00 usr cpu s       0.00 sys cpu s       0.00 wall s
INDE get_dens_from_fock_general, n = 73, use_diagonalization = 0, use_diag_on_error = 1
INDE Before writeAndReadAll(): AllocatorManager statistics:  noOfRealsPerBuffer: 1024 noOfBuffers: 20000 list.size(): 1. Allocated: 0.164 GB, Used: 0.000811 GB, Peak alloc: 0.164 GB.
TIDE FileWritable::writeAndReadAll took      0.00 usr cpu s       0.00 sys cpu s       0.00 wall s
INDE writeAndReadAll sizesStr: '0 MB (1 MatrixGeneral, 0 > 1 MB) + 0 MB (7 MatrixSymmetric, 0 > 1 MB) = 0 MB (8 total, 0 > 1 MB)
INDE After writeAndReadAll(): AllocatorManager statistics:  noOfRealsPerBuffer: 1024 noOfBuffers: 20000 list.size(): 1. Allocated: 0.164 GB, Used: 0.000811 GB, Peak alloc: 0.164 GB.
INDE calling get_dens_from_fock_sparse, n =     73, subspaceErrorLimit = 1e-06
INDE get_dens_from_fock_sparse() start!
INDE After F.readFromFile(): AllocatorManager statistics:  noOfRealsPerBuffer: 1024 noOfBuffers: 20000 list.size(): 1. Allocated: 0.164 GB, Used: 0.000811 GB, Peak alloc: 0.164 GB.
INDE After creating wrapper MatrixType F_w(F): AllocatorManager statistics:  noOfRealsPerBuffer: 1024 noOfBuffers: 20000 list.size(): 1. Allocated: 0.164 GB, Used: 0.000836 GB, Peak alloc: 0.164 GB.
TIDE  F_w to orthogonal basis took      0.00 usr cpu s       0.00 sys cpu s       0.00 wall s
TIDE MatrixType::mixed_diff for maxEigValMovement_mixed took      0.00 usr cpu s       0.01 sys cpu s       0.00 wall s
TIDE symmMatrixWrap::eucl_diff for maxEigValMovement_eucl  took      0.01 usr cpu s       0.04 sys cpu s       0.01 wall s
INDE maxEigValMovement_frob  =          0.00004578282
INDE maxEigValMovement_mixed =          0.00003972592
INDE maxEigValMovement_eucl  =          0.00001510198
INDE lumo before truncation: [ 0.209707470176 , 0.234441041474 ]
INDE homo before truncation: [ -0.321379860939 , -0.278437036875 ]
INDE Truncate matrix F and update intervals for homo and lumo.
INDE Truncating F_ort ( mixed ), selected threshold = 4.88144e-08
INDE Truncated F_ort ( mixed ), selected threshold = 4.88144e-08, returned error =          0, nnz before = 100.0000 %, nnz after = 100.0000 %
TIDE Truncation of F_ort took      0.00 usr cpu s       0.00 sys cpu s       0.00 wall s
INDE Chosen Ergo Wrapper
INDE Creating purification object: N = 73 , nocc = 47 , NNZ = 5329  <-> 100.00000 %
INDE Chosen norm for the truncation: 
INDE mixed
INDE Chosen norm for the stopping criterion: 
INDE mixed
INDE Chosen the NEW stopping criterion.
INDE Allowed error in subspace 7.000000e-07
INDE Chosen SP2 purification method
INDE calling Puri->PurificationStart(), number of threads = 1, trunc norm 'mixed'
TIDE gershgorin took      0.00 usr cpu s       0.00 sys cpu s       0.00 wall s
INDE Gershgorin bounds: [ -24.388273473648 , 5.987651306051 ]
INDE EXPANDED Gershgorin bounds: [ -24.388273488550 , 5.987651320952 ]
INDE Trying to impove bounds using Lanczos algorithm...
TIDE compute_spectrum_bounds took      0.05 usr cpu s       0.19 sys cpu s       0.03 wall s
INDE Spectrum of F: 	 [ -20.320306068719 , 1.134628867316 ]
INDE Transform homo and lumo bounds...
INDE HOMO bounds of X: 	 [ 0.065862045651 , 0.067863581623 ]
INDE LUMO bounds of X: 	 [ 0.041957145455 , 0.043109960477 ]
INDE INIT LUMO: [ 0.041957145455 , 0.043109960477 ]
INDE INIT HOMO: [ 0.932136418377 , 0.934137954349 ]
INDE ESTIMATED NUMBER OF ITERATIONS IS 24
INDE Put eigenvalues of F to the interval [0,1] in reverse order.
TIDE compute_X() took      0.00 usr cpu s       0.00 sys cpu s       0.00 wall s
TIDE prepare_to_purification() took      0.05 usr cpu s       0.19 sys cpu s       0.03 wall s
INDE (EIGV,PARAMS) Requested 0 occipied eigenpair(s).
INDE (EIGV,PARAMS) Requested 0 unoccipied eigenpair(s).
TIDE prepare_to_purification_eigenvectors() took      0.00 usr cpu s       0.00 sys cpu s       0.00 wall s
INDE Starting recursive expansion
INDE     BEFORE ITERATIONS:
TIDE truncate_matrix took      0.00 usr cpu s       0.00 sys cpu s       0.00 wall s
INDE Actual introduced error   0.000000e+00 : nnz before  5329 <-> 100.00 % , nnz after  5329 <-> 100.00 %
TIDE square took      0.00 usr cpu s       0.00 sys cpu s       0.00 wall s
INDE NNZ Xsq = 5329 <-> 100.00 %
TIDE Frobenius norm of X-X^2 took      0.00 usr cpu s       0.00 sys cpu s       0.00 wall s
TIDE Mixed norm of X-X^2 took      0.00 usr cpu s       0.00 sys cpu s       0.00 wall s
TIDE Trace of X-X^2 took      0.00 usr cpu s       0.00 sys cpu s       0.00 wall s
INDE ||X-X^2||_F = 8.726919e-01 , ||X-X^2||_mixed = 6.497861e-01
INDE trace(X-X^2) = 5.359276e+00
INDE trace(X) = 1.253024e+01
TIDE Iteration 0 took      0.00 usr cpu s       0.01 sys cpu s       0.00 wall s
TIDE FileWritable::writeAndReadAll took      0.00 usr cpu s       0.00 sys cpu s       0.00 wall s
INDE writeAndReadAll sizesStr: '0 MB (1 MatrixGeneral, 0 > 1 MB) + 0 MB (13 MatrixSymmetric, 0 > 1 MB) + 0 MB (2 VectorGeneral, 0 > 1 MB) = 0 MB (16 total, 0 > 1 MB)
INDE     ITERATION 1 :
TIDE purify_X took      0.00 usr cpu s       0.00 sys cpu s       0.00 wall s
TIDE truncate_matrix took      0.00 usr cpu s       0.00 sys cpu s       0.00 wall s
INDE Actual introduced error   0.000000e+00 : nnz before  5329 <-> 100.00 % , nnz after  5329 <-> 100.00 %
TIDE square took      0.00 usr cpu s       0.00 sys cpu s       0.00 wall s
INDE NNZ Xsq = 5329 <-> 100.00 %
TIDE Frobenius norm of X-X^2 took      0.00 usr cpu s       0.00 sys cpu s       0.00 wall s
TIDE Mixed norm of X-X^2 took      0.00 usr cpu s       0.01 sys cpu s       0.00 wall s
TIDE Trace of X-X^2 took      0.00 usr cpu s       0.00 sys cpu s       0.00 wall s
INDE ||X-X^2||_F = 9.393545e-01 , ||X-X^2||_mixed = 7.167172e-01
INDE trace(X-X^2) = 6.947176e+00
INDE trace(X) = 1.788951e+01
TIDE Iteration 1 took      0.00 usr cpu s       0.01 sys cpu s       0.00 wall s
INDE     ITERATION 2 :
TIDE purify_X took      0.00 usr cpu s       0.00 sys cpu s       0.00 wall s
TIDE truncate_matrix took      0.00 usr cpu s       0.00 sys cpu s       0.00 wall s
INDE Actual introduced error   0.000000e+00 : nnz before  5329 <-> 100.00 % , nnz after  5329 <-> 100.00 %
TIDE square took      0.00 usr cpu s       0.00 sys cpu s       0.00 wall s
INDE NNZ Xsq = 5329 <-> 100.00 %
TIDE Frobenius norm of X-X^2 took      0.00 usr cpu s       0.00 sys cpu s       0.00 wall s
TIDE Mixed norm of X-X^2 took      0.00 usr cpu s       0.01 sys cpu s       0.00 wall s
TIDE Trace of X-X^2 took      0.00 usr cpu s       0.00 sys cpu s       0.00 wall s
INDE ||X-X^2||_F = 1.278729e+00 , ||X-X^2||_mixed = 9.883871e-01
INDE trace(X-X^2) = 9.180782e+00
INDE trace(X) = 2.483669e+01
INDE Checking stopping criterion...   
INDE Order of convergence cannot be computed
TIDE stopping_criterion took      0.00 usr cpu s       0.00 sys cpu s       0.00 wall s
TIDE Iteration 2 took      0.00 usr cpu s       0.01 sys cpu s       0.00 wall s
INDE     ITERATION 3 :
TIDE purify_X took      0.00 usr cpu s       0.00 sys cpu s       0.00 wall s
TIDE truncate_matrix took      0.00 usr cpu s       0.00 sys cpu s       0.00 wall s
INDE Actual introduced error   0.000000e+00 : nnz before  5329 <-> 100.00 % , nnz after  5329 <-> 100.00 %
TIDE square took      0.00 usr cpu s       0.00 sys cpu s       0.00 wall s
INDE NNZ Xsq = 5329 <-> 100.00 %
TIDE Frobenius norm of X-X^2 took      0.00 usr cpu s       0.00 sys cpu s       0.00 wall s
TIDE Mixed norm of X-X^2 took      0.00 usr cpu s       0.01 sys cpu s       0.00 wall s
TIDE Trace of X-X^2 took      0.00 usr cpu s       0.00 sys cpu s       0.00 wall s
INDE ||X-X^2||_F = 1.590085e+00 , ||X-X^2||_mixed = 1.196470e+00
INDE trace(X-X^2) = 1.156537e+01
INDE trace(X) = 3.401747e+01
INDE Checking stopping criterion...   
INDE Order of convergence cannot be computed
TIDE stopping_criterion took      0.00 usr cpu s       0.00 sys cpu s       0.00 wall s
TIDE Iteration 3 took      0.00 usr cpu s       0.01 sys cpu s       0.00 wall s
INDE     ITERATION 4 :
TIDE purify_X took      0.00 usr cpu s       0.00 sys cpu s       0.00 wall s
TIDE truncate_matrix took      0.00 usr cpu s       0.00 sys cpu s       0.00 wall s
INDE Actual introduced error   0.000000e+00 : nnz before  5329 <-> 100.00 % , nnz after  5329 <-> 100.00 %
TIDE square took      0.00 usr cpu s       0.00 sys cpu s       0.00 wall s
INDE NNZ Xsq = 5329 <-> 100.00 %
TIDE Frobenius norm of X-X^2 took      0.00 usr cpu s       0.00 sys cpu s       0.00 wall s
TIDE Mixed norm of X-X^2 took      0.00 usr cpu s       0.00 sys cpu s       0.00 wall s
TIDE Trace of X-X^2 took      0.00 usr cpu s       0.00 sys cpu s       0.00 wall s
INDE ||X-X^2||_F = 1.468983e+00 , ||X-X^2||_mixed = 1.076604e+00
INDE trace(X-X^2) = 1.099371e+01
INDE trace(X) = 4.558284e+01
INDE Checking stopping criterion...   
INDE Order of convergence cannot be computed
TIDE stopping_criterion took      0.00 usr cpu s       0.00 sys cpu s       0.00 wall s
TIDE Iteration 4 took      0.01 usr cpu s       0.00 sys cpu s       0.00 wall s
INDE     ITERATION 5 :
TIDE purify_X took      0.00 usr cpu s       0.00 sys cpu s       0.00 wall s
TIDE truncate_matrix took      0.00 usr cpu s       0.00 sys cpu s       0.00 wall s
INDE Actual introduced error   0.000000e+00 : nnz before  5329 <-> 100.00 % , nnz after  5329 <-> 100.00 %
TIDE square took      0.00 usr cpu s       0.00 sys cpu s       0.00 wall s
INDE NNZ Xsq = 5329 <-> 100.00 %
TIDE Frobenius norm of X-X^2 took      0.00 usr cpu s       0.00 sys cpu s       0.00 wall s
TIDE Mixed norm of X-X^2 took      0.00 usr cpu s       0.01 sys cpu s       0.00 wall s
TIDE Trace of X-X^2 took      0.00 usr cpu s       0.00 sys cpu s       0.00 wall s
INDE ||X-X^2||_F = 1.474468e+00 , ||X-X^2||_mixed = 1.142927e+00
INDE trace(X-X^2) = 1.012541e+01
INDE trace(X) = 3.458913e+01
INDE Checking stopping criterion...   
INDE Order of convergence cannot be computed
TIDE stopping_criterion took      0.00 usr cpu s       0.00 sys cpu s       0.00 wall s
TIDE Iteration 5 took      0.00 usr cpu s       0.01 sys cpu s       0.00 wall s
INDE     ITERATION 6 :
TIDE purify_X took      0.00 usr cpu s       0.00 sys cpu s       0.00 wall s
TIDE truncate_matrix took      0.00 usr cpu s       0.00 sys cpu s       0.00 wall s
INDE Actual introduced error   0.000000e+00 : nnz before  5329 <-> 100.00 % , nnz after  5329 <-> 100.00 %
TIDE square took      0.00 usr cpu s       0.00 sys cpu s       0.00 wall s
INDE NNZ Xsq = 5329 <-> 100.00 %
TIDE Frobenius norm of X-X^2 took      0.00 usr cpu s       0.00 sys cpu s       0.00 wall s
TIDE Mixed norm of X-X^2 took      0.00 usr cpu s       0.00 sys cpu s       0.00 wall s
TIDE Trace of X-X^2 took      0.00 usr cpu s       0.00 sys cpu s       0.00 wall s
INDE ||X-X^2||_F = 1.188985e+00 , ||X-X^2||_mixed = 9.030546e-01
INDE trace(X-X^2) = 8.455417e+00
INDE trace(X) = 4.471455e+01
INDE Checking stopping criterion...   
INDE Order of convergence cannot be computed
TIDE stopping_criterion took      0.00 usr cpu s       0.00 sys cpu s       0.00 wall s
TIDE Iteration 6 took      0.00 usr cpu s       0.01 sys cpu s       0.00 wall s
INDE     ITERATION 7 :
TIDE purify_X took      0.00 usr cpu s       0.00 sys cpu s       0.00 wall s
TIDE truncate_matrix took      0.00 usr cpu s       0.00 sys cpu s       0.00 wall s
INDE Actual introduced error   0.000000e+00 : nnz before  5329 <-> 100.00 % , nnz after  5329 <-> 100.00 %
TIDE square took      0.00 usr cpu s       0.00 sys cpu s       0.00 wall s
INDE NNZ Xsq = 5329 <-> 100.00 %
TIDE Frobenius norm of X-X^2 took      0.00 usr cpu s       0.00 sys cpu s       0.00 wall s
TIDE Mixed norm of X-X^2 took      0.00 usr cpu s       0.00 sys cpu s       0.00 wall s
TIDE Trace of X-X^2 took      0.00 usr cpu s       0.00 sys cpu s       0.00 wall s
INDE ||X-X^2||_F = 1.310622e+00 , ||X-X^2||_mixed = 1.044187e+00
INDE trace(X-X^2) = 8.295660e+00
INDE trace(X) = 3.625913e+01
INDE Checking stopping criterion...   
INDE Order of convergence cannot be computed
TIDE stopping_criterion took      0.00 usr cpu s       0.00 sys cpu s       0.00 wall s
TIDE Iteration 7 took      0.00 usr cpu s       0.00 sys cpu s       0.00 wall s
INDE     ITERATION 8 :
TIDE purify_X took      0.00 usr cpu s       0.00 sys cpu s       0.00 wall s
TIDE truncate_matrix took      0.00 usr cpu s       0.00 sys cpu s       0.00 wall s
INDE Actual introduced error   0.000000e+00 : nnz before  5329 <-> 100.00 % , nnz after  5329 <-> 100.00 %
TIDE square took      0.00 usr cpu s       0.00 sys cpu s       0.00 wall s
INDE NNZ Xsq = 5329 <-> 100.00 %
TIDE Frobenius norm of X-X^2 took      0.00 usr cpu s       0.00 sys cpu s       0.00 wall s
TIDE Mixed norm of X-X^2 took      0.00 usr cpu s       0.00 sys cpu s       0.00 wall s
TIDE Trace of X-X^2 took      0.00 usr cpu s       0.00 sys cpu s       0.00 wall s
INDE ||X-X^2||_F = 8.779952e-01 , ||X-X^2||_mixed = 7.019868e-01
INDE trace(X-X^2) = 5.519982e+00
INDE trace(X) = 4.455479e+01
INDE Checking stopping criterion...   
INDE e_i =7.019868e-01, C*e_{i-1}^q = 5.616564e+00
INDE Order of convergence = 22.393388, stop = 0
TIDE stopping_criterion took      0.00 usr cpu s       0.00 sys cpu s       0.00 wall s
TIDE Iteration 8 took      0.00 usr cpu s       0.01 sys cpu s       0.00 wall s
INDE     ITERATION 9 :
TIDE purify_X took      0.00 usr cpu s       0.00 sys cpu s       0.00 wall s
TIDE truncate_matrix took      0.00 usr cpu s       0.00 sys cpu s       0.00 wall s
INDE Actual introduced error   0.000000e+00 : nnz before  5329 <-> 100.00 % , nnz after  5329 <-> 100.00 %
TIDE square took      0.00 usr cpu s       0.00 sys cpu s       0.00 wall s
INDE NNZ Xsq = 5329 <-> 100.00 %
TIDE Frobenius norm of X-X^2 took      0.00 usr cpu s       0.00 sys cpu s       0.00 wall s
TIDE Mixed norm of X-X^2 took      0.00 usr cpu s       0.01 sys cpu s       0.00 wall s
TIDE Trace of X-X^2 took      0.00 usr cpu s       0.00 sys cpu s       0.00 wall s
INDE ||X-X^2||_F = 1.082335e+00 , ||X-X^2||_mixed = 8.902105e-01
INDE trace(X-X^2) = 6.171466e+00
INDE trace(X) = 3.903481e+01
INDE Checking stopping criterion...   
INDE Order of convergence cannot be computed
TIDE stopping_criterion took      0.00 usr cpu s       0.00 sys cpu s       0.00 wall s
TIDE Iteration 9 took      0.00 usr cpu s       0.01 sys cpu s       0.00 wall s
INDE     ITERATION 10 :
TIDE purify_X took      0.00 usr cpu s       0.00 sys cpu s       0.00 wall s
TIDE truncate_matrix took      0.00 usr cpu s       0.00 sys cpu s       0.00 wall s
INDE Actual introduced error   0.000000e+00 : nnz before  5329 <-> 100.00 % , nnz after  5329 <-> 100.00 %
TIDE square took      0.00 usr cpu s       0.00 sys cpu s       0.00 wall s
INDE NNZ Xsq = 5329 <-> 100.00 %
TIDE Frobenius norm of X-X^2 took      0.00 usr cpu s       0.00 sys cpu s       0.00 wall s
TIDE Mixed norm of X-X^2 took      0.00 usr cpu s       0.01 sys cpu s       0.00 wall s
TIDE Trace of X-X^2 took      0.00 usr cpu s       0.00 sys cpu s       0.00 wall s
INDE ||X-X^2||_F = 5.862054e-01 , ||X-X^2||_mixed = 4.989164e-01
INDE trace(X-X^2) = 3.053031e+00
INDE trace(X) = 4.520627e+01
INDE Checking stopping criterion...   
INDE e_i =4.989164e-01, C*e_{i-1}^q = 3.393912e+00
INDE Order of convergence = 7.418540, stop = 0
TIDE stopping_criterion took      0.00 usr cpu s       0.00 sys cpu s       0.00 wall s
TIDE Iteration 10 took      0.00 usr cpu s       0.01 sys cpu s       0.00 wall s
INDE     ITERATION 11 :
TIDE purify_X took      0.00 usr cpu s       0.00 sys cpu s       0.00 wall s
TIDE truncate_matrix took      0.00 usr cpu s       0.00 sys cpu s       0.00 wall s
INDE Actual introduced error   0.000000e+00 : nnz before  5329 <-> 100.00 % , nnz after  5329 <-> 100.00 %
TIDE square took      0.00 usr cpu s       0.00 sys cpu s       0.00 wall s
INDE NNZ Xsq = 5329 <-> 100.00 %
TIDE Frobenius norm of X-X^2 took      0.00 usr cpu s       0.00 sys cpu s       0.00 wall s
TIDE Mixed norm of X-X^2 took      0.00 usr cpu s       0.00 sys cpu s       0.00 wall s
TIDE Trace of X-X^2 took      0.00 usr cpu s       0.00 sys cpu s       0.00 wall s
INDE ||X-X^2||_F = 7.909356e-01 , ||X-X^2||_mixed = 6.867950e-01
INDE trace(X-X^2) = 3.919276e+00
INDE trace(X) = 4.215324e+01
INDE Checking stopping criterion...   
INDE e_i =6.867950e-01, C*e_{i-1}^q = 5.457932e+00
INDE Order of convergence = 19.823191, stop = 0
TIDE stopping_criterion took      0.00 usr cpu s       0.00 sys cpu s       0.00 wall s
TIDE Iteration 11 took      0.00 usr cpu s       0.00 sys cpu s       0.00 wall s
INDE     ITERATION 12 :
TIDE purify_X took      0.00 usr cpu s       0.00 sys cpu s       0.00 wall s
TIDE truncate_matrix took      0.00 usr cpu s       0.00 sys cpu s       0.00 wall s
INDE Actual introduced error   0.000000e+00 : nnz before  5329 <-> 100.00 % , nnz after  5329 <-> 100.00 %
TIDE square took      0.00 usr cpu s       0.00 sys cpu s       0.00 wall s
INDE NNZ Xsq = 5329 <-> 100.00 %
TIDE Frobenius norm of X-X^2 took      0.00 usr cpu s       0.00 sys cpu s       0.00 wall s
TIDE Mixed norm of X-X^2 took      0.00 usr cpu s       0.00 sys cpu s       0.00 wall s
TIDE Trace of X-X^2 took      0.00 usr cpu s       0.00 sys cpu s       0.00 wall s
INDE ||X-X^2||_F = 3.238842e-01 , ||X-X^2||_mixed = 2.957370e-01
INDE trace(X-X^2) = 1.350786e+00
INDE trace(X) = 4.607252e+01
INDE Checking stopping criterion...   
INDE e_i =2.957370e-01, C*e_{i-1}^q = 1.714345e+00
INDE Order of convergence = 4.527360, stop = 0
TIDE stopping_criterion took      0.00 usr cpu s       0.00 sys cpu s       0.00 wall s
TIDE Iteration 12 took      0.00 usr cpu s       0.01 sys cpu s       0.00 wall s
INDE     ITERATION 13 :
TIDE purify_X took      0.00 usr cpu s       0.00 sys cpu s       0.00 wall s
TIDE truncate_matrix took      0.00 usr cpu s       0.00 sys cpu s       0.00 wall s
INDE Actual introduced error   0.000000e+00 : nnz before  5329 <-> 100.00 % , nnz after  5329 <-> 100.00 %
TIDE square took      0.00 usr cpu s       0.00 sys cpu s       0.00 wall s
INDE NNZ Xsq = 5329 <-> 100.00 %
TIDE Frobenius norm of X-X^2 took      0.00 usr cpu s       0.00 sys cpu s       0.00 wall s
TIDE Mixed norm of X-X^2 took      0.00 usr cpu s       0.01 sys cpu s       0.00 wall s
TIDE Trace of X-X^2 took      0.00 usr cpu s       0.00 sys cpu s       0.00 wall s
INDE ||X-X^2||_F = 2.390504e-01 , ||X-X^2||_mixed = 2.302235e-01
INDE trace(X-X^2) = 5.637623e-01
INDE trace(X) = 4.742330e+01
INDE Checking stopping criterion...   
INDE Order of convergence cannot be computed
TIDE stopping_criterion took      0.00 usr cpu s       0.00 sys cpu s       0.00 wall s
TIDE Iteration 13 took      0.00 usr cpu s       0.01 sys cpu s       0.00 wall s
INDE     ITERATION 14 :
TIDE purify_X took      0.00 usr cpu s       0.00 sys cpu s       0.00 wall s
TIDE truncate_matrix took      0.00 usr cpu s       0.00 sys cpu s       0.00 wall s
INDE Actual introduced error   0.000000e+00 : nnz before  5329 <-> 100.00 % , nnz after  5329 <-> 100.00 %
TIDE square took      0.00 usr cpu s       0.00 sys cpu s       0.00 wall s
INDE NNZ Xsq = 5329 <-> 100.00 %
TIDE Frobenius norm of X-X^2 took      0.00 usr cpu s       0.00 sys cpu s       0.00 wall s
TIDE Mixed norm of X-X^2 took      0.00 usr cpu s       0.01 sys cpu s       0.00 wall s
TIDE Trace of X-X^2 took      0.00 usr cpu s       0.00 sys cpu s       0.00 wall s
INDE ||X-X^2||_F = 9.500402e-02 , ||X-X^2||_mixed = 9.075824e-02
INDE trace(X-X^2) = 2.929327e-01
INDE trace(X) = 4.685954e+01
INDE Checking stopping criterion...   
INDE e_i =9.075824e-02, C*e_{i-1}^q = 6.023572e-01
INDE Order of convergence = 3.553538, stop = 0
TIDE stopping_criterion took      0.00 usr cpu s       0.00 sys cpu s       0.00 wall s
TIDE Iteration 14 took      0.00 usr cpu s       0.01 sys cpu s       0.00 wall s
INDE     ITERATION 15 :
TIDE purify_X took      0.00 usr cpu s       0.00 sys cpu s       0.00 wall s
TIDE truncate_matrix took      0.00 usr cpu s       0.00 sys cpu s       0.00 wall s
INDE Actual introduced error   0.000000e+00 : nnz before  5329 <-> 100.00 % , nnz after  5329 <-> 100.00 %
TIDE square took      0.00 usr cpu s       0.00 sys cpu s       0.00 wall s
INDE NNZ Xsq = 5329 <-> 100.00 %
TIDE Frobenius norm of X-X^2 took      0.00 usr cpu s       0.00 sys cpu s       0.00 wall s
TIDE Mixed norm of X-X^2 took      0.00 usr cpu s       0.00 sys cpu s       0.00 wall s
TIDE Trace of X-X^2 took      0.00 usr cpu s       0.00 sys cpu s       0.00 wall s
INDE ||X-X^2||_F = 9.360459e-02 , ||X-X^2||_mixed = 9.267112e-02
INDE trace(X-X^2) = 1.564969e-01
INDE trace(X) = 4.715247e+01
INDE Checking stopping criterion...   
INDE e_i =9.267112e-02, C*e_{i-1}^q = 3.650412e-01
INDE Order of convergence = 2.933444, stop = 0
TIDE stopping_criterion took      0.00 usr cpu s       0.00 sys cpu s       0.00 wall s
TIDE Iteration 15 took      0.00 usr cpu s       0.01 sys cpu s       0.00 wall s
INDE     ITERATION 16 :
TIDE purify_X took      0.00 usr cpu s       0.00 sys cpu s       0.00 wall s
TIDE truncate_matrix took      0.00 usr cpu s       0.00 sys cpu s       0.00 wall s
INDE Actual introduced error   0.000000e+00 : nnz before  5329 <-> 100.00 % , nnz after  5329 <-> 100.00 %
TIDE square took      0.00 usr cpu s       0.00 sys cpu s       0.00 wall s
INDE NNZ Xsq = 5329 <-> 100.00 %
TIDE Frobenius norm of X-X^2 took      0.00 usr cpu s       0.00 sys cpu s       0.00 wall s
TIDE Mixed norm of X-X^2 took      0.00 usr cpu s       0.00 sys cpu s       0.00 wall s
TIDE Trace of X-X^2 took      0.00 usr cpu s       0.00 sys cpu s       0.00 wall s
INDE ||X-X^2||_F = 1.094123e-02 , ||X-X^2||_mixed = 1.066110e-02
INDE trace(X-X^2) = 2.442471e-02
INDE trace(X) = 4.699598e+01
INDE Checking stopping criterion...   
INDE e_i =1.066110e-02, C*e_{i-1}^q = 5.673026e-02
INDE Order of convergence = 2.696673, stop = 0
TIDE stopping_criterion took      0.00 usr cpu s       0.00 sys cpu s       0.00 wall s
TIDE Iteration 16 took      0.00 usr cpu s       0.01 sys cpu s       0.00 wall s
INDE     ITERATION 17 :
TIDE purify_X took      0.00 usr cpu s       0.00 sys cpu s       0.00 wall s
TIDE truncate_matrix took      0.00 usr cpu s       0.00 sys cpu s       0.00 wall s
INDE Actual introduced error   0.000000e+00 : nnz before  5329 <-> 100.00 % , nnz after  5329 <-> 100.00 %
TIDE square took      0.00 usr cpu s       0.00 sys cpu s       0.00 wall s
INDE NNZ Xsq = 5329 <-> 100.00 %
TIDE Frobenius norm of X-X^2 took      0.00 usr cpu s       0.00 sys cpu s       0.00 wall s
TIDE Mixed norm of X-X^2 took      0.00 usr cpu s       0.01 sys cpu s       0.00 wall s
TIDE Trace of X-X^2 took      0.00 usr cpu s       0.00 sys cpu s       0.00 wall s
INDE ||X-X^2||_F = 1.476768e-02 , ||X-X^2||_mixed = 1.472622e-02
INDE trace(X-X^2) = 2.835583e-02
INDE trace(X) = 4.697155e+01
INDE Checking stopping criterion...   
INDE Order of convergence cannot be computed
TIDE stopping_criterion took      0.00 usr cpu s       0.00 sys cpu s       0.00 wall s
TIDE Iteration 17 took      0.00 usr cpu s       0.01 sys cpu s       0.00 wall s
INDE     ITERATION 18 :
TIDE purify_X took      0.00 usr cpu s       0.00 sys cpu s       0.00 wall s
TIDE truncate_matrix took      0.00 usr cpu s       0.00 sys cpu s       0.00 wall s
INDE Actual introduced error   0.000000e+00 : nnz before  5329 <-> 100.00 % , nnz after  5329 <-> 100.00 %
TIDE square took      0.00 usr cpu s       0.00 sys cpu s       0.00 wall s
INDE NNZ Xsq = 5329 <-> 100.00 %
TIDE Frobenius norm of X-X^2 took      0.00 usr cpu s       0.00 sys cpu s       0.00 wall s
TIDE Mixed norm of X-X^2 took      0.00 usr cpu s       0.00 sys cpu s       0.00 wall s
TIDE Trace of X-X^2 took      0.00 usr cpu s       0.00 sys cpu s       0.00 wall s
INDE ||X-X^2||_F = 1.954778e-04 , ||X-X^2||_mixed = 1.916484e-04
INDE trace(X-X^2) = 3.530923e-04
INDE trace(X) = 4.699991e+01
INDE Checking stopping criterion...   
INDE e_i =1.916484e-04, C*e_{i-1}^q = 7.827926e-04
INDE Order of convergence = 2.309878, stop = 0
TIDE stopping_criterion took      0.00 usr cpu s       0.00 sys cpu s       0.00 wall s
TIDE Iteration 18 took      0.00 usr cpu s       0.01 sys cpu s       0.00 wall s
INDE     ITERATION 19 :
TIDE purify_X took      0.00 usr cpu s       0.00 sys cpu s       0.00 wall s
TIDE truncate_matrix took      0.00 usr cpu s       0.00 sys cpu s       0.00 wall s
INDE Actual introduced error   0.000000e+00 : nnz before  5329 <-> 100.00 % , nnz after  5329 <-> 100.00 %
TIDE square took      0.00 usr cpu s       0.00 sys cpu s       0.00 wall s
INDE NNZ Xsq = 5329 <-> 100.00 %
TIDE Frobenius norm of X-X^2 took      0.00 usr cpu s       0.00 sys cpu s       0.00 wall s
TIDE Mixed norm of X-X^2 took      0.00 usr cpu s       0.00 sys cpu s       0.00 wall s
TIDE Trace of X-X^2 took      0.00 usr cpu s       0.00 sys cpu s       0.00 wall s
INDE ||X-X^2||_F = 2.451457e-04 , ||X-X^2||_mixed = 2.451354e-04
INDE trace(X-X^2) = 2.613142e-04
INDE trace(X) = 4.700026e+01
INDE Checking stopping criterion...   
INDE Order of convergence cannot be computed
TIDE stopping_criterion took      0.00 usr cpu s       0.00 sys cpu s       0.00 wall s
TIDE Iteration 19 took      0.01 usr cpu s       0.00 sys cpu s       0.00 wall s
INDE     ITERATION 20 :
TIDE purify_X took      0.00 usr cpu s       0.00 sys cpu s       0.00 wall s
TIDE truncate_matrix took      0.00 usr cpu s       0.00 sys cpu s       0.00 wall s
INDE Actual introduced error   0.000000e+00 : nnz before  5329 <-> 100.00 % , nnz after  5329 <-> 100.00 %
TIDE square took      0.00 usr cpu s       0.00 sys cpu s       0.00 wall s
INDE NNZ Xsq = 5329 <-> 100.00 %
TIDE Frobenius norm of X-X^2 took      0.00 usr cpu s       0.00 sys cpu s       0.00 wall s
TIDE Mixed norm of X-X^2 took      0.00 usr cpu s       0.01 sys cpu s       0.00 wall s
TIDE Trace of X-X^2 took      0.00 usr cpu s       0.00 sys cpu s       0.00 wall s
INDE ||X-X^2||_F = 7.062043e-08 , ||X-X^2||_mixed = 6.954163e-08
INDE trace(X-X^2) = 1.065008e-07
INDE trace(X) = 4.700000e+01
INDE Checking stopping criterion...   
INDE e_i =6.954163e-08, C*e_{i-1}^q = 2.529606e-07
INDE Order of convergence = 2.150856, stop = 0
TIDE stopping_criterion took      0.00 usr cpu s       0.00 sys cpu s       0.00 wall s
TIDE Iteration 20 took      0.00 usr cpu s       0.01 sys cpu s       0.00 wall s
INDE     ITERATION 21 :
TIDE purify_X took      0.00 usr cpu s       0.00 sys cpu s       0.00 wall s
TIDE truncate_matrix took      0.00 usr cpu s       0.00 sys cpu s       0.00 wall s
INDE Actual introduced error   0.000000e+00 : nnz before  5329 <-> 100.00 % , nnz after  5329 <-> 100.00 %
TIDE square took      0.00 usr cpu s       0.00 sys cpu s       0.00 wall s
INDE NNZ Xsq = 5329 <-> 100.00 %
TIDE Frobenius norm of X-X^2 took      0.00 usr cpu s       0.00 sys cpu s       0.00 wall s
TIDE Mixed norm of X-X^2 took      0.00 usr cpu s       0.00 sys cpu s       0.00 wall s
TIDE Trace of X-X^2 took      0.00 usr cpu s       0.00 sys cpu s       0.00 wall s
INDE ||X-X^2||_F = 7.491230e-08 , ||X-X^2||_mixed = 7.490448e-08
INDE trace(X-X^2) = 9.275018e-08
INDE trace(X) = 4.700000e+01
INDE Checking stopping criterion...   
INDE Order of convergence cannot be computed
TIDE stopping_criterion took      0.00 usr cpu s       0.00 sys cpu s       0.00 wall s
TIDE Iteration 21 took      0.00 usr cpu s       0.01 sys cpu s       0.00 wall s
INDE     ITERATION 22 :
TIDE purify_X took      0.00 usr cpu s       0.00 sys cpu s       0.00 wall s
TIDE truncate_matrix took      0.00 usr cpu s       0.00 sys cpu s       0.00 wall s
INDE Actual introduced error   0.000000e+00 : nnz before  5329 <-> 100.00 % , nnz after  5329 <-> 100.00 %
TIDE square took      0.00 usr cpu s       0.00 sys cpu s       0.00 wall s
INDE NNZ Xsq = 5329 <-> 100.00 %
TIDE Frobenius norm of X-X^2 took      0.00 usr cpu s       0.00 sys cpu s       0.00 wall s
TIDE Mixed norm of X-X^2 took      0.00 usr cpu s       0.00 sys cpu s       0.00 wall s
TIDE Trace of X-X^2 took      0.00 usr cpu s       0.00 sys cpu s       0.00 wall s
INDE ||X-X^2||_F = 8.956980e-15 , ||X-X^2||_mixed = 0.000000e+00
INDE trace(X-X^2) = 1.421085e-14
INDE trace(X) = 4.700000e+01
INDE Checking stopping criterion...   
INDE ************************************************************************************************************
INDE The norm value went much below machine precision, therefore we stop here since n_max can be underestimated.
INDE ************************************************************************************************************
INDE e_i =0.000000e+00, C*e_{i-1}^q = 3.330677e-14
INDE Order of convergence = inf, stop = 1
TIDE stopping_criterion took      0.00 usr cpu s       0.00 sys cpu s       0.00 wall s
INDE PURIFICATION CONVERGED after 22 iterations
TIDE Iteration 22 took      0.00 usr cpu s       0.00 sys cpu s       0.00 wall s
INDE Number of non-zeros in D is  5329 <-> 100.00 %
TIDE FileWritable::writeAndReadAll took      0.00 usr cpu s       0.00 sys cpu s       0.00 wall s
INDE writeAndReadAll sizesStr: '0 MB (1 MatrixGeneral, 0 > 1 MB) + 0 MB (13 MatrixSymmetric, 0 > 1 MB) + 0 MB (2 VectorGeneral, 0 > 1 MB) = 0 MB (16 total, 0 > 1 MB)
INDE TOTAL accumulated subspace error is 0.000000e+00
INDE TOTAL X square time: 0.005949 wall s
INDE TOTAL X trunction time: 0.001161 wall s
INDE TOTAL X purify (exl. X^2 computation) time: 0.000859 wall s
INDE TOTAL time to get number of non-zero elements: 0.000860 wall s
INDE TOTAL time to get mixed norm: 0.015427 wall s
INDE TOTAL time to get Frobenius norm: 0.000919 wall s
INDE TOTAL time for stopping criterion: 0.001115 wall s
INDE TOTAL time to get matrix trace: 0.000455 wall s
INDE Estimated bounds for the eigenvalues for the Fock matrix:
INDE LUMO: [ 0.209721753133 , 0.234424821783 ]
INDE HOMO: [ -0.321366334626 , -0.278453772186 ]
TIDE eigenvalue_bounds_estimation() took      0.00 usr cpu s       0.00 sys cpu s       0.00 wall s
TIDE Recursive expansion took      0.11 usr cpu s       0.36 sys cpu s       0.06 wall s
TIDE Puri->PurificationStart() took      0.11 usr cpu s       0.36 sys cpu s       0.06 wall s
TIDE Accumulated wall times for writeToFile in PurificationStart()          : 0 s (MatrixGeneral) + 9.5e-07 s (MatrixSymmetric) + 3.6e-05 s (VectorGeneral) = 3.7e-05 s
TIDE Accumulated wall times for readFromFile in PurificationStart()         : 0 s (MatrixGeneral) + 9.5e-07 s (MatrixSymmetric) + 1.9e-05 s (VectorGeneral) = 2e-05 s
TIDE Accumulated wall times for copy and assign in PurificationStart()      : 9.5e-07 s (MatrixSymmetric) + 3.4e-05 s (VectorGeneral) = 3.5e-05 s
INDE Number of calls to writeToFile in PurificationStart()                  : 2 (MatrixGeneral) + 27 (MatrixSymmetric) + 389 (VectorGeneral) = 418 
INDE Number of calls to readFromFile in PurificationStart()                 : 2 (MatrixGeneral) + 26 (MatrixSymmetric) + 178 (VectorGeneral) = 206 
INDE Number of calls to FileWritable copy and assign in PurificationStart() : 2 (MatrixSymmetric) + 24 (VectorGeneral) = 26 
TIDE mat::Gblas::time after purification :     0.219688
INDE Created .m files with results of the purification
INDE Purification converged OK, subspaceError <=          0.00000000000
INDE E(LUMO) - E(HOMO) >=          0.48817552532 =         13.28393283879 eV
INDE E(LUMO) - E(HOMO) <=          0.55579115641 =         15.12384790143 eV
INDE HOMO interval : [   -0.321366334626   -0.278453772186 ]
INDE LUMO interval : [    0.209721753133    0.234424821783 ]
INDE Trace of resulting density matrix is         47.00000000000, error is   0.00000000000000.
INDE Truncated D_ort ( mixed ), selected threshold = 9.99999e-08, returned error =          0, nnz before = 5329 <-> 100.0000 %, nnz after = 5329 <-> 100.0000 %
TIDE FileWritable::writeAndReadAll took      0.00 usr cpu s       0.00 sys cpu s       0.00 wall s
INDE writeAndReadAll sizesStr: '0 MB (1 MatrixGeneral, 0 > 1 MB) + 0 MB (12 MatrixSymmetric, 0 > 1 MB) + 0 MB (1 MatrixTriangular, 0 > 1 MB) = 0 MB (14 total, 0 > 1 MB)
TIDE D_w to non-orthogonal basis took      0.00 usr cpu s       0.00 sys cpu s       0.00 wall s
INDE Truncated D_S (eucl with Z), selected threshold = 9.99999e-08, returned error =          0, nnz before = 100.0000 %, nnz after = 100.0000 %
INDE get_dens_from_fock_sparse ending OK
TIDE get_dens_from_fock_sparse took      0.13 usr cpu s       0.43 sys cpu s       0.07 wall s
ERDE get_dens_from_fock  (GetDensFromFock class) : purification finished OK.
TIDE get_dens_from_fock took      0.13 usr cpu s       0.43 sys cpu s       0.07 wall s
INSC Matrix 'new density matrix' ( symm ): n =     73, nnz =         5329 <-> 100.00 %, mem usage  0.0000 G
INSC Tr( D * S ) =         94.00000000000
TISC get_new_density_matrix took      0.13 usr cpu s       0.43 sys cpu s       0.07 wall s
INSC SCF_restricted::report_density_difference, diff_eucl =          0.00004111071
TISC SCF_restricted::report_density_difference took      0.00 usr cpu s       0.03 sys cpu s       0.00 wall s
INMA ddf_writeShellListAndDensityMatricesToFile_sparse, n =     73, densityMatrixList[0].nvalues =        2701
INMA opened temporary file 'density.bin.VlSaMI' for writing
INMA Choosing matrixStorageType = MATRIX_STORAGE_TYPE_TRIANGLE.
INMA fileSize =           46848 bytes =      0.047 MegaBytes
INMA renamed file 'density.bin.VlSaMI' to 'density.bin'
INMA ddf_writeShellListAndDensityMatricesToFile_sparse freeing buffer.
INMA ddf_writeShellListAndDensityMatricesToFile_sparse returning OK.
TISC write_density_to_file took      0.01 usr cpu s       0.04 sys cpu s       0.01 wall s
INSC SCF cycle  16 finished.
TISC SCF cycle  16 took      7.59 usr cpu s       0.96 sys cpu s       2.22 wall s
INSC Beginning of SCF cycle 17:  Thu Mar 26 20:00:34 2026
INDE compute_J_by_boxes_sparse() start.
TIDE FileWritable::writeAndReadAll took      0.00 usr cpu s       0.00 sys cpu s       0.00 wall s
INDE writeAndReadAll: '0 MB (1 MatrixGeneral, 0 > 1 MB) + 0 MB (11 MatrixSymmetric, 0 > 1 MB) = 0 MB (12 total, 0 > 1 MB)
IN   compute_J_by_boxes_sparse, maxDensityMatrixElement =          2.11091347706
ININ get_basis_func_pair_list, n =     73
ININ create_box_system end OK, toplevelBoxSize:   7.0, #levels:  3, #boxes at top level:      6
TIIN get_basis_func_pair_list_2el took      0.05 usr cpu s       0.17 sys cpu s       0.03 wall s
IN   compute_J_by_boxes_sparse: noOfBasisFuncIndexPairs = 2598 ==> storing  48.75 % of a full matrix
ININ entering compute_J_by_boxes_linear, no of basis funcs =    73, threshold_J =   1e-12
ININ use_fmm = 1, fmm_box_size =   5.00
TIIN Compute extent for all distrs took      0.06 usr cpu s       0.04 sys cpu s       0.05 wall s
ININ extent_min =    0.000, extent_max =    8.395
ININ Creating list of distributions etc done, distrCount =     36059
TIIN Creating list of distributions etc took      0.16 usr cpu s       0.28 sys cpu s       0.09 wall s
ININ create_box_system end OK, toplevelBoxSize:   5.0, #levels:  3, #boxes at top level:     10
TIIN Creating boxes took      0.00 usr cpu s       0.00 sys cpu s       0.00 wall s
ININ noOfBranches = 4, splitters:   5.00  2.50  0.00
ININ J org done, groupCount =     3008
TIIN J org took      0.13 usr cpu s       0.00 sys cpu s       0.13 wall s
TIIN Generate group multipoles took      0.07 usr cpu s       0.00 sys cpu s       0.07 wall s
ININ totChargeWholeSystem =          0.00000000000
ININ Generating multipole for each branch at top level, MAX_MULTIPOLE_DEGREE = 15
TIIN Translate multipoles (step 1) took      0.08 usr cpu s       0.00 sys cpu s       0.08 wall s
TIIN Translate multipoles (step 2) took      0.07 usr cpu s       0.00 sys cpu s       0.07 wall s
ININ job lists for J created OK, noOfJobs_J_standard =      759, noOfJobs_J_multipole =      122
TIIN Creating job lists for J took      0.00 usr cpu s       0.00 sys cpu s       0.00 wall s
ININ execute_joblist_J_std_threaded, noOfThreads =  8
ININ 8 threads started OK.
ININ all 8 threads have finished.
TIIN execute_joblist_J_std_threaded took      3.73 usr cpu s       0.01 sys cpu s       0.63 wall s
TIIN sort_list_of_multipole_jobs init part took      0.00 usr cpu s       0.00 sys cpu s       0.00 wall s
TIIN sort_list_of_multipole_jobs complete took      0.00 usr cpu s       0.00 sys cpu s       0.00 wall s
TIIN sort_list_of_multipole_jobs took      0.00 usr cpu s       0.00 sys cpu s       0.00 wall s
ININ execute_joblist_J_fmm_shared: Allocating multipoleList_4, maxnoOfMinimalDistrsPerBoxBranch =      7533
ININ execute_joblist_J_fmm_shared: jobIndexLo =           15, jobIndexHi =           30
ININ execute_joblist_J_fmm_shared: Allocating multipoleList_4, maxnoOfMinimalDistrsPerBoxBranch =      7533
ININ execute_joblist_J_fmm_shared: Allocating multipoleList_4, maxnoOfMinimalDistrsPerBoxBranch =      7533
ININ execute_joblist_J_fmm_shared: Allocating multipoleList_4, maxnoOfMinimalDistrsPerBoxBranch =      7533
ININ execute_joblist_J_fmm_shared: jobIndexLo =           30, jobIndexHi =           45
ININ execute_joblist_J_fmm_shared: jobIndexLo =            0, jobIndexHi =           15
ININ execute_joblist_J_fmm_shared: jobIndexLo =           45, jobIndexHi =           61
ININ execute_joblist_J_fmm_shared: Allocating multipoleList_4, maxnoOfMinimalDistrsPerBoxBranch =      7533
ININ execute_joblist_J_fmm_shared: jobIndexLo =           61, jobIndexHi =           76
ININ execute_joblist_J_fmm_shared: Allocating multipoleList_4, maxnoOfMinimalDistrsPerBoxBranch =      7533
ININ execute_joblist_J_fmm_shared: jobIndexLo =           76, jobIndexHi =           91
ININ execute_joblist_J_fmm_shared: Allocating multipoleList_4, maxnoOfMinimalDistrsPerBoxBranch =      7533
ININ execute_joblist_J_fmm_shared: jobIndexLo =           91, jobIndexHi =          106
ININ execute_joblist_J_fmm_shared: Allocating multipoleList_4, maxnoOfMinimalDistrsPerBoxBranch =      7533
ININ execute_joblist_J_fmm_shared: jobIndexLo =          106, jobIndexHi =          122
ININ execute_joblist_J_fmm_shared: done!
ININ execute_joblist_J_fmm_shared: done!
ININ execute_joblist_J_fmm_shared: done!
ININ execute_joblist_J_fmm_shared: done!
ININ execute_joblist_J_fmm_shared: done!
ININ execute_joblist_J_fmm_shared: done!
ININ execute_joblist_J_fmm_shared: done!
ININ execute_joblist_J_fmm_shared: done!
ININ multipole job list for J executed, largest L used: 13
TIIN Executing multipole job list for J took      0.05 usr cpu s       0.00 sys cpu s       0.03 wall s
ININ compute_J_by_boxes_linear ending OK.
TIIN compute_J_by_boxes_linear took      4.30 usr cpu s       0.29 sys cpu s       1.10 wall s
TI   compute_J_by_boxes_sparse total took      4.35 usr cpu s       0.46 sys cpu s       1.13 wall s
ININ entering create_CSR_for_K, no of basis funcs =    73, threshold_K =   1e-12
ININ create_box_system end OK, toplevelBoxSize:   7.0, #levels:  3, #boxes at top level:      6
ININ create_box_system end OK, toplevelBoxSize:   7.0, #levels:  3, #boxes at top level:      6
ININ create_box_system end OK, toplevelBoxSize:   7.0, #levels:  3, #boxes at top level:      6
TIIN create_CSR_for_K getting list of distrs took      0.04 usr cpu s       0.00 sys cpu s       0.04 wall s
ININ list of neighbors complete.
TIIN create_CSR_for_K getting list of neighbors took      0.00 usr cpu s       0.00 sys cpu s       0.00 wall s
TIIN create_CSR_for_K sort each list of neighbors took      0.00 usr cpu s       0.00 sys cpu s       0.00 wall s
ININ 8 threads started OK.
TIIN identify_needed_elements() took      0.73 usr cpu s       0.00 sys cpu s       0.10 wall s
ININ computing nnz..
ININ create_CSR_for_K: predicted nnz =         2701, <->  50.68% of a full matrix
TIIN create_CSR_for_K last part took      0.00 usr cpu s       0.00 sys cpu s       0.00 wall s
TIIN create_CSR_for_K total took      0.77 usr cpu s       0.00 sys cpu s       0.15 wall s
ININ entering compute_K_by_boxes, no of basis funcs =    73, threshold_K =   1e-12, exchange_box_size =   5.00
ININ create_box_system end OK, toplevelBoxSize:   7.0, #levels:  3, #boxes at top level:      6
ININ create_box_system end OK, toplevelBoxSize:   7.0, #levels:  3, #boxes at top level:      6
ININ create_box_system end OK, toplevelBoxSize:   7.0, #levels:  3, #boxes at top level:      6
TIIN Compute extent for all distrs took      0.05 usr cpu s       0.00 sys cpu s       0.05 wall s
ININ Creating list of distributions done, distrCountTot =     36059
TIIN Creating list of distributions took      0.07 usr cpu s       0.00 sys cpu s       0.07 wall s
ININ create_box_system end OK, toplevelBoxSize:   5.0, #levels:  3, #boxes at top level:     10
ININ create_box_system end OK, toplevelBoxSize:   2.5, #levels:  4, #boxes at top level:     16
ININ noOfLevelsBasisFuncs = 4, noOfLevelsDiff = 1
TIIN Creating boxes etc took      0.00 usr cpu s       0.00 sys cpu s       0.00 wall s
TIIN getting multipoleNormVectorList took      0.08 usr cpu s       0.00 sys cpu s       0.08 wall s
TIIN K organize_distributions for all boxes took      0.13 usr cpu s       0.00 sys cpu s       0.13 wall s
ININ starting loop to setup basisFuncGroupInfoList, with added index checks.
TIIN GetLimitsAllLevels took      0.03 usr cpu s       0.00 sys cpu s       0.03 wall s
ININ getDmatLimitMatrixCSRList start.
TIIN getting densityMatrixLimitMatrixList took      0.00 usr cpu s       0.00 sys cpu s       0.00 wall s
ININ job list for K created,       55 jobs
TIIN creating job list for K took      0.00 usr cpu s       0.00 sys cpu s       0.00 wall s
ININ execute_joblist_K_threaded, noOfThreads =  8, basisFuncListCount_max =    67
ININ 8 threads started OK.
ININ all 8 threads have finished, took        0 wall s.
TIIN Executing job list for K took      2.41 usr cpu s       0.00 sys cpu s       0.51 wall s
TIIN compute_K_by_boxes took      2.72 usr cpu s       0.00 sys cpu s       0.83 wall s
TI   compute_K_by_boxes_sparse total took      3.50 usr cpu s       0.00 sys cpu s       0.98 wall s
INSC About to truncate FockMatrix, gap of Fprev >=          0.48817552532
TISC symmMatrix::mixed_diff for F vs Fprev maxEigValMovement_mixed took      0.00 usr cpu s       0.00 sys cpu s       0.00 wall s
TISC symmMatrix::eucl_diff for maxEigValMovement_eucl  took      0.01 usr cpu s       0.02 sys cpu s       0.01 wall s
INSC maxEigValMovement_frob  =          0.00002357653
INSC maxEigValMovement_mixed =          0.00002075864
INSC maxEigValMovement_eucl  =          0.00001040818
TISC FockMatrix.eucl_thresh() (with Z) took      0.00 usr cpu s       0.00 sys cpu s       0.00 wall s
INSC Truncated FockMatrix (eucl with Z), selected threshold = 4.88155e-08, returned error =          0, nnz before = 100.0000 %, nnz after = 100.0000 %
INSC Matrix 'S' ( symm ): n =     73, nnz =         5329 <-> 100.00 %, mem usage  0.0000 G
INSC Matrix 'F' ( symm ): n =     73, nnz =         5329 <-> 100.00 %, mem usage  0.0000 G
INSC Matrix 'D' ( symm ): n =     73, nnz =         5329 <-> 100.00 %, mem usage  0.0000 G
INSC nuclearEnergy, energy_2el, energy = 782.160484, 1010.855905, -636.642060
INSC Energy  17 =       -636.64205981367  ( diff     -0.000000000833097 )
INSC calling compute_FDSminusSDF_sparse, n = 73
INDE compute_FDSminusSDF_sparse() start.
TIDE FileWritable::writeAndReadAll took      0.00 usr cpu s       0.00 sys cpu s       0.00 wall s
INDE writeAndReadAll: '0 MB (1 MatrixGeneral, 0 > 1 MB) + 0 MB (9 MatrixSymmetric, 0 > 1 MB) = 0 MB (10 total, 0 > 1 MB)
TISC compute_FDSminusSDF_sparse, F*D mult took      0.00 usr cpu s       0.01 sys cpu s       0.00 wall s
INSC Matrix 'FD before eucl truncation' (normal): n =     73, nnz =         5329 <-> 100.00 %, mem usage  0.0000 G
INSC Matrix 'FD after  eucl truncation' (normal): n =     73, nnz =         5329 <-> 100.00 %, mem usage  0.0000 G
INSC Matrix 'FDS before eucl truncation' (normal): n =     73, nnz =         5329 <-> 100.00 %, mem usage  0.0000 G
INSC Matrix 'FDS after  eucl truncation' (normal): n =     73, nnz =         5329 <-> 100.00 %, mem usage  0.0000 G
INSC compute_FDSminusSDF_sparse ending OK.
TISC compute_FDSminusSDF_sparse took      0.00 usr cpu s       0.01 sys cpu s       0.00 wall s
INSC Matrix 'FDS-SDF' (normal): n =     73, nnz =         5329 <-> 100.00 %, mem usage  0.0000 G
INSC SCF_restricted::get_FDSminusSDF finished.
TISC get_FDSminusSDF took      0.00 usr cpu s       0.01 sys cpu s       0.00 wall s
INSC maxabs FDS-SDF is 3.02e-06
INSC frob   FDS-SDF is 1.39e-05
TISC get_error_measure took      0.00 usr cpu s       0.00 sys cpu s       0.00 wall s
INSC entering DIISManagerRestricted::AddIterationToList, IterCount =  9
INSC DIISManagerRestricted::AddIterationToList ending OK.
TISC DIISManagerRestricted::AddIterationToList took      0.00 usr cpu s       0.00 sys cpu s       0.00 wall s
INSC using DIIS to get combined Fock matrix, number of iters used for DIIS: 10
TISC clear_error_matrices took      0.00 usr cpu s       0.00 sys cpu s       0.00 wall s
TISC save_current_fock_as_fprev took      0.00 usr cpu s       0.00 sys cpu s       0.00 wall s
INDE get_dens_from_fock_general, n = 73, use_diagonalization = 0, use_diag_on_error = 1
INDE Before writeAndReadAll(): AllocatorManager statistics:  noOfRealsPerBuffer: 1024 noOfBuffers: 20000 list.size(): 1. Allocated: 0.164 GB, Used: 0.000868 GB, Peak alloc: 0.164 GB.
TIDE FileWritable::writeAndReadAll took      0.00 usr cpu s       0.00 sys cpu s       0.00 wall s
INDE writeAndReadAll sizesStr: '0 MB (1 MatrixGeneral, 0 > 1 MB) + 0 MB (7 MatrixSymmetric, 0 > 1 MB) = 0 MB (8 total, 0 > 1 MB)
INDE After writeAndReadAll(): AllocatorManager statistics:  noOfRealsPerBuffer: 1024 noOfBuffers: 20000 list.size(): 1. Allocated: 0.164 GB, Used: 0.000868 GB, Peak alloc: 0.164 GB.
INDE calling get_dens_from_fock_sparse, n =     73, subspaceErrorLimit = 1e-06
INDE get_dens_from_fock_sparse() start!
INDE After F.readFromFile(): AllocatorManager statistics:  noOfRealsPerBuffer: 1024 noOfBuffers: 20000 list.size(): 1. Allocated: 0.164 GB, Used: 0.000868 GB, Peak alloc: 0.164 GB.
INDE After creating wrapper MatrixType F_w(F): AllocatorManager statistics:  noOfRealsPerBuffer: 1024 noOfBuffers: 20000 list.size(): 1. Allocated: 0.164 GB, Used: 0.000893 GB, Peak alloc: 0.164 GB.
TIDE  F_w to orthogonal basis took      0.00 usr cpu s       0.01 sys cpu s       0.00 wall s
TIDE MatrixType::mixed_diff for maxEigValMovement_mixed took      0.00 usr cpu s       0.00 sys cpu s       0.00 wall s
TIDE symmMatrixWrap::eucl_diff for maxEigValMovement_eucl  took      0.03 usr cpu s       0.12 sys cpu s       0.02 wall s
INDE maxEigValMovement_frob  =          0.00002445850
INDE maxEigValMovement_mixed =          0.00002005704
INDE maxEigValMovement_eucl  =          0.00000877180
INDE lumo before truncation: [ 0.209712981335 , 0.234433593582 ]
INDE homo before truncation: [ -0.321375106425 , -0.278445000387 ]
INDE Truncate matrix F and update intervals for homo and lumo.
INDE Truncating F_ort ( mixed ), selected threshold = 4.88158e-08
INDE Truncated F_ort ( mixed ), selected threshold = 4.88158e-08, returned error =          0, nnz before = 100.0000 %, nnz after = 100.0000 %
TIDE Truncation of F_ort took      0.00 usr cpu s       0.00 sys cpu s       0.00 wall s
INDE Chosen Ergo Wrapper
INDE Creating purification object: N = 73 , nocc = 47 , NNZ = 5329  <-> 100.00000 %
INDE Chosen norm for the truncation: 
INDE mixed
INDE Chosen norm for the stopping criterion: 
INDE mixed
INDE Chosen the NEW stopping criterion.
INDE Allowed error in subspace 7.000000e-07
INDE Chosen SP2 purification method
INDE calling Puri->PurificationStart(), number of threads = 1, trunc norm 'mixed'
TIDE gershgorin took      0.00 usr cpu s       0.00 sys cpu s       0.00 wall s
INDE Gershgorin bounds: [ -24.388269028521 , 5.987653263471 ]
INDE EXPANDED Gershgorin bounds: [ -24.388269043422 , 5.987653278372 ]
INDE Trying to impove bounds using Lanczos algorithm...
TIDE compute_spectrum_bounds took      0.07 usr cpu s       0.28 sys cpu s       0.05 wall s
INDE Spectrum of F: 	 [ -20.320314811919 , 1.134629372476 ]
INDE Transform homo and lumo bounds...
INDE HOMO bounds of X: 	 [ 0.065862411979 , 0.067863354311 ]
INDE LUMO bounds of X: 	 [ 0.041957498055 , 0.043109708568 ]
INDE INIT LUMO: [ 0.041957498055 , 0.043109708568 ]
INDE INIT HOMO: [ 0.932136645689 , 0.934137588021 ]
INDE ESTIMATED NUMBER OF ITERATIONS IS 24
INDE Put eigenvalues of F to the interval [0,1] in reverse order.
TIDE compute_X() took      0.00 usr cpu s       0.00 sys cpu s       0.00 wall s
TIDE prepare_to_purification() took      0.07 usr cpu s       0.28 sys cpu s       0.05 wall s
INDE (EIGV,PARAMS) Requested 0 occipied eigenpair(s).
INDE (EIGV,PARAMS) Requested 0 unoccipied eigenpair(s).
TIDE prepare_to_purification_eigenvectors() took      0.00 usr cpu s       0.00 sys cpu s       0.00 wall s
INDE Starting recursive expansion
INDE     BEFORE ITERATIONS:
TIDE truncate_matrix took      0.00 usr cpu s       0.00 sys cpu s       0.00 wall s
INDE Actual introduced error   0.000000e+00 : nnz before  5329 <-> 100.00 % , nnz after  5329 <-> 100.00 %
TIDE square took      0.00 usr cpu s       0.03 sys cpu s       0.00 wall s
INDE NNZ Xsq = 5329 <-> 100.00 %
TIDE Frobenius norm of X-X^2 took      0.00 usr cpu s       0.00 sys cpu s       0.00 wall s
TIDE Mixed norm of X-X^2 took      0.00 usr cpu s       0.00 sys cpu s       0.00 wall s
TIDE Trace of X-X^2 took      0.00 usr cpu s       0.00 sys cpu s       0.00 wall s
INDE ||X-X^2||_F = 8.726920e-01 , ||X-X^2||_mixed = 6.497861e-01
INDE trace(X-X^2) = 5.359278e+00
INDE trace(X) = 1.253023e+01
TIDE Iteration 0 took      0.01 usr cpu s       0.03 sys cpu s       0.01 wall s
TIDE FileWritable::writeAndReadAll took      0.00 usr cpu s       0.00 sys cpu s       0.00 wall s
INDE writeAndReadAll sizesStr: '0 MB (1 MatrixGeneral, 0 > 1 MB) + 0 MB (13 MatrixSymmetric, 0 > 1 MB) + 0 MB (2 VectorGeneral, 0 > 1 MB) = 0 MB (16 total, 0 > 1 MB)
INDE     ITERATION 1 :
TIDE purify_X took      0.00 usr cpu s       0.00 sys cpu s       0.00 wall s
TIDE truncate_matrix took      0.00 usr cpu s       0.00 sys cpu s       0.00 wall s
INDE Actual introduced error   0.000000e+00 : nnz before  5329 <-> 100.00 % , nnz after  5329 <-> 100.00 %
TIDE square took      0.00 usr cpu s       0.01 sys cpu s       0.00 wall s
INDE NNZ Xsq = 5329 <-> 100.00 %
TIDE Frobenius norm of X-X^2 took      0.00 usr cpu s       0.00 sys cpu s       0.00 wall s
TIDE Mixed norm of X-X^2 took      0.00 usr cpu s       0.00 sys cpu s       0.00 wall s
TIDE Trace of X-X^2 took      0.00 usr cpu s       0.00 sys cpu s       0.00 wall s
INDE ||X-X^2||_F = 9.393546e-01 , ||X-X^2||_mixed = 7.167173e-01
INDE trace(X-X^2) = 6.947178e+00
INDE trace(X) = 1.788951e+01
TIDE Iteration 1 took      0.00 usr cpu s       0.02 sys cpu s       0.00 wall s
INDE     ITERATION 2 :
TIDE purify_X took      0.00 usr cpu s       0.00 sys cpu s       0.00 wall s
TIDE truncate_matrix took      0.00 usr cpu s       0.00 sys cpu s       0.00 wall s
INDE Actual introduced error   0.000000e+00 : nnz before  5329 <-> 100.00 % , nnz after  5329 <-> 100.00 %
TIDE square took      0.00 usr cpu s       0.01 sys cpu s       0.00 wall s
INDE NNZ Xsq = 5329 <-> 100.00 %
TIDE Frobenius norm of X-X^2 took      0.00 usr cpu s       0.00 sys cpu s       0.00 wall s
TIDE Mixed norm of X-X^2 took      0.00 usr cpu s       0.00 sys cpu s       0.00 wall s
TIDE Trace of X-X^2 took      0.00 usr cpu s       0.00 sys cpu s       0.00 wall s
INDE ||X-X^2||_F = 1.278729e+00 , ||X-X^2||_mixed = 9.883870e-01
INDE trace(X-X^2) = 9.180784e+00
INDE trace(X) = 2.483669e+01
INDE Checking stopping criterion...   
INDE Order of convergence cannot be computed
TIDE stopping_criterion took      0.00 usr cpu s       0.00 sys cpu s       0.00 wall s
TIDE Iteration 2 took      0.00 usr cpu s       0.02 sys cpu s       0.00 wall s
INDE     ITERATION 3 :
TIDE purify_X took      0.00 usr cpu s       0.00 sys cpu s       0.00 wall s
TIDE truncate_matrix took      0.00 usr cpu s       0.00 sys cpu s       0.00 wall s
INDE Actual introduced error   0.000000e+00 : nnz before  5329 <-> 100.00 % , nnz after  5329 <-> 100.00 %
TIDE square took      0.00 usr cpu s       0.01 sys cpu s       0.00 wall s
INDE NNZ Xsq = 5329 <-> 100.00 %
TIDE Frobenius norm of X-X^2 took      0.00 usr cpu s       0.00 sys cpu s       0.00 wall s
TIDE Mixed norm of X-X^2 took      0.00 usr cpu s       0.00 sys cpu s       0.00 wall s
TIDE Trace of X-X^2 took      0.00 usr cpu s       0.00 sys cpu s       0.00 wall s
INDE ||X-X^2||_F = 1.590085e+00 , ||X-X^2||_mixed = 1.196470e+00
INDE trace(X-X^2) = 1.156537e+01
INDE trace(X) = 3.401747e+01
INDE Checking stopping criterion...   
INDE Order of convergence cannot be computed
TIDE stopping_criterion took      0.00 usr cpu s       0.00 sys cpu s       0.00 wall s
TIDE Iteration 3 took      0.01 usr cpu s       0.01 sys cpu s       0.00 wall s
INDE     ITERATION 4 :
TIDE purify_X took      0.00 usr cpu s       0.00 sys cpu s       0.00 wall s
TIDE truncate_matrix took      0.00 usr cpu s       0.00 sys cpu s       0.00 wall s
INDE Actual introduced error   0.000000e+00 : nnz before  5329 <-> 100.00 % , nnz after  5329 <-> 100.00 %
TIDE square took      0.00 usr cpu s       0.01 sys cpu s       0.00 wall s
INDE NNZ Xsq = 5329 <-> 100.00 %
TIDE Frobenius norm of X-X^2 took      0.00 usr cpu s       0.00 sys cpu s       0.00 wall s
TIDE Mixed norm of X-X^2 took      0.00 usr cpu s       0.00 sys cpu s       0.00 wall s
TIDE Trace of X-X^2 took      0.00 usr cpu s       0.00 sys cpu s       0.00 wall s
INDE ||X-X^2||_F = 1.468983e+00 , ||X-X^2||_mixed = 1.076604e+00
INDE trace(X-X^2) = 1.099371e+01
INDE trace(X) = 4.558285e+01
INDE Checking stopping criterion...   
INDE Order of convergence cannot be computed
TIDE stopping_criterion took      0.00 usr cpu s       0.00 sys cpu s       0.00 wall s
TIDE Iteration 4 took      0.00 usr cpu s       0.02 sys cpu s       0.00 wall s
INDE     ITERATION 5 :
TIDE purify_X took      0.00 usr cpu s       0.00 sys cpu s       0.00 wall s
TIDE truncate_matrix took      0.00 usr cpu s       0.00 sys cpu s       0.00 wall s
INDE Actual introduced error   0.000000e+00 : nnz before  5329 <-> 100.00 % , nnz after  5329 <-> 100.00 %
TIDE square took      0.00 usr cpu s       0.01 sys cpu s       0.00 wall s
INDE NNZ Xsq = 5329 <-> 100.00 %
TIDE Frobenius norm of X-X^2 took      0.00 usr cpu s       0.00 sys cpu s       0.00 wall s
TIDE Mixed norm of X-X^2 took      0.00 usr cpu s       0.00 sys cpu s       0.00 wall s
TIDE Trace of X-X^2 took      0.00 usr cpu s       0.00 sys cpu s       0.00 wall s
INDE ||X-X^2||_F = 1.474468e+00 , ||X-X^2||_mixed = 1.142927e+00
INDE trace(X-X^2) = 1.012542e+01
INDE trace(X) = 3.458913e+01
INDE Checking stopping criterion...   
INDE Order of convergence cannot be computed
TIDE stopping_criterion took      0.00 usr cpu s       0.00 sys cpu s       0.00 wall s
TIDE Iteration 5 took      0.00 usr cpu s       0.01 sys cpu s       0.00 wall s
INDE     ITERATION 6 :
TIDE purify_X took      0.00 usr cpu s       0.00 sys cpu s       0.00 wall s
TIDE truncate_matrix took      0.00 usr cpu s       0.00 sys cpu s       0.00 wall s
INDE Actual introduced error   0.000000e+00 : nnz before  5329 <-> 100.00 % , nnz after  5329 <-> 100.00 %
TIDE square took      0.00 usr cpu s       0.01 sys cpu s       0.00 wall s
INDE NNZ Xsq = 5329 <-> 100.00 %
TIDE Frobenius norm of X-X^2 took      0.00 usr cpu s       0.00 sys cpu s       0.00 wall s
TIDE Mixed norm of X-X^2 took      0.00 usr cpu s       0.00 sys cpu s       0.00 wall s
TIDE Trace of X-X^2 took      0.00 usr cpu s       0.00 sys cpu s       0.00 wall s
INDE ||X-X^2||_F = 1.188986e+00 , ||X-X^2||_mixed = 9.030548e-01
INDE trace(X-X^2) = 8.455421e+00
INDE trace(X) = 4.471455e+01
INDE Checking stopping criterion...   
INDE Order of convergence cannot be computed
TIDE stopping_criterion took      0.00 usr cpu s       0.00 sys cpu s       0.00 wall s
TIDE Iteration 6 took      0.00 usr cpu s       0.02 sys cpu s       0.00 wall s
INDE     ITERATION 7 :
TIDE purify_X took      0.00 usr cpu s       0.00 sys cpu s       0.00 wall s
TIDE truncate_matrix took      0.00 usr cpu s       0.00 sys cpu s       0.00 wall s
INDE Actual introduced error   0.000000e+00 : nnz before  5329 <-> 100.00 % , nnz after  5329 <-> 100.00 %
TIDE square took      0.01 usr cpu s       0.00 sys cpu s       0.00 wall s
INDE NNZ Xsq = 5329 <-> 100.00 %
TIDE Frobenius norm of X-X^2 took      0.00 usr cpu s       0.00 sys cpu s       0.00 wall s
TIDE Mixed norm of X-X^2 took      0.00 usr cpu s       0.00 sys cpu s       0.00 wall s
TIDE Trace of X-X^2 took      0.00 usr cpu s       0.00 sys cpu s       0.00 wall s
INDE ||X-X^2||_F = 1.310622e+00 , ||X-X^2||_mixed = 1.044187e+00
INDE trace(X-X^2) = 8.295663e+00
INDE trace(X) = 3.625913e+01
INDE Checking stopping criterion...   
INDE Order of convergence cannot be computed
TIDE stopping_criterion took      0.00 usr cpu s       0.00 sys cpu s       0.00 wall s
TIDE Iteration 7 took      0.01 usr cpu s       0.01 sys cpu s       0.00 wall s
INDE     ITERATION 8 :
TIDE purify_X took      0.00 usr cpu s       0.00 sys cpu s       0.00 wall s
TIDE truncate_matrix took      0.00 usr cpu s       0.00 sys cpu s       0.00 wall s
INDE Actual introduced error   0.000000e+00 : nnz before  5329 <-> 100.00 % , nnz after  5329 <-> 100.00 %
TIDE square took      0.00 usr cpu s       0.01 sys cpu s       0.00 wall s
INDE NNZ Xsq = 5329 <-> 100.00 %
TIDE Frobenius norm of X-X^2 took      0.00 usr cpu s       0.00 sys cpu s       0.00 wall s
TIDE Mixed norm of X-X^2 took      0.00 usr cpu s       0.00 sys cpu s       0.00 wall s
TIDE Trace of X-X^2 took      0.00 usr cpu s       0.00 sys cpu s       0.00 wall s
INDE ||X-X^2||_F = 8.779956e-01 , ||X-X^2||_mixed = 7.019869e-01
INDE trace(X-X^2) = 5.519986e+00
INDE trace(X) = 4.455479e+01
INDE Checking stopping criterion...   
INDE e_i =7.019869e-01, C*e_{i-1}^q = 5.616566e+00
INDE Order of convergence = 22.393435, stop = 0
TIDE stopping_criterion took      0.00 usr cpu s       0.00 sys cpu s       0.00 wall s
TIDE Iteration 8 took      0.00 usr cpu s       0.02 sys cpu s       0.00 wall s
INDE     ITERATION 9 :
TIDE purify_X took      0.00 usr cpu s       0.00 sys cpu s       0.00 wall s
TIDE truncate_matrix took      0.00 usr cpu s       0.00 sys cpu s       0.00 wall s
INDE Actual introduced error   0.000000e+00 : nnz before  5329 <-> 100.00 % , nnz after  5329 <-> 100.00 %
TIDE square took      0.00 usr cpu s       0.01 sys cpu s       0.00 wall s
INDE NNZ Xsq = 5329 <-> 100.00 %
TIDE Frobenius norm of X-X^2 took      0.00 usr cpu s       0.00 sys cpu s       0.00 wall s
TIDE Mixed norm of X-X^2 took      0.00 usr cpu s       0.00 sys cpu s       0.00 wall s
TIDE Trace of X-X^2 took      0.00 usr cpu s       0.00 sys cpu s       0.00 wall s
INDE ||X-X^2||_F = 1.082335e+00 , ||X-X^2||_mixed = 8.902105e-01
INDE trace(X-X^2) = 6.171467e+00
INDE trace(X) = 3.903481e+01
INDE Checking stopping criterion...   
INDE Order of convergence cannot be computed
TIDE stopping_criterion took      0.00 usr cpu s       0.00 sys cpu s       0.00 wall s
TIDE Iteration 9 took      0.01 usr cpu s       0.01 sys cpu s       0.00 wall s
INDE     ITERATION 10 :
TIDE purify_X took      0.00 usr cpu s       0.00 sys cpu s       0.00 wall s
TIDE truncate_matrix took      0.00 usr cpu s       0.00 sys cpu s       0.00 wall s
INDE Actual introduced error   0.000000e+00 : nnz before  5329 <-> 100.00 % , nnz after  5329 <-> 100.00 %
TIDE square took      0.00 usr cpu s       0.01 sys cpu s       0.00 wall s
INDE NNZ Xsq = 5329 <-> 100.00 %
TIDE Frobenius norm of X-X^2 took      0.00 usr cpu s       0.00 sys cpu s       0.00 wall s
TIDE Mixed norm of X-X^2 took      0.00 usr cpu s       0.00 sys cpu s       0.00 wall s
TIDE Trace of X-X^2 took      0.00 usr cpu s       0.00 sys cpu s       0.00 wall s
INDE ||X-X^2||_F = 5.862056e-01 , ||X-X^2||_mixed = 4.989164e-01
INDE trace(X-X^2) = 3.053033e+00
INDE trace(X) = 4.520627e+01
INDE Checking stopping criterion...   
INDE e_i =4.989164e-01, C*e_{i-1}^q = 3.393913e+00
INDE Order of convergence = 7.418543, stop = 0
TIDE stopping_criterion took      0.00 usr cpu s       0.00 sys cpu s       0.00 wall s
TIDE Iteration 10 took      0.00 usr cpu s       0.02 sys cpu s       0.00 wall s
INDE     ITERATION 11 :
TIDE purify_X took      0.00 usr cpu s       0.00 sys cpu s       0.00 wall s
TIDE truncate_matrix took      0.00 usr cpu s       0.00 sys cpu s       0.00 wall s
INDE Actual introduced error   0.000000e+00 : nnz before  5329 <-> 100.00 % , nnz after  5329 <-> 100.00 %
TIDE square took      0.00 usr cpu s       0.01 sys cpu s       0.00 wall s
INDE NNZ Xsq = 5329 <-> 100.00 %
TIDE Frobenius norm of X-X^2 took      0.00 usr cpu s       0.00 sys cpu s       0.00 wall s
TIDE Mixed norm of X-X^2 took      0.00 usr cpu s       0.00 sys cpu s       0.00 wall s
TIDE Trace of X-X^2 took      0.00 usr cpu s       0.00 sys cpu s       0.00 wall s
INDE ||X-X^2||_F = 7.909357e-01 , ||X-X^2||_mixed = 6.867951e-01
INDE trace(X-X^2) = 3.919277e+00
INDE trace(X) = 4.215324e+01
INDE Checking stopping criterion...   
INDE e_i =6.867951e-01, C*e_{i-1}^q = 5.457932e+00
INDE Order of convergence = 19.823189, stop = 0
TIDE stopping_criterion took      0.00 usr cpu s       0.00 sys cpu s       0.00 wall s
TIDE Iteration 11 took      0.00 usr cpu s       0.01 sys cpu s       0.00 wall s
INDE     ITERATION 12 :
TIDE purify_X took      0.00 usr cpu s       0.00 sys cpu s       0.00 wall s
TIDE truncate_matrix took      0.00 usr cpu s       0.00 sys cpu s       0.00 wall s
INDE Actual introduced error   0.000000e+00 : nnz before  5329 <-> 100.00 % , nnz after  5329 <-> 100.00 %
TIDE square took      0.00 usr cpu s       0.01 sys cpu s       0.00 wall s
INDE NNZ Xsq = 5329 <-> 100.00 %
TIDE Frobenius norm of X-X^2 took      0.00 usr cpu s       0.00 sys cpu s       0.00 wall s
TIDE Mixed norm of X-X^2 took      0.00 usr cpu s       0.00 sys cpu s       0.00 wall s
TIDE Trace of X-X^2 took      0.00 usr cpu s       0.00 sys cpu s       0.00 wall s
INDE ||X-X^2||_F = 3.238843e-01 , ||X-X^2||_mixed = 2.957369e-01
INDE trace(X-X^2) = 1.350787e+00
INDE trace(X) = 4.607252e+01
INDE Checking stopping criterion...   
INDE e_i =2.957369e-01, C*e_{i-1}^q = 1.714345e+00
INDE Order of convergence = 4.527361, stop = 0
TIDE stopping_criterion took      0.00 usr cpu s       0.00 sys cpu s       0.00 wall s
TIDE Iteration 12 took      0.00 usr cpu s       0.02 sys cpu s       0.00 wall s
INDE     ITERATION 13 :
TIDE purify_X took      0.00 usr cpu s       0.00 sys cpu s       0.00 wall s
TIDE truncate_matrix took      0.00 usr cpu s       0.00 sys cpu s       0.00 wall s
INDE Actual introduced error   0.000000e+00 : nnz before  5329 <-> 100.00 % , nnz after  5329 <-> 100.00 %
TIDE square took      0.00 usr cpu s       0.01 sys cpu s       0.00 wall s
INDE NNZ Xsq = 5329 <-> 100.00 %
TIDE Frobenius norm of X-X^2 took      0.00 usr cpu s       0.00 sys cpu s       0.00 wall s
TIDE Mixed norm of X-X^2 took      0.00 usr cpu s       0.00 sys cpu s       0.00 wall s
TIDE Trace of X-X^2 took      0.00 usr cpu s       0.00 sys cpu s       0.00 wall s
INDE ||X-X^2||_F = 2.390505e-01 , ||X-X^2||_mixed = 2.302236e-01
INDE trace(X-X^2) = 5.637630e-01
INDE trace(X) = 4.742330e+01
INDE Checking stopping criterion...   
INDE Order of convergence cannot be computed
TIDE stopping_criterion took      0.00 usr cpu s       0.00 sys cpu s       0.00 wall s
TIDE Iteration 13 took      0.00 usr cpu s       0.02 sys cpu s       0.00 wall s
INDE     ITERATION 14 :
TIDE purify_X took      0.00 usr cpu s       0.00 sys cpu s       0.00 wall s
TIDE truncate_matrix took      0.00 usr cpu s       0.00 sys cpu s       0.00 wall s
INDE Actual introduced error   0.000000e+00 : nnz before  5329 <-> 100.00 % , nnz after  5329 <-> 100.00 %
TIDE square took      0.00 usr cpu s       0.01 sys cpu s       0.00 wall s
INDE NNZ Xsq = 5329 <-> 100.00 %
TIDE Frobenius norm of X-X^2 took      0.00 usr cpu s       0.00 sys cpu s       0.00 wall s
TIDE Mixed norm of X-X^2 took      0.00 usr cpu s       0.00 sys cpu s       0.00 wall s
TIDE Trace of X-X^2 took      0.00 usr cpu s       0.00 sys cpu s       0.00 wall s
INDE ||X-X^2||_F = 9.500398e-02 , ||X-X^2||_mixed = 9.075816e-02
INDE trace(X-X^2) = 2.929327e-01
INDE trace(X) = 4.685954e+01
INDE Checking stopping criterion...   
INDE e_i =9.075816e-02, C*e_{i-1}^q = 6.023568e-01
INDE Order of convergence = 3.553538, stop = 0
TIDE stopping_criterion took      0.00 usr cpu s       0.00 sys cpu s       0.00 wall s
TIDE Iteration 14 took      0.00 usr cpu s       0.01 sys cpu s       0.00 wall s
INDE     ITERATION 15 :
TIDE purify_X took      0.00 usr cpu s       0.00 sys cpu s       0.00 wall s
TIDE truncate_matrix took      0.00 usr cpu s       0.00 sys cpu s       0.00 wall s
INDE Actual introduced error   0.000000e+00 : nnz before  5329 <-> 100.00 % , nnz after  5329 <-> 100.00 %
TIDE square took      0.00 usr cpu s       0.01 sys cpu s       0.00 wall s
INDE NNZ Xsq = 5329 <-> 100.00 %
TIDE Frobenius norm of X-X^2 took      0.00 usr cpu s       0.00 sys cpu s       0.00 wall s
TIDE Mixed norm of X-X^2 took      0.00 usr cpu s       0.00 sys cpu s       0.00 wall s
TIDE Trace of X-X^2 took      0.00 usr cpu s       0.00 sys cpu s       0.00 wall s
INDE ||X-X^2||_F = 9.360434e-02 , ||X-X^2||_mixed = 9.267089e-02
INDE trace(X-X^2) = 1.564969e-01
INDE trace(X) = 4.715247e+01
INDE Checking stopping criterion...   
INDE e_i =9.267089e-02, C*e_{i-1}^q = 3.650415e-01
INDE Order of convergence = 2.933446, stop = 0
TIDE stopping_criterion took      0.00 usr cpu s       0.00 sys cpu s       0.00 wall s
TIDE Iteration 15 took      0.01 usr cpu s       0.01 sys cpu s       0.00 wall s
INDE     ITERATION 16 :
TIDE purify_X took      0.00 usr cpu s       0.00 sys cpu s       0.00 wall s
TIDE truncate_matrix took      0.00 usr cpu s       0.00 sys cpu s       0.00 wall s
INDE Actual introduced error   0.000000e+00 : nnz before  5329 <-> 100.00 % , nnz after  5329 <-> 100.00 %
TIDE square took      0.00 usr cpu s       0.01 sys cpu s       0.00 wall s
INDE NNZ Xsq = 5329 <-> 100.00 %
TIDE Frobenius norm of X-X^2 took      0.00 usr cpu s       0.00 sys cpu s       0.00 wall s
TIDE Mixed norm of X-X^2 took      0.00 usr cpu s       0.00 sys cpu s       0.00 wall s
TIDE Trace of X-X^2 took      0.00 usr cpu s       0.00 sys cpu s       0.00 wall s
INDE ||X-X^2||_F = 1.094119e-02 , ||X-X^2||_mixed = 1.066106e-02
INDE trace(X-X^2) = 2.442466e-02
INDE trace(X) = 4.699598e+01
INDE Checking stopping criterion...   
INDE e_i =1.066106e-02, C*e_{i-1}^q = 5.673017e-02
INDE Order of convergence = 2.696674, stop = 0
TIDE stopping_criterion took      0.00 usr cpu s       0.00 sys cpu s       0.00 wall s
TIDE Iteration 16 took      0.00 usr cpu s       0.01 sys cpu s       0.00 wall s
INDE     ITERATION 17 :
TIDE purify_X took      0.00 usr cpu s       0.00 sys cpu s       0.00 wall s
TIDE truncate_matrix took      0.00 usr cpu s       0.00 sys cpu s       0.00 wall s
INDE Actual introduced error   0.000000e+00 : nnz before  5329 <-> 100.00 % , nnz after  5329 <-> 100.00 %
TIDE square took      0.00 usr cpu s       0.01 sys cpu s       0.00 wall s
INDE NNZ Xsq = 5329 <-> 100.00 %
TIDE Frobenius norm of X-X^2 took      0.00 usr cpu s       0.00 sys cpu s       0.00 wall s
TIDE Mixed norm of X-X^2 took      0.00 usr cpu s       0.00 sys cpu s       0.00 wall s
TIDE Trace of X-X^2 took      0.00 usr cpu s       0.00 sys cpu s       0.00 wall s
INDE ||X-X^2||_F = 1.476770e-02 , ||X-X^2||_mixed = 1.472624e-02
INDE trace(X-X^2) = 2.835586e-02
INDE trace(X) = 4.697155e+01
INDE Checking stopping criterion...   
INDE Order of convergence cannot be computed
TIDE stopping_criterion took      0.00 usr cpu s       0.00 sys cpu s       0.00 wall s
TIDE Iteration 17 took      0.00 usr cpu s       0.01 sys cpu s       0.00 wall s
INDE     ITERATION 18 :
TIDE purify_X took      0.00 usr cpu s       0.00 sys cpu s       0.00 wall s
TIDE truncate_matrix took      0.00 usr cpu s       0.00 sys cpu s       0.00 wall s
INDE Actual introduced error   0.000000e+00 : nnz before  5329 <-> 100.00 % , nnz after  5329 <-> 100.00 %
TIDE square took      0.00 usr cpu s       0.01 sys cpu s       0.00 wall s
INDE NNZ Xsq = 5329 <-> 100.00 %
TIDE Frobenius norm of X-X^2 took      0.00 usr cpu s       0.00 sys cpu s       0.00 wall s
TIDE Mixed norm of X-X^2 took      0.00 usr cpu s       0.00 sys cpu s       0.00 wall s
TIDE Trace of X-X^2 took      0.00 usr cpu s       0.00 sys cpu s       0.00 wall s
INDE ||X-X^2||_F = 1.954770e-04 , ||X-X^2||_mixed = 1.916476e-04
INDE trace(X-X^2) = 3.530910e-04
INDE trace(X) = 4.699991e+01
INDE Checking stopping criterion...   
INDE e_i =1.916476e-04, C*e_{i-1}^q = 7.827875e-04
INDE Order of convergence = 2.309878, stop = 0
TIDE stopping_criterion took      0.00 usr cpu s       0.00 sys cpu s       0.00 wall s
TIDE Iteration 18 took      0.01 usr cpu s       0.01 sys cpu s       0.00 wall s
INDE     ITERATION 19 :
TIDE purify_X took      0.00 usr cpu s       0.00 sys cpu s       0.00 wall s
TIDE truncate_matrix took      0.00 usr cpu s       0.00 sys cpu s       0.00 wall s
INDE Actual introduced error   0.000000e+00 : nnz before  5329 <-> 100.00 % , nnz after  5329 <-> 100.00 %
TIDE square took      0.00 usr cpu s       0.01 sys cpu s       0.00 wall s
INDE NNZ Xsq = 5329 <-> 100.00 %
TIDE Frobenius norm of X-X^2 took      0.00 usr cpu s       0.00 sys cpu s       0.00 wall s
TIDE Mixed norm of X-X^2 took      0.00 usr cpu s       0.00 sys cpu s       0.00 wall s
TIDE Trace of X-X^2 took      0.00 usr cpu s       0.00 sys cpu s       0.00 wall s
INDE ||X-X^2||_F = 2.451423e-04 , ||X-X^2||_mixed = 2.451320e-04
INDE trace(X-X^2) = 2.613104e-04
INDE trace(X) = 4.700026e+01
INDE Checking stopping criterion...   
INDE Order of convergence cannot be computed
TIDE stopping_criterion took      0.00 usr cpu s       0.00 sys cpu s       0.00 wall s
TIDE Iteration 19 took      0.00 usr cpu s       0.02 sys cpu s       0.00 wall s
INDE     ITERATION 20 :
TIDE purify_X took      0.00 usr cpu s       0.00 sys cpu s       0.00 wall s
TIDE truncate_matrix took      0.00 usr cpu s       0.00 sys cpu s       0.00 wall s
INDE Actual introduced error   0.000000e+00 : nnz before  5329 <-> 100.00 % , nnz after  5329 <-> 100.00 %
TIDE square took      0.00 usr cpu s       0.01 sys cpu s       0.00 wall s
INDE NNZ Xsq = 5329 <-> 100.00 %
TIDE Frobenius norm of X-X^2 took      0.00 usr cpu s       0.00 sys cpu s       0.00 wall s
TIDE Mixed norm of X-X^2 took      0.00 usr cpu s       0.00 sys cpu s       0.00 wall s
TIDE Trace of X-X^2 took      0.00 usr cpu s       0.00 sys cpu s       0.00 wall s
INDE ||X-X^2||_F = 7.061903e-08 , ||X-X^2||_mixed = 6.954023e-08
INDE trace(X-X^2) = 1.064993e-07
INDE trace(X) = 4.700000e+01
INDE Checking stopping criterion...   
INDE e_i =6.954023e-08, C*e_{i-1}^q = 2.529585e-07
INDE Order of convergence = 2.150858, stop = 0
TIDE stopping_criterion took      0.00 usr cpu s       0.00 sys cpu s       0.00 wall s
TIDE Iteration 20 took      0.00 usr cpu s       0.01 sys cpu s       0.00 wall s
INDE     ITERATION 21 :
TIDE purify_X took      0.00 usr cpu s       0.00 sys cpu s       0.00 wall s
TIDE truncate_matrix took      0.00 usr cpu s       0.00 sys cpu s       0.00 wall s
INDE Actual introduced error   0.000000e+00 : nnz before  5329 <-> 100.00 % , nnz after  5329 <-> 100.00 %
TIDE square took      0.00 usr cpu s       0.01 sys cpu s       0.00 wall s
INDE NNZ Xsq = 5329 <-> 100.00 %
TIDE Frobenius norm of X-X^2 took      0.00 usr cpu s       0.00 sys cpu s       0.00 wall s
TIDE Mixed norm of X-X^2 took      0.00 usr cpu s       0.00 sys cpu s       0.00 wall s
TIDE Trace of X-X^2 took      0.00 usr cpu s       0.00 sys cpu s       0.00 wall s
INDE ||X-X^2||_F = 7.491225e-08 , ||X-X^2||_mixed = 7.490443e-08
INDE trace(X-X^2) = 9.275050e-08
INDE trace(X) = 4.700000e+01
INDE Checking stopping criterion...   
INDE Order of convergence cannot be computed
TIDE stopping_criterion took      0.00 usr cpu s       0.00 sys cpu s       0.00 wall s
TIDE Iteration 21 took      0.00 usr cpu s       0.01 sys cpu s       0.00 wall s
INDE     ITERATION 22 :
TIDE purify_X took      0.00 usr cpu s       0.00 sys cpu s       0.00 wall s
TIDE truncate_matrix took      0.00 usr cpu s       0.00 sys cpu s       0.00 wall s
INDE Actual introduced error   0.000000e+00 : nnz before  5329 <-> 100.00 % , nnz after  5329 <-> 100.00 %
TIDE square took      0.00 usr cpu s       0.01 sys cpu s       0.00 wall s
INDE NNZ Xsq = 5329 <-> 100.00 %
TIDE Frobenius norm of X-X^2 took      0.00 usr cpu s       0.00 sys cpu s       0.00 wall s
TIDE Mixed norm of X-X^2 took      0.00 usr cpu s       0.00 sys cpu s       0.00 wall s
TIDE Trace of X-X^2 took      0.00 usr cpu s       0.00 sys cpu s       0.00 wall s
INDE ||X-X^2||_F = 9.182322e-15 , ||X-X^2||_mixed = 0.000000e+00
INDE trace(X-X^2) = 7.105427e-15
INDE trace(X) = 4.700000e+01
INDE Checking stopping criterion...   
INDE ************************************************************************************************************
INDE The norm value went much below machine precision, therefore we stop here since n_max can be underestimated.
INDE ************************************************************************************************************
INDE e_i =0.000000e+00, C*e_{i-1}^q = 3.330542e-14
INDE Order of convergence = inf, stop = 1
TIDE stopping_criterion took      0.00 usr cpu s       0.00 sys cpu s       0.00 wall s
INDE PURIFICATION CONVERGED after 22 iterations
TIDE Iteration 22 took      0.00 usr cpu s       0.01 sys cpu s       0.00 wall s
INDE Number of non-zeros in D is  5329 <-> 100.00 %
TIDE FileWritable::writeAndReadAll took      0.00 usr cpu s       0.00 sys cpu s       0.00 wall s
INDE writeAndReadAll sizesStr: '0 MB (1 MatrixGeneral, 0 > 1 MB) + 0 MB (13 MatrixSymmetric, 0 > 1 MB) + 0 MB (2 VectorGeneral, 0 > 1 MB) = 0 MB (16 total, 0 > 1 MB)
INDE TOTAL accumulated subspace error is 0.000000e+00
INDE TOTAL X square time: 0.038564 wall s
INDE TOTAL X trunction time: 0.001149 wall s
INDE TOTAL X purify (exl. X^2 computation) time: 0.000849 wall s
INDE TOTAL time to get number of non-zero elements: 0.000856 wall s
INDE TOTAL time to get mixed norm: 0.014708 wall s
INDE TOTAL time to get Frobenius norm: 0.000867 wall s
INDE TOTAL time for stopping criterion: 0.001073 wall s
INDE TOTAL time to get matrix trace: 0.000455 wall s
INDE Estimated bounds for the eigenvalues for the Fock matrix:
INDE LUMO: [ 0.209722083464 , 0.234425274702 ]
INDE HOMO: [ -0.321366542581 , -0.278453883310 ]
TIDE eigenvalue_bounds_estimation() took      0.00 usr cpu s       0.00 sys cpu s       0.00 wall s
TIDE Recursive expansion took      0.15 usr cpu s       0.62 sys cpu s       0.11 wall s
TIDE Puri->PurificationStart() took      0.15 usr cpu s       0.62 sys cpu s       0.11 wall s
TIDE Accumulated wall times for writeToFile in PurificationStart()          : 0 s (MatrixGeneral) + 3.1e-06 s (MatrixSymmetric) + 3.5e-05 s (VectorGeneral) = 3.8e-05 s
TIDE Accumulated wall times for readFromFile in PurificationStart()         : 0 s (MatrixGeneral) + 1.9e-06 s (MatrixSymmetric) + 9.5e-06 s (VectorGeneral) = 1.1e-05 s
TIDE Accumulated wall times for copy and assign in PurificationStart()      : 1.9e-06 s (MatrixSymmetric) + 3.3e-05 s (VectorGeneral) = 3.5e-05 s
INDE Number of calls to writeToFile in PurificationStart()                  : 2 (MatrixGeneral) + 27 (MatrixSymmetric) + 312 (VectorGeneral) = 341 
INDE Number of calls to readFromFile in PurificationStart()                 : 2 (MatrixGeneral) + 26 (MatrixSymmetric) + 118 (VectorGeneral) = 146 
INDE Number of calls to FileWritable copy and assign in PurificationStart() : 2 (MatrixSymmetric) + 24 (VectorGeneral) = 26 
TIDE mat::Gblas::time after purification :     0.564348
INDE Created .m files with results of the purification
INDE Purification converged OK, subspaceError <=          0.00000000000
INDE E(LUMO) - E(HOMO) >=          0.48817596677 =         13.28394485141 eV
INDE E(LUMO) - E(HOMO) <=          0.55579181728 =         15.12386588474 eV
INDE HOMO interval : [   -0.321366542581   -0.278453883310 ]
INDE LUMO interval : [    0.209722083464    0.234425274702 ]
INDE Trace of resulting density matrix is         47.00000000000, error is   0.00000000000000.
INDE Truncated D_ort ( mixed ), selected threshold = 9.99999e-08, returned error =          0, nnz before = 5329 <-> 100.0000 %, nnz after = 5329 <-> 100.0000 %
TIDE FileWritable::writeAndReadAll took      0.00 usr cpu s       0.00 sys cpu s       0.00 wall s
INDE writeAndReadAll sizesStr: '0 MB (1 MatrixGeneral, 0 > 1 MB) + 0 MB (12 MatrixSymmetric, 0 > 1 MB) + 0 MB (1 MatrixTriangular, 0 > 1 MB) = 0 MB (14 total, 0 > 1 MB)
TIDE D_w to non-orthogonal basis took      0.01 usr cpu s       0.00 sys cpu s       0.00 wall s
INDE Truncated D_S (eucl with Z), selected threshold = 9.99999e-08, returned error =          0, nnz before = 100.0000 %, nnz after = 100.0000 %
INDE get_dens_from_fock_sparse ending OK
TIDE get_dens_from_fock_sparse took      0.20 usr cpu s       0.78 sys cpu s       0.14 wall s
ERDE get_dens_from_fock  (GetDensFromFock class) : purification finished OK.
TIDE get_dens_from_fock took      0.20 usr cpu s       0.79 sys cpu s       0.14 wall s
INSC Matrix 'new density matrix' ( symm ): n =     73, nnz =         5329 <-> 100.00 %, mem usage  0.0000 G
INSC Tr( D * S ) =         94.00000000000
TISC get_new_density_matrix took      0.20 usr cpu s       0.79 sys cpu s       0.14 wall s
INSC SCF_restricted::report_density_difference, diff_eucl =          0.00002492459
TISC SCF_restricted::report_density_difference took      0.01 usr cpu s       0.04 sys cpu s       0.01 wall s
INMA ddf_writeShellListAndDensityMatricesToFile_sparse, n =     73, densityMatrixList[0].nvalues =        2701
INMA opened temporary file 'density.bin.Qr3cNz' for writing
INMA Choosing matrixStorageType = MATRIX_STORAGE_TYPE_TRIANGLE.
INMA fileSize =           46848 bytes =      0.047 MegaBytes
INMA renamed file 'density.bin.Qr3cNz' to 'density.bin'
INMA ddf_writeShellListAndDensityMatricesToFile_sparse freeing buffer.
INMA ddf_writeShellListAndDensityMatricesToFile_sparse returning OK.
TISC write_density_to_file took      0.00 usr cpu s       0.05 sys cpu s       0.01 wall s
INSC SCF cycle  17 finished.
TISC SCF cycle  17 took      8.08 usr cpu s       1.37 sys cpu s       2.28 wall s
INSC Beginning of SCF cycle 18:  Thu Mar 26 20:00:36 2026
INDE compute_J_by_boxes_sparse() start.
TIDE FileWritable::writeAndReadAll took      0.00 usr cpu s       0.00 sys cpu s       0.00 wall s
INDE writeAndReadAll: '0 MB (1 MatrixGeneral, 0 > 1 MB) + 0 MB (11 MatrixSymmetric, 0 > 1 MB) = 0 MB (12 total, 0 > 1 MB)
IN   compute_J_by_boxes_sparse, maxDensityMatrixElement =          2.11091349702
ININ get_basis_func_pair_list, n =     73
ININ create_box_system end OK, toplevelBoxSize:   7.0, #levels:  3, #boxes at top level:      6
TIIN get_basis_func_pair_list_2el took      0.09 usr cpu s       0.21 sys cpu s       0.04 wall s
IN   compute_J_by_boxes_sparse: noOfBasisFuncIndexPairs = 2598 ==> storing  48.75 % of a full matrix
ININ entering compute_J_by_boxes_linear, no of basis funcs =    73, threshold_J =   1e-12
ININ use_fmm = 1, fmm_box_size =   5.00
TIIN Compute extent for all distrs took      0.05 usr cpu s       0.00 sys cpu s       0.05 wall s
ININ extent_min =    0.000, extent_max =    8.395
ININ Creating list of distributions etc done, distrCount =     36059
TIIN Creating list of distributions etc took      0.14 usr cpu s       0.18 sys cpu s       0.09 wall s
ININ create_box_system end OK, toplevelBoxSize:   5.0, #levels:  3, #boxes at top level:     10
TIIN Creating boxes took      0.00 usr cpu s       0.00 sys cpu s       0.00 wall s
ININ noOfBranches = 4, splitters:   5.00  2.50  0.00
ININ J org done, groupCount =     3008
TIIN J org took      0.12 usr cpu s       0.00 sys cpu s       0.12 wall s
TIIN Generate group multipoles took      0.08 usr cpu s       0.00 sys cpu s       0.08 wall s
ININ totChargeWholeSystem =          0.00000000000
ININ Generating multipole for each branch at top level, MAX_MULTIPOLE_DEGREE = 15
TIIN Translate multipoles (step 1) took      0.08 usr cpu s       0.00 sys cpu s       0.08 wall s
TIIN Translate multipoles (step 2) took      0.07 usr cpu s       0.00 sys cpu s       0.07 wall s
ININ job lists for J created OK, noOfJobs_J_standard =      759, noOfJobs_J_multipole =      122
TIIN Creating job lists for J took      0.00 usr cpu s       0.00 sys cpu s       0.00 wall s
ININ execute_joblist_J_std_threaded, noOfThreads =  8
ININ 8 threads started OK.
ININ all 8 threads have finished.
TIIN execute_joblist_J_std_threaded took      3.41 usr cpu s       0.00 sys cpu s       0.54 wall s
TIIN sort_list_of_multipole_jobs init part took      0.00 usr cpu s       0.00 sys cpu s       0.00 wall s
TIIN sort_list_of_multipole_jobs complete took      0.00 usr cpu s       0.00 sys cpu s       0.00 wall s
TIIN sort_list_of_multipole_jobs took      0.00 usr cpu s       0.00 sys cpu s       0.00 wall s
ININ execute_joblist_J_fmm_shared: Allocating multipoleList_4, maxnoOfMinimalDistrsPerBoxBranch =      7533
ININ execute_joblist_J_fmm_shared: Allocating multipoleList_4, maxnoOfMinimalDistrsPerBoxBranch =      7533
ININ execute_joblist_J_fmm_shared: Allocating multipoleList_4, maxnoOfMinimalDistrsPerBoxBranch =      7533
ININ execute_joblist_J_fmm_shared: jobIndexLo =            0, jobIndexHi =           15
ININ execute_joblist_J_fmm_shared: jobIndexLo =           30, jobIndexHi =           45
ININ execute_joblist_J_fmm_shared: jobIndexLo =           45, jobIndexHi =           61
ININ execute_joblist_J_fmm_shared: Allocating multipoleList_4, maxnoOfMinimalDistrsPerBoxBranch =      7533
ININ execute_joblist_J_fmm_shared: jobIndexLo =           15, jobIndexHi =           30
ININ execute_joblist_J_fmm_shared: Allocating multipoleList_4, maxnoOfMinimalDistrsPerBoxBranch =      7533
ININ execute_joblist_J_fmm_shared: jobIndexLo =           61, jobIndexHi =           76
ININ execute_joblist_J_fmm_shared: Allocating multipoleList_4, maxnoOfMinimalDistrsPerBoxBranch =      7533
ININ execute_joblist_J_fmm_shared: jobIndexLo =           76, jobIndexHi =           91
ININ execute_joblist_J_fmm_shared: Allocating multipoleList_4, maxnoOfMinimalDistrsPerBoxBranch =      7533
ININ execute_joblist_J_fmm_shared: jobIndexLo =           91, jobIndexHi =          106
ININ execute_joblist_J_fmm_shared: Allocating multipoleList_4, maxnoOfMinimalDistrsPerBoxBranch =      7533
ININ execute_joblist_J_fmm_shared: jobIndexLo =          106, jobIndexHi =          122
ININ execute_joblist_J_fmm_shared: done!
ININ execute_joblist_J_fmm_shared: done!
ININ execute_joblist_J_fmm_shared: done!
ININ execute_joblist_J_fmm_shared: done!
ININ execute_joblist_J_fmm_shared: done!
ININ execute_joblist_J_fmm_shared: done!
ININ execute_joblist_J_fmm_shared: done!
ININ execute_joblist_J_fmm_shared: done!
ININ multipole job list for J executed, largest L used: 13
TIIN Executing multipole job list for J took      0.05 usr cpu s       0.00 sys cpu s       0.03 wall s
ININ compute_J_by_boxes_linear ending OK.
TIIN compute_J_by_boxes_linear took      3.95 usr cpu s       0.18 sys cpu s       1.02 wall s
TI   compute_J_by_boxes_sparse total took      4.04 usr cpu s       0.40 sys cpu s       1.06 wall s
ININ entering create_CSR_for_K, no of basis funcs =    73, threshold_K =   1e-12
ININ create_box_system end OK, toplevelBoxSize:   7.0, #levels:  3, #boxes at top level:      6
ININ create_box_system end OK, toplevelBoxSize:   7.0, #levels:  3, #boxes at top level:      6
ININ create_box_system end OK, toplevelBoxSize:   7.0, #levels:  3, #boxes at top level:      6
TIIN create_CSR_for_K getting list of distrs took      0.04 usr cpu s       0.00 sys cpu s       0.04 wall s
ININ list of neighbors complete.
TIIN create_CSR_for_K getting list of neighbors took      0.00 usr cpu s       0.00 sys cpu s       0.00 wall s
TIIN create_CSR_for_K sort each list of neighbors took      0.00 usr cpu s       0.00 sys cpu s       0.00 wall s
ININ 8 threads started OK.
TIIN identify_needed_elements() took      0.72 usr cpu s       0.00 sys cpu s       0.10 wall s
ININ computing nnz..
ININ create_CSR_for_K: predicted nnz =         2701, <->  50.68% of a full matrix
TIIN create_CSR_for_K last part took      0.00 usr cpu s       0.00 sys cpu s       0.00 wall s
TIIN create_CSR_for_K total took      0.77 usr cpu s       0.00 sys cpu s       0.14 wall s
ININ entering compute_K_by_boxes, no of basis funcs =    73, threshold_K =   1e-12, exchange_box_size =   5.00
ININ create_box_system end OK, toplevelBoxSize:   7.0, #levels:  3, #boxes at top level:      6
ININ create_box_system end OK, toplevelBoxSize:   7.0, #levels:  3, #boxes at top level:      6
ININ create_box_system end OK, toplevelBoxSize:   7.0, #levels:  3, #boxes at top level:      6
TIIN Compute extent for all distrs took      0.05 usr cpu s       0.00 sys cpu s       0.05 wall s
ININ Creating list of distributions done, distrCountTot =     36059
TIIN Creating list of distributions took      0.08 usr cpu s       0.00 sys cpu s       0.08 wall s
ININ create_box_system end OK, toplevelBoxSize:   5.0, #levels:  3, #boxes at top level:     10
ININ create_box_system end OK, toplevelBoxSize:   2.5, #levels:  4, #boxes at top level:     16
ININ noOfLevelsBasisFuncs = 4, noOfLevelsDiff = 1
TIIN Creating boxes etc took      0.00 usr cpu s       0.00 sys cpu s       0.00 wall s
TIIN getting multipoleNormVectorList took      0.07 usr cpu s       0.00 sys cpu s       0.07 wall s
TIIN K organize_distributions for all boxes took      0.12 usr cpu s       0.00 sys cpu s       0.12 wall s
ININ starting loop to setup basisFuncGroupInfoList, with added index checks.
TIIN GetLimitsAllLevels took      0.03 usr cpu s       0.00 sys cpu s       0.03 wall s
ININ getDmatLimitMatrixCSRList start.
TIIN getting densityMatrixLimitMatrixList took      0.00 usr cpu s       0.00 sys cpu s       0.00 wall s
ININ job list for K created,       55 jobs
TIIN creating job list for K took      0.00 usr cpu s       0.00 sys cpu s       0.00 wall s
ININ execute_joblist_K_threaded, noOfThreads =  8, basisFuncListCount_max =    67
ININ 8 threads started OK.
ININ all 8 threads have finished, took        0 wall s.
TIIN Executing job list for K took      2.18 usr cpu s       0.00 sys cpu s       0.50 wall s
TIIN compute_K_by_boxes took      2.48 usr cpu s       0.00 sys cpu s       0.80 wall s
TI   compute_K_by_boxes_sparse total took      3.25 usr cpu s       0.01 sys cpu s       0.94 wall s
INSC About to truncate FockMatrix, gap of Fprev >=          0.48817596677
TISC symmMatrix::mixed_diff for F vs Fprev maxEigValMovement_mixed took      0.00 usr cpu s       0.00 sys cpu s       0.00 wall s
TISC symmMatrix::eucl_diff for maxEigValMovement_eucl  took      0.01 usr cpu s       0.02 sys cpu s       0.01 wall s
INSC maxEigValMovement_frob  =          0.00000978230
INSC maxEigValMovement_mixed =          0.00000838931
INSC maxEigValMovement_eucl  =          0.00000371459
TISC FockMatrix.eucl_thresh() (with Z) took      0.01 usr cpu s       0.01 sys cpu s       0.00 wall s
INSC Truncated FockMatrix (eucl with Z), selected threshold = 4.88168e-08, returned error =          0, nnz before = 100.0000 %, nnz after = 100.0000 %
INSC Matrix 'S' ( symm ): n =     73, nnz =         5329 <-> 100.00 %, mem usage  0.0000 G
INSC Matrix 'F' ( symm ): n =     73, nnz =         5329 <-> 100.00 %, mem usage  0.0000 G
INSC Matrix 'D' ( symm ): n =     73, nnz =         5329 <-> 100.00 %, mem usage  0.0000 G
INSC nuclearEnergy, energy_2el, energy = 782.160484, 1010.855918, -636.642060
INSC Energy  18 =       -636.64205981386  ( diff     -0.000000000189630 )
INSC calling compute_FDSminusSDF_sparse, n = 73
INDE compute_FDSminusSDF_sparse() start.
TIDE FileWritable::writeAndReadAll took      0.00 usr cpu s       0.00 sys cpu s       0.00 wall s
INDE writeAndReadAll: '0 MB (1 MatrixGeneral, 0 > 1 MB) + 0 MB (9 MatrixSymmetric, 0 > 1 MB) = 0 MB (10 total, 0 > 1 MB)
TISC compute_FDSminusSDF_sparse, F*D mult took      0.00 usr cpu s       0.00 sys cpu s       0.00 wall s
INSC Matrix 'FD before eucl truncation' (normal): n =     73, nnz =         5329 <-> 100.00 %, mem usage  0.0000 G
INSC Matrix 'FD after  eucl truncation' (normal): n =     73, nnz =         5329 <-> 100.00 %, mem usage  0.0000 G
INSC Matrix 'FDS before eucl truncation' (normal): n =     73, nnz =         5329 <-> 100.00 %, mem usage  0.0000 G
INSC Matrix 'FDS after  eucl truncation' (normal): n =     73, nnz =         5329 <-> 100.00 %, mem usage  0.0000 G
INSC compute_FDSminusSDF_sparse ending OK.
TISC compute_FDSminusSDF_sparse took      0.00 usr cpu s       0.01 sys cpu s       0.00 wall s
INSC Matrix 'FDS-SDF' (normal): n =     73, nnz =         5329 <-> 100.00 %, mem usage  0.0000 G
INSC SCF_restricted::get_FDSminusSDF finished.
TISC get_FDSminusSDF took      0.00 usr cpu s       0.01 sys cpu s       0.00 wall s
INSC maxabs FDS-SDF is 1.67e-06
INSC frob   FDS-SDF is  5.7e-06
TISC get_error_measure took      0.00 usr cpu s       0.00 sys cpu s       0.00 wall s
INSC entering DIISManagerRestricted::AddIterationToList, IterCount = 10
INSC DIISManagerRestricted::AddIterationToList ending OK.
TISC DIISManagerRestricted::AddIterationToList took      0.00 usr cpu s       0.00 sys cpu s       0.00 wall s
INSC using DIIS to get combined Fock matrix, number of iters used for DIIS: 10
TISC clear_error_matrices took      0.00 usr cpu s       0.00 sys cpu s       0.00 wall s
TISC save_current_fock_as_fprev took      0.00 usr cpu s       0.00 sys cpu s       0.00 wall s
INDE get_dens_from_fock_general, n = 73, use_diagonalization = 0, use_diag_on_error = 1
INDE Before writeAndReadAll(): AllocatorManager statistics:  noOfRealsPerBuffer: 1024 noOfBuffers: 20000 list.size(): 1. Allocated: 0.164 GB, Used: 0.000868 GB, Peak alloc: 0.164 GB.
TIDE FileWritable::writeAndReadAll took      0.00 usr cpu s       0.00 sys cpu s       0.00 wall s
INDE writeAndReadAll sizesStr: '0 MB (1 MatrixGeneral, 0 > 1 MB) + 0 MB (7 MatrixSymmetric, 0 > 1 MB) = 0 MB (8 total, 0 > 1 MB)
INDE After writeAndReadAll(): AllocatorManager statistics:  noOfRealsPerBuffer: 1024 noOfBuffers: 20000 list.size(): 1. Allocated: 0.164 GB, Used: 0.000868 GB, Peak alloc: 0.164 GB.
INDE calling get_dens_from_fock_sparse, n =     73, subspaceErrorLimit = 1e-06
INDE get_dens_from_fock_sparse() start!
INDE After F.readFromFile(): AllocatorManager statistics:  noOfRealsPerBuffer: 1024 noOfBuffers: 20000 list.size(): 1. Allocated: 0.164 GB, Used: 0.000868 GB, Peak alloc: 0.164 GB.
INDE After creating wrapper MatrixType F_w(F): AllocatorManager statistics:  noOfRealsPerBuffer: 1024 noOfBuffers: 20000 list.size(): 1. Allocated: 0.164 GB, Used: 0.000893 GB, Peak alloc: 0.164 GB.
TIDE  F_w to orthogonal basis took      0.00 usr cpu s       0.00 sys cpu s       0.00 wall s
TIDE MatrixType::mixed_diff for maxEigValMovement_mixed took      0.00 usr cpu s       0.01 sys cpu s       0.00 wall s
TIDE symmMatrixWrap::eucl_diff for maxEigValMovement_eucl  took      0.01 usr cpu s       0.04 sys cpu s       0.01 wall s
INDE maxEigValMovement_frob  =          0.00000877743
INDE maxEigValMovement_mixed =          0.00000735205
INDE maxEigValMovement_eucl  =          0.00000371846
INDE lumo before truncation: [ 0.209718365004 , 0.234428993162 ]
INDE homo before truncation: [ -0.321370261041 , -0.278450164850 ]
INDE Truncate matrix F and update intervals for homo and lumo.
INDE Truncating F_ort ( mixed ), selected threshold = 4.88168e-08
INDE Truncated F_ort ( mixed ), selected threshold = 4.88168e-08, returned error =          0, nnz before = 100.0000 %, nnz after = 100.0000 %
TIDE Truncation of F_ort took      0.00 usr cpu s       0.00 sys cpu s       0.00 wall s
INDE Chosen Ergo Wrapper
INDE Creating purification object: N = 73 , nocc = 47 , NNZ = 5329  <-> 100.00000 %
INDE Chosen norm for the truncation: 
INDE mixed
INDE Chosen norm for the stopping criterion: 
INDE mixed
INDE Chosen the NEW stopping criterion.
INDE Allowed error in subspace 7.000000e-07
INDE Chosen SP2 purification method
INDE calling Puri->PurificationStart(), number of threads = 1, trunc norm 'mixed'
TIDE gershgorin took      0.00 usr cpu s       0.00 sys cpu s       0.00 wall s
INDE Gershgorin bounds: [ -24.388271827487 , 5.987652965461 ]
INDE EXPANDED Gershgorin bounds: [ -24.388271842388 , 5.987652980362 ]
INDE Trying to impove bounds using Lanczos algorithm...
TIDE compute_spectrum_bounds took      0.04 usr cpu s       0.15 sys cpu s       0.02 wall s
INDE Spectrum of F: 	 [ -20.320312909975 , 1.134629613173 ]
INDE Transform homo and lumo bounds...
INDE HOMO bounds of X: 	 [ 0.065862669010 , 0.067863144944 ]
INDE LUMO bounds of X: 	 [ 0.041957726945 , 0.043109472196 ]
INDE INIT LUMO: [ 0.041957726945 , 0.043109472196 ]
INDE INIT HOMO: [ 0.932136855056 , 0.934137330990 ]
INDE ESTIMATED NUMBER OF ITERATIONS IS 24
INDE Put eigenvalues of F to the interval [0,1] in reverse order.
TIDE compute_X() took      0.00 usr cpu s       0.00 sys cpu s       0.00 wall s
TIDE prepare_to_purification() took      0.04 usr cpu s       0.15 sys cpu s       0.02 wall s
INDE (EIGV,PARAMS) Requested 0 occipied eigenpair(s).
INDE (EIGV,PARAMS) Requested 0 unoccipied eigenpair(s).
TIDE prepare_to_purification_eigenvectors() took      0.00 usr cpu s       0.00 sys cpu s       0.00 wall s
INDE Starting recursive expansion
INDE     BEFORE ITERATIONS:
TIDE truncate_matrix took      0.00 usr cpu s       0.00 sys cpu s       0.00 wall s
INDE Actual introduced error   0.000000e+00 : nnz before  5329 <-> 100.00 % , nnz after  5329 <-> 100.00 %
TIDE square took      0.00 usr cpu s       0.00 sys cpu s       0.00 wall s
INDE NNZ Xsq = 5329 <-> 100.00 %
TIDE Frobenius norm of X-X^2 took      0.00 usr cpu s       0.00 sys cpu s       0.00 wall s
TIDE Mixed norm of X-X^2 took      0.00 usr cpu s       0.01 sys cpu s       0.00 wall s
TIDE Trace of X-X^2 took      0.00 usr cpu s       0.00 sys cpu s       0.00 wall s
INDE ||X-X^2||_F = 8.726920e-01 , ||X-X^2||_mixed = 6.497861e-01
INDE trace(X-X^2) = 5.359278e+00
INDE trace(X) = 1.253024e+01
TIDE Iteration 0 took      0.00 usr cpu s       0.01 sys cpu s       0.00 wall s
TIDE FileWritable::writeAndReadAll took      0.00 usr cpu s       0.00 sys cpu s       0.00 wall s
INDE writeAndReadAll sizesStr: '0 MB (1 MatrixGeneral, 0 > 1 MB) + 0 MB (13 MatrixSymmetric, 0 > 1 MB) + 0 MB (2 VectorGeneral, 0 > 1 MB) = 0 MB (16 total, 0 > 1 MB)
INDE     ITERATION 1 :
TIDE purify_X took      0.00 usr cpu s       0.00 sys cpu s       0.00 wall s
TIDE truncate_matrix took      0.00 usr cpu s       0.00 sys cpu s       0.00 wall s
INDE Actual introduced error   0.000000e+00 : nnz before  5329 <-> 100.00 % , nnz after  5329 <-> 100.00 %
TIDE square took      0.00 usr cpu s       0.00 sys cpu s       0.00 wall s
INDE NNZ Xsq = 5329 <-> 100.00 %
TIDE Frobenius norm of X-X^2 took      0.00 usr cpu s       0.00 sys cpu s       0.00 wall s
TIDE Mixed norm of X-X^2 took      0.00 usr cpu s       0.00 sys cpu s       0.00 wall s
TIDE Trace of X-X^2 took      0.00 usr cpu s       0.00 sys cpu s       0.00 wall s
INDE ||X-X^2||_F = 9.393547e-01 , ||X-X^2||_mixed = 7.167174e-01
INDE trace(X-X^2) = 6.947178e+00
INDE trace(X) = 1.788951e+01
TIDE Iteration 1 took      0.00 usr cpu s       0.01 sys cpu s       0.00 wall s
INDE     ITERATION 2 :
TIDE purify_X took      0.00 usr cpu s       0.00 sys cpu s       0.00 wall s
TIDE truncate_matrix took      0.00 usr cpu s       0.00 sys cpu s       0.00 wall s
INDE Actual introduced error   0.000000e+00 : nnz before  5329 <-> 100.00 % , nnz after  5329 <-> 100.00 %
TIDE square took      0.00 usr cpu s       0.00 sys cpu s       0.00 wall s
INDE NNZ Xsq = 5329 <-> 100.00 %
TIDE Frobenius norm of X-X^2 took      0.00 usr cpu s       0.00 sys cpu s       0.00 wall s
TIDE Mixed norm of X-X^2 took      0.00 usr cpu s       0.01 sys cpu s       0.00 wall s
TIDE Trace of X-X^2 took      0.00 usr cpu s       0.00 sys cpu s       0.00 wall s
INDE ||X-X^2||_F = 1.278729e+00 , ||X-X^2||_mixed = 9.883871e-01
INDE trace(X-X^2) = 9.180785e+00
INDE trace(X) = 2.483669e+01
INDE Checking stopping criterion...   
INDE Order of convergence cannot be computed
TIDE stopping_criterion took      0.00 usr cpu s       0.00 sys cpu s       0.00 wall s
TIDE Iteration 2 took      0.00 usr cpu s       0.01 sys cpu s       0.00 wall s
INDE     ITERATION 3 :
TIDE purify_X took      0.00 usr cpu s       0.00 sys cpu s       0.00 wall s
TIDE truncate_matrix took      0.00 usr cpu s       0.00 sys cpu s       0.00 wall s
INDE Actual introduced error   0.000000e+00 : nnz before  5329 <-> 100.00 % , nnz after  5329 <-> 100.00 %
TIDE square took      0.00 usr cpu s       0.00 sys cpu s       0.00 wall s
INDE NNZ Xsq = 5329 <-> 100.00 %
TIDE Frobenius norm of X-X^2 took      0.00 usr cpu s       0.00 sys cpu s       0.00 wall s
TIDE Mixed norm of X-X^2 took      0.00 usr cpu s       0.01 sys cpu s       0.00 wall s
TIDE Trace of X-X^2 took      0.00 usr cpu s       0.00 sys cpu s       0.00 wall s
INDE ||X-X^2||_F = 1.590085e+00 , ||X-X^2||_mixed = 1.196470e+00
INDE trace(X-X^2) = 1.156537e+01
INDE trace(X) = 3.401748e+01
INDE Checking stopping criterion...   
INDE Order of convergence cannot be computed
TIDE stopping_criterion took      0.00 usr cpu s       0.00 sys cpu s       0.00 wall s
TIDE Iteration 3 took      0.00 usr cpu s       0.01 sys cpu s       0.00 wall s
INDE     ITERATION 4 :
TIDE purify_X took      0.00 usr cpu s       0.00 sys cpu s       0.00 wall s
TIDE truncate_matrix took      0.00 usr cpu s       0.00 sys cpu s       0.00 wall s
INDE Actual introduced error   0.000000e+00 : nnz before  5329 <-> 100.00 % , nnz after  5329 <-> 100.00 %
TIDE square took      0.00 usr cpu s       0.00 sys cpu s       0.00 wall s
INDE NNZ Xsq = 5329 <-> 100.00 %
TIDE Frobenius norm of X-X^2 took      0.00 usr cpu s       0.00 sys cpu s       0.00 wall s
TIDE Mixed norm of X-X^2 took      0.00 usr cpu s       0.00 sys cpu s       0.00 wall s
TIDE Trace of X-X^2 took      0.00 usr cpu s       0.00 sys cpu s       0.00 wall s
INDE ||X-X^2||_F = 1.468983e+00 , ||X-X^2||_mixed = 1.076604e+00
INDE trace(X-X^2) = 1.099371e+01
INDE trace(X) = 4.558285e+01
INDE Checking stopping criterion...   
INDE Order of convergence cannot be computed
TIDE stopping_criterion took      0.00 usr cpu s       0.00 sys cpu s       0.00 wall s
TIDE Iteration 4 took      0.00 usr cpu s       0.01 sys cpu s       0.00 wall s
INDE     ITERATION 5 :
TIDE purify_X took      0.00 usr cpu s       0.00 sys cpu s       0.00 wall s
TIDE truncate_matrix took      0.00 usr cpu s       0.00 sys cpu s       0.00 wall s
INDE Actual introduced error   0.000000e+00 : nnz before  5329 <-> 100.00 % , nnz after  5329 <-> 100.00 %
TIDE square took      0.00 usr cpu s       0.00 sys cpu s       0.00 wall s
INDE NNZ Xsq = 5329 <-> 100.00 %
TIDE Frobenius norm of X-X^2 took      0.00 usr cpu s       0.00 sys cpu s       0.00 wall s
TIDE Mixed norm of X-X^2 took      0.00 usr cpu s       0.00 sys cpu s       0.00 wall s
TIDE Trace of X-X^2 took      0.00 usr cpu s       0.00 sys cpu s       0.00 wall s
INDE ||X-X^2||_F = 1.474468e+00 , ||X-X^2||_mixed = 1.142927e+00
INDE trace(X-X^2) = 1.012542e+01
INDE trace(X) = 3.458914e+01
INDE Checking stopping criterion...   
INDE Order of convergence cannot be computed
TIDE stopping_criterion took      0.00 usr cpu s       0.00 sys cpu s       0.00 wall s
TIDE Iteration 5 took      0.00 usr cpu s       0.01 sys cpu s       0.00 wall s
INDE     ITERATION 6 :
TIDE purify_X took      0.00 usr cpu s       0.00 sys cpu s       0.00 wall s
TIDE truncate_matrix took      0.00 usr cpu s       0.00 sys cpu s       0.00 wall s
INDE Actual introduced error   0.000000e+00 : nnz before  5329 <-> 100.00 % , nnz after  5329 <-> 100.00 %
TIDE square took      0.00 usr cpu s       0.00 sys cpu s       0.00 wall s
INDE NNZ Xsq = 5329 <-> 100.00 %
TIDE Frobenius norm of X-X^2 took      0.00 usr cpu s       0.00 sys cpu s       0.00 wall s
TIDE Mixed norm of X-X^2 took      0.00 usr cpu s       0.01 sys cpu s       0.00 wall s
TIDE Trace of X-X^2 took      0.00 usr cpu s       0.00 sys cpu s       0.00 wall s
INDE ||X-X^2||_F = 1.188985e+00 , ||X-X^2||_mixed = 9.030547e-01
INDE trace(X-X^2) = 8.455421e+00
INDE trace(X) = 4.471455e+01
INDE Checking stopping criterion...   
INDE Order of convergence cannot be computed
TIDE stopping_criterion took      0.00 usr cpu s       0.00 sys cpu s       0.00 wall s
TIDE Iteration 6 took      0.00 usr cpu s       0.01 sys cpu s       0.00 wall s
INDE     ITERATION 7 :
TIDE purify_X took      0.00 usr cpu s       0.00 sys cpu s       0.00 wall s
TIDE truncate_matrix took      0.00 usr cpu s       0.00 sys cpu s       0.00 wall s
INDE Actual introduced error   0.000000e+00 : nnz before  5329 <-> 100.00 % , nnz after  5329 <-> 100.00 %
TIDE square took      0.00 usr cpu s       0.00 sys cpu s       0.00 wall s
INDE NNZ Xsq = 5329 <-> 100.00 %
TIDE Frobenius norm of X-X^2 took      0.00 usr cpu s       0.00 sys cpu s       0.00 wall s
TIDE Mixed norm of X-X^2 took      0.00 usr cpu s       0.00 sys cpu s       0.00 wall s
TIDE Trace of X-X^2 took      0.00 usr cpu s       0.00 sys cpu s       0.00 wall s
INDE ||X-X^2||_F = 1.310622e+00 , ||X-X^2||_mixed = 1.044187e+00
INDE trace(X-X^2) = 8.295662e+00
INDE trace(X) = 3.625913e+01
INDE Checking stopping criterion...   
INDE Order of convergence cannot be computed
TIDE stopping_criterion took      0.00 usr cpu s       0.00 sys cpu s       0.00 wall s
TIDE Iteration 7 took      0.00 usr cpu s       0.01 sys cpu s       0.00 wall s
INDE     ITERATION 8 :
TIDE purify_X took      0.00 usr cpu s       0.00 sys cpu s       0.00 wall s
TIDE truncate_matrix took      0.00 usr cpu s       0.00 sys cpu s       0.00 wall s
INDE Actual introduced error   0.000000e+00 : nnz before  5329 <-> 100.00 % , nnz after  5329 <-> 100.00 %
TIDE square took      0.00 usr cpu s       0.00 sys cpu s       0.00 wall s
INDE NNZ Xsq = 5329 <-> 100.00 %
TIDE Frobenius norm of X-X^2 took      0.00 usr cpu s       0.00 sys cpu s       0.00 wall s
TIDE Mixed norm of X-X^2 took      0.00 usr cpu s       0.00 sys cpu s       0.00 wall s
TIDE Trace of X-X^2 took      0.00 usr cpu s       0.00 sys cpu s       0.00 wall s
INDE ||X-X^2||_F = 8.779954e-01 , ||X-X^2||_mixed = 7.019868e-01
INDE trace(X-X^2) = 5.519985e+00
INDE trace(X) = 4.455480e+01
INDE Checking stopping criterion...   
INDE e_i =7.019868e-01, C*e_{i-1}^q = 5.616566e+00
INDE Order of convergence = 22.393429, stop = 0
TIDE stopping_criterion took      0.00 usr cpu s       0.00 sys cpu s       0.00 wall s
TIDE Iteration 8 took      0.00 usr cpu s       0.01 sys cpu s       0.00 wall s
INDE     ITERATION 9 :
TIDE purify_X took      0.00 usr cpu s       0.00 sys cpu s       0.00 wall s
TIDE truncate_matrix took      0.00 usr cpu s       0.00 sys cpu s       0.00 wall s
INDE Actual introduced error   0.000000e+00 : nnz before  5329 <-> 100.00 % , nnz after  5329 <-> 100.00 %
TIDE square took      0.00 usr cpu s       0.00 sys cpu s       0.00 wall s
INDE NNZ Xsq = 5329 <-> 100.00 %
TIDE Frobenius norm of X-X^2 took      0.00 usr cpu s       0.00 sys cpu s       0.00 wall s
TIDE Mixed norm of X-X^2 took      0.00 usr cpu s       0.00 sys cpu s       0.00 wall s
TIDE Trace of X-X^2 took      0.00 usr cpu s       0.00 sys cpu s       0.00 wall s
INDE ||X-X^2||_F = 1.082334e+00 , ||X-X^2||_mixed = 8.902104e-01
INDE trace(X-X^2) = 6.171466e+00
INDE trace(X) = 3.903481e+01
INDE Checking stopping criterion...   
INDE Order of convergence cannot be computed
TIDE stopping_criterion took      0.00 usr cpu s       0.00 sys cpu s       0.00 wall s
TIDE Iteration 9 took      0.00 usr cpu s       0.01 sys cpu s       0.00 wall s
INDE     ITERATION 10 :
TIDE purify_X took      0.00 usr cpu s       0.00 sys cpu s       0.00 wall s
TIDE truncate_matrix took      0.00 usr cpu s       0.00 sys cpu s       0.00 wall s
INDE Actual introduced error   0.000000e+00 : nnz before  5329 <-> 100.00 % , nnz after  5329 <-> 100.00 %
TIDE square took      0.00 usr cpu s       0.00 sys cpu s       0.00 wall s
INDE NNZ Xsq = 5329 <-> 100.00 %
TIDE Frobenius norm of X-X^2 took      0.00 usr cpu s       0.00 sys cpu s       0.00 wall s
TIDE Mixed norm of X-X^2 took      0.00 usr cpu s       0.01 sys cpu s       0.00 wall s
TIDE Trace of X-X^2 took      0.00 usr cpu s       0.00 sys cpu s       0.00 wall s
INDE ||X-X^2||_F = 5.862054e-01 , ||X-X^2||_mixed = 4.989163e-01
INDE trace(X-X^2) = 3.053032e+00
INDE trace(X) = 4.520628e+01
INDE Checking stopping criterion...   
INDE e_i =4.989163e-01, C*e_{i-1}^q = 3.393912e+00
INDE Order of convergence = 7.418541, stop = 0
TIDE stopping_criterion took      0.00 usr cpu s       0.00 sys cpu s       0.00 wall s
TIDE Iteration 10 took      0.00 usr cpu s       0.01 sys cpu s       0.00 wall s
INDE     ITERATION 11 :
TIDE purify_X took      0.00 usr cpu s       0.00 sys cpu s       0.00 wall s
TIDE truncate_matrix took      0.00 usr cpu s       0.00 sys cpu s       0.00 wall s
INDE Actual introduced error   0.000000e+00 : nnz before  5329 <-> 100.00 % , nnz after  5329 <-> 100.00 %
TIDE square took      0.00 usr cpu s       0.00 sys cpu s       0.00 wall s
INDE NNZ Xsq = 5329 <-> 100.00 %
TIDE Frobenius norm of X-X^2 took      0.00 usr cpu s       0.00 sys cpu s       0.00 wall s
TIDE Mixed norm of X-X^2 took      0.00 usr cpu s       0.00 sys cpu s       0.00 wall s
TIDE Trace of X-X^2 took      0.00 usr cpu s       0.00 sys cpu s       0.00 wall s
INDE ||X-X^2||_F = 7.909353e-01 , ||X-X^2||_mixed = 6.867948e-01
INDE trace(X-X^2) = 3.919275e+00
INDE trace(X) = 4.215325e+01
INDE Checking stopping criterion...   
INDE e_i =6.867948e-01, C*e_{i-1}^q = 5.457931e+00
INDE Order of convergence = 19.823179, stop = 0
TIDE stopping_criterion took      0.00 usr cpu s       0.00 sys cpu s       0.00 wall s
TIDE Iteration 11 took      0.00 usr cpu s       0.01 sys cpu s       0.00 wall s
INDE     ITERATION 12 :
TIDE purify_X took      0.00 usr cpu s       0.00 sys cpu s       0.00 wall s
TIDE truncate_matrix took      0.00 usr cpu s       0.00 sys cpu s       0.00 wall s
INDE Actual introduced error   0.000000e+00 : nnz before  5329 <-> 100.00 % , nnz after  5329 <-> 100.00 %
TIDE square took      0.00 usr cpu s       0.00 sys cpu s       0.00 wall s
INDE NNZ Xsq = 5329 <-> 100.00 %
TIDE Frobenius norm of X-X^2 took      0.00 usr cpu s       0.00 sys cpu s       0.00 wall s
TIDE Mixed norm of X-X^2 took      0.00 usr cpu s       0.00 sys cpu s       0.00 wall s
TIDE Trace of X-X^2 took      0.00 usr cpu s       0.00 sys cpu s       0.00 wall s
INDE ||X-X^2||_F = 3.238840e-01 , ||X-X^2||_mixed = 2.957367e-01
INDE trace(X-X^2) = 1.350785e+00
INDE trace(X) = 4.607252e+01
INDE Checking stopping criterion...   
INDE e_i =2.957367e-01, C*e_{i-1}^q = 1.714344e+00
INDE Order of convergence = 4.527360, stop = 0
TIDE stopping_criterion took      0.00 usr cpu s       0.00 sys cpu s       0.00 wall s
TIDE Iteration 12 took      0.00 usr cpu s       0.01 sys cpu s       0.00 wall s
INDE     ITERATION 13 :
TIDE purify_X took      0.00 usr cpu s       0.00 sys cpu s       0.00 wall s
TIDE truncate_matrix took      0.00 usr cpu s       0.00 sys cpu s       0.00 wall s
INDE Actual introduced error   0.000000e+00 : nnz before  5329 <-> 100.00 % , nnz after  5329 <-> 100.00 %
TIDE square took      0.00 usr cpu s       0.00 sys cpu s       0.00 wall s
INDE NNZ Xsq = 5329 <-> 100.00 %
TIDE Frobenius norm of X-X^2 took      0.00 usr cpu s       0.00 sys cpu s       0.00 wall s
TIDE Mixed norm of X-X^2 took      0.00 usr cpu s       0.00 sys cpu s       0.00 wall s
TIDE Trace of X-X^2 took      0.00 usr cpu s       0.00 sys cpu s       0.00 wall s
INDE ||X-X^2||_F = 2.390507e-01 , ||X-X^2||_mixed = 2.302238e-01
INDE trace(X-X^2) = 5.637632e-01
INDE trace(X) = 4.742331e+01
INDE Checking stopping criterion...   
INDE Order of convergence cannot be computed
TIDE stopping_criterion took      0.00 usr cpu s       0.00 sys cpu s       0.00 wall s
TIDE Iteration 13 took      0.00 usr cpu s       0.01 sys cpu s       0.00 wall s
INDE     ITERATION 14 :
TIDE purify_X took      0.00 usr cpu s       0.00 sys cpu s       0.00 wall s
TIDE truncate_matrix took      0.00 usr cpu s       0.00 sys cpu s       0.00 wall s
INDE Actual introduced error   0.000000e+00 : nnz before  5329 <-> 100.00 % , nnz after  5329 <-> 100.00 %
TIDE square took      0.00 usr cpu s       0.00 sys cpu s       0.00 wall s
INDE NNZ Xsq = 5329 <-> 100.00 %
TIDE Frobenius norm of X-X^2 took      0.00 usr cpu s       0.00 sys cpu s       0.00 wall s
TIDE Mixed norm of X-X^2 took      0.00 usr cpu s       0.01 sys cpu s       0.00 wall s
TIDE Trace of X-X^2 took      0.00 usr cpu s       0.00 sys cpu s       0.00 wall s
INDE ||X-X^2||_F = 9.500386e-02 , ||X-X^2||_mixed = 9.075805e-02
INDE trace(X-X^2) = 2.929323e-01
INDE trace(X) = 4.685954e+01
INDE Checking stopping criterion...   
INDE e_i =9.075805e-02, C*e_{i-1}^q = 6.023558e-01
INDE Order of convergence = 3.553536, stop = 0
TIDE stopping_criterion took      0.00 usr cpu s       0.00 sys cpu s       0.00 wall s
TIDE Iteration 14 took      0.00 usr cpu s       0.01 sys cpu s       0.00 wall s
INDE     ITERATION 15 :
TIDE purify_X took      0.00 usr cpu s       0.00 sys cpu s       0.00 wall s
TIDE truncate_matrix took      0.00 usr cpu s       0.00 sys cpu s       0.00 wall s
INDE Actual introduced error   0.000000e+00 : nnz before  5329 <-> 100.00 % , nnz after  5329 <-> 100.00 %
TIDE square took      0.00 usr cpu s       0.00 sys cpu s       0.00 wall s
INDE NNZ Xsq = 5329 <-> 100.00 %
TIDE Frobenius norm of X-X^2 took      0.00 usr cpu s       0.00 sys cpu s       0.00 wall s
TIDE Mixed norm of X-X^2 took      0.00 usr cpu s       0.01 sys cpu s       0.00 wall s
TIDE Trace of X-X^2 took      0.00 usr cpu s       0.00 sys cpu s       0.00 wall s
INDE ||X-X^2||_F = 9.360443e-02 , ||X-X^2||_mixed = 9.267099e-02
INDE trace(X-X^2) = 1.564971e-01
INDE trace(X) = 4.715247e+01
INDE Checking stopping criterion...   
INDE e_i =9.267099e-02, C*e_{i-1}^q = 3.650423e-01
INDE Order of convergence = 2.933448, stop = 0
TIDE stopping_criterion took      0.00 usr cpu s       0.00 sys cpu s       0.00 wall s
TIDE Iteration 15 took      0.00 usr cpu s       0.01 sys cpu s       0.00 wall s
INDE     ITERATION 16 :
TIDE purify_X took      0.00 usr cpu s       0.00 sys cpu s       0.00 wall s
TIDE truncate_matrix took      0.00 usr cpu s       0.00 sys cpu s       0.00 wall s
INDE Actual introduced error   0.000000e+00 : nnz before  5329 <-> 100.00 % , nnz after  5329 <-> 100.00 %
TIDE square took      0.00 usr cpu s       0.00 sys cpu s       0.00 wall s
INDE NNZ Xsq = 5329 <-> 100.00 %
TIDE Frobenius norm of X-X^2 took      0.00 usr cpu s       0.00 sys cpu s       0.00 wall s
TIDE Mixed norm of X-X^2 took      0.00 usr cpu s       0.01 sys cpu s       0.00 wall s
TIDE Trace of X-X^2 took      0.00 usr cpu s       0.00 sys cpu s       0.00 wall s
INDE ||X-X^2||_F = 1.094118e-02 , ||X-X^2||_mixed = 1.066106e-02
INDE trace(X-X^2) = 2.442462e-02
INDE trace(X) = 4.699598e+01
INDE Checking stopping criterion...   
INDE e_i =1.066106e-02, C*e_{i-1}^q = 5.673002e-02
INDE Order of convergence = 2.696672, stop = 0
TIDE stopping_criterion took      0.00 usr cpu s       0.00 sys cpu s       0.00 wall s
TIDE Iteration 16 took      0.00 usr cpu s       0.01 sys cpu s       0.00 wall s
INDE     ITERATION 17 :
TIDE purify_X took      0.00 usr cpu s       0.00 sys cpu s       0.00 wall s
TIDE truncate_matrix took      0.00 usr cpu s       0.00 sys cpu s       0.00 wall s
INDE Actual introduced error   0.000000e+00 : nnz before  5329 <-> 100.00 % , nnz after  5329 <-> 100.00 %
TIDE square took      0.00 usr cpu s       0.00 sys cpu s       0.00 wall s
INDE NNZ Xsq = 5329 <-> 100.00 %
TIDE Frobenius norm of X-X^2 took      0.00 usr cpu s       0.00 sys cpu s       0.00 wall s
TIDE Mixed norm of X-X^2 took      0.00 usr cpu s       0.01 sys cpu s       0.00 wall s
TIDE Trace of X-X^2 took      0.00 usr cpu s       0.00 sys cpu s       0.00 wall s
INDE ||X-X^2||_F = 1.476765e-02 , ||X-X^2||_mixed = 1.472619e-02
INDE trace(X-X^2) = 2.835575e-02
INDE trace(X) = 4.697155e+01
INDE Checking stopping criterion...   
INDE Order of convergence cannot be computed
TIDE stopping_criterion took      0.00 usr cpu s       0.00 sys cpu s       0.00 wall s
TIDE Iteration 17 took      0.00 usr cpu s       0.01 sys cpu s       0.00 wall s
INDE     ITERATION 18 :
TIDE purify_X took      0.00 usr cpu s       0.00 sys cpu s       0.00 wall s
TIDE truncate_matrix took      0.00 usr cpu s       0.00 sys cpu s       0.00 wall s
INDE Actual introduced error   0.000000e+00 : nnz before  5329 <-> 100.00 % , nnz after  5329 <-> 100.00 %
TIDE square took      0.00 usr cpu s       0.00 sys cpu s       0.00 wall s
INDE NNZ Xsq = 5329 <-> 100.00 %
TIDE Frobenius norm of X-X^2 took      0.00 usr cpu s       0.00 sys cpu s       0.00 wall s
TIDE Mixed norm of X-X^2 took      0.00 usr cpu s       0.01 sys cpu s       0.00 wall s
TIDE Trace of X-X^2 took      0.00 usr cpu s       0.00 sys cpu s       0.00 wall s
INDE ||X-X^2||_F = 1.954764e-04 , ||X-X^2||_mixed = 1.916470e-04
INDE trace(X-X^2) = 3.530898e-04
INDE trace(X) = 4.699991e+01
INDE Checking stopping criterion...   
INDE e_i =1.916470e-04, C*e_{i-1}^q = 7.827862e-04
INDE Order of convergence = 2.309878, stop = 0
TIDE stopping_criterion took      0.00 usr cpu s       0.00 sys cpu s       0.00 wall s
TIDE Iteration 18 took      0.00 usr cpu s       0.01 sys cpu s       0.00 wall s
INDE     ITERATION 19 :
TIDE purify_X took      0.00 usr cpu s       0.00 sys cpu s       0.00 wall s
TIDE truncate_matrix took      0.00 usr cpu s       0.00 sys cpu s       0.00 wall s
INDE Actual introduced error   0.000000e+00 : nnz before  5329 <-> 100.00 % , nnz after  5329 <-> 100.00 %
TIDE square took      0.00 usr cpu s       0.00 sys cpu s       0.00 wall s
INDE NNZ Xsq = 5329 <-> 100.00 %
TIDE Frobenius norm of X-X^2 took      0.00 usr cpu s       0.00 sys cpu s       0.00 wall s
TIDE Mixed norm of X-X^2 took      0.00 usr cpu s       0.00 sys cpu s       0.00 wall s
TIDE Trace of X-X^2 took      0.00 usr cpu s       0.00 sys cpu s       0.00 wall s
INDE ||X-X^2||_F = 2.451430e-04 , ||X-X^2||_mixed = 2.451327e-04
INDE trace(X-X^2) = 2.613111e-04
INDE trace(X) = 4.700026e+01
INDE Checking stopping criterion...   
INDE Order of convergence cannot be computed
TIDE stopping_criterion took      0.00 usr cpu s       0.00 sys cpu s       0.00 wall s
TIDE Iteration 19 took      0.00 usr cpu s       0.01 sys cpu s       0.00 wall s
INDE     ITERATION 20 :
TIDE purify_X took      0.00 usr cpu s       0.00 sys cpu s       0.00 wall s
TIDE truncate_matrix took      0.00 usr cpu s       0.00 sys cpu s       0.00 wall s
INDE Actual introduced error   0.000000e+00 : nnz before  5329 <-> 100.00 % , nnz after  5329 <-> 100.00 %
TIDE square took      0.00 usr cpu s       0.00 sys cpu s       0.00 wall s
INDE NNZ Xsq = 5329 <-> 100.00 %
TIDE Frobenius norm of X-X^2 took      0.00 usr cpu s       0.00 sys cpu s       0.00 wall s
TIDE Mixed norm of X-X^2 took      0.00 usr cpu s       0.00 sys cpu s       0.00 wall s
TIDE Trace of X-X^2 took      0.00 usr cpu s       0.00 sys cpu s       0.00 wall s
INDE ||X-X^2||_F = 7.061908e-08 , ||X-X^2||_mixed = 6.954031e-08
INDE trace(X-X^2) = 1.064990e-07
INDE trace(X) = 4.700000e+01
INDE Checking stopping criterion...   
INDE e_i =6.954031e-08, C*e_{i-1}^q = 2.529571e-07
INDE Order of convergence = 2.150857, stop = 0
TIDE stopping_criterion took      0.00 usr cpu s       0.00 sys cpu s       0.00 wall s
TIDE Iteration 20 took      0.00 usr cpu s       0.01 sys cpu s       0.00 wall s
INDE     ITERATION 21 :
TIDE purify_X took      0.00 usr cpu s       0.00 sys cpu s       0.00 wall s
TIDE truncate_matrix took      0.00 usr cpu s       0.00 sys cpu s       0.00 wall s
INDE Actual introduced error   0.000000e+00 : nnz before  5329 <-> 100.00 % , nnz after  5329 <-> 100.00 %
TIDE square took      0.00 usr cpu s       0.00 sys cpu s       0.00 wall s
INDE NNZ Xsq = 5329 <-> 100.00 %
TIDE Frobenius norm of X-X^2 took      0.00 usr cpu s       0.00 sys cpu s       0.00 wall s
TIDE Mixed norm of X-X^2 took      0.00 usr cpu s       0.00 sys cpu s       0.00 wall s
TIDE Trace of X-X^2 took      0.00 usr cpu s       0.00 sys cpu s       0.00 wall s
INDE ||X-X^2||_F = 7.491138e-08 , ||X-X^2||_mixed = 7.490356e-08
INDE trace(X-X^2) = 9.274927e-08
INDE trace(X) = 4.700000e+01
INDE Checking stopping criterion...   
INDE Order of convergence cannot be computed
TIDE stopping_criterion took      0.00 usr cpu s       0.00 sys cpu s       0.00 wall s
TIDE Iteration 21 took      0.00 usr cpu s       0.01 sys cpu s       0.00 wall s
INDE     ITERATION 22 :
TIDE purify_X took      0.00 usr cpu s       0.00 sys cpu s       0.00 wall s
TIDE truncate_matrix took      0.00 usr cpu s       0.00 sys cpu s       0.00 wall s
INDE Actual introduced error   0.000000e+00 : nnz before  5329 <-> 100.00 % , nnz after  5329 <-> 100.00 %
TIDE square took      0.00 usr cpu s       0.00 sys cpu s       0.00 wall s
INDE NNZ Xsq = 5329 <-> 100.00 %
TIDE Frobenius norm of X-X^2 took      0.00 usr cpu s       0.00 sys cpu s       0.00 wall s
TIDE Mixed norm of X-X^2 took      0.00 usr cpu s       0.00 sys cpu s       0.00 wall s
TIDE Trace of X-X^2 took      0.00 usr cpu s       0.00 sys cpu s       0.00 wall s
INDE ||X-X^2||_F = 9.048815e-15 , ||X-X^2||_mixed = 0.000000e+00
INDE trace(X-X^2) = 1.421085e-14
INDE trace(X) = 4.700000e+01
INDE Checking stopping criterion...   
INDE ************************************************************************************************************
INDE The norm value went much below machine precision, therefore we stop here since n_max can be underestimated.
INDE ************************************************************************************************************
INDE e_i =0.000000e+00, C*e_{i-1}^q = 3.330550e-14
INDE Order of convergence = inf, stop = 1
TIDE stopping_criterion took      0.00 usr cpu s       0.00 sys cpu s       0.00 wall s
INDE PURIFICATION CONVERGED after 22 iterations
TIDE Iteration 22 took      0.00 usr cpu s       0.00 sys cpu s       0.00 wall s
INDE Number of non-zeros in D is  5329 <-> 100.00 %
TIDE FileWritable::writeAndReadAll took      0.00 usr cpu s       0.00 sys cpu s       0.00 wall s
INDE writeAndReadAll sizesStr: '0 MB (1 MatrixGeneral, 0 > 1 MB) + 0 MB (13 MatrixSymmetric, 0 > 1 MB) + 0 MB (2 VectorGeneral, 0 > 1 MB) = 0 MB (16 total, 0 > 1 MB)
INDE TOTAL accumulated subspace error is 0.000000e+00
INDE TOTAL X square time: 0.005988 wall s
INDE TOTAL X trunction time: 0.001132 wall s
INDE TOTAL X purify (exl. X^2 computation) time: 0.000838 wall s
INDE TOTAL time to get number of non-zero elements: 0.000849 wall s
INDE TOTAL time to get mixed norm: 0.015247 wall s
INDE TOTAL time to get Frobenius norm: 0.000917 wall s
INDE TOTAL time for stopping criterion: 0.001100 wall s
INDE TOTAL time to get matrix trace: 0.000457 wall s
INDE Estimated bounds for the eigenvalues for the Fock matrix:
INDE LUMO: [ 0.209722350410 , 0.234425556514 ]
INDE HOMO: [ -0.321366263815 , -0.278453655238 ]
TIDE eigenvalue_bounds_estimation() took      0.00 usr cpu s       0.00 sys cpu s       0.00 wall s
TIDE Recursive expansion took      0.09 usr cpu s       0.32 sys cpu s       0.05 wall s
TIDE Puri->PurificationStart() took      0.09 usr cpu s       0.33 sys cpu s       0.05 wall s
TIDE Accumulated wall times for writeToFile in PurificationStart()          : 0 s (MatrixGeneral) + 9.5e-07 s (MatrixSymmetric) + 3.5e-05 s (VectorGeneral) = 3.6e-05 s
TIDE Accumulated wall times for readFromFile in PurificationStart()         : 0 s (MatrixGeneral) + 3.1e-06 s (MatrixSymmetric) + 9.3e-06 s (VectorGeneral) = 1.2e-05 s
TIDE Accumulated wall times for copy and assign in PurificationStart()      : 9.5e-07 s (MatrixSymmetric) + 3e-05 s (VectorGeneral) = 3.1e-05 s
INDE Number of calls to writeToFile in PurificationStart()                  : 2 (MatrixGeneral) + 27 (MatrixSymmetric) + 302 (VectorGeneral) = 331 
INDE Number of calls to readFromFile in PurificationStart()                 : 2 (MatrixGeneral) + 26 (MatrixSymmetric) + 113 (VectorGeneral) = 141 
INDE Number of calls to FileWritable copy and assign in PurificationStart() : 2 (MatrixSymmetric) + 24 (VectorGeneral) = 26 
TIDE mat::Gblas::time after purification :     0.177980
INDE Created .m files with results of the purification
INDE Purification converged OK, subspaceError <=          0.00000000000
INDE E(LUMO) - E(HOMO) >=          0.48817600565 =         13.28394590921 eV
INDE E(LUMO) - E(HOMO) <=          0.55579182033 =         15.12386596761 eV
INDE HOMO interval : [   -0.321366263815   -0.278453655238 ]
INDE LUMO interval : [    0.209722350410    0.234425556514 ]
INDE Trace of resulting density matrix is         47.00000000000, error is   0.00000000000000.
INDE Truncated D_ort ( mixed ), selected threshold = 9.99999e-08, returned error =          0, nnz before = 5329 <-> 100.0000 %, nnz after = 5329 <-> 100.0000 %
TIDE FileWritable::writeAndReadAll took      0.00 usr cpu s       0.00 sys cpu s       0.00 wall s
INDE writeAndReadAll sizesStr: '0 MB (1 MatrixGeneral, 0 > 1 MB) + 0 MB (12 MatrixSymmetric, 0 > 1 MB) + 0 MB (1 MatrixTriangular, 0 > 1 MB) = 0 MB (14 total, 0 > 1 MB)
TIDE D_w to non-orthogonal basis took      0.00 usr cpu s       0.00 sys cpu s       0.00 wall s
INDE Truncated D_S (eucl with Z), selected threshold = 9.99999e-08, returned error =          0, nnz before = 100.0000 %, nnz after = 100.0000 %
INDE get_dens_from_fock_sparse ending OK
TIDE get_dens_from_fock_sparse took      0.10 usr cpu s       0.39 sys cpu s       0.06 wall s
ERDE get_dens_from_fock  (GetDensFromFock class) : purification finished OK.
TIDE get_dens_from_fock took      0.10 usr cpu s       0.39 sys cpu s       0.06 wall s
INSC Matrix 'new density matrix' ( symm ): n =     73, nnz =         5329 <-> 100.00 %, mem usage  0.0000 G
INSC Tr( D * S ) =         94.00000000000
TISC get_new_density_matrix took      0.10 usr cpu s       0.39 sys cpu s       0.06 wall s
INSC SCF_restricted::report_density_difference, diff_eucl =          0.00000981131
TISC SCF_restricted::report_density_difference took      0.01 usr cpu s       0.03 sys cpu s       0.00 wall s
INMA ddf_writeShellListAndDensityMatricesToFile_sparse, n =     73, densityMatrixList[0].nvalues =        2701
INMA opened temporary file 'density.bin.TEN6k3' for writing
INMA Choosing matrixStorageType = MATRIX_STORAGE_TYPE_TRIANGLE.
INMA fileSize =           46848 bytes =      0.047 MegaBytes
INMA renamed file 'density.bin.TEN6k3' to 'density.bin'
INMA ddf_writeShellListAndDensityMatricesToFile_sparse freeing buffer.
INMA ddf_writeShellListAndDensityMatricesToFile_sparse returning OK.
TISC write_density_to_file took      0.01 usr cpu s       0.05 sys cpu s       0.01 wall s
INSC SCF cycle  18 finished.
TISC SCF cycle  18 took      7.42 usr cpu s       0.92 sys cpu s       2.09 wall s
INSC Beginning of SCF cycle 19:  Thu Mar 26 20:00:38 2026
INDE compute_J_by_boxes_sparse() start.
TIDE FileWritable::writeAndReadAll took      0.00 usr cpu s       0.00 sys cpu s       0.00 wall s
INDE writeAndReadAll: '0 MB (1 MatrixGeneral, 0 > 1 MB) + 0 MB (11 MatrixSymmetric, 0 > 1 MB) = 0 MB (12 total, 0 > 1 MB)
IN   compute_J_by_boxes_sparse, maxDensityMatrixElement =          2.11091349698
ININ get_basis_func_pair_list, n =     73
ININ create_box_system end OK, toplevelBoxSize:   7.0, #levels:  3, #boxes at top level:      6
TIIN get_basis_func_pair_list_2el took      0.05 usr cpu s       0.16 sys cpu s       0.03 wall s
IN   compute_J_by_boxes_sparse: noOfBasisFuncIndexPairs = 2598 ==> storing  48.75 % of a full matrix
ININ entering compute_J_by_boxes_linear, no of basis funcs =    73, threshold_J =   1e-12
ININ use_fmm = 1, fmm_box_size =   5.00
TIIN Compute extent for all distrs took      0.05 usr cpu s       0.03 sys cpu s       0.05 wall s
ININ extent_min =    0.000, extent_max =    8.395
ININ Creating list of distributions etc done, distrCount =     36059
TIIN Creating list of distributions etc took      0.15 usr cpu s       0.26 sys cpu s       0.10 wall s
ININ create_box_system end OK, toplevelBoxSize:   5.0, #levels:  3, #boxes at top level:     10
TIIN Creating boxes took      0.00 usr cpu s       0.00 sys cpu s       0.00 wall s
ININ noOfBranches = 4, splitters:   5.00  2.50  0.00
ININ J org done, groupCount =     3008
TIIN J org took      0.14 usr cpu s       0.00 sys cpu s       0.14 wall s
TIIN Generate group multipoles took      0.08 usr cpu s       0.00 sys cpu s       0.08 wall s
ININ totChargeWholeSystem =          0.00000000000
ININ Generating multipole for each branch at top level, MAX_MULTIPOLE_DEGREE = 15
TIIN Translate multipoles (step 1) took      0.07 usr cpu s       0.00 sys cpu s       0.07 wall s
TIIN Translate multipoles (step 2) took      0.07 usr cpu s       0.00 sys cpu s       0.07 wall s
ININ job lists for J created OK, noOfJobs_J_standard =      759, noOfJobs_J_multipole =      122
TIIN Creating job lists for J took      0.00 usr cpu s       0.00 sys cpu s       0.00 wall s
ININ execute_joblist_J_std_threaded, noOfThreads =  8
ININ 8 threads started OK.
ININ all 8 threads have finished.
TIIN execute_joblist_J_std_threaded took      3.58 usr cpu s       0.00 sys cpu s       0.60 wall s
TIIN sort_list_of_multipole_jobs init part took      0.00 usr cpu s       0.00 sys cpu s       0.00 wall s
TIIN sort_list_of_multipole_jobs complete took      0.00 usr cpu s       0.00 sys cpu s       0.00 wall s
TIIN sort_list_of_multipole_jobs took      0.00 usr cpu s       0.00 sys cpu s       0.00 wall s
ININ execute_joblist_J_fmm_shared: Allocating multipoleList_4, maxnoOfMinimalDistrsPerBoxBranch =      7533
ININ execute_joblist_J_fmm_shared: jobIndexLo =            0, jobIndexHi =           15
ININ execute_joblist_J_fmm_shared: Allocating multipoleList_4, maxnoOfMinimalDistrsPerBoxBranch =      7533
ININ execute_joblist_J_fmm_shared: jobIndexLo =           15, jobIndexHi =           30
ININ execute_joblist_J_fmm_shared: Allocating multipoleList_4, maxnoOfMinimalDistrsPerBoxBranch =      7533
ININ execute_joblist_J_fmm_shared: Allocating multipoleList_4, maxnoOfMinimalDistrsPerBoxBranch =      7533
ININ execute_joblist_J_fmm_shared: jobIndexLo =           30, jobIndexHi =           45
ININ execute_joblist_J_fmm_shared: jobIndexLo =           45, jobIndexHi =           61
ININ execute_joblist_J_fmm_shared: Allocating multipoleList_4, maxnoOfMinimalDistrsPerBoxBranch =      7533
ININ execute_joblist_J_fmm_shared: jobIndexLo =           61, jobIndexHi =           76
ININ execute_joblist_J_fmm_shared: Allocating multipoleList_4, maxnoOfMinimalDistrsPerBoxBranch =      7533
ININ execute_joblist_J_fmm_shared: jobIndexLo =           76, jobIndexHi =           91
ININ execute_joblist_J_fmm_shared: Allocating multipoleList_4, maxnoOfMinimalDistrsPerBoxBranch =      7533
ININ execute_joblist_J_fmm_shared: jobIndexLo =           91, jobIndexHi =          106
ININ execute_joblist_J_fmm_shared: Allocating multipoleList_4, maxnoOfMinimalDistrsPerBoxBranch =      7533
ININ execute_joblist_J_fmm_shared: jobIndexLo =          106, jobIndexHi =          122
ININ execute_joblist_J_fmm_shared: done!
ININ execute_joblist_J_fmm_shared: done!
ININ execute_joblist_J_fmm_shared: done!
ININ execute_joblist_J_fmm_shared: done!
ININ execute_joblist_J_fmm_shared: done!
ININ execute_joblist_J_fmm_shared: done!
ININ execute_joblist_J_fmm_shared: done!
ININ execute_joblist_J_fmm_shared: done!
ININ multipole job list for J executed, largest L used: 13
TIIN Executing multipole job list for J took      0.05 usr cpu s       0.00 sys cpu s       0.03 wall s
ININ compute_J_by_boxes_linear ending OK.
TIIN compute_J_by_boxes_linear took      4.15 usr cpu s       0.26 sys cpu s       1.09 wall s
TI   compute_J_by_boxes_sparse total took      4.21 usr cpu s       0.42 sys cpu s       1.12 wall s
ININ entering create_CSR_for_K, no of basis funcs =    73, threshold_K =   1e-12
ININ create_box_system end OK, toplevelBoxSize:   7.0, #levels:  3, #boxes at top level:      6
ININ create_box_system end OK, toplevelBoxSize:   7.0, #levels:  3, #boxes at top level:      6
ININ create_box_system end OK, toplevelBoxSize:   7.0, #levels:  3, #boxes at top level:      6
TIIN create_CSR_for_K getting list of distrs took      0.04 usr cpu s       0.00 sys cpu s       0.04 wall s
ININ list of neighbors complete.
TIIN create_CSR_for_K getting list of neighbors took      0.00 usr cpu s       0.00 sys cpu s       0.00 wall s
TIIN create_CSR_for_K sort each list of neighbors took      0.00 usr cpu s       0.00 sys cpu s       0.00 wall s
ININ 8 threads started OK.
TIIN identify_needed_elements() took      0.73 usr cpu s       0.00 sys cpu s       0.12 wall s
ININ computing nnz..
ININ create_CSR_for_K: predicted nnz =         2701, <->  50.68% of a full matrix
TIIN create_CSR_for_K last part took      0.00 usr cpu s       0.00 sys cpu s       0.00 wall s
TIIN create_CSR_for_K total took      0.77 usr cpu s       0.00 sys cpu s       0.17 wall s
ININ entering compute_K_by_boxes, no of basis funcs =    73, threshold_K =   1e-12, exchange_box_size =   5.00
ININ create_box_system end OK, toplevelBoxSize:   7.0, #levels:  3, #boxes at top level:      6
ININ create_box_system end OK, toplevelBoxSize:   7.0, #levels:  3, #boxes at top level:      6
ININ create_box_system end OK, toplevelBoxSize:   7.0, #levels:  3, #boxes at top level:      6
TIIN Compute extent for all distrs took      0.05 usr cpu s       0.00 sys cpu s       0.05 wall s
ININ Creating list of distributions done, distrCountTot =     36059
TIIN Creating list of distributions took      0.08 usr cpu s       0.00 sys cpu s       0.08 wall s
ININ create_box_system end OK, toplevelBoxSize:   5.0, #levels:  3, #boxes at top level:     10
ININ create_box_system end OK, toplevelBoxSize:   2.5, #levels:  4, #boxes at top level:     16
ININ noOfLevelsBasisFuncs = 4, noOfLevelsDiff = 1
TIIN Creating boxes etc took      0.00 usr cpu s       0.00 sys cpu s       0.00 wall s
TIIN getting multipoleNormVectorList took      0.08 usr cpu s       0.00 sys cpu s       0.08 wall s
TIIN K organize_distributions for all boxes took      0.12 usr cpu s       0.00 sys cpu s       0.12 wall s
ININ starting loop to setup basisFuncGroupInfoList, with added index checks.
TIIN GetLimitsAllLevels took      0.03 usr cpu s       0.00 sys cpu s       0.03 wall s
ININ getDmatLimitMatrixCSRList start.
TIIN getting densityMatrixLimitMatrixList took      0.00 usr cpu s       0.00 sys cpu s       0.00 wall s
ININ job list for K created,       55 jobs
TIIN creating job list for K took      0.00 usr cpu s       0.00 sys cpu s       0.00 wall s
ININ execute_joblist_K_threaded, noOfThreads =  8, basisFuncListCount_max =    67
ININ 8 threads started OK.
ININ all 8 threads have finished, took        0 wall s.
TIIN Executing job list for K took      2.36 usr cpu s       0.00 sys cpu s       0.51 wall s
TIIN compute_K_by_boxes took      2.68 usr cpu s       0.00 sys cpu s       0.83 wall s
TI   compute_K_by_boxes_sparse total took      3.45 usr cpu s       0.00 sys cpu s       1.00 wall s
INSC About to truncate FockMatrix, gap of Fprev >=          0.48817600565
TISC symmMatrix::mixed_diff for F vs Fprev maxEigValMovement_mixed took      0.00 usr cpu s       0.00 sys cpu s       0.00 wall s
TISC symmMatrix::eucl_diff for maxEigValMovement_eucl  took      0.00 usr cpu s       0.03 sys cpu s       0.01 wall s
INSC maxEigValMovement_frob  =          0.00000387390
INSC maxEigValMovement_mixed =          0.00000299023
INSC maxEigValMovement_eucl  =          0.00000145565
TISC FockMatrix.eucl_thresh() (with Z) took      0.00 usr cpu s       0.01 sys cpu s       0.00 wall s
INSC Truncated FockMatrix (eucl with Z), selected threshold = 4.88173e-08, returned error =          0, nnz before = 100.0000 %, nnz after = 100.0000 %
INSC Matrix 'S' ( symm ): n =     73, nnz =         5329 <-> 100.00 %, mem usage  0.0000 G
INSC Matrix 'F' ( symm ): n =     73, nnz =         5329 <-> 100.00 %, mem usage  0.0000 G
INSC Matrix 'D' ( symm ): n =     73, nnz =         5329 <-> 100.00 %, mem usage  0.0000 G
INSC nuclearEnergy, energy_2el, energy = 782.160484, 1010.855913, -636.642060
INSC Energy  19 =       -636.64205981389  ( diff     -0.000000000028194 )
INSC calling compute_FDSminusSDF_sparse, n = 73
INDE compute_FDSminusSDF_sparse() start.
TIDE FileWritable::writeAndReadAll took      0.00 usr cpu s       0.00 sys cpu s       0.00 wall s
INDE writeAndReadAll: '0 MB (1 MatrixGeneral, 0 > 1 MB) + 0 MB (9 MatrixSymmetric, 0 > 1 MB) = 0 MB (10 total, 0 > 1 MB)
TISC compute_FDSminusSDF_sparse, F*D mult took      0.00 usr cpu s       0.00 sys cpu s       0.00 wall s
INSC Matrix 'FD before eucl truncation' (normal): n =     73, nnz =         5329 <-> 100.00 %, mem usage  0.0000 G
INSC Matrix 'FD after  eucl truncation' (normal): n =     73, nnz =         5329 <-> 100.00 %, mem usage  0.0000 G
INSC Matrix 'FDS before eucl truncation' (normal): n =     73, nnz =         5329 <-> 100.00 %, mem usage  0.0000 G
INSC Matrix 'FDS after  eucl truncation' (normal): n =     73, nnz =         5329 <-> 100.00 %, mem usage  0.0000 G
INSC compute_FDSminusSDF_sparse ending OK.
TISC compute_FDSminusSDF_sparse took      0.00 usr cpu s       0.02 sys cpu s       0.00 wall s
INSC Matrix 'FDS-SDF' (normal): n =     73, nnz =         5329 <-> 100.00 %, mem usage  0.0000 G
INSC SCF_restricted::get_FDSminusSDF finished.
TISC get_FDSminusSDF took      0.00 usr cpu s       0.02 sys cpu s       0.00 wall s
INSC maxabs FDS-SDF is 6.07e-07
INSC frob   FDS-SDF is 2.57e-06
TISC get_error_measure took      0.00 usr cpu s       0.00 sys cpu s       0.00 wall s
INSC entering DIISManagerRestricted::AddIterationToList, IterCount = 10
INSC DIISManagerRestricted::AddIterationToList ending OK.
TISC DIISManagerRestricted::AddIterationToList took      0.00 usr cpu s       0.00 sys cpu s       0.00 wall s
INSC using DIIS to get combined Fock matrix, number of iters used for DIIS: 10
TISC clear_error_matrices took      0.00 usr cpu s       0.00 sys cpu s       0.00 wall s
TISC save_current_fock_as_fprev took      0.00 usr cpu s       0.00 sys cpu s       0.00 wall s
INDE get_dens_from_fock_general, n = 73, use_diagonalization = 0, use_diag_on_error = 1
INDE Before writeAndReadAll(): AllocatorManager statistics:  noOfRealsPerBuffer: 1024 noOfBuffers: 20000 list.size(): 1. Allocated: 0.164 GB, Used: 0.000868 GB, Peak alloc: 0.164 GB.
TIDE FileWritable::writeAndReadAll took      0.00 usr cpu s       0.00 sys cpu s       0.00 wall s
INDE writeAndReadAll sizesStr: '0 MB (1 MatrixGeneral, 0 > 1 MB) + 0 MB (7 MatrixSymmetric, 0 > 1 MB) = 0 MB (8 total, 0 > 1 MB)
INDE After writeAndReadAll(): AllocatorManager statistics:  noOfRealsPerBuffer: 1024 noOfBuffers: 20000 list.size(): 1. Allocated: 0.164 GB, Used: 0.000868 GB, Peak alloc: 0.164 GB.
INDE calling get_dens_from_fock_sparse, n =     73, subspaceErrorLimit = 1e-06
INDE get_dens_from_fock_sparse() start!
INDE After F.readFromFile(): AllocatorManager statistics:  noOfRealsPerBuffer: 1024 noOfBuffers: 20000 list.size(): 1. Allocated: 0.164 GB, Used: 0.000868 GB, Peak alloc: 0.164 GB.
INDE After creating wrapper MatrixType F_w(F): AllocatorManager statistics:  noOfRealsPerBuffer: 1024 noOfBuffers: 20000 list.size(): 1. Allocated: 0.164 GB, Used: 0.000893 GB, Peak alloc: 0.164 GB.
TIDE  F_w to orthogonal basis took      0.00 usr cpu s       0.01 sys cpu s       0.00 wall s
TIDE MatrixType::mixed_diff for maxEigValMovement_mixed took      0.00 usr cpu s       0.00 sys cpu s       0.00 wall s
TIDE symmMatrixWrap::eucl_diff for maxEigValMovement_eucl  took      0.01 usr cpu s       0.06 sys cpu s       0.01 wall s
INDE maxEigValMovement_frob  =          0.00000409957
INDE maxEigValMovement_mixed =          0.00000304586
INDE maxEigValMovement_eucl  =          0.00000160037
INDE lumo before truncation: [ 0.209720750039 , 0.234427156884 ]
INDE homo before truncation: [ -0.321367864186 , -0.278452054867 ]
INDE Truncate matrix F and update intervals for homo and lumo.
INDE Truncating F_ort ( mixed ), selected threshold = 4.88173e-08
INDE Truncated F_ort ( mixed ), selected threshold = 4.88173e-08, returned error =          0, nnz before = 100.0000 %, nnz after = 100.0000 %
TIDE Truncation of F_ort took      0.00 usr cpu s       0.00 sys cpu s       0.00 wall s
INDE Chosen Ergo Wrapper
INDE Creating purification object: N = 73 , nocc = 47 , NNZ = 5329  <-> 100.00000 %
INDE Chosen norm for the truncation: 
INDE mixed
INDE Chosen norm for the stopping criterion: 
INDE mixed
INDE Chosen the NEW stopping criterion.
INDE Allowed error in subspace 7.000000e-07
INDE Chosen SP2 purification method
INDE calling Puri->PurificationStart(), number of threads = 1, trunc norm 'mixed'
TIDE gershgorin took      0.00 usr cpu s       0.00 sys cpu s       0.00 wall s
INDE Gershgorin bounds: [ -24.388270722507 , 5.987652730221 ]
INDE EXPANDED Gershgorin bounds: [ -24.388270737408 , 5.987652745122 ]
INDE Trying to impove bounds using Lanczos algorithm...
TIDE compute_spectrum_bounds took      0.05 usr cpu s       0.16 sys cpu s       0.03 wall s
INDE Spectrum of F: 	 [ -20.320312849647 , 1.134629485092 ]
INDE Transform homo and lumo bounds...
INDE HOMO bounds of X: 	 [ 0.065862751711 , 0.067863027854 ]
INDE LUMO bounds of X: 	 [ 0.041957806932 , 0.043109355440 ]
INDE INIT LUMO: [ 0.041957806932 , 0.043109355440 ]
INDE INIT HOMO: [ 0.932136972146 , 0.934137248289 ]
INDE ESTIMATED NUMBER OF ITERATIONS IS 24
INDE Put eigenvalues of F to the interval [0,1] in reverse order.
TIDE compute_X() took      0.00 usr cpu s       0.00 sys cpu s       0.00 wall s
TIDE prepare_to_purification() took      0.05 usr cpu s       0.16 sys cpu s       0.03 wall s
INDE (EIGV,PARAMS) Requested 0 occipied eigenpair(s).
INDE (EIGV,PARAMS) Requested 0 unoccipied eigenpair(s).
TIDE prepare_to_purification_eigenvectors() took      0.00 usr cpu s       0.00 sys cpu s       0.00 wall s
INDE Starting recursive expansion
INDE     BEFORE ITERATIONS:
TIDE truncate_matrix took      0.00 usr cpu s       0.00 sys cpu s       0.00 wall s
INDE Actual introduced error   0.000000e+00 : nnz before  5329 <-> 100.00 % , nnz after  5329 <-> 100.00 %
TIDE square took      0.00 usr cpu s       0.00 sys cpu s       0.00 wall s
INDE NNZ Xsq = 5329 <-> 100.00 %
TIDE Frobenius norm of X-X^2 took      0.00 usr cpu s       0.00 sys cpu s       0.00 wall s
TIDE Mixed norm of X-X^2 took      0.00 usr cpu s       0.01 sys cpu s       0.00 wall s
TIDE Trace of X-X^2 took      0.00 usr cpu s       0.00 sys cpu s       0.00 wall s
INDE ||X-X^2||_F = 8.726920e-01 , ||X-X^2||_mixed = 6.497861e-01
INDE trace(X-X^2) = 5.359278e+00
INDE trace(X) = 1.253024e+01
TIDE Iteration 0 took      0.00 usr cpu s       0.01 sys cpu s       0.00 wall s
TIDE FileWritable::writeAndReadAll took      0.00 usr cpu s       0.00 sys cpu s       0.00 wall s
INDE writeAndReadAll sizesStr: '0 MB (1 MatrixGeneral, 0 > 1 MB) + 0 MB (13 MatrixSymmetric, 0 > 1 MB) + 0 MB (2 VectorGeneral, 0 > 1 MB) = 0 MB (16 total, 0 > 1 MB)
INDE     ITERATION 1 :
TIDE purify_X took      0.00 usr cpu s       0.00 sys cpu s       0.00 wall s
TIDE truncate_matrix took      0.00 usr cpu s       0.00 sys cpu s       0.00 wall s
INDE Actual introduced error   0.000000e+00 : nnz before  5329 <-> 100.00 % , nnz after  5329 <-> 100.00 %
TIDE square took      0.00 usr cpu s       0.00 sys cpu s       0.00 wall s
INDE NNZ Xsq = 5329 <-> 100.00 %
TIDE Frobenius norm of X-X^2 took      0.00 usr cpu s       0.00 sys cpu s       0.00 wall s
TIDE Mixed norm of X-X^2 took      0.00 usr cpu s       0.00 sys cpu s       0.00 wall s
TIDE Trace of X-X^2 took      0.00 usr cpu s       0.00 sys cpu s       0.00 wall s
INDE ||X-X^2||_F = 9.393547e-01 , ||X-X^2||_mixed = 7.167173e-01
INDE trace(X-X^2) = 6.947178e+00
INDE trace(X) = 1.788951e+01
TIDE Iteration 1 took      0.00 usr cpu s       0.01 sys cpu s       0.00 wall s
INDE     ITERATION 2 :
TIDE purify_X took      0.00 usr cpu s       0.00 sys cpu s       0.00 wall s
TIDE truncate_matrix took      0.00 usr cpu s       0.00 sys cpu s       0.00 wall s
INDE Actual introduced error   0.000000e+00 : nnz before  5329 <-> 100.00 % , nnz after  5329 <-> 100.00 %
TIDE square took      0.00 usr cpu s       0.00 sys cpu s       0.00 wall s
INDE NNZ Xsq = 5329 <-> 100.00 %
TIDE Frobenius norm of X-X^2 took      0.00 usr cpu s       0.00 sys cpu s       0.00 wall s
TIDE Mixed norm of X-X^2 took      0.00 usr cpu s       0.00 sys cpu s       0.00 wall s
TIDE Trace of X-X^2 took      0.00 usr cpu s       0.00 sys cpu s       0.00 wall s
INDE ||X-X^2||_F = 1.278729e+00 , ||X-X^2||_mixed = 9.883871e-01
INDE trace(X-X^2) = 9.180784e+00
INDE trace(X) = 2.483669e+01
INDE Checking stopping criterion...   
INDE Order of convergence cannot be computed
TIDE stopping_criterion took      0.00 usr cpu s       0.00 sys cpu s       0.00 wall s
TIDE Iteration 2 took      0.00 usr cpu s       0.01 sys cpu s       0.00 wall s
INDE     ITERATION 3 :
TIDE purify_X took      0.00 usr cpu s       0.00 sys cpu s       0.00 wall s
TIDE truncate_matrix took      0.00 usr cpu s       0.00 sys cpu s       0.00 wall s
INDE Actual introduced error   0.000000e+00 : nnz before  5329 <-> 100.00 % , nnz after  5329 <-> 100.00 %
TIDE square took      0.00 usr cpu s       0.00 sys cpu s       0.00 wall s
INDE NNZ Xsq = 5329 <-> 100.00 %
TIDE Frobenius norm of X-X^2 took      0.00 usr cpu s       0.00 sys cpu s       0.00 wall s
TIDE Mixed norm of X-X^2 took      0.00 usr cpu s       0.01 sys cpu s       0.00 wall s
TIDE Trace of X-X^2 took      0.00 usr cpu s       0.00 sys cpu s       0.00 wall s
INDE ||X-X^2||_F = 1.590085e+00 , ||X-X^2||_mixed = 1.196470e+00
INDE trace(X-X^2) = 1.156537e+01
INDE trace(X) = 3.401748e+01
INDE Checking stopping criterion...   
INDE Order of convergence cannot be computed
TIDE stopping_criterion took      0.00 usr cpu s       0.00 sys cpu s       0.00 wall s
TIDE Iteration 3 took      0.00 usr cpu s       0.01 sys cpu s       0.00 wall s
INDE     ITERATION 4 :
TIDE purify_X took      0.00 usr cpu s       0.00 sys cpu s       0.00 wall s
TIDE truncate_matrix took      0.00 usr cpu s       0.00 sys cpu s       0.00 wall s
INDE Actual introduced error   0.000000e+00 : nnz before  5329 <-> 100.00 % , nnz after  5329 <-> 100.00 %
TIDE square took      0.00 usr cpu s       0.00 sys cpu s       0.00 wall s
INDE NNZ Xsq = 5329 <-> 100.00 %
TIDE Frobenius norm of X-X^2 took      0.00 usr cpu s       0.00 sys cpu s       0.00 wall s
TIDE Mixed norm of X-X^2 took      0.00 usr cpu s       0.00 sys cpu s       0.00 wall s
TIDE Trace of X-X^2 took      0.00 usr cpu s       0.00 sys cpu s       0.00 wall s
INDE ||X-X^2||_F = 1.468983e+00 , ||X-X^2||_mixed = 1.076604e+00
INDE trace(X-X^2) = 1.099371e+01
INDE trace(X) = 4.558285e+01
INDE Checking stopping criterion...   
INDE Order of convergence cannot be computed
TIDE stopping_criterion took      0.00 usr cpu s       0.00 sys cpu s       0.00 wall s
TIDE Iteration 4 took      0.00 usr cpu s       0.01 sys cpu s       0.00 wall s
INDE     ITERATION 5 :
TIDE purify_X took      0.00 usr cpu s       0.00 sys cpu s       0.00 wall s
TIDE truncate_matrix took      0.00 usr cpu s       0.00 sys cpu s       0.00 wall s
INDE Actual introduced error   0.000000e+00 : nnz before  5329 <-> 100.00 % , nnz after  5329 <-> 100.00 %
TIDE square took      0.00 usr cpu s       0.00 sys cpu s       0.00 wall s
INDE NNZ Xsq = 5329 <-> 100.00 %
TIDE Frobenius norm of X-X^2 took      0.00 usr cpu s       0.00 sys cpu s       0.00 wall s
TIDE Mixed norm of X-X^2 took      0.00 usr cpu s       0.00 sys cpu s       0.00 wall s
TIDE Trace of X-X^2 took      0.00 usr cpu s       0.00 sys cpu s       0.00 wall s
INDE ||X-X^2||_F = 1.474468e+00 , ||X-X^2||_mixed = 1.142927e+00
INDE trace(X-X^2) = 1.012542e+01
INDE trace(X) = 3.458914e+01
INDE Checking stopping criterion...   
INDE Order of convergence cannot be computed
TIDE stopping_criterion took      0.00 usr cpu s       0.00 sys cpu s       0.00 wall s
TIDE Iteration 5 took      0.00 usr cpu s       0.01 sys cpu s       0.00 wall s
INDE     ITERATION 6 :
TIDE purify_X took      0.00 usr cpu s       0.00 sys cpu s       0.00 wall s
TIDE truncate_matrix took      0.00 usr cpu s       0.00 sys cpu s       0.00 wall s
INDE Actual introduced error   0.000000e+00 : nnz before  5329 <-> 100.00 % , nnz after  5329 <-> 100.00 %
TIDE square took      0.00 usr cpu s       0.00 sys cpu s       0.00 wall s
INDE NNZ Xsq = 5329 <-> 100.00 %
TIDE Frobenius norm of X-X^2 took      0.00 usr cpu s       0.00 sys cpu s       0.00 wall s
TIDE Mixed norm of X-X^2 took      0.00 usr cpu s       0.00 sys cpu s       0.00 wall s
TIDE Trace of X-X^2 took      0.00 usr cpu s       0.00 sys cpu s       0.00 wall s
INDE ||X-X^2||_F = 1.188986e+00 , ||X-X^2||_mixed = 9.030547e-01
INDE trace(X-X^2) = 8.455421e+00
INDE trace(X) = 4.471455e+01
INDE Checking stopping criterion...   
INDE Order of convergence cannot be computed
TIDE stopping_criterion took      0.00 usr cpu s       0.00 sys cpu s       0.00 wall s
TIDE Iteration 6 took      0.01 usr cpu s       0.00 sys cpu s       0.00 wall s
INDE     ITERATION 7 :
TIDE purify_X took      0.00 usr cpu s       0.00 sys cpu s       0.00 wall s
TIDE truncate_matrix took      0.00 usr cpu s       0.00 sys cpu s       0.00 wall s
INDE Actual introduced error   0.000000e+00 : nnz before  5329 <-> 100.00 % , nnz after  5329 <-> 100.00 %
TIDE square took      0.00 usr cpu s       0.00 sys cpu s       0.00 wall s
INDE NNZ Xsq = 5329 <-> 100.00 %
TIDE Frobenius norm of X-X^2 took      0.00 usr cpu s       0.00 sys cpu s       0.00 wall s
TIDE Mixed norm of X-X^2 took      0.00 usr cpu s       0.01 sys cpu s       0.00 wall s
TIDE Trace of X-X^2 took      0.00 usr cpu s       0.00 sys cpu s       0.00 wall s
INDE ||X-X^2||_F = 1.310622e+00 , ||X-X^2||_mixed = 1.044187e+00
INDE trace(X-X^2) = 8.295662e+00
INDE trace(X) = 3.625913e+01
INDE Checking stopping criterion...   
INDE Order of convergence cannot be computed
TIDE stopping_criterion took      0.00 usr cpu s       0.00 sys cpu s       0.00 wall s
TIDE Iteration 7 took      0.00 usr cpu s       0.01 sys cpu s       0.00 wall s
INDE     ITERATION 8 :
TIDE purify_X took      0.00 usr cpu s       0.00 sys cpu s       0.00 wall s
TIDE truncate_matrix took      0.00 usr cpu s       0.00 sys cpu s       0.00 wall s
INDE Actual introduced error   0.000000e+00 : nnz before  5329 <-> 100.00 % , nnz after  5329 <-> 100.00 %
TIDE square took      0.00 usr cpu s       0.00 sys cpu s       0.00 wall s
INDE NNZ Xsq = 5329 <-> 100.00 %
TIDE Frobenius norm of X-X^2 took      0.00 usr cpu s       0.00 sys cpu s       0.00 wall s
TIDE Mixed norm of X-X^2 took      0.00 usr cpu s       0.01 sys cpu s       0.00 wall s
TIDE Trace of X-X^2 took      0.00 usr cpu s       0.00 sys cpu s       0.00 wall s
INDE ||X-X^2||_F = 8.779955e-01 , ||X-X^2||_mixed = 7.019869e-01
INDE trace(X-X^2) = 5.519985e+00
INDE trace(X) = 4.455479e+01
INDE Checking stopping criterion...   
INDE e_i =7.019869e-01, C*e_{i-1}^q = 5.616566e+00
INDE Order of convergence = 22.393429, stop = 0
TIDE stopping_criterion took      0.00 usr cpu s       0.00 sys cpu s       0.00 wall s
TIDE Iteration 8 took      0.00 usr cpu s       0.01 sys cpu s       0.00 wall s
INDE     ITERATION 9 :
TIDE purify_X took      0.00 usr cpu s       0.00 sys cpu s       0.00 wall s
TIDE truncate_matrix took      0.00 usr cpu s       0.00 sys cpu s       0.00 wall s
INDE Actual introduced error   0.000000e+00 : nnz before  5329 <-> 100.00 % , nnz after  5329 <-> 100.00 %
TIDE square took      0.00 usr cpu s       0.00 sys cpu s       0.00 wall s
INDE NNZ Xsq = 5329 <-> 100.00 %
TIDE Frobenius norm of X-X^2 took      0.00 usr cpu s       0.00 sys cpu s       0.00 wall s
TIDE Mixed norm of X-X^2 took      0.00 usr cpu s       0.00 sys cpu s       0.00 wall s
TIDE Trace of X-X^2 took      0.00 usr cpu s       0.00 sys cpu s       0.00 wall s
INDE ||X-X^2||_F = 1.082335e+00 , ||X-X^2||_mixed = 8.902105e-01
INDE trace(X-X^2) = 6.171466e+00
INDE trace(X) = 3.903481e+01
INDE Checking stopping criterion...   
INDE Order of convergence cannot be computed
TIDE stopping_criterion took      0.00 usr cpu s       0.00 sys cpu s       0.00 wall s
TIDE Iteration 9 took      0.01 usr cpu s       0.00 sys cpu s       0.00 wall s
INDE     ITERATION 10 :
TIDE purify_X took      0.00 usr cpu s       0.00 sys cpu s       0.00 wall s
TIDE truncate_matrix took      0.00 usr cpu s       0.00 sys cpu s       0.00 wall s
INDE Actual introduced error   0.000000e+00 : nnz before  5329 <-> 100.00 % , nnz after  5329 <-> 100.00 %
TIDE square took      0.00 usr cpu s       0.00 sys cpu s       0.00 wall s
INDE NNZ Xsq = 5329 <-> 100.00 %
TIDE Frobenius norm of X-X^2 took      0.00 usr cpu s       0.00 sys cpu s       0.00 wall s
TIDE Mixed norm of X-X^2 took      0.00 usr cpu s       0.00 sys cpu s       0.00 wall s
TIDE Trace of X-X^2 took      0.00 usr cpu s       0.00 sys cpu s       0.00 wall s
INDE ||X-X^2||_F = 5.862055e-01 , ||X-X^2||_mixed = 4.989164e-01
INDE trace(X-X^2) = 3.053032e+00
INDE trace(X) = 4.520628e+01
INDE Checking stopping criterion...   
INDE e_i =4.989164e-01, C*e_{i-1}^q = 3.393913e+00
INDE Order of convergence = 7.418542, stop = 0
TIDE stopping_criterion took      0.00 usr cpu s       0.00 sys cpu s       0.00 wall s
TIDE Iteration 10 took      0.00 usr cpu s       0.01 sys cpu s       0.00 wall s
INDE     ITERATION 11 :
TIDE purify_X took      0.00 usr cpu s       0.00 sys cpu s       0.00 wall s
TIDE truncate_matrix took      0.00 usr cpu s       0.00 sys cpu s       0.00 wall s
INDE Actual introduced error   0.000000e+00 : nnz before  5329 <-> 100.00 % , nnz after  5329 <-> 100.00 %
TIDE square took      0.00 usr cpu s       0.00 sys cpu s       0.00 wall s
INDE NNZ Xsq = 5329 <-> 100.00 %
TIDE Frobenius norm of X-X^2 took      0.00 usr cpu s       0.00 sys cpu s       0.00 wall s
TIDE Mixed norm of X-X^2 took      0.00 usr cpu s       0.01 sys cpu s       0.00 wall s
TIDE Trace of X-X^2 took      0.00 usr cpu s       0.00 sys cpu s       0.00 wall s
INDE ||X-X^2||_F = 7.909354e-01 , ||X-X^2||_mixed = 6.867950e-01
INDE trace(X-X^2) = 3.919275e+00
INDE trace(X) = 4.215324e+01
INDE Checking stopping criterion...   
INDE e_i =6.867950e-01, C*e_{i-1}^q = 5.457932e+00
INDE Order of convergence = 19.823186, stop = 0
TIDE stopping_criterion took      0.00 usr cpu s       0.00 sys cpu s       0.00 wall s
TIDE Iteration 11 took      0.00 usr cpu s       0.01 sys cpu s       0.00 wall s
INDE     ITERATION 12 :
TIDE purify_X took      0.00 usr cpu s       0.00 sys cpu s       0.00 wall s
TIDE truncate_matrix took      0.00 usr cpu s       0.00 sys cpu s       0.00 wall s
INDE Actual introduced error   0.000000e+00 : nnz before  5329 <-> 100.00 % , nnz after  5329 <-> 100.00 %
TIDE square took      0.00 usr cpu s       0.00 sys cpu s       0.00 wall s
INDE NNZ Xsq = 5329 <-> 100.00 %
TIDE Frobenius norm of X-X^2 took      0.00 usr cpu s       0.00 sys cpu s       0.00 wall s
TIDE Mixed norm of X-X^2 took      0.00 usr cpu s       0.00 sys cpu s       0.00 wall s
TIDE Trace of X-X^2 took      0.00 usr cpu s       0.00 sys cpu s       0.00 wall s
INDE ||X-X^2||_F = 3.238842e-01 , ||X-X^2||_mixed = 2.957368e-01
INDE trace(X-X^2) = 1.350786e+00
INDE trace(X) = 4.607252e+01
INDE Checking stopping criterion...   
INDE e_i =2.957368e-01, C*e_{i-1}^q = 1.714345e+00
INDE Order of convergence = 4.527361, stop = 0
TIDE stopping_criterion took      0.00 usr cpu s       0.00 sys cpu s       0.00 wall s
TIDE Iteration 12 took      0.01 usr cpu s       0.01 sys cpu s       0.00 wall s
INDE     ITERATION 13 :
TIDE purify_X took      0.00 usr cpu s       0.00 sys cpu s       0.00 wall s
TIDE truncate_matrix took      0.00 usr cpu s       0.00 sys cpu s       0.00 wall s
INDE Actual introduced error   0.000000e+00 : nnz before  5329 <-> 100.00 % , nnz after  5329 <-> 100.00 %
TIDE square took      0.00 usr cpu s       0.00 sys cpu s       0.00 wall s
INDE NNZ Xsq = 5329 <-> 100.00 %
TIDE Frobenius norm of X-X^2 took      0.00 usr cpu s       0.00 sys cpu s       0.00 wall s
TIDE Mixed norm of X-X^2 took      0.00 usr cpu s       0.00 sys cpu s       0.00 wall s
TIDE Trace of X-X^2 took      0.00 usr cpu s       0.00 sys cpu s       0.00 wall s
INDE ||X-X^2||_F = 2.390506e-01 , ||X-X^2||_mixed = 2.302237e-01
INDE trace(X-X^2) = 5.637631e-01
INDE trace(X) = 4.742330e+01
INDE Checking stopping criterion...   
INDE Order of convergence cannot be computed
TIDE stopping_criterion took      0.00 usr cpu s       0.00 sys cpu s       0.00 wall s
TIDE Iteration 13 took      0.00 usr cpu s       0.01 sys cpu s       0.00 wall s
INDE     ITERATION 14 :
TIDE purify_X took      0.00 usr cpu s       0.00 sys cpu s       0.00 wall s
TIDE truncate_matrix took      0.00 usr cpu s       0.00 sys cpu s       0.00 wall s
INDE Actual introduced error   0.000000e+00 : nnz before  5329 <-> 100.00 % , nnz after  5329 <-> 100.00 %
TIDE square took      0.00 usr cpu s       0.00 sys cpu s       0.00 wall s
INDE NNZ Xsq = 5329 <-> 100.00 %
TIDE Frobenius norm of X-X^2 took      0.00 usr cpu s       0.00 sys cpu s       0.00 wall s
TIDE Mixed norm of X-X^2 took      0.00 usr cpu s       0.01 sys cpu s       0.00 wall s
TIDE Trace of X-X^2 took      0.00 usr cpu s       0.00 sys cpu s       0.00 wall s
INDE ||X-X^2||_F = 9.500392e-02 , ||X-X^2||_mixed = 9.075809e-02
INDE trace(X-X^2) = 2.929325e-01
INDE trace(X) = 4.685954e+01
INDE Checking stopping criterion...   
INDE e_i =9.075809e-02, C*e_{i-1}^q = 6.023564e-01
INDE Order of convergence = 3.553537, stop = 0
TIDE stopping_criterion took      0.00 usr cpu s       0.00 sys cpu s       0.00 wall s
TIDE Iteration 14 took      0.00 usr cpu s       0.01 sys cpu s       0.00 wall s
INDE     ITERATION 15 :
TIDE purify_X took      0.00 usr cpu s       0.00 sys cpu s       0.00 wall s
TIDE truncate_matrix took      0.00 usr cpu s       0.00 sys cpu s       0.00 wall s
INDE Actual introduced error   0.000000e+00 : nnz before  5329 <-> 100.00 % , nnz after  5329 <-> 100.00 %
TIDE square took      0.00 usr cpu s       0.00 sys cpu s       0.00 wall s
INDE NNZ Xsq = 5329 <-> 100.00 %
TIDE Frobenius norm of X-X^2 took      0.00 usr cpu s       0.00 sys cpu s       0.00 wall s
TIDE Mixed norm of X-X^2 took      0.00 usr cpu s       0.00 sys cpu s       0.00 wall s
TIDE Trace of X-X^2 took      0.00 usr cpu s       0.00 sys cpu s       0.00 wall s
INDE ||X-X^2||_F = 9.360441e-02 , ||X-X^2||_mixed = 9.267096e-02
INDE trace(X-X^2) = 1.564970e-01
INDE trace(X) = 4.715247e+01
INDE Checking stopping criterion...   
INDE e_i =9.267096e-02, C*e_{i-1}^q = 3.650421e-01
INDE Order of convergence = 2.933447, stop = 0
TIDE stopping_criterion took      0.00 usr cpu s       0.00 sys cpu s       0.00 wall s
TIDE Iteration 15 took      0.00 usr cpu s       0.01 sys cpu s       0.00 wall s
INDE     ITERATION 16 :
TIDE purify_X took      0.00 usr cpu s       0.00 sys cpu s       0.00 wall s
TIDE truncate_matrix took      0.00 usr cpu s       0.00 sys cpu s       0.00 wall s
INDE Actual introduced error   0.000000e+00 : nnz before  5329 <-> 100.00 % , nnz after  5329 <-> 100.00 %
TIDE square took      0.00 usr cpu s       0.00 sys cpu s       0.00 wall s
INDE NNZ Xsq = 5329 <-> 100.00 %
TIDE Frobenius norm of X-X^2 took      0.00 usr cpu s       0.00 sys cpu s       0.00 wall s
TIDE Mixed norm of X-X^2 took      0.00 usr cpu s       0.00 sys cpu s       0.00 wall s
TIDE Trace of X-X^2 took      0.00 usr cpu s       0.00 sys cpu s       0.00 wall s
INDE ||X-X^2||_F = 1.094118e-02 , ||X-X^2||_mixed = 1.066106e-02
INDE trace(X-X^2) = 2.442464e-02
INDE trace(X) = 4.699598e+01
INDE Checking stopping criterion...   
INDE e_i =1.066106e-02, C*e_{i-1}^q = 5.673008e-02
INDE Order of convergence = 2.696673, stop = 0
TIDE stopping_criterion took      0.00 usr cpu s       0.00 sys cpu s       0.00 wall s
TIDE Iteration 16 took      0.00 usr cpu s       0.01 sys cpu s       0.00 wall s
INDE     ITERATION 17 :
TIDE purify_X took      0.00 usr cpu s       0.00 sys cpu s       0.00 wall s
TIDE truncate_matrix took      0.00 usr cpu s       0.00 sys cpu s       0.00 wall s
INDE Actual introduced error   0.000000e+00 : nnz before  5329 <-> 100.00 % , nnz after  5329 <-> 100.00 %
TIDE square took      0.00 usr cpu s       0.00 sys cpu s       0.00 wall s
INDE NNZ Xsq = 5329 <-> 100.00 %
TIDE Frobenius norm of X-X^2 took      0.00 usr cpu s       0.00 sys cpu s       0.00 wall s
TIDE Mixed norm of X-X^2 took      0.00 usr cpu s       0.00 sys cpu s       0.00 wall s
TIDE Trace of X-X^2 took      0.00 usr cpu s       0.00 sys cpu s       0.00 wall s
INDE ||X-X^2||_F = 1.476765e-02 , ||X-X^2||_mixed = 1.472619e-02
INDE trace(X-X^2) = 2.835579e-02
INDE trace(X) = 4.697155e+01
INDE Checking stopping criterion...   
INDE Order of convergence cannot be computed
TIDE stopping_criterion took      0.00 usr cpu s       0.00 sys cpu s       0.00 wall s
TIDE Iteration 17 took      0.00 usr cpu s       0.01 sys cpu s       0.00 wall s
INDE     ITERATION 18 :
TIDE purify_X took      0.00 usr cpu s       0.00 sys cpu s       0.00 wall s
TIDE truncate_matrix took      0.00 usr cpu s       0.00 sys cpu s       0.00 wall s
INDE Actual introduced error   0.000000e+00 : nnz before  5329 <-> 100.00 % , nnz after  5329 <-> 100.00 %
TIDE square took      0.00 usr cpu s       0.00 sys cpu s       0.00 wall s
INDE NNZ Xsq = 5329 <-> 100.00 %
TIDE Frobenius norm of X-X^2 took      0.00 usr cpu s       0.00 sys cpu s       0.00 wall s
TIDE Mixed norm of X-X^2 took      0.00 usr cpu s       0.01 sys cpu s       0.00 wall s
TIDE Trace of X-X^2 took      0.00 usr cpu s       0.00 sys cpu s       0.00 wall s
INDE ||X-X^2||_F = 1.954763e-04 , ||X-X^2||_mixed = 1.916469e-04
INDE trace(X-X^2) = 3.530899e-04
INDE trace(X) = 4.699991e+01
INDE Checking stopping criterion...   
INDE e_i =1.916469e-04, C*e_{i-1}^q = 7.827862e-04
INDE Order of convergence = 2.309878, stop = 0
TIDE stopping_criterion took      0.00 usr cpu s       0.00 sys cpu s       0.00 wall s
TIDE Iteration 18 took      0.00 usr cpu s       0.01 sys cpu s       0.00 wall s
INDE     ITERATION 19 :
TIDE purify_X took      0.00 usr cpu s       0.00 sys cpu s       0.00 wall s
TIDE truncate_matrix took      0.00 usr cpu s       0.00 sys cpu s       0.00 wall s
INDE Actual introduced error   0.000000e+00 : nnz before  5329 <-> 100.00 % , nnz after  5329 <-> 100.00 %
TIDE square took      0.00 usr cpu s       0.00 sys cpu s       0.00 wall s
INDE NNZ Xsq = 5329 <-> 100.00 %
TIDE Frobenius norm of X-X^2 took      0.00 usr cpu s       0.00 sys cpu s       0.00 wall s
TIDE Mixed norm of X-X^2 took      0.00 usr cpu s       0.00 sys cpu s       0.00 wall s
TIDE Trace of X-X^2 took      0.00 usr cpu s       0.00 sys cpu s       0.00 wall s
INDE ||X-X^2||_F = 2.451428e-04 , ||X-X^2||_mixed = 2.451326e-04
INDE trace(X-X^2) = 2.613110e-04
INDE trace(X) = 4.700026e+01
INDE Checking stopping criterion...   
INDE Order of convergence cannot be computed
TIDE stopping_criterion took      0.00 usr cpu s       0.00 sys cpu s       0.00 wall s
TIDE Iteration 19 took      0.00 usr cpu s       0.01 sys cpu s       0.00 wall s
INDE     ITERATION 20 :
TIDE purify_X took      0.00 usr cpu s       0.00 sys cpu s       0.00 wall s
TIDE truncate_matrix took      0.00 usr cpu s       0.00 sys cpu s       0.00 wall s
INDE Actual introduced error   0.000000e+00 : nnz before  5329 <-> 100.00 % , nnz after  5329 <-> 100.00 %
TIDE square took      0.00 usr cpu s       0.00 sys cpu s       0.00 wall s
INDE NNZ Xsq = 5329 <-> 100.00 %
TIDE Frobenius norm of X-X^2 took      0.00 usr cpu s       0.00 sys cpu s       0.00 wall s
TIDE Mixed norm of X-X^2 took      0.00 usr cpu s       0.00 sys cpu s       0.00 wall s
TIDE Trace of X-X^2 took      0.00 usr cpu s       0.00 sys cpu s       0.00 wall s
INDE ||X-X^2||_F = 7.061898e-08 , ||X-X^2||_mixed = 6.954021e-08
INDE trace(X-X^2) = 1.064989e-07
INDE trace(X) = 4.700000e+01
INDE Checking stopping criterion...   
INDE e_i =6.954021e-08, C*e_{i-1}^q = 2.529568e-07
INDE Order of convergence = 2.150857, stop = 0
TIDE stopping_criterion took      0.00 usr cpu s       0.00 sys cpu s       0.00 wall s
TIDE Iteration 20 took      0.00 usr cpu s       0.01 sys cpu s       0.00 wall s
INDE     ITERATION 21 :
TIDE purify_X took      0.00 usr cpu s       0.00 sys cpu s       0.00 wall s
TIDE truncate_matrix took      0.00 usr cpu s       0.00 sys cpu s       0.00 wall s
INDE Actual introduced error   0.000000e+00 : nnz before  5329 <-> 100.00 % , nnz after  5329 <-> 100.00 %
TIDE square took      0.00 usr cpu s       0.00 sys cpu s       0.00 wall s
INDE NNZ Xsq = 5329 <-> 100.00 %
TIDE Frobenius norm of X-X^2 took      0.00 usr cpu s       0.00 sys cpu s       0.00 wall s
TIDE Mixed norm of X-X^2 took      0.00 usr cpu s       0.00 sys cpu s       0.00 wall s
TIDE Trace of X-X^2 took      0.00 usr cpu s       0.00 sys cpu s       0.00 wall s
INDE ||X-X^2||_F = 7.491125e-08 , ||X-X^2||_mixed = 7.490342e-08
INDE trace(X-X^2) = 9.274918e-08
INDE trace(X) = 4.700000e+01
INDE Checking stopping criterion...   
INDE Order of convergence cannot be computed
TIDE stopping_criterion took      0.00 usr cpu s       0.00 sys cpu s       0.00 wall s
TIDE Iteration 21 took      0.00 usr cpu s       0.01 sys cpu s       0.00 wall s
INDE     ITERATION 22 :
TIDE purify_X took      0.00 usr cpu s       0.00 sys cpu s       0.00 wall s
TIDE truncate_matrix took      0.00 usr cpu s       0.00 sys cpu s       0.00 wall s
INDE Actual introduced error   0.000000e+00 : nnz before  5329 <-> 100.00 % , nnz after  5329 <-> 100.00 %
TIDE square took      0.00 usr cpu s       0.00 sys cpu s       0.00 wall s
INDE NNZ Xsq = 5329 <-> 100.00 %
TIDE Frobenius norm of X-X^2 took      0.00 usr cpu s       0.00 sys cpu s       0.00 wall s
TIDE Mixed norm of X-X^2 took      0.00 usr cpu s       0.00 sys cpu s       0.00 wall s
TIDE Trace of X-X^2 took      0.00 usr cpu s       0.00 sys cpu s       0.00 wall s
INDE ||X-X^2||_F = 8.869014e-15 , ||X-X^2||_mixed = 0.000000e+00
INDE trace(X-X^2) = 7.105427e-15
INDE trace(X) = 4.700000e+01
INDE Checking stopping criterion...   
INDE ************************************************************************************************************
INDE The norm value went much below machine precision, therefore we stop here since n_max can be underestimated.
INDE ************************************************************************************************************
INDE e_i =0.000000e+00, C*e_{i-1}^q = 3.330540e-14
INDE Order of convergence = inf, stop = 1
TIDE stopping_criterion took      0.00 usr cpu s       0.00 sys cpu s       0.00 wall s
INDE PURIFICATION CONVERGED after 22 iterations
TIDE Iteration 22 took      0.00 usr cpu s       0.00 sys cpu s       0.00 wall s
INDE Number of non-zeros in D is  5329 <-> 100.00 %
TIDE FileWritable::writeAndReadAll took      0.00 usr cpu s       0.00 sys cpu s       0.00 wall s
INDE writeAndReadAll sizesStr: '0 MB (1 MatrixGeneral, 0 > 1 MB) + 0 MB (13 MatrixSymmetric, 0 > 1 MB) + 0 MB (2 VectorGeneral, 0 > 1 MB) = 0 MB (16 total, 0 > 1 MB)
INDE TOTAL accumulated subspace error is 0.000000e+00
INDE TOTAL X square time: 0.005814 wall s
INDE TOTAL X trunction time: 0.001148 wall s
INDE TOTAL X purify (exl. X^2 computation) time: 0.000839 wall s
INDE TOTAL time to get number of non-zero elements: 0.000822 wall s
INDE TOTAL time to get mixed norm: 0.014919 wall s
INDE TOTAL time to get Frobenius norm: 0.000899 wall s
INDE TOTAL time for stopping criterion: 0.001074 wall s
INDE TOTAL time to get matrix trace: 0.000455 wall s
INDE Estimated bounds for the eigenvalues for the Fock matrix:
INDE LUMO: [ 0.209722240557 , 0.234425432045 ]
INDE HOMO: [ -0.321366358362 , -0.278453790151 ]
TIDE eigenvalue_bounds_estimation() took      0.00 usr cpu s       0.00 sys cpu s       0.00 wall s
TIDE Recursive expansion took      0.11 usr cpu s       0.32 sys cpu s       0.05 wall s
TIDE Puri->PurificationStart() took      0.11 usr cpu s       0.32 sys cpu s       0.05 wall s
TIDE Accumulated wall times for writeToFile in PurificationStart()          : 0 s (MatrixGeneral) + 9.5e-07 s (MatrixSymmetric) + 2.2e-05 s (VectorGeneral) = 2.3e-05 s
TIDE Accumulated wall times for readFromFile in PurificationStart()         : 0 s (MatrixGeneral) + 4.1e-06 s (MatrixSymmetric) + 1.1e-05 s (VectorGeneral) = 1.5e-05 s
TIDE Accumulated wall times for copy and assign in PurificationStart()      : 9.5e-07 s (MatrixSymmetric) + 3.3e-05 s (VectorGeneral) = 3.4e-05 s
INDE Number of calls to writeToFile in PurificationStart()                  : 2 (MatrixGeneral) + 27 (MatrixSymmetric) + 305 (VectorGeneral) = 334 
INDE Number of calls to readFromFile in PurificationStart()                 : 2 (MatrixGeneral) + 26 (MatrixSymmetric) + 113 (VectorGeneral) = 141 
INDE Number of calls to FileWritable copy and assign in PurificationStart() : 2 (MatrixSymmetric) + 24 (VectorGeneral) = 26 
TIDE mat::Gblas::time after purification :     0.194654
INDE Created .m files with results of the purification
INDE Purification converged OK, subspaceError <=          0.00000000000
INDE E(LUMO) - E(HOMO) >=          0.48817603071 =         13.28394659114 eV
INDE E(LUMO) - E(HOMO) <=          0.55579179041 =         15.12386515340 eV
INDE HOMO interval : [   -0.321366358362   -0.278453790151 ]
INDE LUMO interval : [    0.209722240557    0.234425432045 ]
INDE Trace of resulting density matrix is         47.00000000000, error is   0.00000000000000.
INDE Truncated D_ort ( mixed ), selected threshold = 9.99999e-08, returned error =          0, nnz before = 5329 <-> 100.0000 %, nnz after = 5329 <-> 100.0000 %
TIDE FileWritable::writeAndReadAll took      0.00 usr cpu s       0.00 sys cpu s       0.00 wall s
INDE writeAndReadAll sizesStr: '0 MB (1 MatrixGeneral, 0 > 1 MB) + 0 MB (12 MatrixSymmetric, 0 > 1 MB) + 0 MB (1 MatrixTriangular, 0 > 1 MB) = 0 MB (14 total, 0 > 1 MB)
TIDE D_w to non-orthogonal basis took      0.00 usr cpu s       0.00 sys cpu s       0.00 wall s
INDE Truncated D_S (eucl with Z), selected threshold = 9.99999e-08, returned error =          0, nnz before = 100.0000 %, nnz after = 100.0000 %
INDE get_dens_from_fock_sparse ending OK
TIDE get_dens_from_fock_sparse took      0.13 usr cpu s       0.42 sys cpu s       0.07 wall s
ERDE get_dens_from_fock  (GetDensFromFock class) : purification finished OK.
TIDE get_dens_from_fock took      0.13 usr cpu s       0.42 sys cpu s       0.07 wall s
INSC Matrix 'new density matrix' ( symm ): n =     73, nnz =         5329 <-> 100.00 %, mem usage  0.0000 G
INSC Tr( D * S ) =         94.00000000000
TISC get_new_density_matrix took      0.13 usr cpu s       0.42 sys cpu s       0.07 wall s
INSC SCF_restricted::report_density_difference, diff_eucl =          0.00000540031
TISC SCF_restricted::report_density_difference took      0.00 usr cpu s       0.02 sys cpu s       0.00 wall s
INMA ddf_writeShellListAndDensityMatricesToFile_sparse, n =     73, densityMatrixList[0].nvalues =        2701
INMA opened temporary file 'density.bin.04XPvz' for writing
INMA Choosing matrixStorageType = MATRIX_STORAGE_TYPE_TRIANGLE.
INMA fileSize =           46848 bytes =      0.047 MegaBytes
INMA renamed file 'density.bin.04XPvz' to 'density.bin'
INMA ddf_writeShellListAndDensityMatricesToFile_sparse freeing buffer.
INMA ddf_writeShellListAndDensityMatricesToFile_sparse returning OK.
TISC write_density_to_file took      0.01 usr cpu s       0.04 sys cpu s       0.01 wall s
INSC SCF cycle  19 finished.
TISC SCF cycle  19 took      7.82 usr cpu s       0.97 sys cpu s       2.22 wall s
INSC Beginning of SCF cycle 20:  Thu Mar 26 20:00:41 2026
INDE compute_J_by_boxes_sparse() start.
TIDE FileWritable::writeAndReadAll took      0.00 usr cpu s       0.00 sys cpu s       0.00 wall s
INDE writeAndReadAll: '0 MB (1 MatrixGeneral, 0 > 1 MB) + 0 MB (11 MatrixSymmetric, 0 > 1 MB) = 0 MB (12 total, 0 > 1 MB)
IN   compute_J_by_boxes_sparse, maxDensityMatrixElement =          2.11091349618
ININ get_basis_func_pair_list, n =     73
ININ create_box_system end OK, toplevelBoxSize:   7.0, #levels:  3, #boxes at top level:      6
TIIN get_basis_func_pair_list_2el took      0.05 usr cpu s       0.17 sys cpu s       0.03 wall s
IN   compute_J_by_boxes_sparse: noOfBasisFuncIndexPairs = 2598 ==> storing  48.75 % of a full matrix
ININ entering compute_J_by_boxes_linear, no of basis funcs =    73, threshold_J =   1e-12
ININ use_fmm = 1, fmm_box_size =   5.00
TIIN Compute extent for all distrs took      0.05 usr cpu s       0.00 sys cpu s       0.05 wall s
ININ extent_min =    0.000, extent_max =    8.395
ININ Creating list of distributions etc done, distrCount =     36059
TIIN Creating list of distributions etc took      0.13 usr cpu s       0.26 sys cpu s       0.11 wall s
ININ create_box_system end OK, toplevelBoxSize:   5.0, #levels:  3, #boxes at top level:     10
TIIN Creating boxes took      0.00 usr cpu s       0.00 sys cpu s       0.00 wall s
ININ noOfBranches = 4, splitters:   5.00  2.50  0.00
ININ J org done, groupCount =     3008
TIIN J org took      0.12 usr cpu s       0.00 sys cpu s       0.12 wall s
TIIN Generate group multipoles took      0.07 usr cpu s       0.00 sys cpu s       0.07 wall s
ININ totChargeWholeSystem =          0.00000000000
ININ Generating multipole for each branch at top level, MAX_MULTIPOLE_DEGREE = 15
TIIN Translate multipoles (step 1) took      0.07 usr cpu s       0.00 sys cpu s       0.07 wall s
TIIN Translate multipoles (step 2) took      0.07 usr cpu s       0.00 sys cpu s       0.07 wall s
ININ job lists for J created OK, noOfJobs_J_standard =      759, noOfJobs_J_multipole =      122
TIIN Creating job lists for J took      0.00 usr cpu s       0.00 sys cpu s       0.00 wall s
ININ execute_joblist_J_std_threaded, noOfThreads =  8
ININ 8 threads started OK.
ININ all 8 threads have finished.
TIIN execute_joblist_J_std_threaded took      3.50 usr cpu s       0.00 sys cpu s       0.55 wall s
TIIN sort_list_of_multipole_jobs init part took      0.00 usr cpu s       0.00 sys cpu s       0.00 wall s
TIIN sort_list_of_multipole_jobs complete took      0.00 usr cpu s       0.00 sys cpu s       0.00 wall s
TIIN sort_list_of_multipole_jobs took      0.00 usr cpu s       0.00 sys cpu s       0.00 wall s
ININ execute_joblist_J_fmm_shared: Allocating multipoleList_4, maxnoOfMinimalDistrsPerBoxBranch =      7533
ININ execute_joblist_J_fmm_shared: Allocating multipoleList_4, maxnoOfMinimalDistrsPerBoxBranch =      7533
ININ execute_joblist_J_fmm_shared: Allocating multipoleList_4, maxnoOfMinimalDistrsPerBoxBranch =      7533
ININ execute_joblist_J_fmm_shared: jobIndexLo =           30, jobIndexHi =           45
ININ execute_joblist_J_fmm_shared: jobIndexLo =            0, jobIndexHi =           15
ININ execute_joblist_J_fmm_shared: jobIndexLo =           45, jobIndexHi =           61
ININ execute_joblist_J_fmm_shared: Allocating multipoleList_4, maxnoOfMinimalDistrsPerBoxBranch =      7533
ININ execute_joblist_J_fmm_shared: jobIndexLo =           15, jobIndexHi =           30
ININ execute_joblist_J_fmm_shared: Allocating multipoleList_4, maxnoOfMinimalDistrsPerBoxBranch =      7533
ININ execute_joblist_J_fmm_shared: jobIndexLo =           61, jobIndexHi =           76
ININ execute_joblist_J_fmm_shared: Allocating multipoleList_4, maxnoOfMinimalDistrsPerBoxBranch =      7533
ININ execute_joblist_J_fmm_shared: jobIndexLo =           76, jobIndexHi =           91
ININ execute_joblist_J_fmm_shared: Allocating multipoleList_4, maxnoOfMinimalDistrsPerBoxBranch =      7533
ININ execute_joblist_J_fmm_shared: jobIndexLo =           91, jobIndexHi =          106
ININ execute_joblist_J_fmm_shared: Allocating multipoleList_4, maxnoOfMinimalDistrsPerBoxBranch =      7533
ININ execute_joblist_J_fmm_shared: jobIndexLo =          106, jobIndexHi =          122
ININ execute_joblist_J_fmm_shared: done!
ININ execute_joblist_J_fmm_shared: done!
ININ execute_joblist_J_fmm_shared: done!
ININ execute_joblist_J_fmm_shared: done!
ININ execute_joblist_J_fmm_shared: done!
ININ execute_joblist_J_fmm_shared: done!
ININ execute_joblist_J_fmm_shared: done!
ININ execute_joblist_J_fmm_shared: done!
ININ multipole job list for J executed, largest L used: 13
TIIN Executing multipole job list for J took      0.04 usr cpu s       0.00 sys cpu s       0.03 wall s
ININ compute_J_by_boxes_linear ending OK.
TIIN compute_J_by_boxes_linear took      4.02 usr cpu s       0.27 sys cpu s       1.04 wall s
TI   compute_J_by_boxes_sparse total took      4.07 usr cpu s       0.43 sys cpu s       1.07 wall s
ININ entering create_CSR_for_K, no of basis funcs =    73, threshold_K =   1e-12
ININ create_box_system end OK, toplevelBoxSize:   7.0, #levels:  3, #boxes at top level:      6
ININ create_box_system end OK, toplevelBoxSize:   7.0, #levels:  3, #boxes at top level:      6
ININ create_box_system end OK, toplevelBoxSize:   7.0, #levels:  3, #boxes at top level:      6
TIIN create_CSR_for_K getting list of distrs took      0.04 usr cpu s       0.00 sys cpu s       0.04 wall s
ININ list of neighbors complete.
TIIN create_CSR_for_K getting list of neighbors took      0.00 usr cpu s       0.00 sys cpu s       0.00 wall s
TIIN create_CSR_for_K sort each list of neighbors took      0.00 usr cpu s       0.00 sys cpu s       0.00 wall s
ININ 8 threads started OK.
TIIN identify_needed_elements() took      0.73 usr cpu s       0.00 sys cpu s       0.11 wall s
ININ computing nnz..
ININ create_CSR_for_K: predicted nnz =         2701, <->  50.68% of a full matrix
TIIN create_CSR_for_K last part took      0.00 usr cpu s       0.00 sys cpu s       0.00 wall s
TIIN create_CSR_for_K total took      0.78 usr cpu s       0.00 sys cpu s       0.15 wall s
ININ entering compute_K_by_boxes, no of basis funcs =    73, threshold_K =   1e-12, exchange_box_size =   5.00
ININ create_box_system end OK, toplevelBoxSize:   7.0, #levels:  3, #boxes at top level:      6
ININ create_box_system end OK, toplevelBoxSize:   7.0, #levels:  3, #boxes at top level:      6
ININ create_box_system end OK, toplevelBoxSize:   7.0, #levels:  3, #boxes at top level:      6
TIIN Compute extent for all distrs took      0.05 usr cpu s       0.00 sys cpu s       0.05 wall s
ININ Creating list of distributions done, distrCountTot =     36059
TIIN Creating list of distributions took      0.08 usr cpu s       0.00 sys cpu s       0.08 wall s
ININ create_box_system end OK, toplevelBoxSize:   5.0, #levels:  3, #boxes at top level:     10
ININ create_box_system end OK, toplevelBoxSize:   2.5, #levels:  4, #boxes at top level:     16
ININ noOfLevelsBasisFuncs = 4, noOfLevelsDiff = 1
TIIN Creating boxes etc took      0.00 usr cpu s       0.00 sys cpu s       0.00 wall s
TIIN getting multipoleNormVectorList took      0.07 usr cpu s       0.00 sys cpu s       0.07 wall s
TIIN K organize_distributions for all boxes took      0.13 usr cpu s       0.00 sys cpu s       0.13 wall s
ININ starting loop to setup basisFuncGroupInfoList, with added index checks.
TIIN GetLimitsAllLevels took      0.03 usr cpu s       0.00 sys cpu s       0.03 wall s
ININ getDmatLimitMatrixCSRList start.
TIIN getting densityMatrixLimitMatrixList took      0.00 usr cpu s       0.00 sys cpu s       0.00 wall s
ININ job list for K created,       55 jobs
TIIN creating job list for K took      0.00 usr cpu s       0.00 sys cpu s       0.00 wall s
ININ execute_joblist_K_threaded, noOfThreads =  8, basisFuncListCount_max =    67
ININ 8 threads started OK.
ININ all 8 threads have finished, took        1 wall s.
TIIN Executing job list for K took      2.28 usr cpu s       0.00 sys cpu s       0.51 wall s
TIIN compute_K_by_boxes took      2.60 usr cpu s       0.00 sys cpu s       0.82 wall s
TI   compute_K_by_boxes_sparse total took      3.37 usr cpu s       0.01 sys cpu s       0.98 wall s
INSC About to truncate FockMatrix, gap of Fprev >=          0.48817603071
TISC symmMatrix::mixed_diff for F vs Fprev maxEigValMovement_mixed took      0.00 usr cpu s       0.00 sys cpu s       0.00 wall s
TISC symmMatrix::eucl_diff for maxEigValMovement_eucl  took      0.01 usr cpu s       0.02 sys cpu s       0.01 wall s
INSC maxEigValMovement_frob  =          0.00000162052
INSC maxEigValMovement_mixed =          0.00000125494
INSC maxEigValMovement_eucl  =          0.00000078975
TISC FockMatrix.eucl_thresh() (with Z) took      0.00 usr cpu s       0.01 sys cpu s       0.00 wall s
INSC Truncated FockMatrix (eucl with Z), selected threshold = 4.88174e-08, returned error =          0, nnz before = 100.0000 %, nnz after = 100.0000 %
INSC Matrix 'S' ( symm ): n =     73, nnz =         5329 <-> 100.00 %, mem usage  0.0000 G
INSC Matrix 'F' ( symm ): n =     73, nnz =         5329 <-> 100.00 %, mem usage  0.0000 G
INSC Matrix 'D' ( symm ): n =     73, nnz =         5329 <-> 100.00 %, mem usage  0.0000 G
INSC nuclearEnergy, energy_2el, energy = 782.160484, 1010.855916, -636.642060
INSC Energy  20 =       -636.64205981390  ( diff     -0.000000000006821 )
INSC calling compute_FDSminusSDF_sparse, n = 73
INDE compute_FDSminusSDF_sparse() start.
TIDE FileWritable::writeAndReadAll took      0.00 usr cpu s       0.00 sys cpu s       0.00 wall s
INDE writeAndReadAll: '0 MB (1 MatrixGeneral, 0 > 1 MB) + 0 MB (9 MatrixSymmetric, 0 > 1 MB) = 0 MB (10 total, 0 > 1 MB)
TISC compute_FDSminusSDF_sparse, F*D mult took      0.00 usr cpu s       0.01 sys cpu s       0.00 wall s
INSC Matrix 'FD before eucl truncation' (normal): n =     73, nnz =         5329 <-> 100.00 %, mem usage  0.0000 G
INSC Matrix 'FD after  eucl truncation' (normal): n =     73, nnz =         5329 <-> 100.00 %, mem usage  0.0000 G
INSC Matrix 'FDS before eucl truncation' (normal): n =     73, nnz =         5329 <-> 100.00 %, mem usage  0.0000 G
INSC Matrix 'FDS after  eucl truncation' (normal): n =     73, nnz =         5329 <-> 100.00 %, mem usage  0.0000 G
INSC compute_FDSminusSDF_sparse ending OK.
TISC compute_FDSminusSDF_sparse took      0.00 usr cpu s       0.02 sys cpu s       0.00 wall s
INSC Matrix 'FDS-SDF' (normal): n =     73, nnz =         5329 <-> 100.00 %, mem usage  0.0000 G
INSC SCF_restricted::get_FDSminusSDF finished.
TISC get_FDSminusSDF took      0.00 usr cpu s       0.02 sys cpu s       0.00 wall s
INSC maxabs FDS-SDF is 2.96e-07
INSC frob   FDS-SDF is 1.19e-06
TISC get_error_measure took      0.00 usr cpu s       0.00 sys cpu s       0.00 wall s
INSC entering DIISManagerRestricted::AddIterationToList, IterCount = 10
INSC DIISManagerRestricted::AddIterationToList ending OK.
TISC DIISManagerRestricted::AddIterationToList took      0.00 usr cpu s       0.00 sys cpu s       0.00 wall s
INSC using DIIS to get combined Fock matrix, number of iters used for DIIS: 10
TISC clear_error_matrices took      0.00 usr cpu s       0.00 sys cpu s       0.00 wall s
TISC save_current_fock_as_fprev took      0.00 usr cpu s       0.00 sys cpu s       0.00 wall s
INDE get_dens_from_fock_general, n = 73, use_diagonalization = 0, use_diag_on_error = 1
INDE Before writeAndReadAll(): AllocatorManager statistics:  noOfRealsPerBuffer: 1024 noOfBuffers: 20000 list.size(): 1. Allocated: 0.164 GB, Used: 0.000868 GB, Peak alloc: 0.164 GB.
TIDE FileWritable::writeAndReadAll took      0.00 usr cpu s       0.00 sys cpu s       0.00 wall s
INDE writeAndReadAll sizesStr: '0 MB (1 MatrixGeneral, 0 > 1 MB) + 0 MB (7 MatrixSymmetric, 0 > 1 MB) = 0 MB (8 total, 0 > 1 MB)
INDE After writeAndReadAll(): AllocatorManager statistics:  noOfRealsPerBuffer: 1024 noOfBuffers: 20000 list.size(): 1. Allocated: 0.164 GB, Used: 0.000868 GB, Peak alloc: 0.164 GB.
INDE calling get_dens_from_fock_sparse, n =     73, subspaceErrorLimit = 1e-06
INDE get_dens_from_fock_sparse() start!
INDE After F.readFromFile(): AllocatorManager statistics:  noOfRealsPerBuffer: 1024 noOfBuffers: 20000 list.size(): 1. Allocated: 0.164 GB, Used: 0.000868 GB, Peak alloc: 0.164 GB.
INDE After creating wrapper MatrixType F_w(F): AllocatorManager statistics:  noOfRealsPerBuffer: 1024 noOfBuffers: 20000 list.size(): 1. Allocated: 0.164 GB, Used: 0.000893 GB, Peak alloc: 0.164 GB.
TIDE  F_w to orthogonal basis took      0.00 usr cpu s       0.01 sys cpu s       0.00 wall s
TIDE MatrixType::mixed_diff for maxEigValMovement_mixed took      0.00 usr cpu s       0.00 sys cpu s       0.00 wall s
TIDE symmMatrixWrap::eucl_diff for maxEigValMovement_eucl  took      0.02 usr cpu s       0.08 sys cpu s       0.02 wall s
INDE maxEigValMovement_frob  =          0.00000187049
INDE maxEigValMovement_mixed =          0.00000151755
INDE maxEigValMovement_eucl  =          0.00000094956
INDE lumo before truncation: [ 0.209721290999 , 0.234426381603 ]
INDE homo before truncation: [ -0.321367307921 , -0.278452840593 ]
INDE Truncate matrix F and update intervals for homo and lumo.
INDE Truncating F_ort ( mixed ), selected threshold = 4.88174e-08
INDE Truncated F_ort ( mixed ), selected threshold = 4.88174e-08, returned error =          0, nnz before = 100.0000 %, nnz after = 100.0000 %
TIDE Truncation of F_ort took      0.00 usr cpu s       0.00 sys cpu s       0.00 wall s
INDE Chosen Ergo Wrapper
INDE Creating purification object: N = 73 , nocc = 47 , NNZ = 5329  <-> 100.00000 %
INDE Chosen norm for the truncation: 
INDE mixed
INDE Chosen norm for the stopping criterion: 
INDE mixed
INDE Chosen the NEW stopping criterion.
INDE Allowed error in subspace 7.000000e-07
INDE Chosen SP2 purification method
INDE calling Puri->PurificationStart(), number of threads = 1, trunc norm 'mixed'
TIDE gershgorin took      0.00 usr cpu s       0.00 sys cpu s       0.00 wall s
INDE Gershgorin bounds: [ -24.388270883907 , 5.987652815488 ]
INDE EXPANDED Gershgorin bounds: [ -24.388270898808 , 5.987652830389 ]
INDE Trying to impove bounds using Lanczos algorithm...
TIDE compute_spectrum_bounds took      0.06 usr cpu s       0.26 sys cpu s       0.05 wall s
INDE Spectrum of F: 	 [ -20.320313072989 , 1.134629497767 ]
INDE Transform homo and lumo bounds...
INDE HOMO bounds of X: 	 [ 0.065862788199 , 0.067863001772 ]
INDE LUMO bounds of X: 	 [ 0.041957843196 , 0.043109330343 ]
INDE INIT LUMO: [ 0.041957843196 , 0.043109330343 ]
INDE INIT HOMO: [ 0.932136998228 , 0.934137211801 ]
INDE ESTIMATED NUMBER OF ITERATIONS IS 24
INDE Put eigenvalues of F to the interval [0,1] in reverse order.
TIDE compute_X() took      0.00 usr cpu s       0.00 sys cpu s       0.00 wall s
TIDE prepare_to_purification() took      0.06 usr cpu s       0.26 sys cpu s       0.05 wall s
INDE (EIGV,PARAMS) Requested 0 occipied eigenpair(s).
INDE (EIGV,PARAMS) Requested 0 unoccipied eigenpair(s).
TIDE prepare_to_purification_eigenvectors() took      0.00 usr cpu s       0.00 sys cpu s       0.00 wall s
INDE Starting recursive expansion
INDE     BEFORE ITERATIONS:
TIDE truncate_matrix took      0.00 usr cpu s       0.00 sys cpu s       0.00 wall s
INDE Actual introduced error   0.000000e+00 : nnz before  5329 <-> 100.00 % , nnz after  5329 <-> 100.00 %
TIDE square took      0.00 usr cpu s       0.01 sys cpu s       0.00 wall s
INDE NNZ Xsq = 5329 <-> 100.00 %
TIDE Frobenius norm of X-X^2 took      0.00 usr cpu s       0.00 sys cpu s       0.00 wall s
TIDE Mixed norm of X-X^2 took      0.00 usr cpu s       0.00 sys cpu s       0.00 wall s
TIDE Trace of X-X^2 took      0.00 usr cpu s       0.00 sys cpu s       0.00 wall s
INDE ||X-X^2||_F = 8.726920e-01 , ||X-X^2||_mixed = 6.497861e-01
INDE trace(X-X^2) = 5.359278e+00
INDE trace(X) = 1.253023e+01
TIDE Iteration 0 took      0.00 usr cpu s       0.01 sys cpu s       0.00 wall s
TIDE FileWritable::writeAndReadAll took      0.00 usr cpu s       0.00 sys cpu s       0.00 wall s
INDE writeAndReadAll sizesStr: '0 MB (1 MatrixGeneral, 0 > 1 MB) + 0 MB (13 MatrixSymmetric, 0 > 1 MB) + 0 MB (2 VectorGeneral, 0 > 1 MB) = 0 MB (16 total, 0 > 1 MB)
INDE     ITERATION 1 :
TIDE purify_X took      0.00 usr cpu s       0.00 sys cpu s       0.00 wall s
TIDE truncate_matrix took      0.00 usr cpu s       0.00 sys cpu s       0.00 wall s
INDE Actual introduced error   0.000000e+00 : nnz before  5329 <-> 100.00 % , nnz after  5329 <-> 100.00 %
TIDE square took      0.00 usr cpu s       0.01 sys cpu s       0.00 wall s
INDE NNZ Xsq = 5329 <-> 100.00 %
TIDE Frobenius norm of X-X^2 took      0.00 usr cpu s       0.00 sys cpu s       0.00 wall s
TIDE Mixed norm of X-X^2 took      0.00 usr cpu s       0.00 sys cpu s       0.00 wall s
TIDE Trace of X-X^2 took      0.00 usr cpu s       0.00 sys cpu s       0.00 wall s
INDE ||X-X^2||_F = 9.393547e-01 , ||X-X^2||_mixed = 7.167173e-01
INDE trace(X-X^2) = 6.947178e+00
INDE trace(X) = 1.788951e+01
TIDE Iteration 1 took      0.00 usr cpu s       0.02 sys cpu s       0.00 wall s
INDE     ITERATION 2 :
TIDE purify_X took      0.00 usr cpu s       0.00 sys cpu s       0.00 wall s
TIDE truncate_matrix took      0.00 usr cpu s       0.00 sys cpu s       0.00 wall s
INDE Actual introduced error   0.000000e+00 : nnz before  5329 <-> 100.00 % , nnz after  5329 <-> 100.00 %
TIDE square took      0.00 usr cpu s       0.01 sys cpu s       0.00 wall s
INDE NNZ Xsq = 5329 <-> 100.00 %
TIDE Frobenius norm of X-X^2 took      0.00 usr cpu s       0.00 sys cpu s       0.00 wall s
TIDE Mixed norm of X-X^2 took      0.00 usr cpu s       0.00 sys cpu s       0.00 wall s
TIDE Trace of X-X^2 took      0.00 usr cpu s       0.00 sys cpu s       0.00 wall s
INDE ||X-X^2||_F = 1.278729e+00 , ||X-X^2||_mixed = 9.883871e-01
INDE trace(X-X^2) = 9.180784e+00
INDE trace(X) = 2.483669e+01
INDE Checking stopping criterion...   
INDE Order of convergence cannot be computed
TIDE stopping_criterion took      0.00 usr cpu s       0.00 sys cpu s       0.00 wall s
TIDE Iteration 2 took      0.00 usr cpu s       0.02 sys cpu s       0.00 wall s
INDE     ITERATION 3 :
TIDE purify_X took      0.00 usr cpu s       0.00 sys cpu s       0.00 wall s
TIDE truncate_matrix took      0.00 usr cpu s       0.00 sys cpu s       0.00 wall s
INDE Actual introduced error   0.000000e+00 : nnz before  5329 <-> 100.00 % , nnz after  5329 <-> 100.00 %
TIDE square took      0.00 usr cpu s       0.01 sys cpu s       0.00 wall s
INDE NNZ Xsq = 5329 <-> 100.00 %
TIDE Frobenius norm of X-X^2 took      0.00 usr cpu s       0.00 sys cpu s       0.00 wall s
TIDE Mixed norm of X-X^2 took      0.00 usr cpu s       0.00 sys cpu s       0.00 wall s
TIDE Trace of X-X^2 took      0.00 usr cpu s       0.00 sys cpu s       0.00 wall s
INDE ||X-X^2||_F = 1.590085e+00 , ||X-X^2||_mixed = 1.196470e+00
INDE trace(X-X^2) = 1.156537e+01
INDE trace(X) = 3.401747e+01
INDE Checking stopping criterion...   
INDE Order of convergence cannot be computed
TIDE stopping_criterion took      0.00 usr cpu s       0.00 sys cpu s       0.00 wall s
TIDE Iteration 3 took      0.01 usr cpu s       0.01 sys cpu s       0.00 wall s
INDE     ITERATION 4 :
TIDE purify_X took      0.00 usr cpu s       0.00 sys cpu s       0.00 wall s
TIDE truncate_matrix took      0.00 usr cpu s       0.00 sys cpu s       0.00 wall s
INDE Actual introduced error   0.000000e+00 : nnz before  5329 <-> 100.00 % , nnz after  5329 <-> 100.00 %
TIDE square took      0.00 usr cpu s       0.01 sys cpu s       0.00 wall s
INDE NNZ Xsq = 5329 <-> 100.00 %
TIDE Frobenius norm of X-X^2 took      0.00 usr cpu s       0.00 sys cpu s       0.00 wall s
TIDE Mixed norm of X-X^2 took      0.00 usr cpu s       0.00 sys cpu s       0.00 wall s
TIDE Trace of X-X^2 took      0.00 usr cpu s       0.00 sys cpu s       0.00 wall s
INDE ||X-X^2||_F = 1.468983e+00 , ||X-X^2||_mixed = 1.076604e+00
INDE trace(X-X^2) = 1.099371e+01
INDE trace(X) = 4.558285e+01
INDE Checking stopping criterion...   
INDE Order of convergence cannot be computed
TIDE stopping_criterion took      0.00 usr cpu s       0.00 sys cpu s       0.00 wall s
TIDE Iteration 4 took      0.00 usr cpu s       0.02 sys cpu s       0.00 wall s
INDE     ITERATION 5 :
TIDE purify_X took      0.00 usr cpu s       0.00 sys cpu s       0.00 wall s
TIDE truncate_matrix took      0.00 usr cpu s       0.00 sys cpu s       0.00 wall s
INDE Actual introduced error   0.000000e+00 : nnz before  5329 <-> 100.00 % , nnz after  5329 <-> 100.00 %
TIDE square took      0.00 usr cpu s       0.01 sys cpu s       0.00 wall s
INDE NNZ Xsq = 5329 <-> 100.00 %
TIDE Frobenius norm of X-X^2 took      0.00 usr cpu s       0.00 sys cpu s       0.00 wall s
TIDE Mixed norm of X-X^2 took      0.00 usr cpu s       0.00 sys cpu s       0.00 wall s
TIDE Trace of X-X^2 took      0.00 usr cpu s       0.00 sys cpu s       0.00 wall s
INDE ||X-X^2||_F = 1.474468e+00 , ||X-X^2||_mixed = 1.142927e+00
INDE trace(X-X^2) = 1.012542e+01
INDE trace(X) = 3.458914e+01
INDE Checking stopping criterion...   
INDE Order of convergence cannot be computed
TIDE stopping_criterion took      0.00 usr cpu s       0.00 sys cpu s       0.00 wall s
TIDE Iteration 5 took      0.00 usr cpu s       0.02 sys cpu s       0.00 wall s
INDE     ITERATION 6 :
TIDE purify_X took      0.00 usr cpu s       0.00 sys cpu s       0.00 wall s
TIDE truncate_matrix took      0.00 usr cpu s       0.00 sys cpu s       0.00 wall s
INDE Actual introduced error   0.000000e+00 : nnz before  5329 <-> 100.00 % , nnz after  5329 <-> 100.00 %
TIDE square took      0.00 usr cpu s       0.01 sys cpu s       0.00 wall s
INDE NNZ Xsq = 5329 <-> 100.00 %
TIDE Frobenius norm of X-X^2 took      0.00 usr cpu s       0.00 sys cpu s       0.00 wall s
TIDE Mixed norm of X-X^2 took      0.00 usr cpu s       0.00 sys cpu s       0.00 wall s
TIDE Trace of X-X^2 took      0.00 usr cpu s       0.00 sys cpu s       0.00 wall s
INDE ||X-X^2||_F = 1.188986e+00 , ||X-X^2||_mixed = 9.030547e-01
INDE trace(X-X^2) = 8.455421e+00
INDE trace(X) = 4.471455e+01
INDE Checking stopping criterion...   
INDE Order of convergence cannot be computed
TIDE stopping_criterion took      0.00 usr cpu s       0.00 sys cpu s       0.00 wall s
TIDE Iteration 6 took      0.00 usr cpu s       0.01 sys cpu s       0.00 wall s
INDE     ITERATION 7 :
TIDE purify_X took      0.00 usr cpu s       0.00 sys cpu s       0.00 wall s
TIDE truncate_matrix took      0.00 usr cpu s       0.00 sys cpu s       0.00 wall s
INDE Actual introduced error   0.000000e+00 : nnz before  5329 <-> 100.00 % , nnz after  5329 <-> 100.00 %
TIDE square took      0.00 usr cpu s       0.01 sys cpu s       0.00 wall s
INDE NNZ Xsq = 5329 <-> 100.00 %
TIDE Frobenius norm of X-X^2 took      0.00 usr cpu s       0.00 sys cpu s       0.00 wall s
TIDE Mixed norm of X-X^2 took      0.00 usr cpu s       0.00 sys cpu s       0.00 wall s
TIDE Trace of X-X^2 took      0.00 usr cpu s       0.00 sys cpu s       0.00 wall s
INDE ||X-X^2||_F = 1.310622e+00 , ||X-X^2||_mixed = 1.044187e+00
INDE trace(X-X^2) = 8.295662e+00
INDE trace(X) = 3.625913e+01
INDE Checking stopping criterion...   
INDE Order of convergence cannot be computed
TIDE stopping_criterion took      0.00 usr cpu s       0.00 sys cpu s       0.00 wall s
TIDE Iteration 7 took      0.00 usr cpu s       0.01 sys cpu s       0.00 wall s
INDE     ITERATION 8 :
TIDE purify_X took      0.00 usr cpu s       0.00 sys cpu s       0.00 wall s
TIDE truncate_matrix took      0.00 usr cpu s       0.00 sys cpu s       0.00 wall s
INDE Actual introduced error   0.000000e+00 : nnz before  5329 <-> 100.00 % , nnz after  5329 <-> 100.00 %
TIDE square took      0.00 usr cpu s       0.01 sys cpu s       0.00 wall s
INDE NNZ Xsq = 5329 <-> 100.00 %
TIDE Frobenius norm of X-X^2 took      0.00 usr cpu s       0.00 sys cpu s       0.00 wall s
TIDE Mixed norm of X-X^2 took      0.00 usr cpu s       0.00 sys cpu s       0.00 wall s
TIDE Trace of X-X^2 took      0.00 usr cpu s       0.00 sys cpu s       0.00 wall s
INDE ||X-X^2||_F = 8.779955e-01 , ||X-X^2||_mixed = 7.019869e-01
INDE trace(X-X^2) = 5.519985e+00
INDE trace(X) = 4.455479e+01
INDE Checking stopping criterion...   
INDE e_i =7.019869e-01, C*e_{i-1}^q = 5.616566e+00
INDE Order of convergence = 22.393431, stop = 0
TIDE stopping_criterion took      0.00 usr cpu s       0.00 sys cpu s       0.00 wall s
TIDE Iteration 8 took      0.00 usr cpu s       0.01 sys cpu s       0.00 wall s
INDE     ITERATION 9 :
TIDE purify_X took      0.00 usr cpu s       0.00 sys cpu s       0.00 wall s
TIDE truncate_matrix took      0.00 usr cpu s       0.00 sys cpu s       0.00 wall s
INDE Actual introduced error   0.000000e+00 : nnz before  5329 <-> 100.00 % , nnz after  5329 <-> 100.00 %
TIDE square took      0.01 usr cpu s       0.01 sys cpu s       0.00 wall s
INDE NNZ Xsq = 5329 <-> 100.00 %
TIDE Frobenius norm of X-X^2 took      0.00 usr cpu s       0.00 sys cpu s       0.00 wall s
TIDE Mixed norm of X-X^2 took      0.00 usr cpu s       0.00 sys cpu s       0.00 wall s
TIDE Trace of X-X^2 took      0.00 usr cpu s       0.00 sys cpu s       0.00 wall s
INDE ||X-X^2||_F = 1.082335e+00 , ||X-X^2||_mixed = 8.902105e-01
INDE trace(X-X^2) = 6.171466e+00
INDE trace(X) = 3.903481e+01
INDE Checking stopping criterion...   
INDE Order of convergence cannot be computed
TIDE stopping_criterion took      0.00 usr cpu s       0.00 sys cpu s       0.00 wall s
TIDE Iteration 9 took      0.01 usr cpu s       0.01 sys cpu s       0.00 wall s
INDE     ITERATION 10 :
TIDE purify_X took      0.00 usr cpu s       0.00 sys cpu s       0.00 wall s
TIDE truncate_matrix took      0.00 usr cpu s       0.00 sys cpu s       0.00 wall s
INDE Actual introduced error   0.000000e+00 : nnz before  5329 <-> 100.00 % , nnz after  5329 <-> 100.00 %
TIDE square took      0.00 usr cpu s       0.01 sys cpu s       0.00 wall s
INDE NNZ Xsq = 5329 <-> 100.00 %
TIDE Frobenius norm of X-X^2 took      0.00 usr cpu s       0.00 sys cpu s       0.00 wall s
TIDE Mixed norm of X-X^2 took      0.00 usr cpu s       0.00 sys cpu s       0.00 wall s
TIDE Trace of X-X^2 took      0.00 usr cpu s       0.00 sys cpu s       0.00 wall s
INDE ||X-X^2||_F = 5.862055e-01 , ||X-X^2||_mixed = 4.989164e-01
INDE trace(X-X^2) = 3.053032e+00
INDE trace(X) = 4.520628e+01
INDE Checking stopping criterion...   
INDE e_i =4.989164e-01, C*e_{i-1}^q = 3.393913e+00
INDE Order of convergence = 7.418542, stop = 0
TIDE stopping_criterion took      0.00 usr cpu s       0.00 sys cpu s       0.00 wall s
TIDE Iteration 10 took      0.00 usr cpu s       0.02 sys cpu s       0.00 wall s
INDE     ITERATION 11 :
TIDE purify_X took      0.00 usr cpu s       0.00 sys cpu s       0.00 wall s
TIDE truncate_matrix took      0.00 usr cpu s       0.00 sys cpu s       0.00 wall s
INDE Actual introduced error   0.000000e+00 : nnz before  5329 <-> 100.00 % , nnz after  5329 <-> 100.00 %
TIDE square took      0.00 usr cpu s       0.01 sys cpu s       0.00 wall s
INDE NNZ Xsq = 5329 <-> 100.00 %
TIDE Frobenius norm of X-X^2 took      0.00 usr cpu s       0.00 sys cpu s       0.00 wall s
TIDE Mixed norm of X-X^2 took      0.00 usr cpu s       0.00 sys cpu s       0.00 wall s
TIDE Trace of X-X^2 took      0.00 usr cpu s       0.00 sys cpu s       0.00 wall s
INDE ||X-X^2||_F = 7.909355e-01 , ||X-X^2||_mixed = 6.867950e-01
INDE trace(X-X^2) = 3.919276e+00
INDE trace(X) = 4.215324e+01
INDE Checking stopping criterion...   
INDE e_i =6.867950e-01, C*e_{i-1}^q = 5.457932e+00
INDE Order of convergence = 19.823188, stop = 0
TIDE stopping_criterion took      0.00 usr cpu s       0.00 sys cpu s       0.00 wall s
TIDE Iteration 11 took      0.00 usr cpu s       0.01 sys cpu s       0.00 wall s
INDE     ITERATION 12 :
TIDE purify_X took      0.00 usr cpu s       0.00 sys cpu s       0.00 wall s
TIDE truncate_matrix took      0.00 usr cpu s       0.00 sys cpu s       0.00 wall s
INDE Actual introduced error   0.000000e+00 : nnz before  5329 <-> 100.00 % , nnz after  5329 <-> 100.00 %
TIDE square took      0.00 usr cpu s       0.01 sys cpu s       0.00 wall s
INDE NNZ Xsq = 5329 <-> 100.00 %
TIDE Frobenius norm of X-X^2 took      0.00 usr cpu s       0.00 sys cpu s       0.00 wall s
TIDE Mixed norm of X-X^2 took      0.00 usr cpu s       0.00 sys cpu s       0.00 wall s
TIDE Trace of X-X^2 took      0.00 usr cpu s       0.00 sys cpu s       0.00 wall s
INDE ||X-X^2||_F = 3.238842e-01 , ||X-X^2||_mixed = 2.957368e-01
INDE trace(X-X^2) = 1.350786e+00
INDE trace(X) = 4.607252e+01
INDE Checking stopping criterion...   
INDE e_i =2.957368e-01, C*e_{i-1}^q = 1.714345e+00
INDE Order of convergence = 4.527361, stop = 0
TIDE stopping_criterion took      0.00 usr cpu s       0.00 sys cpu s       0.00 wall s
TIDE Iteration 12 took      0.00 usr cpu s       0.02 sys cpu s       0.00 wall s
INDE     ITERATION 13 :
TIDE purify_X took      0.00 usr cpu s       0.00 sys cpu s       0.00 wall s
TIDE truncate_matrix took      0.00 usr cpu s       0.00 sys cpu s       0.00 wall s
INDE Actual introduced error   0.000000e+00 : nnz before  5329 <-> 100.00 % , nnz after  5329 <-> 100.00 %
TIDE square took      0.00 usr cpu s       0.01 sys cpu s       0.00 wall s
INDE NNZ Xsq = 5329 <-> 100.00 %
TIDE Frobenius norm of X-X^2 took      0.00 usr cpu s       0.00 sys cpu s       0.00 wall s
TIDE Mixed norm of X-X^2 took      0.00 usr cpu s       0.00 sys cpu s       0.00 wall s
TIDE Trace of X-X^2 took      0.00 usr cpu s       0.00 sys cpu s       0.00 wall s
INDE ||X-X^2||_F = 2.390506e-01 , ||X-X^2||_mixed = 2.302237e-01
INDE trace(X-X^2) = 5.637630e-01
INDE trace(X) = 4.742330e+01
INDE Checking stopping criterion...   
INDE Order of convergence cannot be computed
TIDE stopping_criterion took      0.00 usr cpu s       0.00 sys cpu s       0.00 wall s
TIDE Iteration 13 took      0.00 usr cpu s       0.01 sys cpu s       0.00 wall s
INDE     ITERATION 14 :
TIDE purify_X took      0.00 usr cpu s       0.00 sys cpu s       0.00 wall s
TIDE truncate_matrix took      0.00 usr cpu s       0.00 sys cpu s       0.00 wall s
INDE Actual introduced error   0.000000e+00 : nnz before  5329 <-> 100.00 % , nnz after  5329 <-> 100.00 %
TIDE square took      0.00 usr cpu s       0.01 sys cpu s       0.00 wall s
INDE NNZ Xsq = 5329 <-> 100.00 %
TIDE Frobenius norm of X-X^2 took      0.00 usr cpu s       0.00 sys cpu s       0.00 wall s
TIDE Mixed norm of X-X^2 took      0.00 usr cpu s       0.00 sys cpu s       0.00 wall s
TIDE Trace of X-X^2 took      0.00 usr cpu s       0.00 sys cpu s       0.00 wall s
INDE ||X-X^2||_F = 9.500393e-02 , ||X-X^2||_mixed = 9.075810e-02
INDE trace(X-X^2) = 2.929326e-01
INDE trace(X) = 4.685954e+01
INDE Checking stopping criterion...   
INDE e_i =9.075810e-02, C*e_{i-1}^q = 6.023564e-01
INDE Order of convergence = 3.553537, stop = 0
TIDE stopping_criterion took      0.00 usr cpu s       0.00 sys cpu s       0.00 wall s
TIDE Iteration 14 took      0.00 usr cpu s       0.01 sys cpu s       0.00 wall s
INDE     ITERATION 15 :
TIDE purify_X took      0.00 usr cpu s       0.00 sys cpu s       0.00 wall s
TIDE truncate_matrix took      0.00 usr cpu s       0.00 sys cpu s       0.00 wall s
INDE Actual introduced error   0.000000e+00 : nnz before  5329 <-> 100.00 % , nnz after  5329 <-> 100.00 %
TIDE square took      0.01 usr cpu s       0.01 sys cpu s       0.00 wall s
INDE NNZ Xsq = 5329 <-> 100.00 %
TIDE Frobenius norm of X-X^2 took      0.00 usr cpu s       0.00 sys cpu s       0.00 wall s
TIDE Mixed norm of X-X^2 took      0.00 usr cpu s       0.00 sys cpu s       0.00 wall s
TIDE Trace of X-X^2 took      0.00 usr cpu s       0.00 sys cpu s       0.00 wall s
INDE ||X-X^2||_F = 9.360441e-02 , ||X-X^2||_mixed = 9.267097e-02
INDE trace(X-X^2) = 1.564970e-01
INDE trace(X) = 4.715247e+01
INDE Checking stopping criterion...   
INDE e_i =9.267097e-02, C*e_{i-1}^q = 3.650420e-01
INDE Order of convergence = 2.933447, stop = 0
TIDE stopping_criterion took      0.00 usr cpu s       0.00 sys cpu s       0.00 wall s
TIDE Iteration 15 took      0.01 usr cpu s       0.01 sys cpu s       0.00 wall s
INDE     ITERATION 16 :
TIDE purify_X took      0.00 usr cpu s       0.00 sys cpu s       0.00 wall s
TIDE truncate_matrix took      0.00 usr cpu s       0.00 sys cpu s       0.00 wall s
INDE Actual introduced error   0.000000e+00 : nnz before  5329 <-> 100.00 % , nnz after  5329 <-> 100.00 %
TIDE square took      0.00 usr cpu s       0.01 sys cpu s       0.00 wall s
INDE NNZ Xsq = 5329 <-> 100.00 %
TIDE Frobenius norm of X-X^2 took      0.00 usr cpu s       0.00 sys cpu s       0.00 wall s
TIDE Mixed norm of X-X^2 took      0.00 usr cpu s       0.00 sys cpu s       0.00 wall s
TIDE Trace of X-X^2 took      0.00 usr cpu s       0.00 sys cpu s       0.00 wall s
INDE ||X-X^2||_F = 1.094118e-02 , ||X-X^2||_mixed = 1.066106e-02
INDE trace(X-X^2) = 2.442465e-02
INDE trace(X) = 4.699598e+01
INDE Checking stopping criterion...   
INDE e_i =1.066106e-02, C*e_{i-1}^q = 5.673010e-02
INDE Order of convergence = 2.696673, stop = 0
TIDE stopping_criterion took      0.00 usr cpu s       0.00 sys cpu s       0.00 wall s
TIDE Iteration 16 took      0.00 usr cpu s       0.01 sys cpu s       0.00 wall s
INDE     ITERATION 17 :
TIDE purify_X took      0.00 usr cpu s       0.00 sys cpu s       0.00 wall s
TIDE truncate_matrix took      0.00 usr cpu s       0.00 sys cpu s       0.00 wall s
INDE Actual introduced error   0.000000e+00 : nnz before  5329 <-> 100.00 % , nnz after  5329 <-> 100.00 %
TIDE square took      0.00 usr cpu s       0.01 sys cpu s       0.00 wall s
INDE NNZ Xsq = 5329 <-> 100.00 %
TIDE Frobenius norm of X-X^2 took      0.00 usr cpu s       0.00 sys cpu s       0.00 wall s
TIDE Mixed norm of X-X^2 took      0.00 usr cpu s       0.00 sys cpu s       0.00 wall s
TIDE Trace of X-X^2 took      0.00 usr cpu s       0.00 sys cpu s       0.00 wall s
INDE ||X-X^2||_F = 1.476766e-02 , ||X-X^2||_mixed = 1.472620e-02
INDE trace(X-X^2) = 2.835580e-02
INDE trace(X) = 4.697155e+01
INDE Checking stopping criterion...   
INDE Order of convergence cannot be computed
TIDE stopping_criterion took      0.00 usr cpu s       0.00 sys cpu s       0.00 wall s
TIDE Iteration 17 took      0.00 usr cpu s       0.01 sys cpu s       0.00 wall s
INDE     ITERATION 18 :
TIDE purify_X took      0.00 usr cpu s       0.00 sys cpu s       0.00 wall s
TIDE truncate_matrix took      0.00 usr cpu s       0.00 sys cpu s       0.00 wall s
INDE Actual introduced error   0.000000e+00 : nnz before  5329 <-> 100.00 % , nnz after  5329 <-> 100.00 %
TIDE square took      0.00 usr cpu s       0.01 sys cpu s       0.00 wall s
INDE NNZ Xsq = 5329 <-> 100.00 %
TIDE Frobenius norm of X-X^2 took      0.00 usr cpu s       0.00 sys cpu s       0.00 wall s
TIDE Mixed norm of X-X^2 took      0.00 usr cpu s       0.00 sys cpu s       0.00 wall s
TIDE Trace of X-X^2 took      0.00 usr cpu s       0.00 sys cpu s       0.00 wall s
INDE ||X-X^2||_F = 1.954765e-04 , ||X-X^2||_mixed = 1.916471e-04
INDE trace(X-X^2) = 3.530901e-04
INDE trace(X) = 4.699991e+01
INDE Checking stopping criterion...   
INDE e_i =1.916471e-04, C*e_{i-1}^q = 7.827868e-04
INDE Order of convergence = 2.309878, stop = 0
TIDE stopping_criterion took      0.00 usr cpu s       0.00 sys cpu s       0.00 wall s
TIDE Iteration 18 took      0.00 usr cpu s       0.01 sys cpu s       0.00 wall s
INDE     ITERATION 19 :
TIDE purify_X took      0.00 usr cpu s       0.00 sys cpu s       0.00 wall s
TIDE truncate_matrix took      0.00 usr cpu s       0.00 sys cpu s       0.00 wall s
INDE Actual introduced error   0.000000e+00 : nnz before  5329 <-> 100.00 % , nnz after  5329 <-> 100.00 %
TIDE square took      0.00 usr cpu s       0.01 sys cpu s       0.00 wall s
INDE NNZ Xsq = 5329 <-> 100.00 %
TIDE Frobenius norm of X-X^2 took      0.00 usr cpu s       0.00 sys cpu s       0.00 wall s
TIDE Mixed norm of X-X^2 took      0.00 usr cpu s       0.00 sys cpu s       0.00 wall s
TIDE Trace of X-X^2 took      0.00 usr cpu s       0.00 sys cpu s       0.00 wall s
INDE ||X-X^2||_F = 2.451431e-04 , ||X-X^2||_mixed = 2.451328e-04
INDE trace(X-X^2) = 2.613112e-04
INDE trace(X) = 4.700026e+01
INDE Checking stopping criterion...   
INDE Order of convergence cannot be computed
TIDE stopping_criterion took      0.00 usr cpu s       0.00 sys cpu s       0.00 wall s
TIDE Iteration 19 took      0.00 usr cpu s       0.01 sys cpu s       0.00 wall s
INDE     ITERATION 20 :
TIDE purify_X took      0.00 usr cpu s       0.00 sys cpu s       0.00 wall s
TIDE truncate_matrix took      0.00 usr cpu s       0.00 sys cpu s       0.00 wall s
INDE Actual introduced error   0.000000e+00 : nnz before  5329 <-> 100.00 % , nnz after  5329 <-> 100.00 %
TIDE square took      0.00 usr cpu s       0.01 sys cpu s       0.00 wall s
INDE NNZ Xsq = 5329 <-> 100.00 %
TIDE Frobenius norm of X-X^2 took      0.00 usr cpu s       0.00 sys cpu s       0.00 wall s
TIDE Mixed norm of X-X^2 took      0.00 usr cpu s       0.00 sys cpu s       0.00 wall s
TIDE Trace of X-X^2 took      0.00 usr cpu s       0.00 sys cpu s       0.00 wall s
INDE ||X-X^2||_F = 7.061913e-08 , ||X-X^2||_mixed = 6.954036e-08
INDE trace(X-X^2) = 1.064991e-07
INDE trace(X) = 4.700000e+01
INDE Checking stopping criterion...   
INDE e_i =6.954036e-08, C*e_{i-1}^q = 2.529573e-07
INDE Order of convergence = 2.150857, stop = 0
TIDE stopping_criterion took      0.00 usr cpu s       0.00 sys cpu s       0.00 wall s
TIDE Iteration 20 took      0.01 usr cpu s       0.01 sys cpu s       0.00 wall s
INDE     ITERATION 21 :
TIDE purify_X took      0.00 usr cpu s       0.00 sys cpu s       0.00 wall s
TIDE truncate_matrix took      0.00 usr cpu s       0.00 sys cpu s       0.00 wall s
INDE Actual introduced error   0.000000e+00 : nnz before  5329 <-> 100.00 % , nnz after  5329 <-> 100.00 %
TIDE square took      0.00 usr cpu s       0.01 sys cpu s       0.00 wall s
INDE NNZ Xsq = 5329 <-> 100.00 %
TIDE Frobenius norm of X-X^2 took      0.00 usr cpu s       0.00 sys cpu s       0.00 wall s
TIDE Mixed norm of X-X^2 took      0.00 usr cpu s       0.00 sys cpu s       0.00 wall s
TIDE Trace of X-X^2 took      0.00 usr cpu s       0.00 sys cpu s       0.00 wall s
INDE ||X-X^2||_F = 7.491144e-08 , ||X-X^2||_mixed = 7.490361e-08
INDE trace(X-X^2) = 9.274935e-08
INDE trace(X) = 4.700000e+01
INDE Checking stopping criterion...   
INDE Order of convergence cannot be computed
TIDE stopping_criterion took      0.00 usr cpu s       0.00 sys cpu s       0.00 wall s
TIDE Iteration 21 took      0.00 usr cpu s       0.01 sys cpu s       0.00 wall s
INDE     ITERATION 22 :
TIDE purify_X took      0.00 usr cpu s       0.00 sys cpu s       0.00 wall s
TIDE truncate_matrix took      0.00 usr cpu s       0.00 sys cpu s       0.00 wall s
INDE Actual introduced error   0.000000e+00 : nnz before  5329 <-> 100.00 % , nnz after  5329 <-> 100.00 %
TIDE square took      0.00 usr cpu s       0.01 sys cpu s       0.00 wall s
INDE NNZ Xsq = 5329 <-> 100.00 %
TIDE Frobenius norm of X-X^2 took      0.00 usr cpu s       0.00 sys cpu s       0.00 wall s
TIDE Mixed norm of X-X^2 took      0.00 usr cpu s       0.00 sys cpu s       0.00 wall s
TIDE Trace of X-X^2 took      0.00 usr cpu s       0.00 sys cpu s       0.00 wall s
INDE ||X-X^2||_F = 8.873677e-15 , ||X-X^2||_mixed = 0.000000e+00
INDE trace(X-X^2) = 7.105427e-15
INDE trace(X) = 4.700000e+01
INDE Checking stopping criterion...   
INDE ************************************************************************************************************
INDE The norm value went much below machine precision, therefore we stop here since n_max can be underestimated.
INDE ************************************************************************************************************
INDE e_i =0.000000e+00, C*e_{i-1}^q = 3.330554e-14
INDE Order of convergence = inf, stop = 1
TIDE stopping_criterion took      0.00 usr cpu s       0.00 sys cpu s       0.00 wall s
INDE PURIFICATION CONVERGED after 22 iterations
TIDE Iteration 22 took      0.01 usr cpu s       0.01 sys cpu s       0.00 wall s
INDE Number of non-zeros in D is  5329 <-> 100.00 %
TIDE FileWritable::writeAndReadAll took      0.00 usr cpu s       0.00 sys cpu s       0.00 wall s
INDE writeAndReadAll sizesStr: '0 MB (1 MatrixGeneral, 0 > 1 MB) + 0 MB (13 MatrixSymmetric, 0 > 1 MB) + 0 MB (2 VectorGeneral, 0 > 1 MB) = 0 MB (16 total, 0 > 1 MB)
INDE TOTAL accumulated subspace error is 0.000000e+00
INDE TOTAL X square time: 0.034482 wall s
INDE TOTAL X trunction time: 0.001118 wall s
INDE TOTAL X purify (exl. X^2 computation) time: 0.000795 wall s
INDE TOTAL time to get number of non-zero elements: 0.000826 wall s
INDE TOTAL time to get mixed norm: 0.014782 wall s
INDE TOTAL time to get Frobenius norm: 0.000909 wall s
INDE TOTAL time for stopping criterion: 0.001077 wall s
INDE TOTAL time to get matrix trace: 0.000433 wall s
INDE Estimated bounds for the eigenvalues for the Fock matrix:
INDE LUMO: [ 0.209722227452 , 0.234425423776 ]
INDE HOMO: [ -0.321366348642 , -0.278453766447 ]
TIDE eigenvalue_bounds_estimation() took      0.00 usr cpu s       0.00 sys cpu s       0.00 wall s
TIDE Recursive expansion took      0.14 usr cpu s       0.57 sys cpu s       0.10 wall s
TIDE Puri->PurificationStart() took      0.14 usr cpu s       0.57 sys cpu s       0.10 wall s
TIDE Accumulated wall times for writeToFile in PurificationStart()          : 0 s (MatrixGeneral) + 2.1e-06 s (MatrixSymmetric) + 4.1e-05 s (VectorGeneral) = 4.4e-05 s
TIDE Accumulated wall times for readFromFile in PurificationStart()         : 9.5e-07 s (MatrixGeneral) + 2.9e-06 s (MatrixSymmetric) + 1.3e-05 s (VectorGeneral) = 1.6e-05 s
TIDE Accumulated wall times for copy and assign in PurificationStart()      : 9.5e-07 s (MatrixSymmetric) + 3.4e-05 s (VectorGeneral) = 3.5e-05 s
INDE Number of calls to writeToFile in PurificationStart()                  : 2 (MatrixGeneral) + 27 (MatrixSymmetric) + 302 (VectorGeneral) = 331 
INDE Number of calls to readFromFile in PurificationStart()                 : 2 (MatrixGeneral) + 26 (MatrixSymmetric) + 113 (VectorGeneral) = 141 
INDE Number of calls to FileWritable copy and assign in PurificationStart() : 2 (MatrixSymmetric) + 24 (VectorGeneral) = 26 
TIDE mat::Gblas::time after purification :     0.507964
INDE Created .m files with results of the purification
INDE Purification converged OK, subspaceError <=          0.00000000000
INDE E(LUMO) - E(HOMO) >=          0.48817599390 =         13.28394558951 eV
INDE E(LUMO) - E(HOMO) <=          0.55579177242 =         15.12386466390 eV
INDE HOMO interval : [   -0.321366348642   -0.278453766447 ]
INDE LUMO interval : [    0.209722227452    0.234425423776 ]
INDE Trace of resulting density matrix is         47.00000000000, error is  -0.00000000000001.
INDE Truncated D_ort ( mixed ), selected threshold = 9.99999e-08, returned error =          0, nnz before = 5329 <-> 100.0000 %, nnz after = 5329 <-> 100.0000 %
TIDE FileWritable::writeAndReadAll took      0.00 usr cpu s       0.00 sys cpu s       0.00 wall s
INDE writeAndReadAll sizesStr: '0 MB (1 MatrixGeneral, 0 > 1 MB) + 0 MB (12 MatrixSymmetric, 0 > 1 MB) + 0 MB (1 MatrixTriangular, 0 > 1 MB) = 0 MB (14 total, 0 > 1 MB)
TIDE D_w to non-orthogonal basis took      0.00 usr cpu s       0.01 sys cpu s       0.00 wall s
INDE Truncated D_S (eucl with Z), selected threshold = 9.99999e-08, returned error =          0, nnz before = 100.0000 %, nnz after = 100.0000 %
INDE get_dens_from_fock_sparse ending OK
TIDE get_dens_from_fock_sparse took      0.17 usr cpu s       0.71 sys cpu s       0.13 wall s
ERDE get_dens_from_fock  (GetDensFromFock class) : purification finished OK.
TIDE get_dens_from_fock took      0.17 usr cpu s       0.71 sys cpu s       0.13 wall s
INSC Matrix 'new density matrix' ( symm ): n =     73, nnz =         5329 <-> 100.00 %, mem usage  0.0000 G
INSC Tr( D * S ) =         94.00000000000
TISC get_new_density_matrix took      0.17 usr cpu s       0.71 sys cpu s       0.13 wall s
INSC SCF_restricted::report_density_difference, diff_eucl =          0.00000317711
TISC SCF_restricted::report_density_difference took      0.00 usr cpu s       0.03 sys cpu s       0.00 wall s
INMA ddf_writeShellListAndDensityMatricesToFile_sparse, n =     73, densityMatrixList[0].nvalues =        2701
INMA opened temporary file 'density.bin.ATdI7d' for writing
INMA Choosing matrixStorageType = MATRIX_STORAGE_TYPE_TRIANGLE.
INMA fileSize =           46848 bytes =      0.047 MegaBytes
INMA renamed file 'density.bin.ATdI7d' to 'density.bin'
INMA ddf_writeShellListAndDensityMatricesToFile_sparse freeing buffer.
INMA ddf_writeShellListAndDensityMatricesToFile_sparse returning OK.
TISC write_density_to_file took      0.00 usr cpu s       0.05 sys cpu s       0.01 wall s
INSC SCF cycle  20 finished.
TISC SCF cycle  20 took      7.65 usr cpu s       1.28 sys cpu s       2.20 wall s
INSC Beginning of SCF cycle 21:  Thu Mar 26 20:00:43 2026
INDE compute_J_by_boxes_sparse() start.
TIDE FileWritable::writeAndReadAll took      0.00 usr cpu s       0.00 sys cpu s       0.00 wall s
INDE writeAndReadAll: '0 MB (1 MatrixGeneral, 0 > 1 MB) + 0 MB (11 MatrixSymmetric, 0 > 1 MB) = 0 MB (12 total, 0 > 1 MB)
IN   compute_J_by_boxes_sparse, maxDensityMatrixElement =          2.11091349562
ININ get_basis_func_pair_list, n =     73
ININ create_box_system end OK, toplevelBoxSize:   7.0, #levels:  3, #boxes at top level:      6
TIIN get_basis_func_pair_list_2el took      0.08 usr cpu s       0.30 sys cpu s       0.06 wall s
IN   compute_J_by_boxes_sparse: noOfBasisFuncIndexPairs = 2598 ==> storing  48.75 % of a full matrix
ININ entering compute_J_by_boxes_linear, no of basis funcs =    73, threshold_J =   1e-12
ININ use_fmm = 1, fmm_box_size =   5.00
TIIN Compute extent for all distrs took      0.05 usr cpu s       0.00 sys cpu s       0.05 wall s
ININ extent_min =    0.000, extent_max =    8.395
ININ Creating list of distributions etc done, distrCount =     36059
TIIN Creating list of distributions etc took      0.12 usr cpu s       0.09 sys cpu s       0.10 wall s
ININ create_box_system end OK, toplevelBoxSize:   5.0, #levels:  3, #boxes at top level:     10
TIIN Creating boxes took      0.00 usr cpu s       0.00 sys cpu s       0.00 wall s
ININ noOfBranches = 4, splitters:   5.00  2.50  0.00
ININ J org done, groupCount =     3008
TIIN J org took      0.14 usr cpu s       0.00 sys cpu s       0.14 wall s
TIIN Generate group multipoles took      0.08 usr cpu s       0.00 sys cpu s       0.08 wall s
ININ totChargeWholeSystem =          0.00000000000
ININ Generating multipole for each branch at top level, MAX_MULTIPOLE_DEGREE = 15
TIIN Translate multipoles (step 1) took      0.08 usr cpu s       0.00 sys cpu s       0.08 wall s
TIIN Translate multipoles (step 2) took      0.09 usr cpu s       0.00 sys cpu s       0.09 wall s
ININ job lists for J created OK, noOfJobs_J_standard =      759, noOfJobs_J_multipole =      122
TIIN Creating job lists for J took      0.00 usr cpu s       0.00 sys cpu s       0.00 wall s
ININ execute_joblist_J_std_threaded, noOfThreads =  8
ININ 8 threads started OK.
ININ all 8 threads have finished.
TIIN execute_joblist_J_std_threaded took      3.53 usr cpu s       0.00 sys cpu s       0.62 wall s
TIIN sort_list_of_multipole_jobs init part took      0.00 usr cpu s       0.00 sys cpu s       0.00 wall s
TIIN sort_list_of_multipole_jobs complete took      0.00 usr cpu s       0.00 sys cpu s       0.00 wall s
TIIN sort_list_of_multipole_jobs took      0.00 usr cpu s       0.00 sys cpu s       0.00 wall s
ININ execute_joblist_J_fmm_shared: Allocating multipoleList_4, maxnoOfMinimalDistrsPerBoxBranch =      7533
ININ execute_joblist_J_fmm_shared: Allocating multipoleList_4, maxnoOfMinimalDistrsPerBoxBranch =      7533
ININ execute_joblist_J_fmm_shared: Allocating multipoleList_4, maxnoOfMinimalDistrsPerBoxBranch =      7533
ININ execute_joblist_J_fmm_shared: jobIndexLo =           15, jobIndexHi =           30
ININ execute_joblist_J_fmm_shared: jobIndexLo =            0, jobIndexHi =           15
ININ execute_joblist_J_fmm_shared: jobIndexLo =           45, jobIndexHi =           61
ININ execute_joblist_J_fmm_shared: Allocating multipoleList_4, maxnoOfMinimalDistrsPerBoxBranch =      7533
ININ execute_joblist_J_fmm_shared: jobIndexLo =           30, jobIndexHi =           45
ININ execute_joblist_J_fmm_shared: Allocating multipoleList_4, maxnoOfMinimalDistrsPerBoxBranch =      7533
ININ execute_joblist_J_fmm_shared: jobIndexLo =           61, jobIndexHi =           76
ININ execute_joblist_J_fmm_shared: Allocating multipoleList_4, maxnoOfMinimalDistrsPerBoxBranch =      7533
ININ execute_joblist_J_fmm_shared: jobIndexLo =           76, jobIndexHi =           91
ININ execute_joblist_J_fmm_shared: Allocating multipoleList_4, maxnoOfMinimalDistrsPerBoxBranch =      7533
ININ execute_joblist_J_fmm_shared: jobIndexLo =           91, jobIndexHi =          106
ININ execute_joblist_J_fmm_shared: Allocating multipoleList_4, maxnoOfMinimalDistrsPerBoxBranch =      7533
ININ execute_joblist_J_fmm_shared: jobIndexLo =          106, jobIndexHi =          122
ININ execute_joblist_J_fmm_shared: done!
ININ execute_joblist_J_fmm_shared: done!
ININ execute_joblist_J_fmm_shared: done!
ININ execute_joblist_J_fmm_shared: done!
ININ execute_joblist_J_fmm_shared: done!
ININ execute_joblist_J_fmm_shared: done!
ININ execute_joblist_J_fmm_shared: done!
ININ execute_joblist_J_fmm_shared: done!
ININ multipole job list for J executed, largest L used: 13
TIIN Executing multipole job list for J took      0.04 usr cpu s       0.00 sys cpu s       0.03 wall s
ININ compute_J_by_boxes_linear ending OK.
TIIN compute_J_by_boxes_linear took      4.09 usr cpu s       0.10 sys cpu s       1.15 wall s
TI   compute_J_by_boxes_sparse total took      4.17 usr cpu s       0.40 sys cpu s       1.20 wall s
ININ entering create_CSR_for_K, no of basis funcs =    73, threshold_K =   1e-12
ININ create_box_system end OK, toplevelBoxSize:   7.0, #levels:  3, #boxes at top level:      6
ININ create_box_system end OK, toplevelBoxSize:   7.0, #levels:  3, #boxes at top level:      6
ININ create_box_system end OK, toplevelBoxSize:   7.0, #levels:  3, #boxes at top level:      6
TIIN create_CSR_for_K getting list of distrs took      0.04 usr cpu s       0.00 sys cpu s       0.04 wall s
ININ list of neighbors complete.
TIIN create_CSR_for_K getting list of neighbors took      0.00 usr cpu s       0.00 sys cpu s       0.00 wall s
TIIN create_CSR_for_K sort each list of neighbors took      0.00 usr cpu s       0.00 sys cpu s       0.00 wall s
ININ 8 threads started OK.
TIIN identify_needed_elements() took      0.73 usr cpu s       0.00 sys cpu s       0.11 wall s
ININ computing nnz..
ININ create_CSR_for_K: predicted nnz =         2701, <->  50.68% of a full matrix
TIIN create_CSR_for_K last part took      0.00 usr cpu s       0.00 sys cpu s       0.00 wall s
TIIN create_CSR_for_K total took      0.78 usr cpu s       0.00 sys cpu s       0.15 wall s
ININ entering compute_K_by_boxes, no of basis funcs =    73, threshold_K =   1e-12, exchange_box_size =   5.00
ININ create_box_system end OK, toplevelBoxSize:   7.0, #levels:  3, #boxes at top level:      6
ININ create_box_system end OK, toplevelBoxSize:   7.0, #levels:  3, #boxes at top level:      6
ININ create_box_system end OK, toplevelBoxSize:   7.0, #levels:  3, #boxes at top level:      6
TIIN Compute extent for all distrs took      0.06 usr cpu s       0.00 sys cpu s       0.06 wall s
ININ Creating list of distributions done, distrCountTot =     36059
TIIN Creating list of distributions took      0.10 usr cpu s       0.00 sys cpu s       0.10 wall s
ININ create_box_system end OK, toplevelBoxSize:   5.0, #levels:  3, #boxes at top level:     10
ININ create_box_system end OK, toplevelBoxSize:   2.5, #levels:  4, #boxes at top level:     16
ININ noOfLevelsBasisFuncs = 4, noOfLevelsDiff = 1
TIIN Creating boxes etc took      0.00 usr cpu s       0.00 sys cpu s       0.00 wall s
TIIN getting multipoleNormVectorList took      0.08 usr cpu s       0.00 sys cpu s       0.08 wall s
TIIN K organize_distributions for all boxes took      0.14 usr cpu s       0.00 sys cpu s       0.14 wall s
ININ starting loop to setup basisFuncGroupInfoList, with added index checks.
TIIN GetLimitsAllLevels took      0.03 usr cpu s       0.00 sys cpu s       0.03 wall s
ININ getDmatLimitMatrixCSRList start.
TIIN getting densityMatrixLimitMatrixList took      0.00 usr cpu s       0.00 sys cpu s       0.00 wall s
ININ job list for K created,       55 jobs
TIIN creating job list for K took      0.00 usr cpu s       0.00 sys cpu s       0.00 wall s
ININ execute_joblist_K_threaded, noOfThreads =  8, basisFuncListCount_max =    67
ININ 8 threads started OK.
ININ all 8 threads have finished, took        1 wall s.
TIIN Executing job list for K took      2.16 usr cpu s       0.01 sys cpu s       0.47 wall s
TIIN compute_K_by_boxes took      2.51 usr cpu s       0.01 sys cpu s       0.82 wall s
TI   compute_K_by_boxes_sparse total took      3.29 usr cpu s       0.01 sys cpu s       0.98 wall s
INSC About to truncate FockMatrix, gap of Fprev >=          0.48817599390
TISC symmMatrix::mixed_diff for F vs Fprev maxEigValMovement_mixed took      0.00 usr cpu s       0.00 sys cpu s       0.00 wall s
TISC symmMatrix::eucl_diff for maxEigValMovement_eucl  took      0.01 usr cpu s       0.05 sys cpu s       0.01 wall s
INSC maxEigValMovement_frob  =          0.00000048784
INSC maxEigValMovement_mixed =          0.00000040573
INSC maxEigValMovement_eucl  =          0.00000018223
TISC FockMatrix.eucl_thresh() (with Z) took      0.00 usr cpu s       0.01 sys cpu s       0.00 wall s
INSC Truncated FockMatrix (eucl with Z), selected threshold = 4.88176e-08, returned error =          0, nnz before = 100.0000 %, nnz after = 100.0000 %
INSC Matrix 'S' ( symm ): n =     73, nnz =         5329 <-> 100.00 %, mem usage  0.0000 G
INSC Matrix 'F' ( symm ): n =     73, nnz =         5329 <-> 100.00 %, mem usage  0.0000 G
INSC Matrix 'D' ( symm ): n =     73, nnz =         5329 <-> 100.00 %, mem usage  0.0000 G
INSC nuclearEnergy, energy_2el, energy = 782.160484, 1010.855915, -636.642060
INSC Energy  21 =       -636.64205981390  ( diff      0.000000000000000 )
INSC calling compute_FDSminusSDF_sparse, n = 73
INDE compute_FDSminusSDF_sparse() start.
TIDE FileWritable::writeAndReadAll took      0.00 usr cpu s       0.00 sys cpu s       0.00 wall s
INDE writeAndReadAll: '0 MB (1 MatrixGeneral, 0 > 1 MB) + 0 MB (9 MatrixSymmetric, 0 > 1 MB) = 0 MB (10 total, 0 > 1 MB)
TISC compute_FDSminusSDF_sparse, F*D mult took      0.00 usr cpu s       0.00 sys cpu s       0.00 wall s
INSC Matrix 'FD before eucl truncation' (normal): n =     73, nnz =         5329 <-> 100.00 %, mem usage  0.0000 G
INSC Matrix 'FD after  eucl truncation' (normal): n =     73, nnz =         5329 <-> 100.00 %, mem usage  0.0000 G
INSC Matrix 'FDS before eucl truncation' (normal): n =     73, nnz =         5329 <-> 100.00 %, mem usage  0.0000 G
INSC Matrix 'FDS after  eucl truncation' (normal): n =     73, nnz =         5329 <-> 100.00 %, mem usage  0.0000 G
INSC compute_FDSminusSDF_sparse ending OK.
TISC compute_FDSminusSDF_sparse took      0.00 usr cpu s       0.01 sys cpu s       0.00 wall s
INSC Matrix 'FDS-SDF' (normal): n =     73, nnz =         5329 <-> 100.00 %, mem usage  0.0000 G
INSC SCF_restricted::get_FDSminusSDF finished.
TISC get_FDSminusSDF took      0.00 usr cpu s       0.01 sys cpu s       0.00 wall s
INSC maxabs FDS-SDF is 1.28e-07
INSC frob   FDS-SDF is 4.49e-07
TISC get_error_measure took      0.00 usr cpu s       0.00 sys cpu s       0.00 wall s
RESC CONVERGED after  21 iterations.
RESC FINAL ENERGY:       -636.64205981390
TISC Main SCF loop took    159.36 usr cpu s      24.05 sys cpu s      47.16 wall s
INSC After main SCF loop: AllocatorManager statistics:  noOfRealsPerBuffer: 1024 noOfBuffers: 20000 list.size(): 1. Allocated: 0.164 GB, Used: 0.000901 GB, Peak alloc: 0.164 GB.
INSC SCF_restricted::compute_dipole_moment
ININ compute_operator_matrix_sparse, nBastA =     73, nBastB =     73, pows (x y z) = (1 0 0)
ININ create_box_system end OK, toplevelBoxSize:   7.0, #levels:  3, #boxes at top level:      6
ININ compute_operator_matrix_sparse finished.
TIIN compute_operator_matrix_sparse took      0.06 usr cpu s       0.19 sys cpu s       0.03 wall s
ININ compute_operator_matrix_sparse, nBastA =     73, nBastB =     73, pows (x y z) = (0 1 0)
ININ create_box_system end OK, toplevelBoxSize:   7.0, #levels:  3, #boxes at top level:      6
ININ compute_operator_matrix_sparse finished.
TIIN compute_operator_matrix_sparse took      0.06 usr cpu s       0.19 sys cpu s       0.03 wall s
ININ compute_operator_matrix_sparse, nBastA =     73, nBastB =     73, pows (x y z) = (0 0 1)
ININ create_box_system end OK, toplevelBoxSize:   7.0, #levels:  3, #boxes at top level:      6
ININ compute_operator_matrix_sparse finished.
TIIN compute_operator_matrix_sparse took      0.05 usr cpu s       0.14 sys cpu s       0.03 wall s
INSC SCF: dipole_moment_x [atomic units] =      -0.24405431
INSC SCF: dipole_moment_y [atomic units] =       0.13595145
INSC SCF: dipole_moment_z [atomic units] =       0.08822607
INSC SCF_general::do_SCF_iterations finished.
TISC SCF_general::do_SCF_iterations took    159.55 usr cpu s      24.58 sys cpu s      47.25 wall s
